chrom	start	end	n_pol	n_der_any	pat_den_only	pat_nea_all	pat_nea_any	pat_all_arch	pat_alt_only	pat_vin_only	pat_chag_only	callable_common	callable_den	callable_alt	callable_vin	callable_chag	div_den_alt	div_den_vin	div_den_chag	div_alt_vin	div_alt_chag	div_vin_chag	div_den_afr	div_den_eur	div_alt_afr	div_alt_eur	div_vin_afr	div_vin_eur	div_chag_afr	div_chag_eur	mean_map20	mean_rm	mean_ur	mean_bsc	n_sites	callable_frac	callable_frac_den	anc_valid_bp	hum_sub	sub_rate	repeat_frac	R_den_afr	R_alt_afr	R_vin_afr	R_chag_afr	R_nea_afr	f_nea_all	f_den_only	f_all_arch	f_alt_only	f_vin_only	f_chag_only	z_den_afr	p_den_afr	cddr	low_quality
6	32580000	32600000	661	595	31	0	3	2	3	0	0	7758	10438	11536	11819	9894	0.0251353	0.0254898	0.0264566	0.0205916	0.0188515	0.0184648	0.0245719	0.0245153	0.0197562	0.0189323	0.0194461	0.0206761	0.0201129	0.0203845	0.785653	0.589286	0		668	0.3879	0.3879	7630	85	0.0111402	0.62195	2.2057	1.77342	1.74558	1.80543	1.77481	0	0.0521008	0.00336134	0.00504202	0	0	42.1448	0.000251193	True	False
6	32660000	32680000	380	310	3	0	0	0	0	0	0	7743	9432	9727	9505	9301	0.0124306	0.0141418	0.0119463	0.0111391	0.0139481	0.0115588	0.0149821	0.0146808	0.0115087	0.0113511	0.0125269	0.0124491	0.0132728	0.0128721		0.682785	0	940	422	0.38715	0.38715	4912	51	0.0103827	0.6861	1.44298	1.10845	1.20651	1.27836	1.19777	0	0.00967742	0	0	0	0	24.7973	0.000502386	True	False
6	33020000	33040000	426	351	0	0	1	2	0	0	0	9246	11227	10889	11608	11354	0.0122215	0.0122756	0.0123297	0.0122756	0.0123297	0.0122756	0.0144909	0.0135385	0.0144711	0.013641	0.0144929	0.0134227	0.0145542	0.0133811	0.917071	0.545673	0	869.029	530	0.4623	0.4623	7178	113	0.0157425	0.64155	0.920498	0.919235	0.920622	0.924516	0.921458	0	0	0.00569801	0	0	0	23.9089	0.00075358	True	False
6	32680000	32700000	465	360	1	0	3	0	3	0	0	9236	14087	12181	12001	11198	0.0188123	0.0196514	0.0193265	0.00655045	0.00725422	0.00246319	0.0133295	0.0154478	0.01177	0.00954694	0.0127826	0.00898413	0.0130933	0.00928492		0.701299	0	940	487	0.4618	0.4618	8488	108	0.0127238	0.5875	1.0476	0.925041	1.00462	1.02904	0.986236	0	0.00277778	0	0.00833333	0	0	21.8079	0.00100477	True	False
6	32360000	32380000	612	486	0	0	4	0	4	0	0	12766	14681	14823	14991	15010	0.00861664	0.00967413	0.00838164	0.00352499	0.00168416	0.00305499	0.00953477	0.00947605	0.00330037	0.00330164	0.00445631	0.00443962	0.00321396	0.00316345		0.223565	0		625	0.6383	0.6383	8642	63	0.00728998	0.2628	1.30793	0.452727	0.611293	0.440873	0.501631	0	0	0	0.00823045	0	0	14.9435	0.00125597	True	False
6	32700000	32720000	284	210	5	0	6	0	6	0	0	8763	11111	11139	10901	10843	0.0109266	0.0122104	0.011754	0.0053064	0.004907	0.000741755	0.00910236	0.0102623	0.00773942	0.00625525	0.00839541	0.00549466	0.00798038	0.00509831		0.442748	0	940	401	0.43815	0.43815	5463	46	0.00842028	0.4456	1.081	0.91914	0.997047	0.947757	0.954648	0	0.0238095	0	0.0285714	0	0	14.1613	0.00150716	True	False
6	31240000	31260000	360	284	2	0	3	0	3	0	0	7044	8227	8378	8411	8348	0.0088728	0.00901476	0.00731119	0.00432993	0.00865985	0.00865985	0.00906171	0.00934252	0.0050774	0.00527739	0.00457409	0.00453959	0.00864689	0.00892438	0.812027	0.340782	0	934	360	0.3522	0.3522	5815	37	0.00636285	0.3724	1.42416	0.797976	0.718875	1.35897	0.958605	0	0.00704225	0	0.0105634	0	0	14.0878	0.00175835	True	False
6	29820000	29840000	179	138	0	0	0	0	0	0	0	7894	9498	9461	9733	9603	0.00931087	0.00946922	0.00874082	0.00734735	0.0050038	0.00756904	0.00903999	0.00872256	0.00769042	0.00870896	0.00829522	0.00880533	0.00742003	0.00771141		0.664537	0		403	0.3947	0.3947	0	0		0.64045						0	0	0	0	0	0	14.0485	0.00200955	True	False
6	31260000	31280000	627	536	0	0	5	0	3	2	0	12492	15175	15274	15147	14798	0.00836535	0.00740474	0.00652418	0.0051633	0.00836535	0.00744476	0.00890084	0.00938044	0.00645482	0.00711595	0.00582878	0.00712874	0.00890133	0.00936827	0.878762	0.536657	0	934	631	0.6246	0.6246	12141	93	0.00766	0.4874	1.16199	0.842666	0.760937	1.16205	0.921885	0	0	0	0.00559701	0.00373134	0	13.7968	0.00226074	True	False
6	31340000	31360000	0	0	0	0	0	0	0	0	0	9041	11166	10991	10998	11295	0.0076872	0.00630461	0.00680234	0.00741068	0.00741068	0.00591749	0.00836653	0.0083688	0.00960097	0.0096749	0.00840021	0.00796532	0.00856589	0.00796071		0	0	934	478	0.45205	0.45205	0	0		0.5551												12.8302	0.00251193	True	False
6	29860000	29880000	201	173	2	2	5	0	3	0	0	6165	7634	7670	7614	7552	0.00965126	0.00847526	0.00725872	0.00924574	0.00632603	0.00725872	0.00811758	0.00823424	0.00823077	0.00838206	0.00774479	0.00848131	0.00543551	0.0059527	0.819129	0.605797	0		249	0.30825	0.30825	0	0		0.64655						0.0115607	0.0115607	0	0.017341	0	0	12.3799	0.00276312	True	False
6	33040000	33060000	141	141	1	0	0	3	0	0	0	11475	14658	14196	14643	13723	0.00601307	0.00742919	0.00751634	0.00738562	0.00747277	0.00631808	0.00770459	0.00683477	0.00773386	0.00689584	0.00724112	0.00705541	0.0072816	0.00708738	0.907692	0.15	0	862.381	593	0.57375	0.57375	0	0		0.1862						0	0.0070922	0.0212766	0	0	0	11.6328	0.00301432	True	False
6	29800000	29820000	224	168	0	0	0	0	0	0	0	8619	10372	10473	10340	9842	0.00928182	0.00826662	0.00704838	0.00313261	0.00423483	0.00466992	0.00728666	0.00618594	0.00620417	0.00755387	0.00549458	0.00658936	0.00551015	0.00548886		0.598901	0		343	0.43095	0.43095	0	0		0.59435						0	0	0	0	0	0	10.8768	0.00326551	True	False
6	33100000	33120000	267	178	0	0	1	1	0	0	0	7159	8436	8960	8774	8666	0.005308	0.00698422	0.00705406	0.00684453	0.00691437	0.00405085	0.00722559	0.00757504	0.00708591	0.00743535	0.00643875	0.00663161	0.00650859	0.00670145		0.783217	0		289	0.35795	0.35795	7072	93	0.0131505	0.695	0.549454	0.538832	0.48962	0.494931	0.507794	0	0	0.00561798	0	0	0	10.7663	0.0035167	True	False
6	29760000	29780000	254	188	1	0	0	0	0	0	0	6240	7624	7616	7555	7456	0.00088141	0.00112179	0.000560897	0.00120192	0.000641026	0.000560897	0.00681715	0.00398153	0.00692516	0.00406612	0.00663083	0.00374465	0.00628413	0.0034251	0.8	0.313433	0		291	0.312	0.312	0	0		0.63425						0	0.00531915	0	0	0	0	10.0275	0.0037679	True	False
6	82680000	82700000	244	139	2	1	1	0	0	0	0	8404	9969	9793	9809	9767	0.000475964	0.000535459	0.000475964	5.94955e-05	0	5.94955e-05	0.00677701	0.00684225	0.00676675	0.00684225	0.00682625	0.00690175	0.00676675	0.00684225	0.739881	0.735714	0	844.3	246	0.4202	0.4202	8326	40	0.00480423	0.7307	1.41063	1.4085	1.42088	1.4085	1.41263	0.00719424	0.0143885	0	0	0	0	9.95488	0.00401909	True	False
6	125920000	125940000	268	147	3	3	4	18	1	0	0	9055	10640	10569	10558	10424	0.00104914	0.000938708	0.00088349	0.000220872	0.000165654	5.52181e-05	0.00653992	0.00638204	0.0067323	0.00654178	0.00682184	0.00664629	0.00676663	0.00659108	0.764286	0.472973	0	807.055	269	0.45275	0.45275	8999	53	0.00588954	0.55125	1.11043	1.14309	1.1583	1.14892	1.15011	0.0204082	0.0204082	0.122449	0.00680272	0	0	9.52601	0.00427028	True	False
6	160860000	160880000	292	165	14	1	2	0	0	0	1	9136	10710	10796	10978	10826	0.00629378	0.00629378	0.00634851	0	5.47285e-05	5.47285e-05	0.00649622	0.00646794	0.000658483	0.000726237	0.000658483	0.000726237	0.000713211	0.000780965	0.958333	0.244604	0	802.619	320	0.4568	0.4568	8504	83	0.00976011	0.19285	0.665589	0.0674668	0.0674668	0.0730741	0.0693359	0.00606061	0.0848485	0	0	0	0.00606061	9.44696	0.00452148	True	False
6	153740000	153760000	425	296	7	0	84	0	83	0	0	8580	10077	10179	10088	10212	0.0112179	0.00576923	0.00594406	0.0106643	0.0107809	0.000174825	0.00593371	0.00608495	0.0111319	0.0112578	0.000807622	0.000909825	0.000982448	0.00108465	0.909873	0.634409	0	969.984	428	0.429	0.429	8376	72	0.00859599	0.586	0.690288	1.29501	0.0939534	0.114291	0.501086	0	0.0236486	0	0.280405	0	0	8.4294	0.00477267	True	False
6	109200000	109220000	254	146	3	0	1	0	1	0	0	9112	11261	11800	11524	10922	0.00592625	0.00581651	0.00592625	0.000109745	0.000219491	0.000109745	0.00589894	0.00595367	0.000458659	0.000292076	0.000348914	0.000182331	0.000458659	0.000292076	0.664046	0.52439	0	658.488	257	0.4556	0.4556	9050	62	0.00685083	0.5451	0.861054	0.0669494	0.0509301	0.0669494	0.0616096	0	0.0205479	0	0.00684932	0	0	8.3665	0.00502386	True	False
6	32720000	32740000	196	125	9	0	4	2	4	0	0	9561	11735	11877	11728	11436	0.00685075	0.00674616	0.00632779	0.00572639	0.00507269	0.00141199	0.00587523	0.00652141	0.00537394	0.00498249	0.00569462	0.00521112	0.00510006	0.00460805	0.844563	0.445833	0	940	354	0.47805	0.47805	6213	53	0.0085305	0.43595	0.688733	0.629967	0.66756	0.597862	0.631796	0	0.072	0.016	0.032	0	0	8.32362	0.00527506	True	False
6	66500000	66520000	436	249	10	1	2	0	1	0	0	11610	13435	13728	13849	13719	0.00516796	0.00525409	0.00529716	0.000172265	0.000215332	4.30663e-05	0.00573984	0.00550199	0.00158664	0.000902024	0.00167029	0.000910069	0.00171336	0.000953135	0.839372	0.493243	0	938.101	440	0.5805	0.5805	11471	98	0.00854328	0.3398	0.671854	0.185718	0.19551	0.200551	0.193926	0.00401606	0.0401606	0	0.00401606	0	0	8.0787	0.00552625	True	False
6	29660000	29680000	345	244	0	0	0	0	0	0	0	9789	11587	11677	11923	11006	0.00291143	0.00296251	0.00541424	0.00311574	0.00301359	0.0027582	0.00549952	0.00520117	0.00476217	0.00449001	0.00468692	0.0043429	0.00399663	0.00367682		0	0		349	0.48945	0.48945	9703	81	0.00834793	0.60435	0.658788	0.570461	0.561447	0.478757	0.536889	0	0	0	0	0	0	7.64398	0.00577744	True	False
6	31080000	31100000	462	303	1	0	2	0	1	1	0	12495	14911	15232	15243	14869	0.00232093	0.0040016	0.00388155	0.00248099	0.00236094	0.00020008	0.00546682	0.00477325	0.00536106	0.00472713	0.00506902	0.00450609	0.0049497	0.0043955	0.797068	0.394495	0	929	465	0.62475	0.62475	12366	82	0.00663109	0.3218	0.824422	0.808473	0.764432	0.746438	0.773115	0	0.00330033	0	0.00330033	0.00330033	0	7.58482	0.00602864	True	False
6	31160000	31180000	285	199	3	0	1	0	0	1	0	7339	9211	9171	9157	8693	0.00422401	0.00429214	0.00381523	0.00231639	0.00286143	0.00292955	0.00540526	0.00573413	0.00457336	0.00523862	0.00401856	0.00459826	0.00471249	0.00513695	0.588976	0.810256	0	929	289	0.36695	0.36695	7247	71	0.00979716	0.74995	0.551717	0.466805	0.410176	0.481006	0.452662	0	0.0150754	0	0	0.00502513	0	7.47347	0.00627983	True	True
6	29680000	29700000	213	137	0	0	1	0	0	0	0	8274	9972	10034	10144	9744	0.0039884	0.00410926	0.00682862	0.0039884	0.00386754	0.00362582	0.0053873	0.00575706	0.00431838	0.00433321	0.00389867	0.00390108	0.00309871	0.00260052		0	0		257	0.4137	0.4137	6981	42	0.00601633	0.62195	0.895446	0.717777	0.648015	0.515049	0.626947	0	0	0	0	0	0	7.44097	0.00653102	True	False
6	160900000	160920000	253	137	0	0	0	0	0	0	0	7692	8588	8781	8669	8592	0.00513521	0.00513521	0.00513521	0	0	0	0.00536946	0.00564804	0.000828406	0.000777236	0.000828406	0.000777236	0.000828406	0.000777236		0.461538	0		273	0.3846	0.3846	6394	126	0.019706	0.39275	0.272479	0.0420383	0.0420383	0.0420383	0.0420383	0	0	0	0	0	0	7.40871	0.00678222	True	False
6	159780000	159800000	314	179	17	3	5	0	1	0	0	8476	9746	9753	9789	9829	0.00554507	0.00548608	0.00566305	0.000648891	0.000412931	0.000825861	0.00536787	0.00560526	0.00128017	0.00124	0.00122118	0.00118101	0.00145714	0.00141697	0.694844	0.66	0	837.38	326	0.4238	0.4238	8364	58	0.00693448	0.6068	0.774085	0.184609	0.176102	0.210129	0.19028	0.0167598	0.0949721	0	0.00558659	0	0	7.40584	0.00703341	True	False
6	80840000	80860000	307	166	4	6	7	0	1	0	0	10246	12075	11668	11783	11880	0.00126879	0.00112239	0.00331837	0.000146399	0.00292797	0.00287917	0.00531196	0.00533879	0.00550834	0.00553398	0.00555595	0.00558278	0.00310174	0.00313882	0.711021	0.572581	0	709.548	311	0.5123	0.5123	10110	48	0.00474777	0.55695	1.11883	1.1602	1.17022	0.653304	0.994575	0.0361446	0.0240964	0	0.0060241	0	0	7.30469	0.0072846	True	False
6	167800000	167820000	352	211	12	2	7	0	0	3	2	8089	9604	9701	9637	9891	0.00519224	0.00581036	0.0055013	0.000618123	0.000309062	0.00080356	0.00527429	0.00575057	0.00440352	0.00443541	0.00502128	0.00505303	0.0047123	0.00474434	0.814732	0.346774	0		365	0.40445	0.40445	0	0		0.32375						0.00947867	0.056872	0	0	0.014218	0.00947867	7.23654	0.0075358	True	False
6	72280000	72300000	386	218	14	1	1	0	0	0	0	11733	13943	14105	13985	14051	0.00579562	0.00588085	0.00583823	8.52297e-05	4.26148e-05	8.52297e-05	0.00522709	0.00540059	0.00141208	0.00123621	0.00149731	0.00132144	0.00145469	0.00127883	0.705357	0.467742	0	901.806	389	0.58665	0.58665	11630	91	0.00782459	0.34885	0.668034	0.180467	0.191359	0.185913	0.185913	0.00458716	0.0642202	0	0	0	0	7.15118	0.00778699	True	False
6	160840000	160860000	383	221	34	4	5	0	0	0	0	13052	15460	16011	15475	15690	0.00520993	0.00528655	0.00536316	0.000153233	0.00022985	0.000153233	0.0052163	0.00526486	0.000625107	0.000668319	0.000701724	0.000744936	0.00077834	0.000821552	0.89372	0.335714	0	810.236	387	0.6526	0.6526	12923	92	0.00711909	0.2879	0.73272	0.0878072	0.0985693	0.109331	0.0985693	0.0180995	0.153846	0	0	0	0	7.13164	0.00803818	True	False
6	125940000	125960000	386	219	2	0	1	16	1	0	0	13098	15365	15421	15497	15251	0.000343564	0.000343564	0.000381738	0.000229043	0.000267216	0.000190869	0.00517261	0.0054575	0.00513443	0.00541932	0.00521078	0.00549567	0.00524895	0.00553384	0.795932	0.601504	0	809.241	392	0.6549	0.6549	13015	95	0.00729927	0.5092	0.708647	0.703417	0.713877	0.719107	0.712134	0	0.00913242	0.0730594	0.00456621	0	0	7.05261	0.00828937	True	False
6	30360000	30380000	226	146	6	0	0	0	0	0	0	7971	9150	9215	9214	9108	0.0059591	0.00420273	0.00501819	0.00483001	0.00357546	0.00351273	0.00516719	0.00545899	0.00451485	0.00369792	0.00492502	0.00501036	0.00485762	0.00452369		0.776596	0	846	268	0.39855	0.39855	0	0		0.7107						0	0.0410959	0	0	0	0	7.04282	0.00854057	True	False
6	119620000	119640000	403	233	3	1	4	0	3	0	0	13244	15319	15488	15753	15558	0.00392631	0.00377529	0.00377529	0.000226518	0.000151012	7.55059e-05	0.00513399	0.00514454	0.00238974	0.00240173	0.00223941	0.00225072	0.00223941	0.00225072	0.887324	0.305556	0	708.09	407	0.6622	0.6622	13132	91	0.00692964	0.28425	0.740874	0.344858	0.323165	0.323165	0.330396	0.00429185	0.0128755	0	0.0128755	0	0	6.98276	0.00879176	True	False
6	30980000	31000000	237	158	2	0	0	0	0	0	0	6534	7848	7893	7717	7666	0.00329048	0.00612182	0.00176002	0.00528007	0.00367309	0.00570095	0.00493883	0.00461406	0.00492964	0.00475999	0.00511477	0.00510675	0.00403699	0.00361863	0.747967	0.813953	0	923	243	0.3267	0.3267	5441	46	0.00845433	0.62105	0.584177	0.583091	0.604988	0.477506	0.555195	0	0.0126582	0	0	0	0	6.62972	0.00904295	True	True
6	80460000	80480000	375	219	10	0	2	0	2	0	0	11619	13396	13282	13508	13380	0.00632585	0.00628281	0.00623978	0.000215165	0.000172132	0.000129099	0.00492962	0.00606954	0.00238854	0.0012897	0.0023455	0.00124666	0.00230247	0.00120363	0.809122	0.503356	0	822.349	380	0.58095	0.58095	11546	62	0.00536983	0.5058	0.918021	0.444807	0.436793	0.428779	0.436793	0	0.0456621	0	0.00913242	0	0	6.61305	0.00929415	True	False
6	30420000	30440000	239	162	5	0	3	0	1	0	0	6621	7900	8132	8000	8105	0.00445552	0.00370035	0.0039269	0.00219	0.00181242	0.00211448	0.00492787	0.00459018	0.00377784	0.00267133	0.00356274	0.00302986	0.00392315	0.00327593	0.810298	0.471014	0	846	247	0.33105	0.33105	5918	61	0.0103075	0.37025	0.478085	0.366514	0.345645	0.380612	0.364257	0	0.0308642	0	0.00617284	0	0	6.60989	0.00954534	True	False
6	80860000	80880000	350	190	3	5	6	0	1	0	0	12496	14619	14540	14408	14613	0.000800256	0.000800256	0.00288092	0.000160051	0.00264085	0.00264085	0.00486991	0.00485935	0.00503094	0.0050194	0.00503094	0.0050194	0.00280639	0.00281575	0.730191	0.572581	0	714.258	356	0.6248	0.6248	12252	76	0.00620307	0.4471	0.785081	0.81104	0.81104	0.45242	0.6915	0.0263158	0.0157895	0	0.00526316	0	0	6.50505	0.00979653	True	False
6	29940000	29960000	394	275	0	0	0	0	0	0	0	9321	11234	11195	10859	11046	0.00273576	0.00284304	0.00230662	0.0017702	0.00225298	0.00246755	0.00486559	0.00293289	0.00471286	0.00321062	0.00483597	0.00334967	0.00506913	0.00321505	0.758621	0.344828	0		403	0.46605	0.46605	8996	49	0.00544687	0.4823	0.893283	0.865243	0.887844	0.930651	0.894579	0	0	0	0	0	0	6.49724	0.0100477	True	False
6	32760000	32780000	308	195	1	0	1	0	1	0	0	8648	10551	11091	10667	10779	0.00627313	0.00352683	0.0051457	0.00644658	0.00494334	0.00526133	0.00483548	0.00470453	0.00490973	0.00521821	0.00487553	0.00482923	0.005511	0.00480133	0.739379	0.735577	0	940	312	0.4324	0.4324	8519	100	0.0117385	0.7087	0.411933	0.418259	0.415345	0.469481	0.434362	0	0.00512821	0	0.00512821	0	0	6.44276	0.0102989	True	False
6	5280000	5300000	432	253	25	6	6	0	0	0	0	12125	14488	14604	14316	14255	0.00482474	0.00490722	0.00490722	8.24742e-05	8.24742e-05	8.24742e-05	0.00481043	0.00485871	0.00125612	0.00110629	0.0013386	0.00118877	0.0013386	0.00118877	0.794811	0.477477	0	966.901	437	0.60625	0.60625	11983	68	0.00567471	0.37845	0.847697	0.221355	0.235888	0.235888	0.231044	0.0237154	0.0988142	0	0	0	0	6.39746	0.0105501	True	False
6	159800000	159820000	440	256	6	9	9	0	0	0	0	12638	15009	15067	15121	14995	0.00383763	0.00415414	0.00379807	0.00126602	3.95632e-05	0.00126602	0.00478501	0.00501783	0.00295976	0.00291194	0.00226337	0.00212547	0.00293283	0.00287701	0.853053	0.496241	0	903.789	448	0.6319	0.6319	12502	103	0.00823868	0.4163	0.580798	0.359252	0.274725	0.355983	0.329987	0.0351562	0.0234375	0	0	0	0	6.35146	0.0108013	True	False
6	159540000	159560000	476	268	32	3	6	0	3	0	0	13543	15750	15867	15569	15905	0.0041719	0.00409806	0.00491029	0.000295356	0.00110758	0.00103374	0.00475577	0.00462528	0.00216386	0.00208033	0.00209002	0.00200649	0.00210034	0.00203722	0.895455	0.293103	0	918.009	483	0.67715	0.67715	13316	90	0.00675879	0.26715	0.703642	0.320155	0.309231	0.310757	0.313381	0.011194	0.119403	0	0.011194	0	0	6.29858	0.0110525	True	False
6	74900000	74920000	304	165	3	0	1	0	1	0	0	8450	9827	9809	9668	9639	0.00538462	0.00544379	0.00544379	0.000177515	0.000177515	0.000236686	0.00473024	0.00497428	0.00224465	0.00191204	0.00230382	0.00197121	0.00230347	0.00196979	0.657591	0.823077	0	818.897	307	0.4225	0.4225	6752	46	0.0068128	0.77595	0.694317	0.329476	0.338161	0.338109	0.335248	0	0.0181818	0	0.00606061	0	0	6.2524	0.0113037	True	True
6	3240000	3260000	584	311	21	3	11	2	8	0	0	11655	14356	14402	14205	13633	0.00506221	0.0049335	0.00514801	0.000643501	0.000858001	0.000557701	0.00472325	0.00498866	0.00374686	0.0032784	0.00361819	0.0031497	0.00383243	0.0033642	0.85034	0.626263	0	903.283	600	0.58275	0.58275	11384	135	0.0118587	0.5366	0.398294	0.315958	0.305108	0.323175	0.314747	0.0096463	0.0675241	0.00643087	0.0257235	0	0	6.23975	0.0115549	True	False
6	71800000	71820000	305	183	1	2	4	1	0	0	1	9055	11559	11078	11221	11057	0.00088349	0.00104914	0.00104914	0.000165654	0.000276091	0.000386527	0.0047231	0.00475839	0.00506724	0.004985	0.0052329	0.00514802	0.0052329	0.00515054	0.752667	0.744	0	896.528	313	0.45275	0.45275	8715	81	0.00929432	0.68505	0.508171	0.545198	0.563021	0.563021	0.55708	0.010929	0.00546448	0.00546448	0	0	0.00546448	6.23949	0.0118061	True	False
6	170340000	170360000	497	293	6	3	4	1	0	1	0	13330	15332	15396	15122	15248	0.0012003	0.0012003	0.00108777	0.000262566	0.000150038	0.000150038	0.00466956	0.00529838	0.00434275	0.00494992	0.00448053	0.00509473	0.00436739	0.00499212	0.820346	0.515464	0		502	0.6665	0.6665	13080	94	0.00718654	0.30695	0.649765	0.60429	0.623462	0.607718	0.611823	0.0102389	0.0204778	0.00341297	0	0.00341297	0	6.14264	0.0120573	True	False
6	168740000	168760000	380	201	10	2	3	0	1	0	0	10512	12444	12843	12765	12604	0.00109399	0.00118912	0.00118912	0.000285388	0.000285388	9.51294e-05	0.0046538	0.00460221	0.00430983	0.00425601	0.00437862	0.00431748	0.0043787	0.00431748	0.80826	0.457627	0	988	381	0.5256	0.5256	9973	67	0.00671814	0.3367	0.692721	0.641521	0.651761	0.651773	0.648352	0.00995025	0.0497512	0	0.00497512	0	0	6.11411	0.0123085	True	False
6	9960000	9980000	293	159	2	1	3	16	2	0	0	8271	10241	10099	9676	9922	0.000423165	0.000302261	0.000302261	0.000241809	0.000120904	0.000120904	0.00464768	0.00454116	0.00470814	0.00460161	0.00458723	0.0044807	0.00458723	0.0044807	0.829749	0.6	0	925.184	294	0.41355	0.41355	8204	50	0.00609459	0.6413	0.762592	0.772511	0.752673	0.752673	0.759286	0.00628931	0.0125786	0.100629	0.0125786	0	0	6.10306	0.0125597	True	False
6	80880000	80900000	327	181	1	2	4	2	0	0	0	11736	13592	13593	13393	13376	0.000596455	0.000809475	0.00285446	0.00021302	0.00259884	0.00259884	0.00464237	0.00471957	0.00472939	0.00480478	0.00494241	0.0050178	0.00285789	0.00293131	0.832547	0.556604	0	722.274	330	0.5868	0.5868	11612	79	0.00680331	0.52375	0.68237	0.69516	0.726471	0.420074	0.613901	0.0110497	0.00552486	0.0110497	0	0	0	6.09345	0.0128109	True	False
6	166660000	166680000	366	223	5	3	5	6	1	0	0	11514	13514	13550	13635	13447	0.00156331	0.00169359	0.00169359	0.000217127	0.000217127	0	0.00463911	0.00418852	0.00409238	0.00355018	0.00422266	0.00368046	0.00422266	0.00368046	0.697761	0.522059	0	994	367	0.5757	0.5757	11377	98	0.00861387	0.3831	0.538563	0.475092	0.490216	0.490216	0.485175	0.0134529	0.0224215	0.0269058	0.0044843	0	0	6.08754	0.013062	True	False
6	9800000	9820000	265	143	1	0	1	1	0	1	0	8940	10319	10193	10138	10182	0.000111857	0.000167785	0.00033557	5.59284e-05	0.000223714	0.000279642	0.00460111	0.00494874	0.00448925	0.00483688	0.00454518	0.00489275	0.00471296	0.00506059	0.686632	0.42268	0	929.371	270	0.447	0.447	8833	66	0.00747198	0.58055	0.615782	0.600811	0.608296	0.630752	0.613287	0	0.00699301	0.00699301	0	0.00699301	0	6.0188	0.0133132	True	False
6	31060000	31080000	256	168	3	0	7	1	7	0	0	7165	8490	8536	8542	8540	0.00362875	0.00265178	0.00265178	0.00195394	0.00195394	0	0.00458378	0.00473803	0.00559571	0.00539114	0.00530909	0.00501165	0.00530909	0.00501165	0.495179	0.772727	0	929	256	0.35825	0.35825	7089	73	0.0102976	0.6734	0.445131	0.543399	0.515565	0.515565	0.524843	0	0.0178571	0.00595238	0.0416667	0	0	5.98746	0.0135644	True	True
6	109180000	109200000	307	161	5	0	1	0	1	0	0	11453	14020	13976	13888	13327	0.0045403	0.0045403	0.0045403	0.000174627	0.000174627	0	0.00456748	0.00462226	0.00055981	0.000407107	0.00055981	0.000407107	0.00055981	0.000407107	0.752899	0.538462	0	669.556	308	0.57265	0.57265	11318	61	0.00538964	0.4556	0.847455	0.103868	0.103868	0.103868	0.103868	0	0.0310559	0	0.00621118	0	0	5.95796	0.0138156	True	False
6	159760000	159780000	350	194	16	2	4	0	0	0	0	10321	12094	12046	11877	11967	0.00436004	0.00494138	0.00440849	0.00116268	4.84449e-05	0.00121112	0.00456068	0.00435697	0.00131285	0.00107547	0.00184362	0.00166114	0.00136129	0.00112391	0.892157	0.338235	0	820.868	363	0.51605	0.51605	10205	87	0.00852523	0.53905	0.534963	0.153996	0.216255	0.159678	0.176643	0.0103093	0.0824742	0	0	0	0	5.94568	0.0140668	True	False
6	109420000	109440000	205	126	3	2	2	2	0	0	0	8235	9454	9499	9627	9621	0.000546448	0.000546448	0.000546448	0	0	0	0.00452285	0.00463246	0.00446214	0.00457174	0.00446214	0.00457174	0.00446214	0.00457174	0.658602	0.71134	0	549.598	206	0.41175	0.41175	8174	42	0.00513824	0.6653	0.880234	0.868417	0.868417	0.868417	0.868417	0.015873	0.0238095	0.015873	0	0	0	5.87725	0.014318	True	False
6	164440000	164460000	414	255	9	1	5	9	2	2	0	11616	13832	14242	13976	13601	0.00154959	0.00167872	0.00154959	0.000301309	0.00021522	0.000301309	0.00451488	0.00441052	0.00436509	0.00428045	0.00449422	0.00440958	0.00436509	0.00428045	0.845118	0.257426	0	990.743	418	0.5808	0.5808	11405	71	0.00622534	0.30055	0.725242	0.701181	0.721924	0.701181	0.708096	0.00392157	0.0352941	0.0352941	0.00784314	0.00784314	0	5.86281	0.0145692	True	False
6	23780000	23800000	541	298	10	7	14	0	2	1	0	11919	14042	14229	14229	13808	0.00188774	0.00192969	0.00260089	0.00134239	0.00138434	0.00142629	0.00448223	0.00405769	0.00422001	0.00385169	0.0044179	0.00401674	0.00452186	0.00414359	0.830097	0.475728	0	939.485	549	0.59595	0.59595	11650	95	0.00815451	0.43715	0.549663	0.517506	0.541773	0.554523	0.537934	0.0234899	0.033557	0	0.00671141	0.0033557	0	5.80376	0.0148204	True	False
6	33080000	33100000	129	93	0	0	1	0	0	0	0	9054	10746	10970	10753	10561	0.00309256	0.00325823	0.00325823	0.00325823	0.00325823	0.000607466	0.00445837	0.00542	0.00449496	0.00544943	0.00272837	0.00458661	0.00272837	0.00458661	0.902083	0.252174	0	852.136	433	0.4527	0.4527	2170	15	0.00691244	0.4513	0.644978	0.650272	0.394705	0.394705	0.479894	0	0	0	0	0	0	5.7606	0.0150716	True	False
6	23740000	23760000	433	247	1	0	9	6	5	1	0	10013	12057	12103	12169	11760	0.00229701	0.000749026	0.00144812	0.00229701	0.00309598	0.00179766	0.0044283	0.00425107	0.00383739	0.00371511	0.00464928	0.0044783	0.00477785	0.00460062	0.837093	0.706767	0	951.075	445	0.50065	0.50065	9862	110	0.0111539	0.65275	0.397018	0.34404	0.41683	0.428357	0.396409	0	0.00404858	0.0242915	0.0202429	0.00404858	0	5.70621	0.0153228	True	False
6	153860000	153880000	364	196	3	1	4	15	3	0	0	11879	14159	14020	14178	13731	0.000673457	0.00037882	0.000294638	0.000463002	0.00037882	8.41822e-05	0.0044104	0.00426688	0.00449319	0.00432864	0.00453528	0.00437039	0.0044511	0.00428621	0.838843	0.614754	0	969.025	365	0.59395	0.59395	11727	72	0.00613968	0.60815	0.718344	0.731828	0.738684	0.724972	0.731828	0.00510204	0.0153061	0.0765306	0.0153061	0	0	5.67383	0.015574	True	False
6	153840000	153860000	304	180	2	0	1	0	1	0	0	8779	10415	10517	10539	10236	0.000455633	0.000455633	0.000512587	0.000227816	0.00028477	5.69541e-05	0.00440081	0.00413766	0.00449681	0.00429754	0.00449474	0.00426448	0.00455169	0.00432144	0.786957	0.568966	0	968.741	307	0.43895	0.43895	8679	75	0.00864155	0.6393	0.509262	0.520371	0.520131	0.526722	0.522408	0	0.0111111	0	0.00555556	0	0	5.65647	0.0158252	True	False
6	47680000	47700000	539	306	16	0	1	0	0	0	1	14027	16451	16765	16486	16272	0.00331504	0.00331504	0.00381407	7.12911e-05	0.00121195	0.00114066	0.0043873	0.00449043	0.00210659	0.00226786	0.00208087	0.00226	0.0017669	0.00207179	0.926535	0.294118	0	522.961	541	0.70135	0.70135	13894	90	0.00647762	0.24995	0.677301	0.32521	0.321239	0.27277	0.306406	0	0.0522876	0	0	0	0.00326797	5.63203	0.0160764	True	False
6	6940000	6960000	496	294	7	1	3	0	1	1	0	8331	10147	10430	10121	9853	0.00156044	0.00162045	0.00168047	0.00018005	0.000240067	0.000300084	0.00437419	0.00407024	0.00449493	0.00420157	0.00455495	0.00426087	0.00461342	0.00431361	0.680769	0.646154	0	955.6	500	0.41655	0.41655	8256	71	0.00859981	0.64665	0.508638	0.522678	0.529657	0.536456	0.529597	0.00340136	0.0238095	0	0.00340136	0.00340136	0	5.60833	0.0163276	True	False
6	102340000	102360000	398	210	5	2	2	0	0	0	0	13621	15621	15710	15985	15692	0.00323031	0.00326701	0.00326701	3.6708e-05	3.6708e-05	0	0.00436892	0.00423337	0.0021694	0.00222647	0.00214036	0.00220261	0.00214036	0.00220261	0.889205	0.146067	0	866.82	400	0.68105	0.68105	13031	71	0.00544855	0.11525	0.801849	0.398161	0.392831	0.392831	0.394607	0.00952381	0.0238095	0	0	0	0	5.59878	0.0165787	True	False
6	27940000	27960000	290	157	24	0	1	0	1	0	0	12611	14704	14649	14678	14439	0.00424233	0.00424233	0.00420268	7.92959e-05	0.000118944	0.000118944	0.00435899	0.00432758	0.000395337	0.000333225	0.000395036	0.00032865	0.000301768	0.000228317	0.838652	0.525773	0	471.959	291	0.63055	0.63055	12508	56	0.00447713	0.43535	0.973612	0.0883015	0.0882342	0.0674022	0.0813126	0	0.152866	0	0.00636943	0	0	5.58082	0.0168299	True	False
6	138680000	138700000	264	141	1	0	3	0	0	0	0	7888	9293	9549	9545	9407	0.00456389	0.00475406	0.00462728	0.000190162	0.000443712	0.000633874	0.00433933	0.00471741	0.00226772	0.00138967	0.00245789	0.00157983	0.00233111	0.00145306	0.594801	0.785714	0	756.375	267	0.3944	0.3944	7815	46	0.00588612	0.65925	0.737213	0.385266	0.417573	0.396035	0.399625	0	0.0070922	0	0	0	0	5.54525	0.0170811	True	False
6	2140000	2160000	348	183	9	5	5	14	0	0	0	12667	15554	15294	15660	14899	0.00126312	0.00138154	0.00126312	0.000118418	0	0.000118418	0.00432075	0.00449083	0.00400605	0.00416394	0.00412447	0.00428236	0.00400605	0.00416394	0.837037	0.395604	0	839.385	352	0.63335	0.63335	12562	73	0.00581118	0.27735	0.743525	0.689369	0.709747	0.689369	0.696162	0.0273224	0.0491803	0.0765027	0	0	0	5.51166	0.0173323	True	False
6	32340000	32360000	340	250	0	0	2	0	2	0	0	10772	12151	12294	12294	12632	0.00310991	0.00343483	0.00343483	0.00125325	0.00129967	0.000649833	0.00431346	0.00467368	0.00251571	0.00288774	0.00228698	0.00261911	0.00226284	0.00266508		0.447154	0		346	0.5386	0.5386	10409	56	0.00537996	0.62535	0.801764	0.467607	0.425093	0.420605	0.437768	0	0	0	0.008	0	0	5.49846	0.0175835	True	False
6	170460000	170480000	419	263	7	0	17	2	14	0	1	10028	12515	12987	12593	12096	0.00349023	0.00433785	0.00413841	0.00344037	0.00324093	0.000398883	0.00431279	0.00394701	0.00415639	0.00388384	0.0037988	0.00426871	0.00359936	0.00406927	0.755833	0.480916	0	976	424	0.5014	0.5014	8272	73	0.00882495	0.10375	0.488705	0.470982	0.430462	0.407862	0.436435	0	0.026616	0.00760456	0.0532319	0	0.00380228	5.49726	0.0178347	True	False
6	166700000	166720000	428	227	3	3	4	6	1	0	0	11267	13069	13089	13122	12801	0.000621283	0.000665661	0.000576906	0.000133132	4.43774e-05	8.87548e-05	0.00429605	0.00451564	0.00447638	0.00474784	0.00452076	0.00479222	0.004432	0.00470346	0.706386	0.655629	0	983.232	431	0.56335	0.56335	10871	87	0.00800294	0.37915	0.536809	0.559342	0.564887	0.553797	0.559342	0.0132159	0.0132159	0.0264317	0.00440529	0	0	5.46697	0.0180859	True	False
6	166680000	166700000	440	259	2	0	1	3	1	0	0	11298	13088	13452	13459	13333	0.000531067	0.000575323	0.000486812	0.000309789	0.000221278	8.85112e-05	0.00426657	0.00456522	0.00423919	0.00453223	0.00412176	0.00439946	0.00403324	0.00431095	0.843137	0.478261	0	991.522	446	0.5649	0.5649	10934	98	0.00896287	0.42335	0.476028	0.472973	0.45987	0.449995	0.460946	0	0.00772201	0.011583	0.003861	0	0	5.41365	0.0183371	True	False
6	67560000	67580000	452	257	4	0	4	0	3	0	0	11755	13793	13963	13994	13734	0.000680561	0.000467886	0.000595491	0.000382816	0.000255211	0.000297746	0.00424016	0.00310819	0.00423283	0.00313965	0.00414112	0.0029706	0.00420889	0.00309111	0.856771	0.738462	0	968.646	456	0.58775	0.58775	11647	80	0.00686872	0.73045	0.617315	0.616247	0.602896	0.612762	0.610635	0	0.0155642	0	0.0116732	0	0	5.36587	0.0185883	True	False
6	154000000	154020000	256	154	1	0	2	0	0	2	0	7970	9101	8987	9119	9230	0.00225847	0.000376412	0.00439147	0.00238394	0.002133	0.00451694	0.00423162	0.00415763	0.00271812	0.00276289	0.00435709	0.0042821	0.00133009	0.00149361	0.683333	0.64	0	949.86	258	0.3985	0.3985	7800	74	0.00948718	0.6531	0.446035	0.286504	0.459261	0.140198	0.295321	0	0.00649351	0	0	0.012987	0	5.35042	0.0188395	True	False
6	95200000	95220000	403	245	5	0	2	0	0	2	0	13050	15026	15265	15154	14993	0.00467433	0.0048659	0.00490421	0.000191571	0.000229885	0.000191571	0.00422841	0.00463133	0.00138454	0.000884314	0.0015749	0.00105508	0.0016128	0.00108646	0.844444	0.453704	0	962.25	406	0.6525	0.6525	12857	82	0.00637785	0.5057	0.662983	0.217086	0.246932	0.252876	0.238965	0	0.0204082	0	0	0.00816327	0	5.34461	0.0190907	True	False
6	30400000	30420000	278	163	11	0	2	0	2	0	0	7857	9499	9721	9606	9544	0.00394553	0.00388189	0.00330915	0.00171821	0.00178185	0.00235459	0.00422752	0.00412549	0.00269283	0.0017476	0.00287925	0.00243811	0.00324037	0.00268734	0.692446	0.542857	0	846	281	0.39285	0.39285	7562	46	0.00608305	0.51025	0.694967	0.442678	0.473324	0.532689	0.482897	0	0.0674847	0	0.0122699	0	0	5.343	0.0193419	True	False
6	115860000	115880000	274	150	17	3	4	7	0	0	0	9973	12229	12105	12084	11756	0.00250677	0.0024065	0.00280758	0.000100271	0.000300812	0.000401083	0.00421487	0.0041159	0.00252635	0.0024718	0.00242608	0.00237153	0.00282708	0.00277262	0.813916	0.533981	0	750.039	277	0.49865	0.49865	9905	64	0.00646138	0.48165	0.652317	0.390993	0.375474	0.437535	0.401334	0.02	0.113333	0.0466667	0	0	0	5.32012	0.0195931	True	False
6	77140000	77160000	389	222	6	0	1	0	1	0	0	11944	13858	13713	13741	13674	0.00062793	0.00062793	0.000586068	0.000251172	0.00020931	4.1862e-05	0.00421474	0.00451519	0.00377605	0.00405538	0.00392121	0.00422215	0.00387935	0.00418029	0.821429	0.555556	0	849.98	390	0.5972	0.5972	11833	64	0.0054086	0.5161	0.779267	0.698156	0.724995	0.717255	0.713469	0	0.027027	0	0.0045045	0	0	5.31989	0.0198443	True	False
6	57600000	57620000	415	226	2	0	4	0	4	0	0	9622	11875	11490	11063	11905	0.00462482	0.004365	0.00431303	0.00410518	0.00405321	5.19642e-05	0.00420795	0.00436789	0.00465	0.00480559	0.00081295	0.000954552	0.000760985	0.000902588	1	0.695187	0	723.625	417	0.4811	0.4811	9481	73	0.00769961	0.5489	0.546515	0.603927	0.105583	0.0988343	0.269448	0	0.00884956	0	0.0176991	0	0	5.3076	0.0200955	True	False
6	100360000	100380000	174	84	0	1	1	11	0	0	0	6219	7306	7403	7098	7154	0.000160798	0.000241196	0.000160798	8.03988e-05	0	8.03988e-05	0.00417252	0.00411302	0.00433332	0.00427382	0.00441372	0.00435422	0.00433332	0.00427382	0.576823	0.621212	0	900	175	0.31095	0.31095	6172	40	0.00648088	0.6909	0.64382	0.668631	0.681037	0.668631	0.672766	0.0119048	0	0.130952	0	0	0	5.24351	0.0203466	True	False
6	47660000	47680000	439	260	7	0	3	0	2	0	1	13108	15734	15562	15409	15186	0.00350931	0.00347116	0.00400519	0.000114434	0.00129692	0.00125877	0.00416205	0.00408593	0.00173757	0.00149751	0.00169943	0.00145937	0.00154805	0.00134373	0.890991	0.306878	0	471.175	443	0.6554	0.6554	12994	88	0.00677236	0.26315	0.614565	0.256568	0.250936	0.228584	0.245363	0	0.0269231	0	0.00769231	0	0.00384615	5.22458	0.0205978	True	False
6	156060000	156080000	303	156	24	3	5	0	1	0	0	10119	12129	12119	12142	11889	0.00420002	0.00424943	0.00415061	0.000148236	0.00024706	0.000296472	0.00415063	0.004208	0.00114213	0.00124455	0.00119154	0.00129396	0.00109272	0.00119514	0.626068	0.568	0	902.764	307	0.50595	0.50595	8476	49	0.00578103	0.4355	0.717974	0.197565	0.206112	0.189018	0.197565	0.0192308	0.153846	0	0.00641026	0	0	5.20391	0.020849	True	False
6	53520000	53540000	373	194	7	0	4	0	4	0	0	12016	14139	14302	14687	14548	0.00233023	0.00070739	0.000790613	0.00195573	0.00203895	8.32224e-05	0.00414651	0.00379601	0.00251051	0.00238766	0.0041029	0.00370643	0.00418606	0.00378966	0.748062	0.435115	0	768.336	376	0.6008	0.6008	11914	81	0.00679872	0.37295	0.609896	0.369262	0.603482	0.615714	0.529486	0	0.0360825	0	0.0206186	0	0	5.19647	0.0211002	True	False
6	115520000	115540000	365	193	2	0	1	18	0	0	0	11073	12729	12797	12649	12826	0.000451549	0.00018062	0.000451549	0.000270929	0.000361239	0.000270929	0.00414566	0.00406922	0.00389715	0.00380422	0.00396504	0.0038886	0.00423597	0.00415953	0.795139	0.786885	0	839	373	0.55365	0.55365	10814	77	0.0071204	0.7585	0.582223	0.547321	0.556857	0.594906	0.566361	0	0.0103627	0.0932642	0	0	0	5.19493	0.0213514	True	False
6	66600000	66620000	359	235	4	0	1	0	1	0	0	11636	13015	12880	13101	12864	0.000687521	0.000773462	0.000687521	0.00017188	8.59402e-05	8.59402e-05	0.00413358	0.00360779	0.00411127	0.00338738	0.00419597	0.00344804	0.00411003	0.0033621	0.840909	0.863636	0	951.682	362	0.5818	0.5818	11518	81	0.00703247	0.65465	0.587784	0.584612	0.596657	0.584436	0.588568	0	0.0170213	0	0.00425532	0	0	5.17307	0.0216026	True	True
6	159520000	159540000	415	247	17	2	2	0	0	0	0	13304	15564	15370	15451	15182	0.00496091	0.00496091	0.00496091	0	0	0	0.00412733	0.00362288	0.00218671	0.00259069	0.00218671	0.00259069	0.00218671	0.00259069	0.909639	0.301205	0	906.072	415	0.6652	0.6652	13184	123	0.00932949	0.34165	0.442396	0.234387	0.234387	0.234387	0.234387	0.00809717	0.0688259	0	0	0	0	5.16177	0.0218538	True	False
6	30340000	30360000	323	213	9	0	1	0	1	0	0	9997	11623	11817	11582	11656	0.00395119	0.00390117	0.00390117	0.00350105	0.00345104	0.00345104	0.00411904	0.0042405	0.00373541	0.00364342	0.00394657	0.00388594	0.00389656	0.00383592	0.798177	0.635802	0	842.37	333	0.49985	0.49985	4924	26	0.00528026	0.63095	0.780082	0.707429	0.74742	0.737948	0.730933	0	0.0422535	0	0.00469484	0	0	5.14676	0.022105	True	False
6	10940000	10960000	353	216	5	0	3	0	3	0	0	10589	12018	12214	12146	11996	0.00396638	0.00406082	0.00406082	0.00103881	0.000944376	0.000188875	0.00411894	0.00421193	0.00135774	0.00110843	0.00162113	0.00135891	0.00159555	0.00135872	0.72807	0.710526	0	812.355	355	0.52945	0.52945	10499	53	0.0050481	0.61105	0.815939	0.26896	0.321136	0.31607	0.302055	0	0.0231481	0	0.0138889	0	0	5.1466	0.0223562	True	False
6	65560000	65580000	360	215	4	0	0	0	0	0	0	11147	12806	12612	12686	12642	0.000538261	0.000627972	0.000627972	8.97102e-05	8.97102e-05	8.97102e-05	0.00410233	0.0040457	0.00392184	0.00385148	0.00401128	0.00393745	0.00401101	0.0039337	0.790833	0.63	0	917.05	363	0.55735	0.55735	11053	78	0.00705691	0.67825	0.581321	0.555744	0.568418	0.56838	0.564181	0	0.0186047	0	0	0	0	5.11655	0.0226074	True	False
6	40700000	40720000	484	264	21	2	4	0	2	0	0	13993	16647	16454	16742	16452	0.00425213	0.0041092	0.00421639	0.000142929	0.000250125	0.000107196	0.00409889	0.00404242	0.00184066	0.00184702	0.00169773	0.00170409	0.00180493	0.00181129	0.9	0.427083	0	939.844	486	0.69965	0.69965	13374	81	0.00605653	0.4165	0.676772	0.303914	0.280315	0.298014	0.294081	0.00757576	0.0795455	0	0.00757576	0	0	5.11032	0.0228586	True	False
6	13860000	13880000	413	215	5	1	7	2	6	0	0	8007	9771	9734	9958	9684	0.00118646	0.000999126	0.00118646	0.000874235	0.00106157	0.000312227	0.00408418	0.00368334	0.00408408	0.00368334	0.00368343	0.00320638	0.00387066	0.00339372	0.723958	0.767123	0	939.39	418	0.40035	0.40035	7879	73	0.00926514	0.62785	0.440811	0.4408	0.397558	0.417766	0.418708	0.00465116	0.0232558	0.00930233	0.027907	0	0	5.0837	0.0231098	True	False
6	29400000	29420000	362	250	6	0	9	4	1	0	0	11849	13697	13722	13916	13470	0.00240527	0.00261625	0.00265845	0.00244746	0.00248966	0.00236307	0.0040834	0.00412637	0.0034083	0.00352176	0.00420999	0.00424317	0.00425219	0.00428537	0.877825	0.341667	0	817.708	363	0.59245	0.59245	11716	54	0.00460908	0.4206	0.885947	0.739476	0.913413	0.922568	0.858486	0	0.024	0.016	0.004	0	0	5.0823	0.023361	True	False
6	104060000	104080000	327	194	1	0	2	1	0	2	0	10063	11817	11447	11657	11692	0.000745305	0.000894365	0.000794992	0.000149061	4.9687e-05	0.000149061	0.00405584	0.00311155	0.00412474	0.00323924	0.00427381	0.0033883	0.00417443	0.00328893	0.758598	0.431655	0	956.209	332	0.50315	0.50315	9596	110	0.0114631	0.43085	0.353817	0.359828	0.372832	0.364163	0.365607	0	0.00515464	0.00515464	0	0.0103093	0	5.03244	0.0236122	True	False
6	7440000	7460000	277	153	7	0	3	0	1	0	0	6118	8330	7626	9153	8474	0.00474011	0.00392285	0.0040863	0.00572082	0.00277869	0.00294214	0.00403732	0.00359302	0.00506357	0.00485863	0.0026313	0.00332489	0.00360226	0.00384707	0.671916	0.6875	0	721.18	282	0.3059	0.3059	5223	64	0.0122535	0.7469	0.329483	0.413234	0.214739	0.293978	0.307317	0	0.0457516	0	0.00653595	0	0	4.99894	0.0238634	True	False
6	32400000	32420000	320	230	6	0	1	1	1	0	0	10927	12373	12590	12716	12607	0.00169305	0.00324883	0.00343187	0.00292853	0.00201336	0.00347762	0.00402713	0.00398992	0.00354439	0.00347085	0.00343721	0.00371113	0.00391421	0.00379147	0.712778	0.545455	0		326	0.54635	0.54635	10754	64	0.00595127	0.4471	0.676683	0.595568	0.577559	0.65771	0.610279	0	0.026087	0.00434783	0.00434783	0	0	4.9805	0.0241145	True	False
6	162180000	162200000	445	251	7	2	4	1	0	0	0	13189	15605	15789	15597	15353	0.00121313	0.00166806	0.00208507	0.000606566	0.00117522	0.000568656	0.00402579	0.00447668	0.00415196	0.00464746	0.0043142	0.0047947	0.00444106	0.00490403	0.7675	0.490909	0	977.373	446	0.65945	0.65945	13008	92	0.00707257	0.2962	0.569211	0.587051	0.609991	0.627927	0.608323	0.00796813	0.0278884	0.00398406	0	0	0	4.97808	0.0243657	True	False
6	66580000	66600000	455	266	4	0	2	0	2	0	0	12881	15102	14892	14899	14947	0.000698704	0.000659887	0.000698704	0.000116451	0.000155267	0.000116451	0.00401585	0.00368277	0.00400517	0.00349664	0.00396629	0.00345782	0.00400517	0.00349664	0.916667	0.5	0	947.964	457	0.64405	0.64405	12698	60	0.00472515	0.3611	0.849889	0.847628	0.8394	0.847628	0.844885	0	0.0150376	0	0.0075188	0	0	4.96011	0.0246169	True	False
6	122060000	122080000	317	174	7	3	3	0	0	0	0	11394	13130	13134	13084	13125	0.00394945	0.00399333	0.00394945	4.38827e-05	0	4.38827e-05	0.00399574	0.00394631	0.000937625	0.000948306	0.000981508	0.000992189	0.000937625	0.000948306	0.625	0.578571	0	886.421	319	0.5697	0.5697	11105	41	0.00369203	0.4341	1.08226	0.253959	0.265845	0.253959	0.257921	0.0172414	0.0402299	0	0	0	0	4.92373	0.0248681	True	False
6	152200000	152220000	191	107	4	0	0	11	0	0	0	7775	9265	9258	9235	9179	0.000257235	0.000257235	0.000257235	0	0	0	0.00397462	0.00404163	0.00371739	0.0037844	0.00371739	0.0037844	0.00371739	0.0037844	0.789474	0.545455	0	889.61	192	0.38875	0.38875	7694	59	0.00766831	0.66225	0.518318	0.484773	0.484773	0.484773	0.484773	0	0.0373832	0.102804	0	0	0	4.88553	0.0251193	True	False
6	164620000	164640000	375	219	7	1	3	14	0	1	0	11720	13841	14042	14343	13765	0.00059727	0.00081058	0.000767918	0.000213311	0.000170648	0.000213311	0.00396675	0.00384747	0.00371084	0.00359159	0.00391886	0.00380481	0.00382102	0.003701	0.838785	0.490909	0	987.018	378	0.586	0.586	11574	60	0.00518403	0.43535	0.765186	0.715822	0.755948	0.737074	0.736282	0.00456621	0.0319635	0.0639269	0	0.00456621	0	4.87129	0.0253705	True	False
6	124600000	124620000	432	224	1	6	7	0	1	0	0	13943	15733	15803	15872	16064	0.00448254	0.00459012	0.00459012	0.000179301	0.000179301	0	0.00395692	0.00324348	0.00186937	0.00220586	0.00188277	0.00228764	0.00188277	0.00228764	0.796078	0.461538	0	964.418	437	0.69715	0.69715	13799	75	0.00543518	0.33565	0.728021	0.343939	0.346404	0.346404	0.345582	0.0267857	0.00446429	0	0.00446429	0	0	4.85351	0.0256217	True	False
6	129860000	129880000	417	222	25	0	0	1	0	0	0	13536	15631	15685	15886	15688	0.00417405	0.00421099	0.00421099	3.69385e-05	7.38771e-05	7.38771e-05	0.0039356	0.00400537	0.00105416	0.00115246	0.00109104	0.00118888	0.0010911	0.0011894	0.902299	0.747126	0	853.379	419	0.6768	0.6768	12930	100	0.00773395	0.5485	0.508873	0.136303	0.141071	0.141079	0.139484	0	0.112613	0.0045045	0	0	0	4.81494	0.0258729	True	False
6	3300000	3320000	390	220	5	2	2	0	0	0	0	11523	13678	13860	13557	13915	0.00125835	0.00147531	0.00130174	0.000390523	4.33915e-05	0.000433915	0.00389514	0.00404813	0.00357418	0.00366847	0.00388186	0.00394909	0.00361757	0.00371186	0.832524	0.425926	0	957.778	396	0.57615	0.57615	11297	82	0.00725856	0.37435	0.536627	0.492409	0.534798	0.498387	0.508531	0.00909091	0.0227273	0	0	0	0	4.74175	0.0261241	True	False
6	106920000	106940000	333	173	2	0	1	2	1	0	0	10399	12165	12215	12323	11776	0.000480815	0.000432734	0.000432734	0.000384652	0.000336571	0.000192326	0.00389348	0.00404542	0.00384909	0.00390433	0.00394017	0.00406349	0.00393995	0.00405546	0.718414	0.775194	0	898.922	334	0.51995	0.51995	10252	76	0.00741319	0.63185	0.52521	0.519222	0.531508	0.531478	0.527402	0	0.0115607	0.0115607	0.00578035	0	0	4.73875	0.0263753	True	False
6	3940000	3960000	274	141	9	0	0	2	0	0	0	8289	9614	9804	9842	9822	0.00319701	0.00319701	0.00319701	0	0	0	0.00389233	0.00395027	0.00313499	0.00285675	0.00313499	0.00285675	0.00313499	0.00285675	0.77	0.527778	0	957.75	277	0.41445	0.41445	5791	54	0.00932481	0.57585	0.417416	0.336198	0.336198	0.336198	0.336198	0	0.0638298	0.0141844	0	0	0	4.73666	0.0266265	True	False
6	32780000	32800000	422	269	10	0	4	1	1	0	1	13403	15941	16196	16051	15897	0.00328285	0.00345072	0.00359994	0.00307767	0.00266731	0.00246214	0.00388672	0.00364638	0.00317454	0.00280738	0.00339133	0.00280407	0.00321247	0.00265741	0.894531	0.375	0	939.906	425	0.67015	0.67015	13220	110	0.00832073	0.3504	0.467113	0.381521	0.407576	0.38608	0.391726	0	0.0371747	0.00371747	0.00371747	0	0.00371747	4.72652	0.0268777	True	False
6	4920000	4940000	413	220	2	0	3	0	0	0	1	12300	14783	14645	14506	14413	0.00207317	0.000691057	0.00215447	0.00227642	0.00203252	0.00235772	0.0038765	0.00388329	0.00251599	0.00253798	0.00400485	0.00393493	0.00259729	0.0026192	0.869637	0.471154	0	924.385	420	0.615	0.615	12183	66	0.00541738	0.3319	0.715567	0.46443	0.73926	0.479437	0.561042	0	0.00909091	0	0	0	0.00454545	4.70802	0.0271289	True	False
6	10480000	10500000	622	327	4	0	11	0	11	0	0	8754	10262	10744	10644	10527	0.00199909	0.000970985	0.000856751	0.00159927	0.00148504	0.000114233	0.00386875	0.00399055	0.00427943	0.00442027	0.00380989	0.0038946	0.00369566	0.00378036	0.736364	0.787611	0	924.381	638	0.4377	0.4377	8497	139	0.0163587	0.67525	0.236495	0.2616	0.232897	0.225914	0.240137	0	0.0122324	0	0.0336391	0	0	4.694	0.0273801	True	False
6	155300000	155320000	245	133	15	1	1	0	0	0	0	8704	10094	10709	10487	10181	0.00384881	0.00419347	0.00384881	0.000344669	0	0.000344669	0.00386666	0.00377792	0.000941498	0.000881778	0.00128617	0.00122599	0.000941498	0.000881778	0.542056	0.645455	0	969.955	249	0.4352	0.4352	8591	48	0.00558724	0.54845	0.692052	0.168509	0.230197	0.168509	0.189072	0.0075188	0.112782	0	0	0	0	4.69023	0.0276312	True	False
6	34440000	34460000	297	157	2	0	3	6	1	0	1	9930	11520	11520	11644	11505	0.000453172	0.000906344	0.00191339	0.000755287	0.00196375	0.00140987	0.00386097	0.00387533	0.00382889	0.00383698	0.0036638	0.00367392	0.00245679	0.00246445	0.65118	0.876106	0	722.186	298	0.4965	0.4965	9861	47	0.00476625	0.80155	0.810064	0.803334	0.768696	0.515455	0.695828	0	0.0127389	0.0382166	0.00636943	0	0.00636943	4.67993	0.0278824	True	True
6	170720000	170740000	408	225	6	0	2	0	1	1	0	13004	15012	15141	14910	14912	0.000884343	0.000961243	0.000922793	0.000153799	0.000115349	0.000192249	0.00384204	0.00365178	0.00367072	0.0034719	0.00374762	0.0035488	0.00370905	0.00350775	0.80641	0.606061	0	866.364	411	0.6502	0.6502	12865	107	0.00831714	0.4433	0.461943	0.441345	0.45059	0.445953	0.445963	0	0.0266667	0	0.00444444	0.00444444	0	4.6457	0.0281336	True	False
6	117260000	117280000	384	228	1	0	0	3	0	0	0	14240	16487	16177	16750	16519	7.02247e-05	0.000140449	0.000175562	7.02247e-05	0.000105337	0.000175562	0.00380383	0.004014	0.0037336	0.00394377	0.00380383	0.004014	0.00383894	0.00404911	0.863333	0.16	0	462.24	388	0.712	0.712	13667	85	0.00621936	0.2208	0.611611	0.600319	0.611611	0.617256	0.609729	0	0.00438596	0.0131579	0	0	0	4.57657	0.0283848	True	False
6	20160000	20180000	302	176	12	2	2	0	0	0	0	9816	11473	11618	11819	11419	0.00331092	0.00320905	0.00331092	0.000305623	0.000305623	0.000254686	0.00379699	0.0040431	0.00196214	0.00196546	0.00186057	0.00186359	0.00195867	0.00196546	0.688889	0.619048	0	967.143	304	0.4908	0.4908	9711	74	0.00762022	0.5362	0.498279	0.257492	0.244163	0.257036	0.252897	0.0113636	0.0681818	0	0	0	0	4.56421	0.028636	True	False
6	2960000	2980000	298	165	3	1	1	0	0	0	0	9507	11502	11822	11799	11334	0.00252446	0.00299779	0.00231408	0.00110445	0.000210371	0.00110445	0.00377039	0.00375232	0.00209933	0.00193177	0.00178437	0.00157523	0.00229539	0.00214214	0.686893	0.619048	0	918.2	298	0.47535	0.47535	9263	56	0.00604556	0.5369	0.623663	0.347251	0.295154	0.379682	0.340696	0.00606061	0.0181818	0	0	0	0	4.51608	0.0288872	True	False
6	100320000	100340000	386	200	24	1	3	0	1	0	0	12566	14608	14774	14607	14628	0.00346172	0.00342193	0.00346172	0.00011937	0.00011937	0.00011937	0.00376748	0.00372701	0.000904727	0.000869967	0.000864937	0.000830177	0.000904727	0.000869967	0.784038	0.466667	0	900	387	0.6283	0.6283	10931	59	0.00539749	0.4172	0.698007	0.16762	0.160248	0.16762	0.165163	0.005	0.12	0	0.005	0	0	4.51083	0.0291384	True	False
6	84780000	84800000	266	160	1	0	1	1	1	0	0	9178	10504	10657	10764	10664	0.000163434	0.00250599	0.00250599	0.00245151	0.00245151	0	0.00376698	0.00336852	0.0037125	0.00331404	0.0029471	0.00315946	0.0029471	0.00315946	0.64693	0.853659	0	778.732	269	0.4589	0.4589	9116	57	0.00625274	0.76735	0.602452	0.593739	0.47133	0.47133	0.512133	0	0.00625	0.00625	0.00625	0	0	4.50991	0.0293896	True	True
6	108060000	108080000	436	251	17	14	19	1	3	0	0	13142	15219	15233	14879	15018	0.00479379	0.00483184	0.00479379	0.000646781	0.000608735	3.8046e-05	0.00374346	0.00385673	0.00551872	0.0053904	0.00570804	0.00557759	0.00566999	0.00553954	0.877451	0.604651	0	852.686	438	0.6571	0.6571	12760	90	0.00705329	0.5467	0.53074	0.782432	0.809273	0.803879	0.798528	0.0557769	0.0677291	0.00398406	0.0119522	0	0	4.46737	0.0296408	True	False
6	81720000	81740000	349	205	12	3	5	1	1	1	0	9211	11054	10641	10565	10608	0.00548258	0.00548258	0.00542829	0.000108566	5.42829e-05	5.42829e-05	0.00373489	0.00370035	0.00434469	0.00411298	0.00434469	0.00411298	0.0042904	0.0040587	0.680365	0.767123	0	888.959	352	0.46055	0.46055	9069	54	0.00595435	0.8194	0.627255	0.729666	0.729666	0.720549	0.726627	0.0146341	0.0585366	0.00487805	0.00487805	0.00487805	0	4.45187	0.029892	True	False
6	1520000	1540000	356	214	4	0	2	0	2	0	0	11551	13962	14218	14166	13706	0.00116873	0.000952299	0.00207774	0.000389577	0.00160159	0.00134188	0.00372357	0.00283996	0.00384261	0.00273265	0.00362585	0.00251063	0.00305039	0.0028299	0.669492	0.552239	0	987.119	359	0.57755	0.57755	9263	59	0.00636943	0.4164	0.584601	0.60329	0.569258	0.47891	0.550486	0	0.0186916	0	0.00934579	0	0	4.4314	0.0301432	True	False
6	159560000	159580000	386	233	2	1	2	0	1	0	0	11754	13632	13497	13804	13534	0.000553003	0.000467926	0.00302025	8.50774e-05	0.00297771	0.00289263	0.00372326	0.00358541	0.00369062	0.00357231	0.00360555	0.00348723	0.00373944	0.00374513	0.888889	0.75	0	906.643	394	0.5877	0.5877	10634	77	0.00724093	0.61355	0.514196	0.509689	0.49794	0.516431	0.50802	0.00429185	0.00858369	0	0.00429185	0	0	4.43083	0.0303944	True	False
6	159960000	159980000	279	168	4	0	0	0	0	0	0	9580	11239	11332	11462	11180	0.00114823	0.00120042	0.00114823	5.21921e-05	0	5.21921e-05	0.00371719	0.00394458	0.00366254	0.00392506	0.00371473	0.00397725	0.00366254	0.00392506	0.759058	0.427083	0	884.104	283	0.479	0.479	9490	69	0.00727081	0.4914	0.511249	0.503732	0.51091	0.503732	0.506124	0	0.0238095	0	0	0	0	4.41985	0.0306456	True	False
6	680000	700000	370	212	10	5	12	0	6	0	0	11372	13674	13829	14126	13410	0.00373725	0.00263806	0.00263806	0.00167077	0.00167077	0.000175871	0.00371527	0.00364587	0.00299618	0.00329923	0.00335119	0.00381439	0.00348582	0.00396892	0.806397	0.415094	0	937.783	372	0.5686	0.5686	10208	57	0.00558386	0.3752	0.665358	0.536579	0.600156	0.624266	0.587001	0.0235849	0.0471698	0	0.0283019	0	0	4.41637	0.0308968	True	False
6	122080000	122100000	260	146	1	1	1	0	0	0	0	10243	11989	13648	13626	13504	0.0028312	0.0028312	0.00292883	0	9.76276e-05	9.76276e-05	0.00370812	0.00363708	0.0021032	0.0019184	0.0021032	0.0019184	0.00220083	0.00201603	0.74504	0.564706	0	895.918	263	0.51215	0.51215	9704	35	0.00360676	0.45675	1.0281	0.583128	0.583128	0.610196	0.592151	0.00684932	0.00684932	0	0	0	0	4.40345	0.031148	True	False
6	66060000	66080000	430	236	4	0	3	0	0	0	0	13243	15473	15212	15242	15333	0.000604093	0.000679604	0.000566337	0.000264291	0.000264291	0.000339802	0.00368048	0.00358411	0.00364426	0.00342777	0.00371978	0.00350328	0.00360651	0.00339002	0.72043	0.354839	0	931.935	437	0.66215	0.66215	13149	166	0.0126245	0.23215	0.291535	0.288666	0.294647	0.285675	0.289663	0	0.0169492	0	0	0	0	4.35344	0.0313991	True	False
6	10580000	10600000	370	196	4	4	6	3	2	0	0	11136	13041	12837	12773	12803	0.00143678	0.00134698	0.00134698	0.000359195	0.000359195	0	0.00366854	0.00354382	0.00390146	0.00375484	0.00407413	0.00390944	0.00407413	0.00390944	0.743534	0.488189	0	873.89	372	0.5568	0.5568	11037	82	0.00742956	0.37895	0.493777	0.525127	0.548367	0.548367	0.540621	0.0204082	0.0204082	0.0153061	0.0102041	0	0	4.33185	0.0316503	True	False
6	74880000	74900000	342	202	6	0	1	0	1	0	0	11705	13406	13393	13603	13330	0.00380179	0.00380179	0.00388723	8.54336e-05	0.000170867	8.54336e-05	0.0036681	0.00385876	0.00140186	0.000955404	0.00140167	0.000949543	0.00148684	0.00103395	0.805254	0.510204	0	834.531	344	0.58525	0.58525	11614	63	0.00542449	0.6012	0.676211	0.258432	0.258396	0.274098	0.263642	0	0.029703	0	0.0049505	0	0	4.33104	0.0319015	True	False
6	24440000	24460000	340	182	18	0	2	0	1	0	1	9040	10520	10719	11050	10795	0.0034292	0.0045354	0.00348451	0.00320796	0.000165929	0.00326327	0.0036658	0.00375419	0.00176332	0.00145293	0.0026183	0.00253283	0.00181863	0.0015045	0.647766	0.5	0	750.02	341	0.452	0.452	8958	50	0.0055816	0.53285	0.656764	0.315916	0.469094	0.325826	0.370279	0	0.0989011	0	0.00549451	0	0.00549451	4.32688	0.0321527	True	False
6	65300000	65320000	402	233	2	0	1	0	1	0	0	12036	14118	14268	14141	13955	0.000581589	0.000581589	0.000623131	8.30841e-05	0.000124626	0.000124626	0.00364567	0.00345538	0.00397232	0.00370497	0.00397232	0.00370497	0.00401387	0.00374651	0.730994	0.53012	0	870.966	411	0.6018	0.6018	11828	153	0.0129354	0.45385	0.281837	0.307089	0.307089	0.310301	0.30816	0	0.00858369	0	0.00429185	0	0	4.29047	0.0324039	True	False
6	7420000	7440000	351	191	7	0	4	0	1	1	0	9028	10106	10349	10480	10247	0.00326761	0.00382144	0.00337838	0.00287993	0.0013292	0.00155073	0.00363375	0.00352516	0.00150819	0.00141809	0.0030219	0.00310774	0.00204351	0.00204138	0.59153	0.766667	0	706.311	367	0.4514	0.4514	5128	51	0.0099454	0.5726	0.36537	0.151647	0.303849	0.205473	0.220323	0	0.0366492	0	0.0052356	0.0052356	0	4.26891	0.0326551	True	False
6	159940000	159960000	349	207	17	0	0	0	0	0	0	10573	12386	12551	12594	12401	0.00420883	0.00425612	0.00359406	4.72903e-05	0.000945805	0.000898515	0.00362929	0.00398454	0.00250742	0.00204907	0.00255471	0.00209636	0.00258483	0.00245632	0.714939	0.532544	0	910.669	351	0.52865	0.52865	10462	70	0.00669088	0.48265	0.542424	0.374751	0.381819	0.386321	0.380964	0	0.0821256	0	0	0	0	4.26084	0.0329063	True	False
6	31400000	31420000	195	148	0	0	1	0	1	0	0	6438	7388	7494	7385	7411	0.00419385	0.00372787	0.00302889	0.00388319	0.0045045	0.00403852	0.0036238	0.00382431	0.00414113	0.00450396	0.00369219	0.00390239	0.00392283	0.00408139		0	0	934	208	0.3219	0.3219	0	0		0.7462						0	0	0	0.00675676	0	0	4.2509	0.0331575	True	False
6	164460000	164480000	367	200	7	3	5	0	2	0	0	11462	13491	13432	13535	13591	0.00113418	0.00100332	0.00100332	0.000218112	0.000218112	8.72448e-05	0.00362206	0.00382122	0.00351819	0.00365418	0.00341266	0.00360311	0.00341266	0.00360311	0.730241	0.505155	0	986.113	369	0.5731	0.5731	11248	65	0.00577881	0.5684	0.626784	0.608809	0.590547	0.590547	0.596634	0.015	0.035	0	0.01	0	0	4.24777	0.0334087	True	False
6	1060000	1080000	454	236	6	0	1	0	1	0	0	13383	15691	15557	15821	15756	0.00407233	0.00414705	0.00418441	0.000149443	0.000410969	0.000485691	0.00359882	0.00360327	0.00133531	0.00110229	0.00140952	0.00116944	0.00146921	0.00130232	0.829932	0.535354	0	986.96	461	0.66915	0.66915	13187	84	0.00636991	0.3465	0.564972	0.209627	0.221278	0.230648	0.220518	0	0.0254237	0	0.00423729	0	0	4.20572	0.0336599	True	False
6	158180000	158200000	430	240	16	2	6	1	1	0	0	12564	14870	15061	15009	14841	0.00274594	0.00278574	0.00294492	0.00031837	0.000477555	0.00031837	0.00357923	0.00348064	0.00200791	0.00200232	0.00200803	0.00200201	0.00232616	0.00232038	0.7075	0.533333	0	960.181	432	0.6282	0.6282	12184	105	0.00861786	0.35285	0.415328	0.232994	0.233008	0.269923	0.245309	0.00833333	0.0666667	0.00416667	0.00416667	0	0	4.17029	0.0339111	True	False
6	151880000	151900000	336	186	9	1	4	12	0	0	1	10390	12188	12478	12266	12161	0.000914341	0.00105871	0.000818094	0.00014437	0.000288739	0.000433109	0.00357725	0.00376355	0.00324038	0.00342669	0.00338475	0.00357106	0.00314414	0.00333044	0.7	0.767123	0	794.808	342	0.5195	0.5195	9340	93	0.00995717	0.6934	0.359263	0.325432	0.339931	0.315766	0.327043	0.00537634	0.0483871	0.0645161	0	0	0.00537634	4.1667	0.0341623	True	False
6	23760000	23780000	463	265	2	4	12	2	3	0	0	10793	12807	13085	12940	12633	0.00152877	0.00143612	0.00148244	0.00120448	0.00162142	0.00152877	0.00357043	0.00344992	0.00367473	0.00352752	0.00358208	0.00343487	0.00389298	0.00375567	0.783883	0.349057	0	939.811	476	0.53965	0.53965	9670	104	0.0107549	0.45105	0.331982	0.34168	0.333065	0.361972	0.345572	0.0150943	0.00754717	0.00754717	0.0113208	0	0	4.15438	0.0344135	True	False
6	75920000	75940000	321	169	1	1	5	0	3	0	0	11534	13564	13612	13379	13283	0.000823652	0.000736952	0.000736952	0.000260101	0.000260101	0	0.00354922	0.00360442	0.00364241	0.00364656	0.0035557	0.00355951	0.0035557	0.00355951	0.70354	0.587719	0	424.991	321	0.5767	0.5767	11432	63	0.00551085	0.4523	0.644042	0.660952	0.645219	0.645219	0.650463	0.00591716	0.00591716	0	0.0177515	0	0	4.116	0.0346647	True	False
6	38820000	38840000	377	201	20	2	7	0	3	0	0	12639	14962	14763	14870	14588	0.00316481	0.00316481	0.00284833	0.000712082	0.000751642	0.000514281	0.00353422	0.00349805	0.00156603	0.00153249	0.00156585	0.00153225	0.00196376	0.00195758	0.738318	0.611111	0	453.62	379	0.63195	0.63195	12448	82	0.0065874	0.40655	0.536512	0.237732	0.237704	0.298109	0.257848	0.00995025	0.0995025	0	0.0149254	0	0	4.08886	0.0349159	True	False
6	106980000	107000000	362	203	5	0	1	0	1	0	0	11323	13368	13330	13293	13193	0.00234037	0.002517	0.00256116	0.000529895	0.000485737	0.000309105	0.00353235	0.00397157	0.00291946	0.0028363	0.00304036	0.00293074	0.00308431	0.00297279	0.760417	0.444444	0	674.63	366	0.56615	0.56615	11235	82	0.00729862	0.44055	0.483975	0.400001	0.416566	0.422588	0.413052	0	0.0246305	0	0.00492611	0	0	4.08548	0.035167	True	False
6	64200000	64220000	265	129	5	3	6	0	2	0	0	9860	11719	11728	11690	11378	0.00248479	0.00431034	0.00436105	0.0020284	0.00207911	5.07099e-05	0.00353153	0.00239605	0.00215122	0.00224276	0.00112587	0.00244443	0.00117658	0.00249514	0.480159	0.659091	0	512.818	265	0.493	0.493	9709	48	0.00494387	0.46335	0.714325	0.435128	0.227731	0.237988	0.300282	0.0232558	0.0387597	0	0.0155039	0	0	4.084	0.0354182	True	True
6	119500000	119520000	397	229	3	0	2	1	1	0	1	12212	14376	14382	14286	14060	0.000655093	0.000655093	0.000818867	8.18867e-05	0.00024566	0.000163773	0.00352617	0.002729	0.00344559	0.00254709	0.00344528	0.0025436	0.00360906	0.00270737	0.831715	0.38835	0	730.35	399	0.6106	0.6106	12113	60	0.00495336	0.3211	0.711875	0.695608	0.695545	0.728608	0.706587	0	0.0131004	0.00436681	0.00436681	0	0.00436681	4.07431	0.0356694	True	False
6	21000000	21020000	313	159	25	0	1	0	1	0	0	11944	13786	13780	13964	13887	0.00368386	0.00368386	0.003642	8.3724e-05	4.1862e-05	4.1862e-05	0.00352075	0.00345682	0.000935198	0.000901683	0.000932728	0.000891117	0.000893336	0.000859821	0.634615	0.576087	0	934.75	315	0.5972	0.5972	11838	62	0.00523737	0.37195	0.672236	0.178562	0.178091	0.170569	0.175741	0	0.157233	0	0.00628931	0	0	4.06449	0.0359206	True	False
6	31440000	31460000	216	145	0	0	0	0	0	0	0	6891	8113	8162	8202	8261	0.00355536	0.00232187	0.00232187	0.00355536	0.00355536	0.000217675	0.00350785	0.0033406	0.00378497	0.00384589	0.0029586	0.0030451	0.00303116	0.00311766	0.833333	0.0791367	0	934	225	0.34455	0.34455	0	0		0.41295						0	0	0	0	0	0	4.04117	0.0361718	True	False
6	142600000	142620000	322	180	17	4	4	0	0	0	0	11000	12680	12830	12858	12677	0.00363636	0.00363636	0.00363636	0	0	0	0.00349868	0.00334371	0.00139575	0.00124607	0.00139575	0.00124607	0.00139575	0.00124607	0.779343	0.619718	0	865.465	323	0.55	0.55	10915	37	0.00338983	0.53205	1.03211	0.411745	0.411745	0.411745	0.411745	0.0222222	0.0944444	0	0	0	0	4.02458	0.036423	True	False
6	169320000	169340000	451	249	14	2	3	0	0	0	0	11592	13922	13575	13752	13623	0.00383885	0.00392512	0.00401139	8.62664e-05	0.000172533	0.0001294	0.00349854	0.00375367	0.00158175	0.00120983	0.00166802	0.00129601	0.00175429	0.00138219	0.822797	0.63	0	994	456	0.5796	0.5796	11450	83	0.00724891	0.3486	0.48263	0.218206	0.230106	0.242007	0.230106	0.00803213	0.0562249	0	0	0	0	4.02433	0.0366742	True	False
6	115320000	115340000	286	161	8	2	5	0	3	0	0	6857	8230	8172	8048	8072	0.00145836	0.00102085	0.00102085	0.000437509	0.000437509	0	0.00349392	0.00236434	0.00349392	0.00236434	0.00305641	0.00192683	0.00305641	0.00192683	0.578947	0.631579	0	857	289	0.34285	0.34285	6768	65	0.00960402	0.6226	0.363798	0.363798	0.318243	0.318243	0.333428	0.0124224	0.0496894	0	0.0186335	0	0	4.01596	0.0369254	True	False
6	95220000	95240000	281	166	15	0	1	0	0	1	0	9522	11039	11229	11178	11143	0.0036757	0.00383323	0.00378072	0.00015753	0.00010502	5.251e-05	0.00348917	0.00350747	0.00183425	0.000882871	0.00199066	0.0010216	0.00193815	0.000969093	0.809524	0.574468	0	951.202	282	0.4761	0.4761	9426	64	0.00678973	0.595	0.51389	0.27015	0.293187	0.285454	0.28293	0	0.0903614	0	0	0.0060241	0	4.00738	0.0371766	True	False
6	164340000	164360000	437	248	4	4	10	1	1	1	0	12652	14616	14850	15175	14858	0.00375435	0.00237117	0.00241069	0.00225261	0.00205501	0.00217357	0.00348727	0.00406951	0.00233362	0.00176137	0.00291017	0.00293622	0.00289229	0.00289725	0.85873	0.383929	0	987.777	442	0.6326	0.6326	12506	100	0.00799616	0.31315	0.436118	0.291843	0.363946	0.36171	0.339167	0.016129	0.016129	0.00403226	0.00403226	0.00403226	0	4.00393	0.0374278	True	False
6	165580000	165600000	412	249	9	1	5	0	1	0	0	13429	15487	15710	16137	15542	0.00372329	0.00379775	0.00372329	0.000335096	0.000297863	0.000297863	0.00348549	0.00298147	0.00173742	0.00218644	0.00181188	0.00226091	0.00173742	0.00218644	0.872807	0.620253	0	981.873	419	0.67145	0.67145	13283	118	0.00888354	0.5	0.392353	0.195577	0.20396	0.195577	0.198371	0.00401606	0.0361446	0	0.00401606	0	0	4.00071	0.037679	True	False
6	151380000	151400000	335	185	4	0	5	9	2	0	0	10437	12508	12900	12741	12415	0.00119766	0.00143719	0.00119766	0.00095813	0.00081441	0.000862317	0.00348412	0.00289624	0.00336252	0.00294291	0.00337397	0.00303128	0.00327555	0.00284347	0.721122	0.557692	0	940.654	338	0.52185	0.52185	10266	86	0.00837717	0.5621	0.415907	0.401391	0.402757	0.391009	0.398386	0	0.0216216	0.0486486	0.0108108	0	0	3.99824	0.0379302	True	False
6	164420000	164440000	465	247	7	6	9	9	3	0	0	13478	15718	15922	15829	15674	0.00126131	0.00118712	0.00115002	0.000222585	0.000185487	0.000111292	0.0034823	0.00341867	0.00330853	0.0032129	0.00323433	0.00313871	0.00319723	0.00310161	0.904639	0.42268	0	979.206	469	0.6739	0.6739	13317	92	0.00690846	0.29725	0.504063	0.478909	0.468169	0.4628	0.469959	0.0242915	0.0283401	0.0364372	0.0121457	0	0	3.99494	0.0381814	True	False
6	148260000	148280000	344	200	11	2	3	0	0	0	0	10751	12832	12757	12840	12632	0.00372058	0.00372058	0.00376709	0.000139522	0.000139522	0.000139522	0.00347968	0.00367876	0.00146653	0.00127599	0.00146653	0.00127599	0.00151297	0.00132287	0.878571	0.3125	0	914.09	349	0.53755	0.53755	9646	71	0.00736056	0.36805	0.472746	0.199242	0.199242	0.20555	0.201345	0.01	0.055	0	0	0	0	3.9902	0.0384326	True	False
6	95180000	95200000	354	187	2	0	2	0	1	1	0	12260	14265	14399	14774	14513	0.00379282	0.00383361	0.00379282	0.000203915	0.000163132	4.0783e-05	0.00347831	0.0038339	0.00100045	0.000793817	0.00104037	0.00082	0.000999584	0.000779217	0.813301	0.587719	0	966.36	357	0.613	0.613	11630	67	0.00576096	0.60075	0.603773	0.17366	0.180589	0.17351	0.17592	0	0.0106952	0	0.00534759	0.00534759	0	3.98773	0.0386837	True	False
6	5580000	5600000	236	125	5	0	0	0	0	0	0	7496	8802	8734	8790	8776	0.00106724	0.00113394	0.00113394	6.67022e-05	0.000133404	0.000133404	0.00347792	0.00341962	0.0031577	0.0030609	0.00322429	0.0031268	0.0032244	0.0031276	0.862179	0.283019	0	987.981	237	0.3748	0.3748	7397	77	0.0104096	0.3052	0.334107	0.303345	0.309742	0.309753	0.307613	0	0.04	0	0	0	0	3.98702	0.0389349	True	False
6	138480000	138500000	356	205	10	0	3	0	2	0	0	12161	14088	15086	14697	14521	0.00197352	0.00189129	0.00193241	0.00024669	0.000205575	0.000205575	0.00347323	0.00362793	0.00240431	0.00250779	0.00232208	0.00242556	0.00236319	0.00246667	0.826923	0.56962	0	853.253	362	0.60805	0.60805	11998	91	0.0075846	0.47255	0.457932	0.316999	0.306157	0.311578	0.311578	0	0.0487805	0	0.0097561	0	0	3.97855	0.0391861	True	False
6	97180000	97200000	310	150	20	2	3	0	0	1	0	12083	14440	14401	14791	14705	0.00285525	0.00289663	0.00293801	4.13805e-05	8.27609e-05	0.000124141	0.00347039	0.00353689	0.00176088	0.00189359	0.00180226	0.00193493	0.00184357	0.00197397	0.917969	0.230769	0	816.831	311	0.60415	0.60415	11996	61	0.00508503	0.32115	0.682472	0.346287	0.354425	0.362549	0.35442	0.0133333	0.133333	0	0	0.00666667	0	3.9734	0.0394373	True	False
6	31180000	31200000	197	135	0	0	5	0	0	5	0	6294	7580	7611	7752	7377	0.00222434	0.00413092	0.0017477	0.0038926	0.00230378	0.00421036	0.00346991	0.00371242	0.00331284	0.00363788	0.00373943	0.00416783	0.00354922	0.00379123	0.516106	0.741935	0	932.468	201	0.3147	0.3147	5631	51	0.00905701	0.7825	0.383118	0.365776	0.412877	0.391876	0.390176	0	0	0	0	0.037037	0	3.97253	0.0396885	True	False
6	120780000	120800000	285	160	1	0	0	0	0	0	0	9051	10238	10324	10266	10123	0.000773395	0.000773395	0.000773395	0	0	0	0.00345651	0.00362416	0.00303629	0.0031965	0.00303629	0.0031965	0.00303629	0.0031965	0.64794	0.815217	0	907.152	289	0.45255	0.45255	8971	63	0.00702263	0.79665	0.492196	0.432359	0.432359	0.432359	0.432359	0	0.00625	0	0	0	0	3.9483	0.0399397	True	True
6	27280000	27300000	247	134	1	0	0	0	0	0	0	11578	13459	13777	13708	13091	0.00289342	0.00306616	0.00302297	0.000259112	0.000215927	4.31854e-05	0.00345582	0.00333925	0.000906737	0.000890309	0.00115853	0.0011271	0.00111535	0.00108392		0	0		253	0.5789	0.5789	11470	51	0.00444638	0.6728	0.777221	0.203927	0.260557	0.250844	0.238443	0	0.00746269	0	0	0	0	3.94705	0.0401909	True	False
6	33060000	33080000	15	15	2	0	0	0	0	0	0	8315	9785	9574	9646	9628	0.00078172	0.00366807	0.00360794	0.00354781	0.00348767	0.00324714	0.0034544	0.00224872	0.00333413	0.00212845	0.00349774	0.00360817	0.00338011	0.00351636	0.803922	0.594595	0	856	390	0.41575	0.41575	0	0		0.6124						0	0.133333	0	0	0	0	3.94447	0.0404421	True	False
6	146660000	146680000	403	216	15	0	1	0	1	0	0	14141	16307	16404	16079	16285	0.00342974	0.00342974	0.00335903	0.000141433	7.07164e-05	7.07164e-05	0.00345348	0.00333522	0.000671961	0.000866226	0.000671961	0.000866226	0.000601245	0.00079551	0.873418	0.275	0	728.55	406	0.70705	0.70705	14009	92	0.00656721	0.26365	0.525866	0.102321	0.102321	0.0915525	0.0987312	0	0.0694444	0	0.00462963	0	0	3.9428	0.0406933	True	False
6	93520000	93540000	273	163	2	0	5	0	3	0	0	9989	11876	11880	11851	11687	0.00125138	0.00115127	0.00180198	0.000900991	0.00105116	0.00105116	0.00345209	0.00390993	0.00324974	0.00362116	0.00310078	0.00344134	0.0030418	0.00333001	0.830729	0.54902	0	938.069	275	0.49945	0.49945	9899	74	0.0074755	0.5159	0.461787	0.434719	0.414792	0.406902	0.418805	0	0.0122699	0	0.0184049	0	0	3.94029	0.0409445	True	False
6	41280000	41300000	405	241	1	0	5	0	5	0	0	13255	15115	15239	15316	15061	0.00169747	0.00475292	0.00475292	0.00426254	0.00426254	0	0.00344005	0.00343924	0.00283466	0.00288406	0.00262994	0.00244696	0.00262994	0.00244696		0.587302	0		413	0.66275	0.66275	13122	51	0.0038866	0.59555	0.885106	0.729341	0.676667	0.676667	0.694225	0	0.00414938	0	0.0207469	0	0	3.91852	0.0411957	True	False
6	65400000	65420000	283	155	6	0	0	0	0	0	0	8395	9589	9772	9564	9698	0.000893389	0.00262061	0.00250149	0.00196546	0.00196546	0.000119119	0.00343552	0.00362777	0.00289858	0.00308345	0.0021311	0.00248523	0.0020127	0.00237795		0.828125	0		285	0.41975	0.41975	8349	67	0.00802491	0.7807	0.428107	0.361198	0.265561	0.250806	0.292522	0	0.0387097	0	0	0	0	3.91032	0.0414469	True	True
6	3320000	3340000	421	235	12	2	5	0	1	0	0	12966	15361	15589	15180	15049	0.0035863	0.00312355	0.0032778	0.00192812	0.000848373	0.001234	0.00343116	0.00320646	0.00234223	0.00281347	0.00230598	0.00219065	0.0022886	0.0024637	0.923611	0.291667	0	962.903	426	0.6483	0.6483	12779	94	0.00735582	0.30455	0.466455	0.318418	0.31349	0.311128	0.314345	0.00851064	0.0510638	0	0.00425532	0	0	3.90243	0.0416981	True	False
6	75640000	75660000	404	230	2	1	3	0	2	0	0	12895	15358	14986	15407	14832	0.000504071	0.000426522	0.000426522	7.75494e-05	7.75494e-05	0	0.00342796	0.00356375	0.00338848	0.00352466	0.00331093	0.00344711	0.00331093	0.00344711	0.883333	0.10989	0	703.8	410	0.64475	0.64475	12565	74	0.00588938	0.2407	0.582057	0.575355	0.562187	0.562187	0.566577	0.00434783	0.00869565	0	0.00869565	0	0	3.89664	0.0419493	True	False
6	48420000	48440000	387	219	2	0	1	3	0	0	0	11041	12804	12861	12842	12875	0.000951001	0.00108686	0.00104157	0.000317	0.000271715	0.000135857	0.00342343	0.00285197	0.00330223	0.00276409	0.00325694	0.00271871	0.00321166	0.00267343	0.77381	0.392857	0	862.446	392	0.55205	0.55205	10658	111	0.0104147	0.4717	0.328711	0.317074	0.312726	0.308377	0.312726	0	0.00913242	0.0136986	0	0	0	3.88845	0.0422005	True	False
6	105660000	105680000	184	100	4	0	1	2	0	0	0	6666	7658	7687	7748	7606	0.000525053	0.00060006	0.000450045	7.50075e-05	7.50075e-05	0.000150015	0.00341715	0.00393353	0.00307388	0.00355879	0.00314889	0.0036338	0.00299887	0.00348378	0.622685	0.693333	0	889.173	184	0.3333	0.3333	6617	44	0.00664954	0.6898	0.513892	0.46227	0.47355	0.45099	0.46227	0	0.04	0.02	0	0	0	3.87709	0.0424516	True	False
6	82660000	82680000	225	115	6	3	5	0	0	2	0	8312	9906	10052	9763	9486	0.000842156	0.000962464	0.00090231	0.000180462	0.000120308	0.000240616	0.00341671	0.0033676	0.00317609	0.00312699	0.0032964	0.00324729	0.00323625	0.00318714	0.74061	0.636364	0	842.26	227	0.4156	0.4156	8249	38	0.00460662	0.60325	0.741696	0.689463	0.715579	0.702521	0.702521	0.026087	0.0521739	0	0	0.0173913	0	3.8763	0.0427028	True	False
6	169260000	169280000	500	270	7	5	6	0	1	0	0	11782	14522	14211	14247	13928	0.00258869	0.00250382	0.00250382	0.000424376	8.48752e-05	0.000339501	0.00341066	0.00340491	0.00387622	0.00395979	0.00383365	0.00390883	0.00379134	0.00387491	0.820238	0.442857	0	994	507	0.5891	0.5891	11417	108	0.00945958	0.2379	0.360551	0.409766	0.405267	0.400794	0.405276	0.0185185	0.0259259	0	0.0037037	0	0	3.86535	0.042954	True	False
6	149460000	149480000	380	220	17	4	6	0	1	0	0	12271	14310	14422	14355	14292	0.00378942	0.00378942	0.00374868	0.000244479	0.000325972	0.000203732	0.00339421	0.00331715	0.0014983	0.00151019	0.00163282	0.00167285	0.00159195	0.00163211	0.880137	0.697368	0	868.118	384	0.61355	0.61355	12172	59	0.00484719	0.62805	0.700244	0.309108	0.336859	0.328427	0.324798	0.0181818	0.0772727	0	0.00454545	0	0	3.8356	0.0432052	True	False
6	46300000	46320000	387	201	10	1	3	0	1	0	0	13028	15070	15250	15142	15001	0.00372275	0.00353086	0.00360761	0.000191894	0.000115137	7.67578e-05	0.00339124	0.00278485	0.00102973	0.00208776	0.000849332	0.00189587	0.000920341	0.00197263	0.783163	0.494949	0	778.98	389	0.6514	0.6514	12724	72	0.0056586	0.5163	0.599308	0.181976	0.150096	0.162645	0.164905	0.00497512	0.0497512	0	0.00497512	0	0	3.83023	0.0434564	True	False
6	168540000	168560000	397	245	3	0	3	0	2	1	0	9013	11082	11114	11104	10594	0.00105403	0.000998558	0.000998558	0.000499279	0.000721181	0.000443803	0.00338988	0.00301541	0.00299736	0.00268003	0.00288028	0.00247268	0.00281868	0.00232104	0.757114	0.741176	0	992.165	403	0.45065	0.45065	8886	94	0.0105784	0.52895	0.320453	0.283347	0.27228	0.266457	0.274028	0	0.0122449	0	0.00816327	0.00408163	0	3.82777	0.0437076	True	False
6	82620000	82640000	335	178	4	3	3	0	0	0	0	12348	14318	14499	14397	14111	0.00226757	0.00230807	0.00230807	4.04924e-05	4.04924e-05	8.09848e-05	0.00337503	0.00337617	0.00202424	0.00212536	0.00206473	0.00216586	0.00206473	0.00216586	0.797297	0.621622	0	837.203	340	0.6174	0.6174	12207	76	0.00622594	0.5431	0.542092	0.32513	0.331634	0.331634	0.329466	0.0168539	0.0224719	0	0	0	0	3.8009	0.0439588	True	False
6	18440000	18460000	335	184	8	4	4	0	0	0	0	12412	14625	14586	14560	14581	0.00390751	0.00390751	0.00398808	0	8.05672e-05	8.05672e-05	0.00337419	0.00327211	0.0012113	0.0016106	0.0012113	0.0016106	0.00129187	0.00169117	0.863296	0.382022	0	752.09	336	0.6206	0.6206	12323	51	0.0041386	0.36785	0.815298	0.292684	0.292684	0.312152	0.299173	0.0217391	0.0434783	0	0	0	0	3.79939	0.04421	True	False
6	160720000	160740000	314	197	5	2	2	0	0	0	0	9712	11498	11523	11455	11288	0.00458196	0.00463344	0.00463344	0.000257414	0.000257414	5.14827e-05	0.00335732	0.00416135	0.00388049	0.00451732	0.00393244	0.00457024	0.00393244	0.00457024	0.420455	0.782609	0	856	317	0.4856	0.4856	9579	70	0.00730765	0.7469	0.459426	0.531017	0.538127	0.538127	0.535757	0.0101523	0.0253807	0	0	0	0	3.76887	0.0444612	True	True
6	29720000	29740000	276	185	0	0	0	0	0	0	0	9704	11461	11362	11614	11399	0.00113355	0.00180338	0.0010305	0.00139118	0.000875927	0.00149423	0.00335366	0.00290584	0.00308677	0.00271511	0.00338369	0.00298102	0.00310494	0.00270742		0	0		323	0.4852	0.4852	0	0		0.48315						0	0	0	0	0	0	3.76224	0.0447124	True	False
6	130100000	130120000	321	170	1	1	3	12	2	0	0	10835	12943	13272	13258	12805	0.000738348	0.000323027	0.000323027	0.000784495	0.000784495	0	0.00334364	0.00341845	0.00308122	0.00318561	0.00357437	0.00364588	0.00357437	0.00364588	0.789894	0.723404	0	933.745	323	0.54175	0.54175	10738	66	0.0061464	0.67395	0.543999	0.501305	0.581539	0.581539	0.554794	0.00588235	0.00588235	0.0705882	0.0117647	0	0	3.74411	0.0449636	True	False
6	25100000	25120000	384	204	7	4	10	0	2	0	0	12863	15709	15744	15841	15459	0.00241001	0.00248776	0.000894037	0.00206017	0.00198243	0.00198243	0.00333788	0.00379937	0.00238311	0.0027466	0.00246074	0.00282434	0.00322127	0.00368276	0.85098	0.593023	0	835.5	391	0.64315	0.64315	12749	92	0.00721625	0.4628	0.462551	0.330243	0.341	0.446391	0.372545	0.0196078	0.0343137	0	0.00980392	0	0	3.7337	0.0452148	True	False
6	168520000	168540000	576	312	17	5	7	1	0	0	0	13096	15585	15842	15428	15718	0.00274893	0.00293983	0.00267257	0.000419976	0.000343616	0.000419976	0.00333446	0.00333356	0.00274934	0.00212082	0.00290725	0.00225608	0.0026069	0.00193547	0.914286	0.351351	0	988	585	0.6548	0.6548	12404	130	0.0104805	0.3162	0.318159	0.262329	0.277397	0.248738	0.262821	0.0160256	0.0544872	0.00320513	0	0	0	3.72751	0.045466	True	False
6	31020000	31040000	298	197	0	0	12	0	10	0	0	9625	11598	11755	12154	11060	0.0025974	0.00280519	0.00244156	0.00353247	0.00306494	0.00431169	0.00332904	0.0035135	0.00389385	0.00406221	0.00355471	0.00338433	0.00332726	0.00386174	0.583333	0.60355	0	929	299	0.48125	0.48125	9552	63	0.00659548	0.48965	0.504746	0.590381	0.538962	0.504476	0.544606	0	0	0	0.0507614	0	0	3.7177	0.0457172	True	False
6	79160000	79180000	345	230	3	0	1	0	1	0	0	9738	11391	11355	11611	11189	0.00318341	0.00318341	0.0032861	0.00010269	0.000205381	0.00010269	0.00332784	0.00343895	0.00273033	0.00242663	0.00273018	0.00242367	0.0028324	0.00252227	0.685833	0.578431	0	887.255	345	0.4869	0.4869	9635	61	0.00633108	0.6173	0.525635	0.431259	0.431235	0.44738	0.436625	0	0.0130435	0	0.00434783	0	0	3.71553	0.0459683	True	False
6	163380000	163400000	390	223	6	2	5	0	0	1	0	13092	15366	15369	15493	14831	0.00492667	0.00507944	0.00496486	0.00030553	0.000267339	0.000343721	0.0033273	0.00256408	0.00286517	0.00363582	0.00301793	0.00378859	0.00290336	0.00367401	0.665	0.431373	0	964.353	393	0.6546	0.6546	8003	38	0.00474822	0.3812	0.700747	0.60342	0.635593	0.611463	0.616825	0.00896861	0.0269058	0	0	0.0044843	0	3.71456	0.0462195	True	False
6	42140000	42160000	380	219	7	0	2	0	0	0	0	11820	13878	13831	13906	13680	0.00279188	0.0035533	0.0037225	0.00126904	0.00143824	0.000169205	0.00332578	0.00339431	0.00185518	0.00188131	0.00195383	0.00215894	0.00212304	0.00232815	0.61413	0.591398	0	773.591	381	0.591	0.591	11674	85	0.00728114	0.41335	0.456766	0.254792	0.268342	0.29158	0.271571	0	0.0319635	0	0	0	0	3.71181	0.0464707	True	False
6	159820000	159840000	446	244	6	28	30	1	0	2	0	12177	13990	14034	13933	14218	0.00591279	0.00500944	0.00591279	0.00201199	8.2122e-05	0.00205305	0.00332525	0.00329382	0.00520567	0.00518147	0.00385379	0.00382667	0.00520567	0.00518147	0.821023	0.51087	0	911	455	0.60885	0.60885	12011	102	0.00849222	0.519	0.391565	0.612992	0.453802	0.612992	0.559929	0.114754	0.0245902	0.00409836	0	0.00819672	0	3.71086	0.0467219	True	False
6	162120000	162140000	405	213	16	3	6	0	0	2	0	12778	15204	15052	15035	14856	0.00399123	0.00395211	0.00399123	0.000469557	0.000234779	0.000352168	0.00332477	0.00334614	0.00146169	0.001351	0.00149698	0.00149476	0.0014971	0.00148861	0.814912	0.438095	0	985.905	406	0.6389	0.6389	12613	111	0.00880044	0.4147	0.377796	0.166093	0.170103	0.170116	0.168771	0.0140845	0.0751174	0	0	0.00938967	0	3.70998	0.0469731	True	False
6	51660000	51680000	345	205	1	0	2	5	0	0	0	10720	12133	12330	12142	12036	0.00051306	0.000606343	0.000606343	0.000559701	0.000559701	0.000559701	0.00331385	0.00406359	0.00331611	0.00405163	0.00340714	0.00415669	0.00340714	0.00415669	0.75	0.557692	0	674.635	349	0.536	0.536	10295	71	0.00689655	0.52955	0.480509	0.480836	0.494035	0.494035	0.489635	0	0.00487805	0.0243902	0	0	0	3.69023	0.0472243	True	False
6	168980000	169000000	357	230	4	0	0	0	0	0	0	9589	11395	11605	11798	11221	0.00260715	0.00328501	0.00307644	0.000730003	0.000573574	0.000208572	0.00330887	0.00344092	0.00211198	0.00229048	0.00264912	0.00277011	0.00244497	0.00256237	0.681319	0.46875	0	986.625	360	0.47945	0.47945	9455	80	0.00846113	0.2678	0.391068	0.24961	0.313093	0.288965	0.283889	0	0.0173913	0	0	0	0	3.68123	0.0474755	True	False
6	21040000	21060000	290	168	18	0	1	0	1	0	0	10640	12503	12195	12223	12145	0.0037594	0.00371241	0.0037594	0.000140977	0.00018797	0.000140977	0.00330707	0.00328308	0.00245011	0.00228566	0.00239977	0.00222531	0.00245011	0.00228566	0.722619	0.472222	0	918.542	291	0.532	0.532	10551	64	0.00606578	0.49565	0.545201	0.403924	0.395625	0.403924	0.401158	0	0.107143	0	0.00595238	0	0	3.67796	0.0477267	True	False
6	164600000	164620000	421	238	9	2	5	9	1	2	0	13182	15116	15297	15119	14912	0.00189653	0.00197239	0.00183963	0.000227583	0.000379305	0.000379305	0.00329835	0.00320285	0.00281071	0.00265284	0.00290998	0.00275517	0.00266558	0.00254863	0.787671	0.337838	0	977.095	424	0.6591	0.6591	12773	88	0.00688953	0.28555	0.478748	0.407969	0.422377	0.386903	0.405749	0.00840336	0.0378151	0.0378151	0.00420168	0.00840336	0	3.66219	0.0479779	True	False
6	14580000	14600000	435	262	7	2	4	0	0	0	0	13557	15384	15418	15449	15271	0.00324556	0.00324556	0.00313491	0	0.000258169	0.000258169	0.00329583	0.00341999	0.00283283	0.0026884	0.00283283	0.0026884	0.00272219	0.00257775	0.865385	0.397436	0	915.833	439	0.67785	0.67785	13436	75	0.00558202	0.36725	0.590437	0.507492	0.507492	0.487671	0.500885	0.00763359	0.0267176	0	0	0	0	3.65764	0.0482291	True	False
6	159880000	159900000	402	236	12	4	4	0	0	0	0	11728	13941	13885	13725	13893	0.00221692	0.00234482	0.00225955	0.000127899	0.000127899	0.000255798	0.00329351	0.00298037	0.0027174	0.00251497	0.0028453	0.00264287	0.00276004	0.00255761	0.787879	0.607843	0	924.549	407	0.5864	0.5864	11618	80	0.00688587	0.4804	0.4783	0.394635	0.413209	0.400826	0.40289	0.0169492	0.0508475	0	0	0	0	3.65344	0.0484803	True	False
6	24940000	24960000	309	189	3	3	7	0	2	1	0	10667	12577	12662	12783	12363	0.00328115	0.0024843	0.00243742	0.00164057	0.0015937	0.000234368	0.00329105	0.00409644	0.00273861	0.00218844	0.00346369	0.00300734	0.00341682	0.00296065	0.707711	0.605634	0	902.254	313	0.53335	0.53335	4038	24	0.00594354	0.51055	0.553718	0.46077	0.582766	0.574879	0.539472	0.015873	0.015873	0	0.010582	0.00529101	0	3.64898	0.0487315	True	False
6	66920000	66940000	326	189	3	0	0	0	0	0	0	11125	12791	12816	12890	12819	0.000674157	0.00058427	0.000764045	8.98876e-05	8.98876e-05	0.000179775	0.0032883	0.00274331	0.00332686	0.00260991	0.00323846	0.00256434	0.00341675	0.0026998	0.613636	0.818182	0	958.591	328	0.55625	0.55625	10990	95	0.00864422	0.5872	0.380404	0.384865	0.374639	0.395264	0.384923	0	0.015873	0	0	0	0	3.644	0.0489827	True	True
6	168400000	168420000	396	230	3	0	4	0	2	0	0	10358	12350	12362	12417	12294	0.00357212	0.00366866	0.00366866	0.000386175	0.000482719	0.000386175	0.00328727	0.00293567	0.0026331	0.0028719	0.00272935	0.0029624	0.00272906	0.0029564	0.864198	0.674157	0	976	399	0.5179	0.5179	9514	69	0.00725247	0.5589	0.453262	0.363062	0.376334	0.376294	0.371896	0	0.0130435	0	0.00869565	0	0	3.64214	0.0492339	True	False
6	41200000	41220000	238	127	4	0	0	0	0	0	0	7405	8356	8582	8678	8570	0.00364619	0.00364619	0.00364619	0	0	0	0.00328724	0.0032353	0.00232016	0.00204275	0.00232016	0.00204275	0.00232016	0.00204275	0.810307	0.513158	0	906.592	239	0.37025	0.37025	7323	74	0.0101051	0.50525	0.325305	0.229603	0.229603	0.229603	0.229603	0	0.0314961	0	0	0	0	3.64209	0.0494851	True	False
6	122680000	122700000	365	207	8	4	7	0	2	0	0	11019	12900	13122	13240	12703	0.00131591	0.00117978	0.00131591	0.000136129	0.000181505	0.000136129	0.00328572	0.00338355	0.00313283	0.00324724	0.00299671	0.00311111	0.00313283	0.00324724	0.837165	0.647727	0	768.227	370	0.55095	0.55095	10951	98	0.00894895	0.68235	0.367162	0.350078	0.334867	0.350078	0.345008	0.0193237	0.0386473	0	0.00966184	0	0	3.63934	0.0497362	True	False
6	23000000	23020000	347	206	1	2	4	0	2	0	0	13230	14933	14921	15213	15041	0.00196523	0.000226757	0.000302343	0.00188964	0.00196523	7.55858e-05	0.00327465	0.00344286	0.00192732	0.00207632	0.00335023	0.00351844	0.00342582	0.00359403	0.926056	0.324324	0	961.635	350	0.6615	0.6615	13119	98	0.00747008	0.4637	0.438369	0.258006	0.448487	0.458606	0.388366	0.00970874	0.00485437	0	0.00970874	0	0	3.61932	0.0499874	True	False
6	65700000	65720000	318	179	4	0	1	0	1	0	0	9463	10601	10572	10736	10800	0.000898235	0.000845398	0.000845398	5.28374e-05	0.000264187	0.000211349	0.00326741	0.00311049	0.00330412	0.00308369	0.00325128	0.00303086	0.00325224	0.0030525	0.50641	0.573034	0	922.278	321	0.47315	0.47315	9249	75	0.00810898	0.4962	0.402937	0.407464	0.400949	0.401066	0.40316	0	0.0223464	0	0.00558659	0	0	3.60622	0.0502386	True	False
6	87260000	87280000	349	179	3	0	4	12	4	0	0	9363	11089	10660	10961	10827	0.000587419	0.000480615	0.000373812	0.00032041	0.000213607	0.000106803	0.00326515	0.00327408	0.00331855	0.00332748	0.00321175	0.00322068	0.00310494	0.00311387	0.683532	0.643678	0	824	354	0.46815	0.46815	8981	88	0.00979846	0.61645	0.333231	0.338681	0.327781	0.316881	0.327781	0	0.0167598	0.0670391	0.0223464	0	0	3.60213	0.0504898	True	False
6	143880000	143900000	383	220	0	8	8	0	0	0	0	11787	13815	13791	13870	13742	0.00479342	0.00267244	0.00267244	0.0025876	0.0025876	0.0025876	0.00326377	0.00343225	0.00330463	0.00312963	0.00338729	0.00337134	0.00338729	0.00337134	0.715909	0.76	0	883.08	385	0.58935	0.58935	11685	52	0.00445015	0.44235	0.733406	0.742589	0.761163	0.761163	0.754972	0.0363636	0	0	0	0	0	3.59963	0.050741	True	False
6	170540000	170560000	482	262	13	2	4	1	1	1	0	11814	14293	14671	14586	14473	0.00292026	0.00313188	0.00321652	0.000296259	0.000380904	0.000169291	0.00326156	0.00302517	0.0023305	0.00230834	0.00231218	0.00227754	0.00233478	0.00229024	0.817511	0.345679	0	954.654	485	0.5907	0.5907	11654	101	0.00866655	0.1629	0.376339	0.268907	0.266794	0.269401	0.268367	0.00763359	0.0496183	0.00381679	0.00381679	0.00381679	0	3.59564	0.0509922	True	False
6	132440000	132460000	391	196	16	0	0	4	0	0	0	12938	15795	15883	15608	15470	0.00231875	0.00239604	0.00231875	7.72917e-05	0	7.72917e-05	0.00325988	0.00328431	0.00110132	0.0012652	0.00117861	0.00134249	0.00110132	0.0012652	0.865591	0.403226	0	825.258	394	0.6469	0.6469	12655	91	0.00719083	0.35905	0.453338	0.153156	0.163905	0.153156	0.156739	0	0.0816327	0.0204082	0	0	0	3.5926	0.0512434	True	False
6	70140000	70160000	287	136	4	3	3	0	0	0	0	6799	7912	8010	7661	7924	0.000882483	0.00132372	0.00132372	0.000441241	0.000441241	0	0.00325905	0.00314736	0.00296477	0.0028532	0.0034059	0.00329444	0.0034059	0.00329444	0.502222	0.809524	0	723.952	289	0.33995	0.33995	6736	38	0.00564133	0.6962	0.57771	0.525545	0.60374	0.60374	0.577675	0.0220588	0.0294118	0	0	0	0	3.5911	0.0514946	True	True
6	141920000	141940000	314	162	6	1	3	15	2	0	0	10278	11968	11811	12134	11750	0.000632419	0.000827009	0.000729714	0.000583771	0.000486476	9.72952e-05	0.00325622	0.00339072	0.00320757	0.00334207	0.00340216	0.00353666	0.00330486	0.00343937	0.777778	0.686275	0	933.471	319	0.5139	0.5139	9921	42	0.00423344	0.6272	0.769166	0.757675	0.80364	0.780657	0.780657	0.00617284	0.037037	0.0925926	0.0123457	0	0	3.58597	0.0517458	True	False
6	81240000	81260000	357	184	14	3	5	0	0	0	2	13056	15328	15266	15192	15272	0.00352328	0.00356158	0.00359988	3.82966e-05	7.65931e-05	0.00011489	0.00324743	0.00326759	0.000852305	0.000780622	0.000890602	0.000818919	0.000928899	0.000857062	0.921498	0.362319	0	794.145	359	0.6528	0.6528	12983	68	0.00523762	0.3994	0.620019	0.162728	0.170039	0.177351	0.170039	0.0163043	0.076087	0	0	0	0.0108696	3.57007	0.051997	True	False
6	168580000	168600000	484	274	8	2	4	1	1	0	0	12355	14409	14678	14417	14553	0.000890328	0.00072845	0.000809389	0.000323756	0.000404694	8.09389e-05	0.00324662	0.00328876	0.00296424	0.00294875	0.0030038	0.00304594	0.00308474	0.00312688	0.894366	0.361111	0	994	487	0.61775	0.61775	12156	127	0.0104475	0.2904	0.310756	0.283727	0.287514	0.295261	0.288834	0.00729927	0.0291971	0.00364964	0.00364964	0	0	3.56862	0.0522482	True	False
6	110780000	110800000	322	185	2	4	4	1	0	0	0	10311	11788	12094	12214	11990	0.00227912	0.00441276	0.00431578	0.00223063	0.00218214	9.69838e-05	0.00324554	0.00317	0.00282176	0.0027721	0.00244647	0.00242268	0.00234949	0.0023257	0.800725	0.381579	0	849.947	326	0.51555	0.51555	8806	85	0.00965251	0.62265	0.336238	0.292335	0.253455	0.243407	0.263066	0.0216216	0.0108108	0.00540541	0	0	0	3.56667	0.0524994	True	False
6	162280000	162300000	309	177	5	3	3	0	0	0	0	9812	11116	11137	11266	11014	0.00259886	0.0025479	0.00259886	0.000152874	0	0.000152874	0.00324465	0.0031728	0.00224265	0.00161662	0.00228567	0.00166758	0.00224265	0.00161662	0.482493	0.613139	0	987.832	311	0.4906	0.4906	9740	80	0.00821355	0.5043	0.395036	0.273043	0.27828	0.273043	0.274789	0.0169492	0.0282486	0	0	0	0	3.56505	0.0527506	True	True
6	162860000	162880000	445	244	5	3	5	2	1	0	0	12265	14581	14693	14558	14478	0.00171219	0.00154912	0.00158989	0.000285365	0.000326131	0.000122299	0.0032437	0.00296253	0.00327874	0.00310993	0.0032207	0.0030874	0.00326147	0.00312809	0.801389	0.516667	0	968.583	448	0.61325	0.61325	12152	100	0.0082291	0.54605	0.394175	0.398432	0.39138	0.396333	0.395382	0.0122951	0.0204918	0.00819672	0.00409836	0	0	3.56333	0.0530018	True	False
6	75440000	75460000	368	195	9	0	1	0	1	0	0	14231	16493	16664	16470	16309	0.00379453	0.00397021	0.00389994	0.000527018	0.000456749	0.000210807	0.00324154	0.00334362	0.00141715	0.00121674	0.00159914	0.00138842	0.00152866	0.00131745	0.815603	0.446809	0	839.468	373	0.71155	0.71155	14102	97	0.00687846	0.3969	0.47126	0.206027	0.232486	0.222239	0.22025	0	0.0461538	0	0.00512821	0	0	3.55943	0.053253	True	False
6	153880000	153900000	325	187	4	1	2	18	1	0	0	12176	13979	14206	13963	13872	0.00036958	0.000328515	0.000328515	4.10644e-05	4.10644e-05	0	0.00323881	0.0032712	0.00311562	0.00314784	0.00307456	0.00310678	0.00307456	0.00310678	0.754433	0.589474	0	968.989	326	0.6088	0.6088	12034	92	0.00764501	0.63765	0.423651	0.407537	0.402165	0.402165	0.403956	0.00534759	0.0213904	0.0962567	0.00534759	0	0	3.55449	0.0535041	True	False
6	29700000	29720000	273	182	0	4	4	0	0	0	0	9685	11842	12068	11671	11525	0.00325245	0.00376871	0.00309757	0.00366546	0.00325245	0.00273619	0.00323651	0.00316441	0.00350857	0.00368528	0.00354943	0.00334344	0.00292984	0.00266049		0	0		300	0.48425	0.48425	7647	49	0.00640774	0.32315	0.505094	0.547552	0.553928	0.457235	0.519571	0.021978	0	0	0	0	0	3.55033	0.0537553	True	False
6	120380000	120400000	287	152	4	0	0	0	0	0	0	11024	12802	12996	13294	12811	0.00136067	0.00140602	0.00136067	0.0004082	9.07112e-05	0.000317489	0.00323305	0.00380435	0.0035061	0.00400972	0.00362871	0.00417337	0.00350767	0.00402251	0.778317	0.663551	0	921.168	292	0.5512	0.5512	10596	39	0.00368063	0.6473	0.878395	0.95258	0.985894	0.953008	0.963827	0	0.0263158	0	0	0	0	3.54406	0.0540065	True	False
6	27920000	27940000	277	148	13	0	0	0	0	0	0	10893	12496	12627	12729	12559	0.00312127	0.00312127	0.00307537	0	4.5901e-05	4.5901e-05	0.00322952	0.00310313	0.000319067	0.000172937	0.000319067	0.000172937	0.000273864	0.000132333	0.751831	0.76	0	469.04	278	0.54465	0.54465	10791	46	0.00426281	0.56345	0.757604	0.0748491	0.0748491	0.0642449	0.0713143	0	0.0878378	0	0	0	0	3.53769	0.0542577	True	False
6	149440000	149460000	342	197	14	7	9	0	2	0	0	11224	13217	13245	12943	13138	0.00356379	0.00351924	0.0034747	0.000133642	0.000133642	4.45474e-05	0.00322682	0.00324509	0.00286547	0.00299773	0.00282092	0.00295318	0.00277637	0.00290863	0.735556	0.746667	0	873.36	342	0.5612	0.5612	11115	63	0.00566802	0.5027	0.569302	0.50555	0.49769	0.489831	0.49769	0.035533	0.071066	0	0.0101523	0	0	3.53279	0.0545089	True	False
6	162980000	163000000	242	145	1	2	2	0	0	0	0	7600	9018	9195	9198	8896	0.00184211	0.00144737	0.00171053	0.000657895	0.000131579	0.000526316	0.00322517	0.00404678	0.00403272	0.00459272	0.00393799	0.00456237	0.00402099	0.00459586	0.669414	0.538462	0	954.549	245	0.38	0.38	2628	22	0.00837139	0.5617	0.385261	0.481727	0.47041	0.480325	0.477487	0.0137931	0.00689655	0	0	0	0	3.52981	0.0547601	True	False
6	23660000	23680000	434	252	10	3	10	0	4	0	0	10118	12090	11916	11981	11647	0.00247084	0.00385452	0.0029156	0.00242143	0.00123542	0.00252026	0.00321673	0.00302897	0.00316539	0.00304554	0.00420072	0.00421249	0.00329653	0.00314654	0.827703	0.702381	0	970.429	446	0.5059	0.5059	9940	134	0.0134809	0.6862	0.238614	0.234805	0.311605	0.244533	0.263648	0.0119048	0.0396825	0	0.015873	0	0	3.51455	0.0550113	True	False
6	32980000	33000000	387	236	1	0	0	0	0	0	0	12261	14424	14648	14488	14360	0.00191665	0.00195743	0.00195743	0.00191665	0.00191665	0.00191665	0.00321505	0.00287468	0.00317427	0.0028339	0.00321493	0.00287451	0.00321493	0.00287451	0.815891	0.5	0	897.791	393	0.61305	0.61305	11138	158	0.0141857	0.51715	0.22664	0.223765	0.226631	0.226631	0.225676	0	0.00423729	0	0	0	0	3.5115	0.0552625	True	False
6	125180000	125200000	321	167	3	0	3	0	3	0	0	10724	12232	12514	12385	12093	0.00041962	0.000326371	0.000279746	0.000186498	0.000139873	4.66244e-05	0.00320984	0.00341908	0.00306996	0.00327921	0.00297672	0.00318596	0.00293009	0.00313933	0.797149	0.644737	0	905	327	0.5362	0.5362	10571	72	0.00681109	0.6206	0.471266	0.45073	0.43704	0.430194	0.439321	0	0.0179641	0	0.0179641	0	0	3.50208	0.0555137	True	False
6	169100000	169120000	428	228	10	0	4	0	4	0	0	12619	14992	14769	14957	14680	0.00210001	0.00194152	0.00194152	0.000316982	0.000316982	0.000158491	0.00320534	0.00320055	0.00332798	0.00322029	0.00331484	0.00319776	0.00316721	0.00306196	0.922285	0.357895	0	988	432	0.63095	0.63095	12405	125	0.0100766	0.177	0.318097	0.330268	0.328964	0.314313	0.324515	0	0.0438596	0	0.0175439	0	0	3.49394	0.0557649	True	False
6	27960000	27980000	234	121	10	0	0	0	0	0	0	9287	10557	10750	10777	10649	0.00301497	0.00301497	0.00306881	0	0.000269193	0.000269193	0.00320515	0.00307902	0.000878131	0.000822278	0.000878131	0.000822278	0.000918047	0.000878271	0.716667	0.723077	0	482.154	237	0.46435	0.46435	9203	45	0.00488971	0.74865	0.655488	0.179587	0.179587	0.187751	0.182309	0	0.0826446	0	0	0	0	3.49359	0.0560161	True	False
6	130560000	130580000	341	193	3	0	0	0	0	0	0	12479	14419	14192	14585	14436	0.00292491	0.00296498	0.00320539	4.00673e-05	0.000801346	0.000801346	0.00320434	0.00351136	0.00158711	0.00142997	0.00162706	0.00146646	0.00142472	0.00121829	0.733696	0.6	0	856.295	346	0.62395	0.62395	12342	79	0.00640091	0.4851	0.500606	0.247951	0.254192	0.222581	0.241575	0	0.015544	0	0	0	0	3.49212	0.0562673	True	False
6	122260000	122280000	200	98	3	0	1	0	1	0	0	6925	8179	8547	8193	8310	0.000722022	0.000577617	0.000577617	0.000144404	0.000144404	0	0.00320218	0.00307827	0.00278012	0.00264907	0.00263571	0.00250466	0.00263571	0.00250466	0.644345	0.803571	0	850.661	200	0.34625	0.34625	6876	60	0.008726	0.74665	0.36697	0.318601	0.302053	0.302053	0.307569	0	0.0306122	0	0.0102041	0	0	3.48823	0.0565185	True	True
6	94720000	94740000	345	206	5	6	8	1	0	2	0	10918	12846	12801	12715	12733	0.00123649	0.00132808	0.00123649	9.15919e-05	0	9.15919e-05	0.00320125	0.00351593	0.00310113	0.00337854	0.00319272	0.00347013	0.00310113	0.00337854	0.705044	0.632911	0	917.949	345	0.5459	0.5459	10637	56	0.00526464	0.53135	0.608067	0.589048	0.606446	0.589048	0.594847	0.0291262	0.0242718	0.00485437	0	0.00970874	0	3.48655	0.0567697	True	False
6	117800000	117820000	363	184	8	0	1	0	1	0	0	11851	14610	14588	14699	13617	0.000843811	0.00080162	0.000886001	4.21905e-05	0.000126572	8.43811e-05	0.00320024	0.00340445	0.00277355	0.00297316	0.00273136	0.00293097	0.00281575	0.00301535	0.878876	0.232558	0	709.547	365	0.59255	0.59255	11750	61	0.00519149	0.2678	0.616441	0.53425	0.526123	0.542377	0.53425	0	0.0434783	0	0.00543478	0	0	3.48472	0.0570208	True	False
6	48220000	48240000	261	137	7	0	0	6	0	0	0	8160	9693	9443	9607	9607	0.00134804	0.00140931	0.00140931	0.000245098	0.000245098	0.000306373	0.00320017	0.0031673	0.00298123	0.00295961	0.00302081	0.00301479	0.0030425	0.00302088	0.674329	0.714286	0	851.835	267	0.408	0.408	7893	63	0.00798176	0.6538	0.400936	0.373505	0.378464	0.381182	0.377717	0	0.0510949	0.0437956	0	0	0	3.48459	0.057272	True	False
6	150440000	150460000	304	171	5	4	5	0	0	0	0	9037	10787	10718	10759	10644	0.00437092	0.00437092	0.00437092	0.000221312	0.000110656	0.000221312	0.00320006	0.00330258	0.00244369	0.00214153	0.00244369	0.00214153	0.0024436	0.00214153	0.697619	0.64	0	934.707	306	0.45185	0.45185	8592	60	0.00698324	0.6987	0.458248	0.349936	0.349936	0.349923	0.349932	0.0233918	0.0292398	0	0	0	0	3.48438	0.0575232	True	False
6	162060000	162080000	363	210	8	2	5	0	1	2	0	12566	15117	15134	15109	14499	0.00139265	0.0015916	0.00143244	0.000278529	0.00011937	0.00015916	0.00319682	0.00259237	0.00335343	0.00275618	0.00355238	0.00295385	0.00339322	0.00279565	0.802209	0.59375	0	984	366	0.6283	0.6283	12432	94	0.00756113	0.22115	0.422796	0.443509	0.469821	0.448772	0.454034	0.00952381	0.0380952	0	0.0047619	0.00952381	0	3.47852	0.0577744	True	False
6	63400000	63420000	294	160	4	3	3	1	0	0	0	7640	9055	9212	9168	8738	0.00078534	0.000850785	0.00078534	6.5445e-05	0	6.5445e-05	0.00319598	0.00207339	0.00319598	0.00207339	0.00326143	0.00213884	0.00319598	0.00207339	0.734694	0.882353	0	781.451	297	0.382	0.382	7130	61	0.0085554	0.8619	0.373563	0.373563	0.381213	0.373563	0.376113	0.01875	0.025	0.00625	0	0	0	3.47701	0.0580256	True	True
6	68640000	68660000	314	159	18	1	1	0	0	0	0	9095	10545	10517	10553	10378	0.00329852	0.00335349	0.00329852	5.49753e-05	0	5.49753e-05	0.00319462	0.00331306	0.00179091	0.0017513	0.00184588	0.00180628	0.00179091	0.0017513	0.738397	0.432099	0	937.63	317	0.45475	0.45475	8987	87	0.00968065	0.4985	0.330001	0.184999	0.190678	0.184999	0.186892	0.00628931	0.113208	0	0	0	0	3.47456	0.0582768	True	False
6	132220000	132240000	219	127	10	0	0	0	0	0	0	7452	9144	8703	8748	8750	0.00241546	0.00261675	0.00254965	0.000201288	0.000134192	6.70961e-05	0.00318464	0.00306691	0.00218643	0.00205553	0.00238732	0.00225682	0.00232022	0.00218972	0.586712	0.817073	0	883.061	221	0.3726	0.3726	7361	55	0.00747181	0.7063	0.42622	0.292624	0.31951	0.31053	0.307555	0	0.0787402	0	0	0	0	3.45649	0.058528	True	True
6	24420000	24440000	371	218	12	0	2	0	1	0	0	10799	13061	13055	13233	12878	0.00351884	0.00254653	0.00356514	0.00171312	0.000138902	0.00175942	0.00318443	0.0039347	0.00136938	0.001411	0.00178525	0.00241748	0.00141553	0.00145417	0.670635	0.534884	0	737.035	374	0.53995	0.53995	10571	67	0.00633809	0.4239	0.502428	0.216055	0.28167	0.223337	0.240354	0	0.0550459	0	0.00458716	0	0	3.45612	0.0587792	True	False
6	119640000	119660000	348	190	6	2	5	0	3	0	0	12524	14779	14997	14992	14966	0.00311402	0.00319387	0.00311402	0.000399233	0.00023954	0.000159693	0.00317981	0.00311382	0.00108093	0.000943245	0.00106662	0.000915866	0.000986769	0.000836019	0.753125	0.45679	0	714.975	353	0.6262	0.6262	12444	83	0.00666988	0.3462	0.476741	0.162062	0.159915	0.147944	0.15664	0.0105263	0.0315789	0	0.0157895	0	0	3.44775	0.0590304	True	False
6	164480000	164500000	376	196	3	3	5	0	1	1	0	12426	14853	14989	15011	14756	0.00100596	0.00112667	0.00104619	0.000201191	0.000160953	0.000160953	0.00317694	0.00296494	0.00354798	0.00323147	0.00366869	0.00335214	0.00358822	0.0032717	0.883966	0.6125	0	988.312	380	0.6213	0.6213	12113	108	0.00891604	0.4646	0.356317	0.397932	0.411471	0.402445	0.40395	0.0153061	0.0153061	0	0.00510204	0.00510204	0	3.44256	0.0592816	True	False
6	3820000	3840000	381	211	18	0	9	0	1	0	0	12077	14660	14302	14626	14249	0.00343628	0.00302227	0.00318788	0.00157324	0.000910822	0.000745218	0.00317622	0.00320835	0.00190196	0.00184039	0.000828153	0.000753267	0.00132366	0.00125543	0.744444	0.706667	0	976	385	0.60385	0.60385	11914	97	0.00814168	0.49475	0.390118	0.233608	0.101718	0.162578	0.165968	0	0.0853081	0	0.00473934	0	0	3.44126	0.0595328	True	False
6	160540000	160560000	451	243	26	5	5	0	0	0	0	12315	14059	14219	14243	13847	0.00312627	0.00320747	0.00316687	8.12018e-05	4.06009e-05	8.12018e-05	0.00315816	0.00308035	0.000949436	0.000903004	0.00103064	0.000984206	0.000990037	0.000943605	0.892857	0.520833	0	733.133	458	0.61575	0.61575	10191	78	0.00765381	0.2708	0.412625	0.124047	0.134657	0.129352	0.129352	0.0205761	0.106996	0	0	0	0	3.40859	0.059784	True	False
6	32960000	32980000	357	205	7	0	0	0	0	0	0	11226	13042	13359	13361	13014	0.0012471	0.0019152	0.00187066	0.00138072	0.00133618	0.00120257	0.00315258	0.0029125	0.00285974	0.00260409	0.00236307	0.00216947	0.00235241	0.00215761	0.826132	0.5	0	908.049	358	0.5613	0.5613	11121	50	0.004496	0.51595	0.701197	0.636062	0.525593	0.523224	0.561627	0	0.0341463	0	0	0	0	3.39851	0.0600352	True	False
6	89900000	89920000	391	222	4	4	4	0	0	0	0	11600	13996	14146	13933	13771	0.00189655	0.00202586	0.00189655	0.000215517	8.62069e-05	0.000215517	0.00314328	0.00301531	0.00317853	0.00309801	0.00330784	0.00322732	0.00317853	0.00309801	0.793056	0.4375	0	765.625	395	0.58	0.58	11503	74	0.0064331	0.45875	0.488611	0.494089	0.51419	0.494089	0.50079	0.018018	0.018018	0	0	0	0	3.38169	0.0602864	True	False
6	150660000	150680000	331	171	4	1	3	0	1	0	0	11104	12741	12649	12691	12696	0.00355728	0.00355728	0.00355728	0.000180115	0.000135086	9.00576e-05	0.00314135	0.00355512	0.00169452	0.0016738	0.00169383	0.00164991	0.00169417	0.00166082	0.785211	0.71831	0	961.408	333	0.5552	0.5552	11013	66	0.00599292	0.7034	0.524178	0.282753	0.282639	0.282696	0.282696	0.00584795	0.0233918	0	0.00584795	0	0	3.37819	0.0605376	True	False
6	440000	460000	438	235	10	0	0	0	0	0	0	10956	12688	12769	12890	12600	0.00374224	0.00401606	0.00392479	0.000273823	0.000182548	0.000182548	0.00313703	0.00321418	0.00269492	0.00269737	0.00294437	0.00295496	0.00282955	0.00285706	0.816265	0.7	0	946.311	440	0.5478	0.5478	10624	90	0.00847139	0.52075	0.370309	0.31812	0.347566	0.334012	0.333233	0	0.0425532	0	0	0	0	3.37037	0.0607887	True	False
6	117780000	117800000	284	151	9	0	0	1	0	0	0	8495	9926	10108	9921	9907	0.00176574	0.0018246	0.00164803	0.000353149	0.000176574	0.000235433	0.00313486	0.00321723	0.00248752	0.00250875	0.00266231	0.00271364	0.00248609	0.00254361	0.766129	0.845361	0	711.99	286	0.42475	0.42475	8288	65	0.00784266	0.8081	0.399718	0.317178	0.339465	0.316995	0.324546	0	0.0596026	0.00662252	0	0	0	3.36644	0.0610399	True	True
6	48480000	48500000	376	205	4	0	0	3	0	0	0	12492	14181	13998	14259	14286	0.000440282	0.000520333	0.000520333	0.000160102	0.000160102	0	0.00313208	0.00242224	0.00307134	0.00234155	0.00307134	0.00234155	0.00307134	0.00234155	0.818333	0.361905	0	854.248	381	0.6246	0.6246	11541	99	0.00857811	0.4429	0.365124	0.358044	0.358044	0.358044	0.358044	0	0.0195122	0.0146341	0	0	0	3.36141	0.0612911	True	False
6	45760000	45780000	495	247	7	0	4	0	4	0	0	13783	16031	16025	16002	15750	0.0012334	0.0010883	0.000943191	0.00101574	0.000870638	0.000253936	0.00313199	0.00270364	0.002967	0.00261278	0.00300601	0.00245143	0.00286158	0.00231894	0.891204	0.356164	0	901.904	499	0.68915	0.68915	13655	82	0.00600513	0.39865	0.521552	0.494078	0.500574	0.476522	0.490391	0	0.0283401	0	0.0161943	0	0	3.36125	0.0615423	True	False
6	25580000	25600000	328	176	20	4	4	0	0	0	0	12363	14060	14188	14167	13991	0.00291191	0.00311413	0.00311413	0.000283103	0.000283103	0	0.00312896	0.00304744	0.000639529	0.000540201	0.000842053	0.000742417	0.000842053	0.000742417	0.804726	0.597015	0	617.821	331	0.61815	0.61815	12208	44	0.00360419	0.491	0.868144	0.17744	0.233632	0.233632	0.214901	0.0227273	0.113636	0	0	0	0	3.35577	0.0617935	True	False
6	5600000	5620000	401	222	10	0	4	0	2	0	0	12249	14133	14196	14329	14263	0.0026941	0.00293902	0.00257164	0.000408197	0.000204098	0.000367377	0.00312369	0.0035451	0.00201067	0.00227925	0.00225534	0.00252319	0.00188809	0.0021563	0.795359	0.4125	0	982.975	407	0.61245	0.61245	12074	65	0.00538347	0.4093	0.580238	0.37349	0.418939	0.35072	0.381049	0	0.045045	0	0.00900901	0	0	3.34624	0.0620447	True	False
6	103760000	103780000	275	156	15	0	1	0	0	0	0	10149	11911	11889	11998	11766	0.00285742	0.00275889	0.00310375	9.85319e-05	0.000591191	0.000541925	0.00311837	0.0031659	0.00114351	0.000843768	0.00106339	0.000798611	0.00126887	0.00122867	0.742188	0.638889	0	957.861	281	0.50745	0.50745	10053	73	0.00726151	0.6236	0.429438	0.157476	0.146441	0.17474	0.159552	0	0.0961538	0	0	0	0	3.33661	0.0622959	True	False
6	81200000	81220000	302	157	7	2	2	0	0	0	0	7454	8870	8900	8883	8694	0.00147572	0.00167695	0.0015428	0.000201234	6.70781e-05	0.000134156	0.00310943	0.00164875	0.00289003	0.00172104	0.00309127	0.00192227	0.00295711	0.00178811	0.571429	0.806452	0	846.828	305	0.3727	0.3727	6542	48	0.00733721	0.7262	0.423789	0.393887	0.421314	0.403029	0.406077	0.0127389	0.044586	0	0	0	0	3.32045	0.0625471	True	True
6	40500000	40520000	498	285	3	0	0	0	0	0	0	14748	17288	17300	16987	17032	0.000440738	0.000440738	0.000440738	0	0.000203417	0.000203417	0.00310859	0.00261301	0.00320947	0.00269584	0.00320947	0.00269584	0.00320983	0.00270339	0.796296	0.492063	0	947.286	501	0.7374	0.7374	14598	109	0.00746678	0.35	0.416323	0.429834	0.429834	0.429882	0.42985	0	0.0105263	0	0	0	0	3.31893	0.0627983	True	False
6	81760000	81780000	302	170	4	5	10	0	2	2	0	10543	12070	12326	12169	12234	0.00341459	0.00417339	0.00275064	0.000948497	0.000758797	0.00142274	0.00310471	0.00301724	0.002801	0.00289862	0.0025039	0.00257898	0.00319294	0.0033131	0.773333	0.653333	0	891.6	305	0.52715	0.52715	10470	98	0.00936008	0.44905	0.331697	0.299249	0.267508	0.341123	0.302627	0.0294118	0.0235294	0	0.0117647	0.0117647	0	3.31191	0.0630495	True	False
6	32900000	32920000	349	194	2	0	5	0	4	0	0	12282	14920	14746	14522	14483	0.00056994	0.00280899	0.0016284	0.00289041	0.00158769	0.00142485	0.00310386	0.00296422	0.00319099	0.00304621	0.000726429	0.000772179	0.00188308	0.00183449	0.810185	0.416667	0	923.167	349	0.6141	0.6141	12190	91	0.00746514	0.3116	0.41578	0.427453	0.0973095	0.25225	0.259004	0	0.0103093	0	0.0206186	0	0	3.31037	0.0633007	True	False
6	26560000	26580000	234	121	12	0	1	0	1	0	0	8441	10651	10665	10371	10489	0.00349485	0.00319867	0.00343561	0.00088852	5.92347e-05	0.000829286	0.00310063	0.00316801	0.00106653	0.000911077	0.0010424	0.00101977	0.0010073	0.000851842	0.671569	0.54023	0	570.161	236	0.42205	0.42205	8396	45	0.0053597	0.52155	0.578508	0.198991	0.194489	0.187939	0.193806	0	0.0991736	0	0.00826446	0	0	3.30452	0.0635519	True	False
6	32740000	32760000	325	235	4	0	0	1	0	0	0	8953	10656	10724	10579	10411	0.00385346	0.00134033	0.00385346	0.00379761	0.00335083	0.00379761	0.00309901	0.00384805	0.00366317	0.00439717	0.00296542	0.00374635	0.00370035	0.00442194	0.739362	0.67027	0	940	339	0.44765	0.44765	7868	163	0.0207168	0.573	0.149589	0.176821	0.143141	0.178616	0.166193	0	0.0170213	0.00425532	0	0	0	3.30159	0.0638031	True	False
6	112300000	112320000	416	221	3	3	7	12	2	0	0	13306	15282	15654	15114	15283	0.000901849	0.000676387	0.000751541	0.00037577	0.000150308	0.000225462	0.00309886	0.00304095	0.00339811	0.00333724	0.00317264	0.00311178	0.0032478	0.00318693	0.878472	0.383562	0	810.973	418	0.6653	0.6653	13173	74	0.00561755	0.33405	0.551639	0.604909	0.564774	0.578152	0.582612	0.0135747	0.0135747	0.0542986	0.00904977	0	0	3.30132	0.0640543	True	False
6	102360000	102380000	371	217	3	8	11	0	2	0	0	13622	15884	15669	15603	15491	0.00462487	0.00458817	0.00458817	0.000256937	0.000256937	0.000146821	0.00309487	0.00298426	0.00302089	0.00301718	0.00298418	0.00298047	0.00298418	0.00298047	0.904762	0.140351	0	814.246	374	0.6811	0.6811	13504	78	0.00577607	0.0926	0.535809	0.523	0.516645	0.516645	0.518764	0.0368664	0.0138249	0	0.00921659	0	0	3.2941	0.0643055	True	False
6	33000000	33020000	164	98	0	0	0	0	0	0	0	6186	7225	7005	7208	7032	0.00129324	0.00137407	0.00137407	0.00137407	0.00137407	0.00137407	0.00309307	0.00250242	0.00309307	0.00250242	0.00317365	0.00258293	0.00317365	0.00258293	0.745098	0.960784	0	894.176	187	0.3093	0.3093	5067	159	0.0313795	0.93705	0.0985696	0.0985696	0.101138	0.101138	0.100282	0	0	0	0	0	0	3.29084	0.0645566	True	True
6	64660000	64680000	230	131	8	6	10	0	3	0	1	7210	8180	8288	8185	8239	0.00312067	0.00263523	0.00270458	0.000485437	0.000554785	6.93481e-05	0.00308749	0.00320422	0.00288069	0.00301218	0.00265795	0.00280358	0.0027273	0.00287293	0.669591	0.764706	0	707.25	233	0.3605	0.3605	6661	62	0.00930791	0.70085	0.331706	0.309489	0.285558	0.293008	0.296018	0.0458015	0.0610687	0	0.0229008	0	0.00763359	3.28076	0.0648078	True	False
6	75340000	75360000	401	211	8	2	5	0	3	0	0	13786	15681	15859	15601	15678	0.00235746	0.00181343	0.0018497	0.00134194	0.00137821	0.000253881	0.00308554	0.00305709	0.0018569	0.00178253	0.00257682	0.00257658	0.00261287	0.00261227	0.805936	0.613333	0	831.44	405	0.6893	0.6893	13660	73	0.00534407	0.4245	0.577376	0.347469	0.482183	0.488928	0.439527	0.00947867	0.0379147	0	0.014218	0	0	3.27722	0.065059	True	False
6	3020000	3040000	337	198	3	0	1	0	1	0	0	9429	11168	11129	11306	10972	0.00408315	0.00434829	0.00376498	0.000795418	0.000901474	0.00143175	0.00308395	0.00343838	0.00302528	0.00333832	0.00341671	0.00362129	0.00300225	0.00320725	0.725177	0.8125	0	922.24	343	0.47145	0.47145	9294	79	0.00850011	0.6827	0.362813	0.35591	0.401961	0.353201	0.370358	0	0.0151515	0	0.00505051	0	0	3.27436	0.0653102	True	True
6	150360000	150380000	249	161	1	4	4	0	0	0	0	6302	7527	7845	7682	7734	0.00372897	0.00380831	0.00372897	0.00023802	0.00015868	0.00023802	0.00308204	0.00289524	0.00325574	0.00393548	0.00333796	0.00401482	0.00325862	0.00393548	0.661111	0.583333	0	917	254	0.3151	0.3151	6009	75	0.0124813	0.5179	0.246932	0.260849	0.267437	0.26108	0.263122	0.0248447	0.00621118	0	0	0	0	3.27089	0.0655614	True	False
6	67140000	67160000	376	210	9	0	1	0	1	0	0	10843	12472	12679	12783	12381	0.00193673	0.00198285	0.00198285	0.000138338	0.000138338	0	0.00308029	0.00338198	0.00186126	0.00207946	0.00190737	0.00212557	0.00190737	0.00212557	0.794643	0.431034	0	953.31	379	0.54215	0.54215	10522	91	0.00864855	0.4623	0.356163	0.21521	0.220542	0.220542	0.218765	0	0.0428571	0	0.0047619	0	0	3.26774	0.0658126	True	False
6	63860000	63880000	293	162	14	1	1	0	0	0	0	8372	9541	9622	9646	9506	0.0034042	0.0034042	0.0034042	0	0	0	0.00307932	0.00290446	0.00155324	0.00158124	0.00155324	0.00158124	0.00155324	0.00158124	0.701923	0.653846	0	791.365	293	0.4186	0.4186	8273	50	0.00604376	0.5841	0.509505	0.256998	0.256998	0.256998	0.256998	0.00617284	0.0864198	0	0	0	0	3.26599	0.0660638	True	False
6	7020000	7040000	212	113	3	0	1	0	0	0	1	6516	7800	7876	7979	7631	0.00122775	0.00122775	0.00130448	0	7.67342e-05	7.67342e-05	0.00307586	0.00332293	0.00247798	0.00254401	0.00247798	0.00254401	0.00255471	0.0026206	0.436594	0.763441	0	904.828	212	0.3258	0.3258	6449	60	0.00930377	0.77485	0.330604	0.266341	0.266341	0.274589	0.26909	0	0.0265487	0	0	0	0.00884956	3.25972	0.066315	True	True
6	68620000	68640000	286	143	12	0	2	0	2	0	0	9226	11120	11269	11036	10761	0.00341426	0.00314329	0.0030891	0.000270973	0.000325168	5.41947e-05	0.0030747	0.00300496	0.00186989	0.00172675	0.00159924	0.00146192	0.00154537	0.00141387	0.650433	0.649351	0	952.558	288	0.4613	0.4613	9041	76	0.00840615	0.63205	0.365768	0.222443	0.190247	0.183838	0.198843	0	0.0839161	0	0.013986	0	0	3.25762	0.0665662	True	False
6	11820000	11840000	296	160	4	4	5	0	0	1	0	10373	12319	12470	12233	11969	0.00159067	0.00173527	0.00159067	0.000144606	0.000192808	0.000337414	0.00307071	0.00329443	0.00359318	0.0038197	0.00373779	0.00396372	0.00359778	0.00384796	0.739482	0.54717	0	959.292	299	0.51865	0.51865	10312	56	0.00543057	0.44575	0.565449	0.661659	0.688287	0.662506	0.670817	0.025	0.025	0	0	0.00625	0	3.25041	0.0668174	True	False
6	1120000	1140000	407	237	14	0	3	0	1	0	0	12259	14325	14396	14173	14177	0.00305898	0.00289583	0.00305898	0.000163145	0.000203932	0.000163145	0.0030693	0.00326948	0.00196701	0.00148482	0.00187957	0.00138913	0.00196701	0.00148482	0.673077	0.591398	0	986.29	423	0.61295	0.61295	11885	100	0.00841397	0.3244	0.364786	0.233779	0.223387	0.233779	0.230315	0	0.0590717	0	0.00421941	0	0	3.24785	0.0670686	True	False
6	22760000	22780000	313	172	6	3	5	0	2	0	0	11060	12953	13238	13059	12868	0.00275769	0.00293852	0.00298373	0.000361664	0.00103978	0.000949367	0.00306694	0.00310318	0.00177358	0.00174828	0.00195441	0.00192911	0.00128978	0.00126951	0.823383	0.402985	0	955.075	317	0.553	0.553	10956	90	0.00821468	0.5375	0.373349	0.215904	0.237917	0.15701	0.20361	0.0174419	0.0348837	0	0.0116279	0	0	3.24359	0.0673198	True	False
6	8440000	8460000	273	172	3	0	0	0	0	0	0	9307	10602	10796	10722	10802	0.00601698	0.00601698	0.00633931	0	0.000322338	0.000322338	0.00306395	0.00262196	0.00393482	0.00395131	0.00393482	0.00395131	0.00425716	0.00427364	0.70207	0.670968	0	838.187	276	0.46535	0.46535	9260	38	0.00410367	0.6711	0.746637	0.958855	0.958855	1.0374	0.985038	0	0.0174419	0	0	0	0	3.23818	0.067571	True	False
6	156920000	156940000	220	129	6	1	2	0	1	0	0	7198	8290	8333	8444	8306	0.00166713	0.00138927	0.00138927	0.000416782	0.000416782	0	0.00306123	0.00285415	0.00259868	0.00238516	0.00269323	0.00244371	0.00269323	0.00244371	0.583333	0.776471	0	978.035	221	0.3599	0.3599	7113	46	0.00646703	0.7316	0.473359	0.401835	0.416456	0.416456	0.411582	0.00775194	0.0465116	0	0.00775194	0	0	3.23325	0.0678222	True	False
6	11280000	11300000	311	163	8	3	4	1	1	0	0	11156	13357	13308	13270	13239	0.00250986	0.00282359	0.00286841	0.000582646	0.000537827	4.48189e-05	0.0030588	0.00310789	0.00182813	0.00187114	0.00157254	0.00162334	0.00161723	0.00166816	0.731707	0.662651	0	955.482	313	0.5578	0.5578	11056	59	0.00533647	0.577	0.573188	0.342573	0.294679	0.303052	0.313434	0.0184049	0.0490798	0.00613497	0.00613497	0	0	3.22886	0.0680733	True	False
6	166300000	166320000	479	285	11	2	3	0	0	0	0	13701	15963	15879	16045	15687	0.00281001	0.0023356	0.002883	0.000839355	0.000912342	0.000912342	0.00304955	0.00280545	0.00238438	0.00212671	0.00204548	0.00174681	0.00245737	0.0021997	0.786667	0.448718	0	994	483	0.68505	0.68505	12493	83	0.00664372	0.42865	0.459013	0.358892	0.307881	0.369878	0.345551	0.00701754	0.0385965	0	0	0	0	3.21213	0.0683245	True	False
6	95040000	95060000	347	192	1	2	2	3	0	0	0	10047	11528	11338	11681	11272	0.000497661	0.000497661	0.000497661	0	0	0	0.00304734	0.00326778	0.00302437	0.00323938	0.00302437	0.00323938	0.00302437	0.00323938	0.810847	0.555556	0	941.429	348	0.50235	0.50235	9947	66	0.00663517	0.5	0.45927	0.455808	0.455808	0.455808	0.455808	0.0104167	0.00520833	0.015625	0	0	0	3.20812	0.0685757	True	False
6	56200000	56220000	386	220	7	4	5	0	0	0	0	13381	15858	15702	15951	15868	0.00351244	0.00358718	0.00366191	7.47328e-05	0.000149466	7.47328e-05	0.00304549	0.00286721	0.00205417	0.00198889	0.00212885	0.00206036	0.00220352	0.00213183	0.811047	0.325581	0	600.593	387	0.66905	0.66905	13264	102	0.00768999	0.4334	0.396033	0.267123	0.276834	0.286544	0.276834	0.0181818	0.0318182	0	0	0	0	3.20478	0.0688269	True	False
6	75700000	75720000	229	123	4	0	2	0	2	0	0	7454	8587	8734	8789	8639	0.00241481	0.00228065	0.00228065	0.000134156	0.000134156	0	0.00304544	0.00345863	0.00117631	0.00144749	0.00104215	0.00131334	0.00104215	0.00131334	0.448012	0.846847	0	737.901	230	0.3727	0.3727	7388	63	0.00852734	0.77195	0.357138	0.137945	0.122213	0.122213	0.127457	0	0.0325203	0	0.0162602	0	0	3.20469	0.0690781	True	True
6	97080000	97100000	284	166	3	1	2	1	1	0	0	8865	10169	10322	10284	10351	0.000958827	0.00135364	0.000902425	0.000733221	0.000282008	0.000676819	0.00304483	0.00326058	0.00258635	0.00277135	0.00295198	0.00316593	0.00252995	0.00271495	0.513285	0.73913	0	891.667	290	0.44325	0.44325	8775	46	0.00524217	0.64255	0.580834	0.493374	0.563122	0.482615	0.513037	0.0060241	0.0180723	0.0060241	0.0060241	0	0	3.20358	0.0693293	True	False
6	102440000	102460000	300	156	3	3	4	0	0	0	0	12361	13890	14086	14175	14018	0.00315508	0.00311463	0.00327643	0.000283149	0.000202249	0.000323598	0.00304456	0.00300295	0.000616342	0.000650117	0.000691918	0.000744204	0.000737691	0.000771467	0.771825	0.47619	0	882.583	304	0.61805	0.61805	12214	66	0.00540364	0.42945	0.563427	0.11406	0.128047	0.136517	0.126208	0.0192308	0.0192308	0	0	0	0	3.20309	0.0695805	True	False
6	166020000	166040000	361	199	0	1	2	1	0	0	0	10022	11404	11539	11865	11778	0.00209539	0.00224506	0.00224506	0.000149671	0.000149671	9.97805e-05	0.00304118	0.00364872	0.00226768	0.00283144	0.00241735	0.00298111	0.00241735	0.00298111	0.666667	0.633333	0		363	0.5011	0.5011	9859	83	0.0084187	0.5048	0.361241	0.269362	0.287141	0.287141	0.281215	0.00502513	0	0.00502513	0	0	0	3.19698	0.0698317	True	False
6	29420000	29440000	344	204	34	0	8	5	1	0	0	11931	14340	14168	14313	13653	0.00264018	0.00316403	0.00312212	0.00100578	0.000963876	0.000963876	0.00304068	0.00309967	0.000923351	0.00096696	0.00138847	0.00145222	0.00134656	0.00141031	0.879781	0.612903	0	819	348	0.59655	0.59655	11753	87	0.00740237	0.5932	0.410771	0.124737	0.187571	0.181909	0.164739	0	0.166667	0.0245098	0.00490196	0	0	3.19607	0.0700829	True	False
6	150400000	150420000	383	206	8	6	8	0	0	0	0	11925	13691	13549	13646	13671	0.00293501	0.00289308	0.0027673	0.000461216	0.00033543	0.000461216	0.00304005	0.00349349	0.00306176	0.00298399	0.00314366	0.00310327	0.00303784	0.00300941	0.645238	0.638889	0	925.481	389	0.59625	0.59625	11784	71	0.00602512	0.46755	0.504563	0.508166	0.521758	0.504197	0.511374	0.0291262	0.038835	0	0	0	0	3.19494	0.0703341	True	False
6	51620000	51640000	321	179	7	0	2	3	2	0	0	11865	13644	13520	13523	13639	0.00181205	0.00172777	0.00172777	0.000337126	0.000337126	0.000252845	0.00303953	0.0035418	0.00173436	0.0030094	0.00181775	0.00309334	0.00181775	0.00309334	0.774074	0.572519	0	685.76	322	0.59325	0.59325	7932	55	0.00693394	0.5184	0.438355	0.250126	0.262152	0.262152	0.258144	0	0.0391061	0.0167598	0.0111732	0	0	3.194	0.0705853	True	False
6	166000000	166020000	410	242	6	4	7	1	0	0	0	12690	14831	14753	15014	14710	0.00106383	0.00114263	0.00110323	0.000394011	0.000197006	0.000433412	0.0030273	0.00356857	0.00309579	0.00362896	0.00317173	0.00370776	0.00313519	0.00366836	0.841398	0.387097	0	987.722	419	0.6345	0.6345	12539	112	0.00893213	0.37735	0.338922	0.346591	0.355093	0.351002	0.350895	0.0165289	0.0247934	0.00413223	0	0	0	3.17187	0.0708365	True	False
6	121900000	121920000	262	142	4	2	2	0	0	0	0	10376	12197	12393	12261	12186	0.00303585	0.00303585	0.00303585	0	0	0	0.00302618	0.00316481	0.00102939	0.000898872	0.00102939	0.000898872	0.00102939	0.000898872	0.663194	0.556604	0	914.67	263	0.5188	0.5188	10293	57	0.00553774	0.48845	0.546464	0.185887	0.185887	0.185887	0.185887	0.0140845	0.028169	0	0	0	0	3.16984	0.0710877	True	False
6	75420000	75440000	277	151	0	1	2	0	0	0	0	9249	10571	10584	10570	10494	0.00421667	0.00443291	0.00432479	0.000648719	0.000648719	0.00010812	0.00302203	0.00334967	0.0020584	0.00196955	0.00242415	0.00234874	0.00231603	0.00224062	0.643229	0.59375	0	844.656	278	0.46245	0.46245	8552	49	0.00572965	0.6569	0.527438	0.359253	0.423089	0.404219	0.395521	0.00662252	0	0	0	0	0	3.16235	0.0713389	True	False
6	130080000	130100000	352	195	1	2	5	4	3	0	0	13007	15322	15202	15269	15205	0.000653494	0.000307527	0.000384408	0.000653494	0.000730376	7.68817e-05	0.00301472	0.00305858	0.00284385	0.00287188	0.00316848	0.00320653	0.00324536	0.00328341	0.876344	0.516129	0	933.145	358	0.65035	0.65035	12895	99	0.00767739	0.42995	0.392674	0.370419	0.412703	0.422717	0.401946	0.0102564	0.00512821	0.0205128	0.0153846	0	0	3.14911	0.0715901	True	False
6	4740000	4760000	330	178	19	2	4	4	1	0	0	10498	12546	12568	12482	12210	0.00290532	0.00219089	0.00285769	0.000714422	4.76281e-05	0.000666794	0.00300657	0.00290321	0.00236529	0.00231499	0.0025357	0.00254045	0.00231766	0.00226737	0.618056	0.62963	0	977.787	332	0.5249	0.5249	10422	62	0.00594895	0.5086	0.505396	0.397598	0.426244	0.389592	0.404478	0.011236	0.106742	0.0224719	0.00561798	0	0	3.13438	0.0718412	True	False
6	700000	720000	401	222	9	2	4	2	2	0	0	12931	15766	15980	15859	15624	0.00239734	0.00255201	0.00235867	0.000348001	0.000154667	0.000309334	0.00300537	0.00296563	0.00157146	0.00172838	0.00168746	0.00184438	0.0015328	0.00168971	0.816176	0.263889	0	924.514	407	0.64655	0.64655	12790	84	0.00656763	0.19975	0.457603	0.239274	0.256937	0.233387	0.243199	0.00900901	0.0405405	0.00900901	0.00900901	0	0	3.1322	0.0720924	True	False
6	4720000	4740000	334	185	4	1	2	3	1	0	0	8554	10387	10489	10432	10407	0.00163666	0.00169511	0.00157821	0.000175357	5.84522e-05	0.000116904	0.00300455	0.00286161	0.00289753	0.00236455	0.00295599	0.00242301	0.00283908	0.0023061	0.665895	0.577982	0	975.028	338	0.4277	0.4277	8458	77	0.00910381	0.5301	0.330032	0.318277	0.324698	0.311856	0.318277	0.00540541	0.0216216	0.0162162	0.00540541	0	0	3.13072	0.0723436	True	False
6	22960000	22980000	322	191	3	0	3	3	2	0	0	12458	14751	14801	15065	14553	0.000361214	0.000280944	0.000321079	0.000240809	0.000280944	4.01349e-05	0.00299884	0.00329404	0.00295871	0.00325391	0.00287844	0.00317364	0.00291857	0.00321377	0.8625	0.580247	0	943.58	323	0.6229	0.6229	12343	79	0.00640039	0.5011	0.468541	0.46227	0.449729	0.455999	0.455999	0	0.0157068	0.0157068	0.0104712	0	0	3.1204	0.0725948	True	False
6	1440000	1460000	348	190	4	1	1	0	0	0	0	10223	11544	11807	11938	11760	0.00244547	0.00254328	0.00249438	9.78186e-05	4.89093e-05	0.000146728	0.00299456	0.00310637	0.00317969	0.00247908	0.00327751	0.0025769	0.0032286	0.00252799	0.740741	0.803571	0	987.714	351	0.51115	0.51115	10081	79	0.00783652	0.8229	0.382129	0.405753	0.418236	0.411994	0.411994	0.00526316	0.0210526	0	0	0	0	3.11265	0.072846	True	True
6	2700000	2720000	404	221	6	9	10	0	0	1	0	13476	15482	15588	15692	15691	0.00148412	0.00140991	0.00148412	0.000148412	0	0.000148412	0.00299252	0.00299971	0.00308133	0.00307243	0.00300712	0.00299823	0.00308133	0.00307243	0.736842	0.526316	0	915.579	409	0.6738	0.6738	13351	66	0.00494345	0.28635	0.605351	0.623316	0.608305	0.623316	0.618312	0.040724	0.0271493	0	0	0.00452489	0	3.10896	0.0730972	True	False
6	164020000	164040000	365	199	4	5	8	0	1	0	0	11307	13552	13266	13426	13215	0.00207836	0.0021668	0.00229946	0.000265322	0.000574865	0.000309543	0.0029882	0.00300772	0.0027007	0.00274047	0.00278914	0.00282891	0.00290694	0.00296069	0.740637	0.521277	0	934.574	367	0.56535	0.56535	11168	111	0.00993911	0.4019	0.300651	0.271724	0.280623	0.292475	0.281607	0.0251256	0.0201005	0	0.00502513	0	0	3.10115	0.0733484	True	False
6	25380000	25400000	320	190	4	0	1	0	1	0	0	11426	13402	13429	13612	13099	0.000481358	0.000568878	0.000568878	0.000262559	0.000262559	8.75197e-05	0.00298579	0.00297569	0.00285437	0.0028324	0.00294168	0.00290191	0.00294161	0.0028959	0.679719	0.494118	0	881.506	324	0.5713	0.5713	11283	74	0.00655854	0.3755	0.455252	0.435214	0.448526	0.448516	0.444085	0	0.0210526	0	0.00526316	0	0	3.09678	0.0735996	True	False
6	23720000	23740000	501	274	7	0	10	7	4	0	0	12626	14933	14740	15238	14974	0.00150483	0.00102962	0.00142563	0.00110882	0.00150483	0.00150483	0.0029845	0.00290713	0.00275217	0.00269046	0.00301511	0.00296444	0.00319149	0.00308742	0.721939	0.637255	0	952.569	507	0.6313	0.6313	12352	100	0.00809585	0.5338	0.368646	0.339948	0.372427	0.394214	0.368863	0	0.0255474	0.0255474	0.0145985	0	0	3.09445	0.0738508	True	False
6	109160000	109180000	270	135	2	2	4	0	1	0	0	11438	14453	14132	14072	13697	0.00305998	0.0031474	0.0031474	0.000262284	0.000262284	0	0.00298106	0.00306957	0.000694947	0.000541187	0.000782375	0.000624961	0.000782375	0.000624961	0.755263	0.5	0	742.347	272	0.5719	0.5719	11360	75	0.00660211	0.38065	0.451532	0.105261	0.118504	0.118504	0.11409	0.0148148	0.0148148	0	0.00740741	0	0	3.08824	0.074102	True	False
6	92900000	92920000	213	109	1	1	1	0	0	0	0	8393	10349	10431	10650	10289	0.00333611	0.00345526	0.00339569	0.000119147	0.000119147	5.95735e-05	0.00297926	0.00252118	0.00154849	0.0018252	0.00166754	0.00194351	0.00160797	0.00188394	0.719608	0.721649	0	966.608	214	0.41965	0.41965	8246	52	0.00630609	0.6945	0.472441	0.245555	0.264434	0.254987	0.254992	0.00917431	0.00917431	0	0	0	0	3.08497	0.0743532	True	False
6	115840000	115860000	231	122	4	0	0	10	0	0	0	9369	11187	11137	11071	10838	0.000373572	0.000480307	0.000373572	0.000106735	0	0.000106735	0.002978	0.00299886	0.00260443	0.00262529	0.00271116	0.00273202	0.00260443	0.00262529	0.54386	0.5875	0	757.375	233	0.46845	0.46845	9267	45	0.00485594	0.49655	0.61327	0.536339	0.558319	0.536339	0.543666	0	0.0327869	0.0819672	0	0	0	3.0827	0.0746044	True	False
6	170440000	170460000	463	262	7	0	7	1	5	0	0	11624	14013	14001	13925	13959	0.00193565	0.00163455	0.00197866	0.00116139	0.000817275	0.000688231	0.00297491	0.00312579	0.00264049	0.00271609	0.00252713	0.00266588	0.00266769	0.00275859	0.855805	0.53125	0	976	466	0.5812	0.5812	11320	101	0.00892226	0.30905	0.333425	0.295944	0.283239	0.298992	0.292725	0	0.0267176	0.00381679	0.019084	0	0	3.0771	0.0748556	True	False
6	141220000	141240000	327	156	17	2	4	0	2	0	0	11780	14039	14294	14297	14009	0.00297114	0.0028438	0.00288625	0.000212224	0.000424448	0.000254669	0.00297465	0.00293047	0.000736044	0.000743404	0.00060871	0.00061607	0.000488115	0.000537513	0.825103	0.439024	0	925.573	328	0.589	0.589	11657	75	0.0064339	0.4199	0.46234	0.114401	0.0946098	0.0758662	0.094959	0.0128205	0.108974	0	0.0128205	0	0	3.07664	0.0751068	True	False
6	168380000	168400000	443	252	8	1	4	0	0	0	0	11656	13981	13926	13942	13827	0.00210192	0.0023164	0.00223061	0.000686342	0.000643445	0.000343171	0.00297396	0.00293233	0.0026056	0.00270577	0.00284942	0.00297723	0.0027635	0.00288888	0.720037	0.728261	0	965.902	453	0.5828	0.5828	10931	98	0.00896533	0.5016	0.331718	0.290631	0.317826	0.308242	0.305567	0.00396825	0.031746	0	0	0	0	3.07539	0.075358	True	False
6	54400000	54420000	266	147	5	0	0	0	0	0	0	8874	10317	10389	10383	10259	0.00214109	0.00360604	0.000845166	0.00146495	0.0015213	0.00298625	0.0029689	0.00317304	0.00196817	0.0020304	0.00173886	0.00167613	0.00236651	0.00255371	0.739316	0.772277	0	834.987	320	0.4437	0.4437	6011	24	0.00399268	0.60535	0.743585	0.492943	0.435511	0.592712	0.507055	0	0.0340136	0	0	0	0	3.06623	0.0756091	True	False
6	151020000	151040000	387	220	10	0	2	0	0	0	0	11645	13533	13538	13261	13360	0.00201803	0.00236153	0.00176041	0.000729927	0.000815801	0.00154573	0.00296861	0.00228976	0.00255225	0.00214122	0.00262576	0.0024153	0.00256462	0.00195301	0.794643	0.372881	0	930.102	388	0.58225	0.58225	11554	74	0.00640471	0.33665	0.463505	0.398496	0.409974	0.400427	0.402966	0	0.0454545	0	0	0	0	3.06572	0.0758603	True	False
6	1020000	1040000	424	216	4	0	1	0	1	0	0	12662	14934	14966	15033	14950	0.00102669	0.00102669	0.00102669	7.89765e-05	7.89765e-05	7.89765e-05	0.00296803	0.00283149	0.0030445	0.00278894	0.00304408	0.00278312	0.0030445	0.00278894	0.884615	0.605263	0	992.853	427	0.6331	0.6331	9247	67	0.00724559	0.5554	0.409633	0.420186	0.420128	0.420186	0.420167	0	0.0185185	0	0.00462963	0	0	3.06466	0.0761115	True	False
6	97160000	97180000	316	162	16	1	1	1	0	0	0	12271	14137	14312	14368	14315	0.00207807	0.00215956	0.00207807	8.1493e-05	0	8.1493e-05	0.00296454	0.00287721	0.00116228	0.00103049	0.00124377	0.00111199	0.00116228	0.00103049	0.84507	0.479452	0	838.014	319	0.61355	0.61355	12173	61	0.00501109	0.4699	0.591596	0.231941	0.248203	0.231941	0.237362	0.00617284	0.0987654	0.00617284	0	0	0	3.05835	0.0763627	True	False
6	167000000	167020000	424	232	15	2	5	0	2	0	1	13762	15883	16125	16180	15871	0.00319721	0.00312455	0.00319721	7.26639e-05	0.000145328	7.26639e-05	0.00295977	0.00310058	0.00114356	0.000979596	0.0010709	0.000906932	0.00114356	0.000979596	0.861472	0.35	0	994	425	0.6881	0.6881	13638	82	0.00601261	0.32155	0.49226	0.190194	0.178109	0.190194	0.186166	0.00862069	0.0646552	0	0.00862069	0	0.00431034	3.04971	0.0766139	True	False
6	31140000	31160000	218	142	0	0	2	0	0	2	0	6608	7718	7789	7528	7857	0.00196731	0.0031023	0.00211864	0.00234564	0.00211864	0.00189165	0.00295407	0.0030164	0.00264811	0.00267228	0.00224532	0.00246905	0.00268441	0.00281907	0.597458	0.642276	0	929	218	0.3304	0.3304	6483	53	0.00817523	0.6402	0.361344	0.323919	0.27465	0.328359	0.308976	0	0	0	0	0.0140845	0	3.03941	0.0768651	True	False
6	13300000	13320000	429	227	6	4	9	2	1	0	0	13088	15007	15209	15295	15257	0.00355287	0.00378209	0.00355287	0.00160452	0.000152812	0.00160452	0.00295169	0.0030837	0.00286575	0.00273227	0.00325001	0.00304441	0.00286575	0.00273227	0.760638	0.5	0	883.521	435	0.6544	0.6544	12946	65	0.00502086	0.36615	0.587885	0.570768	0.647301	0.570768	0.596279	0.0176211	0.0264317	0.00881057	0.00440529	0	0	3.0351	0.0771163	True	False
6	167820000	167840000	389	229	5	3	5	0	1	1	0	10620	13239	13442	13189	13090	0.00150659	0.00160075	0.00141243	0.000282486	9.4162e-05	0.000188324	0.00294921	0.0029947	0.00260255	0.00265043	0.00269679	0.0027446	0.00250847	0.00255627	0.918129	0.461538	0		413	0.531	0.531	0	0		0.2388						0.0131004	0.0218341	0	0.00436681	0.00436681	0	3.03061	0.0773675	True	False
6	112280000	112300000	369	179	2	2	2	12	0	0	0	12164	14532	14196	14497	14206	0.000328839	0.000328839	0.000328839	0	0	0	0.00293986	0.0030209	0.00293986	0.0030209	0.00293986	0.0030209	0.00293986	0.0030209	0.836257	0.448276	0	812	373	0.6082	0.6082	12062	73	0.00605206	0.4382	0.485762	0.485762	0.485762	0.485762	0.485762	0.0111732	0.0111732	0.0670391	0	0	0	3.01371	0.0776187	True	False
6	115160000	115180000	261	157	6	0	3	0	2	0	1	8955	10641	10630	10444	10477	0.00262423	0.00251256	0.00251256	0.000335008	0.000335008	0.000223339	0.00293884	0.00279907	0.000945695	0.00103097	0.000834026	0.000919296	0.000834026	0.000919296	0.680818	0.641509	0	859.604	262	0.44775	0.44775	8859	60	0.00677277	0.6164	0.43392	0.139632	0.123144	0.123144	0.12864	0	0.0382166	0	0.0127389	0	0.00636943	3.01186	0.0778699	True	False
6	14940000	14960000	266	154	1	4	5	0	0	0	0	8425	9973	10104	10056	9896	0.00237389	0.00154303	0.00148368	0.00118694	0.0011276	0.00118694	0.00293777	0.00293066	0.00219631	0.00201828	0.00280443	0.00271186	0.00274508	0.00265251	0.511667	0.827586	0	976.81	269	0.42125	0.42125	8339	65	0.0077947	0.6115	0.376893	0.281769	0.359786	0.352173	0.331243	0.025974	0.00649351	0	0	0	0	3.00992	0.0781211	True	True
6	106880000	106900000	346	204	2	0	2	0	1	1	0	12271	14646	14482	14482	14461	0.00191508	0.00293375	0.002893	0.00110015	0.00105941	0.000122239	0.00293654	0.00293119	0.00258412	0.00249012	0.00231059	0.00226914	0.00226985	0.00222839	0.755747	0.492063	0	919.349	350	0.61355	0.61355	12158	87	0.00715578	0.38475	0.410373	0.361123	0.322899	0.317205	0.333742	0	0.00980392	0	0.00490196	0.00490196	0	3.0077	0.0783723	True	False
6	167680000	167700000	353	207	3	1	2	0	1	0	0	8225	10291	9702	9546	9664	0.000547112	0.000790274	0.000668693	0.000486322	0.000364742	0.000121581	0.00293647	0.0030476	0.00287568	0.00298416	0.00309769	0.00322467	0.00297611	0.00310309	0.725641	0.455556	0		361	0.41125	0.41125	5456	49	0.00898094	0.35995	0.326967	0.320199	0.344918	0.331381	0.332166	0.00483092	0.0144928	0	0.00483092	0	0	3.00758	0.0786235	True	False
6	104000000	104020000	347	192	1	0	3	1	1	0	0	10966	13170	13408	12868	13149	0.000638337	0.000547146	0.000638337	0.000182382	0.000227977	0.000182382	0.00293504	0.00294778	0.00303815	0.00301394	0.00294696	0.00292275	0.00303808	0.00300886	0.708333	0.675	0	971.233	350	0.5483	0.5483	10869	77	0.00708437	0.59315	0.414297	0.428853	0.415981	0.428843	0.424559	0	0.00520833	0.00520833	0.00520833	0	0	3.00498	0.0788747	True	False
6	3260000	3280000	572	320	12	2	10	0	5	0	0	13544	15833	16229	15942	15905	0.00195659	0.00158742	0.00180892	0.00125517	0.000959835	0.000664501	0.00293397	0.00216908	0.00289493	0.00205755	0.00285741	0.0018557	0.00291308	0.00199354	0.841241	0.248175	0	866.387	586	0.6772	0.6772	13363	103	0.00770785	0.2369	0.380647	0.375582	0.370714	0.377937	0.374744	0.00625	0.0375	0	0.015625	0	0	3.00305	0.0791258	True	False
6	74920000	74940000	255	136	2	0	0	0	0	0	0	7429	8337	8657	8841	8566	0.00215372	0.00215372	0.00228833	0	0.000134608	0.000134608	0.00293345	0.00222213	0.00364087	0.00282663	0.00364087	0.00282663	0.00377507	0.00295962	0.475775	0.888889	0	823.978	256	0.37145	0.37145	7272	53	0.00728823	0.8324	0.402491	0.499554	0.499554	0.517968	0.505692	0	0.0147059	0	0	0	0	3.00211	0.079377	True	True
