chrom	start	end	anc_valid_bp	hum_sub	repeat_bp	mask_bp	sub_rate	repeat_frac	anc_cov
16	0	50000	0	0	0	0		0	
16	50000	100000	0	0	19107	3300		0.38214	0
16	100000	150000	21342	185	10331	28391	0.00866835	0.20662	0.751717
16	150000	200000	21241	159	25915	21827	0.00748552	0.5183	0.973153
16	200000	250000	14552	152	20031	16197	0.0104453	0.40062	0.898438
16	250000	300000	13688	106	30970	15683	0.00774401	0.6194	0.872792
16	300000	350000	22124	187	15352	25473	0.00845236	0.30704	0.868527
16	350000	400000	18920	143	20051	22358	0.00755814	0.40102	0.84623
16	400000	450000	18799	122	16459	22965	0.00648971	0.32918	0.818594
16	450000	500000	16347	137	28331	16915	0.00838074	0.56662	0.96642
16	500000	550000	21250	176	23154	21838	0.00828235	0.46308	0.973074
16	550000	600000	20607	161	12707	25050	0.00781288	0.25414	0.822635
16	600000	650000	21414	206	6968	25839	0.00961987	0.13936	0.828747
16	650000	700000	17259	149	12720	22174	0.00863318	0.2544	0.778344
16	700000	750000	27275	193	5924	29917	0.00707608	0.11848	0.911689
16	750000	800000	25003	202	11432	26396	0.00807903	0.22864	0.947227
16	800000	850000	20716	242	13498	26905	0.0116818	0.26996	0.769968
16	850000	900000	22288	270	17457	25873	0.0121141	0.34914	0.861439
16	900000	950000	28169	348	13634	28789	0.012354	0.27268	0.978464
16	950000	1000000	22955	277	12490	25683	0.0120671	0.2498	0.893782
16	1000000	1050000	22041	189	12053	24855	0.00857493	0.24106	0.886783
16	1050000	1100000	24251	386	13091	27418	0.0159169	0.26182	0.884492
16	1100000	1150000	22782	306	10249	26159	0.0134317	0.20498	0.870905
16	1150000	1200000	24099	246	10928	29028	0.0102079	0.21856	0.830198
16	1200000	1250000	26901	263	5692	28843	0.00977659	0.11384	0.93267
16	1250000	1300000	13949	155	11533	18638	0.0111119	0.23066	0.748417
16	1300000	1350000	14649	172	20890	19432	0.0117414	0.4178	0.75386
16	1350000	1400000	26049	231	11441	26651	0.0088679	0.22882	0.977412
16	1400000	1450000	20161	195	16389	24205	0.00967214	0.32778	0.832927
16	1450000	1500000	21297	205	17594	22166	0.00962577	0.35188	0.960796
16	1500000	1550000	21924	208	18642	24444	0.00948732	0.37284	0.896907
16	1550000	1600000	26553	223	12856	29068	0.0083983	0.25712	0.913479
16	1600000	1650000	25626	195	19378	26861	0.00760946	0.38756	0.954023
16	1650000	1700000	26911	210	18583	27627	0.0078035	0.37166	0.974083
16	1700000	1750000	26668	183	14313	28085	0.00686216	0.28626	0.949546
16	1750000	1800000	23087	198	20351	23562	0.00857626	0.40702	0.97984
16	1800000	1850000	26448	239	10615	26938	0.0090366	0.2123	0.98181
16	1850000	1900000	19939	181	26787	21516	0.00907769	0.53574	0.926706
16	1900000	1950000	16958	139	27754	18456	0.00819672	0.55508	0.918834
16	1950000	2000000	20198	184	20712	23169	0.00910981	0.41424	0.871768
16	2000000	2050000	20824	144	14812	24405	0.0069151	0.29624	0.853268
16	2050000	2100000	22132	155	13146	25022	0.00700343	0.26292	0.884502
16	2100000	2150000	16399	124	12740	29689	0.00756144	0.2548	0.552359
16	2150000	2200000	0	0	14598	5316		0.29196	0
16	2200000	2250000	26655	174	9516	28714	0.00652786	0.19032	0.928293
16	2250000	2300000	23374	170	19371	23826	0.00727304	0.38742	0.981029
16	2300000	2350000	22013	164	16040	23156	0.00745014	0.3208	0.950639
16	2350000	2400000	18053	115	26510	19183	0.00637013	0.5302	0.941094
16	2400000	2450000	22314	151	35470	23312	0.00676705	0.7094	0.957189
16	2450000	2500000	18369	122	26065	20580	0.00664162	0.5213	0.892566
16	2500000	2550000	26879	184	12317	28594	0.00684549	0.24634	0.940022
16	2550000	2600000	18082	223	15983	18942	0.0123327	0.31966	0.954598
16	2600000	2650000	8626	55	15842	8833	0.00637607	0.31684	0.976565
16	2650000	2700000	0	0	13881	1848		0.27762	0
16	2700000	2750000	3397	49	20695	7225	0.0144245	0.4139	0.470173
16	2750000	2800000	14630	88	16974	25746	0.00601504	0.33948	0.568244
16	2800000	2850000	25264	181	18419	26126	0.00716434	0.36838	0.967006
16	2850000	2900000	16710	166	23733	26085	0.00993417	0.47466	0.640598
16	2900000	2950000	14379	83	27008	20347	0.00577231	0.54016	0.706689
16	2950000	3000000	3123	37	29569	15775	0.0118476	0.59138	0.197971
16	3000000	3050000	26327	193	13769	27204	0.00733088	0.27538	0.967762
16	3050000	3100000	22059	117	19724	22263	0.00530396	0.39448	0.990837
16	3100000	3150000	15817	134	25690	16037	0.0084719	0.5138	0.986282
16	3150000	3200000	23249	160	21669	23451	0.00688202	0.43338	0.991386
16	3200000	3250000	19155	184	24373	20001	0.00960585	0.48746	0.957702
16	3250000	3300000	18481	125	25782	22758	0.0067637	0.51564	0.812066
16	3300000	3350000	20644	120	23473	22687	0.00581283	0.46946	0.909948
16	3350000	3400000	17755	144	28902	19806	0.00811039	0.57804	0.896446
16	3400000	3450000	16219	137	22654	21668	0.00844688	0.45308	0.748523
16	3450000	3500000	20406	141	28814	20629	0.00690973	0.57628	0.98919
16	3500000	3550000	22289	172	20348	23242	0.00771681	0.40696	0.958997
16	3550000	3600000	25638	188	23908	25987	0.00733287	0.47816	0.98657
16	3600000	3650000	24618	168	22230	25973	0.00682427	0.4446	0.94783
16	3650000	3700000	20556	143	34929	20992	0.00695661	0.69858	0.97923
16	3700000	3750000	25158	182	21814	25485	0.00723428	0.43628	0.987169
16	3750000	3800000	22921	154	22185	23717	0.00671873	0.4437	0.966438
16	3800000	3850000	27906	147	17515	28163	0.00526768	0.3503	0.990875
16	3850000	3900000	24639	132	24190	27223	0.00535736	0.4838	0.90508
16	3900000	3950000	21461	128	26182	22737	0.00596431	0.52364	0.94388
16	3950000	4000000	17302	135	36284	17626	0.00780257	0.72568	0.981618
16	4000000	4050000	23870	221	18965	25632	0.00925848	0.3793	0.931258
16	4050000	4100000	21553	168	25526	22857	0.00779474	0.51052	0.94295
16	4100000	4150000	21010	178	28974	21444	0.00847216	0.57948	0.979761
16	4150000	4200000	20169	135	28374	20652	0.00669344	0.56748	0.976612
16	4200000	4250000	19333	118	27725	19586	0.00610355	0.5545	0.987083
16	4250000	4300000	23134	181	24066	25788	0.00782398	0.48132	0.897084
16	4300000	4350000	16849	134	29746	17594	0.00795299	0.59492	0.957656
16	4350000	4400000	22051	133	19824	22997	0.00603147	0.39648	0.958864
16	4400000	4450000	25465	110	16205	26431	0.00431965	0.3241	0.963452
16	4450000	4500000	20102	117	26532	21462	0.00582032	0.53064	0.936632
16	4500000	4550000	19381	111	26018	19910	0.00572726	0.52036	0.97343
16	4550000	4600000	26838	146	22538	27123	0.00544005	0.45076	0.989492
16	4600000	4650000	18084	129	32032	18368	0.00713338	0.64064	0.984538
16	4650000	4700000	21023	170	23333	22440	0.00808638	0.46666	0.936854
16	4700000	4750000	25963	215	14007	28896	0.00828102	0.28014	0.898498
16	4750000	4800000	22636	196	24718	22872	0.00865877	0.49436	0.989682
16	4800000	4850000	19306	154	29861	19670	0.00797679	0.59722	0.981495
16	4850000	4900000	20678	142	21627	22077	0.0068672	0.43254	0.936631
16	4900000	4950000	30524	195	13161	31715	0.00638842	0.26322	0.962447
16	4950000	5000000	23110	212	25612	23401	0.00917352	0.51224	0.987565
16	5000000	5050000	18642	138	31135	19808	0.00740264	0.6227	0.941135
16	5050000	5100000	24249	182	27601	25790	0.00750546	0.55202	0.940248
16	5100000	5150000	13170	134	23356	13358	0.0101746	0.46712	0.985926
16	5150000	5200000	1559	45	29279	1664	0.0288647	0.58558	0.936899
16	5200000	5250000	14917	193	33669	15216	0.0129383	0.67338	0.98035
16	5250000	5300000	15853	139	25525	16025	0.00876806	0.5105	0.989267
16	5300000	5350000	3057	77	32544	3101	0.0251881	0.65088	0.985811
16	5350000	5400000	29278	319	27183	29915	0.0108956	0.54366	0.978706
16	5400000	5450000	27955	316	25480	29467	0.0113039	0.5096	0.948688
16	5450000	5500000	28390	319	25671	30628	0.0112364	0.51342	0.92693
16	5500000	5550000	30728	365	24016	31814	0.0118784	0.48032	0.965864
16	5550000	5600000	27766	338	29596	29156	0.0121732	0.59192	0.952325
16	5600000	5650000	28053	312	24736	28477	0.0111218	0.49472	0.985111
16	5650000	5700000	27195	261	21256	30820	0.00959735	0.42512	0.882382
16	5700000	5750000	28902	295	21916	30713	0.0102069	0.43832	0.941035
16	5750000	5800000	26093	306	24390	28825	0.0117273	0.4878	0.905221
16	5800000	5850000	27434	285	24829	30256	0.0103886	0.49658	0.906729
16	5850000	5900000	29447	253	23687	29837	0.00859171	0.47374	0.986929
16	5900000	5950000	28282	294	24347	28633	0.0103953	0.48694	0.987741
16	5950000	6000000	27249	290	26750	28744	0.0106426	0.535	0.947989
16	6000000	6050000	26763	297	26267	27138	0.0110974	0.52534	0.986182
16	6050000	6100000	31448	224	21972	31820	0.00712287	0.43944	0.988309
16	6100000	6150000	27902	273	21800	28286	0.00978424	0.436	0.986424
16	6150000	6200000	28968	253	22810	30175	0.00873378	0.4562	0.96
16	6200000	6250000	29918	306	19268	30299	0.010228	0.38536	0.987425
16	6250000	6300000	25586	265	22720	26759	0.0103572	0.4544	0.956164
16	6300000	6350000	29536	301	21038	29963	0.010191	0.42076	0.985749
16	6350000	6400000	30848	230	20115	31260	0.00745591	0.4023	0.98682
16	6400000	6450000	28195	310	21982	28529	0.0109949	0.43964	0.988293
16	6450000	6500000	27873	306	22353	28293	0.0109784	0.44706	0.985155
16	6500000	6550000	28942	247	20185	29750	0.00853431	0.4037	0.97284
16	6550000	6600000	30593	296	18192	31021	0.00967542	0.36384	0.986203
16	6600000	6650000	28880	296	22917	29305	0.0102493	0.45834	0.985497
16	6650000	6700000	26391	318	21174	27865	0.0120496	0.42348	0.947102
16	6700000	6750000	27430	280	22526	27890	0.0102078	0.45052	0.983507
16	6750000	6800000	29448	312	26192	30043	0.0105949	0.52384	0.980195
16	6800000	6850000	26350	296	23837	27329	0.0112334	0.47674	0.964177
16	6850000	6900000	25991	357	24257	26614	0.0137355	0.48514	0.976591
16	6900000	6950000	29731	469	18025	30396	0.0157748	0.3605	0.978122
16	6950000	7000000	26719	407	25163	27285	0.0152326	0.50326	0.979256
16	7000000	7050000	24946	310	25249	25372	0.0124268	0.50498	0.98321
16	7050000	7100000	26292	303	25152	26695	0.0115244	0.50304	0.984904
16	7100000	7150000	30183	327	17139	30626	0.0108339	0.34278	0.985535
16	7150000	7200000	29737	383	21201	30660	0.0128796	0.42402	0.969896
16	7200000	7250000	29463	361	20437	30143	0.0122527	0.40874	0.977441
16	7250000	7300000	22470	289	20596	23537	0.0128616	0.41192	0.954667
16	7300000	7350000	29385	332	19055	31373	0.0112983	0.3811	0.936633
16	7350000	7400000	32525	352	12501	32951	0.0108224	0.25002	0.987072
16	7400000	7450000	30827	366	18370	31618	0.0118727	0.3674	0.974983
16	7450000	7500000	29895	357	17015	30354	0.0119418	0.3403	0.984878
16	7500000	7550000	28634	356	20660	29563	0.0124328	0.4132	0.968576
16	7550000	7600000	32405	296	17923	32822	0.00913439	0.35846	0.987295
16	7600000	7650000	28677	251	19469	29001	0.00875266	0.38938	0.988828
16	7650000	7700000	31926	305	13900	32555	0.00955334	0.278	0.980679
16	7700000	7750000	33901	347	8702	34551	0.0102357	0.17404	0.981187
16	7750000	7800000	28770	373	19823	29546	0.0129649	0.39646	0.973736
16	7800000	7850000	27019	287	25218	28047	0.0106222	0.50436	0.963347
16	7850000	7900000	25417	202	25861	26478	0.00794744	0.51722	0.959929
16	7900000	7950000	22443	132	26350	28947	0.00588157	0.527	0.775314
16	7950000	8000000	29466	254	24504	29784	0.0086201	0.49008	0.989323
16	8000000	8050000	28577	196	23961	28888	0.00685866	0.47922	0.989234
16	8050000	8100000	25902	212	31170	26289	0.0081847	0.6234	0.985279
16	8100000	8150000	26718	230	23934	27051	0.00860843	0.47868	0.98769
16	8150000	8200000	21003	151	30121	23750	0.00718945	0.60242	0.884337
16	8200000	8250000	25936	217	25811	26381	0.00836675	0.51622	0.983132
16	8250000	8300000	29128	266	23579	29510	0.00913211	0.47158	0.987055
16	8300000	8350000	28485	292	26874	28843	0.010251	0.53748	0.987588
16	8350000	8400000	28595	251	25109	29213	0.00877776	0.50218	0.978845
16	8400000	8450000	28320	243	21824	30490	0.00858051	0.43648	0.928829
16	8450000	8500000	26654	287	29757	27034	0.0107676	0.59514	0.985944
16	8500000	8550000	27337	309	25239	28450	0.0113034	0.50478	0.960879
16	8550000	8600000	23706	233	27232	24970	0.00982874	0.54464	0.949379
16	8600000	8650000	17196	137	23966	17952	0.00796697	0.47932	0.957888
16	8650000	8700000	7263	63	9043	7364	0.0086741	0.18086	0.986285
16	8700000	8750000	26637	153	25910	28251	0.00574389	0.5182	0.942869
16	8750000	8800000	22121	172	29844	24939	0.00777542	0.59688	0.887004
16	8800000	8850000	22024	229	29798	22442	0.0103977	0.59596	0.981374
16	8850000	8900000	24300	197	26380	24673	0.008107	0.5276	0.984882
16	8900000	8950000	17936	173	32749	18857	0.00964541	0.65498	0.951159
16	8950000	9000000	25145	222	18318	25840	0.00882879	0.36636	0.973104
16	9000000	9050000	27849	251	17663	28428	0.00901289	0.35326	0.979633
16	9050000	9100000	15532	105	33074	15806	0.00676024	0.66148	0.982665
16	9100000	9150000	14120	114	38852	14631	0.00807365	0.77704	0.965074
16	9150000	9200000	16433	146	30977	17522	0.00888456	0.61954	0.93785
16	9200000	9250000	22282	163	24036	24379	0.00731532	0.48072	0.913983
16	9250000	9300000	17545	160	34899	19138	0.00911941	0.69798	0.916762
16	9300000	9350000	22609	152	32298	25463	0.00672299	0.64596	0.887916
16	9350000	9400000	27301	201	27997	27836	0.00736237	0.55994	0.98078
16	9400000	9450000	28089	189	26846	28916	0.00672861	0.53692	0.9714
16	9450000	9500000	25952	185	30617	28071	0.00712855	0.61234	0.924513
16	9500000	9550000	29107	254	28994	30690	0.00872642	0.57988	0.94842
16	9550000	9600000	30545	229	26741	30861	0.00749714	0.53482	0.989761
16	9600000	9650000	30301	211	25650	30769	0.00696347	0.513	0.98479
16	9650000	9700000	28101	218	28336	28405	0.00775773	0.56672	0.989298
16	9700000	9750000	28340	190	28663	29263	0.0067043	0.57326	0.968458
16	9750000	9800000	24005	202	33529	24608	0.00841491	0.67058	0.975496
16	9800000	9850000	28952	218	28666	29355	0.0075297	0.57332	0.986272
16	9850000	9900000	32381	202	16888	32684	0.00623823	0.33776	0.990729
16	9900000	9950000	30164	158	20903	30442	0.00523803	0.41806	0.990868
16	9950000	10000000	30605	202	23164	30924	0.00660023	0.46328	0.989684
16	10000000	10050000	31268	193	20753	33186	0.00617244	0.41506	0.942205
16	10050000	10100000	27184	200	29328	27712	0.00735727	0.58656	0.980947
16	10100000	10150000	29343	245	24209	31299	0.00834952	0.48418	0.937506
16	10150000	10200000	31365	241	26264	31697	0.00768372	0.52528	0.989526
16	10200000	10250000	29600	220	27479	30164	0.00743243	0.54958	0.981302
16	10250000	10300000	28191	199	25052	29124	0.00705899	0.50104	0.967965
16	10300000	10350000	25504	228	30692	26435	0.00893977	0.61384	0.964782
16	10350000	10400000	13602	142	38411	14060	0.0104396	0.76822	0.967425
16	10400000	10450000	13220	128	39184	14498	0.0096823	0.78368	0.91185
16	10450000	10500000	17091	118	40829	17319	0.00690422	0.81658	0.986835
16	10500000	10550000	13539	98	41805	13808	0.00723835	0.8361	0.980519
16	10550000	10600000	17862	154	38537	18138	0.00862165	0.77074	0.984783
16	10600000	10650000	22876	171	27953	23189	0.00747508	0.55906	0.986502
16	10650000	10700000	28289	232	23344	29248	0.00820107	0.46688	0.967211
16	10700000	10750000	23155	226	31416	24378	0.00976031	0.62832	0.949832
16	10750000	10800000	19536	197	30707	20344	0.0100839	0.61414	0.960283
16	10800000	10850000	12029	108	31893	15329	0.0089783	0.63786	0.784722
16	10850000	10900000	18783	127	30454	19441	0.00676143	0.60908	0.966154
16	10900000	10950000	20695	174	31193	22624	0.00840783	0.62386	0.914737
16	10950000	11000000	27682	195	26515	28355	0.00704429	0.5303	0.976265
16	11000000	11050000	29742	184	22956	30388	0.00618654	0.45912	0.978742
16	11050000	11100000	28884	149	20156	29711	0.00515857	0.40312	0.972165
16	11100000	11150000	28851	157	23103	29303	0.00544175	0.46206	0.984575
16	11150000	11200000	31799	160	18967	32314	0.0050316	0.37934	0.984063
16	11200000	11250000	30527	211	20136	30767	0.00691191	0.40272	0.992199
16	11250000	11300000	30939	205	19057	31337	0.00662594	0.38114	0.987299
16	11300000	11350000	23566	173	28621	24023	0.00734108	0.57242	0.980977
16	11350000	11400000	25443	217	28116	26082	0.00852887	0.56232	0.9755
16	11400000	11450000	21615	181	32888	23066	0.00837381	0.65776	0.937094
16	11450000	11500000	26834	291	27866	27192	0.0108445	0.55732	0.986834
16	11500000	11550000	24508	230	29815	26682	0.00938469	0.5963	0.918522
16	11550000	11600000	15664	153	30349	23839	0.00976762	0.60698	0.657075
16	11600000	11650000	22580	200	27442	23641	0.0088574	0.54884	0.95512
16	11650000	11700000	20154	156	28921	20380	0.0077404	0.57842	0.988911
16	11700000	11750000	18794	137	35370	19742	0.00728956	0.7074	0.951981
16	11750000	11800000	27176	144	18247	28360	0.00529879	0.36494	0.958251
16	11800000	11850000	23249	108	22113	23465	0.00464536	0.44226	0.990795
16	11850000	11900000	22506	92	23045	22942	0.0040878	0.4609	0.980996
16	11900000	11950000	13452	86	32821	14819	0.0063931	0.65642	0.907754
16	11950000	12000000	18534	105	25189	19301	0.00566526	0.50378	0.960261
16	12000000	12050000	8571	48	28418	10325	0.00560028	0.56836	0.830121
16	12050000	12100000	19760	95	30571	20427	0.00480769	0.61142	0.967347
16	12100000	12150000	9843	67	29639	10139	0.00680687	0.59278	0.970806
16	12150000	12200000	22490	136	27300	23322	0.00604713	0.546	0.964326
16	12200000	12250000	24951	179	23362	28337	0.00717406	0.46724	0.88051
16	12250000	12300000	29332	235	23499	29913	0.00801173	0.46998	0.980577
16	12300000	12350000	28874	195	27236	29208	0.00675348	0.54472	0.988565
16	12350000	12400000	28359	175	24624	28954	0.00617088	0.49248	0.97945
16	12400000	12450000	30456	245	20184	32380	0.00804439	0.40368	0.940581
16	12450000	12500000	27421	268	24404	29286	0.00977353	0.48808	0.936318
16	12500000	12550000	28438	233	22792	29007	0.00819326	0.45584	0.980384
16	12550000	12600000	28166	249	26712	28926	0.00884045	0.53424	0.973726
16	12600000	12650000	30169	464	19913	31223	0.01538	0.39826	0.966243
16	12650000	12700000	23845	532	26915	25622	0.0223108	0.5383	0.930646
16	12700000	12750000	20463	330	31485	21718	0.0161267	0.6297	0.942214
16	12750000	12800000	25146	213	24046	25464	0.00847053	0.48092	0.987512
16	12800000	12850000	23379	198	30440	23663	0.00846914	0.6088	0.987998
16	12850000	12900000	23997	166	26230	24744	0.00691753	0.5246	0.969811
16	12900000	12950000	16730	133	35633	17782	0.00794979	0.71266	0.940839
16	12950000	13000000	23537	143	28650	23839	0.00607554	0.573	0.987332
16	13000000	13050000	28127	216	26846	28380	0.00767945	0.53692	0.991085
16	13050000	13100000	28898	210	30495	29196	0.00726694	0.6099	0.989793
16	13100000	13150000	28392	192	27758	29262	0.00676247	0.55516	0.970269
16	13150000	13200000	26973	168	27379	27343	0.00622845	0.54758	0.986468
16	13200000	13250000	21368	147	23880	28377	0.00687945	0.4776	0.753004
16	13250000	13300000	25984	179	25025	27465	0.00688885	0.5005	0.946077
16	13300000	13350000	27563	180	25035	28402	0.00653049	0.5007	0.97046
16	13350000	13400000	27909	161	27012	28320	0.00576875	0.54024	0.985487
16	13400000	13450000	27391	188	24981	27654	0.00686357	0.49962	0.99049
16	13450000	13500000	25542	190	28641	26247	0.00743873	0.57282	0.97314
16	13500000	13550000	28227	224	24077	29148	0.00793566	0.48154	0.968403
16	13550000	13600000	28226	207	27623	28487	0.00733366	0.55246	0.990838
16	13600000	13650000	26614	265	29469	28918	0.00995717	0.58938	0.920326
16	13650000	13700000	25836	226	31738	27305	0.00874748	0.63476	0.9462
16	13700000	13750000	23500	169	30580	23849	0.00719149	0.6116	0.985366
16	13750000	13800000	27931	245	27470	28295	0.00877162	0.5494	0.987136
16	13800000	13850000	26813	271	29236	28184	0.010107	0.58472	0.951355
16	13850000	13900000	26005	220	28721	28524	0.00845991	0.57442	0.911688
16	13900000	13950000	26827	250	25750	27118	0.00931897	0.515	0.989269
16	13950000	14000000	24769	145	31401	27179	0.00585409	0.62802	0.911329
16	14000000	14050000	29629	187	21067	29916	0.00631138	0.42134	0.990406
16	14050000	14100000	19192	139	31372	21744	0.0072426	0.62744	0.882634
16	14100000	14150000	23823	159	35313	24350	0.00667422	0.70626	0.978357
16	14150000	14200000	26827	120	26011	27191	0.00447311	0.52022	0.986613
16	14200000	14250000	29610	122	25427	29969	0.00412023	0.50854	0.988021
16	14250000	14300000	30167	115	23252	30371	0.00381211	0.46504	0.993283
16	14300000	14350000	30360	126	20742	30535	0.0041502	0.41484	0.994269
16	14350000	14400000	25147	144	22437	25346	0.00572633	0.44874	0.992149
16	14400000	14450000	22591	124	33278	23035	0.00548891	0.66556	0.980725
16	14450000	14500000	17212	124	30954	17554	0.00720428	0.61908	0.980517
16	14500000	14550000	8912	65	27210	9020	0.00729354	0.5442	0.988027
16	14550000	14600000	28649	142	27301	28819	0.00495654	0.54602	0.994101
16	14600000	14650000	25111	124	26594	25320	0.00493807	0.53188	0.991746
16	14650000	14700000	21604	109	24343	21769	0.00504536	0.48686	0.99242
16	14700000	14750000	18200	89	28630	18801	0.00489011	0.5726	0.968034
16	14750000	14800000	8570	47	36260	9001	0.00548425	0.7252	0.952116
16	14800000	14850000	0	0	29150	0		0.583	
16	14850000	14900000	0	0	28202	0		0.56404	
16	14900000	14950000	0	0	29855	7		0.5971	0
16	14950000	15000000	0	0	22550	0		0.451	
16	15000000	15050000	0	0	20082	442		0.40164	0
16	15050000	15100000	0	0	29535	2953		0.5907	0
16	15100000	15150000	13973	114	21292	14167	0.00815859	0.42584	0.986306
16	15150000	15200000	3550	17	23121	5491	0.00478873	0.46242	0.646512
16	15200000	15250000	0	0	19596	71		0.39192	0
16	15250000	15300000	16	1	27206	66	0.0625	0.54412	0.242424
16	15300000	15350000	0	0	29814	0		0.59628	
16	15350000	15400000	34	4	29023	41	0.117647	0.58046	0.829268
16	15400000	15450000	0	0	31022	0		0.62044	
16	15450000	15500000	0	0	29447	1770		0.58894	0
16	15500000	15550000	13509	84	31564	15484	0.00621808	0.63128	0.872449
16	15550000	15600000	20058	143	35962	21569	0.00712932	0.71924	0.929946
16	15600000	15650000	15325	94	33144	21727	0.00613377	0.66288	0.705344
16	15650000	15700000	14001	88	27246	22519	0.00628527	0.54492	0.621742
16	15700000	15750000	22040	87	19437	25246	0.00394737	0.38874	0.87301
16	15750000	15800000	16246	93	31867	17430	0.00572449	0.63734	0.932071
16	15800000	15850000	23333	139	27292	23684	0.00595723	0.54584	0.98518
16	15850000	15900000	24347	135	27923	25606	0.00554483	0.55846	0.950832
16	15900000	15950000	17785	171	30949	22375	0.00961484	0.61898	0.79486
16	15950000	16000000	8405	58	29634	19415	0.00690065	0.59268	0.432913
16	16000000	16050000	9020	80	39280	15180	0.00886918	0.7856	0.594203
16	16050000	16100000	17162	174	34235	18967	0.0101387	0.6847	0.904835
16	16100000	16150000	6119	60	30801	22820	0.00980552	0.61602	0.268142
16	16150000	16200000	22696	225	28109	22994	0.00991364	0.56218	0.98704
16	16200000	16250000	23628	178	28665	24015	0.00753343	0.5733	0.983885
16	16250000	16300000	19743	150	30853	20892	0.00759763	0.61706	0.945003
16	16300000	16350000	0	0	28867	2		0.57734	0
16	16350000	16400000	0	0	22924	9		0.45848	0
16	16400000	16450000	0	0	20474	0		0.40948	
16	16450000	16500000	0	0	19450	0		0.389	
16	16500000	16550000	0	0	31102	0		0.62204	
16	16550000	16600000	0	0	30096	0		0.60192	
16	16600000	16650000	0	0	31204	0		0.62408	
16	16650000	16700000	0	0	34060	94		0.6812	0
16	16700000	16750000	0	0	35687	183		0.71374	0
16	16750000	16800000	0	0	33987	0		0.67974	
16	16800000	16850000	5	2	35411	7	0.4	0.70822	0.714286
16	16850000	16900000	20323	120	32059	20890	0.00590464	0.64118	0.972858
16	16900000	16950000	23301	143	29727	24000	0.00613708	0.59454	0.970875
16	16950000	17000000	25919	174	26845	26879	0.00671322	0.5369	0.964284
16	17000000	17050000	25115	163	29876	25640	0.00649015	0.59752	0.979524
16	17050000	17100000	23417	134	30978	23765	0.00572234	0.61956	0.985357
16	17100000	17150000	21263	128	38627	23198	0.00601985	0.77254	0.916588
16	17150000	17200000	27079	142	24143	27416	0.00524392	0.48286	0.987708
16	17200000	17250000	29628	186	25046	30020	0.00627785	0.50092	0.986942
16	17250000	17300000	29051	176	23315	29529	0.00605831	0.4663	0.983813
16	17300000	17350000	29089	248	26788	30083	0.00852556	0.53576	0.966958
16	17350000	17400000	29352	189	23917	30133	0.00643908	0.47834	0.974082
16	17400000	17450000	28210	146	24964	29338	0.00517547	0.49928	0.961552
16	17450000	17500000	29319	175	22364	30199	0.00596883	0.44728	0.97086
16	17500000	17550000	28749	151	24460	29606	0.00525236	0.4892	0.971053
16	17550000	17600000	26507	125	28715	26722	0.00471574	0.5743	0.991954
16	17600000	17650000	25772	195	30423	26306	0.00756635	0.60846	0.9797
16	17650000	17700000	27161	142	27194	29200	0.00522808	0.54388	0.930171
16	17700000	17750000	28167	170	28536	29243	0.00603543	0.57072	0.963205
16	17750000	17800000	27380	188	30949	27706	0.00686633	0.61898	0.988234
16	17800000	17850000	23498	150	27886	24205	0.00638352	0.55772	0.970791
16	17850000	17900000	30796	244	23966	31059	0.00792311	0.47932	0.991532
16	17900000	17950000	29853	195	26275	30191	0.00653201	0.5255	0.988805
16	17950000	18000000	28712	162	28998	29266	0.00564224	0.57996	0.98107
16	18000000	18050000	25796	154	29403	26064	0.00596992	0.58806	0.989718
16	18050000	18100000	15309	111	25492	27787	0.00725064	0.50984	0.550941
16	18100000	18150000	27686	204	27184	29446	0.00736835	0.54368	0.94023
16	18150000	18200000	51	3	26924	9810	0.0588235	0.53848	0.00519878
16	18200000	18250000	63	3	25991	68	0.047619	0.51982	0.926471
16	18250000	18300000	10	1	31426	10	0.1	0.62852	1
16	18300000	18350000	0	0	29253	0		0.58506	
16	18350000	18400000	0	0	29940	0		0.5988	
16	18400000	18450000	0	0	22288	0		0.44576	
16	18450000	18500000	0	0	17835	0		0.3567	
16	18500000	18550000	0	0	22458	0		0.44916	
16	18550000	18600000	0	0	29084	5		0.58168	0
16	18600000	18650000	0	0	33136	25		0.66272	0
16	18650000	18700000	0	0	34655	0		0.6931	
16	18700000	18750000	0	0	35675	0		0.7135	
16	18750000	18800000	1	1	33591	2880	1	0.67182	0.000347222
16	18800000	18850000	20809	77	19052	22834	0.00370032	0.38104	0.911316
16	18850000	18900000	10790	66	17823	10864	0.00611677	0.35646	0.993189
16	18900000	18950000	2616	30	26131	3059	0.0114679	0.52262	0.855181
16	18950000	19000000	12400	81	37992	13422	0.00653226	0.75984	0.923856
16	19000000	19050000	15448	119	36437	15742	0.00770326	0.72874	0.981324
16	19050000	19100000	18306	121	32947	18497	0.00660985	0.65894	0.989674
16	19100000	19150000	22970	126	29332	23263	0.00548542	0.58664	0.987405
16	19150000	19200000	26269	143	27240	27206	0.00544368	0.5448	0.965559
16	19200000	19250000	25828	209	32743	26087	0.00809199	0.65486	0.990072
16	19250000	19300000	25008	168	34082	25251	0.00671785	0.68164	0.990377
16	19300000	19350000	26226	204	31089	27514	0.00777854	0.62178	0.953187
16	19350000	19400000	20415	157	34569	22456	0.00769042	0.69138	0.909111
16	19400000	19450000	16369	131	36896	16797	0.00800293	0.73792	0.974519
16	19450000	19500000	20783	133	31592	21550	0.00639946	0.63184	0.964408
16	19500000	19550000	24796	119	24450	25080	0.00479916	0.489	0.988676
16	19550000	19600000	21296	105	28049	21612	0.0049305	0.56098	0.985378
16	19600000	19650000	23542	132	26385	24362	0.005607	0.5277	0.966341
16	19650000	19700000	24759	154	26776	25158	0.00621996	0.53552	0.98414
16	19700000	19750000	23051	180	24887	24742	0.00780877	0.49774	0.931655
16	19750000	19800000	24309	125	27667	24540	0.00514213	0.55334	0.990587
16	19800000	19850000	22048	128	31558	22383	0.00580552	0.63116	0.985033
16	19850000	19900000	24237	127	23821	26170	0.00523992	0.47642	0.926137
16	19900000	19950000	20934	128	35201	22599	0.00611445	0.70402	0.926324
16	19950000	20000000	25525	185	34820	25890	0.0072478	0.6964	0.985902
16	20000000	20050000	29381	164	25948	29605	0.00558184	0.51896	0.992434
16	20050000	20100000	28411	165	25203	31322	0.00580761	0.50406	0.907062
16	20100000	20150000	28999	178	30954	30387	0.00613814	0.61908	0.954323
16	20150000	20200000	26357	157	28435	26645	0.00595667	0.5687	0.989191
16	20200000	20250000	30261	171	23464	31459	0.00565084	0.46928	0.961919
16	20250000	20300000	30453	212	27399	30721	0.00696155	0.54798	0.991276
16	20300000	20350000	28883	177	23297	31455	0.00612817	0.46594	0.918232
16	20350000	20400000	22775	139	25468	29742	0.00610318	0.50936	0.765752
16	20400000	20450000	16476	97	29492	19425	0.00588735	0.58984	0.848185
16	20450000	20500000	320	18	29606	1053	0.05625	0.59212	0.303894
16	20500000	20550000	0	0	30907	9689		0.61814	0
16	20550000	20600000	1275	21	31423	1746	0.0164706	0.62846	0.730241
16	20600000	20650000	12633	105	25939	16585	0.00831156	0.51878	0.761712
16	20650000	20700000	15035	139	38528	16334	0.00924509	0.77056	0.920473
16	20700000	20750000	9983	50	27328	17427	0.00500851	0.54656	0.572847
16	20750000	20800000	23338	89	32092	23711	0.00381352	0.64184	0.984269
16	20800000	20850000	27292	92	24239	27464	0.00337095	0.48478	0.993737
16	20850000	20900000	29176	124	15876	29371	0.00425007	0.31752	0.993361
16	20900000	20950000	23857	101	24506	26308	0.00423356	0.49012	0.906834
16	20950000	21000000	21103	127	29626	21732	0.0060181	0.59252	0.971057
16	21000000	21050000	23425	77	32162	23608	0.00328709	0.64324	0.992248
16	21050000	21100000	21631	121	28673	21819	0.00559382	0.57346	0.991384
16	21100000	21150000	21807	118	30355	22136	0.00541111	0.6071	0.985137
16	21150000	21200000	22186	141	30517	22698	0.00635536	0.61034	0.977443
16	21200000	21250000	26315	126	25833	26615	0.00478814	0.51666	0.988728
16	21250000	21300000	25033	187	29089	25803	0.00747014	0.58178	0.970159
16	21300000	21350000	17015	160	36557	17780	0.00940347	0.73114	0.956974
16	21350000	21400000	291	4	21601	1657	0.0137457	0.43202	0.175619
16	21400000	21450000	0	0	29011	0		0.58022	
16	21450000	21500000	0	0	18875	0		0.3775	
16	21500000	21550000	0	0	25543	31		0.51086	0
16	21550000	21600000	662	4	32737	797	0.0060423	0.65474	0.830615
16	21600000	21650000	20548	98	25386	20799	0.00476932	0.50772	0.987932
16	21650000	21700000	23001	82	28464	23127	0.00356506	0.56928	0.994552
16	21700000	21750000	17231	92	30703	17474	0.00533921	0.61406	0.986094
16	21750000	21800000	0	0	30648	1		0.61296	0
16	21800000	21850000	0	0	26878	58		0.53756	0
16	21850000	21900000	0	0	25716	0		0.51432	
16	21900000	21950000	0	0	21266	924		0.42532	0
16	21950000	22000000	18844	67	23667	26129	0.00355551	0.47334	0.721191
16	22000000	22050000	26347	104	24426	26799	0.00394732	0.48852	0.983134
16	22050000	22100000	29993	95	22669	30173	0.00316741	0.45338	0.994034
16	22100000	22150000	25586	90	28648	25768	0.00351755	0.57296	0.992937
16	22150000	22200000	22442	99	28322	22796	0.00441137	0.56644	0.984471
16	22200000	22250000	19222	110	29952	19920	0.00572261	0.59904	0.96496
16	22250000	22300000	20601	86	31674	20732	0.00417455	0.63348	0.993681
16	22300000	22350000	25617	114	23912	26616	0.00445017	0.47824	0.962466
16	22350000	22400000	14416	156	24392	23221	0.0108213	0.48784	0.620817
16	22400000	22450000	0	0	29209	11224		0.58418	0
16	22450000	22500000	0	0	20126	0		0.40252	
16	22500000	22550000	0	0	26552	0		0.53104	
16	22550000	22600000	0	0	31578	1		0.63156	0
16	22600000	22650000	117	0	34165	124	0	0.6833	0.943548
16	22650000	22700000	97	1	30672	97	0.0103093	0.61344	1
16	22700000	22750000	7916	76	29255	9180	0.00960081	0.5851	0.862309
16	22750000	22800000	18913	120	28043	19360	0.00634484	0.56086	0.976911
16	22800000	22850000	29192	136	26688	29900	0.00465881	0.53376	0.976321
16	22850000	22900000	28605	184	28055	28880	0.00643244	0.5611	0.990478
16	22900000	22950000	29465	158	24726	30420	0.00536229	0.49452	0.968606
16	22950000	23000000	28694	199	27206	30533	0.00693525	0.54412	0.93977
16	23000000	23050000	29322	244	26669	30354	0.0083214	0.53338	0.966001
16	23050000	23100000	29787	166	19905	30623	0.0055729	0.3981	0.9727
16	23100000	23150000	24443	153	26796	24855	0.00625946	0.53592	0.983424
16	23150000	23200000	23436	163	30888	23959	0.00695511	0.61776	0.978171
16	23200000	23250000	25270	145	27783	26100	0.00573803	0.55566	0.968199
16	23250000	23300000	20141	128	36689	21073	0.0063552	0.73378	0.955773
16	23300000	23350000	21193	118	31370	21564	0.00556788	0.6274	0.982795
16	23350000	23400000	15331	107	30759	24538	0.00697932	0.61518	0.624786
16	23400000	23450000	25002	98	23409	25171	0.00391969	0.46818	0.993286
16	23450000	23500000	17388	136	30883	19572	0.00782149	0.61766	0.888412
16	23500000	23550000	22793	107	28423	22970	0.00469442	0.56846	0.992294
16	23550000	23600000	22426	99	25621	22612	0.00441452	0.51242	0.991774
16	23600000	23650000	18939	76	30111	19260	0.00401288	0.60222	0.983333
16	23650000	23700000	22541	123	29190	23040	0.00545672	0.5838	0.978342
16	23700000	23750000	21403	106	30130	22268	0.00495258	0.6026	0.961155
16	23750000	23800000	21403	178	32982	21660	0.00831659	0.65964	0.988135
16	23800000	23850000	22646	144	34978	22891	0.00635874	0.69956	0.989297
16	23850000	23900000	24981	109	29021	26054	0.00436332	0.58042	0.958816
16	23900000	23950000	28929	143	26664	29277	0.00494314	0.53328	0.988114
16	23950000	24000000	29288	159	25562	29731	0.00542884	0.51124	0.9851
16	24000000	24050000	23700	145	30412	28913	0.00611814	0.60824	0.8197
16	24050000	24100000	28819	147	29482	29236	0.0051008	0.58964	0.985737
16	24100000	24150000	24466	127	28881	24982	0.00519088	0.57762	0.979345
16	24150000	24200000	27709	111	25480	29024	0.00400592	0.5096	0.954693
16	24200000	24250000	29425	139	22772	31031	0.00472387	0.45544	0.948245
16	24250000	24300000	29917	146	26427	30132	0.00488017	0.52854	0.992865
16	24300000	24350000	27074	138	28138	27348	0.00509714	0.56276	0.989981
16	24350000	24400000	22475	141	32770	24270	0.00627364	0.6554	0.92604
16	24400000	24450000	20052	128	36390	21632	0.0063834	0.7278	0.92696
16	24450000	24500000	21492	138	34464	21757	0.00642099	0.68928	0.98782
16	24500000	24550000	18875	122	38358	19112	0.00646358	0.76716	0.987599
16	24550000	24600000	26619	112	15747	26849	0.00420752	0.31494	0.991434
16	24600000	24650000	18019	102	40479	19054	0.00566069	0.80958	0.945681
16	24650000	24700000	19076	96	36723	19311	0.0050325	0.73446	0.987831
16	24700000	24750000	18514	123	35106	19367	0.00664362	0.70212	0.955956
16	24750000	24800000	30520	169	19640	30711	0.00553735	0.3928	0.993781
16	24800000	24850000	28462	127	18446	29655	0.00446209	0.36892	0.959771
16	24850000	24900000	19784	135	36486	21428	0.0068237	0.72972	0.923278
16	24900000	24950000	22075	126	26102	23201	0.00570781	0.52204	0.951468
16	24950000	25000000	28453	174	18409	29057	0.00611535	0.36818	0.979213
16	25000000	25050000	19800	120	28693	20264	0.00606061	0.57386	0.977102
16	25050000	25100000	7438	71	35402	17400	0.00954558	0.70804	0.427471
16	25100000	25150000	21050	121	27051	21814	0.00574822	0.54102	0.964977
16	25150000	25200000	22827	114	34847	23074	0.00499409	0.69694	0.989295
16	25200000	25250000	20042	101	31999	20723	0.00503942	0.63998	0.967138
16	25250000	25300000	22028	131	30666	23104	0.00594698	0.61332	0.953428
16	25300000	25350000	23826	126	35745	24385	0.00528834	0.7149	0.977076
16	25350000	25400000	16947	92	33308	17983	0.00542869	0.66616	0.94239
16	25400000	25450000	28572	187	27185	29407	0.00654487	0.5437	0.971605
16	25450000	25500000	23779	188	30798	24693	0.00790614	0.61596	0.962985
16	25500000	25550000	18337	113	28381	26798	0.0061624	0.56762	0.684267
16	25550000	25600000	18371	128	33694	20764	0.0069675	0.67388	0.884752
16	25600000	25650000	22750	173	31371	23102	0.0076044	0.62742	0.984763
16	25650000	25700000	26601	275	33437	26995	0.010338	0.66874	0.985405
16	25700000	25750000	17093	136	22823	30440	0.00795647	0.45646	0.561531
16	25750000	25800000	32143	212	22838	32458	0.00659553	0.45676	0.990295
16	25800000	25850000	28377	195	31144	28681	0.00687176	0.62288	0.989401
16	25850000	25900000	29436	168	30138	29711	0.0057073	0.60276	0.990744
16	25900000	25950000	29820	177	23716	30094	0.00593561	0.47432	0.990895
16	25950000	26000000	29672	175	26056	30596	0.00589782	0.52112	0.9698
16	26000000	26050000	29955	220	29351	30276	0.00734435	0.58702	0.989398
16	26050000	26100000	29550	189	24669	29802	0.00639594	0.49338	0.991544
16	26100000	26150000	28926	218	26261	29244	0.00753647	0.52522	0.989126
16	26150000	26200000	29995	235	26086	30300	0.00783464	0.52172	0.989934
16	26200000	26250000	29828	220	26872	30141	0.00737562	0.53744	0.989615
16	26250000	26300000	26146	203	32362	26768	0.00776409	0.64724	0.976763
16	26300000	26350000	29829	275	31195	30159	0.00921922	0.6239	0.989058
16	26350000	26400000	29413	244	24441	29745	0.00829565	0.48882	0.988838
16	26400000	26450000	21915	195	36976	22179	0.00889802	0.73952	0.988097
16	26450000	26500000	26782	209	34675	27022	0.00780375	0.6935	0.991118
16	26500000	26550000	30191	240	26292	30617	0.00794939	0.52584	0.986086
16	26550000	26600000	28250	230	25101	29476	0.00814159	0.50202	0.958407
16	26600000	26650000	23452	169	31171	24391	0.00720621	0.62342	0.961502
16	26650000	26700000	26658	225	32549	27699	0.00844024	0.65098	0.962417
16	26700000	26750000	25848	193	30514	26368	0.00746673	0.61028	0.980279
16	26750000	26800000	28318	181	25546	28877	0.00639169	0.51092	0.980642
16	26800000	26850000	27343	253	29425	27909	0.00925283	0.5885	0.97972
16	26850000	26900000	26200	212	31973	27352	0.0080916	0.63946	0.957882
16	26900000	26950000	25586	217	34448	25927	0.0084812	0.68896	0.986848
16	26950000	27000000	26298	195	30766	27187	0.00741501	0.61532	0.967301
16	27000000	27050000	24565	222	33501	26616	0.00903725	0.67002	0.922941
16	27050000	27100000	23370	235	30758	27517	0.0100556	0.61516	0.849293
16	27100000	27150000	21550	200	35855	23762	0.00928074	0.7171	0.90691
16	27150000	27200000	23946	167	32754	24859	0.00697402	0.65508	0.963273
16	27200000	27250000	26812	209	21294	28092	0.00779502	0.42588	0.954435
16	27250000	27300000	22997	147	31966	23425	0.00639214	0.63932	0.981729
16	27300000	27350000	22121	164	35160	23729	0.00741377	0.7032	0.932235
16	27350000	27400000	27747	193	27692	28650	0.00695571	0.55384	0.968482
16	27400000	27450000	18184	111	36030	23383	0.00610427	0.7206	0.777659
16	27450000	27500000	27129	147	18786	30178	0.00541856	0.37572	0.898966
16	27500000	27550000	30795	138	19293	31156	0.00448125	0.38586	0.988413
16	27550000	27600000	22528	104	29416	22731	0.00461648	0.58832	0.991069
16	27600000	27650000	25673	133	29952	25895	0.00518054	0.59904	0.991427
16	27650000	27700000	25605	124	31200	25946	0.0048428	0.624	0.986857
16	27700000	27750000	29296	165	28036	29792	0.00563217	0.56072	0.983351
16	27750000	27800000	33339	186	20687	33568	0.00557905	0.41374	0.993178
16	27800000	27850000	26633	146	28364	27990	0.00548192	0.56728	0.951518
16	27850000	27900000	27987	180	28666	28289	0.00643156	0.57332	0.989324
16	27900000	27950000	28473	204	29557	29021	0.00716468	0.59114	0.981117
16	27950000	28000000	21413	137	34247	23587	0.00639798	0.68494	0.907831
16	28000000	28050000	26330	151	32292	27345	0.0057349	0.64584	0.962882
16	28050000	28100000	24829	164	28895	26566	0.00660518	0.5779	0.934616
16	28100000	28150000	30236	126	17625	30494	0.00416722	0.3525	0.991539
16	28150000	28200000	29868	124	20439	30149	0.0041516	0.40878	0.99068
16	28200000	28250000	16030	90	32311	18799	0.00561447	0.64622	0.852705
16	28250000	28300000	19406	105	36127	20523	0.0054107	0.72254	0.945573
16	28300000	28350000	17213	85	27871	20708	0.00493813	0.55742	0.831225
16	28350000	28400000	0	0	28475	0		0.5695	
16	28400000	28450000	0	0	36739	0		0.73478	
16	28450000	28500000	544	2	32325	5686	0.00367647	0.6465	0.0956736
16	28500000	28550000	19554	96	29039	20400	0.00490948	0.58078	0.958529
16	28550000	28600000	17949	94	35451	18533	0.00523706	0.70902	0.968489
16	28600000	28650000	894	8	24097	4696	0.00894855	0.48194	0.190375
16	28650000	28700000	0	0	34041	7		0.68082	0
16	28700000	28750000	0	0	33492	0		0.66984	
16	28750000	28800000	0	0	29558	0		0.59116	
16	28800000	28850000	823	4	33266	9603	0.00486027	0.66532	0.0857024
16	28850000	28900000	19147	95	22818	21068	0.00496161	0.45636	0.908819
16	28900000	28950000	17396	93	29617	18549	0.00534606	0.59234	0.93784
16	28950000	29000000	20204	96	29932	20587	0.00475153	0.59864	0.981396
16	29000000	29050000	11726	71	37146	14629	0.00605492	0.74292	0.801559
16	29050000	29100000	0	0	30257	2		0.60514	0
16	29100000	29150000	140	10	18276	1478	0.0714286	0.36552	0.0947226
16	29150000	29200000	715	71	17068	870	0.0993007	0.34136	0.821839
16	29200000	29250000	385	27	25059	777	0.0701299	0.50118	0.495495
16	29250000	29300000	437	25	26146	461	0.0572082	0.52292	0.947939
16	29300000	29350000	240	17	9920	1575	0.0708333	0.1984	0.152381
16	29350000	29400000	2	1	26992	15	0.5	0.53984	0.133333
16	29400000	29450000	27	2	26015	29	0.0740741	0.5203	0.931034
16	29450000	29500000	0	0	21997	0		0.43994	
16	29500000	29550000	0	0	26309	0		0.52618	
16	29550000	29600000	31	7	22052	34	0.225806	0.44104	0.911765
16	29600000	29650000	40	1	23807	72	0.025	0.47614	0.555556
16	29650000	29700000	0	0	35413	16953		0.70826	0
16	29700000	29750000	0	0	41192	11427		0.82384	0
16	29750000	29800000	13452	78	35449	16509	0.00579839	0.70898	0.814828
16	29800000	29850000	23993	105	18717	25254	0.00437628	0.37434	0.950067
16	29850000	29900000	19103	88	26703	21642	0.00460661	0.53406	0.882682
16	29900000	29950000	17386	63	31791	19696	0.00362361	0.63582	0.882717
16	29950000	30000000	20835	77	29987	21132	0.0036957	0.59974	0.985945
16	30000000	30050000	22533	100	19454	25238	0.00443794	0.38908	0.89282
16	30050000	30100000	19592	70	25535	20858	0.00357289	0.5107	0.939304
16	30100000	30150000	19209	77	31625	19464	0.00400854	0.6325	0.986899
16	30150000	30200000	11920	46	39689	12495	0.00385906	0.79378	0.953982
16	30200000	30250000	0	0	23035	0		0.4607	
16	30250000	30300000	0	0	24995	0		0.4999	
16	30300000	30350000	14	3	22593	92	0.214286	0.45186	0.152174
16	30350000	30400000	15394	68	23100	20111	0.00441731	0.462	0.765452
16	30400000	30450000	18091	61	30488	19108	0.00337184	0.60976	0.946776
16	30450000	30500000	16024	64	33830	16169	0.00399401	0.6766	0.991032
16	30500000	30550000	15943	74	27083	17232	0.00464154	0.54166	0.925197
16	30550000	30600000	13786	49	31194	15597	0.00355433	0.62388	0.883888
16	30600000	30650000	12403	63	37482	13457	0.00507942	0.74964	0.921676
16	30650000	30700000	19482	81	27071	20065	0.00415768	0.54142	0.970944
16	30700000	30750000	21557	74	24975	22148	0.00343276	0.4995	0.973316
16	30750000	30800000	28327	115	13438	30268	0.00405973	0.26876	0.935873
16	30800000	30850000	14087	59	35661	15343	0.00418826	0.71322	0.918139
16	30850000	30900000	15793	54	40780	16079	0.00341924	0.8156	0.982213
16	30900000	30950000	18472	68	27154	20969	0.00368125	0.54308	0.880919
16	30950000	31000000	24304	115	19936	25188	0.00473173	0.39872	0.964904
16	31000000	31050000	20657	95	28034	21968	0.00459893	0.56068	0.940322
16	31050000	31100000	22789	85	23923	23299	0.00372987	0.47846	0.978111
16	31100000	31150000	20330	97	27562	20801	0.00477127	0.55124	0.977357
16	31150000	31200000	15949	58	26209	17256	0.00363659	0.52418	0.924258
16	31200000	31250000	18029	83	26680	19269	0.00460369	0.5336	0.935648
16	31250000	31300000	16179	78	36333	16359	0.00482106	0.72666	0.988997
16	31300000	31350000	14878	69	38229	15189	0.00463772	0.76458	0.979525
16	31350000	31400000	15691	83	28927	19798	0.00528966	0.57854	0.792555
16	31400000	31450000	13262	60	23180	24789	0.0045242	0.4636	0.534995
16	31450000	31500000	21485	102	23914	23136	0.0047475	0.47828	0.928639
16	31500000	31550000	21983	134	22865	22199	0.00609562	0.4573	0.99027
16	31550000	31600000	5116	47	33445	8872	0.00918686	0.6689	0.576646
16	31600000	31650000	1019	8	39409	7469	0.00785083	0.78818	0.136431
16	31650000	31700000	15574	98	36344	15697	0.00629254	0.72688	0.992164
16	31700000	31750000	20090	96	26082	20472	0.0047785	0.52164	0.98134
16	31750000	31800000	6590	113	39807	7048	0.0171472	0.79614	0.935017
16	31800000	31850000	1250	61	28556	10956	0.0488	0.57112	0.114093
16	31850000	31900000	16367	95	28605	21262	0.00580436	0.5721	0.769777
16	31900000	31950000	6826	39	40834	18207	0.00571345	0.81668	0.374911
16	31950000	32000000	0	0	26886	3003		0.53772	0
16	32000000	32050000	0	0	29572	6		0.59144	0
16	32050000	32100000	0	0	26637	2		0.53274	0
16	32100000	32150000	0	0	25007	8		0.50014	0
16	32150000	32200000	0	0	21831	0		0.43662	
16	32200000	32250000	0	0	18944	0		0.37888	
16	32250000	32300000	0	0	28066	1		0.56132	0
16	32300000	32350000	0	0	25727	3		0.51454	0
16	32350000	32400000	1	1	34151	1	1	0.68302	1
16	32400000	32450000	39	4	36040	41	0.102564	0.7208	0.95122
16	32450000	32500000	0	0	31694	21		0.63388	0
16	32500000	32550000	0	0	49943	17		0.99886	0
16	32550000	32600000	0	0	48963	0		0.97926	
16	32600000	32650000	0	0	18828	117		0.37656	0
16	32650000	32700000	0	0	28982	0		0.57964	
16	32700000	32750000	0	0	18561	0		0.37122	
16	32750000	32800000	0	0	22247	0		0.44494	
16	32800000	32850000	0	0	28146	19		0.56292	0
16	32850000	32900000	0	0	17486	0		0.34972	
16	32900000	32950000	0	0	23688	2		0.47376	0
16	32950000	33000000	0	0	31012	1		0.62024	0
16	33000000	33050000	0	0	23945	0		0.4789	
16	33050000	33100000	0	0	25620	9		0.5124	0
16	33100000	33150000	0	0	20986	0		0.41972	
16	33150000	33200000	0	0	21015	0		0.4203	
16	33200000	33250000	0	0	27277	0		0.54554	
16	33250000	33300000	0	0	27499	0		0.54998	
16	33300000	33350000	0	0	27870	0		0.5574	
16	33350000	33400000	0	0	29673	7		0.59346	0
16	33400000	33450000	0	0	29009	2		0.58018	0
16	33450000	33500000	17	1	30135	118	0.0588235	0.6027	0.144068
16	33500000	33550000	0	0	18610	106		0.3722	0
16	33550000	33600000	0	0	21778	114		0.43556	0
16	33600000	33650000	0	0	26981	250		0.53962	0
16	33650000	33700000	0	0	29706	7		0.59412	0
16	33700000	33750000	0	0	25443	4		0.50886	0
16	33750000	33800000	0	0	15786	44		0.31572	0
16	33800000	33850000	0	0	31082	356		0.62164	0
16	33850000	33900000	0	0	40447	426		0.80894	0
16	33900000	33950000	258	17	37323	777	0.0658915	0.74646	0.332046
16	33950000	34000000	324	12	40450	1136	0.037037	0.809	0.285211
16	34000000	34050000	0	0	23044	7		0.46088	0
16	34050000	34100000	0	0	0	0		0	
16	34100000	34150000	0	0	0	0		0	
16	34150000	34200000	0	0	20349	1630		0.40698	0
16	34200000	34250000	9215	123	32435	14598	0.0133478	0.6487	0.631251
16	34250000	34300000	26447	262	17789	27399	0.00990661	0.35578	0.965254
16	34300000	34350000	11663	123	25314	13483	0.0105462	0.50628	0.865015
16	34350000	34400000	6977	36	22787	23134	0.00515981	0.45574	0.301591
16	34400000	34450000	17702	130	18761	24969	0.0073438	0.37522	0.708959
16	34450000	34500000	14382	117	23259	14477	0.00813517	0.46518	0.993438
16	34500000	34550000	15108	92	40147	15508	0.00608949	0.80294	0.974207
16	34550000	34600000	2052	13	28712	17096	0.00633528	0.57424	0.120028
16	34600000	34650000	0	0	24906	18113		0.49812	0
16	34650000	34700000	3646	22	25385	22932	0.00603401	0.5077	0.158992
16	34700000	34750000	8957	67	24155	17288	0.00748018	0.4831	0.518105
16	34750000	34800000	9221	58	33784	15285	0.00628999	0.67568	0.603271
16	34800000	34850000	20202	124	35871	20453	0.00613801	0.71742	0.987728
16	34850000	34900000	13827	92	40444	14893	0.00665365	0.80888	0.928423
16	34900000	34950000	2002	29	49730	5461	0.0144855	0.9946	0.3666
16	34950000	35000000	7936	134	40544	14275	0.0168851	0.81088	0.555937
16	35000000	35050000	14675	103	35720	16553	0.00701874	0.7144	0.886546
16	35050000	35100000	22629	139	37334	22767	0.00614256	0.74668	0.993939
16	35100000	35150000	18817	157	38294	20625	0.00834352	0.76588	0.912339
16	35150000	35200000	0	0	49897	4362		0.99794	0
16	35200000	35250000	0	0	49944	135		0.99888	0
16	35250000	35300000	0	0	35760	43		0.7152	0
16	35300000	35350000	0	0	0	0		0	
16	35350000	35400000	0	0	0	0		0	
16	35400000	35450000	0	0	0	0		0	
16	35450000	35500000	0	0	0	0		0	
16	35500000	35550000	0	0	0	0		0	
16	35550000	35600000	0	0	0	0		0	
16	35600000	35650000	0	0	0	0		0	
16	35650000	35700000	0	0	0	0		0	
16	35700000	35750000	0	0	0	0		0	
16	35750000	35800000	0	0	0	0		0	
16	35800000	35850000	0	0	0	0		0	
16	35850000	35900000	0	0	0	0		0	
16	35900000	35950000	0	0	0	0		0	
16	35950000	36000000	0	0	0	0		0	
16	36000000	36050000	0	0	0	0		0	
16	36050000	36100000	0	0	0	0		0	
16	36100000	36150000	0	0	0	0		0	
16	36150000	36200000	0	0	0	0		0	
16	36200000	36250000	0	0	0	0		0	
16	36250000	36300000	0	0	0	0		0	
16	36300000	36350000	0	0	0	0		0	
16	36350000	36400000	0	0	0	0		0	
16	36400000	36450000	0	0	0	0		0	
16	36450000	36500000	0	0	0	0		0	
16	36500000	36550000	0	0	0	0		0	
16	36550000	36600000	0	0	0	0		0	
16	36600000	36650000	0	0	0	0		0	
16	36650000	36700000	0	0	0	0		0	
16	36700000	36750000	0	0	0	0		0	
16	36750000	36800000	0	0	0	0		0	
16	36800000	36850000	0	0	0	0		0	
16	36850000	36900000	0	0	0	0		0	
16	36900000	36950000	0	0	0	0		0	
16	36950000	37000000	0	0	0	0		0	
16	37000000	37050000	0	0	0	0		0	
16	37050000	37100000	0	0	0	0		0	
16	37100000	37150000	0	0	0	0		0	
16	37150000	37200000	0	0	0	0		0	
16	37200000	37250000	0	0	0	0		0	
16	37250000	37300000	0	0	0	0		0	
16	37300000	37350000	0	0	0	0		0	
16	37350000	37400000	0	0	0	0		0	
16	37400000	37450000	0	0	0	0		0	
16	37450000	37500000	0	0	0	0		0	
16	37500000	37550000	0	0	0	0		0	
16	37550000	37600000	0	0	0	0		0	
16	37600000	37650000	0	0	0	0		0	
16	37650000	37700000	0	0	0	0		0	
16	37700000	37750000	0	0	0	0		0	
16	37750000	37800000	0	0	0	0		0	
16	37800000	37850000	0	0	0	0		0	
16	37850000	37900000	0	0	0	0		0	
16	37900000	37950000	0	0	0	0		0	
16	37950000	38000000	0	0	0	0		0	
16	38000000	38050000	0	0	0	0		0	
16	38050000	38100000	0	0	0	0		0	
16	38100000	38150000	0	0	0	0		0	
16	38150000	38200000	0	0	0	0		0	
16	38200000	38250000	0	0	0	0		0	
16	38250000	38300000	0	0	0	0		0	
16	38300000	38350000	0	0	0	0		0	
16	38350000	38400000	0	0	0	0		0	
16	38400000	38450000	0	0	0	0		0	
16	38450000	38500000	0	0	0	0		0	
16	38500000	38550000	0	0	0	0		0	
16	38550000	38600000	0	0	0	0		0	
16	38600000	38650000	0	0	0	0		0	
16	38650000	38700000	0	0	0	0		0	
16	38700000	38750000	0	0	0	0		0	
16	38750000	38800000	0	0	0	0		0	
16	38800000	38850000	0	0	0	0		0	
16	38850000	38900000	0	0	0	0		0	
16	38900000	38950000	0	0	0	0		0	
16	38950000	39000000	0	0	0	0		0	
16	39000000	39050000	0	0	0	0		0	
16	39050000	39100000	0	0	0	0		0	
16	39100000	39150000	0	0	0	0		0	
16	39150000	39200000	0	0	0	0		0	
16	39200000	39250000	0	0	0	0		0	
16	39250000	39300000	0	0	0	0		0	
16	39300000	39350000	0	0	0	0		0	
16	39350000	39400000	0	0	0	0		0	
16	39400000	39450000	0	0	0	0		0	
16	39450000	39500000	0	0	0	0		0	
16	39500000	39550000	0	0	0	0		0	
16	39550000	39600000	0	0	0	0		0	
16	39600000	39650000	0	0	0	0		0	
16	39650000	39700000	0	0	0	0		0	
16	39700000	39750000	0	0	0	0		0	
16	39750000	39800000	0	0	0	0		0	
16	39800000	39850000	0	0	0	0		0	
16	39850000	39900000	0	0	0	0		0	
16	39900000	39950000	0	0	0	0		0	
16	39950000	40000000	0	0	0	0		0	
16	40000000	40050000	0	0	0	0		0	
16	40050000	40100000	0	0	0	0		0	
16	40100000	40150000	0	0	0	0		0	
16	40150000	40200000	0	0	0	0		0	
16	40200000	40250000	0	0	0	0		0	
16	40250000	40300000	0	0	0	0		0	
16	40300000	40350000	0	0	0	0		0	
16	40350000	40400000	0	0	0	0		0	
16	40400000	40450000	0	0	0	0		0	
16	40450000	40500000	0	0	0	0		0	
16	40500000	40550000	0	0	0	0		0	
16	40550000	40600000	0	0	0	0		0	
16	40600000	40650000	0	0	0	0		0	
16	40650000	40700000	0	0	0	0		0	
16	40700000	40750000	0	0	0	0		0	
16	40750000	40800000	0	0	0	0		0	
16	40800000	40850000	0	0	0	0		0	
16	40850000	40900000	0	0	0	0		0	
16	40900000	40950000	0	0	0	0		0	
16	40950000	41000000	0	0	0	0		0	
16	41000000	41050000	0	0	0	0		0	
16	41050000	41100000	0	0	0	0		0	
16	41100000	41150000	0	0	0	0		0	
16	41150000	41200000	0	0	0	0		0	
16	41200000	41250000	0	0	0	0		0	
16	41250000	41300000	0	0	0	0		0	
16	41300000	41350000	0	0	0	0		0	
16	41350000	41400000	0	0	0	0		0	
16	41400000	41450000	0	0	0	0		0	
16	41450000	41500000	0	0	0	0		0	
16	41500000	41550000	0	0	0	0		0	
16	41550000	41600000	0	0	0	0		0	
16	41600000	41650000	0	0	0	0		0	
16	41650000	41700000	0	0	0	0		0	
16	41700000	41750000	0	0	0	0		0	
16	41750000	41800000	0	0	0	0		0	
16	41800000	41850000	0	0	0	0		0	
16	41850000	41900000	0	0	0	0		0	
16	41900000	41950000	0	0	0	0		0	
16	41950000	42000000	0	0	0	0		0	
16	42000000	42050000	0	0	0	0		0	
16	42050000	42100000	0	0	0	0		0	
16	42100000	42150000	0	0	0	0		0	
16	42150000	42200000	0	0	0	0		0	
16	42200000	42250000	0	0	0	0		0	
16	42250000	42300000	0	0	0	0		0	
16	42300000	42350000	0	0	0	0		0	
16	42350000	42400000	0	0	0	0		0	
16	42400000	42450000	0	0	0	0		0	
16	42450000	42500000	0	0	0	0		0	
16	42500000	42550000	0	0	0	0		0	
16	42550000	42600000	0	0	0	0		0	
16	42600000	42650000	0	0	0	0		0	
16	42650000	42700000	0	0	0	0		0	
16	42700000	42750000	0	0	0	0		0	
16	42750000	42800000	0	0	0	0		0	
16	42800000	42850000	0	0	0	0		0	
16	42850000	42900000	0	0	0	0		0	
16	42900000	42950000	0	0	0	0		0	
16	42950000	43000000	0	0	0	0		0	
16	43000000	43050000	0	0	0	0		0	
16	43050000	43100000	0	0	0	0		0	
16	43100000	43150000	0	0	0	0		0	
16	43150000	43200000	0	0	0	0		0	
16	43200000	43250000	0	0	0	0		0	
16	43250000	43300000	0	0	0	0		0	
16	43300000	43350000	0	0	0	0		0	
16	43350000	43400000	0	0	0	0		0	
16	43400000	43450000	0	0	0	0		0	
16	43450000	43500000	0	0	0	0		0	
16	43500000	43550000	0	0	0	0		0	
16	43550000	43600000	0	0	0	0		0	
16	43600000	43650000	0	0	0	0		0	
16	43650000	43700000	0	0	0	0		0	
16	43700000	43750000	0	0	0	0		0	
16	43750000	43800000	0	0	0	0		0	
16	43800000	43850000	0	0	0	0		0	
16	43850000	43900000	0	0	0	0		0	
16	43900000	43950000	0	0	0	0		0	
16	43950000	44000000	0	0	0	0		0	
16	44000000	44050000	0	0	0	0		0	
16	44050000	44100000	0	0	0	0		0	
16	44100000	44150000	0	0	0	0		0	
16	44150000	44200000	0	0	0	0		0	
16	44200000	44250000	0	0	0	0		0	
16	44250000	44300000	0	0	0	0		0	
16	44300000	44350000	0	0	0	0		0	
16	44350000	44400000	0	0	0	0		0	
16	44400000	44450000	0	0	0	0		0	
16	44450000	44500000	0	0	0	0		0	
16	44500000	44550000	0	0	0	0		0	
16	44550000	44600000	0	0	0	0		0	
16	44600000	44650000	0	0	0	0		0	
16	44650000	44700000	0	0	0	0		0	
16	44700000	44750000	0	0	0	0		0	
16	44750000	44800000	0	0	0	0		0	
16	44800000	44850000	0	0	0	0		0	
16	44850000	44900000	0	0	0	0		0	
16	44900000	44950000	0	0	0	0		0	
16	44950000	45000000	0	0	0	0		0	
16	45000000	45050000	0	0	0	0		0	
16	45050000	45100000	0	0	0	0		0	
16	45100000	45150000	0	0	0	0		0	
16	45150000	45200000	0	0	0	0		0	
16	45200000	45250000	0	0	0	0		0	
16	45250000	45300000	0	0	0	0		0	
16	45300000	45350000	0	0	0	0		0	
16	45350000	45400000	0	0	0	0		0	
16	45400000	45450000	0	0	0	0		0	
16	45450000	45500000	0	0	0	0		0	
16	45500000	45550000	0	0	0	0		0	
16	45550000	45600000	0	0	0	0		0	
16	45600000	45650000	0	0	0	0		0	
16	45650000	45700000	0	0	0	0		0	
16	45700000	45750000	0	0	0	0		0	
16	45750000	45800000	0	0	0	0		0	
16	45800000	45850000	0	0	0	0		0	
16	45850000	45900000	0	0	0	0		0	
16	45900000	45950000	0	0	0	0		0	
16	45950000	46000000	0	0	0	0		0	
16	46000000	46050000	0	0	0	0		0	
16	46050000	46100000	0	0	0	0		0	
16	46100000	46150000	0	0	0	0		0	
16	46150000	46200000	0	0	0	0		0	
16	46200000	46250000	0	0	0	0		0	
16	46250000	46300000	0	0	0	0		0	
16	46300000	46350000	0	0	0	0		0	
16	46350000	46400000	0	0	13686	0		0.27372	
16	46400000	46450000	0	0	48556	4		0.97112	0
16	46450000	46500000	0	0	30330	336		0.6066	0
16	46500000	46550000	0	0	30811	21611		0.61622	0
16	46550000	46600000	17188	94	29004	19663	0.00546893	0.58008	0.874129
16	46600000	46650000	21713	106	26799	21903	0.00488187	0.53598	0.991325
16	46650000	46700000	17549	98	29336	17691	0.00558436	0.58672	0.991973
16	46700000	46750000	18974	65	21015	19131	0.00342574	0.4203	0.991793
16	46750000	46800000	24792	117	26707	26112	0.00471926	0.53414	0.949449
16	46800000	46850000	0	0	34643	21950		0.69286	0
16	46850000	46900000	11121	50	33853	19880	0.004496	0.67706	0.559406
16	46900000	46950000	21200	88	27250	21933	0.00415094	0.545	0.96658
16	46950000	47000000	17626	132	27382	20361	0.00748894	0.54764	0.865675
16	47000000	47050000	18019	253	33469	19167	0.0140407	0.66938	0.940105
16	47050000	47100000	22233	175	27728	24377	0.00787118	0.55456	0.912048
16	47100000	47150000	20678	110	29312	22723	0.00531966	0.58624	0.910003
16	47150000	47200000	30228	176	23947	30553	0.00582242	0.47894	0.989363
16	47200000	47250000	20603	114	35997	20859	0.00553317	0.71994	0.987727
16	47250000	47300000	27096	120	26390	27454	0.0044287	0.5278	0.98696
16	47300000	47350000	25762	152	32314	26780	0.00590016	0.64628	0.961987
16	47350000	47400000	20280	138	34040	21365	0.00680473	0.6808	0.949216
16	47400000	47450000	29901	193	26373	30256	0.00645463	0.52746	0.988267
16	47450000	47500000	21979	149	28356	22173	0.0067792	0.56712	0.991251
16	47500000	47550000	28981	205	22615	29203	0.0070736	0.4523	0.992398
16	47550000	47600000	19083	127	33975	19363	0.00665514	0.6795	0.985539
16	47600000	47650000	27209	153	26691	27660	0.00562314	0.53382	0.983695
16	47650000	47700000	28905	136	20890	29675	0.00470507	0.4178	0.974052
16	47700000	47750000	26342	152	22172	26653	0.00577025	0.44344	0.988332
16	47750000	47800000	27945	160	30503	28372	0.00572553	0.61006	0.98495
16	47800000	47850000	17519	108	39444	18380	0.00616474	0.78888	0.953156
16	47850000	47900000	24561	129	33461	24854	0.00525223	0.66922	0.988211
16	47900000	47950000	24844	113	27520	25456	0.00454838	0.5504	0.975959
16	47950000	48000000	28745	169	27134	29114	0.00587928	0.54268	0.987326
16	48000000	48050000	31357	195	25683	31638	0.00621871	0.51366	0.991118
16	48050000	48100000	25681	122	24740	26016	0.00475059	0.4948	0.987123
16	48100000	48150000	32931	201	18591	33393	0.00610367	0.37182	0.986165
16	48150000	48200000	32473	196	23230	33655	0.00603578	0.4646	0.964879
16	48200000	48250000	30528	169	25037	30772	0.0055359	0.50074	0.992071
16	48250000	48300000	25478	116	28397	25670	0.00455295	0.56794	0.99252
16	48300000	48350000	23098	94	29877	24802	0.00406962	0.59754	0.931296
16	48350000	48400000	26414	106	20872	26827	0.00401302	0.41744	0.984605
16	48400000	48450000	21040	81	27126	21948	0.00384981	0.54252	0.958629
16	48450000	48500000	20451	102	34004	21140	0.00498753	0.68008	0.967408
16	48500000	48550000	20077	101	34130	21226	0.00503063	0.6826	0.945868
16	48550000	48600000	30435	137	18344	30687	0.0045014	0.36688	0.991788
16	48600000	48650000	23220	106	31861	23408	0.00456503	0.63722	0.991969
16	48650000	48700000	16751	104	39697	16939	0.00620858	0.79394	0.988901
16	48700000	48750000	25902	153	31914	26120	0.00590688	0.63828	0.991654
16	48750000	48800000	23805	107	32282	24020	0.00449485	0.64564	0.991049
16	48800000	48850000	23207	103	37481	23724	0.00443832	0.74962	0.978208
16	48850000	48900000	32303	175	20164	33487	0.00541745	0.40328	0.964643
16	48900000	48950000	33690	210	21018	34222	0.0062333	0.42036	0.984454
16	48950000	49000000	27332	193	26072	28563	0.00706132	0.52144	0.956902
16	49000000	49050000	30227	233	28751	30593	0.00770834	0.57502	0.988036
16	49050000	49100000	28452	162	28152	28714	0.0056938	0.56304	0.990876
16	49100000	49150000	31911	152	29559	32173	0.00476325	0.59118	0.991857
16	49150000	49200000	28714	198	23802	30809	0.00689559	0.47604	0.932
16	49200000	49250000	32443	169	24183	33158	0.00520914	0.48366	0.978437
16	49250000	49300000	25793	157	30237	26734	0.00608692	0.60474	0.964801
16	49300000	49350000	34540	202	15204	35191	0.00584829	0.30408	0.981501
16	49350000	49400000	31603	323	24419	32730	0.0102205	0.48838	0.965567
16	49400000	49450000	29285	155	30364	29539	0.00529281	0.60728	0.991401
16	49450000	49500000	32342	210	20895	33868	0.0064931	0.4179	0.954943
16	49500000	49550000	32595	156	20750	33049	0.00478601	0.415	0.986263
16	49550000	49600000	34252	159	13638	34972	0.00464206	0.27276	0.979412
16	49600000	49650000	32864	185	16458	34567	0.00562926	0.32916	0.950733
16	49650000	49700000	31182	158	17639	31701	0.00506703	0.35278	0.983628
16	49700000	49750000	29782	183	17470	30138	0.00614465	0.3494	0.988188
16	49750000	49800000	31388	169	17837	31668	0.00538422	0.35674	0.991158
16	49800000	49850000	30522	181	19845	30810	0.00593015	0.3969	0.990652
16	49850000	49900000	28363	127	16933	29395	0.00447766	0.33866	0.964892
16	49900000	49950000	26601	166	28192	27479	0.00624037	0.56384	0.968048
16	49950000	50000000	25017	195	25883	25440	0.0077947	0.51766	0.983373
16	50000000	50050000	14216	135	35049	22160	0.00949634	0.70098	0.641516
16	50050000	50100000	19604	78	27706	20185	0.00397878	0.55412	0.971216
16	50100000	50150000	22378	92	24534	22840	0.00411118	0.49068	0.979772
16	50150000	50200000	16440	75	35273	16752	0.00456204	0.70546	0.981375
16	50200000	50250000	20062	89	29807	20587	0.00443625	0.59614	0.974498
16	50250000	50300000	25090	113	21199	27163	0.00450379	0.42398	0.923683
16	50300000	50350000	30488	202	14794	32114	0.00662556	0.29588	0.949368
16	50350000	50400000	25427	107	24468	25667	0.00420813	0.48936	0.990649
16	50400000	50450000	28042	173	28528	28580	0.00616932	0.57056	0.981176
16	50450000	50500000	28530	212	31820	29166	0.00743077	0.6364	0.978194
16	50500000	50550000	26527	174	32484	26753	0.00655935	0.64968	0.991552
16	50550000	50600000	30437	137	22821	31366	0.0045011	0.45642	0.970382
16	50600000	50650000	34429	165	18342	35182	0.00479247	0.36684	0.978597
16	50650000	50700000	33519	173	19044	33928	0.00516125	0.38088	0.987945
16	50700000	50750000	31091	193	23240	33194	0.00620758	0.4648	0.936645
16	50750000	50800000	29041	119	23653	29363	0.00409766	0.47306	0.989034
16	50800000	50850000	30355	163	17437	30659	0.00536979	0.34874	0.990084
16	50850000	50900000	30126	182	29208	30453	0.00604129	0.58416	0.989262
16	50900000	50950000	32608	229	30740	32906	0.00702282	0.6148	0.990944
16	50950000	51000000	33430	233	22317	33760	0.00696979	0.44634	0.990225
16	51000000	51050000	32092	186	21819	32405	0.00579584	0.43638	0.990341
16	51050000	51100000	31410	214	25061	31700	0.00681312	0.50122	0.990852
16	51100000	51150000	29375	211	22102	30204	0.00718298	0.44204	0.972553
16	51150000	51200000	29920	141	9568	30251	0.00471257	0.19136	0.989058
16	51200000	51250000	31354	210	19199	31690	0.00669771	0.38398	0.989397
16	51250000	51300000	24454	163	29081	26041	0.00666558	0.58162	0.939058
16	51300000	51350000	32371	190	20259	32694	0.00586945	0.40518	0.990121
16	51350000	51400000	27777	157	24147	28149	0.00565216	0.48294	0.986785
16	51400000	51450000	29434	198	23822	29731	0.00672691	0.47644	0.99001
16	51450000	51500000	29602	140	18935	29906	0.00472941	0.3787	0.989835
16	51500000	51550000	25863	185	32529	26106	0.00715308	0.65058	0.990692
16	51550000	51600000	28663	166	22742	28986	0.00579144	0.45484	0.988857
16	51600000	51650000	29818	175	22924	30093	0.00586894	0.45848	0.990862
16	51650000	51700000	30858	148	17118	31263	0.00479616	0.34236	0.987045
16	51700000	51750000	33388	192	23346	33721	0.00575057	0.46692	0.990125
16	51750000	51800000	33061	226	17063	33358	0.00683585	0.34126	0.991097
16	51800000	51850000	31037	171	20363	31579	0.00550955	0.40726	0.982837
16	51850000	51900000	30885	193	18740	32171	0.00624899	0.3748	0.960026
16	51900000	51950000	34124	176	20578	34535	0.00515766	0.41156	0.988099
16	51950000	52000000	33372	209	16192	34250	0.00626274	0.32384	0.974365
16	52000000	52050000	28026	172	23293	28305	0.00613716	0.46586	0.990143
16	52050000	52100000	29609	213	24836	29938	0.00719376	0.49672	0.989011
16	52100000	52150000	33795	169	15684	34095	0.00500074	0.31368	0.991201
16	52150000	52200000	26406	176	29445	26989	0.00666515	0.5889	0.978399
16	52200000	52250000	32091	222	20966	33175	0.00691783	0.41932	0.967325
16	52250000	52300000	31163	196	24827	31434	0.00628951	0.49654	0.991379
16	52300000	52350000	31773	215	23257	32341	0.00676675	0.46514	0.982437
16	52350000	52400000	27968	202	34334	28246	0.00722254	0.68668	0.990158
16	52400000	52450000	31043	191	21348	31374	0.00615276	0.42696	0.98945
16	52450000	52500000	34437	167	11892	35445	0.00484944	0.23784	0.971562
16	52500000	52550000	32516	178	14393	33246	0.00547423	0.28786	0.978042
16	52550000	52600000	33694	198	16235	33943	0.00587642	0.3247	0.992664
16	52600000	52650000	33815	210	21872	34106	0.00621026	0.43744	0.991468
16	52650000	52700000	28185	168	27962	28933	0.00596062	0.55924	0.974147
16	52700000	52750000	29023	207	25497	29321	0.00713227	0.50994	0.989837
16	52750000	52800000	30405	159	25992	30723	0.0052294	0.51984	0.989649
16	52800000	52850000	28944	146	25210	29257	0.00504422	0.5042	0.989302
16	52850000	52900000	27194	217	30225	27747	0.0079797	0.6045	0.98007
16	52900000	52950000	26524	176	31178	27973	0.0066355	0.62356	0.9482
16	52950000	53000000	23731	181	33678	25062	0.00762715	0.67356	0.946892
16	53000000	53050000	19120	130	35233	19373	0.00679916	0.70466	0.986941
16	53050000	53100000	20241	133	33494	21616	0.00657082	0.66988	0.93639
16	53100000	53150000	21026	104	29749	21887	0.00494626	0.59498	0.960662
16	53150000	53200000	20580	84	28569	21954	0.00408163	0.57138	0.937415
16	53200000	53250000	26484	99	27623	26756	0.00373811	0.55246	0.989834
16	53250000	53300000	30152	113	20245	30391	0.00374768	0.4049	0.992136
16	53300000	53350000	27495	86	26441	27720	0.00312784	0.52882	0.991883
16	53350000	53400000	10638	51	29540	14592	0.00479413	0.5908	0.72903
16	53400000	53450000	16493	119	34817	16961	0.00721518	0.69634	0.972407
16	53450000	53500000	21256	119	28041	21420	0.00559842	0.56082	0.992344
16	53500000	53550000	23833	136	25638	24284	0.00570637	0.51276	0.981428
16	53550000	53600000	25369	171	24634	26072	0.00674051	0.49268	0.973036
16	53600000	53650000	23626	150	29547	23797	0.00634894	0.59094	0.992814
16	53650000	53700000	28949	135	21620	29199	0.00466337	0.4324	0.991438
16	53700000	53750000	28894	126	18164	29108	0.00436077	0.36328	0.992648
16	53750000	53800000	27589	173	24204	27834	0.00627062	0.48408	0.991198
16	53800000	53850000	30361	166	27831	30690	0.00546754	0.55662	0.98928
16	53850000	53900000	27296	199	26957	27640	0.00729045	0.53914	0.987554
16	53900000	53950000	30608	188	21803	30849	0.00614219	0.43606	0.992188
16	53950000	54000000	33267	160	14205	33518	0.00480957	0.2841	0.992511
16	54000000	54050000	30026	166	19127	31390	0.00552854	0.38254	0.956547
16	54050000	54100000	15560	65	15692	28982	0.00417738	0.31384	0.536885
16	54100000	54150000	32063	211	15217	32336	0.00658079	0.30434	0.991557
16	54150000	54200000	25657	151	23544	29627	0.00588533	0.47088	0.866001
16	54200000	54250000	32237	174	19822	32685	0.00539752	0.39644	0.986293
16	54250000	54300000	27318	135	26739	27621	0.0049418	0.53478	0.98903
16	54300000	54350000	28610	197	22700	29069	0.0068857	0.454	0.98421
16	54350000	54400000	29459	206	25008	30232	0.00699277	0.50016	0.974431
16	54400000	54450000	31005	197	19026	31296	0.00635381	0.38052	0.990702
16	54450000	54500000	29703	179	24186	30485	0.00602633	0.48372	0.974348
16	54500000	54550000	32646	207	15983	32976	0.00634075	0.31966	0.989993
16	54550000	54600000	32443	249	19585	33148	0.007675	0.3917	0.978732
16	54600000	54650000	21198	143	26265	30497	0.00674592	0.5253	0.695085
16	54650000	54700000	30659	203	21663	30918	0.00662122	0.43326	0.991623
16	54700000	54750000	29569	188	23874	29909	0.00635801	0.47748	0.988632
16	54750000	54800000	30932	248	25984	32305	0.00801759	0.51968	0.957499
16	54800000	54850000	29982	177	24074	30261	0.00590354	0.48148	0.99078
16	54850000	54900000	26927	162	29156	27151	0.00601627	0.58312	0.99175
16	54900000	54950000	23257	149	29491	23479	0.00640667	0.58982	0.990545
16	54950000	55000000	30086	178	14145	30430	0.00591637	0.2829	0.988695
16	55000000	55050000	30698	215	22431	31752	0.00700371	0.44862	0.966805
16	55050000	55100000	27857	185	28979	30068	0.00664106	0.57958	0.926467
16	55100000	55150000	28883	228	28022	30591	0.00789392	0.56044	0.944167
16	55150000	55200000	35368	214	25942	35753	0.00605067	0.51884	0.989232
16	55200000	55250000	31552	222	28073	31910	0.007036	0.56146	0.988781
16	55250000	55300000	31972	226	26701	32263	0.00706869	0.53402	0.99098
16	55300000	55350000	32794	191	22354	33077	0.00582424	0.44708	0.991444
16	55350000	55400000	31928	207	19474	32204	0.00648334	0.38948	0.99143
16	55400000	55450000	34267	219	19838	34586	0.00639099	0.39676	0.990777
16	55450000	55500000	31615	213	23715	31973	0.00673731	0.4743	0.988803
16	55500000	55550000	30982	168	23848	31372	0.0054225	0.47696	0.987569
16	55550000	55600000	29873	170	23173	30090	0.00569076	0.46346	0.992788
16	55600000	55650000	22680	129	31274	25322	0.00568783	0.62548	0.895664
16	55650000	55700000	26621	205	28628	27316	0.00770069	0.57256	0.974557
16	55700000	55750000	27249	149	20648	34076	0.00546809	0.41296	0.799654
16	55750000	55800000	0	0	23573	13550		0.47146	0
16	55800000	55850000	0	0	23333	5577		0.46666	0
16	55850000	55900000	8817	217	24331	13187	0.0246115	0.48662	0.668613
16	55900000	55950000	26491	209	27672	27262	0.00788947	0.55344	0.971719
16	55950000	56000000	29905	191	31902	30705	0.00638689	0.63804	0.973946
16	56000000	56050000	26599	196	32168	27039	0.0073687	0.64336	0.983727
16	56050000	56100000	30782	188	26966	31988	0.00610747	0.53932	0.962298
16	56100000	56150000	31466	126	24574	32066	0.00400432	0.49148	0.981289
16	56150000	56200000	28149	91	29336	28345	0.0032328	0.58672	0.993085
16	56200000	56250000	29937	98	25561	30227	0.00327354	0.51122	0.990406
16	56250000	56300000	35917	192	16820	36217	0.00534566	0.3364	0.991717
16	56300000	56350000	34212	171	19003	34625	0.00499825	0.38006	0.988072
16	56350000	56400000	34050	181	10323	35180	0.00531571	0.20646	0.967879
16	56400000	56450000	20516	84	30536	21938	0.00409437	0.61072	0.935181
16	56450000	56500000	25800	111	23858	26506	0.00430233	0.47716	0.973365
16	56500000	56550000	28069	150	23456	28295	0.00534397	0.46912	0.992013
16	56550000	56600000	26953	174	30234	27197	0.00645568	0.60468	0.991028
16	56600000	56650000	19753	139	32476	23698	0.00703691	0.64952	0.83353
16	56650000	56700000	4218	134	16763	21429	0.0317686	0.33526	0.196836
16	56700000	56750000	13318	138	24908	22619	0.0103619	0.49816	0.588797
16	56750000	56800000	26070	94	27968	26273	0.00360568	0.55936	0.992273
16	56800000	56850000	29622	148	14471	30087	0.00499629	0.28942	0.984545
16	56850000	56900000	31354	185	15557	31584	0.00590036	0.31114	0.992718
16	56900000	56950000	26155	169	22034	27397	0.00646148	0.44068	0.954667
16	56950000	57000000	24654	144	24575	25250	0.00584084	0.4915	0.976396
16	57000000	57050000	22077	169	27766	25014	0.00765503	0.55532	0.882586
16	57050000	57100000	29740	197	20138	31158	0.00662408	0.40276	0.95449
16	57100000	57150000	26496	182	23937	28457	0.00686896	0.47874	0.931089
16	57150000	57200000	29001	148	20668	29365	0.00510327	0.41336	0.987604
16	57200000	57250000	23340	96	21936	23502	0.00411311	0.43872	0.993107
16	57250000	57300000	24214	114	22414	24359	0.00470802	0.44828	0.994047
16	57300000	57350000	20981	126	29119	21644	0.00600543	0.58238	0.969368
16	57350000	57400000	19757	139	37926	20179	0.00703548	0.75852	0.979087
16	57400000	57450000	21565	166	27163	25694	0.00769766	0.54326	0.839301
16	57450000	57500000	23606	152	24797	25065	0.00643904	0.49594	0.941791
16	57500000	57550000	26292	163	21616	27133	0.0061996	0.43232	0.969005
16	57550000	57600000	21085	128	29725	26402	0.00607067	0.5945	0.798614
16	57600000	57650000	23450	111	32049	27160	0.00473348	0.64098	0.863402
16	57650000	57700000	32529	229	15073	34382	0.00703987	0.30146	0.946106
16	57700000	57750000	8300	77	25449	28443	0.00927711	0.50898	0.291812
16	57750000	57800000	13647	60	16939	30642	0.00439657	0.33878	0.445369
16	57800000	57850000	26751	130	19257	27460	0.00485963	0.38514	0.974181
16	57850000	57900000	20565	131	30049	21047	0.00637005	0.60098	0.977099
16	57900000	57950000	24064	175	28092	24535	0.00727227	0.56184	0.980803
16	57950000	58000000	27094	174	22865	29092	0.00642209	0.4573	0.931321
16	58000000	58050000	25119	126	24866	26416	0.00501612	0.49732	0.950901
16	58050000	58100000	27813	122	20246	29487	0.00438644	0.40492	0.943229
16	58100000	58150000	18512	85	30974	20539	0.00459162	0.61948	0.90131
16	58150000	58200000	19722	97	27505	24934	0.00491837	0.5501	0.790968
16	58200000	58250000	27894	148	21798	28396	0.0053058	0.43596	0.982321
16	58250000	58300000	26500	119	32734	27371	0.00449057	0.65468	0.968178
16	58300000	58350000	22414	122	34766	23027	0.00544303	0.69532	0.973379
16	58350000	58400000	18716	123	34487	18949	0.00657192	0.68974	0.987704
16	58400000	58450000	23292	89	32664	23494	0.00382105	0.65328	0.991402
16	58450000	58500000	24328	167	27734	25210	0.00686452	0.55468	0.965014
16	58500000	58550000	27111	149	19968	28641	0.00549592	0.39936	0.94658
16	58550000	58600000	29089	92	15587	29360	0.00316271	0.31174	0.99077
16	58600000	58650000	17677	79	28915	17815	0.00446908	0.5783	0.992254
16	58650000	58700000	16917	80	32307	17194	0.00472897	0.64614	0.98389
16	58700000	58750000	18857	107	31567	19502	0.00567429	0.63134	0.966926
16	58750000	58800000	17264	110	30091	18235	0.00637164	0.60182	0.946751
16	58800000	58850000	19463	117	34786	20153	0.00601141	0.69572	0.965762
16	58850000	58900000	24926	152	24874	25188	0.00609805	0.49748	0.989598
16	58900000	58950000	20326	102	28962	22850	0.0050182	0.57924	0.88954
16	58950000	59000000	24930	158	26604	25148	0.00633775	0.53208	0.991331
16	59000000	59050000	18084	126	35933	21671	0.00696749	0.71866	0.834479
16	59050000	59100000	29782	197	23403	30085	0.00661473	0.46806	0.989929
16	59100000	59150000	20774	130	32157	22615	0.00625782	0.64314	0.918594
16	59150000	59200000	26560	154	27717	26801	0.00579819	0.55434	0.991008
16	59200000	59250000	29331	177	20472	30432	0.00603457	0.40944	0.963821
16	59250000	59300000	26910	159	26587	27210	0.00590858	0.53174	0.988975
16	59300000	59350000	29563	187	21830	29835	0.00632547	0.4366	0.990883
16	59350000	59400000	25781	152	25576	27105	0.00589581	0.51152	0.951153
16	59400000	59450000	27611	160	26476	28351	0.00579479	0.52952	0.973899
16	59450000	59500000	27065	161	29986	27384	0.00594864	0.59972	0.988351
16	59500000	59550000	26204	150	25831	26417	0.00572432	0.51662	0.991937
16	59550000	59600000	22842	149	25757	23246	0.00652307	0.51514	0.982621
16	59600000	59650000	29933	201	19107	30348	0.006715	0.38214	0.986325
16	59650000	59700000	26626	190	27953	26895	0.00713588	0.55906	0.989998
16	59700000	59750000	27970	194	29706	28824	0.006936	0.59412	0.970372
16	59750000	59800000	25766	150	26261	26159	0.00582163	0.52522	0.984976
16	59800000	59850000	26434	172	33412	26672	0.00650677	0.66824	0.991077
16	59850000	59900000	25301	154	30651	25859	0.00608672	0.61302	0.978421
16	59900000	59950000	28608	197	27684	28907	0.00688619	0.55368	0.989656
16	59950000	60000000	31147	206	27997	31502	0.0066138	0.55994	0.988731
16	60000000	60050000	22536	167	30417	22834	0.00741037	0.60834	0.986949
16	60050000	60100000	28121	193	28687	28414	0.0068632	0.57374	0.989688
16	60100000	60150000	23012	163	26789	23393	0.00708326	0.53578	0.983713
16	60150000	60200000	25734	360	29523	26276	0.0139893	0.59046	0.979373
16	60200000	60250000	25797	178	30223	26027	0.00690003	0.60446	0.991163
16	60250000	60300000	25827	167	31084	26074	0.0064661	0.62168	0.990527
16	60300000	60350000	30396	193	20496	30659	0.00634952	0.40992	0.991422
16	60350000	60400000	27135	225	19616	27390	0.00829187	0.39232	0.99069
16	60400000	60450000	31670	157	19921	31959	0.00495737	0.39842	0.990957
16	60450000	60500000	28630	183	26877	28858	0.0063919	0.53754	0.992099
16	60500000	60550000	33319	188	18929	33793	0.00564243	0.37858	0.985973
16	60550000	60600000	20638	107	34313	20879	0.00518461	0.68626	0.988457
16	60600000	60650000	27137	147	26223	27452	0.00541696	0.52446	0.988525
16	60650000	60700000	28224	183	28807	31714	0.00648384	0.57614	0.889954
16	60700000	60750000	28433	192	20293	29616	0.00675272	0.40586	0.960055
16	60750000	60800000	31327	238	21314	31655	0.00759728	0.42628	0.989638
16	60800000	60850000	28773	235	24307	29109	0.00816738	0.48614	0.988457
16	60850000	60900000	23804	170	21622	28198	0.00714166	0.43244	0.844173
16	60900000	60950000	26372	171	23327	27604	0.00648415	0.46654	0.955369
16	60950000	61000000	26215	206	21061	29205	0.0078581	0.42122	0.89762
16	61000000	61050000	27236	181	20512	29906	0.00664562	0.41024	0.91072
16	61050000	61100000	28312	183	23279	28616	0.00646369	0.46558	0.989377
16	61100000	61150000	30462	221	22053	30742	0.00725494	0.44106	0.990892
16	61150000	61200000	28210	176	33016	28492	0.00623892	0.66032	0.990102
16	61200000	61250000	30292	121	23037	30527	0.00399445	0.46074	0.992302
16	61250000	61300000	31150	179	21634	31422	0.00574639	0.43268	0.991344
16	61300000	61350000	31654	194	24169	31966	0.00612877	0.48338	0.99024
16	61350000	61400000	27383	120	32730	27743	0.00438228	0.6546	0.987024
16	61400000	61450000	33184	230	17167	33868	0.00693105	0.34334	0.979804
16	61450000	61500000	29176	175	22383	29468	0.00599808	0.44766	0.990091
16	61500000	61550000	28237	242	25517	28589	0.00857032	0.51034	0.987688
16	61550000	61600000	31163	271	19334	31604	0.00869621	0.38668	0.986046
16	61600000	61650000	29922	306	26454	30400	0.0102266	0.52908	0.984276
16	61650000	61700000	32814	211	18873	33132	0.00643018	0.37746	0.990402
16	61700000	61750000	33618	181	14688	33955	0.00538402	0.29376	0.990075
16	61750000	61800000	33442	204	19773	33791	0.00610011	0.39546	0.989672
16	61800000	61850000	25619	183	22797	25852	0.00714314	0.45594	0.990987
16	61850000	61900000	33286	178	13382	33575	0.00534759	0.26764	0.991392
16	61900000	61950000	29867	175	16274	30134	0.00585931	0.32548	0.99114
16	61950000	62000000	29177	131	20190	29465	0.00448984	0.4038	0.990226
16	62000000	62050000	28846	180	19446	29052	0.00624003	0.38892	0.992909
16	62050000	62100000	32982	174	12459	33759	0.0052756	0.24918	0.976984
16	62100000	62150000	29715	182	19513	30028	0.00612485	0.39026	0.989576
16	62150000	62200000	26059	174	31452	26352	0.00667716	0.62904	0.988881
16	62200000	62250000	28019	191	29873	28326	0.0068168	0.59746	0.989162
16	62250000	62300000	27587	177	22209	31194	0.00641607	0.44418	0.884369
16	62300000	62350000	29457	211	22876	30940	0.00716298	0.45752	0.952069
16	62350000	62400000	29025	222	20208	29276	0.00764858	0.40416	0.991426
16	62400000	62450000	26231	155	27250	26506	0.00590904	0.545	0.989625
16	62450000	62500000	26118	151	31958	26362	0.00578145	0.63916	0.990744
16	62500000	62550000	20483	118	35992	20663	0.00576087	0.71984	0.991289
16	62550000	62600000	28163	174	24415	28422	0.00617832	0.4883	0.990887
16	62600000	62650000	29074	182	18384	31614	0.00625989	0.36768	0.919656
16	62650000	62700000	27712	147	27760	27992	0.00530456	0.5552	0.989997
16	62700000	62750000	28087	151	23966	28501	0.00537615	0.47932	0.985474
16	62750000	62800000	30639	201	18001	31009	0.00656027	0.36002	0.988068
16	62800000	62850000	27809	231	34987	28099	0.00830666	0.69974	0.989679
16	62850000	62900000	30557	202	19307	30922	0.0066106	0.38614	0.988196
16	62900000	62950000	28994	202	25155	29574	0.00696696	0.5031	0.980388
16	62950000	63000000	31155	194	17256	31473	0.00622693	0.34512	0.989896
16	63000000	63050000	21577	136	29830	22784	0.00630301	0.5966	0.947024
16	63050000	63100000	26914	135	24452	31507	0.00501598	0.48904	0.854223
16	63100000	63150000	30591	168	24131	30904	0.00549181	0.48262	0.989872
16	63150000	63200000	20944	138	33575	21212	0.006589	0.6715	0.987366
16	63200000	63250000	29319	157	26168	30745	0.00535489	0.52336	0.953618
16	63250000	63300000	26012	161	30115	26827	0.00618945	0.6023	0.96962
16	63300000	63350000	30349	214	17545	30691	0.0070513	0.3509	0.988857
16	63350000	63400000	31530	212	21286	31921	0.00672376	0.42572	0.987751
16	63400000	63450000	25673	201	26971	26629	0.00782924	0.53942	0.964099
16	63450000	63500000	31427	200	24489	31711	0.00636395	0.48978	0.991044
16	63500000	63550000	31600	208	22278	31959	0.00658228	0.44556	0.988767
16	63550000	63600000	29772	189	25917	30056	0.00634825	0.51834	0.990551
16	63600000	63650000	28776	196	18929	31496	0.00681123	0.37858	0.91364
16	63650000	63700000	28569	201	23546	29275	0.0070356	0.47092	0.975884
16	63700000	63750000	28469	237	29269	28770	0.00832484	0.58538	0.989538
16	63750000	63800000	27330	168	34253	27894	0.00614709	0.68506	0.979781
16	63800000	63850000	30354	159	23553	31011	0.00523819	0.47106	0.978814
16	63850000	63900000	28011	208	33764	28288	0.00742565	0.67528	0.990208
16	63900000	63950000	23676	204	21021	27679	0.00861632	0.42042	0.855378
16	63950000	64000000	30354	181	24642	30691	0.00596297	0.49284	0.98902
16	64000000	64050000	29061	223	25954	29357	0.00767351	0.51908	0.989917
16	64050000	64100000	28627	177	27926	28954	0.00618297	0.55852	0.988706
16	64100000	64150000	25363	196	28978	28094	0.00772779	0.57956	0.902791
16	64150000	64200000	28735	163	24774	30700	0.00567252	0.49548	0.935993
16	64200000	64250000	29206	165	19602	29698	0.00564952	0.39204	0.983433
16	64250000	64300000	30932	152	21029	31143	0.004914	0.42058	0.993225
16	64300000	64350000	19375	80	27520	29959	0.00412903	0.5504	0.646717
16	64350000	64400000	30221	177	22331	30598	0.00585685	0.44662	0.987679
16	64400000	64450000	30967	137	19613	31184	0.00442406	0.39226	0.993041
16	64450000	64500000	31144	194	22688	31370	0.00622913	0.45376	0.992796
16	64500000	64550000	28846	189	25193	29385	0.00655203	0.50386	0.981657
16	64550000	64600000	28970	190	22100	29282	0.00655851	0.442	0.989345
16	64600000	64650000	29419	202	24933	29701	0.00686631	0.49866	0.990505
16	64650000	64700000	25356	147	32294	25724	0.00579744	0.64588	0.985694
16	64700000	64750000	30753	158	23989	33104	0.00513771	0.47978	0.928981
16	64750000	64800000	29698	240	20996	31547	0.00808135	0.41992	0.941389
16	64800000	64850000	30736	217	22215	31066	0.00706012	0.4443	0.989377
16	64850000	64900000	30632	184	29058	32058	0.00600679	0.58116	0.955518
16	64900000	64950000	31903	198	14855	32160	0.00620631	0.2971	0.992009
16	64950000	65000000	29810	168	24891	30052	0.00563569	0.49782	0.991947
16	65000000	65050000	33536	210	19369	33800	0.00626193	0.38738	0.992189
16	65050000	65100000	30609	184	21029	31845	0.0060113	0.42058	0.961187
16	65100000	65150000	33490	173	17141	34074	0.00516572	0.34282	0.982861
16	65150000	65200000	30092	167	19140	31047	0.00554965	0.3828	0.96924
16	65200000	65250000	31782	171	23028	32086	0.0053804	0.46056	0.990525
16	65250000	65300000	28472	155	23439	29167	0.00544394	0.46878	0.976172
16	65300000	65350000	30178	165	23461	30471	0.00546756	0.46922	0.990384
16	65350000	65400000	27099	134	24310	27385	0.00494483	0.4862	0.989556
16	65400000	65450000	32624	139	16970	32899	0.00426067	0.3394	0.991641
16	65450000	65500000	31956	193	18415	32969	0.00603955	0.3683	0.969274
16	65500000	65550000	32137	221	16817	32662	0.00687681	0.33634	0.983926
16	65550000	65600000	27588	216	24216	27841	0.00782949	0.48432	0.990913
16	65600000	65650000	30535	220	25717	31713	0.00720485	0.51434	0.962854
16	65650000	65700000	33042	252	14552	33546	0.00762666	0.29104	0.984976
16	65700000	65750000	28896	171	22731	29251	0.00591777	0.45462	0.987864
16	65750000	65800000	31824	181	18169	32729	0.00568753	0.36338	0.972349
16	65800000	65850000	30031	185	22052	30453	0.0061603	0.44104	0.986143
16	65850000	65900000	32101	206	20511	32518	0.00641725	0.41022	0.987176
16	65900000	65950000	30832	214	24166	33305	0.00694084	0.48332	0.925747
16	65950000	66000000	29335	225	20970	29631	0.00767002	0.4194	0.99001
16	66000000	66050000	31861	237	22602	32141	0.00743856	0.45204	0.991288
16	66050000	66100000	31158	161	23460	33212	0.00516721	0.4692	0.938155
16	66100000	66150000	30346	167	27314	30784	0.0055032	0.54628	0.985772
16	66150000	66200000	34364	209	16859	34715	0.00608195	0.33718	0.989889
16	66200000	66250000	31681	185	23091	32033	0.00583946	0.46182	0.989011
16	66250000	66300000	29151	169	22680	30169	0.0057974	0.4536	0.966257
16	66300000	66350000	28633	190	26837	29125	0.0066357	0.53674	0.983107
16	66350000	66400000	30073	176	23226	31079	0.00585243	0.46452	0.967631
16	66400000	66450000	27195	152	23955	30253	0.00558926	0.4791	0.898919
16	66450000	66500000	29413	146	23256	30608	0.00496379	0.46512	0.960958
16	66500000	66550000	24663	163	25672	25636	0.00660909	0.51344	0.962046
16	66550000	66600000	27669	164	22239	27904	0.00592721	0.44478	0.991578
16	66600000	66650000	24871	104	24470	26389	0.00418158	0.4894	0.942476
16	66650000	66700000	24834	100	27191	24999	0.00402674	0.54382	0.9934
16	66700000	66750000	18171	77	30235	18732	0.00423752	0.6047	0.970051
16	66750000	66800000	23414	91	21662	23852	0.00388656	0.43324	0.981637
16	66800000	66850000	22607	92	27079	22790	0.00406954	0.54158	0.99197
16	66850000	66900000	23223	126	24536	23840	0.00542566	0.49072	0.974119
16	66900000	66950000	23213	158	20279	25039	0.00680653	0.40558	0.927074
16	66950000	67000000	21546	480	18345	24874	0.0222779	0.3669	0.866206
16	67000000	67050000	19579	316	27772	22606	0.0161397	0.55544	0.866097
16	67050000	67100000	19631	164	25835	21399	0.00835413	0.5167	0.917379
16	67100000	67150000	22226	102	29331	23242	0.00458922	0.58662	0.956286
16	67150000	67200000	24465	86	17370	26291	0.00351523	0.3474	0.930547
16	67200000	67250000	26146	107	9856	28216	0.0040924	0.19712	0.926637
16	67250000	67300000	27202	90	17175	28516	0.00330858	0.3435	0.953921
16	67300000	67350000	26349	95	19826	27278	0.00360545	0.39652	0.965943
16	67350000	67400000	20972	59	29221	21463	0.00281327	0.58442	0.977123
16	67400000	67450000	26833	89	18090	28670	0.00331681	0.3618	0.935926
16	67450000	67500000	31810	86	11292	32538	0.00270355	0.22584	0.977626
16	67500000	67550000	17558	69	33640	18604	0.00392983	0.6728	0.943776
16	67550000	67600000	24323	92	20796	24716	0.00378243	0.41592	0.984099
16	67600000	67650000	14322	68	31342	16234	0.00474794	0.62684	0.882222
16	67650000	67700000	22989	98	17771	25399	0.00426291	0.35542	0.905114
16	67700000	67750000	20820	98	29260	21219	0.00470701	0.5852	0.981196
16	67750000	67800000	26758	115	17615	27072	0.00429778	0.3523	0.988401
16	67800000	67850000	13237	60	30331	16551	0.00453275	0.60662	0.79977
16	67850000	67900000	21142	112	21481	21327	0.00529751	0.42962	0.991326
16	67900000	67950000	23711	84	19246	23930	0.00354266	0.38492	0.990848
16	67950000	68000000	30338	121	11887	31239	0.0039884	0.23774	0.971158
16	68000000	68050000	17394	96	25717	17852	0.00551914	0.51434	0.974345
16	68050000	68100000	16845	56	31323	18387	0.00332443	0.62646	0.916136
16	68100000	68150000	22143	86	27240	22359	0.00388385	0.5448	0.990339
16	68150000	68200000	19599	142	34593	19932	0.00724527	0.69186	0.983293
16	68200000	68250000	18778	75	32640	18963	0.00399404	0.6528	0.990244
16	68250000	68300000	24972	93	16733	25336	0.00372417	0.33466	0.985633
16	68300000	68350000	24554	102	21734	25970	0.00415411	0.43468	0.945476
16	68350000	68400000	28036	165	19338	29306	0.00588529	0.38676	0.956664
16	68400000	68450000	33575	160	11886	33887	0.00476545	0.23772	0.990793
16	68450000	68500000	31773	106	17635	32919	0.00333617	0.3527	0.965187
16	68500000	68550000	28632	145	20251	29165	0.00506426	0.40502	0.981725
16	68550000	68600000	21949	145	28015	22524	0.00660622	0.5603	0.974472
16	68600000	68650000	17843	77	37155	18427	0.00431542	0.7431	0.968307
16	68650000	68700000	20051	117	31863	20343	0.00583512	0.63726	0.985646
16	68700000	68750000	22315	143	26641	23247	0.00640825	0.53282	0.959909
16	68750000	68800000	18243	106	30651	19445	0.00581045	0.61302	0.938185
16	68800000	68850000	21703	107	28388	22500	0.00493019	0.56776	0.964578
16	68850000	68900000	20667	129	31394	21145	0.00624183	0.62788	0.977394
16	68900000	68950000	19783	113	30438	20230	0.00571197	0.60876	0.977904
16	68950000	69000000	20123	97	29785	20487	0.00482035	0.5957	0.982233
16	69000000	69050000	20185	101	31855	20462	0.00500372	0.6371	0.986463
16	69050000	69100000	19429	83	31423	20252	0.00427196	0.62846	0.959362
16	69100000	69150000	23221	100	24213	23503	0.00430645	0.48426	0.988002
16	69150000	69200000	20843	73	23873	21088	0.00350237	0.47746	0.988382
16	69200000	69250000	18654	80	26897	19038	0.00428862	0.53794	0.97983
16	69250000	69300000	19117	72	28243	20427	0.00376628	0.56486	0.935869
16	69300000	69350000	19230	90	28117	19761	0.00468019	0.56234	0.973129
16	69350000	69400000	22227	81	20579	24307	0.00364422	0.41158	0.914428
16	69400000	69450000	21009	99	28961	21315	0.00471227	0.57922	0.985644
16	69450000	69500000	23422	88	25670	23619	0.00375715	0.5134	0.991659
16	69500000	69550000	20316	103	32959	21857	0.0050699	0.65918	0.929496
16	69550000	69600000	15502	76	30590	21430	0.00490259	0.6118	0.723378
16	69600000	69650000	17920	139	27502	22701	0.0077567	0.55004	0.789393
16	69650000	69700000	22239	102	19702	22439	0.00458654	0.39404	0.991087
16	69700000	69750000	23227	92	22028	23897	0.00396091	0.44056	0.971963
16	69750000	69800000	15630	88	29328	16451	0.0056302	0.58656	0.950094
16	69800000	69850000	17961	85	37346	18837	0.00473248	0.74692	0.953496
16	69850000	69900000	21151	132	30895	21854	0.00624084	0.6179	0.967832
16	69900000	69950000	22990	116	26879	23178	0.00504567	0.53758	0.991889
16	69950000	70000000	14486	74	15806	15597	0.00510838	0.31612	0.928768
16	70000000	70050000	0	0	28254	148		0.56508	0
16	70050000	70100000	0	0	26779	206		0.53558	0
16	70100000	70150000	207	13	24046	347	0.0628019	0.48092	0.596542
16	70150000	70200000	9	0	24115	40	0	0.4823	0.225
16	70200000	70250000	0	0	29284	0		0.58568	
16	70250000	70300000	6134	34	20327	7061	0.00554288	0.40654	0.868715
16	70300000	70350000	14184	67	33632	14588	0.00472363	0.67264	0.972306
16	70350000	70400000	14735	56	32343	15567	0.00380048	0.64686	0.946554
16	70400000	70450000	15796	83	27420	18075	0.00525449	0.5484	0.873914
16	70450000	70500000	20650	112	27369	20859	0.00542373	0.54738	0.98998
16	70500000	70550000	23375	117	24449	23704	0.00500535	0.48898	0.98612
16	70550000	70600000	22526	92	22402	22915	0.00408417	0.44804	0.983024
16	70600000	70650000	20274	110	26012	21923	0.00542567	0.52024	0.924782
16	70650000	70700000	16262	128	32048	17213	0.00787111	0.64096	0.944751
16	70700000	70750000	31515	156	12633	31988	0.00495002	0.25266	0.985213
16	70750000	70800000	32348	167	12997	32711	0.00516261	0.25994	0.988903
16	70800000	70850000	28672	165	21922	28884	0.00575474	0.43844	0.99266
16	70850000	70900000	7	1	31638	7	0.142857	0.63276	1
16	70900000	70950000	1	1	29142	2	1	0.58284	0.5
16	70950000	71000000	7	1	26794	16	0.142857	0.53588	0.4375
16	71000000	71050000	1	1	23625	15	1	0.4725	0.0666667
16	71050000	71100000	15	1	21781	15	0.0666667	0.43562	1
16	71100000	71150000	13	2	24608	18	0.153846	0.49216	0.722222
16	71150000	71200000	15	0	22920	16	0	0.4584	0.9375
16	71200000	71250000	27349	94	31429	28241	0.00343705	0.62858	0.968415
16	71250000	71300000	28709	131	27791	28958	0.00456303	0.55582	0.991401
16	71300000	71350000	25633	119	28115	26044	0.00464245	0.5623	0.984219
16	71350000	71400000	29071	213	26211	29868	0.00732689	0.52422	0.973316
16	71400000	71450000	27910	121	20628	29878	0.00433536	0.41256	0.934132
16	71450000	71500000	27382	126	21178	27600	0.00460156	0.42356	0.992101
16	71500000	71550000	26218	145	27698	26997	0.00553055	0.55396	0.971145
16	71550000	71600000	24179	95	27346	24725	0.00392903	0.54692	0.977917
16	71600000	71650000	20898	99	29785	21167	0.0047373	0.5957	0.987292
16	71650000	71700000	22704	116	24660	24758	0.00510923	0.4932	0.917037
16	71700000	71750000	24742	121	26630	24972	0.00489047	0.5326	0.99079
16	71750000	71800000	22486	109	21863	22797	0.00484746	0.43726	0.986358
16	71800000	71850000	19933	91	25429	20089	0.00456529	0.50858	0.992235
16	71850000	71900000	20842	74	21699	22209	0.00355052	0.43398	0.938448
16	71900000	71950000	18008	78	28897	18606	0.00433141	0.57794	0.96786
16	71950000	72000000	20495	103	26403	21818	0.00502562	0.52806	0.939362
16	72000000	72050000	22037	173	25930	22373	0.00785043	0.5186	0.984982
16	72050000	72100000	19272	169	28638	20137	0.0087692	0.57276	0.957044
16	72100000	72150000	24323	199	22200	27354	0.00818156	0.444	0.889194
16	72150000	72200000	27869	159	23946	28022	0.00570526	0.47892	0.99454
16	72200000	72250000	31990	171	20876	32212	0.00534542	0.41752	0.993108
16	72250000	72300000	32661	138	20788	32930	0.00422522	0.41576	0.991831
16	72300000	72350000	30533	143	22392	30753	0.00468346	0.44784	0.992846
16	72350000	72400000	19339	100	35352	19482	0.0051709	0.70704	0.99266
16	72400000	72450000	30110	126	31202	30353	0.00418466	0.62404	0.991994
16	72450000	72500000	25702	134	32205	25910	0.0052136	0.6441	0.991972
16	72500000	72550000	28794	133	24118	29059	0.00461902	0.48236	0.990881
16	72550000	72600000	18754	115	37214	18931	0.00613203	0.74428	0.99065
16	72600000	72650000	18804	105	30847	20748	0.00558392	0.61694	0.906304
16	72650000	72700000	23566	117	33030	23761	0.00496478	0.6606	0.991793
16	72700000	72750000	24576	114	32617	24866	0.00463867	0.65234	0.988337
16	72750000	72800000	25444	125	28376	25644	0.00491275	0.56752	0.992201
16	72800000	72850000	32203	124	12878	32546	0.00385057	0.25756	0.989461
16	72850000	72900000	33180	163	8286	33416	0.0049126	0.16572	0.992938
16	72900000	72950000	31075	142	14304	31352	0.00456959	0.28608	0.991165
16	72950000	73000000	29796	192	13315	30613	0.00644382	0.2663	0.973312
16	73000000	73050000	28868	174	19804	29114	0.00602744	0.39608	0.99155
16	73050000	73100000	29595	147	7907	30022	0.00496706	0.15814	0.985777
16	73100000	73150000	23154	144	23761	23570	0.00621923	0.47522	0.98235
16	73150000	73200000	27000	179	22457	27406	0.00662963	0.44914	0.985186
16	73200000	73250000	30226	173	15327	30458	0.00572355	0.30654	0.992383
16	73250000	73300000	27630	159	21946	29240	0.00575461	0.43892	0.944938
16	73300000	73350000	27327	203	20783	27633	0.00742855	0.41566	0.988926
16	73350000	73400000	30628	213	15859	34657	0.00695442	0.31718	0.883746
16	73400000	73450000	30306	200	20423	31135	0.00659935	0.40846	0.973374
16	73450000	73500000	29838	232	19526	30105	0.00777532	0.39052	0.991131
16	73500000	73550000	31357	203	19749	31602	0.00647383	0.39498	0.992247
16	73550000	73600000	31576	183	11782	31937	0.00579554	0.23564	0.988696
16	73600000	73650000	27091	176	22195	27303	0.00649662	0.4439	0.992235
16	73650000	73700000	30567	177	20769	30933	0.00579056	0.41538	0.988168
16	73700000	73750000	30110	211	20763	30396	0.00700764	0.41526	0.990591
16	73750000	73800000	31209	206	18922	31476	0.00660066	0.37844	0.991517
16	73800000	73850000	29576	210	18774	29814	0.00710035	0.37548	0.992017
16	73850000	73900000	26106	203	21886	26783	0.00777599	0.43772	0.974723
16	73900000	73950000	29076	216	11687	29322	0.00742881	0.23374	0.99161
16	73950000	74000000	26438	176	27075	26656	0.00665708	0.5415	0.991822
16	74000000	74050000	26810	208	29384	27282	0.0077583	0.58768	0.982699
16	74050000	74100000	29665	211	15605	30310	0.00711276	0.3121	0.97872
16	74100000	74150000	23692	179	29711	24598	0.00755529	0.59422	0.963168
16	74150000	74200000	27086	145	33947	27524	0.00535332	0.67894	0.984087
16	74200000	74250000	26941	151	26383	27894	0.00560484	0.52766	0.965835
16	74250000	74300000	27106	151	20622	28153	0.00557072	0.41244	0.96281
16	74300000	74350000	17265	75	23198	24343	0.00434405	0.46396	0.709239
16	74350000	74400000	0	0	30236	5457		0.60472	0
16	74400000	74450000	0	0	24900	3		0.498	0
16	74450000	74500000	15060	109	24974	15190	0.00723772	0.49948	0.991442
16	74500000	74550000	23367	117	20624	23936	0.00500706	0.41248	0.976228
16	74550000	74600000	8292	60	29405	8362	0.00723589	0.5881	0.991629
16	74600000	74650000	17195	93	33153	17394	0.00540855	0.66306	0.988559
16	74650000	74700000	19211	117	28415	21491	0.00609026	0.5683	0.893909
16	74700000	74750000	20278	156	30776	20478	0.00769307	0.61552	0.990233
16	74750000	74800000	27935	186	20871	28236	0.00665831	0.41742	0.98934
16	74800000	74850000	18639	136	38875	20363	0.00729653	0.7775	0.915337
16	74850000	74900000	20300	184	31889	20859	0.00906404	0.63778	0.973201
16	74900000	74950000	23839	178	21629	24474	0.00746676	0.43258	0.974054
16	74950000	75000000	18656	120	27150	18886	0.00643225	0.543	0.987822
16	75000000	75050000	17885	136	31241	18851	0.00760414	0.62482	0.948756
16	75050000	75100000	21231	130	30559	21926	0.00612312	0.61118	0.968302
16	75100000	75150000	30087	194	17745	30681	0.00644797	0.3549	0.980639
16	75150000	75200000	11947	103	42320	13017	0.00862141	0.8464	0.9178
16	75200000	75250000	18548	207	33310	21877	0.0111602	0.6662	0.847831
16	75250000	75300000	25764	172	12849	26791	0.00667598	0.25698	0.961666
16	75300000	75350000	24769	125	25561	24982	0.00504663	0.51122	0.991474
16	75350000	75400000	23384	117	29534	23536	0.00500342	0.59068	0.993542
16	75400000	75450000	23155	111	29039	23465	0.00479378	0.58078	0.986789
16	75450000	75500000	17038	104	31513	18061	0.006104	0.63026	0.943359
16	75500000	75550000	16701	118	26916	17316	0.00706545	0.53832	0.964484
16	75550000	75600000	15883	104	26011	17115	0.00654788	0.52022	0.928016
16	75600000	75650000	24217	131	27123	24550	0.00540942	0.54246	0.986436
16	75650000	75700000	23733	143	23136	24033	0.00602537	0.46272	0.987517
16	75700000	75750000	16117	135	35422	17970	0.00837625	0.70844	0.896884
16	75750000	75800000	17177	124	35716	17362	0.00721896	0.71432	0.989345
16	75800000	75850000	22697	155	33467	23834	0.0068291	0.66934	0.952295
16	75850000	75900000	19647	171	33779	20002	0.00870362	0.67558	0.982252
16	75900000	75950000	26326	202	30612	26897	0.00767302	0.61224	0.978771
16	75950000	76000000	31071	237	22312	31525	0.00762769	0.44624	0.985599
16	76000000	76050000	29357	277	22734	30461	0.00943557	0.45468	0.963757
16	76050000	76100000	22535	185	30507	27285	0.00820945	0.61014	0.825912
16	76100000	76150000	16936	127	34955	25230	0.00749882	0.6991	0.671264
16	76150000	76200000	27305	190	22680	27640	0.00695843	0.4536	0.98788
16	76200000	76250000	27647	243	23915	27989	0.00878938	0.4783	0.987781
16	76250000	76300000	25812	174	22967	26126	0.00674105	0.45934	0.987981
16	76300000	76350000	28413	264	20499	30416	0.00929152	0.40998	0.934147
16	76350000	76400000	29212	237	23862	30119	0.0081131	0.47724	0.969886
16	76400000	76450000	26053	235	24467	26357	0.00902007	0.48934	0.988466
16	76450000	76500000	30520	236	20658	30913	0.00773263	0.41316	0.987287
16	76500000	76550000	29307	219	23993	29646	0.00747262	0.47986	0.988565
16	76550000	76600000	31619	227	14951	32210	0.00717923	0.29902	0.981652
16	76600000	76650000	26852	255	21405	27146	0.0094965	0.4281	0.98917
16	76650000	76700000	30588	239	27561	31611	0.00781352	0.55122	0.967638
16	76700000	76750000	29014	204	30491	29387	0.00703109	0.60982	0.987307
16	76750000	76800000	27708	183	31488	28027	0.00660459	0.62976	0.988618
16	76800000	76850000	32885	353	21079	33431	0.0107344	0.42158	0.983668
16	76850000	76900000	29051	325	24464	29446	0.0111872	0.48928	0.986586
16	76900000	76950000	32703	279	18636	33339	0.00853133	0.37272	0.980923
16	76950000	77000000	30500	229	23087	30918	0.0075082	0.46174	0.98648
16	77000000	77050000	30752	271	21173	31193	0.00881243	0.42346	0.985862
16	77050000	77100000	30141	215	21628	30451	0.00713314	0.43256	0.98982
16	77100000	77150000	29785	271	23579	30210	0.00909854	0.47158	0.985932
16	77150000	77200000	27081	232	24781	27659	0.00856689	0.49562	0.979103
16	77200000	77250000	27738	167	22221	30404	0.00602062	0.44442	0.912314
16	77250000	77300000	23583	183	34224	24211	0.00775983	0.68448	0.974061
16	77300000	77350000	28175	276	18908	29194	0.00979592	0.37816	0.965096
16	77350000	77400000	29777	290	21229	30139	0.00973906	0.42458	0.987989
16	77400000	77450000	28438	256	26172	28776	0.00900204	0.52344	0.988254
16	77450000	77500000	30100	195	19897	30384	0.00647841	0.39794	0.990653
16	77500000	77550000	28195	230	21979	31441	0.00815747	0.43958	0.896759
16	77550000	77600000	26631	190	23856	26930	0.00713454	0.47712	0.988897
16	77600000	77650000	30684	281	23961	31019	0.00915787	0.47922	0.9892
16	77650000	77700000	29535	254	25463	29916	0.00859997	0.50926	0.987264
16	77700000	77750000	28219	224	23590	28574	0.00793791	0.4718	0.987576
16	77750000	77800000	24181	206	26068	25031	0.00851909	0.52136	0.966042
16	77800000	77850000	27619	250	22413	28592	0.00905174	0.44826	0.96597
16	77850000	77900000	30479	243	21146	30800	0.0079727	0.42292	0.989578
16	77900000	77950000	30043	260	21046	30328	0.00865426	0.42092	0.990603
16	77950000	78000000	27620	234	24529	28025	0.00847212	0.49058	0.985549
16	78000000	78050000	25462	282	26839	26469	0.0110753	0.53678	0.961955
16	78050000	78100000	26024	304	19693	27143	0.0116815	0.39386	0.958774
16	78100000	78150000	24119	245	27381	24451	0.010158	0.54762	0.986422
16	78150000	78200000	29205	239	20590	29521	0.00818353	0.4118	0.989296
16	78200000	78250000	29985	299	16009	30369	0.00997165	0.32018	0.987356
16	78250000	78300000	29159	203	18080	29658	0.00696183	0.3616	0.983175
16	78300000	78350000	29563	214	15874	30041	0.00723878	0.31748	0.984088
16	78350000	78400000	28665	318	21341	29499	0.0110937	0.42682	0.971728
16	78400000	78450000	27303	295	20783	28654	0.0108047	0.41566	0.952851
16	78450000	78500000	28012	261	19411	28369	0.00931744	0.38822	0.987416
16	78500000	78550000	30498	264	13829	31275	0.00865631	0.27658	0.975156
16	78550000	78600000	29058	282	18854	29416	0.00970473	0.37708	0.98783
16	78600000	78650000	31911	282	15870	32405	0.00883708	0.3174	0.984755
16	78650000	78700000	29637	307	21330	30030	0.0103587	0.4266	0.986913
16	78700000	78750000	27720	260	20822	28159	0.00937951	0.41644	0.98441
16	78750000	78800000	28962	344	21225	29399	0.0118776	0.4245	0.985136
16	78800000	78850000	28555	323	21893	28956	0.0113115	0.43786	0.986151
16	78850000	78900000	29330	383	21215	29753	0.0130583	0.4243	0.985783
16	78900000	78950000	28120	279	19054	29770	0.00992176	0.38108	0.944575
16	78950000	79000000	28496	334	19531	28899	0.0117209	0.39062	0.986055
16	79000000	79050000	31390	297	19740	32165	0.00946161	0.3948	0.975905
16	79050000	79100000	26768	227	18063	29904	0.00848027	0.36126	0.895131
16	79100000	79150000	31538	347	15195	31940	0.0110026	0.3039	0.987414
16	79150000	79200000	31122	267	18761	31517	0.00857914	0.37522	0.987467
16	79200000	79250000	33722	324	12263	34282	0.00960797	0.24526	0.983665
16	79250000	79300000	24936	232	22754	25190	0.00930382	0.45508	0.989917
16	79300000	79350000	32798	303	15164	33185	0.00923837	0.30328	0.988338
16	79350000	79400000	32578	280	19091	34050	0.00859476	0.38182	0.956769
16	79400000	79450000	30602	252	19528	31885	0.00823476	0.39056	0.959762
16	79450000	79500000	29935	267	20276	30605	0.00891933	0.40552	0.978108
16	79500000	79550000	33353	355	20461	33767	0.0106437	0.40922	0.98774
16	79550000	79600000	31754	226	18106	32168	0.00711721	0.36212	0.98713
16	79600000	79650000	33877	236	7093	34166	0.00696638	0.14186	0.991541
16	79650000	79700000	33039	272	15360	34887	0.00823269	0.3072	0.947029
16	79700000	79750000	30226	274	26499	30828	0.00906504	0.52998	0.980472
16	79750000	79800000	32730	244	19576	33239	0.00745493	0.39152	0.984687
16	79800000	79850000	33479	275	15619	33915	0.0082141	0.31238	0.987144
16	79850000	79900000	27795	247	21528	31510	0.00888649	0.43056	0.882101
16	79900000	79950000	33261	364	17316	33772	0.0109437	0.34632	0.984869
16	79950000	80000000	30982	227	21657	33411	0.00732683	0.43314	0.927299
16	80000000	80050000	30829	315	18266	32677	0.0102177	0.36532	0.943446
16	80050000	80100000	33091	333	19910	33540	0.0100632	0.3982	0.986613
16	80100000	80150000	30997	245	22862	31417	0.00790399	0.45724	0.986631
16	80150000	80200000	30415	281	24050	31316	0.00923886	0.481	0.971229
16	80200000	80250000	32352	275	23003	32997	0.00850025	0.46006	0.980453
16	80250000	80300000	26063	202	27691	26356	0.00775045	0.55382	0.988883
16	80300000	80350000	33158	343	21560	33647	0.0103444	0.4312	0.985467
16	80350000	80400000	32747	340	20416	33560	0.0103826	0.40832	0.975775
16	80400000	80450000	28086	235	22491	31133	0.00836716	0.44982	0.90213
16	80450000	80500000	32837	306	20263	33859	0.00931876	0.40526	0.969816
16	80500000	80550000	31712	231	23664	32017	0.00728431	0.47328	0.990474
16	80550000	80600000	32780	236	22438	33138	0.00719951	0.44876	0.989197
16	80600000	80650000	30500	293	20919	32128	0.00960656	0.41838	0.949328
16	80650000	80700000	26766	261	34203	27062	0.00975118	0.68406	0.989062
16	80700000	80750000	29228	273	23722	30155	0.00934036	0.47444	0.969259
16	80750000	80800000	26835	280	28533	28009	0.0104341	0.57066	0.958085
16	80800000	80850000	28873	217	29007	30157	0.00751567	0.58014	0.957423
16	80850000	80900000	26409	159	29105	26838	0.00602067	0.5821	0.984015
16	80900000	80950000	27237	269	31131	27568	0.00987627	0.62262	0.987993
16	80950000	81000000	23715	144	33520	24305	0.00607211	0.6704	0.975725
16	81000000	81050000	22205	125	29191	25639	0.00562936	0.58382	0.866063
16	81050000	81100000	16951	99	22110	22729	0.00584036	0.4422	0.745787
16	81100000	81150000	18484	185	27729	19056	0.0100087	0.55458	0.969983
16	81150000	81200000	18649	169	30719	21060	0.00906215	0.61438	0.885518
16	81200000	81250000	25310	283	31041	25658	0.0111814	0.62082	0.986437
16	81250000	81300000	21013	212	31647	22064	0.010089	0.63294	0.952366
16	81300000	81350000	24417	196	26876	25875	0.00802719	0.53752	0.943652
16	81350000	81400000	27279	171	22147	27881	0.00626856	0.44294	0.978408
16	81400000	81450000	25646	213	24205	27264	0.00830539	0.4841	0.940654
16	81450000	81500000	24613	168	23960	26379	0.00682566	0.4792	0.933053
16	81500000	81550000	31341	255	21220	31886	0.00813631	0.4244	0.982908
16	81550000	81600000	31294	253	21231	31891	0.00808462	0.42462	0.98128
16	81600000	81650000	29922	246	23615	31139	0.00822138	0.4723	0.960917
16	81650000	81700000	33015	291	19930	34420	0.00881418	0.3986	0.959181
16	81700000	81750000	26360	238	19369	29607	0.00902883	0.38738	0.89033
16	81750000	81800000	21873	205	34912	22477	0.00937229	0.69824	0.973128
16	81800000	81850000	23635	218	30378	24635	0.00922361	0.60756	0.959407
16	81850000	81900000	26649	283	29053	27041	0.0106195	0.58106	0.985503
16	81900000	81950000	27747	238	23441	28128	0.0085775	0.46882	0.986455
16	81950000	82000000	30965	264	21409	32020	0.00852575	0.42818	0.967052
16	82000000	82050000	23811	201	31665	24065	0.00844148	0.6333	0.989445
16	82050000	82100000	31555	262	23697	31995	0.00830296	0.47394	0.986248
16	82100000	82150000	10801	78	28276	28579	0.00722155	0.56552	0.377935
16	82150000	82200000	21036	216	32912	22275	0.0102681	0.65824	0.944377
16	82200000	82250000	23611	186	27004	26304	0.00787768	0.54008	0.89762
16	82250000	82300000	30903	276	24050	31421	0.00893117	0.481	0.983514
16	82300000	82350000	25612	239	27825	26869	0.00933156	0.5565	0.953217
16	82350000	82400000	27335	308	31855	27834	0.0112676	0.6371	0.982072
16	82400000	82450000	33079	267	19874	33476	0.00807159	0.39748	0.988141
16	82450000	82500000	29836	262	28443	30897	0.00878134	0.56886	0.96566
16	82500000	82550000	30503	229	21584	30877	0.00750746	0.43168	0.987887
16	82550000	82600000	30450	276	28497	31072	0.00906404	0.56994	0.979982
16	82600000	82650000	31798	274	23463	32860	0.00861689	0.46926	0.967681
16	82650000	82700000	33991	325	20221	34439	0.00956135	0.40442	0.986991
16	82700000	82750000	34907	409	17405	35679	0.0117168	0.3481	0.978363
16	82750000	82800000	34325	377	20461	34868	0.0109832	0.40922	0.984427
16	82800000	82850000	33509	376	16752	34132	0.0112209	0.33504	0.981747
16	82850000	82900000	30084	286	22623	30552	0.00950671	0.45246	0.984682
16	82900000	82950000	28079	284	19147	30679	0.0101143	0.38294	0.915251
16	82950000	83000000	31142	299	25721	31515	0.00960118	0.51442	0.988164
16	83000000	83050000	30808	277	21110	31274	0.00899117	0.4222	0.985099
16	83050000	83100000	31728	300	22805	32162	0.00945537	0.4561	0.986506
16	83100000	83150000	31909	316	22110	32313	0.00990316	0.4422	0.987497
16	83150000	83200000	29218	331	20961	29578	0.0113286	0.41922	0.987829
16	83200000	83250000	29501	309	20457	29896	0.0104742	0.40914	0.986788
16	83250000	83300000	31753	326	19382	32273	0.0102667	0.38764	0.983887
16	83300000	83350000	31535	358	21446	31959	0.0113525	0.42892	0.986733
16	83350000	83400000	31466	363	20711	31999	0.0115363	0.41422	0.983343
16	83400000	83450000	30484	336	24737	30917	0.0110222	0.49474	0.985995
16	83450000	83500000	31313	342	18950	31761	0.010922	0.379	0.985895
16	83500000	83550000	27722	363	17921	30252	0.0130943	0.35842	0.916369
16	83550000	83600000	31350	310	21195	31722	0.00988836	0.4239	0.988273
16	83600000	83650000	30886	346	22661	31292	0.0112025	0.45322	0.987025
16	83650000	83700000	24632	349	23010	25206	0.0141686	0.4602	0.977228
16	83700000	83750000	30459	291	20110	33930	0.00955383	0.4022	0.897701
16	83750000	83800000	30548	355	24587	30925	0.0116211	0.49174	0.987809
16	83800000	83850000	26268	246	19857	26600	0.00936501	0.39714	0.987519
16	83850000	83900000	28836	285	26711	29272	0.00988348	0.53422	0.985105
16	83900000	83950000	23483	260	30931	23767	0.0110718	0.61862	0.988051
16	83950000	84000000	24067	253	21433	29467	0.0105123	0.42866	0.816744
16	84000000	84050000	27594	380	19046	29263	0.0137711	0.38092	0.942966
16	84050000	84100000	29430	313	20351	30658	0.0106354	0.40702	0.959945
16	84100000	84150000	28748	265	21674	29308	0.00921803	0.43348	0.980893
16	84150000	84200000	22880	208	25199	23708	0.00909091	0.50398	0.965075
16	84200000	84250000	25437	240	24703	25724	0.00943507	0.49406	0.988843
16	84250000	84300000	27554	258	23251	29590	0.00936343	0.46502	0.931193
16	84300000	84350000	29599	309	26744	30023	0.0104395	0.53488	0.985877
16	84350000	84400000	24985	297	32252	25785	0.0118871	0.64504	0.968974
16	84400000	84450000	24095	276	27502	24457	0.0114547	0.55004	0.985199
16	84450000	84500000	27110	315	22948	27876	0.0116193	0.45896	0.972521
16	84500000	84550000	22217	210	27767	23151	0.00945222	0.55534	0.959656
16	84550000	84600000	26828	259	28650	28052	0.00965409	0.573	0.956367
16	84600000	84650000	27162	240	22841	28329	0.00883587	0.45682	0.958805
16	84650000	84700000	23123	192	26534	25807	0.00830342	0.53068	0.895997
16	84700000	84750000	23280	178	27832	24159	0.00764605	0.55664	0.963616
16	84750000	84800000	28719	220	16623	29107	0.00766043	0.33246	0.98667
16	84800000	84850000	24549	231	22947	26400	0.00940975	0.45894	0.929886
16	84850000	84900000	25311	193	25213	26021	0.00762514	0.50426	0.972714
16	84900000	84950000	24959	239	26049	25575	0.0095757	0.52098	0.975914
16	84950000	85000000	24702	279	26285	28402	0.0112946	0.5257	0.869727
16	85000000	85050000	24830	149	22705	25432	0.00600081	0.4541	0.976329
16	85050000	85100000	25029	240	27812	25625	0.00958888	0.55624	0.976741
16	85100000	85150000	29606	293	16335	30721	0.00989664	0.3267	0.963706
16	85150000	85200000	21053	195	24959	26633	0.00926234	0.49918	0.790485
16	85200000	85250000	31766	261	17959	32853	0.00821633	0.35918	0.966913
16	85250000	85300000	27842	265	19380	29909	0.00951799	0.3876	0.93089
16	85300000	85350000	30112	283	18073	30579	0.00939825	0.36146	0.984728
16	85350000	85400000	28085	238	21191	29115	0.00847427	0.42382	0.964623
16	85400000	85450000	22833	212	14179	25201	0.00928481	0.28358	0.906035
16	85450000	85500000	28435	196	18334	31448	0.00689291	0.36668	0.904191
16	85500000	85550000	30257	262	19313	30731	0.00865915	0.38626	0.984576
16	85550000	85600000	26579	185	17326	28890	0.00696038	0.34652	0.920007
16	85600000	85650000	25925	179	12779	30580	0.00690453	0.25558	0.847776
16	85650000	85700000	29853	299	7387	32532	0.0100157	0.14774	0.91765
16	85700000	85750000	24949	218	23547	26164	0.00873783	0.47094	0.953562
16	85750000	85800000	24750	221	25641	26215	0.00892929	0.51282	0.944116
16	85800000	85850000	26276	241	19326	26629	0.00917187	0.38652	0.986744
16	85850000	85900000	21668	193	22905	27722	0.00890714	0.4581	0.781617
16	85900000	85950000	28443	241	20811	28968	0.00847309	0.41622	0.981877
16	85950000	86000000	32760	320	21642	33910	0.00976801	0.43284	0.966087
16	86000000	86050000	28977	279	22152	29761	0.00962833	0.44304	0.973657
16	86050000	86100000	32550	299	24627	33096	0.00918587	0.49254	0.983503
16	86100000	86150000	29257	297	22485	31001	0.0101514	0.4497	0.943744
16	86150000	86200000	29283	313	26814	29736	0.0106888	0.53628	0.984766
16	86200000	86250000	32150	301	20073	33276	0.00936236	0.40146	0.966162
16	86250000	86300000	26054	231	27156	27247	0.0088662	0.54312	0.956215
16	86300000	86350000	28466	257	19089	29226	0.00902831	0.38178	0.973996
16	86350000	86400000	31275	277	17826	31706	0.00885691	0.35652	0.986406
16	86400000	86450000	32984	324	21508	33481	0.00982294	0.43016	0.985156
16	86450000	86500000	30405	251	22218	31684	0.00825522	0.44436	0.959633
16	86500000	86550000	32653	285	11054	33026	0.00872814	0.22108	0.988706
16	86550000	86600000	28821	221	13026	30256	0.00766802	0.26052	0.952571
16	86600000	86650000	30310	246	17414	31035	0.00811613	0.34828	0.976639
16	86650000	86700000	32013	252	20470	32640	0.0078718	0.4094	0.98079
16	86700000	86750000	27863	262	23389	28280	0.00940315	0.46778	0.985255
16	86750000	86800000	26304	272	19197	27618	0.0103406	0.38394	0.952422
16	86800000	86850000	27079	253	23291	32734	0.00934303	0.46582	0.827244
16	86850000	86900000	24540	202	20412	29552	0.00823146	0.40824	0.830401
16	86900000	86950000	30928	285	17929	31847	0.00921495	0.35858	0.971143
16	86950000	87000000	32036	312	18769	34569	0.00973904	0.37538	0.926726
16	87000000	87050000	28522	298	21606	30857	0.0104481	0.43212	0.924328
16	87050000	87100000	30926	323	16691	31314	0.0104443	0.33382	0.987609
16	87100000	87150000	29039	233	25878	29413	0.00802369	0.51756	0.987285
16	87150000	87200000	27635	227	24543	28326	0.00821422	0.49086	0.975605
16	87200000	87250000	22188	178	28876	28493	0.00802235	0.57752	0.778718
16	87250000	87300000	26804	216	20456	29217	0.0080585	0.40912	0.917411
16	87300000	87350000	28254	240	24585	29202	0.00849437	0.4917	0.967536
16	87350000	87400000	29865	276	14040	31173	0.00924159	0.2808	0.958041
16	87400000	87450000	20535	167	16663	21735	0.00813246	0.33326	0.94479
16	87450000	87500000	26199	178	23014	27131	0.00679415	0.46028	0.965648
16	87500000	87550000	5313	51	24819	10543	0.0095991	0.49638	0.503936
16	87550000	87600000	13381	121	28778	21821	0.00904267	0.57556	0.613217
16	87600000	87650000	22333	181	26019	26042	0.0081046	0.52038	0.857576
16	87650000	87700000	30024	342	22032	30546	0.0113909	0.44064	0.982911
16	87700000	87750000	28938	337	10746	29868	0.0116456	0.21492	0.968863
16	87750000	87800000	23097	293	22958	23632	0.0126856	0.45916	0.977361
16	87800000	87850000	20068	191	29130	20373	0.00951764	0.5826	0.985029
16	87850000	87900000	23847	195	11431	25646	0.00817713	0.22862	0.929853
16	87900000	87950000	3732	94	26214	3818	0.0251876	0.52428	0.977475
16	87950000	88000000	15306	174	23721	19843	0.0113681	0.47442	0.771355
16	88000000	88050000	11859	131	13586	12168	0.0110465	0.27172	0.974606
16	88050000	88100000	7351	66	9936	12881	0.00897837	0.19872	0.570686
16	88100000	88150000	12042	147	16942	13303	0.0122073	0.33884	0.905209
16	88150000	88200000	1182	83	19378	1301	0.07022	0.38756	0.908532
16	88200000	88250000	415	34	27612	3534	0.0819277	0.55224	0.117431
16	88250000	88300000	214	25	22495	482	0.116822	0.4499	0.443983
16	88300000	88350000	15102	121	15772	21273	0.00801218	0.31544	0.709914
16	88350000	88400000	13434	131	12942	25561	0.00975138	0.25884	0.525566
16	88400000	88450000	4405	38	3472	5955	0.00862656	0.06944	0.739715
16	88450000	88500000	30547	319	11766	32090	0.0104429	0.23532	0.951916
16	88500000	88550000	30443	273	6869	32197	0.00896758	0.13738	0.945523
16	88550000	88600000	22757	283	9281	29115	0.0124357	0.18562	0.781625
16	88600000	88650000	22666	236	21678	24203	0.0104121	0.43356	0.936495
16	88650000	88700000	26904	211	17648	28477	0.0078427	0.35296	0.944762
16	88700000	88750000	26432	208	17091	26918	0.00786925	0.34182	0.981945
16	88750000	88800000	28289	295	8215	30264	0.0104281	0.1643	0.934741
16	88800000	88850000	28923	308	9593	30108	0.010649	0.19186	0.960642
16	88850000	88900000	23789	208	15683	24907	0.00874354	0.31366	0.955113
16	88900000	88950000	11487	116	11826	29397	0.0100984	0.23652	0.390754
16	88950000	89000000	18336	218	11021	26829	0.0118892	0.22042	0.68344
16	89000000	89050000	23529	261	11024	27709	0.0110927	0.22048	0.849146
16	89050000	89100000	19032	226	20268	24409	0.0118747	0.40536	0.779712
16	89100000	89150000	23621	225	9834	29354	0.00952542	0.19668	0.804694
16	89150000	89200000	27756	226	18156	28814	0.00814238	0.36312	0.963282
16	89200000	89250000	20870	200	11034	27417	0.00958313	0.22068	0.761207
16	89250000	89300000	18258	203	23592	21290	0.0111184	0.47184	0.857586
16	89300000	89350000	6172	76	30193	17975	0.0123137	0.60386	0.343366
16	89350000	89400000	28835	181	12682	30277	0.00627709	0.25364	0.952373
16	89400000	89450000	25733	206	19810	28083	0.00800529	0.3962	0.916319
16	89450000	89500000	20393	188	17512	23377	0.00921885	0.35024	0.872353
16	89500000	89550000	20154	162	22571	21676	0.00803811	0.45142	0.929784
16	89550000	89600000	16603	145	23114	17787	0.00873336	0.46228	0.933435
16	89600000	89650000	22837	238	14302	24218	0.0104217	0.28604	0.942976
16	89650000	89700000	18324	203	21459	21879	0.0110784	0.42918	0.837515
16	89700000	89750000	15639	132	27992	17675	0.00844044	0.55984	0.884809
16	89750000	89800000	20524	143	15987	23448	0.00696745	0.31974	0.875299
16	89800000	89850000	19286	185	24271	20547	0.00959245	0.48542	0.938629
16	89850000	89900000	15472	129	27870	16987	0.00833764	0.5574	0.910814
16	89900000	89950000	17736	184	20910	20180	0.0103744	0.4182	0.87889
16	89950000	90000000	22573	219	16612	23289	0.00970186	0.33224	0.969256
16	90000000	90050000	20590	195	22662	21508	0.00947062	0.45324	0.957318
16	90050000	90100000	20301	176	15074	24001	0.00866952	0.30148	0.84584
16	90100000	90150000	10417	63	24988	15415	0.00604781	0.49976	0.67577
16	90150000	90200000	0	0	25669	202		0.51338	0
16	90200000	90250000	0	0	25311	0		0.50622	
16	90250000	90300000	0	0	21671	0		0.43342	
16	90300000	90350000	0	0	0	0		0	
16	90350000	90400000	0	0	0	0		0	
