chrom	start	end	anc_valid_bp	hum_sub	repeat_bp	mask_bp	sub_rate	repeat_frac	anc_cov
18	0	20000	0	0	4323	23		0.21615	0
18	20000	40000	0	0	16331	0		0.81655	
18	40000	60000	0	0	12247	17		0.61235	0
18	60000	80000	0	0	14876	238		0.7438	0
18	80000	100000	0	0	8129	5		0.40645	0
18	100000	120000	0	0	13352	31		0.6676	0
18	120000	140000	0	0	10663	0		0.53315	
18	140000	160000	4848	20	13935	4879	0.00412541	0.69675	0.993646
18	160000	180000	6726	61	14307	6871	0.00906928	0.71535	0.978897
18	180000	200000	10570	53	12026	10645	0.00501419	0.6013	0.992954
18	200000	220000	8344	52	7495	12106	0.00623202	0.37475	0.689245
18	220000	240000	11346	67	11805	11542	0.00590516	0.59025	0.983019
18	240000	260000	9797	60	9397	11672	0.00612432	0.46985	0.839359
18	260000	280000	11081	102	11486	11175	0.00920495	0.5743	0.991588
18	280000	300000	8687	56	13226	8758	0.00644641	0.6613	0.991893
18	300000	320000	9156	97	9611	9531	0.0105941	0.48055	0.960655
18	320000	340000	11504	76	6409	11620	0.0066064	0.32045	0.990017
18	340000	360000	12307	88	7269	12444	0.0071504	0.36345	0.988991
18	360000	380000	13320	98	4241	13426	0.00735736	0.21205	0.992105
18	380000	400000	13703	100	5707	13844	0.00729767	0.28535	0.989815
18	400000	420000	10371	88	10594	10461	0.0084852	0.5297	0.991397
18	420000	440000	13047	96	7075	13157	0.00735801	0.35375	0.991639
18	440000	460000	11126	78	8592	11437	0.00701061	0.4296	0.972808
18	460000	480000	12095	92	6260	12240	0.00760645	0.313	0.988154
18	480000	500000	11971	90	8168	12070	0.00751817	0.4084	0.991798
18	500000	520000	8095	88	10806	8685	0.0108709	0.5403	0.932067
18	520000	540000	7334	40	12248	7400	0.00545405	0.6124	0.991081
18	540000	560000	8381	67	12554	8554	0.00799427	0.6277	0.979776
18	560000	580000	11139	98	10503	11933	0.00879792	0.52515	0.933462
18	580000	600000	10543	75	13355	10745	0.00711372	0.66775	0.981201
18	600000	620000	11072	106	8597	11202	0.0095737	0.42985	0.988395
18	620000	640000	10008	97	9428	10186	0.00969225	0.4714	0.982525
18	640000	660000	9719	78	10262	9955	0.00802552	0.5131	0.976293
18	660000	680000	9517	76	9151	9613	0.00798571	0.45755	0.990014
18	680000	700000	9591	61	10105	10663	0.00636013	0.50525	0.899465
18	700000	720000	7755	60	12171	7886	0.00773694	0.60855	0.983388
18	720000	740000	6528	46	11556	6619	0.00704657	0.5778	0.986252
18	740000	760000	8868	48	9891	8962	0.00541272	0.49455	0.989511
18	760000	780000	8905	61	13236	9029	0.00685008	0.6618	0.986266
18	780000	800000	8468	61	13333	8997	0.00720359	0.66665	0.941203
18	800000	820000	10998	55	6441	11070	0.00500091	0.32205	0.993496
18	820000	840000	7575	46	11668	7855	0.00607261	0.5834	0.964354
18	840000	860000	9790	109	12325	9874	0.0111338	0.61625	0.991493
18	860000	880000	8432	69	11562	8587	0.00818311	0.5781	0.981949
18	880000	900000	10316	73	13260	10412	0.00707639	0.663	0.99078
18	900000	920000	11925	162	2574	12321	0.0135849	0.1287	0.96786
18	920000	940000	12495	96	6948	12599	0.00768307	0.3474	0.991745
18	940000	960000	10647	78	10612	11052	0.00732601	0.5306	0.963355
18	960000	980000	5997	28	13541	6062	0.004669	0.67705	0.989277
18	980000	1000000	10686	52	10642	11314	0.00486618	0.5321	0.944494
18	1000000	1020000	13711	68	8728	13831	0.00495952	0.4364	0.991324
18	1020000	1040000	8672	52	14399	8753	0.00599631	0.71995	0.990746
18	1040000	1060000	7131	55	14008	7202	0.0077128	0.7004	0.990142
18	1060000	1080000	12376	69	9581	12480	0.00557531	0.47905	0.991667
18	1080000	1100000	8549	90	12199	8639	0.0105275	0.60995	0.989582
18	1100000	1120000	7729	55	12132	7787	0.00711606	0.6066	0.992552
18	1120000	1140000	10705	74	13575	10777	0.00691266	0.67875	0.993319
18	1140000	1160000	5894	59	16835	6871	0.0100102	0.84175	0.857808
18	1160000	1180000	11335	62	10541	11432	0.00546978	0.52705	0.991515
18	1180000	1200000	11523	77	10839	11640	0.00668229	0.54195	0.989948
18	1200000	1220000	8122	63	15773	8182	0.00775671	0.78865	0.992667
18	1220000	1240000	10773	59	14556	10869	0.00547665	0.7278	0.991168
18	1240000	1260000	12158	72	10909	12287	0.00592203	0.54545	0.989501
18	1260000	1280000	12620	63	12480	12746	0.00499208	0.624	0.990115
18	1280000	1300000	9140	67	17332	9275	0.00733042	0.8666	0.985445
18	1300000	1320000	12602	83	10969	12747	0.00658626	0.54845	0.988625
18	1320000	1340000	5280	51	14285	5336	0.00965909	0.71425	0.989505
18	1340000	1360000	11610	85	10940	11715	0.00732127	0.547	0.991037
18	1360000	1380000	10602	81	10659	10690	0.00764007	0.53295	0.991768
18	1380000	1400000	9782	59	13878	9866	0.00603149	0.6939	0.991486
18	1400000	1420000	12791	50	10971	12905	0.003909	0.54855	0.991166
18	1420000	1440000	13281	111	9035	13412	0.0083578	0.45175	0.990233
18	1440000	1460000	8862	60	16301	8978	0.00677048	0.81505	0.98708
18	1460000	1480000	10835	63	8390	11361	0.00581449	0.4195	0.953701
18	1480000	1500000	11301	67	10535	11441	0.00592868	0.52675	0.987763
18	1500000	1520000	10358	56	10946	10458	0.00540645	0.5473	0.990438
18	1520000	1540000	10023	43	11432	10346	0.00429013	0.5716	0.96878
18	1540000	1560000	10303	104	13046	10376	0.0100941	0.6523	0.992965
18	1560000	1580000	13774	94	10328	13904	0.00682445	0.5164	0.99065
18	1580000	1600000	12934	76	8350	13065	0.00587599	0.4175	0.989973
18	1600000	1620000	11782	48	11143	11898	0.00407401	0.55715	0.99025
18	1620000	1640000	8982	37	15789	9921	0.00411935	0.78945	0.905352
18	1640000	1660000	9712	62	11849	9807	0.00638386	0.59245	0.990313
18	1660000	1680000	13069	102	8744	13177	0.00780473	0.4372	0.991804
18	1680000	1700000	6905	67	15482	9672	0.00970311	0.7741	0.713916
18	1700000	1720000	6859	30	11565	9720	0.00437382	0.57825	0.705658
18	1720000	1740000	8335	65	12451	9754	0.00779844	0.62255	0.854521
18	1740000	1760000	10642	90	14258	10734	0.00845706	0.7129	0.991429
18	1760000	1780000	12034	125	9881	12351	0.0103872	0.49405	0.974334
18	1780000	1800000	7854	58	12710	7922	0.00738477	0.6355	0.991416
18	1800000	1820000	9495	81	16676	10443	0.00853081	0.8338	0.909221
18	1820000	1840000	12204	104	11286	12302	0.0085218	0.5643	0.992034
18	1840000	1860000	8958	64	10468	9051	0.00714445	0.5234	0.989725
18	1860000	1880000	11205	63	10243	11349	0.00562249	0.51215	0.987312
18	1880000	1900000	13041	104	11656	13196	0.00797485	0.5828	0.988254
18	1900000	1920000	10767	87	12921	10866	0.00808025	0.64605	0.990889
18	1920000	1940000	8864	100	13728	8981	0.0112816	0.6864	0.986972
18	1940000	1960000	9588	74	14291	9685	0.00771798	0.71455	0.989985
18	1960000	1980000	12677	91	7750	12818	0.00717835	0.3875	0.989
18	1980000	2000000	11775	74	12798	11882	0.0062845	0.6399	0.990995
18	2000000	2020000	10305	72	15301	10409	0.0069869	0.76505	0.990009
18	2020000	2040000	13316	88	7596	13417	0.00660859	0.3798	0.992472
18	2040000	2060000	12701	102	7192	12821	0.00803086	0.3596	0.99064
18	2060000	2080000	11675	79	11031	11773	0.0067666	0.55155	0.991676
18	2080000	2100000	12451	116	10563	12562	0.00931652	0.52815	0.991164
18	2100000	2120000	12516	95	9307	12682	0.00759028	0.46535	0.986911
18	2120000	2140000	12449	96	10248	12561	0.00771146	0.5124	0.991084
18	2140000	2160000	12233	83	8662	12540	0.00678493	0.4331	0.975518
18	2160000	2180000	10871	98	9728	10960	0.00901481	0.4864	0.99188
18	2180000	2200000	12493	99	7484	13246	0.00792444	0.3742	0.943153
18	2200000	2220000	12505	116	10871	12603	0.00927629	0.54355	0.992224
18	2220000	2240000	11245	59	11853	11349	0.00524678	0.59265	0.990836
18	2240000	2260000	5867	59	14871	5904	0.0100562	0.74355	0.993733
18	2260000	2280000	12390	99	8581	12502	0.00799031	0.42905	0.991041
18	2280000	2300000	5806	52	16567	5879	0.00895625	0.82835	0.987583
18	2300000	2320000	11927	101	8035	12115	0.00846818	0.40175	0.984482
18	2320000	2340000	12331	103	8477	12455	0.00835293	0.42385	0.990044
18	2340000	2360000	10061	104	12447	10201	0.0103369	0.62235	0.986276
18	2360000	2380000	8567	79	11497	8654	0.00922143	0.57485	0.989947
18	2380000	2400000	12263	88	9444	12407	0.00717606	0.4722	0.988394
18	2400000	2420000	11495	103	8079	11610	0.00896042	0.40395	0.990095
18	2420000	2440000	11868	76	10078	11977	0.00640377	0.5039	0.990899
18	2440000	2460000	8856	55	13270	8952	0.00621048	0.6635	0.989276
18	2460000	2480000	10213	94	12056	11564	0.00920396	0.6028	0.883172
18	2480000	2500000	6276	53	8334	11073	0.00844487	0.4167	0.566784
18	2500000	2520000	11242	85	9579	11350	0.00756093	0.47895	0.990485
18	2520000	2540000	11553	78	11363	11641	0.00675149	0.56815	0.992441
18	2540000	2560000	11636	75	9439	11947	0.00644551	0.47195	0.973968
18	2560000	2580000	10491	59	7462	10551	0.00562387	0.3731	0.994313
18	2580000	2600000	10531	53	7662	10668	0.00503276	0.3831	0.987158
18	2600000	2620000	10469	66	10026	10556	0.00630433	0.5013	0.991758
18	2620000	2640000	7848	47	15729	8035	0.00598879	0.78645	0.976727
18	2640000	2660000	9267	67	9769	9502	0.00722996	0.48845	0.975268
18	2660000	2680000	9581	40	12485	9680	0.00417493	0.62425	0.989773
18	2680000	2700000	10303	63	10798	10388	0.00611472	0.5399	0.991817
18	2700000	2720000	10221	54	12009	10308	0.00528324	0.60045	0.99156
18	2720000	2740000	11380	51	8355	11452	0.00448155	0.41775	0.993713
18	2740000	2760000	11783	54	10005	11864	0.00458287	0.50025	0.993173
18	2760000	2780000	10681	36	6708	10752	0.00337047	0.3354	0.993397
18	2780000	2800000	9157	37	10974	9219	0.00404062	0.5487	0.993275
18	2800000	2820000	9153	58	15096	9261	0.00633672	0.7548	0.988338
18	2820000	2840000	5036	40	16516	5096	0.00794281	0.8258	0.988226
18	2840000	2860000	10304	96	6612	10421	0.00931677	0.3306	0.988773
18	2860000	2880000	5075	43	13961	5408	0.00847291	0.69805	0.938425
18	2880000	2900000	9642	65	8238	9715	0.00674134	0.4119	0.992486
18	2900000	2920000	13597	117	4707	13723	0.00860484	0.23535	0.990818
18	2920000	2940000	12112	99	4104	12228	0.00817371	0.2052	0.990514
18	2940000	2960000	10329	48	5106	10394	0.00464711	0.2553	0.993746
18	2960000	2980000	11921	67	7913	12004	0.00562033	0.39565	0.993086
18	2980000	3000000	11043	48	7250	11120	0.00434664	0.3625	0.993076
18	3000000	3020000	8632	43	10246	8994	0.00498146	0.5123	0.959751
18	3020000	3040000	6901	44	12580	7365	0.00637589	0.629	0.936999
18	3040000	3060000	9321	51	11148	9509	0.00547152	0.5574	0.980229
18	3060000	3080000	10478	96	8428	10626	0.00916205	0.4214	0.986072
18	3080000	3100000	11418	71	7104	11515	0.00621825	0.3552	0.991576
18	3100000	3120000	10995	86	7248	11141	0.00782174	0.3624	0.986895
18	3120000	3140000	9776	53	10674	9952	0.00542144	0.5337	0.982315
18	3140000	3160000	10145	51	10570	10248	0.00502711	0.5285	0.989949
18	3160000	3180000	11065	68	9788	11184	0.0061455	0.4894	0.98936
18	3180000	3200000	10430	75	6640	10592	0.0071908	0.332	0.984705
18	3200000	3220000	12534	85	10430	12704	0.00678155	0.5215	0.986618
18	3220000	3240000	11308	73	12734	11438	0.00645561	0.6367	0.988634
18	3240000	3260000	9682	61	6665	9747	0.00630035	0.33325	0.993331
18	3260000	3280000	10849	76	7614	10952	0.00700525	0.3807	0.990595
18	3280000	3300000	7562	67	13457	7939	0.00886009	0.67285	0.952513
18	3300000	3320000	6494	49	14431	6557	0.00754543	0.72155	0.990392
18	3320000	3340000	11922	90	12502	12044	0.00754907	0.6251	0.98987
18	3340000	3360000	10844	98	11099	10945	0.00903726	0.55495	0.990772
18	3360000	3380000	9404	85	11994	9894	0.00903871	0.5997	0.950475
18	3380000	3400000	10282	84	11870	10467	0.00816962	0.5935	0.982325
18	3400000	3420000	9151	73	9833	9216	0.00797727	0.49165	0.992947
18	3420000	3440000	6871	51	15859	6948	0.0074225	0.79295	0.988918
18	3440000	3460000	10415	60	4964	10506	0.00576092	0.2482	0.991338
18	3460000	3480000	8249	43	13178	8322	0.00521275	0.6589	0.991228
18	3480000	3500000	10669	52	6888	10745	0.00487393	0.3444	0.992927
18	3500000	3520000	9140	44	8507	9394	0.004814	0.42535	0.972961
18	3520000	3540000	9539	61	8830	9640	0.0063948	0.4415	0.989523
18	3540000	3560000	7558	49	14326	7771	0.0064832	0.7163	0.97259
18	3560000	3580000	6960	55	14264	8026	0.0079023	0.7132	0.867182
18	3580000	3600000	7615	61	7279	8306	0.00801051	0.36395	0.916807
18	3600000	3620000	4243	30	10536	9037	0.00707047	0.5268	0.469514
18	3620000	3640000	8003	41	12072	8066	0.00512308	0.6036	0.992189
18	3640000	3660000	10123	66	9192	10216	0.00651981	0.4596	0.990897
18	3660000	3680000	9942	76	10727	10025	0.00764434	0.53635	0.991721
18	3680000	3700000	7321	44	11610	7419	0.00601011	0.5805	0.986791
18	3700000	3720000	11287	47	5870	11404	0.00416408	0.2935	0.98974
18	3720000	3740000	10743	50	9926	10965	0.00465419	0.4963	0.979754
18	3740000	3760000	8219	51	13628	9412	0.00620513	0.6814	0.873247
18	3760000	3780000	11120	79	11051	11321	0.00710432	0.55255	0.982245
18	3780000	3800000	11337	55	9013	11430	0.00485137	0.45065	0.991864
18	3800000	3820000	12421	63	5606	12516	0.00507206	0.2803	0.99241
18	3820000	3840000	12369	84	7526	12486	0.00679117	0.3763	0.99063
18	3840000	3860000	12884	78	11003	12985	0.00605402	0.55015	0.992222
18	3860000	3880000	14380	109	3676	14505	0.00757997	0.1838	0.991382
18	3880000	3900000	11283	67	7736	11357	0.00593814	0.3868	0.993484
18	3900000	3920000	14114	88	5525	14214	0.00623494	0.27625	0.992965
18	3920000	3940000	13353	91	7477	13473	0.00681495	0.37385	0.991093
18	3940000	3960000	11611	77	7709	11705	0.00663164	0.38545	0.991969
18	3960000	3980000	11812	76	7606	11993	0.00643413	0.3803	0.984908
18	3980000	4000000	11662	80	7042	11790	0.00685989	0.3521	0.989143
18	4000000	4020000	12819	90	7380	12945	0.00702083	0.369	0.990267
18	4020000	4040000	11110	86	8775	11226	0.00774077	0.43875	0.989667
18	4040000	4060000	10411	64	8886	10517	0.00614734	0.4443	0.989921
18	4060000	4080000	9351	73	11520	9457	0.00780665	0.576	0.988791
18	4080000	4100000	9291	82	12688	9376	0.00882575	0.6344	0.990934
18	4100000	4120000	11144	109	13894	11280	0.00978105	0.6947	0.987943
18	4120000	4140000	11851	89	8861	11974	0.00750991	0.44305	0.989728
18	4140000	4160000	12453	82	9353	12575	0.00658476	0.46765	0.990298
18	4160000	4180000	10925	68	11339	11283	0.00622426	0.56695	0.968271
18	4180000	4200000	11695	85	8285	11811	0.00726806	0.41425	0.990179
18	4200000	4220000	12007	79	9766	12123	0.0065795	0.4883	0.990431
18	4220000	4240000	10710	78	12585	10824	0.00728291	0.62925	0.989468
18	4240000	4260000	13083	93	4048	13169	0.00710846	0.2024	0.99347
18	4260000	4280000	12855	73	7734	12957	0.00567872	0.3867	0.992128
18	4280000	4300000	12344	90	6507	12449	0.00729099	0.32535	0.991566
18	4300000	4320000	12730	106	7052	12871	0.00832679	0.3526	0.989045
18	4320000	4340000	10140	89	11827	10846	0.00877712	0.59135	0.934907
18	4340000	4360000	13702	113	10107	13811	0.00824697	0.50535	0.992108
18	4360000	4380000	11785	73	8262	11936	0.00619431	0.4131	0.987349
18	4380000	4400000	13048	84	5256	13183	0.00643777	0.2628	0.98976
18	4400000	4420000	9578	51	8887	9669	0.0053247	0.44435	0.990588
18	4420000	4440000	13012	91	7263	13369	0.00699354	0.36315	0.973296
18	4440000	4460000	13119	99	4949	13368	0.00754631	0.24745	0.981373
18	4460000	4480000	8184	47	12880	8682	0.00574291	0.644	0.94264
18	4480000	4500000	13343	80	10283	13446	0.00599565	0.51415	0.99234
18	4500000	4520000	10464	61	13584	10980	0.00582951	0.6792	0.953005
18	4520000	4540000	8270	48	14652	8427	0.00580411	0.7326	0.981369
18	4540000	4560000	12572	86	11720	12694	0.0068406	0.586	0.990389
18	4560000	4580000	9041	71	15261	9161	0.00785311	0.76305	0.986901
18	4580000	4600000	11965	82	9228	12088	0.00685332	0.4614	0.989825
18	4600000	4620000	10400	49	9432	10487	0.00471154	0.4716	0.991704
18	4620000	4640000	9674	59	12700	9767	0.00609882	0.635	0.990478
18	4640000	4660000	11881	83	9744	11988	0.00698594	0.4872	0.991074
18	4660000	4680000	9479	70	16415	9706	0.00738475	0.82075	0.976612
18	4680000	4700000	73	2	19974	208	0.0273973	0.9987	0.350962
18	4700000	4720000	9308	51	7964	10373	0.00547916	0.3982	0.89733
18	4720000	4740000	12551	89	10080	12694	0.00709107	0.504	0.988735
18	4740000	4760000	10629	73	12569	10717	0.006868	0.62845	0.991789
18	4760000	4780000	10737	74	13829	10886	0.00689206	0.69145	0.986313
18	4780000	4800000	9469	48	17274	9708	0.00506917	0.8637	0.975381
18	4800000	4820000	12203	65	9957	12891	0.00532656	0.49785	0.946629
18	4820000	4840000	12433	63	12333	12550	0.00506716	0.61665	0.990677
18	4840000	4860000	12386	75	9197	12477	0.00605522	0.45985	0.992707
18	4860000	4880000	11851	67	16431	12003	0.00565353	0.82155	0.987336
18	4880000	4900000	4704	36	14912	4743	0.00765306	0.7456	0.991777
18	4900000	4920000	7634	69	15619	9123	0.00903851	0.78095	0.836786
18	4920000	4940000	10891	70	12061	10988	0.00642733	0.60305	0.991172
18	4940000	4960000	7933	66	17259	8013	0.00831968	0.86295	0.990016
18	4960000	4980000	7362	49	15452	7694	0.0066558	0.7726	0.956849
18	4980000	5000000	9233	48	17091	9319	0.00519874	0.85455	0.990772
18	5000000	5020000	4519	26	15315	4791	0.00575349	0.76575	0.943227
18	5020000	5040000	11463	56	11570	11585	0.00488528	0.5785	0.989469
18	5040000	5060000	12565	50	10891	12670	0.00397931	0.54455	0.991713
18	5060000	5080000	12897	85	8025	13004	0.00659068	0.40125	0.991772
18	5080000	5100000	8489	78	13054	8567	0.00918836	0.6527	0.990895
18	5100000	5120000	10186	80	13521	10281	0.00785392	0.67605	0.99076
18	5120000	5140000	7445	46	14809	7504	0.00617864	0.74045	0.992138
18	5140000	5160000	13216	87	7846	13321	0.00658293	0.3923	0.992118
18	5160000	5180000	12687	75	8394	12783	0.00591156	0.4197	0.99249
18	5180000	5200000	10695	61	11084	10970	0.0057036	0.5542	0.974932
18	5200000	5220000	12773	79	9907	13023	0.00618492	0.49535	0.980803
18	5220000	5240000	8446	83	13282	8556	0.00982714	0.6641	0.987144
18	5240000	5260000	11721	81	11399	11863	0.00691067	0.56995	0.98803
18	5260000	5280000	4659	48	18467	4948	0.0103026	0.92335	0.941593
18	5280000	5300000	11496	60	5394	12341	0.00521921	0.2697	0.931529
18	5300000	5320000	10103	38	10531	10203	0.00376126	0.52655	0.990199
18	5320000	5340000	8531	76	15097	8644	0.00890869	0.75485	0.986927
18	5340000	5360000	9016	51	15790	9101	0.00565661	0.7895	0.99066
18	5360000	5380000	12289	82	9266	12447	0.00667263	0.4633	0.987306
18	5380000	5400000	11579	62	5872	11703	0.00535452	0.2936	0.989404
18	5400000	5420000	13827	71	2668	13918	0.00513488	0.1334	0.993462
18	5420000	5440000	13329	95	4811	13428	0.00712732	0.24055	0.992627
18	5440000	5460000	12471	72	6392	12585	0.00577339	0.3196	0.990942
18	5460000	5480000	13288	89	5488	13404	0.00669777	0.2744	0.991346
18	5480000	5500000	9957	62	10696	10053	0.00622678	0.5348	0.990451
18	5500000	5520000	14011	90	4826	14252	0.00642352	0.2413	0.98309
18	5520000	5540000	12496	99	6096	12603	0.00792254	0.3048	0.99151
18	5540000	5560000	12863	67	5645	12954	0.00520874	0.28225	0.992975
18	5560000	5580000	11747	78	9451	11823	0.00663999	0.47255	0.993572
18	5580000	5600000	11884	107	8415	12019	0.0090037	0.42075	0.988768
18	5600000	5620000	12550	79	5670	12899	0.00629482	0.2835	0.972944
18	5620000	5640000	13649	88	5471	13757	0.00644736	0.27355	0.992149
18	5640000	5660000	13050	91	7236	13168	0.00697318	0.3618	0.991039
18	5660000	5680000	12038	92	7612	12193	0.00764247	0.3806	0.987288
18	5680000	5700000	5027	30	16289	5074	0.00596777	0.81445	0.990737
18	5700000	5720000	14194	106	6961	14321	0.00746794	0.34805	0.991132
18	5720000	5740000	14187	120	6459	14341	0.00845845	0.32295	0.989262
18	5740000	5760000	14367	138	7484	14507	0.00960535	0.3742	0.990349
18	5760000	5780000	12745	106	9735	12874	0.00831699	0.48675	0.98998
18	5780000	5800000	12464	78	11254	12609	0.00625802	0.5627	0.9885
18	5800000	5820000	8425	55	15678	8713	0.00652819	0.7839	0.966946
18	5820000	5840000	12234	74	6967	13124	0.00604872	0.34835	0.932185
18	5840000	5860000	13306	92	9647	13414	0.00691417	0.48235	0.991949
18	5860000	5880000	10628	83	12113	10833	0.00780956	0.60565	0.981076
18	5880000	5900000	12963	69	2361	13086	0.00532284	0.11805	0.990601
18	5900000	5920000	13899	97	7785	14027	0.00697892	0.38925	0.990875
18	5920000	5940000	12592	83	7722	12699	0.00659149	0.3861	0.991574
18	5940000	5960000	13097	91	5001	13227	0.00694816	0.25005	0.990172
18	5960000	5980000	14384	118	2373	14536	0.00820356	0.11865	0.989543
18	5980000	6000000	12645	85	5614	12743	0.00672202	0.2807	0.99231
18	6000000	6020000	12959	89	11124	13072	0.00686781	0.5562	0.991356
18	6020000	6040000	9734	86	11565	9842	0.00883501	0.57825	0.989027
18	6040000	6060000	11334	70	8490	11447	0.00617611	0.4245	0.990128
18	6060000	6080000	7969	54	17267	8042	0.00677626	0.86335	0.990923
18	6080000	6100000	14513	118	4206	14712	0.00813064	0.2103	0.986474
18	6100000	6120000	13284	97	6955	13419	0.00730202	0.34775	0.98994
18	6120000	6140000	10485	71	9056	10587	0.00677158	0.4528	0.990366
18	6140000	6160000	12617	97	8582	12855	0.00768804	0.4291	0.981486
18	6160000	6180000	9128	58	12288	9223	0.00635408	0.6144	0.9897
18	6180000	6200000	10372	72	9788	12216	0.00694177	0.4894	0.84905
18	6200000	6220000	13537	81	7217	13645	0.0059836	0.36085	0.992085
18	6220000	6240000	9645	63	14103	9975	0.00653188	0.70515	0.966917
18	6240000	6260000	11509	58	7548	12051	0.00503953	0.3774	0.955024
18	6260000	6280000	11363	68	7594	11460	0.00598434	0.3797	0.991536
18	6280000	6300000	9541	68	11241	11663	0.00712714	0.56205	0.818057
18	6300000	6320000	11522	74	8731	11686	0.0064225	0.43655	0.985966
18	6320000	6340000	10177	67	14562	10480	0.00658347	0.7281	0.971088
18	6340000	6360000	8884	73	15024	8975	0.00821702	0.7512	0.989861
18	6360000	6380000	11619	78	8554	11735	0.00671314	0.4277	0.990115
18	6380000	6400000	8298	43	12974	8382	0.00518197	0.6487	0.989979
18	6400000	6420000	11697	89	6009	12087	0.00760879	0.30045	0.967734
18	6420000	6440000	9580	77	11003	9937	0.00803758	0.55015	0.964074
18	6440000	6460000	12262	96	10362	12393	0.00782907	0.5181	0.98943
18	6460000	6480000	9970	77	15687	10100	0.00772317	0.78435	0.987129
18	6480000	6500000	11434	84	10499	11559	0.00734651	0.52495	0.989186
18	6500000	6520000	8739	68	13031	8835	0.00778121	0.65155	0.989134
18	6520000	6540000	10533	42	12372	10627	0.00398747	0.6186	0.991155
18	6540000	6560000	11896	83	8904	12000	0.00697714	0.4452	0.991333
18	6560000	6580000	12481	74	6474	12569	0.00592901	0.3237	0.992999
18	6580000	6600000	10829	75	10705	10917	0.00692585	0.53525	0.991939
18	6600000	6620000	11786	83	9231	12306	0.00704225	0.46155	0.957744
18	6620000	6640000	12351	58	6947	12470	0.00469598	0.34735	0.990457
18	6640000	6660000	12191	89	8051	12296	0.00730047	0.40255	0.991461
18	6660000	6680000	12088	98	8828	12245	0.00810721	0.4414	0.987178
18	6680000	6700000	12115	67	11155	12195	0.00553033	0.55775	0.99344
18	6700000	6720000	9040	32	12401	9094	0.00353982	0.62005	0.994062
18	6720000	6740000	12588	59	6348	12687	0.004687	0.3174	0.992197
18	6740000	6760000	13097	52	4960	13191	0.00397037	0.248	0.992874
18	6760000	6780000	13471	96	8849	13577	0.00712642	0.44245	0.992193
18	6780000	6800000	10629	62	9341	10696	0.0058331	0.46705	0.993736
18	6800000	6820000	11495	60	12888	11607	0.00521966	0.6444	0.990351
18	6820000	6840000	10280	80	12631	10385	0.0077821	0.63155	0.989889
18	6840000	6860000	11194	63	9480	11277	0.00562802	0.474	0.99264
18	6860000	6880000	12976	72	4236	13306	0.00554871	0.2118	0.975199
18	6880000	6900000	12965	84	8090	13053	0.00647898	0.4045	0.993258
18	6900000	6920000	11890	68	12585	11985	0.00571909	0.62925	0.992073
18	6920000	6940000	11119	117	10515	11226	0.0105225	0.52575	0.990469
18	6940000	6960000	12500	92	7060	12641	0.00736	0.353	0.988846
18	6960000	6980000	12404	74	4981	12525	0.00596582	0.24905	0.990339
18	6980000	7000000	11304	87	4386	11877	0.00769639	0.2193	0.951755
18	7000000	7020000	10624	81	6601	10741	0.00762425	0.33005	0.989107
18	7020000	7040000	12677	93	6053	12799	0.00733612	0.30265	0.990468
18	7040000	7060000	10072	68	11317	10157	0.00675139	0.56585	0.991631
18	7060000	7080000	11318	92	8086	11919	0.00812864	0.4043	0.949576
18	7080000	7100000	10188	64	8840	10460	0.0062819	0.442	0.973996
18	7100000	7120000	9588	60	7731	9684	0.00625782	0.38655	0.990087
18	7120000	7140000	8817	85	12103	10237	0.00964047	0.60515	0.861287
18	7140000	7160000	8364	72	13760	9061	0.00860832	0.688	0.923077
18	7160000	7180000	10444	111	9473	10564	0.0106281	0.47365	0.988641
18	7180000	7200000	6965	37	14206	7470	0.00531228	0.7103	0.932396
18	7200000	7220000	8790	65	12907	8887	0.00739477	0.64535	0.989085
18	7220000	7240000	12280	96	6317	12394	0.00781759	0.31585	0.990802
18	7240000	7260000	10782	70	10183	10898	0.0064923	0.50915	0.989356
18	7260000	7280000	11579	58	8641	11676	0.00500907	0.43205	0.991692
18	7280000	7300000	10633	50	12102	10709	0.00470234	0.6051	0.992903
18	7300000	7320000	10852	78	11483	10986	0.00718762	0.57415	0.987803
18	7320000	7340000	11054	60	9448	11185	0.0054279	0.4724	0.988288
18	7340000	7360000	11730	93	12114	11820	0.00792839	0.6057	0.992386
18	7360000	7380000	10659	96	10965	10805	0.00900647	0.54825	0.986488
18	7380000	7400000	10982	67	10060	11243	0.00610089	0.503	0.976786
18	7400000	7420000	4381	39	17277	5995	0.00890208	0.86385	0.730776
18	7420000	7440000	9617	90	9442	10474	0.00935843	0.4721	0.918178
18	7440000	7460000	13606	101	6074	13730	0.0074232	0.3037	0.990969
18	7460000	7480000	12276	89	9165	12778	0.00724992	0.45825	0.960714
18	7480000	7500000	11565	71	9619	11669	0.00613921	0.48095	0.991087
18	7500000	7520000	12047	77	9897	12602	0.00639163	0.49485	0.955959
18	7520000	7540000	10022	68	10270	10174	0.00678507	0.5135	0.98506
18	7540000	7560000	10566	53	10773	10655	0.00501609	0.53865	0.991647
18	7560000	7580000	11869	60	5861	11966	0.00505519	0.29305	0.991894
18	7580000	7600000	13540	69	6788	13621	0.00509601	0.3394	0.994053
18	7600000	7620000	13046	69	4907	13137	0.00528898	0.24535	0.993073
18	7620000	7640000	12747	55	6124	12831	0.00431474	0.3062	0.993453
18	7640000	7660000	10089	64	10642	10260	0.00634354	0.5321	0.983333
18	7660000	7680000	12669	93	6646	12772	0.00734075	0.3323	0.991935
18	7680000	7700000	12040	83	5217	12150	0.00689369	0.26085	0.990947
18	7700000	7720000	4087	41	16123	4123	0.0100318	0.80615	0.991268
18	7720000	7740000	10377	68	11688	10480	0.00655295	0.5844	0.990172
18	7740000	7760000	13624	64	5643	13715	0.00469759	0.28215	0.993365
18	7760000	7780000	13214	68	5822	13360	0.00514606	0.2911	0.989072
18	7780000	7800000	12567	71	8302	12680	0.00564972	0.4151	0.991088
18	7800000	7820000	13285	91	6459	13407	0.00684983	0.32295	0.9909
18	7820000	7840000	8755	48	11437	9246	0.00548258	0.57185	0.946896
18	7840000	7860000	13276	64	8756	13366	0.00482073	0.4378	0.993266
18	7860000	7880000	9072	42	10450	9137	0.00462963	0.5225	0.992886
18	7880000	7900000	11776	53	6268	11877	0.00450068	0.3134	0.991496
18	7900000	7920000	11270	53	11764	11358	0.00470275	0.5882	0.992252
18	7920000	7940000	11715	63	8083	11820	0.00537772	0.40415	0.991117
18	7940000	7960000	12774	101	7408	12901	0.00790669	0.3704	0.990156
18	7960000	7980000	8634	40	11281	8704	0.00463285	0.56405	0.991958
18	7980000	8000000	9939	69	12339	10108	0.00694235	0.61695	0.983281
18	8000000	8020000	13271	107	4547	13399	0.00806269	0.22735	0.990447
18	8020000	8040000	12898	70	6936	13012	0.0054272	0.3468	0.991239
18	8040000	8060000	11178	78	9953	11277	0.00697799	0.49765	0.991221
18	8060000	8080000	11192	72	7321	11290	0.00643317	0.36605	0.99132
18	8080000	8100000	13790	71	4591	13923	0.00514866	0.22955	0.990447
18	8100000	8120000	12413	55	5490	12511	0.00443084	0.2745	0.992167
18	8120000	8140000	13788	67	4597	14029	0.0048593	0.22985	0.982821
18	8140000	8160000	9232	50	9106	9299	0.00541594	0.4553	0.992795
18	8160000	8180000	11461	55	6796	11553	0.00479888	0.3398	0.992037
18	8180000	8200000	13143	90	6316	13249	0.00684775	0.3158	0.991999
18	8200000	8220000	11467	74	8576	11719	0.0064533	0.4288	0.978496
18	8220000	8240000	10591	49	12319	10758	0.00462657	0.61595	0.984477
18	8240000	8260000	13274	65	2819	13364	0.00489679	0.14095	0.993265
18	8260000	8280000	11464	71	9255	11955	0.0061933	0.46275	0.958929
18	8280000	8300000	12635	95	6194	12730	0.0075188	0.3097	0.992537
18	8300000	8320000	12315	72	8819	12897	0.00584653	0.44095	0.954873
18	8320000	8340000	9082	56	6057	9171	0.00616604	0.30285	0.990295
18	8340000	8360000	14119	72	4949	14226	0.00509951	0.24745	0.992479
18	8360000	8380000	14202	82	2861	14351	0.00577383	0.14305	0.989617
18	8380000	8400000	12707	85	9033	12833	0.00668923	0.45165	0.990182
18	8400000	8420000	13029	117	6258	13262	0.00897997	0.3129	0.982431
18	8420000	8440000	12575	118	9066	12730	0.0093837	0.4533	0.987824
18	8440000	8460000	10824	75	10989	11395	0.00692905	0.54945	0.94989
18	8460000	8480000	12881	128	5314	13585	0.00993712	0.2657	0.948178
18	8480000	8500000	10765	109	10975	11076	0.0101254	0.54875	0.971921
18	8500000	8520000	11488	81	9002	11604	0.00705084	0.4501	0.990003
18	8520000	8540000	9171	89	14024	9331	0.0097045	0.7012	0.982853
18	8540000	8560000	10143	98	11328	10244	0.00966184	0.5664	0.990141
18	8560000	8580000	7560	51	14908	7649	0.00674603	0.7454	0.988364
18	8580000	8600000	10115	85	14449	10238	0.00840336	0.72245	0.987986
18	8600000	8620000	10447	68	9229	10555	0.00650905	0.46145	0.989768
18	8620000	8640000	12313	49	4495	12393	0.00397953	0.22475	0.993545
18	8640000	8660000	7382	41	12892	7871	0.00555405	0.6446	0.937873
18	8660000	8680000	10675	81	13059	10795	0.00758782	0.65295	0.988884
18	8680000	8700000	9839	76	11015	9967	0.00772436	0.55075	0.987158
18	8700000	8720000	10090	66	6290	10250	0.00654113	0.3145	0.98439
18	8720000	8740000	10669	72	9819	10761	0.00674852	0.49095	0.991451
18	8740000	8760000	12782	72	5949	12891	0.00563292	0.29745	0.991544
18	8760000	8780000	10931	81	6007	13454	0.00741012	0.30035	0.812472
18	8780000	8800000	14845	107	2423	14984	0.00720781	0.12115	0.990723
18	8800000	8820000	12872	79	4997	12979	0.00613735	0.24985	0.991756
18	8820000	8840000	11430	96	5742	11547	0.00839895	0.2871	0.989867
18	8840000	8860000	13612	92	8873	13733	0.00675874	0.44365	0.991189
18	8860000	8880000	10699	73	10168	10830	0.00682307	0.5084	0.987904
18	8880000	8900000	6448	66	15285	6605	0.0102357	0.76425	0.97623
18	8900000	8920000	2994	32	18013	3037	0.010688	0.90065	0.985841
18	8920000	8940000	6057	66	16895	6180	0.0108965	0.84475	0.980097
18	8940000	8960000	11244	77	11491	11376	0.0068481	0.57455	0.988397
18	8960000	8980000	10405	88	12014	10851	0.00845747	0.6007	0.958898
18	8980000	9000000	11053	80	9564	11148	0.00723785	0.4782	0.991478
18	9000000	9020000	9146	62	11675	9237	0.00677892	0.58375	0.990148
18	9020000	9040000	8367	74	14770	8490	0.00884427	0.7385	0.985512
18	9040000	9060000	8896	70	11350	8962	0.00786871	0.5675	0.992636
18	9060000	9080000	7796	48	11851	8569	0.006157	0.59255	0.909791
18	9080000	9100000	9745	42	9841	10103	0.0043099	0.49205	0.964565
18	9100000	9120000	10981	45	8725	11050	0.00409799	0.43625	0.993756
18	9120000	9140000	10778	33	6039	10898	0.00306179	0.30195	0.988989
18	9140000	9160000	10938	43	9428	11019	0.00393125	0.4714	0.992649
18	9160000	9180000	3968	33	17790	4038	0.00831653	0.8895	0.982665
18	9180000	9200000	10635	36	12296	10736	0.00338505	0.6148	0.990592
18	9200000	9220000	12284	55	6991	12427	0.00447737	0.34955	0.988493
18	9220000	9240000	9899	40	14074	10051	0.00404081	0.7037	0.984877
18	9240000	9260000	11472	53	5254	11550	0.00461994	0.2627	0.993247
18	9260000	9280000	7786	31	12221	7860	0.00398151	0.61105	0.990585
18	9280000	9300000	7639	28	13011	7726	0.0036654	0.65055	0.988739
18	9300000	9320000	5544	45	17402	5717	0.00811688	0.8701	0.969739
18	9320000	9340000	9544	41	11321	9729	0.00429589	0.56605	0.980985
18	9340000	9360000	11035	73	10491	11126	0.00661531	0.52455	0.991821
18	9360000	9380000	6468	51	15513	6518	0.00788497	0.77565	0.992329
18	9380000	9400000	8408	62	13267	8685	0.00737393	0.66335	0.968106
18	9400000	9420000	11023	73	8978	11259	0.00662252	0.4489	0.979039
18	9420000	9440000	7654	55	13157	8116	0.00718579	0.65785	0.943075
18	9440000	9460000	9160	77	15279	9246	0.00840611	0.76395	0.990699
18	9460000	9480000	10046	65	11793	10151	0.00647024	0.58965	0.989656
18	9480000	9500000	6662	50	17361	6985	0.00750525	0.86805	0.953758
18	9500000	9520000	8773	53	12104	8865	0.00604126	0.6052	0.989622
18	9520000	9540000	10028	75	6453	10122	0.00747906	0.32265	0.990713
18	9540000	9560000	9662	77	7067	11911	0.00796936	0.35335	0.811183
18	9560000	9580000	10707	35	8020	10947	0.00326889	0.401	0.978076
18	9580000	9600000	11426	53	10364	11481	0.00463854	0.5182	0.995209
18	9600000	9620000	10545	48	8596	10626	0.00455192	0.4298	0.992377
18	9620000	9640000	6999	40	14547	7124	0.0057151	0.72735	0.982454
18	9640000	9660000	10156	73	8273	11023	0.00718787	0.41365	0.921346
18	9660000	9680000	9188	71	12408	9281	0.00772747	0.6204	0.98998
18	9680000	9700000	10042	69	12731	10386	0.00687114	0.63655	0.966878
18	9700000	9720000	10354	70	6186	10728	0.00676067	0.3093	0.965138
18	9720000	9740000	10390	67	8981	10798	0.00644851	0.44905	0.962215
18	9740000	9760000	11988	90	9582	12086	0.00750751	0.4791	0.991891
18	9760000	9780000	10019	69	9206	10113	0.00688691	0.4603	0.990705
18	9780000	9800000	8578	60	11713	8644	0.00699464	0.58565	0.992365
18	9800000	9820000	11333	93	7911	11768	0.00820612	0.39555	0.963035
18	9820000	9840000	11418	99	8725	12149	0.00867052	0.43625	0.93983
18	9840000	9860000	11764	79	7592	11989	0.0067154	0.3796	0.981233
18	9860000	9880000	10871	65	9757	10982	0.00597921	0.48785	0.989893
18	9880000	9900000	9585	50	10232	9694	0.00521648	0.5116	0.988756
18	9900000	9920000	10712	54	10251	10827	0.00504108	0.51255	0.989378
18	9920000	9940000	11427	44	7310	11554	0.00385053	0.3655	0.989008
18	9940000	9960000	11890	58	6282	11993	0.00487805	0.3141	0.991412
18	9960000	9980000	11023	70	9592	11168	0.00635036	0.4796	0.987016
18	9980000	10000000	11363	79	10147	11585	0.00695239	0.50735	0.980837
18	10000000	10020000	10978	78	7966	12252	0.00710512	0.3983	0.896017
18	10020000	10040000	13614	110	5926	13750	0.00807992	0.2963	0.990109
18	10040000	10060000	13174	96	9137	13303	0.00728708	0.45685	0.990303
18	10060000	10080000	13136	60	5615	13577	0.0045676	0.28075	0.967519
18	10080000	10100000	12027	106	10559	12172	0.0088135	0.52795	0.988087
18	10100000	10120000	10684	71	9235	10793	0.00664545	0.46175	0.989901
18	10120000	10140000	13536	105	7824	13693	0.00775709	0.3912	0.988534
18	10140000	10160000	12585	88	7229	12747	0.00699245	0.36145	0.987291
18	10160000	10180000	8181	60	13108	8827	0.00733407	0.6554	0.926815
18	10180000	10200000	10554	80	11881	10672	0.00758006	0.59405	0.988943
18	10200000	10220000	13424	87	5444	13551	0.00648093	0.2722	0.990628
18	10220000	10240000	8915	46	10368	9257	0.00515984	0.5184	0.963055
18	10240000	10260000	10491	56	8659	10603	0.00533791	0.43295	0.989437
18	10260000	10280000	13624	71	7680	13785	0.00521139	0.384	0.988321
18	10280000	10300000	13895	122	4224	14029	0.00878014	0.2112	0.990448
18	10300000	10320000	12588	63	7787	13969	0.00500477	0.38935	0.901138
18	10320000	10340000	12979	77	4816	13119	0.00593266	0.2408	0.989328
18	10340000	10360000	14072	113	6404	14207	0.00803013	0.3202	0.990498
18	10360000	10380000	12707	68	7557	12818	0.00535138	0.37785	0.99134
18	10380000	10400000	12101	108	11623	12191	0.00892488	0.58115	0.992618
18	10400000	10420000	13532	96	4309	13657	0.0070943	0.21545	0.990847
18	10420000	10440000	12904	106	9038	13042	0.00821451	0.4519	0.989419
18	10440000	10460000	13192	87	2616	14267	0.00659491	0.1308	0.924651
18	10460000	10480000	13879	101	5179	14104	0.00727718	0.25895	0.984047
18	10480000	10500000	13396	121	6265	13508	0.00903255	0.31325	0.991709
18	10500000	10520000	12087	106	12273	12214	0.00876975	0.61365	0.989602
18	10520000	10540000	11522	83	7911	11688	0.00720361	0.39555	0.985797
18	10540000	10560000	13330	79	4811	13420	0.00592648	0.24055	0.993294
18	10560000	10580000	8635	79	10819	8697	0.00914881	0.54095	0.992871
18	10580000	10600000	5439	37	12478	5710	0.00680272	0.6239	0.952539
18	10600000	10620000	0	0	10920	222		0.546	0
18	10620000	10640000	45	3	4828	227	0.0666667	0.2414	0.198238
18	10640000	10660000	46	6	14834	2079	0.130435	0.7417	0.022126
18	10660000	10680000	6175	36	2406	13928	0.00582996	0.1203	0.443352
18	10680000	10700000	13388	95	5514	13501	0.00709591	0.2757	0.99163
18	10700000	10720000	14019	89	3424	14173	0.00634853	0.1712	0.989134
18	10720000	10740000	9680	57	6005	9774	0.00588843	0.30025	0.990383
18	10740000	10760000	13059	79	5074	13331	0.00604947	0.2537	0.979596
18	10760000	10780000	13130	87	4115	14024	0.00662605	0.20575	0.936252
18	10780000	10800000	11717	103	6837	11845	0.00879065	0.34185	0.989194
18	10800000	10820000	12232	113	6819	12372	0.00923806	0.34095	0.988684
18	10820000	10840000	12171	68	9149	12282	0.00558705	0.45745	0.990962
18	10840000	10860000	12078	94	7600	12181	0.00778275	0.38	0.991544
18	10860000	10880000	13066	66	5779	13156	0.00505128	0.28895	0.993159
18	10880000	10900000	10829	75	9472	10947	0.00692585	0.4736	0.989221
18	10900000	10920000	6974	70	6996	7072	0.0100373	0.3498	0.986143
18	10920000	10940000	9993	70	6851	10078	0.0070049	0.34255	0.991566
18	10940000	10960000	10561	69	13599	10656	0.00653347	0.67995	0.991085
18	10960000	10980000	11802	75	6731	11946	0.00635486	0.33655	0.987946
18	10980000	11000000	8661	53	16954	8737	0.00611939	0.8477	0.991301
18	11000000	11020000	12892	81	7090	13014	0.00628297	0.3545	0.990625
18	11020000	11040000	11598	70	7136	11708	0.00603552	0.3568	0.990605
18	11040000	11060000	11849	86	6857	11945	0.007258	0.34285	0.991963
18	11060000	11080000	9434	64	9489	9974	0.00678397	0.47445	0.945859
18	11080000	11100000	12026	92	6775	12133	0.00765009	0.33875	0.991181
18	11100000	11120000	12733	79	5853	12872	0.00620435	0.29265	0.989201
18	11120000	11140000	8668	47	10739	8737	0.00542224	0.53695	0.992103
18	11140000	11160000	11940	62	5380	12199	0.00519263	0.269	0.978769
18	11160000	11180000	12287	51	11252	12416	0.00415073	0.5626	0.98961
18	11180000	11200000	12229	77	9981	12365	0.00629651	0.49905	0.989001
18	11200000	11220000	13456	111	10763	13610	0.00824911	0.53815	0.988685
18	11220000	11240000	12227	61	8533	12356	0.00498896	0.42665	0.98956
18	11240000	11260000	12179	94	6704	12921	0.0077182	0.3352	0.942574
18	11260000	11280000	10973	79	8798	11088	0.00719949	0.4399	0.989628
18	11280000	11300000	12470	78	12296	12606	0.00625501	0.6148	0.989211
18	11300000	11320000	9768	59	13267	9866	0.00604013	0.66335	0.990067
18	11320000	11340000	11563	74	10302	11652	0.00639972	0.5151	0.992362
18	11340000	11360000	3502	16	18948	5830	0.00456882	0.9474	0.600686
18	11360000	11380000	10871	79	11559	11017	0.00726704	0.57795	0.986748
18	11380000	11400000	12363	111	8689	12520	0.0089784	0.43445	0.98746
18	11400000	11420000	13230	133	7963	13514	0.0100529	0.39815	0.978985
18	11420000	11440000	8507	109	17663	8703	0.012813	0.88315	0.977479
18	11440000	11460000	10855	50	13911	10966	0.00460617	0.69555	0.989878
18	11460000	11480000	8025	60	14593	8116	0.00747664	0.72965	0.988788
18	11480000	11500000	14157	104	7096	14286	0.00734619	0.3548	0.99097
18	11500000	11520000	11956	60	5748	12067	0.0050184	0.2874	0.990801
18	11520000	11540000	9978	104	9660	10091	0.0104229	0.483	0.988802
18	11540000	11560000	11068	111	14666	11212	0.0100289	0.7333	0.987157
18	11560000	11580000	12719	90	6885	12967	0.00707603	0.34425	0.980875
18	11580000	11600000	8261	67	13081	10258	0.0081104	0.65405	0.805323
18	11600000	11620000	0	0	14458	3931		0.7229	0
18	11620000	11640000	0	0	9527	22		0.47635	0
18	11640000	11660000	7857	57	12337	7930	0.00725468	0.61685	0.990794
18	11660000	11680000	13823	109	7241	13964	0.00788541	0.36205	0.989903
18	11680000	11700000	9735	62	12243	9833	0.00636877	0.61215	0.990034
18	11700000	11720000	8846	52	12774	8959	0.00587836	0.6387	0.987387
18	11720000	11740000	8592	62	12746	10602	0.00721601	0.6373	0.810413
18	11740000	11760000	12467	55	5216	12580	0.00441165	0.2608	0.991017
18	11760000	11780000	11415	69	6084	11685	0.00604468	0.3042	0.976893
18	11780000	11800000	11268	63	7803	11347	0.00559105	0.39015	0.993038
18	11800000	11820000	8176	47	11328	8529	0.00574853	0.5664	0.958612
18	11820000	11840000	10314	67	9118	10395	0.00649602	0.4559	0.992208
18	11840000	11860000	9162	52	7049	9265	0.00567562	0.35245	0.988883
18	11860000	11880000	10401	95	8415	10502	0.00913374	0.42075	0.990383
18	11880000	11900000	9444	52	7397	9531	0.00550614	0.36985	0.990872
18	11900000	11920000	4899	20	11746	5276	0.00408247	0.5873	0.928544
18	11920000	11940000	4670	29	14428	5689	0.00620985	0.7214	0.820882
18	11940000	11960000	6595	54	15268	6655	0.00818802	0.7634	0.990984
18	11960000	11980000	5135	36	12173	5207	0.00701071	0.60865	0.986172
18	11980000	12000000	11710	92	7121	11866	0.00785653	0.35605	0.986853
18	12000000	12020000	10476	74	6928	10631	0.00706376	0.3464	0.98542
18	12020000	12040000	10006	59	8950	10095	0.00589646	0.4475	0.991184
18	12040000	12060000	8634	66	12866	8938	0.0076442	0.6433	0.965988
18	12060000	12080000	2770	27	5744	4100	0.00974729	0.2872	0.67561
18	12080000	12100000	6326	52	8265	7399	0.00822004	0.41325	0.85498
18	12100000	12120000	9454	49	10620	9509	0.00518299	0.531	0.994216
18	12120000	12140000	1458	10	12260	1469	0.00685871	0.613	0.992512
18	12140000	12160000	3349	34	16845	5023	0.0101523	0.84225	0.666733
18	12160000	12180000	1545	7	15070	1681	0.00453074	0.7535	0.919096
18	12180000	12200000	57	10	11391	69	0.175439	0.56955	0.826087
18	12200000	12220000	135	5	9064	138	0.037037	0.4532	0.978261
18	12220000	12240000	5703	42	10336	5743	0.00736454	0.5168	0.993035
18	12240000	12260000	11787	98	7631	11911	0.00831424	0.38155	0.989589
18	12260000	12280000	9970	66	8972	10102	0.00661986	0.4486	0.986933
18	12280000	12300000	8855	66	10295	9168	0.00745342	0.51475	0.96586
18	12300000	12320000	10746	84	8684	10917	0.00781686	0.4342	0.984336
18	12320000	12340000	9445	62	9461	9536	0.00656432	0.47305	0.990457
18	12340000	12360000	8764	83	9069	8862	0.00947056	0.45345	0.988942
18	12360000	12380000	8732	56	10280	9055	0.00641319	0.514	0.964329
18	12380000	12400000	6594	34	15595	6831	0.0051562	0.77975	0.965305
18	12400000	12420000	8087	31	13040	8170	0.00383331	0.652	0.989841
18	12420000	12440000	9206	42	7766	9505	0.00456224	0.3883	0.968543
18	12440000	12460000	9555	38	6287	9739	0.00397698	0.31435	0.981107
18	12460000	12480000	9148	34	8402	9942	0.00371666	0.4201	0.920137
18	12480000	12500000	9762	36	9351	9842	0.00368777	0.46755	0.991872
18	12500000	12520000	9202	34	12606	9721	0.00369485	0.6303	0.94661
18	12520000	12540000	9658	59	10246	10039	0.00610893	0.5123	0.962048
18	12540000	12560000	6446	55	15265	6843	0.00853242	0.76325	0.941985
18	12560000	12580000	9675	51	15477	9768	0.00527132	0.77385	0.990479
18	12580000	12600000	11012	38	10559	11097	0.00345078	0.52795	0.99234
18	12600000	12620000	9246	50	14572	9326	0.00540774	0.7286	0.991422
18	12620000	12640000	8193	50	11300	8491	0.00610277	0.565	0.964904
18	12640000	12660000	9063	48	10172	9234	0.00529626	0.5086	0.981481
18	12660000	12680000	5789	35	12341	6688	0.00604595	0.61705	0.86558
18	12680000	12700000	8221	48	9621	8299	0.00583871	0.48105	0.990601
18	12700000	12720000	5682	43	11543	8831	0.00756776	0.57715	0.643415
18	12720000	12740000	8238	68	12291	8325	0.00825443	0.61455	0.98955
18	12740000	12760000	7053	48	13979	7115	0.00680561	0.69895	0.991286
18	12760000	12780000	9670	87	12937	9787	0.0089969	0.64685	0.988045
18	12780000	12800000	10553	87	8543	10901	0.0082441	0.42715	0.968076
18	12800000	12820000	8306	52	10644	8361	0.00626053	0.5322	0.993422
18	12820000	12840000	10737	68	7221	10847	0.00633324	0.36105	0.989859
18	12840000	12860000	10129	82	10148	11519	0.00809557	0.5074	0.87933
18	12860000	12880000	7872	61	12405	7943	0.00774898	0.62025	0.991061
18	12880000	12900000	9999	49	11690	10110	0.00490049	0.5845	0.989021
18	12900000	12920000	8175	58	12690	8247	0.0070948	0.6345	0.99127
18	12920000	12940000	11070	72	12869	11154	0.00650407	0.64345	0.992469
18	12940000	12960000	7247	37	13561	7332	0.00510556	0.67805	0.988407
18	12960000	12980000	8335	38	12181	8466	0.00455909	0.60905	0.984526
18	12980000	13000000	7390	26	7338	11005	0.00351827	0.3669	0.671513
18	13000000	13020000	10764	46	10329	10942	0.0042735	0.51645	0.983732
18	13020000	13040000	10005	45	11998	10069	0.00449775	0.5999	0.993644
18	13040000	13060000	12727	55	8749	12833	0.00432152	0.43745	0.99174
18	13060000	13080000	9239	33	10308	9320	0.00357182	0.5154	0.991309
18	13080000	13100000	8011	38	12713	8102	0.00474348	0.63565	0.988768
18	13100000	13120000	10402	42	8077	10867	0.00403769	0.40385	0.95721
18	13120000	13140000	11479	56	6019	11603	0.00487847	0.30095	0.989313
18	13140000	13160000	7309	37	15017	7368	0.00506225	0.75085	0.991992
18	13160000	13180000	8747	65	12217	8789	0.00743112	0.61085	0.995221
18	13180000	13200000	11381	106	10699	11524	0.00931377	0.53495	0.987591
18	13200000	13220000	10425	100	10036	10523	0.00959233	0.5018	0.990687
18	13220000	13240000	13070	83	5422	13205	0.00635042	0.2711	0.989777
18	13240000	13260000	10035	69	7466	11683	0.00687593	0.3733	0.85894
18	13260000	13280000	13293	70	4110	13399	0.00526593	0.2055	0.992089
18	13280000	13300000	11900	58	6394	11997	0.00487395	0.3197	0.991915
18	13300000	13320000	9561	68	9172	12580	0.00711223	0.4586	0.760016
18	13320000	13340000	10252	48	13267	10335	0.00468201	0.66335	0.991969
18	13340000	13360000	5584	30	17102	6157	0.00537249	0.8551	0.906935
18	13360000	13380000	13792	68	3518	13951	0.00493039	0.1759	0.988603
18	13380000	13400000	12054	84	5642	12388	0.00696864	0.2821	0.973038
18	13400000	13420000	12458	74	6556	12620	0.00593996	0.3278	0.987163
18	13420000	13440000	13725	98	5876	13842	0.00714026	0.2938	0.991547
18	13440000	13460000	14023	91	5967	14186	0.00648934	0.29835	0.98851
18	13460000	13480000	11511	53	8790	11600	0.00460429	0.4395	0.992328
18	13480000	13500000	12301	93	5404	12412	0.00756036	0.2702	0.991057
18	13500000	13520000	10815	41	8859	10997	0.00379103	0.44295	0.98345
18	13520000	13540000	13722	73	6950	13853	0.00531992	0.3475	0.990544
18	13540000	13560000	13078	66	4811	13177	0.00504664	0.24055	0.992487
18	13560000	13580000	11446	55	5924	11524	0.00480517	0.2962	0.993232
18	13580000	13600000	11524	66	10094	11623	0.00572718	0.5047	0.991482
18	13600000	13620000	11335	41	5486	11638	0.00361712	0.2743	0.973965
18	13620000	13640000	10990	57	8245	11475	0.00518653	0.41225	0.957734
18	13640000	13660000	11573	46	4919	11651	0.00397477	0.24595	0.993305
18	13660000	13680000	9269	57	5667	9475	0.00614953	0.28335	0.978259
18	13680000	13700000	6786	33	15756	6831	0.00486295	0.7878	0.993412
18	13700000	13720000	9098	48	13797	9279	0.00527588	0.68985	0.980494
18	13720000	13740000	10086	47	10766	10200	0.00465992	0.5383	0.988824
18	13740000	13760000	10205	43	8997	10289	0.00421362	0.44985	0.991836
18	13760000	13780000	7958	38	13525	8017	0.00477507	0.67625	0.992641
18	13780000	13800000	8176	52	16317	8242	0.00636008	0.81585	0.991992
18	13800000	13820000	10715	61	8829	10849	0.00569295	0.44145	0.987649
18	13820000	13840000	11414	69	6790	11592	0.00604521	0.3395	0.984645
18	13840000	13860000	8440	60	15389	8534	0.007109	0.76945	0.988985
18	13860000	13880000	9699	72	10809	11138	0.00742345	0.54045	0.870803
18	13880000	13900000	11686	130	7591	11884	0.0111244	0.37955	0.983339
18	13900000	13920000	8351	79	11391	8435	0.00945994	0.56955	0.990041
18	13920000	13940000	13326	92	8379	13466	0.0069038	0.41895	0.989603
18	13940000	13960000	9136	80	14636	10158	0.00875657	0.7318	0.89939
18	13960000	13980000	7698	51	14052	7756	0.0066251	0.7026	0.992522
18	13980000	14000000	10415	55	10910	10508	0.00528084	0.5455	0.99115
18	14000000	14020000	7698	31	12797	7849	0.00402702	0.63985	0.980762
18	14020000	14040000	11626	49	8972	12028	0.00421469	0.4486	0.966578
18	14040000	14060000	8415	36	14648	8479	0.00427807	0.7324	0.992452
18	14060000	14080000	7809	34	11573	7867	0.00435395	0.57865	0.992627
18	14080000	14100000	12665	58	9377	12763	0.00457955	0.46885	0.992322
18	14100000	14120000	6744	35	15235	6780	0.0051898	0.76175	0.99469
18	14120000	14140000	1129	3	7774	1473	0.00265722	0.3887	0.766463
18	14140000	14160000	0	0	5404	212		0.2702	0
18	14160000	14180000	0	0	16021	59		0.80105	0
18	14180000	14200000	0	0	6593	57		0.32965	0
18	14200000	14220000	0	0	5378	40		0.2689	0
18	14220000	14240000	0	0	9269	83		0.46345	0
18	14240000	14260000	0	0	10234	50		0.5117	0
18	14260000	14280000	0	0	18646	312		0.9323	0
18	14280000	14300000	0	0	18568	150		0.9284	0
18	14300000	14320000	0	0	18570	349		0.9285	0
18	14320000	14340000	0	0	14000	248		0.7	0
18	14340000	14360000	71	7	7547	160	0.0985915	0.37735	0.44375
18	14360000	14380000	4	3	8631	57	0.75	0.43155	0.0701754
18	14380000	14400000	0	0	4656	27		0.2328	0
18	14400000	14420000	0	0	7299	31		0.36495	0
18	14420000	14440000	0	0	11727	8		0.58635	0
18	14440000	14460000	0	0	7780	1		0.389	0
18	14460000	14480000	27	11	5462	35	0.407407	0.2731	0.771429
18	14480000	14500000	1	1	9333	1	1	0.46665	1
18	14500000	14520000	0	0	11770	6		0.5885	0
18	14520000	14540000	0	0	6032	22		0.3016	0
18	14540000	14560000	0	0	8371	34		0.41855	0
18	14560000	14580000	0	0	11273	25		0.56365	0
18	14580000	14600000	0	0	13055	809		0.65275	0
18	14600000	14620000	0	0	11310	44		0.5655	0
18	14620000	14640000	44	3	10668	50	0.0681818	0.5334	0.88
18	14640000	14660000	11	2	13959	14	0.181818	0.69795	0.785714
18	14660000	14680000	10	2	11224	11	0.2	0.5612	0.909091
18	14680000	14700000	61	10	14525	70	0.163934	0.72625	0.871429
18	14700000	14720000	121	5	11041	139	0.0413223	0.55205	0.870504
18	14720000	14740000	0	0	11809	2870		0.59045	0
18	14740000	14760000	1177	24	6938	1806	0.0203908	0.3469	0.651717
18	14760000	14780000	1035	8	8102	2499	0.00772947	0.4051	0.414166
18	14780000	14800000	1030	18	7243	1061	0.0174757	0.36215	0.970782
18	14800000	14820000	10	1	5631	35	0.1	0.28155	0.285714
18	14820000	14840000	149	3	7888	156	0.0201342	0.3944	0.955128
18	14840000	14860000	5	3	10819	9	0.6	0.54095	0.555556
18	14860000	14880000	52	9	12308	53	0.173077	0.6154	0.981132
18	14880000	14900000	2	2	9092	137	1	0.4546	0.0145985
18	14900000	14920000	0	0	10494	8298		0.5247	0
18	14920000	14940000	0	0	6491	10863		0.32455	0
18	14940000	14960000	0	0	9191	2195		0.45955	0
18	14960000	14980000	0	0	5037	2037		0.25185	0
18	14980000	15000000	0	0	9308	362		0.4654	0
18	15000000	15020000	85	15	8135	123	0.176471	0.40675	0.691057
18	15020000	15040000	21	6	10810	24	0.285714	0.5405	0.875
18	15040000	15060000	54	9	14426	86	0.166667	0.7213	0.627907
18	15060000	15080000	78	13	5477	89	0.166667	0.27385	0.876404
18	15080000	15100000	37	5	7201	45	0.135135	0.36005	0.822222
18	15100000	15120000	0	0	13401	34		0.67005	0
18	15120000	15140000	0	0	13231	51		0.66155	0
18	15140000	15160000	0	0	8837	2		0.44185	0
18	15160000	15180000	0	0	9117	72		0.45585	0
18	15180000	15200000	0	0	10313	51		0.51565	0
18	15200000	15220000	0	0	14214	83		0.7107	0
18	15220000	15240000	0	0	15919	6		0.79595	0
18	15240000	15260000	1	1	13479	2	1	0.67395	0.5
18	15260000	15280000	9	2	12135	9	0.222222	0.60675	1
18	15280000	15300000	10	1	13529	10	0.1	0.67645	1
18	15300000	15320000	24	2	15280	25	0.0833333	0.764	0.96
18	15320000	15340000	6	0	8525	6	0	0.42625	1
18	15340000	15360000	0	0	9893	2		0.49465	0
18	15360000	15380000	0	0	14609	7		0.73045	0
18	15380000	15400000	0	0	18912	8		0.9456	0
18	15400000	15420000	0	0	10898	0		0.5449	
18	15420000	15440000	0	0	0	0		0	
18	15440000	15460000	0	0	0	0		0	
18	15460000	15480000	0	0	0	0		0	
18	15480000	15500000	0	0	0	0		0	
18	15500000	15520000	0	0	0	0		0	
18	15520000	15540000	0	0	0	0		0	
18	15540000	15560000	0	0	0	0		0	
18	15560000	15580000	0	0	0	0		0	
18	15580000	15600000	0	0	0	0		0	
18	15600000	15620000	0	0	0	0		0	
18	15620000	15640000	0	0	0	0		0	
18	15640000	15660000	0	0	0	0		0	
18	15660000	15680000	0	0	0	0		0	
18	15680000	15700000	0	0	0	0		0	
18	15700000	15720000	0	0	0	0		0	
18	15720000	15740000	0	0	0	0		0	
18	15740000	15760000	0	0	0	0		0	
18	15760000	15780000	0	0	0	0		0	
18	15780000	15800000	0	0	0	0		0	
18	15800000	15820000	0	0	0	0		0	
18	15820000	15840000	0	0	0	0		0	
18	15840000	15860000	0	0	0	0		0	
18	15860000	15880000	0	0	0	0		0	
18	15880000	15900000	0	0	0	0		0	
18	15900000	15920000	0	0	0	0		0	
18	15920000	15940000	0	0	0	0		0	
18	15940000	15960000	0	0	0	0		0	
18	15960000	15980000	0	0	0	0		0	
18	15980000	16000000	0	0	0	0		0	
18	16000000	16020000	0	0	0	0		0	
18	16020000	16040000	0	0	0	0		0	
18	16040000	16060000	0	0	0	0		0	
18	16060000	16080000	0	0	0	0		0	
18	16080000	16100000	0	0	0	0		0	
18	16100000	16120000	0	0	0	0		0	
18	16120000	16140000	0	0	0	0		0	
18	16140000	16160000	0	0	0	0		0	
18	16160000	16180000	0	0	0	0		0	
18	16180000	16200000	0	0	0	0		0	
18	16200000	16220000	0	0	0	0		0	
18	16220000	16240000	0	0	0	0		0	
18	16240000	16260000	0	0	0	0		0	
18	16260000	16280000	0	0	0	0		0	
18	16280000	16300000	0	0	0	0		0	
18	16300000	16320000	0	0	0	0		0	
18	16320000	16340000	0	0	0	0		0	
18	16340000	16360000	0	0	0	0		0	
18	16360000	16380000	0	0	0	0		0	
18	16380000	16400000	0	0	0	0		0	
18	16400000	16420000	0	0	0	0		0	
18	16420000	16440000	0	0	0	0		0	
18	16440000	16460000	0	0	0	0		0	
18	16460000	16480000	0	0	0	0		0	
18	16480000	16500000	0	0	0	0		0	
18	16500000	16520000	0	0	0	0		0	
18	16520000	16540000	0	0	0	0		0	
18	16540000	16560000	0	0	0	0		0	
18	16560000	16580000	0	0	0	0		0	
18	16580000	16600000	0	0	0	0		0	
18	16600000	16620000	0	0	0	0		0	
18	16620000	16640000	0	0	0	0		0	
18	16640000	16660000	0	0	0	0		0	
18	16660000	16680000	0	0	0	0		0	
18	16680000	16700000	0	0	0	0		0	
18	16700000	16720000	0	0	0	0		0	
18	16720000	16740000	0	0	0	0		0	
18	16740000	16760000	0	0	0	0		0	
18	16760000	16780000	0	0	0	0		0	
18	16780000	16800000	0	0	0	0		0	
18	16800000	16820000	0	0	0	0		0	
18	16820000	16840000	0	0	0	0		0	
18	16840000	16860000	0	0	0	0		0	
18	16860000	16880000	0	0	0	0		0	
18	16880000	16900000	0	0	0	0		0	
18	16900000	16920000	0	0	0	0		0	
18	16920000	16940000	0	0	0	0		0	
18	16940000	16960000	0	0	0	0		0	
18	16960000	16980000	0	0	0	0		0	
18	16980000	17000000	0	0	0	0		0	
18	17000000	17020000	0	0	0	0		0	
18	17020000	17040000	0	0	0	0		0	
18	17040000	17060000	0	0	0	0		0	
18	17060000	17080000	0	0	0	0		0	
18	17080000	17100000	0	0	0	0		0	
18	17100000	17120000	0	0	0	0		0	
18	17120000	17140000	0	0	0	0		0	
18	17140000	17160000	0	0	0	0		0	
18	17160000	17180000	0	0	0	0		0	
18	17180000	17200000	0	0	0	0		0	
18	17200000	17220000	0	0	0	0		0	
18	17220000	17240000	0	0	0	0		0	
18	17240000	17260000	0	0	0	0		0	
18	17260000	17280000	0	0	0	0		0	
18	17280000	17300000	0	0	0	0		0	
18	17300000	17320000	0	0	0	0		0	
18	17320000	17340000	0	0	0	0		0	
18	17340000	17360000	0	0	0	0		0	
18	17360000	17380000	0	0	0	0		0	
18	17380000	17400000	0	0	0	0		0	
18	17400000	17420000	0	0	0	0		0	
18	17420000	17440000	0	0	0	0		0	
18	17440000	17460000	0	0	0	0		0	
18	17460000	17480000	0	0	0	0		0	
18	17480000	17500000	0	0	0	0		0	
18	17500000	17520000	0	0	0	0		0	
18	17520000	17540000	0	0	0	0		0	
18	17540000	17560000	0	0	0	0		0	
18	17560000	17580000	0	0	0	0		0	
18	17580000	17600000	0	0	0	0		0	
18	17600000	17620000	0	0	0	0		0	
18	17620000	17640000	0	0	0	0		0	
18	17640000	17660000	0	0	0	0		0	
18	17660000	17680000	0	0	0	0		0	
18	17680000	17700000	0	0	0	0		0	
18	17700000	17720000	0	0	0	0		0	
18	17720000	17740000	0	0	0	0		0	
18	17740000	17760000	0	0	0	0		0	
18	17760000	17780000	0	0	0	0		0	
18	17780000	17800000	0	0	0	0		0	
18	17800000	17820000	0	0	0	0		0	
18	17820000	17840000	0	0	0	0		0	
18	17840000	17860000	0	0	0	0		0	
18	17860000	17880000	0	0	0	0		0	
18	17880000	17900000	0	0	0	0		0	
18	17900000	17920000	0	0	0	0		0	
18	17920000	17940000	0	0	0	0		0	
18	17940000	17960000	0	0	0	0		0	
18	17960000	17980000	0	0	0	0		0	
18	17980000	18000000	0	0	0	0		0	
18	18000000	18020000	0	0	0	0		0	
18	18020000	18040000	0	0	0	0		0	
18	18040000	18060000	0	0	0	0		0	
18	18060000	18080000	0	0	0	0		0	
18	18080000	18100000	0	0	0	0		0	
18	18100000	18120000	0	0	0	0		0	
18	18120000	18140000	0	0	0	0		0	
18	18140000	18160000	0	0	0	0		0	
18	18160000	18180000	0	0	0	0		0	
18	18180000	18200000	0	0	0	0		0	
18	18200000	18220000	0	0	0	0		0	
18	18220000	18240000	0	0	0	0		0	
18	18240000	18260000	0	0	0	0		0	
18	18260000	18280000	0	0	0	0		0	
18	18280000	18300000	0	0	0	0		0	
18	18300000	18320000	0	0	0	0		0	
18	18320000	18340000	0	0	0	0		0	
18	18340000	18360000	0	0	0	0		0	
18	18360000	18380000	0	0	0	0		0	
18	18380000	18400000	0	0	0	0		0	
18	18400000	18420000	0	0	0	0		0	
18	18420000	18440000	0	0	0	0		0	
18	18440000	18460000	0	0	0	0		0	
18	18460000	18480000	0	0	0	0		0	
18	18480000	18500000	0	0	0	0		0	
18	18500000	18520000	0	0	9099	4		0.45495	0
18	18520000	18540000	97	0	11439	141	0	0.57195	0.687943
18	18540000	18560000	12799	46	7870	12891	0.00359403	0.3935	0.992863
18	18560000	18580000	8889	53	10475	9055	0.00596243	0.52375	0.981668
18	18580000	18600000	9983	70	13684	10055	0.00701192	0.6842	0.992839
18	18600000	18620000	10834	64	9982	10947	0.00590733	0.4991	0.989678
18	18620000	18640000	10549	62	10139	11685	0.00587733	0.50695	0.902781
18	18640000	18660000	10403	50	13559	10484	0.00480631	0.67795	0.992274
18	18660000	18680000	7218	57	16295	8719	0.00789692	0.81475	0.827847
18	18680000	18700000	10948	64	6759	11075	0.00584582	0.33795	0.988533
18	18700000	18720000	7535	53	15235	7607	0.00703384	0.76175	0.990535
18	18720000	18740000	4773	32	17386	5040	0.00670438	0.8693	0.947024
18	18740000	18760000	8485	34	12338	8653	0.00400707	0.6169	0.980585
18	18760000	18780000	9993	53	11398	10101	0.00530371	0.5699	0.989308
18	18780000	18800000	8458	42	13246	8536	0.00496571	0.6623	0.990862
18	18800000	18820000	3689	16	16883	5306	0.00433722	0.84415	0.695251
18	18820000	18840000	11357	42	6796	11599	0.00369816	0.3398	0.979136
18	18840000	18860000	11587	57	7415	11970	0.00491931	0.37075	0.968003
18	18860000	18880000	11238	58	9413	11347	0.00516106	0.47065	0.990394
18	18880000	18900000	11869	53	9459	11966	0.00446541	0.47295	0.991894
18	18900000	18920000	10330	47	8314	10428	0.00454985	0.4157	0.990602
18	18920000	18940000	7895	34	12996	8201	0.00430652	0.6498	0.962687
18	18940000	18960000	10486	35	6805	10581	0.00333778	0.34025	0.991022
18	18960000	18980000	9459	37	10014	9532	0.00391162	0.5007	0.992342
18	18980000	19000000	10445	54	12000	10679	0.00516994	0.6	0.978088
18	19000000	19020000	7709	57	16266	7891	0.00739396	0.8133	0.976936
18	19020000	19040000	11669	81	5550	11763	0.00694147	0.2775	0.992009
18	19040000	19060000	8553	37	13696	8661	0.00432597	0.6848	0.98753
18	19060000	19080000	11279	58	6579	11411	0.0051423	0.32895	0.988432
18	19080000	19100000	10684	39	7663	10769	0.00365032	0.38315	0.992107
18	19100000	19120000	9720	34	8186	9794	0.00349794	0.4093	0.992444
18	19120000	19140000	7601	23	11992	7679	0.00302592	0.5996	0.989842
18	19140000	19160000	8164	25	10748	8255	0.00306222	0.5374	0.988976
18	19160000	19180000	6116	23	13968	6464	0.00376063	0.6984	0.946163
18	19180000	19200000	6166	24	11937	6213	0.00389231	0.59685	0.992435
18	19200000	19220000	6719	28	12446	6772	0.00416729	0.6223	0.992174
18	19220000	19240000	7736	36	12051	7835	0.00465357	0.60255	0.987364
18	19240000	19260000	9041	38	10236	9103	0.00420307	0.5118	0.993189
18	19260000	19280000	8923	47	11237	9551	0.00526729	0.56185	0.934248
18	19280000	19300000	6141	26	12710	6208	0.00423384	0.6355	0.989207
18	19300000	19320000	4852	29	16860	5363	0.00597692	0.843	0.904718
18	19320000	19340000	9058	33	10503	9158	0.00364319	0.52515	0.989081
18	19340000	19360000	11103	48	7388	11180	0.00432316	0.3694	0.993113
18	19360000	19380000	9371	27	14612	9440	0.00288123	0.7306	0.992691
18	19380000	19400000	10555	37	10460	10683	0.00350545	0.523	0.988018
18	19400000	19420000	12737	39	4724	12800	0.00306195	0.2362	0.995078
18	19420000	19440000	12139	38	7671	12223	0.00313041	0.38355	0.993128
18	19440000	19460000	8314	29	10787	8369	0.00348809	0.53935	0.993428
18	19460000	19480000	6261	20	17091	6314	0.00319438	0.85455	0.991606
18	19480000	19500000	10768	69	9220	10855	0.00640788	0.461	0.991985
18	19500000	19520000	10103	68	10360	10179	0.00673067	0.518	0.992534
18	19520000	19540000	8042	73	15476	8138	0.00907734	0.7738	0.988203
18	19540000	19560000	8980	51	11419	9252	0.00567929	0.57095	0.970601
18	19560000	19580000	9578	38	10728	9650	0.00396743	0.5364	0.992539
18	19580000	19600000	9547	44	12929	9629	0.00460878	0.64645	0.991484
18	19600000	19620000	9786	68	10697	10236	0.0069487	0.53485	0.956038
18	19620000	19640000	10283	50	10785	10370	0.00486239	0.53925	0.99161
18	19640000	19660000	9901	38	9000	10338	0.003838	0.45	0.957729
18	19660000	19680000	10266	66	7408	10377	0.00642899	0.3704	0.989303
18	19680000	19700000	9479	56	9430	9573	0.0059078	0.4715	0.990181
18	19700000	19720000	7642	43	13262	7707	0.0056268	0.6631	0.991566
18	19720000	19740000	10106	70	10776	10205	0.00692658	0.5388	0.990299
18	19740000	19760000	12121	39	1946	12261	0.00321756	0.0973	0.988582
18	19760000	19780000	13040	68	4180	13137	0.00521472	0.209	0.992616
18	19780000	19800000	10503	55	8758	10591	0.0052366	0.4379	0.991691
18	19800000	19820000	10159	57	8643	10498	0.00561079	0.43215	0.967708
18	19820000	19840000	12154	76	6263	12622	0.00625309	0.31315	0.962922
18	19840000	19860000	10064	56	9342	11398	0.00556439	0.4671	0.882962
18	19860000	19880000	12691	66	10983	12821	0.00520054	0.54915	0.98986
18	19880000	19900000	11521	64	9299	12121	0.00555507	0.46495	0.950499
18	19900000	19920000	12321	90	6238	13897	0.0073046	0.3119	0.886594
18	19920000	19940000	11983	69	8002	12106	0.00575816	0.4001	0.98984
18	19940000	19960000	12518	80	12794	12628	0.0063908	0.6397	0.991289
18	19960000	19980000	11676	68	9744	11755	0.00582391	0.4872	0.993279
18	19980000	20000000	10687	96	7564	10787	0.00898288	0.3782	0.99073
18	20000000	20020000	12888	71	10300	12986	0.005509	0.515	0.992453
18	20020000	20040000	9295	67	10882	10383	0.00720818	0.5441	0.895213
18	20040000	20060000	12368	86	9671	12487	0.00695343	0.48355	0.99047
18	20060000	20080000	10981	53	11828	11066	0.00482652	0.5914	0.992319
18	20080000	20100000	10051	77	14208	10149	0.00766093	0.7104	0.990344
18	20100000	20120000	8790	47	9732	8853	0.00534699	0.4866	0.992884
18	20120000	20140000	13036	54	5211	13193	0.00414237	0.26055	0.9881
18	20140000	20160000	12313	48	10702	12382	0.00389832	0.5351	0.994427
18	20160000	20180000	10727	50	13355	10994	0.00466114	0.66775	0.975714
18	20180000	20200000	10580	58	8808	10664	0.00548204	0.4404	0.992123
18	20200000	20220000	10496	69	14537	10882	0.00657393	0.72685	0.964529
18	20220000	20240000	8874	48	14175	8941	0.00540906	0.70875	0.992506
18	20240000	20260000	9892	58	16196	10207	0.00586332	0.8098	0.969139
18	20260000	20280000	12683	72	9333	13125	0.00567689	0.46665	0.966324
18	20280000	20300000	12424	69	7213	12524	0.00555377	0.36065	0.992015
18	20300000	20320000	9520	46	12817	9591	0.00483193	0.64085	0.992597
18	20320000	20340000	5634	28	16571	7925	0.00496983	0.82855	0.710915
18	20340000	20360000	7194	32	14004	7282	0.00444815	0.7002	0.987915
18	20360000	20380000	10751	46	13794	10847	0.00427867	0.6897	0.99115
18	20380000	20400000	8804	36	11281	8877	0.00408905	0.56405	0.991777
18	20400000	20420000	11670	42	12986	11731	0.00359897	0.6493	0.9948
18	20420000	20440000	12559	35	11067	12632	0.00278685	0.55335	0.994221
18	20440000	20460000	9226	49	14612	9313	0.00531108	0.7306	0.990658
18	20460000	20480000	8030	42	13997	8089	0.00523039	0.69985	0.992706
18	20480000	20500000	11734	63	10880	11826	0.00536901	0.544	0.992221
18	20500000	20520000	10863	58	9826	11015	0.00533922	0.4913	0.986201
18	20520000	20540000	11089	58	8242	11191	0.00523041	0.4121	0.990886
18	20540000	20560000	10543	73	10558	10736	0.00692403	0.5279	0.982023
18	20560000	20580000	11652	48	10074	11847	0.00411946	0.5037	0.98354
18	20580000	20600000	6653	42	14065	7361	0.00631294	0.70325	0.903817
18	20600000	20620000	7875	38	12049	7944	0.0048254	0.60245	0.991314
18	20620000	20640000	9352	57	10753	9620	0.00609495	0.53765	0.972141
18	20640000	20660000	7522	50	13460	8717	0.00664717	0.673	0.862912
18	20660000	20680000	6350	51	13840	6907	0.0080315	0.692	0.919357
18	20680000	20700000	8829	54	11584	9079	0.00611621	0.5792	0.972464
18	20700000	20720000	9648	48	9652	10158	0.00497512	0.4826	0.949793
18	20720000	20740000	11325	82	8607	11753	0.00724062	0.43035	0.963584
18	20740000	20760000	10109	69	8901	10715	0.0068256	0.44505	0.943444
18	20760000	20780000	12220	117	5141	12325	0.00957447	0.25705	0.991481
18	20780000	20800000	12319	82	7205	12495	0.00665638	0.36025	0.985914
18	20800000	20820000	12369	78	5041	12494	0.00630609	0.25205	0.989995
18	20820000	20840000	11021	83	7409	11397	0.00753108	0.37045	0.967009
18	20840000	20860000	8371	71	10441	10379	0.00848166	0.52205	0.806532
18	20860000	20880000	7934	72	11631	8006	0.00907487	0.58155	0.991007
18	20880000	20900000	12108	47	7008	12206	0.00388173	0.3504	0.991971
18	20900000	20920000	9897	45	9614	9971	0.00454683	0.4807	0.992578
18	20920000	20940000	10583	36	10444	10768	0.00340168	0.5222	0.982819
18	20940000	20960000	10639	58	8515	10813	0.00545164	0.42575	0.983908
18	20960000	20980000	10552	67	10276	10956	0.00634951	0.5138	0.963125
18	20980000	21000000	8075	58	12046	8470	0.00718266	0.6023	0.953365
18	21000000	21020000	7276	41	11962	7377	0.00563496	0.5981	0.986309
18	21020000	21040000	8396	44	10973	9103	0.00524059	0.54865	0.922333
18	21040000	21060000	9548	40	10292	9630	0.00418936	0.5146	0.991485
18	21060000	21080000	6732	33	12354	6830	0.00490196	0.6177	0.985652
18	21080000	21100000	8395	44	10642	8469	0.00524122	0.5321	0.991262
18	21100000	21120000	12133	65	4563	12248	0.00535729	0.22815	0.990611
18	21120000	21140000	10275	64	9178	10415	0.00622871	0.4589	0.986558
18	21140000	21160000	9293	81	10373	9419	0.00871624	0.51865	0.986623
18	21160000	21180000	9791	74	9902	9865	0.00755796	0.4951	0.992499
18	21180000	21200000	8127	31	11589	8244	0.00381445	0.57945	0.985808
18	21200000	21220000	10389	42	8802	10470	0.00404274	0.4401	0.992264
18	21220000	21240000	10159	68	10740	10664	0.00669357	0.537	0.952644
18	21240000	21260000	9153	52	10199	9631	0.0056812	0.50995	0.950369
18	21260000	21280000	9538	42	11046	9658	0.00440344	0.5523	0.987575
18	21280000	21300000	10676	71	9554	11467	0.00665043	0.4777	0.931019
18	21300000	21320000	12213	40	7985	12411	0.0032752	0.39925	0.984046
18	21320000	21340000	11979	48	6582	12142	0.00400701	0.3291	0.986576
18	21340000	21360000	10556	39	11861	10813	0.00369458	0.59305	0.976232
18	21360000	21380000	11883	78	12434	11954	0.006564	0.6217	0.994061
18	21380000	21400000	11595	58	10614	11705	0.00500216	0.5307	0.990602
18	21400000	21420000	14848	82	3963	14959	0.00552263	0.19815	0.99258
18	21420000	21440000	13895	83	6567	14047	0.00597337	0.32835	0.989179
18	21440000	21460000	11339	53	7323	11441	0.00467413	0.36615	0.991085
18	21460000	21480000	11063	48	7945	11286	0.00433879	0.39725	0.980241
18	21480000	21500000	12514	27	6354	12602	0.00215758	0.3177	0.993017
18	21500000	21520000	13459	68	6829	13562	0.00505238	0.34145	0.992405
18	21520000	21540000	12513	41	6086	12594	0.00327659	0.3043	0.993568
18	21540000	21560000	9892	67	11171	9967	0.00677315	0.55855	0.992475
18	21560000	21580000	11450	70	11339	11559	0.00611354	0.56695	0.99057
18	21580000	21600000	11995	67	7596	12121	0.00558566	0.3798	0.989605
18	21600000	21620000	10156	78	11354	10241	0.00768019	0.5677	0.9917
18	21620000	21640000	11387	98	8975	11481	0.00860631	0.44875	0.991813
18	21640000	21660000	10890	73	6562	11021	0.0067034	0.3281	0.988114
18	21660000	21680000	9061	57	10391	9713	0.0062907	0.51955	0.932873
18	21680000	21700000	10011	92	8441	10747	0.00918989	0.42205	0.931516
18	21700000	21720000	10970	52	6813	11063	0.0047402	0.34065	0.991594
18	21720000	21740000	10662	65	8472	10741	0.00609642	0.4236	0.992645
18	21740000	21760000	11239	77	9433	11344	0.00685114	0.47165	0.990744
18	21760000	21780000	11770	88	8810	11872	0.00747664	0.4405	0.991408
18	21780000	21800000	10362	63	9155	10470	0.00607991	0.45775	0.989685
18	21800000	21820000	12157	73	6828	12264	0.00600477	0.3414	0.991275
18	21820000	21840000	6758	31	14791	6821	0.00458716	0.73955	0.990764
18	21840000	21860000	10930	53	9631	11001	0.00484904	0.48155	0.993546
18	21860000	21880000	7436	64	12987	7494	0.00860678	0.64935	0.99226
18	21880000	21900000	10152	58	8431	10213	0.00571316	0.42155	0.994027
18	21900000	21920000	8478	46	11605	8527	0.00542581	0.58025	0.994254
18	21920000	21940000	7753	53	15134	7815	0.00683606	0.7567	0.992067
18	21940000	21960000	9285	55	11566	9397	0.00592353	0.5783	0.988081
18	21960000	21980000	7807	37	9790	8208	0.00473934	0.4895	0.951145
18	21980000	22000000	8972	54	12203	9365	0.00601872	0.61015	0.958035
18	22000000	22020000	10471	53	10255	10540	0.0050616	0.51275	0.993454
18	22020000	22040000	11529	48	8876	11600	0.00416341	0.4438	0.993879
18	22040000	22060000	10644	71	8598	10751	0.00667042	0.4299	0.990047
18	22060000	22080000	10264	58	9374	10681	0.00565082	0.4687	0.960959
18	22080000	22100000	11825	77	9388	11964	0.00651163	0.4694	0.988382
18	22100000	22120000	11011	64	9568	11438	0.00581237	0.4784	0.962668
18	22120000	22140000	10861	71	6990	12269	0.00653715	0.3495	0.885239
18	22140000	22160000	11613	63	9138	12774	0.00542495	0.4569	0.909112
18	22160000	22180000	12799	59	6859	12913	0.00460974	0.34295	0.991172
18	22180000	22200000	11710	76	8288	11812	0.00649018	0.4144	0.991365
18	22200000	22220000	9689	69	10801	9772	0.00712148	0.54005	0.991506
18	22220000	22240000	10870	54	12652	10941	0.0049678	0.6326	0.993511
18	22240000	22260000	14317	85	6527	14432	0.005937	0.32635	0.992032
18	22260000	22280000	12883	114	9155	13435	0.00884887	0.45775	0.958913
18	22280000	22300000	7622	42	14231	7715	0.00551036	0.71155	0.987946
18	22300000	22320000	11061	58	8045	13018	0.00524365	0.40225	0.84967
18	22320000	22340000	12752	76	10875	12839	0.00595985	0.54375	0.993224
18	22340000	22360000	11389	54	13722	11545	0.00474142	0.6861	0.986488
18	22360000	22380000	13668	58	6314	13756	0.00424349	0.3157	0.993603
18	22380000	22400000	13824	70	7466	14182	0.00506366	0.3733	0.974757
18	22400000	22420000	11916	54	6919	13574	0.00453172	0.34595	0.877855
18	22420000	22440000	12074	53	9235	12303	0.0043896	0.46175	0.981387
18	22440000	22460000	13699	71	5548	13794	0.00518286	0.2774	0.993113
18	22460000	22480000	13921	96	8106	14045	0.00689606	0.4053	0.991171
18	22480000	22500000	9692	48	10464	9912	0.00495254	0.5232	0.977805
18	22500000	22520000	13839	62	4356	13946	0.00448009	0.2178	0.992328
18	22520000	22540000	13204	55	5676	13311	0.0041654	0.2838	0.991962
18	22540000	22560000	13617	59	8970	13715	0.00433282	0.4485	0.992855
18	22560000	22580000	14403	81	6710	14506	0.00562383	0.3355	0.992899
18	22580000	22600000	12434	62	8238	13073	0.00498633	0.4119	0.951121
18	22600000	22620000	12051	84	9403	12165	0.00697038	0.47015	0.990629
18	22620000	22640000	13687	82	7030	13795	0.00599109	0.3515	0.992171
18	22640000	22660000	13530	43	1781	13625	0.00317812	0.08905	0.993028
18	22660000	22680000	14377	67	2431	14479	0.00466022	0.12155	0.992955
18	22680000	22700000	13151	70	7258	13233	0.00532279	0.3629	0.993803
18	22700000	22720000	13204	84	7520	13307	0.00636171	0.376	0.99226
18	22720000	22740000	13049	85	4990	13155	0.00651391	0.2495	0.991942
18	22740000	22760000	14501	65	707	14625	0.00448245	0.03535	0.991521
18	22760000	22780000	14778	80	1666	14863	0.00541345	0.0833	0.994281
18	22780000	22800000	11909	76	9458	12017	0.00638173	0.4729	0.991013
18	22800000	22820000	14278	74	2209	14360	0.0051828	0.11045	0.99429
18	22820000	22840000	13592	64	5017	13699	0.00470865	0.25085	0.992189
18	22840000	22860000	8931	50	9656	9005	0.00559848	0.4828	0.991782
18	22860000	22880000	13354	68	2888	13433	0.00509211	0.1444	0.994119
18	22880000	22900000	12928	60	6765	13021	0.00464109	0.33825	0.992858
18	22900000	22920000	13374	62	4772	13470	0.00463586	0.2386	0.992873
18	22920000	22940000	11715	49	2504	11950	0.00418267	0.1252	0.980335
18	22940000	22960000	12379	81	7677	12467	0.00654334	0.38385	0.992941
18	22960000	22980000	8815	77	14428	8914	0.00873511	0.7214	0.988894
18	22980000	23000000	11834	52	11030	11938	0.00439412	0.5515	0.991288
18	23000000	23020000	14199	88	7617	14310	0.00619762	0.38085	0.992243
18	23020000	23040000	13127	104	9712	13241	0.0079226	0.4856	0.99139
18	23040000	23060000	13580	66	6068	13717	0.00486009	0.3034	0.990012
18	23060000	23080000	10764	51	12226	10853	0.00473802	0.6113	0.9918
18	23080000	23100000	12939	67	9326	13568	0.00517814	0.4663	0.953641
18	23100000	23120000	10032	72	10930	10106	0.00717703	0.5465	0.992678
18	23120000	23140000	10893	49	12417	11009	0.0044983	0.62085	0.989463
18	23140000	23160000	9365	65	13218	9509	0.00694074	0.6609	0.984856
18	23160000	23180000	13605	85	9536	13721	0.0062477	0.4768	0.991546
18	23180000	23200000	13389	90	8571	13488	0.00672194	0.42855	0.99266
18	23200000	23220000	11286	57	12570	11378	0.00505051	0.6285	0.991914
18	23220000	23240000	12827	70	12816	12978	0.00545724	0.6408	0.988365
18	23240000	23260000	10859	53	6075	13710	0.00488074	0.30375	0.79205
18	23260000	23280000	12915	84	9608	13031	0.00650407	0.4804	0.991098
18	23280000	23300000	11733	63	9465	11854	0.00536947	0.47325	0.989792
18	23300000	23320000	11867	61	9538	12031	0.00514031	0.4769	0.986369
18	23320000	23340000	8627	42	13957	8688	0.00486844	0.69785	0.992979
18	23340000	23360000	9623	56	13705	9716	0.00581939	0.68525	0.990428
18	23360000	23380000	13477	86	8589	13588	0.00638124	0.42945	0.991831
18	23380000	23400000	13341	75	7846	13448	0.00562177	0.3923	0.992043
18	23400000	23420000	13760	75	9054	14040	0.00545058	0.4527	0.980057
18	23420000	23440000	13409	65	9388	13533	0.00484749	0.4694	0.990837
18	23440000	23460000	12984	54	5485	13064	0.00415896	0.27425	0.993876
18	23460000	23480000	9299	59	12706	9386	0.00634477	0.6353	0.990731
18	23480000	23500000	10626	67	14613	10735	0.00630529	0.73065	0.989846
18	23500000	23520000	10614	67	10081	10689	0.00631242	0.50405	0.992983
18	23520000	23540000	10314	72	13797	10739	0.0069808	0.68985	0.960425
18	23540000	23560000	10978	64	9011	11047	0.00582984	0.45055	0.993754
18	23560000	23580000	11575	58	7802	11662	0.0050108	0.3901	0.99254
18	23580000	23600000	11281	50	8025	11349	0.00443223	0.40125	0.994008
18	23600000	23620000	12912	66	9933	12999	0.00511152	0.49665	0.993307
18	23620000	23640000	12006	38	9054	12105	0.00316508	0.4527	0.991822
18	23640000	23660000	11433	40	15452	11523	0.00349864	0.7726	0.99219
18	23660000	23680000	11332	42	9518	11444	0.00370632	0.4759	0.990213
18	23680000	23700000	5389	26	18223	5647	0.00482464	0.91115	0.954312
18	23700000	23720000	9302	47	14458	9393	0.00505268	0.7229	0.990312
18	23720000	23740000	9495	36	13275	9681	0.00379147	0.66375	0.980787
18	23740000	23760000	9251	38	13261	9314	0.00410766	0.66305	0.993236
18	23760000	23780000	5775	33	15258	5858	0.00571429	0.7629	0.985831
18	23780000	23800000	6847	37	15134	7074	0.00540383	0.7567	0.967911
18	23800000	23820000	6208	34	13152	6283	0.0054768	0.6576	0.988063
18	23820000	23840000	4429	24	15803	4455	0.00541883	0.79015	0.994164
18	23840000	23860000	9473	35	13715	9775	0.00369471	0.68575	0.969105
18	23860000	23880000	7593	35	13152	8550	0.00460951	0.6576	0.88807
18	23880000	23900000	9093	34	10453	9307	0.00373914	0.52265	0.977007
18	23900000	23920000	11726	46	8753	11802	0.00392291	0.43765	0.99356
18	23920000	23940000	10789	42	13342	10937	0.00389285	0.6671	0.986468
18	23940000	23960000	12250	57	11383	12347	0.00465306	0.56915	0.992144
18	23960000	23980000	11750	42	7579	11952	0.00357447	0.37895	0.983099
18	23980000	24000000	12212	49	9623	12329	0.00401245	0.48115	0.99051
18	24000000	24020000	10917	64	11045	11001	0.00586242	0.55225	0.992364
18	24020000	24040000	12143	41	8718	12241	0.00337643	0.4359	0.991994
18	24040000	24060000	12271	69	7922	12360	0.00562301	0.3961	0.992799
18	24060000	24080000	12362	54	5380	12453	0.00436823	0.269	0.992693
18	24080000	24100000	10447	49	7237	10516	0.00469034	0.36185	0.993439
18	24100000	24120000	14162	84	5518	14246	0.00593137	0.2759	0.994104
18	24120000	24140000	12688	73	4407	12772	0.00575347	0.22035	0.993423
18	24140000	24160000	11824	73	6888	11920	0.00617388	0.3444	0.991946
18	24160000	24180000	8761	56	12084	9075	0.00639196	0.6042	0.965399
18	24180000	24200000	9713	53	10705	9803	0.0054566	0.53525	0.990819
18	24200000	24220000	11339	83	11560	11431	0.00731987	0.578	0.991952
18	24220000	24240000	11817	53	6279	11898	0.00448506	0.31395	0.993192
18	24240000	24260000	11488	54	6814	11566	0.00470056	0.3407	0.993256
18	24260000	24280000	11192	52	7699	11282	0.00464618	0.38495	0.992023
18	24280000	24300000	12143	79	7350	12226	0.00650581	0.3675	0.993211
18	24300000	24320000	12113	78	9132	12199	0.00643936	0.4566	0.99295
18	24320000	24340000	12495	85	8646	12606	0.00680272	0.4323	0.991195
18	24340000	24360000	12476	69	7533	12583	0.00553062	0.37665	0.991496
18	24360000	24380000	10826	73	10272	10918	0.00674303	0.5136	0.991574
18	24380000	24400000	9819	80	10474	9970	0.00814747	0.5237	0.984855
18	24400000	24420000	10025	69	7033	10779	0.00688279	0.35165	0.930049
18	24420000	24440000	11957	59	8516	12054	0.00493435	0.4258	0.991953
18	24440000	24460000	12854	95	6188	12963	0.0073907	0.3094	0.991591
18	24460000	24480000	6042	34	11916	6176	0.00562728	0.5958	0.978303
18	24480000	24500000	12077	68	7643	12182	0.00563054	0.38215	0.991381
18	24500000	24520000	8118	65	6153	8378	0.0080069	0.30765	0.968966
18	24520000	24540000	11103	78	8363	11219	0.00702513	0.41815	0.98966
18	24540000	24560000	2695	28	9786	2774	0.0103896	0.4893	0.971521
18	24560000	24580000	10873	58	11853	10948	0.00533431	0.59265	0.993149
18	24580000	24600000	12541	75	4093	14111	0.00598038	0.20465	0.888739
18	24600000	24620000	12614	60	7745	12815	0.00475662	0.38725	0.984315
18	24620000	24640000	13609	73	5876	13740	0.0053641	0.2938	0.990466
18	24640000	24660000	13522	70	5620	13636	0.00517675	0.281	0.99164
18	24660000	24680000	6460	62	13491	6509	0.00959752	0.67455	0.992472
18	24680000	24700000	12394	89	7724	12495	0.00718089	0.3862	0.991917
18	24700000	24720000	13349	66	7242	13815	0.00494419	0.3621	0.966269
18	24720000	24740000	10461	63	9931	10540	0.00602237	0.49655	0.992505
18	24740000	24760000	10392	70	11562	10744	0.00673595	0.5781	0.967238
18	24760000	24780000	11712	64	4824	12777	0.00546448	0.2412	0.916647
18	24780000	24800000	10840	49	10599	10963	0.0045203	0.52995	0.98878
18	24800000	24820000	8354	56	12925	8496	0.00670338	0.64625	0.983286
18	24820000	24840000	11780	82	10801	11918	0.00696095	0.54005	0.988421
18	24840000	24860000	12360	95	12352	12495	0.00768608	0.6176	0.989196
18	24860000	24880000	7477	38	12550	7570	0.00508225	0.6275	0.987715
18	24880000	24900000	12634	84	10188	12760	0.00664873	0.5094	0.990125
18	24900000	24920000	12311	76	10944	12425	0.00617334	0.5472	0.990825
18	24920000	24940000	13085	74	7814	13204	0.00565533	0.3907	0.990988
18	24940000	24960000	12997	99	4982	13125	0.00761714	0.2491	0.990248
18	24960000	24980000	12708	69	7888	12811	0.00542965	0.3944	0.99196
18	24980000	25000000	12448	74	9239	12572	0.00594473	0.46195	0.990137
18	25000000	25020000	13305	65	7998	13455	0.00488538	0.3999	0.988852
18	25020000	25040000	12398	57	10302	12489	0.00459752	0.5151	0.992714
18	25040000	25060000	12314	67	11735	12398	0.00544096	0.58675	0.993225
18	25060000	25080000	13877	67	9654	13970	0.00482813	0.4827	0.993343
18	25080000	25100000	4117	33	17896	4169	0.00801555	0.8948	0.987527
18	25100000	25120000	10717	70	13836	10969	0.00653168	0.6918	0.977026
18	25120000	25140000	12800	82	8312	12895	0.00640625	0.4156	0.992633
18	25140000	25160000	12404	93	8202	12521	0.00749758	0.4101	0.990656
18	25160000	25180000	12865	51	6810	12972	0.00396424	0.3405	0.991751
18	25180000	25200000	13021	88	8910	13133	0.00675831	0.4455	0.991472
18	25200000	25220000	14156	100	7175	14321	0.00706414	0.35875	0.988478
18	25220000	25240000	14483	117	7174	14605	0.00807844	0.3587	0.991647
18	25240000	25260000	12620	70	6338	12759	0.00554675	0.3169	0.989106
18	25260000	25280000	12089	65	9055	12182	0.00537679	0.45275	0.992366
18	25280000	25300000	12016	83	9316	12119	0.00690746	0.4658	0.991501
18	25300000	25320000	10650	65	9935	10739	0.00610329	0.49675	0.991712
18	25320000	25340000	8937	64	8742	9027	0.00716124	0.4371	0.99003
18	25340000	25360000	14171	83	4821	14411	0.00585703	0.24105	0.983346
18	25360000	25380000	13884	97	6524	13998	0.00698646	0.3262	0.991856
18	25380000	25400000	11555	66	11846	11650	0.00571181	0.5923	0.991845
18	25400000	25420000	11681	66	8764	11789	0.0056502	0.4382	0.990839
18	25420000	25440000	8782	51	13233	8892	0.00580733	0.66165	0.987629
18	25440000	25460000	10210	57	10016	11157	0.00558276	0.5008	0.915121
18	25460000	25480000	11330	58	8166	12403	0.00511915	0.4083	0.913489
18	25480000	25500000	10591	86	16332	10710	0.0081201	0.8166	0.988889
18	25500000	25520000	12818	64	8152	12945	0.00499298	0.4076	0.990189
18	25520000	25540000	12127	73	5513	12215	0.00601963	0.27565	0.992796
18	25540000	25560000	13323	57	7237	13468	0.00427832	0.36185	0.989234
18	25560000	25580000	13669	71	4235	13776	0.00519424	0.21175	0.992233
18	25580000	25600000	11541	54	6120	11661	0.00467897	0.306	0.989709
18	25600000	25620000	13852	95	3479	13967	0.00685822	0.17395	0.991766
18	25620000	25640000	12337	63	8773	12476	0.00510659	0.43865	0.988859
18	25640000	25660000	11537	56	5461	11629	0.00485395	0.27305	0.992089
18	25660000	25680000	13588	60	4097	13807	0.00441566	0.20485	0.984138
18	25680000	25700000	13036	86	3807	13157	0.00659712	0.19035	0.990803
18	25700000	25720000	13280	74	5521	13769	0.00557229	0.27605	0.964485
18	25720000	25740000	13526	63	8422	13643	0.0046577	0.4211	0.991424
18	25740000	25760000	12310	55	3973	12420	0.00446791	0.19865	0.991143
18	25760000	25780000	11845	49	5991	11952	0.00413677	0.29955	0.991048
18	25780000	25800000	9563	66	11862	9652	0.0069016	0.5931	0.990779
18	25800000	25820000	7348	33	13529	7408	0.00449102	0.67645	0.991901
18	25820000	25840000	8000	54	13029	8069	0.00675	0.65145	0.991449
18	25840000	25860000	10056	76	11244	10137	0.00755768	0.5622	0.992009
18	25860000	25880000	8150	54	13335	8240	0.00662577	0.66675	0.989078
18	25880000	25900000	7910	50	15500	8005	0.00632111	0.775	0.988132
18	25900000	25920000	12951	66	10260	13093	0.00509613	0.513	0.989155
18	25920000	25940000	12256	75	9411	12391	0.00611945	0.47055	0.989105
18	25940000	25960000	13455	82	8312	13601	0.00609439	0.4156	0.989265
18	25960000	25980000	9497	62	15408	9628	0.00652838	0.7704	0.986394
18	25980000	26000000	11752	98	10498	11862	0.00833901	0.5249	0.990727
18	26000000	26020000	5764	46	18655	5831	0.00798057	0.93275	0.98851
18	26020000	26040000	12803	52	8933	12921	0.00406155	0.44665	0.990868
18	26040000	26060000	11429	79	12591	11580	0.00691224	0.62955	0.98696
18	26060000	26080000	9652	63	16567	9768	0.00652714	0.82835	0.988124
18	26080000	26100000	12756	75	8741	12868	0.00587959	0.43705	0.991296
18	26100000	26120000	11470	90	10049	11571	0.00784656	0.50245	0.991271
18	26120000	26140000	12698	93	7741	12844	0.00732399	0.38705	0.988633
18	26140000	26160000	12628	89	9349	12772	0.00704783	0.46745	0.988725
18	26160000	26180000	14102	83	8256	14321	0.00588569	0.4128	0.984708
18	26180000	26200000	12874	82	13722	12987	0.00636943	0.6861	0.991299
18	26200000	26220000	11406	75	13689	11795	0.00657549	0.68445	0.96702
18	26220000	26240000	11066	94	8130	11207	0.00849449	0.4065	0.987419
18	26240000	26260000	11065	69	9674	11203	0.00623588	0.4837	0.987682
18	26260000	26280000	8274	37	10364	8822	0.00447184	0.5182	0.937883
18	26280000	26300000	14219	59	7384	14720	0.00414938	0.3692	0.965965
18	26300000	26320000	12067	40	8840	12154	0.00331483	0.442	0.992842
18	26320000	26340000	12295	76	8399	12391	0.00618137	0.41995	0.992252
18	26340000	26360000	13924	65	5649	14067	0.0046682	0.28245	0.989834
18	26360000	26380000	13658	73	5759	13742	0.00534485	0.28795	0.993887
18	26380000	26400000	13012	85	8801	13268	0.00653243	0.44005	0.980705
18	26400000	26420000	10873	56	11558	11246	0.00515037	0.5779	0.966833
18	26420000	26440000	10269	58	12549	10344	0.00564807	0.62745	0.992749
18	26440000	26460000	12715	75	6587	12826	0.00589855	0.32935	0.991346
18	26460000	26480000	11254	60	12061	11369	0.00533144	0.60305	0.989885
18	26480000	26500000	11716	75	13986	11793	0.0064015	0.6993	0.993471
18	26500000	26520000	13207	87	10236	13332	0.00658742	0.5118	0.990624
18	26520000	26540000	9318	55	14042	9449	0.00590255	0.7021	0.986136
18	26540000	26560000	12831	55	12633	12957	0.00428649	0.63165	0.990276
18	26560000	26580000	11550	53	10134	11664	0.00458874	0.5067	0.990226
18	26580000	26600000	12675	84	7110	12782	0.00662722	0.3555	0.991629
18	26600000	26620000	13030	49	6583	13175	0.00376055	0.32915	0.988994
18	26620000	26640000	7670	31	15075	7777	0.00404172	0.75375	0.986241
18	26640000	26660000	13803	68	4545	13918	0.00492647	0.22725	0.991737
18	26660000	26680000	13971	48	8502	14222	0.00343569	0.4251	0.982351
18	26680000	26700000	12125	37	9792	12272	0.00305155	0.4896	0.988022
18	26700000	26720000	13200	65	7714	13339	0.00492424	0.3857	0.989579
18	26720000	26740000	12366	71	6917	12447	0.00574155	0.34585	0.993492
18	26740000	26760000	10325	59	9111	10413	0.00571429	0.45555	0.991549
18	26760000	26780000	12055	81	12725	12439	0.0067192	0.63625	0.969129
18	26780000	26800000	11647	70	14040	11762	0.00601013	0.702	0.990223
18	26800000	26820000	10178	62	15438	10305	0.00609157	0.7719	0.987676
18	26820000	26840000	12908	81	7506	13044	0.00627518	0.3753	0.989574
18	26840000	26860000	12463	70	8920	12610	0.00561663	0.446	0.988343
18	26860000	26880000	9134	59	18404	9247	0.00645938	0.9202	0.98778
18	26880000	26900000	12915	38	6263	13007	0.00294232	0.31315	0.992927
18	26900000	26920000	13009	52	8844	13492	0.00399723	0.4422	0.964201
18	26920000	26940000	9246	75	15822	9479	0.00811162	0.7911	0.975419
18	26940000	26960000	10834	58	9705	10927	0.00535352	0.48525	0.991489
18	26960000	26980000	11349	72	10380	11445	0.00634417	0.519	0.991612
18	26980000	27000000	11639	79	10651	11746	0.00678752	0.53255	0.990891
18	27000000	27020000	10758	62	11366	11139	0.00576315	0.5683	0.965796
18	27020000	27040000	12230	74	8291	12658	0.0060507	0.41455	0.966187
18	27040000	27060000	9695	65	10813	12041	0.00670449	0.54065	0.805166
18	27060000	27080000	12603	82	9776	12728	0.00650639	0.4888	0.990179
18	27080000	27100000	10379	77	10090	10503	0.00741883	0.5045	0.988194
18	27100000	27120000	12750	77	7890	12904	0.00603922	0.3945	0.988066
18	27120000	27140000	10972	67	12453	11078	0.00610645	0.62265	0.990431
18	27140000	27160000	12686	87	10307	12845	0.00685795	0.51535	0.987622
18	27160000	27180000	7401	56	15561	7680	0.00756655	0.77805	0.963672
18	27180000	27200000	9293	87	13561	9398	0.00936189	0.67805	0.988827
18	27200000	27220000	12642	94	12883	12901	0.00743553	0.64415	0.979924
18	27220000	27240000	8211	67	15601	10881	0.00815979	0.78005	0.754618
18	27240000	27260000	0	0	14088	10483		0.7044	0
18	27260000	27280000	842	6	9836	11454	0.00712589	0.4918	0.0735114
18	27280000	27300000	9606	87	10787	9758	0.00905684	0.53935	0.984423
18	27300000	27320000	7450	83	15425	7527	0.0111409	0.77125	0.98977
18	27320000	27340000	12888	107	8884	13017	0.0083023	0.4442	0.99009
18	27340000	27360000	13559	94	10227	13693	0.00693266	0.51135	0.990214
18	27360000	27380000	10420	73	8723	11365	0.00700576	0.43615	0.91685
18	27380000	27400000	11748	126	15470	11886	0.0107252	0.7735	0.98839
18	27400000	27420000	11805	95	9848	11973	0.00804744	0.4924	0.985968
18	27420000	27440000	11621	85	11356	11738	0.00731434	0.5678	0.990032
18	27440000	27460000	10304	72	9770	10422	0.00698758	0.4885	0.988678
18	27460000	27480000	9452	58	12568	9738	0.00613627	0.6284	0.970631
18	27480000	27500000	11203	90	14399	11313	0.00803356	0.71995	0.990277
18	27500000	27520000	10229	41	10357	10955	0.00400821	0.51785	0.933729
18	27520000	27540000	10665	72	10658	11152	0.00675105	0.5329	0.956331
18	27540000	27560000	11967	71	6328	12044	0.00593298	0.3164	0.993607
18	27560000	27580000	12666	64	8955	12865	0.0050529	0.44775	0.984532
18	27580000	27600000	12964	68	7659	13062	0.00524529	0.38295	0.992497
18	27600000	27620000	7928	37	9978	8010	0.004667	0.4989	0.989763
18	27620000	27640000	11016	47	7635	11095	0.00426652	0.38175	0.99288
18	27640000	27660000	11389	105	15958	11509	0.00921942	0.7979	0.989573
18	27660000	27680000	11857	76	8660	11947	0.00640972	0.433	0.992467
18	27680000	27700000	11292	59	11368	11385	0.00522494	0.5684	0.991831
18	27700000	27720000	9755	57	15603	9849	0.00584316	0.78015	0.990456
18	27720000	27740000	12479	87	7462	12580	0.00697171	0.3731	0.991971
18	27740000	27760000	10173	49	8042	10267	0.00481667	0.4021	0.990844
18	27760000	27780000	10278	41	13061	10372	0.0039891	0.65305	0.990937
18	27780000	27800000	10750	73	12432	10858	0.0067907	0.6216	0.990053
18	27800000	27820000	10597	60	11541	10740	0.00566198	0.57705	0.986685
18	27820000	27840000	11888	91	8226	12302	0.00765478	0.4113	0.966347
18	27840000	27860000	13053	95	4992	13416	0.00727802	0.2496	0.972943
18	27860000	27880000	11185	87	7070	11286	0.00777827	0.3535	0.991051
18	27880000	27900000	13008	103	4834	13142	0.0079182	0.2417	0.989804
18	27900000	27920000	13054	83	7593	13249	0.0063582	0.37965	0.985282
18	27920000	27940000	11378	93	8451	11813	0.00817367	0.42255	0.963176
18	27940000	27960000	12047	83	13578	12150	0.00688968	0.6789	0.991523
18	27960000	27980000	12207	78	10263	12341	0.00638978	0.51315	0.989142
18	27980000	28000000	11719	104	9629	11873	0.00887448	0.48145	0.987029
18	28000000	28020000	12645	102	10494	12795	0.00806643	0.5247	0.988277
18	28020000	28040000	11892	107	8499	12053	0.00899765	0.42495	0.986642
18	28040000	28060000	11863	85	11250	12132	0.00716514	0.5625	0.977827
18	28060000	28080000	12154	106	8843	12324	0.00872141	0.44215	0.986206
18	28080000	28100000	13411	87	12724	13592	0.00648721	0.6362	0.986683
18	28100000	28120000	12734	98	8170	13189	0.00769593	0.4085	0.965502
18	28120000	28140000	11081	104	12918	11418	0.00938543	0.6459	0.970485
18	28140000	28160000	14438	84	11127	14607	0.00581798	0.55635	0.98843
18	28160000	28180000	11667	95	8736	12025	0.00814262	0.4368	0.970229
18	28180000	28200000	11833	62	10505	11935	0.00523958	0.52525	0.991454
18	28200000	28220000	10951	128	14185	11117	0.0116884	0.70925	0.985068
18	28220000	28240000	11526	66	12267	11738	0.00572618	0.61335	0.981939
18	28240000	28260000	7648	51	12781	8065	0.00666841	0.63905	0.948295
18	28260000	28280000	12692	95	10082	12832	0.00748503	0.5041	0.98909
18	28280000	28300000	12613	92	7653	12771	0.00729406	0.38265	0.987628
18	28300000	28320000	9114	69	11433	9210	0.00757077	0.57165	0.989577
18	28320000	28340000	11259	100	12994	11465	0.00888178	0.6497	0.982032
18	28340000	28360000	9484	69	10429	9918	0.00727541	0.52145	0.956241
18	28360000	28380000	11271	76	10289	11362	0.00674297	0.51445	0.991991
18	28380000	28400000	11351	97	9792	11465	0.0085455	0.4896	0.990057
18	28400000	28420000	10057	54	12850	10148	0.00536939	0.6425	0.991033
18	28420000	28440000	8638	75	13140	8723	0.00868257	0.657	0.990256
18	28440000	28460000	12724	76	8192	12830	0.00597296	0.4096	0.991738
18	28460000	28480000	12959	83	4138	13077	0.00640482	0.2069	0.990977
18	28480000	28500000	10635	94	13306	10747	0.00883874	0.6653	0.989578
18	28500000	28520000	12030	79	10993	12135	0.00656692	0.54965	0.991347
18	28520000	28540000	13289	70	9904	13403	0.00526751	0.4952	0.991494
18	28540000	28560000	13645	91	6646	13752	0.00666911	0.3323	0.992219
18	28560000	28580000	12538	74	8293	12689	0.00590206	0.41465	0.9881
18	28580000	28600000	12900	89	7678	13074	0.00689922	0.3839	0.986691
18	28600000	28620000	12857	94	9603	13017	0.00731119	0.48015	0.987708
18	28620000	28640000	14681	98	7326	14835	0.00667529	0.3663	0.989619
18	28640000	28660000	12960	84	4567	13077	0.00648148	0.22835	0.991053
18	28660000	28680000	12739	86	7701	12859	0.00675092	0.38505	0.990668
18	28680000	28700000	9220	62	9366	12808	0.00672451	0.4683	0.719863
18	28700000	28720000	12859	84	6633	12959	0.00653239	0.33165	0.992283
18	28720000	28740000	11627	63	5192	11837	0.00541842	0.2596	0.982259
18	28740000	28760000	11808	62	7944	11926	0.00525068	0.3972	0.990106
18	28760000	28780000	13044	98	6904	13191	0.00751303	0.3452	0.988856
18	28780000	28800000	10005	80	12579	10100	0.007996	0.62895	0.990594
18	28800000	28820000	8283	57	12190	8375	0.00688156	0.6095	0.989015
18	28820000	28840000	13196	89	7444	13305	0.00674447	0.3722	0.991808
18	28840000	28860000	12544	119	6844	12662	0.00948661	0.3422	0.990681
18	28860000	28880000	6275	58	13692	6594	0.00924303	0.6846	0.951623
18	28880000	28900000	12843	98	7658	12945	0.00763062	0.3829	0.992121
18	28900000	28920000	13704	65	3567	13849	0.00474314	0.17835	0.98953
18	28920000	28940000	8600	63	8324	9291	0.00732558	0.4162	0.925627
18	28940000	28960000	11469	66	9202	12203	0.00575464	0.4601	0.939851
18	28960000	28980000	13412	76	5324	13511	0.00566657	0.2662	0.992673
18	28980000	29000000	8467	57	5314	12451	0.00673202	0.2657	0.680026
18	29000000	29020000	9661	55	9131	11620	0.00569299	0.45655	0.831411
18	29020000	29040000	12592	90	4988	12683	0.0071474	0.2494	0.992825
18	29040000	29060000	12949	93	3878	13111	0.00718202	0.1939	0.987644
18	29060000	29080000	10664	51	7447	10727	0.00478245	0.37235	0.994127
18	29080000	29100000	12200	79	10115	12299	0.00647541	0.50575	0.991951
18	29100000	29120000	11790	64	8440	11887	0.00542833	0.422	0.99184
18	29120000	29140000	11680	61	10939	11785	0.0052226	0.54695	0.99109
18	29140000	29160000	13024	67	7511	13113	0.00514435	0.37555	0.993213
18	29160000	29180000	12958	97	7001	13101	0.00748572	0.35005	0.989085
18	29180000	29200000	11128	85	11407	11282	0.00763839	0.57035	0.98635
18	29200000	29220000	12391	87	5937	12505	0.00702123	0.29685	0.990884
18	29220000	29240000	13094	80	4759	13189	0.00610967	0.23795	0.992797
18	29240000	29260000	12344	72	5937	12461	0.00583279	0.29685	0.990611
18	29260000	29280000	5263	35	7319	11541	0.0066502	0.36595	0.456026
18	29280000	29300000	1638	6	10246	10245	0.003663	0.5123	0.159883
18	29300000	29320000	8945	46	9831	9009	0.00514254	0.49155	0.992896
18	29320000	29340000	7239	41	11270	7294	0.00566377	0.5635	0.99246
18	29340000	29360000	10486	84	11532	10554	0.00801068	0.5766	0.993557
18	29360000	29380000	10769	68	11016	10880	0.00631442	0.5508	0.989798
18	29380000	29400000	5601	32	13886	5872	0.00571327	0.6943	0.953849
18	29400000	29420000	9780	39	12173	10231	0.00398773	0.60865	0.955918
18	29420000	29440000	10874	37	8180	10959	0.00340261	0.409	0.992244
18	29440000	29460000	11022	47	8985	11090	0.0042642	0.44925	0.993868
18	29460000	29480000	8990	37	11117	9073	0.00411568	0.55585	0.990852
18	29480000	29500000	9738	38	7257	9817	0.00390224	0.36285	0.991953
18	29500000	29520000	5266	22	13093	6637	0.00417774	0.65465	0.793431
18	29520000	29540000	4827	34	14843	5115	0.00704371	0.74215	0.943695
18	29540000	29560000	5826	53	13028	5877	0.00909715	0.6514	0.991322
18	29560000	29580000	8758	50	10409	8929	0.00570907	0.52045	0.980849
18	29580000	29600000	5469	16	15723	5812	0.00292558	0.78615	0.940984
18	29600000	29620000	7507	24	12805	7637	0.00319702	0.64025	0.982978
18	29620000	29640000	7428	44	10982	7699	0.00592353	0.5491	0.964801
18	29640000	29660000	9608	43	10535	9717	0.00447544	0.52675	0.988783
18	29660000	29680000	8829	33	8997	8904	0.00373768	0.44985	0.991577
18	29680000	29700000	7353	41	13496	7505	0.00557596	0.6748	0.979747
18	29700000	29720000	7973	27	9191	8547	0.00338643	0.45955	0.932842
18	29720000	29740000	7792	29	15020	7925	0.00372177	0.751	0.983218
18	29740000	29760000	9126	53	13168	10657	0.00580758	0.6584	0.856339
18	29760000	29780000	10266	57	10701	10346	0.00555231	0.53505	0.992268
18	29780000	29800000	12912	77	4563	13021	0.00596344	0.22815	0.991629
18	29800000	29820000	7528	52	14332	7581	0.00690755	0.7166	0.993009
18	29820000	29840000	10361	53	9396	10546	0.00511534	0.4698	0.982458
18	29840000	29860000	6074	26	4031	13232	0.00428054	0.20155	0.459039
18	29860000	29880000	10595	50	9858	11024	0.00471921	0.4929	0.961085
18	29880000	29900000	12267	72	9728	12621	0.00586941	0.4864	0.971952
18	29900000	29920000	12883	63	6162	13111	0.00489017	0.3081	0.98261
18	29920000	29940000	13355	44	5389	13443	0.00329465	0.26945	0.993454
18	29940000	29960000	13190	50	5078	13285	0.00379075	0.2539	0.992849
18	29960000	29980000	10390	43	9219	10461	0.00413859	0.46095	0.993213
18	29980000	30000000	8514	40	8764	8578	0.00469814	0.4382	0.992539
18	30000000	30020000	12451	56	8609	12541	0.00449763	0.43045	0.992824
18	30020000	30040000	13827	74	6408	13935	0.00535185	0.3204	0.99225
18	30040000	30060000	11127	40	7245	11208	0.00359486	0.36225	0.992773
18	30060000	30080000	9621	39	13119	9711	0.00405363	0.65595	0.990732
18	30080000	30100000	10322	45	11220	10430	0.00435962	0.561	0.989645
18	30100000	30120000	11915	56	9244	11996	0.00469996	0.4622	0.993248
18	30120000	30140000	11802	79	9061	11904	0.00669378	0.45305	0.991431
18	30140000	30160000	10083	57	12423	10755	0.00565308	0.62115	0.937517
18	30160000	30180000	11356	83	11592	11891	0.00730891	0.5796	0.955008
18	30180000	30200000	8811	67	12532	8869	0.00760413	0.6266	0.99346
18	30200000	30220000	12985	93	7599	13090	0.00716211	0.37995	0.991979
18	30220000	30240000	6480	45	17636	6528	0.00694444	0.8818	0.992647
18	30240000	30260000	13455	66	8151	13599	0.00490524	0.40755	0.989411
18	30260000	30280000	14389	72	5054	14507	0.00500382	0.2527	0.991866
18	30280000	30300000	13512	79	8761	13607	0.00584665	0.43805	0.993018
18	30300000	30320000	12759	60	8163	12868	0.00470256	0.40815	0.991529
18	30320000	30340000	12592	68	6907	12697	0.00540025	0.34535	0.99173
18	30340000	30360000	13577	53	3555	14048	0.00390366	0.17775	0.966472
18	30360000	30380000	10834	38	11968	10901	0.00350748	0.5984	0.993854
18	30380000	30400000	13310	73	9212	13409	0.0054846	0.4606	0.992617
18	30400000	30420000	12539	70	8289	12677	0.00558258	0.41445	0.989114
18	30420000	30440000	10636	39	9783	10913	0.00366679	0.48915	0.974617
18	30440000	30460000	10979	54	8013	11071	0.00491848	0.40065	0.99169
18	30460000	30480000	12895	53	6340	13027	0.00411012	0.317	0.989867
18	30480000	30500000	13920	66	5449	14042	0.00474138	0.27245	0.991312
18	30500000	30520000	12618	67	7701	12973	0.00530987	0.38505	0.972635
18	30520000	30540000	11792	66	7734	12148	0.00559701	0.3867	0.970695
18	30540000	30560000	12217	52	9192	12352	0.00425636	0.4596	0.989071
18	30560000	30580000	11935	67	10448	12032	0.00561374	0.5224	0.991938
18	30580000	30600000	10508	37	13765	10590	0.00352113	0.68825	0.992257
18	30600000	30620000	13053	79	12473	13182	0.00605225	0.62365	0.990214
18	30620000	30640000	11799	75	8811	12016	0.00635647	0.44055	0.981941
18	30640000	30660000	9446	52	14597	9557	0.00550498	0.72985	0.988385
18	30660000	30680000	12002	84	6577	12604	0.00699883	0.32885	0.952237
18	30680000	30700000	12245	66	8873	12340	0.00538996	0.44365	0.992301
18	30700000	30720000	13316	71	6276	13429	0.00533193	0.3138	0.991585
18	30720000	30740000	11801	57	10208	11884	0.0048301	0.5104	0.993016
18	30740000	30760000	10941	57	9435	11030	0.00520976	0.47175	0.991931
18	30760000	30780000	12975	79	7963	13075	0.00608863	0.39815	0.992352
18	30780000	30800000	12027	29	7822	12690	0.00241124	0.3911	0.947754
18	30800000	30820000	14072	46	8464	14164	0.0032689	0.4232	0.993505
18	30820000	30840000	11355	48	11574	11482	0.00422721	0.5787	0.988939
18	30840000	30860000	11944	59	15120	12028	0.00493972	0.756	0.993016
18	30860000	30880000	9328	39	15026	9396	0.00418096	0.7513	0.992763
18	30880000	30900000	8293	33	16501	8352	0.00397926	0.82505	0.992936
18	30900000	30920000	10398	47	15522	10464	0.0045201	0.7761	0.993693
18	30920000	30940000	10956	49	12241	11046	0.00447244	0.61205	0.991852
18	30940000	30960000	8480	48	11728	11605	0.00566038	0.5864	0.73072
18	30960000	30980000	7910	59	12690	7986	0.00745891	0.6345	0.990483
18	30980000	31000000	10473	46	15994	10681	0.00439225	0.7997	0.980526
18	31000000	31020000	13924	73	6483	14054	0.00524275	0.32415	0.99075
18	31020000	31040000	11987	87	12405	12133	0.00725786	0.62025	0.987967
18	31040000	31060000	13471	70	9724	13623	0.00519635	0.4862	0.988842
18	31060000	31080000	13449	106	10780	13580	0.00788163	0.539	0.990353
18	31080000	31100000	10405	87	15031	10513	0.00836136	0.75155	0.989727
18	31100000	31120000	7725	54	15306	7902	0.00699029	0.7653	0.977601
18	31120000	31140000	11997	89	12450	12095	0.00741852	0.6225	0.991897
18	31140000	31160000	9790	63	11563	10393	0.00643514	0.57815	0.94198
18	31160000	31180000	14422	79	5726	14514	0.00547774	0.2863	0.993661
18	31180000	31200000	13400	61	5248	13513	0.00455224	0.2624	0.991638
18	31200000	31220000	14344	71	4780	14435	0.0049498	0.239	0.993696
18	31220000	31240000	14568	68	3895	14654	0.00466776	0.19475	0.994131
18	31240000	31260000	12836	50	3908	12940	0.00389529	0.1954	0.991963
18	31260000	31280000	13499	59	8596	13600	0.00437069	0.4298	0.992574
18	31280000	31300000	13550	63	10316	13663	0.00464945	0.5158	0.991729
18	31300000	31320000	13181	68	7654	13285	0.00515894	0.3827	0.992172
18	31320000	31340000	14264	65	2580	14355	0.00455693	0.129	0.993661
18	31340000	31360000	10121	53	13258	10610	0.00523664	0.6629	0.953911
18	31360000	31380000	7594	34	15638	7701	0.00447722	0.7819	0.986106
18	31380000	31400000	12385	67	10770	12521	0.00540977	0.5385	0.989138
18	31400000	31420000	12244	75	9235	12342	0.00612545	0.46175	0.99206
18	31420000	31440000	13569	68	6949	13663	0.00501142	0.34745	0.99312
18	31440000	31460000	10276	39	8987	10362	0.00379525	0.44935	0.9917
18	31460000	31480000	7081	34	12434	7146	0.00480158	0.6217	0.990904
18	31480000	31500000	13160	82	11531	13259	0.006231	0.57655	0.992533
18	31500000	31520000	11613	70	8810	11716	0.00602773	0.4405	0.991209
18	31520000	31540000	13753	73	5157	14042	0.00530793	0.25785	0.979419
18	31540000	31560000	10862	67	12848	10985	0.00616829	0.6424	0.988803
18	31560000	31580000	11914	84	13161	12045	0.00705053	0.65805	0.989124
18	31580000	31600000	12862	75	8577	13728	0.00583113	0.42885	0.936917
18	31600000	31620000	11261	49	11063	11373	0.0043513	0.55315	0.990152
18	31620000	31640000	13685	78	6602	13815	0.00569967	0.3301	0.99059
18	31640000	31660000	12886	84	8873	13257	0.0065187	0.44365	0.972015
18	31660000	31680000	13526	88	6772	13721	0.00650599	0.3386	0.985788
18	31680000	31700000	12007	47	9698	12079	0.00391438	0.4849	0.994039
18	31700000	31720000	11698	68	9840	12286	0.00581296	0.492	0.952141
18	31720000	31740000	10044	71	12248	10143	0.0070689	0.6124	0.99024
18	31740000	31760000	9728	51	14152	9812	0.0052426	0.7076	0.991439
18	31760000	31780000	12159	49	11461	12494	0.00402994	0.57305	0.973187
18	31780000	31800000	12532	55	10065	12679	0.00438876	0.50325	0.988406
18	31800000	31820000	12647	53	9515	12723	0.00419072	0.47575	0.994027
18	31820000	31840000	6373	39	18468	7719	0.00611957	0.9234	0.825625
18	31840000	31860000	9760	66	12681	10473	0.0067623	0.63405	0.93192
18	31860000	31880000	13392	69	10562	13532	0.00515233	0.5281	0.989654
18	31880000	31900000	10312	65	13031	10420	0.00630334	0.65155	0.989635
18	31900000	31920000	8538	60	11867	8733	0.00702741	0.59335	0.977671
18	31920000	31940000	13190	67	12518	13287	0.00507961	0.6259	0.9927
18	31940000	31960000	13254	89	9146	13356	0.00671495	0.4573	0.992363
18	31960000	31980000	12239	88	10015	12379	0.00719013	0.50075	0.988691
18	31980000	32000000	12157	99	9994	12291	0.00814346	0.4997	0.989098
18	32000000	32020000	8826	55	12525	8888	0.00623159	0.62625	0.993024
18	32020000	32040000	11134	40	15625	11241	0.0035926	0.78125	0.990481
18	32040000	32060000	9857	54	14002	9958	0.00547834	0.7001	0.989857
18	32060000	32080000	12467	55	7932	12576	0.00441165	0.3966	0.991333
18	32080000	32100000	11808	95	11989	11915	0.00804539	0.59945	0.99102
18	32100000	32120000	13426	76	6522	13518	0.00566066	0.3261	0.993194
18	32120000	32140000	9838	37	9184	9933	0.00376093	0.4592	0.990436
18	32140000	32160000	12477	52	8572	12570	0.00416767	0.4286	0.992601
18	32160000	32180000	12302	78	9397	12388	0.00634043	0.46985	0.993058
18	32180000	32200000	10894	89	10752	10992	0.00816963	0.5376	0.991084
18	32200000	32220000	12437	107	8989	12552	0.00860336	0.44945	0.990838
18	32220000	32240000	13370	73	4892	13482	0.00545999	0.2446	0.991693
18	32240000	32260000	8457	44	11650	8818	0.00520279	0.5825	0.959061
18	32260000	32280000	8779	59	11375	8897	0.00672058	0.56875	0.986737
18	32280000	32300000	11620	54	6827	13142	0.00464716	0.34135	0.884188
18	32300000	32320000	10115	72	9819	10421	0.00711814	0.49095	0.970636
18	32320000	32340000	12066	84	6346	12249	0.00696171	0.3173	0.98506
18	32340000	32360000	12897	68	8558	12975	0.00527254	0.4279	0.993988
18	32360000	32380000	14012	62	5322	14098	0.00442478	0.2661	0.9939
18	32380000	32400000	12926	56	4918	13009	0.00433235	0.2459	0.99362
18	32400000	32420000	13327	54	2592	13421	0.00405192	0.1296	0.992996
18	32420000	32440000	13229	67	5121	13347	0.00506463	0.25605	0.991159
18	32440000	32460000	13218	78	5532	13331	0.00590104	0.2766	0.991524
18	32460000	32480000	10020	52	8030	10076	0.00518962	0.4015	0.994442
18	32480000	32500000	9637	39	10236	9726	0.0040469	0.5118	0.990849
18	32500000	32520000	12945	56	10559	13046	0.00432599	0.52795	0.992258
18	32520000	32540000	12366	70	9300	12777	0.00566068	0.465	0.967833
18	32540000	32560000	12360	64	7654	12465	0.00517799	0.3827	0.991576
18	32560000	32580000	11194	60	6516	11293	0.00536001	0.3258	0.991234
18	32580000	32600000	11271	86	11338	11384	0.0076302	0.5669	0.990074
18	32600000	32620000	12892	58	7494	12988	0.00449891	0.3747	0.992609
18	32620000	32640000	11882	73	5006	11963	0.00614375	0.2503	0.993229
18	32640000	32660000	13474	60	4298	13580	0.00445302	0.2149	0.992194
18	32660000	32680000	11559	42	8576	11650	0.00363353	0.4288	0.992189
18	32680000	32700000	11259	51	11135	11359	0.00452971	0.55675	0.991196
18	32700000	32720000	14396	81	4578	14501	0.00562656	0.2289	0.992759
18	32720000	32740000	8518	46	10054	8607	0.00540033	0.5027	0.98966
18	32740000	32760000	12382	66	8735	12556	0.00533032	0.43675	0.986142
18	32760000	32780000	13062	55	7067	13264	0.00421069	0.35335	0.984771
18	32780000	32800000	4771	18	16594	4862	0.00377279	0.8297	0.981283
18	32800000	32820000	8018	33	11526	8202	0.00411574	0.5763	0.977566
18	32820000	32840000	10285	48	7988	11200	0.00466699	0.3994	0.918304
18	32840000	32860000	9069	27	14299	9423	0.00297717	0.71495	0.962432
18	32860000	32880000	11165	41	16255	11257	0.00367219	0.81275	0.991827
18	32880000	32900000	10303	35	14043	10380	0.00339707	0.70215	0.992582
18	32900000	32920000	11954	48	11276	12053	0.00401539	0.5638	0.991786
18	32920000	32940000	7239	35	15244	7346	0.00483492	0.7622	0.985434
18	32940000	32960000	8607	34	7989	10832	0.00395027	0.39945	0.79459
18	32960000	32980000	9948	47	13640	10405	0.00472457	0.682	0.956079
18	32980000	33000000	10969	61	13434	11046	0.00556113	0.6717	0.993029
18	33000000	33020000	10757	62	13034	11204	0.00576369	0.6517	0.960104
18	33020000	33040000	10427	63	12301	10507	0.00604201	0.61505	0.992386
18	33040000	33060000	12137	65	8452	12235	0.00535552	0.4226	0.99199
18	33060000	33080000	10370	48	11137	10829	0.00462874	0.55685	0.957614
18	33080000	33100000	14071	57	6812	14304	0.00405088	0.3406	0.983711
18	33100000	33120000	10027	62	14665	10301	0.00618331	0.73325	0.973401
18	33120000	33140000	11017	68	14839	11117	0.00617228	0.74195	0.991005
18	33140000	33160000	10794	61	12274	10871	0.00565129	0.6137	0.992917
18	33160000	33180000	10432	59	10772	11824	0.00565567	0.5386	0.882273
18	33180000	33200000	11236	86	11614	12048	0.00765397	0.5807	0.932603
18	33200000	33220000	7797	36	15881	7867	0.00461716	0.79405	0.991102
18	33220000	33240000	11856	58	10572	12069	0.00489204	0.5286	0.982351
18	33240000	33260000	13279	62	9800	13472	0.00466903	0.49	0.985674
18	33260000	33280000	12854	41	8296	13444	0.00318967	0.4148	0.956114
18	33280000	33300000	11272	48	9477	11351	0.00425834	0.47385	0.99304
18	33300000	33320000	6361	42	18975	6471	0.00660274	0.94875	0.983001
18	33320000	33340000	9445	47	15809	9669	0.00497618	0.79045	0.976833
18	33340000	33360000	8071	53	13790	8761	0.00656672	0.6895	0.921242
18	33360000	33380000	8915	50	13693	9008	0.00560852	0.68465	0.989676
18	33380000	33400000	10206	96	13192	10292	0.00940623	0.6596	0.991644
18	33400000	33420000	8537	65	17133	8645	0.00761392	0.85665	0.987507
18	33420000	33440000	3509	21	16022	3774	0.00598461	0.8011	0.929783
18	33440000	33460000	7567	58	16797	8987	0.00766486	0.83985	0.841994
18	33460000	33480000	8563	63	15396	8623	0.00735723	0.7698	0.993042
18	33480000	33500000	9457	65	10250	10833	0.00687322	0.5125	0.872981
18	33500000	33520000	12120	66	14598	12205	0.00544554	0.7299	0.993036
18	33520000	33540000	9980	43	12572	10043	0.00430862	0.6286	0.993727
18	33540000	33560000	8737	43	11870	9713	0.0049216	0.5935	0.899516
18	33560000	33580000	10553	36	9109	10641	0.00341135	0.45545	0.99173
18	33580000	33600000	10173	46	10701	10432	0.00452177	0.53505	0.975173
18	33600000	33620000	10706	111	8959	10795	0.010368	0.44795	0.991755
18	33620000	33640000	9322	93	14220	9405	0.0099764	0.711	0.991175
18	33640000	33660000	7511	50	13692	7649	0.0066569	0.6846	0.981958
18	33660000	33680000	6260	52	18473	6323	0.00830671	0.92365	0.990036
18	33680000	33700000	10312	69	10925	10374	0.00669123	0.54625	0.994024
18	33700000	33720000	11814	57	4899	11917	0.00482478	0.24495	0.991357
18	33720000	33740000	10158	34	11084	10229	0.00334712	0.5542	0.993059
18	33740000	33760000	11159	59	8168	11249	0.00528721	0.4084	0.991999
18	33760000	33780000	12478	58	8003	12568	0.00464818	0.40015	0.992839
18	33780000	33800000	9108	42	10169	9809	0.00461133	0.50845	0.928535
18	33800000	33820000	3835	27	18517	4756	0.00704042	0.92585	0.80635
18	33820000	33840000	7518	75	14164	7713	0.00997606	0.7082	0.974718
18	33840000	33860000	11351	87	8647	11477	0.00766452	0.43235	0.989022
18	33860000	33880000	9902	55	10328	11851	0.00555443	0.5164	0.835541
18	33880000	33900000	11737	60	7668	11811	0.00511204	0.3834	0.993735
18	33900000	33920000	13467	55	7780	13579	0.00408406	0.389	0.991752
18	33920000	33940000	12884	68	10427	12988	0.00527786	0.52135	0.991993
18	33940000	33960000	12712	73	5906	12848	0.00574261	0.2953	0.989415
18	33960000	33980000	13572	65	5128	13745	0.00478927	0.2564	0.987414
18	33980000	34000000	13127	81	5065	13257	0.00617049	0.25325	0.990194
18	34000000	34020000	13185	81	8849	13289	0.00614334	0.44245	0.992174
18	34020000	34040000	13036	63	5691	13414	0.00483277	0.28455	0.97182
18	34040000	34060000	12160	70	5359	13280	0.00575658	0.26795	0.915663
18	34060000	34080000	12269	44	5362	12381	0.00358627	0.2681	0.990954
18	34080000	34100000	12025	81	7932	12274	0.00673597	0.3966	0.979713
18	34100000	34120000	14430	81	5760	14557	0.00561331	0.288	0.991276
18	34120000	34140000	10478	73	12601	10585	0.00696698	0.63005	0.989891
18	34140000	34160000	12328	88	9085	12537	0.00713822	0.45425	0.983329
18	34160000	34180000	12960	92	6716	13071	0.00709877	0.3358	0.991508
18	34180000	34200000	12864	51	10015	12951	0.00396455	0.50075	0.993282
18	34200000	34220000	13399	80	6390	13718	0.00597059	0.3195	0.976746
18	34220000	34240000	12988	72	7309	13102	0.00554358	0.36545	0.991299
18	34240000	34260000	13401	75	10319	13486	0.0055966	0.51595	0.993697
18	34260000	34280000	11327	64	5004	13958	0.00565022	0.2502	0.811506
18	34280000	34300000	14252	58	8416	14349	0.0040696	0.4208	0.99324
18	34300000	34320000	12531	59	6530	12649	0.00470832	0.3265	0.990671
18	34320000	34340000	11432	64	6382	11821	0.00559832	0.3191	0.967092
18	34340000	34360000	13688	67	5836	13999	0.0048948	0.2918	0.977784
18	34360000	34380000	12227	61	6603	12302	0.00498896	0.33015	0.993903
18	34380000	34400000	12171	59	6574	12315	0.00484759	0.3287	0.988307
18	34400000	34420000	10963	43	12372	11177	0.00392228	0.6186	0.980854
18	34420000	34440000	10878	52	16091	10999	0.00478029	0.80455	0.988999
18	34440000	34460000	7803	35	14960	7848	0.00448545	0.748	0.994266
18	34460000	34480000	12274	44	7282	12353	0.00358481	0.3641	0.993605
18	34480000	34500000	10669	33	12742	10733	0.00309307	0.6371	0.994037
18	34500000	34520000	10132	47	12775	10203	0.00463877	0.63875	0.993041
18	34520000	34540000	10999	64	9727	11095	0.00581871	0.48635	0.991347
18	34540000	34560000	8201	28	13726	8232	0.00341422	0.6863	0.996234
18	34560000	34580000	9983	42	13802	10342	0.00420715	0.6901	0.965287
18	34580000	34600000	8267	40	16787	8314	0.00483851	0.83935	0.994347
18	34600000	34620000	7968	31	14386	8029	0.00389056	0.7193	0.992403
18	34620000	34640000	10084	47	12922	10154	0.00466085	0.6461	0.993106
18	34640000	34660000	7427	23	14751	7468	0.00309681	0.73755	0.99451
18	34660000	34680000	9213	34	14455	9284	0.00369044	0.72275	0.992352
18	34680000	34700000	5259	20	17173	5301	0.003803	0.85865	0.992077
18	34700000	34720000	11507	54	12520	11594	0.0046928	0.626	0.992496
18	34720000	34740000	10151	29	14779	10244	0.00285686	0.73895	0.990922
18	34740000	34760000	11424	46	8554	11498	0.00402661	0.4277	0.993564
18	34760000	34780000	11379	44	8303	11478	0.00386677	0.41515	0.991375
18	34780000	34800000	7319	26	15384	7358	0.0035524	0.7692	0.9947
18	34800000	34820000	13006	47	7818	13083	0.00361372	0.3909	0.994114
18	34820000	34840000	12574	42	2800	12997	0.00334023	0.14	0.967454
18	34840000	34860000	13939	58	3826	14105	0.00416099	0.1913	0.988231
18	34860000	34880000	14115	60	6046	14251	0.0042508	0.3023	0.990457
18	34880000	34900000	13093	61	2986	13671	0.00465898	0.1493	0.957721
18	34900000	34920000	13090	85	4022	13196	0.00649351	0.2011	0.991967
18	34920000	34940000	11820	63	6286	12287	0.00532995	0.3143	0.961992
18	34940000	34960000	14013	70	4064	14132	0.00499536	0.2032	0.991579
18	34960000	34980000	12719	50	3804	14198	0.00393113	0.1902	0.89583
18	34980000	35000000	13465	54	4381	13809	0.0040104	0.21905	0.975089
18	35000000	35020000	14671	56	2672	14848	0.00381705	0.1336	0.988079
18	35020000	35040000	14906	74	2262	15503	0.00496444	0.1131	0.961491
18	35040000	35060000	14854	63	5204	14988	0.00424128	0.2602	0.99106
18	35060000	35080000	14144	59	3563	14353	0.00417138	0.17815	0.985439
18	35080000	35100000	14461	66	3989	14595	0.004564	0.19945	0.990819
18	35100000	35120000	14697	80	3692	14810	0.00544329	0.1846	0.99237
18	35120000	35140000	13610	69	3618	15041	0.0050698	0.1809	0.90486
18	35140000	35160000	14247	57	2202	14715	0.00400084	0.1101	0.968196
18	35160000	35180000	14451	62	7257	14547	0.00429036	0.36285	0.993401
18	35180000	35200000	13611	76	5887	13707	0.00558372	0.29435	0.992996
18	35200000	35220000	13959	82	5968	14071	0.00587435	0.2984	0.99204
18	35220000	35240000	11142	86	10809	11653	0.00771854	0.54045	0.956149
18	35240000	35260000	15145	88	4251	15271	0.0058105	0.21255	0.991749
18	35260000	35280000	12594	72	7880	12695	0.00571701	0.394	0.992044
18	35280000	35300000	14743	87	7040	14839	0.00590111	0.352	0.993531
18	35300000	35320000	13853	85	5316	14251	0.00613586	0.2658	0.972072
18	35320000	35340000	13108	55	7760	13207	0.00419591	0.388	0.992504
18	35340000	35360000	12620	72	8284	14076	0.00570523	0.4142	0.896562
18	35360000	35380000	11453	75	8910	11753	0.0065485	0.4455	0.974475
18	35380000	35400000	7737	45	16505	7800	0.00581621	0.82525	0.991923
18	35400000	35420000	4957	33	16181	5005	0.00665725	0.80905	0.99041
18	35420000	35440000	8976	67	11827	9061	0.00746435	0.59135	0.990619
18	35440000	35460000	11640	74	10007	11840	0.00635739	0.50035	0.983108
18	35460000	35480000	13371	79	7277	13520	0.00590831	0.36385	0.988979
18	35480000	35500000	13007	61	5906	13128	0.00468978	0.2953	0.990783
18	35500000	35520000	11641	56	11400	11745	0.00481058	0.57	0.991145
18	35520000	35540000	12206	54	8136	12300	0.00442405	0.4068	0.992358
18	35540000	35560000	12560	51	9817	12677	0.00406051	0.49085	0.990771
18	35560000	35580000	13864	68	5483	13967	0.00490479	0.27415	0.992625
18	35580000	35600000	12291	81	9771	12379	0.00659019	0.48855	0.992891
18	35600000	35620000	12936	69	7500	13033	0.00533395	0.375	0.992557
18	35620000	35640000	12441	59	5204	12528	0.00474238	0.2602	0.993056
18	35640000	35660000	13580	61	6392	13676	0.0044919	0.3196	0.99298
18	35660000	35680000	14748	74	5141	14871	0.00501763	0.25705	0.991729
18	35680000	35700000	12166	84	10650	12939	0.00690449	0.5325	0.940258
18	35700000	35720000	12386	68	8200	12488	0.00549007	0.41	0.991832
18	35720000	35740000	11371	61	13949	11456	0.00536452	0.69745	0.99258
18	35740000	35760000	12972	70	13793	13110	0.00539624	0.68965	0.989474
18	35760000	35780000	12690	50	8843	12783	0.00394011	0.44215	0.992725
18	35780000	35800000	11880	57	14206	12004	0.00479798	0.7103	0.98967
18	35800000	35820000	13207	76	8150	13298	0.00575452	0.4075	0.993157
18	35820000	35840000	12945	85	8035	13145	0.00656624	0.40175	0.984785
18	35840000	35860000	9119	63	16896	9236	0.00690865	0.8448	0.987332
18	35860000	35880000	12600	77	9241	12715	0.00611111	0.46205	0.990956
18	35880000	35900000	14076	78	7447	14189	0.00554135	0.37235	0.992036
18	35900000	35920000	13339	60	13063	13475	0.00449809	0.65315	0.989907
18	35920000	35940000	12325	62	11320	12439	0.00503043	0.566	0.990835
18	35940000	35960000	13198	69	10028	13316	0.00522806	0.5014	0.991138
18	35960000	35980000	11321	85	11475	11395	0.00750817	0.57375	0.993506
18	35980000	36000000	11645	110	9785	11991	0.00944611	0.48925	0.971145
18	36000000	36020000	13473	109	4236	13614	0.00809025	0.2118	0.989643
18	36020000	36040000	14659	110	5078	14895	0.00750392	0.2539	0.984156
18	36040000	36060000	14119	105	5498	14291	0.00743679	0.2749	0.987964
18	36060000	36080000	14375	107	5790	14484	0.00744348	0.2895	0.992474
18	36080000	36100000	12555	67	8161	12702	0.00533652	0.40805	0.988427
18	36100000	36120000	12170	58	15131	12409	0.00476582	0.75655	0.98074
18	36120000	36140000	13887	93	7519	14056	0.00669691	0.37595	0.987977
18	36140000	36160000	13047	97	4886	13661	0.00743466	0.2443	0.955055
18	36160000	36180000	13732	95	4929	13891	0.00691815	0.24645	0.988554
18	36180000	36200000	14194	65	4744	14312	0.0045794	0.2372	0.991755
18	36200000	36220000	13915	62	6828	14063	0.00445562	0.3414	0.989476
18	36220000	36240000	14121	65	6603	14236	0.00460307	0.33015	0.991922
18	36240000	36260000	9827	75	10697	10038	0.00763203	0.53485	0.97898
18	36260000	36280000	12319	53	9645	12431	0.0043023	0.48225	0.99099
18	36280000	36300000	13226	71	4656	13811	0.00536821	0.2328	0.957642
18	36300000	36320000	13651	59	3735	13773	0.00432203	0.18675	0.991142
18	36320000	36340000	13440	80	10630	13535	0.00595238	0.5315	0.992981
18	36340000	36360000	9747	51	9766	9893	0.00523238	0.4883	0.985242
18	36360000	36380000	13080	79	9830	13212	0.00603976	0.4915	0.990009
18	36380000	36400000	13182	58	11026	13745	0.00439994	0.5513	0.95904
18	36400000	36420000	11725	60	12748	11839	0.00511727	0.6374	0.990371
18	36420000	36440000	13259	73	7927	13372	0.00550569	0.39635	0.99155
18	36440000	36460000	12940	74	12046	13072	0.0057187	0.6023	0.989902
18	36460000	36480000	14451	76	5085	14566	0.00525915	0.25425	0.992105
18	36480000	36500000	11079	72	8042	11164	0.00649878	0.4021	0.992386
18	36500000	36520000	12508	74	8423	12597	0.00591621	0.42115	0.992935
18	36520000	36540000	11604	76	8000	11736	0.00654947	0.4	0.988753
18	36540000	36560000	13039	52	5757	13148	0.00398804	0.28785	0.99171
18	36560000	36580000	11006	73	10733	11121	0.00663275	0.53665	0.989659
18	36580000	36600000	11784	74	11126	11879	0.0062797	0.5563	0.992003
18	36600000	36620000	13994	95	5042	14099	0.00678862	0.2521	0.992553
18	36620000	36640000	13241	67	4380	13371	0.00506004	0.219	0.990277
18	36640000	36660000	13772	86	8102	13868	0.00624455	0.4051	0.993078
18	36660000	36680000	12084	77	12655	12598	0.00637206	0.63275	0.9592
18	36680000	36700000	12835	99	5869	12994	0.00771328	0.29345	0.987764
18	36700000	36720000	6504	63	16340	6563	0.00968635	0.817	0.99101
18	36720000	36740000	11203	75	13145	11319	0.00669464	0.65725	0.989752
18	36740000	36760000	14156	98	8519	14270	0.00692286	0.42595	0.992011
18	36760000	36780000	12403	62	7878	12520	0.00499879	0.3939	0.990655
18	36780000	36800000	12973	69	5876	13091	0.00531874	0.2938	0.990986
18	36800000	36820000	11112	69	9089	11198	0.0062095	0.45445	0.99232
18	36820000	36840000	10557	86	16138	10656	0.00814625	0.8069	0.990709
18	36840000	36860000	11064	49	10684	11205	0.00442878	0.5342	0.987416
18	36860000	36880000	12591	71	6694	12713	0.00563895	0.3347	0.990404
18	36880000	36900000	12586	60	6979	12694	0.0047672	0.34895	0.991492
18	36900000	36920000	12117	62	4732	12255	0.00511678	0.2366	0.988739
18	36920000	36940000	12670	88	5976	12769	0.00694554	0.2988	0.992247
18	36940000	36960000	11255	67	13083	11355	0.00595291	0.65415	0.991193
18	36960000	36980000	8416	44	11980	8502	0.00522814	0.599	0.989885
18	36980000	37000000	12038	78	7223	12307	0.00647948	0.36115	0.978143
18	37000000	37020000	8828	31	10176	9422	0.00351155	0.5088	0.936956
18	37020000	37040000	9823	39	13448	9917	0.00397027	0.6724	0.990521
18	37040000	37060000	11827	52	7884	12884	0.00439672	0.3942	0.91796
18	37060000	37080000	12793	69	7704	12911	0.00539357	0.3852	0.990861
18	37080000	37100000	14274	50	3566	14367	0.00350287	0.1783	0.993527
18	37100000	37120000	12637	55	7443	12779	0.0043523	0.37215	0.988888
18	37120000	37140000	13305	54	8399	13403	0.00405862	0.41995	0.992688
18	37140000	37160000	8830	47	11234	8904	0.00532276	0.5617	0.991689
18	37160000	37180000	12752	40	4519	14224	0.00313676	0.22595	0.896513
18	37180000	37200000	12015	50	6674	12133	0.00416146	0.3337	0.990274
18	37200000	37220000	13854	45	7278	14003	0.00324816	0.3639	0.989359
18	37220000	37240000	12696	44	10192	12789	0.00346566	0.5096	0.992728
18	37240000	37260000	12805	52	7207	12891	0.00406091	0.36035	0.993329
18	37260000	37280000	12248	42	10143	12347	0.00342913	0.50715	0.991982
18	37280000	37300000	12565	47	8508	13016	0.00374055	0.4254	0.96535
18	37300000	37320000	14118	57	5426	14231	0.0040374	0.2713	0.99206
18	37320000	37340000	10633	46	11639	10730	0.00432615	0.58195	0.99096
18	37340000	37360000	12148	47	9839	12243	0.00386895	0.49195	0.99224
18	37360000	37380000	11483	49	7698	11593	0.00426718	0.3849	0.990512
18	37380000	37400000	8092	64	10644	9394	0.00790905	0.5322	0.861401
18	37400000	37420000	14121	93	5141	14280	0.00658594	0.25705	0.988866
18	37420000	37440000	13151	63	6290	13290	0.00479051	0.3145	0.989541
18	37440000	37460000	12472	49	4662	12566	0.0039288	0.2331	0.992519
18	37460000	37480000	12309	57	9450	12499	0.00463076	0.4725	0.984799
18	37480000	37500000	14762	77	8469	14899	0.0052161	0.42345	0.990805
18	37500000	37520000	8347	37	15477	8421	0.00443273	0.77385	0.991212
18	37520000	37540000	9787	58	10213	9869	0.00592623	0.51065	0.991691
18	37540000	37560000	13091	77	6636	13217	0.0058819	0.3318	0.990467
18	37560000	37580000	12235	57	8890	12361	0.00465877	0.4445	0.989807
18	37580000	37600000	12191	36	6899	12298	0.002953	0.34495	0.991299
18	37600000	37620000	12721	58	6574	12855	0.00455939	0.3287	0.989576
18	37620000	37640000	13346	73	5403	13466	0.0054698	0.27015	0.991089
18	37640000	37660000	12418	93	6540	12615	0.00748913	0.327	0.984384
18	37660000	37680000	14172	66	4477	14302	0.00465707	0.22385	0.99091
18	37680000	37700000	9308	44	9850	9507	0.00472712	0.4925	0.979068
18	37700000	37720000	12845	89	10367	13013	0.00692877	0.51835	0.98709
18	37720000	37740000	12777	84	8993	12898	0.00657431	0.44965	0.990619
18	37740000	37760000	12382	91	7386	13338	0.00734938	0.3693	0.928325
18	37760000	37780000	8246	66	14529	8343	0.00800388	0.72645	0.988373
18	37780000	37800000	12167	63	8023	12296	0.00517794	0.40115	0.989509
18	37800000	37820000	11678	57	10792	11797	0.00488097	0.5396	0.989913
18	37820000	37840000	13236	117	7262	13396	0.00883953	0.3631	0.988056
18	37840000	37860000	12276	88	12084	12416	0.00716846	0.6042	0.988724
18	37860000	37880000	12537	71	11040	12666	0.00566324	0.552	0.989815
18	37880000	37900000	12727	72	10511	12849	0.00565726	0.52555	0.990505
18	37900000	37920000	10607	74	15538	10702	0.00697652	0.7769	0.991123
18	37920000	37940000	14451	84	5532	14586	0.00581275	0.2766	0.990745
18	37940000	37960000	13110	109	5404	13211	0.00831426	0.2702	0.992355
18	37960000	37980000	12845	64	5875	13175	0.00498248	0.29375	0.974953
18	37980000	38000000	13190	76	7714	13319	0.00576194	0.3857	0.990315
18	38000000	38020000	13867	88	3772	13995	0.006346	0.1886	0.990854
18	38020000	38040000	13912	83	5663	14051	0.00596607	0.28315	0.990107
18	38040000	38060000	11936	62	8265	12069	0.00519437	0.41325	0.98898
18	38060000	38080000	13574	70	5867	13689	0.00515692	0.29335	0.991599
18	38080000	38100000	11898	67	9059	12005	0.0056312	0.45295	0.991087
18	38100000	38120000	12889	93	8298	13002	0.00721546	0.4149	0.991309
18	38120000	38140000	12591	101	5643	12723	0.0080216	0.28215	0.989625
18	38140000	38160000	14925	81	6157	15047	0.00542714	0.30785	0.991892
18	38160000	38180000	12267	65	8101	12496	0.00529877	0.40505	0.981674
18	38180000	38200000	11859	57	6450	11950	0.00480648	0.3225	0.992385
18	38200000	38220000	12272	58	6346	12412	0.00472621	0.3173	0.988721
18	38220000	38240000	11830	93	6075	12828	0.00786137	0.30375	0.922201
18	38240000	38260000	14094	107	6245	14287	0.00759188	0.31225	0.986491
18	38260000	38280000	11931	81	12915	12073	0.00678904	0.64575	0.988238
18	38280000	38300000	11805	94	8768	12220	0.00796273	0.4384	0.966039
18	38300000	38320000	11268	88	12552	11430	0.00780973	0.6276	0.985827
18	38320000	38340000	13008	103	7705	13142	0.0079182	0.38525	0.989804
18	38340000	38360000	12430	77	7617	12674	0.00619469	0.38085	0.980748
18	38360000	38380000	10427	65	9050	10699	0.00623382	0.4525	0.974577
18	38380000	38400000	13085	72	5327	13225	0.00550248	0.26635	0.989414
18	38400000	38420000	9920	34	10971	10020	0.00342742	0.54855	0.99002
18	38420000	38440000	10532	51	9413	10646	0.00484239	0.47065	0.989292
18	38440000	38460000	10217	73	7889	12720	0.00714495	0.39445	0.803223
18	38460000	38480000	11704	54	11736	11864	0.00461381	0.5868	0.986514
18	38480000	38500000	12461	68	6631	12620	0.00545703	0.33155	0.987401
18	38500000	38520000	12949	54	5536	13365	0.00417021	0.2768	0.968874
18	38520000	38540000	12535	68	6843	12648	0.00542481	0.34215	0.991066
18	38540000	38560000	8872	42	18242	8972	0.00473399	0.9121	0.988854
18	38560000	38580000	10007	45	11822	11605	0.00449685	0.5911	0.862301
18	38580000	38600000	10932	55	15477	12414	0.0050311	0.77385	0.880619
18	38600000	38620000	14508	68	6279	14710	0.00468707	0.31395	0.986268
18	38620000	38640000	13352	103	6513	13487	0.0077142	0.32565	0.98999
18	38640000	38660000	12628	94	4590	12717	0.00744378	0.2295	0.993001
18	38660000	38680000	11775	74	7322	11887	0.0062845	0.3661	0.990578
18	38680000	38700000	11294	74	11593	11434	0.00655215	0.57965	0.987756
18	38700000	38720000	14272	95	5771	14403	0.00665639	0.28855	0.990905
18	38720000	38740000	14739	87	7442	15019	0.00590271	0.3721	0.981357
18	38740000	38760000	12293	77	11965	12415	0.00626373	0.59825	0.990173
18	38760000	38780000	12514	89	12943	12666	0.00711203	0.64715	0.987999
18	38780000	38800000	14570	74	6445	14706	0.00507893	0.32225	0.990752
18	38800000	38820000	12094	64	10344	12211	0.00529188	0.5172	0.990418
18	38820000	38840000	12550	51	9062	12682	0.00406375	0.4531	0.989592
18	38840000	38860000	11948	83	11333	12095	0.00694677	0.56665	0.987846
18	38860000	38880000	10772	87	13308	10897	0.00807649	0.6654	0.988529
18	38880000	38900000	11073	90	11978	11201	0.00812788	0.5989	0.988572
18	38900000	38920000	12486	92	9610	12601	0.00736825	0.4805	0.990874
18	38920000	38940000	11940	62	5946	12027	0.00519263	0.2973	0.992766
18	38940000	38960000	8819	45	5138	8898	0.00510262	0.2569	0.991122
18	38960000	38980000	13173	82	5251	13300	0.00622485	0.26255	0.990451
18	38980000	39000000	12380	75	7175	12504	0.00605816	0.35875	0.990083
18	39000000	39020000	10872	68	11395	11144	0.0062546	0.56975	0.975592
18	39020000	39040000	12479	79	8467	12597	0.00633064	0.42335	0.990633
18	39040000	39060000	13370	89	10255	13538	0.00665669	0.51275	0.98759
18	39060000	39080000	12761	57	6984	12869	0.00446673	0.3492	0.991608
18	39080000	39100000	14149	71	8919	14266	0.00501802	0.44595	0.991799
18	39100000	39120000	13463	79	5112	13800	0.00586793	0.2556	0.97558
18	39120000	39140000	13999	71	6508	14147	0.00507179	0.3254	0.989538
18	39140000	39160000	13093	73	7077	13225	0.0055755	0.35385	0.990019
18	39160000	39180000	13320	52	5939	13454	0.0039039	0.29695	0.99004
18	39180000	39200000	12333	39	8492	12462	0.00316225	0.4246	0.989649
18	39200000	39220000	9483	39	11105	9565	0.00411262	0.55525	0.991427
18	39220000	39240000	14531	59	6525	14643	0.00406028	0.32625	0.992351
18	39240000	39260000	14637	61	6366	14776	0.00416752	0.3183	0.990593
18	39260000	39280000	13922	63	7215	14283	0.00452521	0.36075	0.974725
18	39280000	39300000	14094	76	5074	14196	0.00539237	0.2537	0.992815
18	39300000	39320000	13011	75	6747	13109	0.00576435	0.33735	0.992524
18	39320000	39340000	13592	77	4861	13713	0.0056651	0.24305	0.991176
18	39340000	39360000	10793	60	10078	10853	0.00555916	0.5039	0.994472
18	39360000	39380000	13020	82	6125	13161	0.006298	0.30625	0.989287
18	39380000	39400000	12442	79	7705	12544	0.00634946	0.38525	0.991869
18	39400000	39420000	13230	78	6397	13314	0.00589569	0.31985	0.993691
18	39420000	39440000	12975	64	6633	13087	0.00493256	0.33165	0.991442
18	39440000	39460000	11794	55	6787	11870	0.00466339	0.33935	0.993597
18	39460000	39480000	13475	101	6885	13775	0.00749536	0.34425	0.978221
18	39480000	39500000	13823	58	10822	13920	0.00419591	0.5411	0.993032
18	39500000	39520000	12410	77	7638	12546	0.00620467	0.3819	0.98916
18	39520000	39540000	12446	63	8177	12555	0.00506187	0.40885	0.991318
18	39540000	39560000	12760	46	5604	12852	0.00360502	0.2802	0.992842
18	39560000	39580000	14349	69	4237	14470	0.0048087	0.21185	0.991638
18	39580000	39600000	12206	63	10291	12305	0.0051614	0.51455	0.991954
18	39600000	39620000	12575	67	7537	12674	0.00532803	0.37685	0.992189
18	39620000	39640000	12751	63	7186	12848	0.00494079	0.3593	0.99245
18	39640000	39660000	11408	56	7724	11489	0.00490884	0.3862	0.99295
18	39660000	39680000	12655	60	8482	12782	0.00474121	0.4241	0.990064
18	39680000	39700000	11356	58	10706	11464	0.00510743	0.5353	0.990579
18	39700000	39720000	10236	63	13028	10313	0.00615475	0.6514	0.992534
18	39720000	39740000	8744	61	13287	8829	0.00697621	0.66435	0.990373
18	39740000	39760000	13673	89	6894	13780	0.00650918	0.3447	0.992235
18	39760000	39780000	12401	78	7823	12503	0.00628982	0.39115	0.991842
18	39780000	39800000	8818	46	13312	9200	0.0052166	0.6656	0.958478
18	39800000	39820000	11886	90	11921	12020	0.00757193	0.59605	0.988852
18	39820000	39840000	8835	81	12939	9031	0.00916808	0.64695	0.978297
18	39840000	39860000	12169	65	6120	12357	0.00534144	0.306	0.984786
18	39860000	39880000	13462	84	5601	13602	0.00623979	0.28005	0.989707
18	39880000	39900000	13110	96	7771	13241	0.00732265	0.38855	0.990106
18	39900000	39920000	10971	75	9312	11068	0.0068362	0.4656	0.991236
18	39920000	39940000	11826	92	10253	11937	0.00777947	0.51265	0.990701
18	39940000	39960000	10556	60	10865	10635	0.00568397	0.54325	0.992572
18	39960000	39980000	11898	79	9020	11990	0.00663977	0.451	0.992327
18	39980000	40000000	12365	92	10536	12475	0.00744036	0.5268	0.991182
18	40000000	40020000	9642	50	10720	10022	0.00518565	0.536	0.962083
18	40020000	40040000	11547	56	9347	11667	0.00484974	0.46735	0.989715
18	40040000	40060000	8325	53	11249	8500	0.00636637	0.56245	0.979412
18	40060000	40080000	12779	59	8967	12895	0.00461695	0.44835	0.991004
18	40080000	40100000	11509	59	9423	11787	0.00512642	0.47115	0.976415
18	40100000	40120000	13822	84	5014	13934	0.00607727	0.2507	0.991962
18	40120000	40140000	7275	75	14579	7396	0.0103093	0.72895	0.98364
18	40140000	40160000	13076	90	8570	13172	0.00688284	0.4285	0.992712
18	40160000	40180000	10518	95	14406	10613	0.00903214	0.7203	0.991049
18	40180000	40200000	12287	90	6684	12398	0.00732481	0.3342	0.991047
18	40200000	40220000	13365	73	8713	13487	0.00546203	0.43565	0.990954
18	40220000	40240000	11804	46	9213	11899	0.00389698	0.46065	0.992016
18	40240000	40260000	10042	73	10481	10141	0.00726947	0.52405	0.990238
18	40260000	40280000	11183	86	12224	11321	0.00769024	0.6112	0.98781
18	40280000	40300000	11647	56	8863	11779	0.00480811	0.44315	0.988794
18	40300000	40320000	9219	46	10882	9335	0.0049897	0.5441	0.987574
18	40320000	40340000	10489	58	11003	10791	0.0055296	0.55015	0.972014
18	40340000	40360000	12175	89	8197	12285	0.00731006	0.40985	0.991046
18	40360000	40380000	12789	59	8460	12883	0.00461334	0.423	0.992704
18	40380000	40400000	12424	52	7474	12511	0.00418545	0.3737	0.993046
18	40400000	40420000	13649	104	8118	13778	0.00761961	0.4059	0.990637
18	40420000	40440000	12326	102	9841	12492	0.00827519	0.49205	0.986711
18	40440000	40460000	12846	87	7112	13021	0.00677254	0.3556	0.98656
18	40460000	40480000	13121	122	6611	13714	0.00929807	0.33055	0.95676
18	40480000	40500000	12297	73	13079	12581	0.00593641	0.65395	0.977426
18	40500000	40520000	14319	98	4644	14455	0.00684405	0.2322	0.990591
18	40520000	40540000	11892	85	8507	12017	0.00714766	0.42535	0.989598
18	40540000	40560000	13141	104	7470	13287	0.00791416	0.3735	0.989012
18	40560000	40580000	9375	80	13430	9460	0.00853333	0.6715	0.991015
18	40580000	40600000	13466	64	9402	13569	0.00475271	0.4701	0.992409
18	40600000	40620000	11347	59	12388	11451	0.00519961	0.6194	0.990918
18	40620000	40640000	13780	67	5485	13889	0.00486212	0.27425	0.992152
18	40640000	40660000	13029	91	6247	13156	0.00698442	0.31235	0.990347
18	40660000	40680000	10042	68	9613	10255	0.00677156	0.48065	0.97923
18	40680000	40700000	14000	94	6940	14245	0.00671429	0.347	0.982801
18	40700000	40720000	12824	98	6642	12980	0.00764192	0.3321	0.987982
18	40720000	40740000	13639	78	5861	13783	0.00571889	0.29305	0.989552
18	40740000	40760000	8882	46	15303	8966	0.00517901	0.76515	0.990631
18	40760000	40780000	13832	108	5416	13982	0.00780798	0.2708	0.989272
18	40780000	40800000	12077	80	9803	12718	0.00662416	0.49015	0.949599
18	40800000	40820000	8187	65	13777	8284	0.00793942	0.68885	0.988291
18	40820000	40840000	13331	95	5685	13488	0.00712625	0.28425	0.98836
18	40840000	40860000	10464	49	7069	10543	0.00468272	0.35345	0.992507
18	40860000	40880000	7784	60	14308	7851	0.00770812	0.7154	0.991466
18	40880000	40900000	13507	97	7365	13635	0.00718146	0.36825	0.990612
18	40900000	40920000	8849	59	11084	9003	0.00666742	0.5542	0.982895
18	40920000	40940000	13711	114	10733	13825	0.00831449	0.53665	0.991754
18	40940000	40960000	11340	120	9533	11473	0.010582	0.47665	0.988408
18	40960000	40980000	11876	90	10863	12178	0.00757831	0.54315	0.975201
18	40980000	41000000	10584	67	10315	11108	0.00633031	0.51575	0.952827
18	41000000	41020000	11736	86	8359	12036	0.00732788	0.41795	0.975075
18	41020000	41040000	11349	73	10520	11556	0.00643228	0.526	0.982087
18	41040000	41060000	11731	61	9767	11874	0.0051999	0.48835	0.987957
18	41060000	41080000	9214	79	14582	9341	0.00857391	0.7291	0.986404
18	41080000	41100000	9964	88	14240	10062	0.00883179	0.712	0.99026
18	41100000	41120000	12624	105	7133	12769	0.00831749	0.35665	0.988644
18	41120000	41140000	7959	73	13115	8040	0.00917201	0.65575	0.989925
18	41140000	41160000	14135	85	8405	14278	0.00601344	0.42025	0.989985
18	41160000	41180000	12177	76	9594	12351	0.00624127	0.4797	0.985912
18	41180000	41200000	9315	62	16255	9451	0.00665593	0.81275	0.98561
18	41200000	41220000	12571	56	7392	12694	0.0044547	0.3696	0.99031
18	41220000	41240000	9368	93	14959	9519	0.00992741	0.74795	0.984137
18	41240000	41260000	10463	76	12167	11062	0.00726369	0.60835	0.945851
18	41260000	41280000	9166	74	14877	9251	0.00807331	0.74385	0.990812
18	41280000	41300000	12529	100	14035	12624	0.00798148	0.70175	0.992475
18	41300000	41320000	9351	70	12878	9476	0.00748583	0.6439	0.986809
18	41320000	41340000	10967	76	11937	11088	0.00692988	0.59685	0.989087
18	41340000	41360000	11328	104	11054	11612	0.00918079	0.5527	0.975543
18	41360000	41380000	13409	105	8663	13555	0.00783056	0.43315	0.989229
18	41380000	41400000	10282	79	14461	10387	0.00768333	0.72305	0.989891
18	41400000	41420000	9578	56	10526	9667	0.00584673	0.5263	0.990793
18	41420000	41440000	11774	86	10311	11895	0.00730423	0.51555	0.989828
18	41440000	41460000	12314	91	9132	12445	0.00738996	0.4566	0.989474
18	41460000	41480000	13601	82	11011	13762	0.00602897	0.55055	0.988301
18	41480000	41500000	11026	69	10780	11166	0.00625794	0.539	0.987462
18	41500000	41520000	12485	66	9655	12614	0.00528634	0.48275	0.989773
18	41520000	41540000	12941	85	9775	13089	0.00656827	0.48875	0.988693
18	41540000	41560000	12021	87	8365	12150	0.00723733	0.41825	0.989383
18	41560000	41580000	8102	55	12835	8181	0.00678845	0.64175	0.990343
18	41580000	41600000	10383	83	15678	10504	0.00799384	0.7839	0.988481
18	41600000	41620000	8964	91	9675	9768	0.0101517	0.48375	0.91769
18	41620000	41640000	13217	91	9010	13383	0.00688507	0.4505	0.987596
18	41640000	41660000	11777	116	9613	11901	0.00984971	0.48065	0.989581
18	41660000	41680000	9842	72	17301	9994	0.00731559	0.86505	0.984791
18	41680000	41700000	11315	86	14928	11415	0.00760053	0.7464	0.99124
18	41700000	41720000	12409	65	8829	12529	0.00523813	0.44145	0.990422
18	41720000	41740000	12198	67	7938	12405	0.0054927	0.3969	0.983313
18	41740000	41760000	11493	74	8062	11609	0.0064387	0.4031	0.990008
18	41760000	41780000	13548	92	8812	13744	0.00679067	0.4406	0.985739
18	41780000	41800000	9558	74	14807	10099	0.00774221	0.74035	0.94643
18	41800000	41820000	11712	82	7440	11830	0.00700137	0.372	0.990025
18	41820000	41840000	9604	40	9981	9689	0.00416493	0.49905	0.991227
18	41840000	41860000	10151	107	12065	10276	0.0105408	0.60325	0.987836
18	41860000	41880000	13513	67	8060	14118	0.00495819	0.403	0.957147
18	41880000	41900000	5501	26	18069	5670	0.00472641	0.90345	0.970194
18	41900000	41920000	7206	68	12158	7337	0.00943658	0.6079	0.982145
18	41920000	41940000	4162	22	19103	4205	0.00528592	0.95515	0.989774
18	41940000	41960000	3211	33	19691	3250	0.0102772	0.98455	0.988
18	41960000	41980000	11891	54	5606	12562	0.00454125	0.2803	0.946585
18	41980000	42000000	8220	43	16790	8296	0.00523114	0.8395	0.990839
18	42000000	42020000	7446	38	17649	7522	0.00510341	0.88245	0.989896
18	42020000	42040000	10616	66	10232	10712	0.00621703	0.5116	0.991038
18	42040000	42060000	13104	78	4815	13243	0.00595238	0.24075	0.989504
18	42060000	42080000	10296	65	11880	10386	0.00631313	0.594	0.991334
18	42080000	42100000	14327	85	5439	14451	0.00593285	0.27195	0.991419
18	42100000	42120000	13457	77	5856	13568	0.00572193	0.2928	0.991819
18	42120000	42140000	13177	75	6352	13700	0.00569174	0.3176	0.961825
18	42140000	42160000	12546	68	12023	12649	0.00542005	0.60115	0.991857
18	42160000	42180000	12518	72	8074	12620	0.00575172	0.4037	0.991918
18	42180000	42200000	11613	78	7909	12086	0.00671661	0.39545	0.960864
18	42200000	42220000	13440	72	10561	13551	0.00535714	0.52805	0.991809
18	42220000	42240000	14403	84	7247	14513	0.00583212	0.36235	0.992421
18	42240000	42260000	12635	93	6913	12719	0.00736051	0.34565	0.993396
18	42260000	42280000	13535	62	5402	13624	0.00458072	0.2701	0.993467
18	42280000	42300000	12751	52	4563	12930	0.00407811	0.22815	0.986156
18	42300000	42320000	14160	52	4015	14250	0.00367232	0.20075	0.993684
18	42320000	42340000	14084	50	4663	14207	0.00355013	0.23315	0.991342
18	42340000	42360000	13523	88	4522	13936	0.00650743	0.2261	0.970365
18	42360000	42380000	14446	85	5983	14542	0.00588398	0.29915	0.993398
18	42380000	42400000	14140	72	2919	14481	0.00509194	0.14595	0.976452
18	42400000	42420000	13393	61	3127	14661	0.00455462	0.15635	0.913512
18	42420000	42440000	15331	68	5449	15429	0.00443546	0.27245	0.993648
18	42440000	42460000	14221	55	3718	14342	0.00386752	0.1859	0.991563
18	42460000	42480000	13355	66	5136	14174	0.00494197	0.2568	0.942218
18	42480000	42500000	13655	56	5901	13765	0.00410106	0.29505	0.992009
18	42500000	42520000	9414	45	10147	10137	0.00478011	0.50735	0.928677
18	42520000	42540000	13846	58	5332	13930	0.00418894	0.2666	0.99397
18	42540000	42560000	12657	63	6566	12786	0.00497748	0.3283	0.989911
18	42560000	42580000	13192	64	10734	13365	0.00485143	0.5367	0.987056
18	42580000	42600000	14213	85	4974	14285	0.00598044	0.2487	0.99496
18	42600000	42620000	12487	57	8012	12595	0.00456475	0.4006	0.991425
18	42620000	42640000	13317	76	6599	13519	0.00570699	0.32995	0.985058
18	42640000	42660000	13180	84	8913	13275	0.00637329	0.44565	0.992844
18	42660000	42680000	11900	68	8656	12005	0.00571429	0.4328	0.991254
18	42680000	42700000	14828	84	7349	14959	0.00566496	0.36745	0.991243
18	42700000	42720000	12138	73	8819	12275	0.00601417	0.44095	0.988839
18	42720000	42740000	11855	59	10349	12017	0.0049768	0.51745	0.986519
18	42740000	42760000	14784	94	5365	14919	0.00635823	0.26825	0.990951
18	42760000	42780000	13210	75	9964	13319	0.00567752	0.4982	0.991816
18	42780000	42800000	13789	118	4704	13885	0.00855755	0.2352	0.993086
18	42800000	42820000	11960	70	7703	12059	0.00585284	0.38515	0.99179
18	42820000	42840000	13097	78	5909	13227	0.00595556	0.29545	0.990172
18	42840000	42860000	11937	57	9455	12027	0.00477507	0.47275	0.992517
18	42860000	42880000	13920	102	4059	14063	0.00732759	0.20295	0.989831
18	42880000	42900000	14081	73	5927	14212	0.00518429	0.29635	0.990782
18	42900000	42920000	13320	84	5779	13420	0.00630631	0.28895	0.992548
18	42920000	42940000	12132	71	6583	12234	0.00585229	0.32915	0.991663
18	42940000	42960000	14104	85	5202	14235	0.00602666	0.2601	0.990797
18	42960000	42980000	12189	67	9392	12761	0.00549676	0.4696	0.955176
18	42980000	43000000	12170	99	9343	12280	0.00813476	0.46715	0.991042
18	43000000	43020000	14317	117	4592	14439	0.0081721	0.2296	0.991551
18	43020000	43040000	13158	71	6410	13267	0.00539596	0.3205	0.991784
18	43040000	43060000	10691	63	10768	10783	0.00589281	0.5384	0.991468
18	43060000	43080000	13852	73	8016	13956	0.00527	0.4008	0.992548
18	43080000	43100000	14489	85	4218	14616	0.00586652	0.2109	0.991311
18	43100000	43120000	11690	51	8727	11815	0.0043627	0.43635	0.98942
18	43120000	43140000	13200	69	6138	13312	0.00522727	0.3069	0.991587
18	43140000	43160000	14639	76	7520	14771	0.00519161	0.376	0.991064
18	43160000	43180000	13238	85	6709	13377	0.00642091	0.33545	0.989609
18	43180000	43200000	12692	69	8461	12807	0.0054365	0.42305	0.991021
18	43200000	43220000	14015	109	7969	14177	0.00777738	0.39845	0.988573
18	43220000	43240000	12773	78	7449	13118	0.00610663	0.37245	0.9737
18	43240000	43260000	13055	84	5076	13188	0.00643432	0.2538	0.989915
18	43260000	43280000	8774	66	11087	8842	0.00752222	0.55435	0.992309
18	43280000	43300000	8859	56	10695	9694	0.00632126	0.53475	0.913864
18	43300000	43320000	13265	82	3715	13862	0.00618168	0.18575	0.956933
18	43320000	43340000	10919	64	8571	11027	0.00586134	0.42855	0.990206
18	43340000	43360000	12204	60	11065	12443	0.00491642	0.55325	0.980792
18	43360000	43380000	7367	36	13130	7700	0.00488666	0.6565	0.956753
18	43380000	43400000	6029	35	16459	6084	0.00580527	0.82295	0.99096
18	43400000	43420000	12251	92	8132	12421	0.00750959	0.4066	0.986314
18	43420000	43440000	13190	72	5209	13343	0.00545868	0.26045	0.988533
18	43440000	43460000	10813	55	9691	11580	0.00508647	0.48455	0.933765
18	43460000	43480000	11934	63	6840	12003	0.00527903	0.342	0.994251
18	43480000	43500000	12562	63	6456	12648	0.00501512	0.3228	0.993201
18	43500000	43520000	11392	91	7677	11463	0.00798806	0.38385	0.993806
18	43520000	43540000	11077	58	8900	11270	0.00523607	0.445	0.982875
18	43540000	43560000	8431	59	12180	8508	0.00699798	0.609	0.99095
18	43560000	43580000	10759	60	9597	10922	0.00557673	0.47985	0.985076
18	43580000	43600000	10562	63	11140	10631	0.00596478	0.557	0.99351
18	43600000	43620000	9721	55	9775	9792	0.00565785	0.48875	0.992749
18	43620000	43640000	8674	32	12172	8895	0.00368919	0.6086	0.975155
18	43640000	43660000	9382	46	10663	9450	0.00490301	0.53315	0.992804
18	43660000	43680000	6764	35	9076	6864	0.00517445	0.4538	0.985431
18	43680000	43700000	5903	35	15476	5984	0.00592919	0.7738	0.986464
18	43700000	43720000	6785	26	12672	6904	0.00383198	0.6336	0.982764
18	43720000	43740000	8278	36	13475	9026	0.00434888	0.67375	0.917128
18	43740000	43760000	8051	22	10852	8118	0.00273258	0.5426	0.991747
18	43760000	43780000	3154	24	13189	6799	0.00760938	0.65945	0.463892
18	43780000	43800000	93	1	8601	9560	0.0107527	0.43005	0.00972803
18	43800000	43820000	10284	49	5339	10931	0.00476468	0.26695	0.940811
18	43820000	43840000	10598	50	7920	10707	0.00471787	0.396	0.98982
18	43840000	43860000	13716	75	7214	13815	0.00546807	0.3607	0.992834
18	43860000	43880000	13048	78	8192	13142	0.00597793	0.4096	0.992847
18	43880000	43900000	12819	105	11177	13193	0.00819097	0.55885	0.971652
18	43900000	43920000	12265	60	6700	12375	0.00489197	0.335	0.991111
18	43920000	43940000	14854	97	5894	14989	0.00653023	0.2947	0.990993
18	43940000	43960000	14038	119	5793	14187	0.00847699	0.28965	0.989497
18	43960000	43980000	9852	71	6569	14070	0.00720666	0.32845	0.700213
18	43980000	44000000	12103	78	7974	13875	0.00644468	0.3987	0.872288
18	44000000	44020000	13854	88	7685	13961	0.00635196	0.38425	0.992336
18	44020000	44040000	11807	69	11883	12028	0.00584399	0.59415	0.981626
18	44040000	44060000	12212	57	9329	12326	0.00466754	0.46645	0.990751
18	44060000	44080000	13960	72	7231	14071	0.00515759	0.36155	0.992111
18	44080000	44100000	14377	64	6520	14586	0.00445155	0.326	0.985671
18	44100000	44120000	13878	55	7398	13975	0.00396311	0.3699	0.993059
18	44120000	44140000	12444	52	7757	13012	0.00417872	0.38785	0.956348
18	44140000	44160000	14011	62	6683	14188	0.00442509	0.33415	0.987525
18	44160000	44180000	13090	59	11669	13246	0.00450726	0.58345	0.988223
18	44180000	44200000	12893	50	11162	13076	0.00387807	0.5581	0.986005
18	44200000	44220000	13349	49	7514	13707	0.00367069	0.3757	0.973882
18	44220000	44240000	13535	79	7793	13774	0.00583672	0.38965	0.982648
18	44240000	44260000	13516	88	8193	13674	0.0065108	0.40965	0.988445
18	44260000	44280000	12634	76	8752	12716	0.00601551	0.4376	0.993551
18	44280000	44300000	13041	73	9004	13149	0.00559773	0.4502	0.991786
18	44300000	44320000	10663	63	8027	11420	0.00590828	0.40135	0.933713
18	44320000	44340000	8196	54	13716	8600	0.00658858	0.6858	0.953023
18	44340000	44360000	11160	62	10973	11534	0.00555556	0.54865	0.967574
18	44360000	44380000	9424	43	15328	9525	0.00456282	0.7664	0.989396
18	44380000	44400000	11127	54	5493	12408	0.00485306	0.27465	0.89676
18	44400000	44420000	12942	47	8947	13025	0.00363159	0.44735	0.993628
18	44420000	44440000	12311	45	5450	12355	0.00365527	0.2725	0.996439
18	44440000	44460000	7534	48	16221	7681	0.00637112	0.81105	0.980862
18	44460000	44480000	9685	48	11043	9751	0.00495612	0.55215	0.993231
18	44480000	44500000	9147	49	13098	9291	0.00535695	0.6549	0.984501
18	44500000	44520000	3683	15	16080	4783	0.00407277	0.804	0.770019
18	44520000	44540000	8364	38	14852	8434	0.00454328	0.7426	0.9917
18	44540000	44560000	2070	38	6747	2308	0.0183575	0.33735	0.89688
18	44560000	44580000	11277	49	8960	11370	0.00434513	0.448	0.991821
18	44580000	44600000	12287	67	6289	12381	0.00545292	0.31445	0.992408
18	44600000	44620000	11951	53	9328	12047	0.00443478	0.4664	0.992031
18	44620000	44640000	13982	61	6919	14078	0.00436275	0.34595	0.993181
18	44640000	44660000	11023	37	11088	11119	0.00335662	0.5544	0.991366
18	44660000	44680000	10727	33	10939	10808	0.00307635	0.54695	0.992506
18	44680000	44700000	10039	29	11973	10179	0.00288873	0.59865	0.986246
18	44700000	44720000	9426	38	12764	9487	0.0040314	0.6382	0.99357
18	44720000	44740000	11667	59	8933	11739	0.005057	0.44665	0.993867
18	44740000	44760000	12778	62	4781	12867	0.00485209	0.23905	0.993083
18	44760000	44780000	12005	48	3095	12299	0.00399833	0.15475	0.976096
18	44780000	44800000	14126	76	4891	14274	0.00538015	0.24455	0.989631
18	44800000	44820000	12884	70	8664	12979	0.0054331	0.4332	0.99268
18	44820000	44840000	14067	84	9778	14202	0.00597142	0.4889	0.990494
18	44840000	44860000	12617	85	7386	12905	0.00673694	0.3693	0.977683
18	44860000	44880000	9919	67	10241	10009	0.00675471	0.51205	0.991008
18	44880000	44900000	7417	49	15216	7587	0.00660644	0.7608	0.977593
18	44900000	44920000	12670	85	9228	12796	0.00670876	0.4614	0.990153
18	44920000	44940000	12131	91	5269	12263	0.00750144	0.26345	0.989236
18	44940000	44960000	14634	98	5385	14753	0.00669673	0.26925	0.991934
18	44960000	44980000	12532	86	9877	12688	0.00686243	0.49385	0.987705
18	44980000	45000000	13346	91	8336	13532	0.00681852	0.4168	0.986255
18	45000000	45020000	14081	71	6209	14188	0.00504226	0.31045	0.992458
18	45020000	45040000	14110	80	6873	14211	0.00566974	0.34365	0.992893
18	45040000	45060000	11813	66	10445	12329	0.00558707	0.52225	0.958147
18	45060000	45080000	12037	57	11119	12138	0.0047354	0.55595	0.991679
18	45080000	45100000	14291	68	7574	14415	0.00475824	0.3787	0.991398
18	45100000	45120000	13768	82	6092	13924	0.00595584	0.3046	0.988796
18	45120000	45140000	10313	70	6950	14191	0.00678755	0.3475	0.726728
18	45140000	45160000	13834	66	9692	13935	0.00477085	0.4846	0.992752
18	45160000	45180000	9084	46	13372	9141	0.00506385	0.6686	0.993764
18	45180000	45200000	9080	45	9705	9432	0.00495595	0.48525	0.96268
18	45200000	45220000	13534	50	7685	13987	0.0036944	0.38425	0.967613
18	45220000	45240000	11146	37	8558	12687	0.00331958	0.4279	0.878537
18	45240000	45260000	12523	54	6996	14808	0.00431207	0.3498	0.845692
18	45260000	45280000	10822	49	10116	11959	0.00452781	0.5058	0.904925
18	45280000	45300000	8127	53	14242	9887	0.00652147	0.7121	0.821988
18	45300000	45320000	11707	66	12987	11993	0.00563765	0.64935	0.976153
18	45320000	45340000	10985	74	9644	12822	0.00673646	0.4822	0.856731
18	45340000	45360000	10637	45	12211	10714	0.00423052	0.61055	0.992813
18	45360000	45380000	12222	44	5574	12324	0.00360007	0.2787	0.991723
18	45380000	45400000	11820	51	8913	11933	0.00431472	0.44565	0.99053
18	45400000	45420000	12207	40	10356	12306	0.00327681	0.5178	0.991955
18	45420000	45440000	12237	53	11817	12329	0.00433113	0.59085	0.992538
18	45440000	45460000	11811	42	9855	11923	0.00355601	0.49275	0.990606
18	45460000	45480000	12168	47	10642	12435	0.00386259	0.5321	0.978528
18	45480000	45500000	10172	50	10976	10255	0.00491545	0.5488	0.991906
18	45500000	45520000	12613	60	8704	12718	0.004757	0.4352	0.991744
18	45520000	45540000	11750	54	9815	11840	0.00459574	0.49075	0.992399
18	45540000	45560000	11589	66	7726	12390	0.00569506	0.3863	0.935351
18	45560000	45580000	15009	97	5691	15149	0.00646279	0.28455	0.990758
18	45580000	45600000	12355	69	7641	12998	0.00558478	0.38205	0.950531
18	45600000	45620000	13467	81	6627	13560	0.0060147	0.33135	0.993142
18	45620000	45640000	12572	87	6358	12658	0.00692014	0.3179	0.993206
18	45640000	45660000	12954	71	7076	13179	0.00548093	0.3538	0.982927
18	45660000	45680000	11769	64	9027	11911	0.00543802	0.45135	0.988078
18	45680000	45700000	14348	77	4808	14451	0.0053666	0.2404	0.992872
18	45700000	45720000	13026	72	9297	13117	0.00552741	0.46485	0.993062
18	45720000	45740000	12474	98	10210	12628	0.00785634	0.5105	0.987805
18	45740000	45760000	8651	58	7913	11453	0.00670443	0.39565	0.755348
18	45760000	45780000	7925	44	15278	8410	0.00555205	0.7639	0.942331
18	45780000	45800000	11577	73	14275	11663	0.00630561	0.71375	0.992626
18	45800000	45820000	10675	91	11439	11030	0.00852459	0.57195	0.967815
18	45820000	45840000	12961	68	5855	13085	0.00524651	0.29275	0.990524
18	45840000	45860000	13272	88	8180	13375	0.0066305	0.409	0.992299
18	45860000	45880000	14562	74	5317	14649	0.00508172	0.26585	0.994061
18	45880000	45900000	13259	64	9948	13353	0.00482691	0.4974	0.99296
18	45900000	45920000	11907	44	8921	11986	0.00369531	0.44605	0.993409
18	45920000	45940000	11180	45	4838	13035	0.00402504	0.2419	0.857691
18	45940000	45960000	12288	74	11627	12379	0.00602214	0.58135	0.992649
18	45960000	45980000	11711	65	11367	11812	0.00555034	0.56835	0.991449
18	45980000	46000000	11840	58	11448	11974	0.00489865	0.5724	0.988809
18	46000000	46020000	11272	86	11020	11364	0.00762952	0.551	0.991904
18	46020000	46040000	7277	69	18453	7393	0.00948193	0.92265	0.984309
18	46040000	46060000	12345	74	10184	12468	0.00599433	0.5092	0.990135
18	46060000	46080000	12748	52	5916	12869	0.00407907	0.2958	0.990598
18	46080000	46100000	11845	76	9102	11956	0.00641621	0.4551	0.990716
18	46100000	46120000	11519	69	6531	13310	0.0059901	0.32655	0.86544
18	46120000	46140000	12670	85	7719	13097	0.00670876	0.38595	0.967397
18	46140000	46160000	8283	58	8609	12824	0.00700229	0.43045	0.645898
18	46160000	46180000	10414	103	11266	10502	0.00989053	0.5633	0.991621
18	46180000	46200000	12013	75	5885	12486	0.00624324	0.29425	0.962118
18	46200000	46220000	13148	85	6229	13305	0.00646486	0.31145	0.9882
18	46220000	46240000	14628	96	5748	14773	0.00656276	0.2874	0.990185
18	46240000	46260000	13307	68	7320	13610	0.00511009	0.366	0.977737
18	46260000	46280000	13992	81	7557	14102	0.00578902	0.37785	0.9922
18	46280000	46300000	14275	67	4129	14393	0.00469352	0.20645	0.991802
18	46300000	46320000	15162	99	4299	15309	0.00652948	0.21495	0.990398
18	46320000	46340000	13016	55	8592	13184	0.00422557	0.4296	0.987257
18	46340000	46360000	10799	75	7612	12510	0.00694509	0.3806	0.863229
18	46360000	46380000	13655	77	6476	13774	0.00563896	0.3238	0.991361
18	46380000	46400000	11723	88	5569	11942	0.00750661	0.27845	0.981661
18	46400000	46420000	12932	68	7780	13110	0.00525827	0.389	0.986423
18	46420000	46440000	9185	33	11910	10072	0.00359281	0.5955	0.911934
18	46440000	46460000	13227	68	4220	13454	0.005141	0.211	0.983128
18	46460000	46480000	10381	52	2472	10453	0.00500915	0.1236	0.993112
18	46480000	46500000	9028	34	10146	9122	0.00376606	0.5073	0.989695
18	46500000	46520000	9828	54	7604	10343	0.00549451	0.3802	0.950208
18	46520000	46540000	10048	61	8950	10373	0.00607086	0.4475	0.968669
18	46540000	46560000	12948	51	8562	13138	0.00393883	0.4281	0.985538
18	46560000	46580000	12470	40	9127	12564	0.0032077	0.45635	0.992518
18	46580000	46600000	12273	53	4265	12981	0.00431842	0.21325	0.945459
18	46600000	46620000	11299	83	11850	11424	0.00734578	0.5925	0.989058
18	46620000	46640000	7629	37	12745	9814	0.00484991	0.63725	0.777359
18	46640000	46660000	12537	74	10624	12624	0.00590253	0.5312	0.993108
18	46660000	46680000	11290	59	10228	11377	0.00522586	0.5114	0.992353
18	46680000	46700000	12770	56	10448	12872	0.00438528	0.5224	0.992076
18	46700000	46720000	12221	33	7684	12326	0.00270027	0.3842	0.991481
18	46720000	46740000	9594	44	10399	9655	0.0045862	0.51995	0.993682
18	46740000	46760000	8734	41	11597	8820	0.0046943	0.57985	0.990249
18	46760000	46780000	11808	43	9720	11875	0.0036416	0.486	0.994358
18	46780000	46800000	10636	35	10966	10710	0.00329071	0.5483	0.993091
18	46800000	46820000	10246	43	11905	10296	0.00419676	0.59525	0.995144
18	46820000	46840000	10820	43	11796	10887	0.00397412	0.5898	0.993846
18	46840000	46860000	11405	56	7788	11519	0.00491013	0.3894	0.990103
18	46860000	46880000	11449	61	11974	11553	0.00532798	0.5987	0.990998
18	46880000	46900000	11118	37	8709	11207	0.00332794	0.43545	0.992059
18	46900000	46920000	10452	44	10953	10527	0.00420972	0.54765	0.992875
18	46920000	46940000	9038	27	12326	9159	0.00298739	0.6163	0.986789
18	46940000	46960000	6811	24	14908	6912	0.00352371	0.7454	0.985388
18	46960000	46980000	6948	42	15985	7174	0.00604491	0.79925	0.968497
18	46980000	47000000	9143	38	11453	9248	0.00415619	0.57265	0.988646
18	47000000	47020000	8497	51	9085	8680	0.00600212	0.45425	0.978917
18	47020000	47040000	6290	41	13381	6405	0.00651828	0.66905	0.982045
18	47040000	47060000	7856	57	13677	8052	0.0072556	0.68385	0.975658
18	47060000	47080000	7776	41	15686	7900	0.00527263	0.7843	0.984304
18	47080000	47100000	10640	51	9185	10769	0.00479323	0.45925	0.988021
18	47100000	47120000	10408	61	9452	10509	0.00586088	0.4726	0.990389
18	47120000	47140000	11464	116	11613	11602	0.0101186	0.58065	0.988105
18	47140000	47160000	10669	78	7234	12780	0.0073109	0.3617	0.83482
18	47160000	47180000	10682	65	10657	10937	0.006085	0.53285	0.976685
18	47180000	47200000	11838	62	9834	11951	0.00523737	0.4917	0.990545
18	47200000	47220000	11992	64	9613	12098	0.00533689	0.48065	0.991238
18	47220000	47240000	9369	58	10664	9467	0.00619063	0.5332	0.989648
18	47240000	47260000	8352	73	12994	8424	0.00874042	0.6497	0.991453
18	47260000	47280000	11727	77	11000	11867	0.00656604	0.55	0.988203
18	47280000	47300000	10499	53	9514	10762	0.0050481	0.4757	0.975562
18	47300000	47320000	8525	36	10656	8618	0.00422287	0.5328	0.989209
18	47320000	47340000	9129	39	10821	9195	0.0042721	0.54105	0.992822
18	47340000	47360000	6535	29	11810	8096	0.00443764	0.5905	0.807189
18	47360000	47380000	13221	72	2271	14807	0.00544588	0.11355	0.892888
18	47380000	47400000	13999	112	5209	14192	0.00800057	0.26045	0.986401
18	47400000	47420000	12250	101	6605	12378	0.0082449	0.33025	0.989659
18	47420000	47440000	13311	93	6295	14306	0.0069867	0.31475	0.930449
18	47440000	47460000	12023	146	6947	12688	0.0121434	0.34735	0.947588
18	47460000	47480000	12414	102	6477	12817	0.00821653	0.32385	0.968557
18	47480000	47500000	13553	109	3785	13674	0.0080425	0.18925	0.991151
18	47500000	47520000	14969	96	3073	15111	0.00641325	0.15365	0.990603
18	47520000	47540000	13615	94	6475	13787	0.00690415	0.32375	0.987524
18	47540000	47560000	13668	81	7055	14070	0.00592625	0.35275	0.971429
18	47560000	47580000	10499	84	8491	11237	0.00800076	0.42455	0.934324
18	47580000	47600000	12359	94	6230	13572	0.00760579	0.3115	0.910625
18	47600000	47620000	12028	104	7247	12213	0.00864649	0.36235	0.984852
18	47620000	47640000	8633	64	7095	13023	0.00741341	0.35475	0.662904
18	47640000	47660000	13590	70	5227	13812	0.00515085	0.26135	0.983927
18	47660000	47680000	11640	50	7776	11738	0.00429553	0.3888	0.991651
18	47680000	47700000	12877	69	6029	13212	0.00535839	0.30145	0.974644
18	47700000	47720000	13659	60	6608	13782	0.00439271	0.3304	0.991075
18	47720000	47740000	11866	47	10569	11959	0.0039609	0.52845	0.992223
18	47740000	47760000	9424	50	14174	9495	0.0053056	0.7087	0.992522
18	47760000	47780000	7378	25	15228	7598	0.00338845	0.7614	0.971045
18	47780000	47800000	11604	41	7948	11668	0.00353326	0.3974	0.994515
18	47800000	47820000	11673	24	4816	11724	0.00205603	0.2408	0.99565
18	47820000	47840000	10224	52	12430	10323	0.00508607	0.6215	0.99041
18	47840000	47860000	9674	52	13680	9829	0.00537523	0.684	0.98423
18	47860000	47880000	6831	42	16909	6882	0.00614844	0.84545	0.992589
18	47880000	47900000	6798	76	13780	8382	0.0111798	0.689	0.811024
18	47900000	47920000	10544	61	8980	10705	0.00578528	0.449	0.98496
18	47920000	47940000	6877	56	17336	7156	0.00814309	0.8668	0.961012
18	47940000	47960000	9523	75	14354	9648	0.00787567	0.7177	0.987044
18	47960000	47980000	9457	50	14277	9539	0.00528709	0.71385	0.991404
18	47980000	48000000	13462	87	8301	13600	0.00646264	0.41505	0.989853
18	48000000	48020000	12311	76	10518	12439	0.00617334	0.5259	0.98971
18	48020000	48040000	8354	59	15384	8428	0.00706249	0.7692	0.99122
18	48040000	48060000	13332	75	7969	13458	0.00562556	0.39845	0.990638
18	48060000	48080000	9795	59	13628	10571	0.00602348	0.6814	0.926592
18	48080000	48100000	12514	76	6437	12657	0.0060732	0.32185	0.988702
18	48100000	48120000	12610	73	9007	12700	0.00578906	0.45035	0.992913
18	48120000	48140000	12957	73	10371	13069	0.00563402	0.51855	0.99143
18	48140000	48160000	13954	63	7614	14052	0.00451483	0.3807	0.993026
18	48160000	48180000	13816	63	5937	13926	0.00455993	0.29685	0.992101
18	48180000	48200000	14193	62	5911	14278	0.00436835	0.29555	0.994047
18	48200000	48220000	11010	46	10922	11090	0.00417802	0.5461	0.992786
18	48220000	48240000	12820	81	8376	12949	0.00631825	0.4188	0.990038
18	48240000	48260000	13923	63	6162	14039	0.00452489	0.3081	0.991737
18	48260000	48280000	11697	49	8873	11807	0.00418911	0.44365	0.990683
18	48280000	48300000	8521	60	14833	8930	0.00704143	0.74165	0.954199
18	48300000	48320000	7600	43	13972	7687	0.00565789	0.6986	0.988682
18	48320000	48340000	11570	48	9032	11682	0.00414866	0.4516	0.990413
18	48340000	48360000	8331	46	6890	10521	0.00552155	0.3445	0.791845
18	48360000	48380000	8279	53	9433	10088	0.00640174	0.47165	0.820678
18	48380000	48400000	6934	46	11324	8433	0.00663398	0.5662	0.822246
18	48400000	48420000	9235	67	11034	9352	0.00725501	0.5517	0.987489
18	48420000	48440000	9196	54	11039	9672	0.00587212	0.55195	0.950786
18	48440000	48460000	11078	42	8634	11172	0.0037913	0.4317	0.991586
18	48460000	48480000	9424	42	11595	9510	0.00445671	0.57975	0.990957
18	48480000	48500000	8533	34	13358	8679	0.00398453	0.6679	0.983178
18	48500000	48520000	9820	36	10569	9931	0.00366599	0.52845	0.988823
18	48520000	48540000	8851	42	16509	8933	0.00474523	0.82545	0.990821
18	48540000	48560000	9806	41	11865	9943	0.00418111	0.59325	0.986221
18	48560000	48580000	10355	36	9877	10589	0.00347658	0.49385	0.977902
18	48580000	48600000	11384	46	6446	11462	0.00404076	0.3223	0.993195
18	48600000	48620000	11478	32	9289	11631	0.00278794	0.46445	0.986845
18	48620000	48640000	7617	46	15780	7803	0.00603912	0.789	0.976163
18	48640000	48660000	4937	24	14268	5061	0.00486125	0.7134	0.975499
18	48660000	48680000	8519	38	14466	8909	0.00446062	0.7233	0.956224
18	48680000	48700000	11249	35	5699	11334	0.00311139	0.28495	0.9925
18	48700000	48720000	12998	34	6594	13086	0.00261579	0.3297	0.993275
18	48720000	48740000	7597	31	10066	10791	0.00408056	0.5033	0.704013
18	48740000	48760000	9563	46	14214	9644	0.00481021	0.7107	0.991601
18	48760000	48780000	9870	55	11059	9977	0.00557244	0.55295	0.989275
18	48780000	48800000	10606	68	13361	10696	0.00641147	0.66805	0.991586
18	48800000	48820000	10856	71	10746	10969	0.00654016	0.5373	0.989698
18	48820000	48840000	8005	46	15079	8084	0.00574641	0.75395	0.990228
18	48840000	48860000	11692	81	8909	11819	0.00692781	0.44545	0.989255
18	48860000	48880000	13118	89	10043	13219	0.00678457	0.50215	0.992359
18	48880000	48900000	10481	76	12550	10570	0.00725122	0.6275	0.99158
18	48900000	48920000	9753	72	12859	9854	0.00738234	0.64295	0.98975
18	48920000	48940000	11818	78	10408	11894	0.0066001	0.5204	0.99361
18	48940000	48960000	11084	106	11975	11224	0.00956333	0.59875	0.987527
18	48960000	48980000	11962	82	8131	12278	0.00685504	0.40655	0.974263
18	48980000	49000000	11580	44	9126	11671	0.00379965	0.4563	0.992203
18	49000000	49020000	13467	80	8596	13587	0.00594045	0.4298	0.991168
18	49020000	49040000	13539	93	11345	13654	0.00686904	0.56725	0.991578
18	49040000	49060000	12537	86	7874	12639	0.0068597	0.3937	0.99193
18	49060000	49080000	10433	61	14592	10514	0.00584683	0.7296	0.992296
18	49080000	49100000	11105	86	10357	11273	0.00774426	0.51785	0.985097
18	49100000	49120000	12199	55	9454	12693	0.00450857	0.4727	0.961081
18	49120000	49140000	12276	80	6704	12399	0.00651678	0.3352	0.99008
18	49140000	49160000	11585	80	9737	11701	0.00690548	0.48685	0.990086
18	49160000	49180000	12309	79	9953	12403	0.00641807	0.49765	0.992421
18	49180000	49200000	11650	69	8419	11803	0.00592275	0.42095	0.987037
18	49200000	49220000	10602	51	14472	10699	0.00481041	0.7236	0.990934
18	49220000	49240000	4617	36	16013	4732	0.00779727	0.80065	0.975697
18	49240000	49260000	12309	62	7805	12417	0.00503696	0.39025	0.991302
18	49260000	49280000	9301	68	13221	9407	0.00731104	0.66105	0.988732
18	49280000	49300000	13943	88	8618	14396	0.00631141	0.4309	0.968533
18	49300000	49320000	12887	83	9154	13056	0.0064406	0.4577	0.987056
18	49320000	49340000	12253	81	11481	12356	0.00661063	0.57405	0.991664
18	49340000	49360000	11359	101	10391	11449	0.00889163	0.51955	0.992139
18	49360000	49380000	10489	78	10406	10599	0.00743636	0.5203	0.989622
18	49380000	49400000	10558	64	10344	10668	0.00606175	0.5172	0.989689
18	49400000	49420000	10772	68	11427	10897	0.00631266	0.57135	0.988529
18	49420000	49440000	12871	90	9560	12996	0.00699246	0.478	0.990382
18	49440000	49460000	11038	87	10739	11188	0.00788186	0.53695	0.986593
18	49460000	49480000	13278	51	8562	13388	0.00384094	0.4281	0.991784
18	49480000	49500000	9464	54	15041	9554	0.00570583	0.75205	0.99058
18	49500000	49520000	11966	76	11005	12078	0.00635133	0.55025	0.990727
18	49520000	49540000	13484	92	5321	13613	0.0068229	0.26605	0.990524
18	49540000	49560000	13379	93	9968	13517	0.00695119	0.4984	0.989791
18	49560000	49580000	13405	75	11533	13514	0.00559493	0.57665	0.991934
18	49580000	49600000	11861	73	11919	11970	0.00615462	0.59595	0.990894
18	49600000	49620000	12857	102	14106	12973	0.00793342	0.7053	0.991058
18	49620000	49640000	11662	51	11184	11794	0.00437318	0.5592	0.988808
18	49640000	49660000	12754	72	8131	12885	0.00564529	0.40655	0.989833
18	49660000	49680000	9021	81	13541	10127	0.00897905	0.67705	0.890787
18	49680000	49700000	11197	73	12288	11292	0.0065196	0.6144	0.991587
18	49700000	49720000	12435	71	9429	12617	0.00570969	0.47145	0.985575
18	49720000	49740000	13104	103	8096	13239	0.0078602	0.4048	0.989803
18	49740000	49760000	14201	75	9295	14353	0.00528132	0.46475	0.98941
18	49760000	49780000	13064	77	8559	13179	0.00589406	0.42795	0.991274
18	49780000	49800000	11852	89	11545	11998	0.00750928	0.57725	0.987831
18	49800000	49820000	12604	86	8588	12729	0.00682323	0.4294	0.99018
18	49820000	49840000	9457	79	13131	10182	0.0083536	0.65655	0.928796
18	49840000	49860000	12056	49	9033	12161	0.00406437	0.45165	0.991366
18	49860000	49880000	13778	55	5822	13901	0.00399187	0.2911	0.991152
18	49880000	49900000	13027	70	5953	13117	0.00537346	0.29765	0.993139
18	49900000	49920000	14133	72	5151	14266	0.00509446	0.25755	0.990677
18	49920000	49940000	12619	84	5192	12765	0.00665663	0.2596	0.988562
18	49940000	49960000	11949	62	5541	12069	0.00518872	0.27705	0.990057
18	49960000	49980000	13749	77	4600	13864	0.00560041	0.23	0.991705
18	49980000	50000000	12654	78	8830	12755	0.00616406	0.4415	0.992082
18	50000000	50020000	14172	96	6897	14299	0.00677392	0.34485	0.991118
18	50020000	50040000	13276	94	7568	13411	0.00708045	0.3784	0.989934
18	50040000	50060000	14118	87	6276	14235	0.00616235	0.3138	0.991781
18	50060000	50080000	13030	103	5765	13153	0.00790483	0.28825	0.990649
18	50080000	50100000	13124	93	6389	13264	0.00708625	0.31945	0.989445
18	50100000	50120000	11661	69	6916	11773	0.00591716	0.3458	0.990487
18	50120000	50140000	14018	87	6809	14157	0.00620631	0.34045	0.990182
18	50140000	50160000	13896	79	6196	14033	0.00568509	0.3098	0.990237
18	50160000	50180000	8579	57	11404	8691	0.00664413	0.5702	0.987113
18	50180000	50200000	12205	58	7718	12630	0.00475215	0.3859	0.96635
18	50200000	50220000	13711	96	7654	13874	0.00700168	0.3827	0.988251
18	50220000	50240000	13813	101	5728	13957	0.00731195	0.2864	0.989683
18	50240000	50260000	14238	100	5939	14368	0.00702346	0.29695	0.990952
18	50260000	50280000	13166	104	7425	13274	0.00789913	0.37125	0.991864
18	50280000	50300000	12799	75	7282	12919	0.00585983	0.3641	0.990711
18	50300000	50320000	8632	64	15919	8760	0.00741427	0.79595	0.985388
18	50320000	50340000	11501	94	10960	11625	0.0081732	0.548	0.989333
18	50340000	50360000	13467	89	8355	13603	0.00660875	0.41775	0.990002
18	50360000	50380000	12383	61	7140	12517	0.00492611	0.357	0.989295
18	50380000	50400000	8817	82	14457	9220	0.00930022	0.72285	0.956291
18	50400000	50420000	11096	83	10119	11196	0.00748017	0.50595	0.991068
18	50420000	50440000	12418	103	5456	12743	0.00829441	0.2728	0.974496
18	50440000	50460000	12755	100	7049	12986	0.00784006	0.35245	0.982212
18	50460000	50480000	13175	88	7047	13350	0.00667932	0.35235	0.986891
18	50480000	50500000	12504	91	7013	12853	0.00727767	0.35065	0.972847
18	50500000	50520000	12855	95	5825	13053	0.00739012	0.29125	0.984831
18	50520000	50540000	13622	90	5340	13824	0.00660696	0.267	0.985388
18	50540000	50560000	13479	98	4985	13623	0.00727057	0.24925	0.98943
18	50560000	50580000	10660	83	11446	10779	0.00778612	0.5723	0.98896
18	50580000	50600000	12012	92	5329	12134	0.00765901	0.26645	0.989946
18	50600000	50620000	11608	68	8115	11721	0.00585803	0.40575	0.990359
18	50620000	50640000	13208	97	6855	13355	0.00734403	0.34275	0.988993
18	50640000	50660000	14048	91	5665	14227	0.00647779	0.28325	0.987418
18	50660000	50680000	12874	81	5377	12995	0.00629175	0.26885	0.990689
18	50680000	50700000	12751	85	9572	12914	0.00666614	0.4786	0.987378
18	50700000	50720000	10424	72	8665	10520	0.00690714	0.43325	0.990875
18	50720000	50740000	11959	74	6622	12083	0.00618781	0.3311	0.989738
18	50740000	50760000	13575	89	5759	13692	0.00655617	0.28795	0.991455
18	50760000	50780000	13744	85	6729	13884	0.00618452	0.33645	0.989916
18	50780000	50800000	9046	69	9849	9123	0.00762768	0.49245	0.99156
18	50800000	50820000	11096	80	6793	11237	0.00720981	0.33965	0.987452
18	50820000	50840000	11592	83	9657	11795	0.00716011	0.48285	0.982789
18	50840000	50860000	10476	68	10020	10585	0.00649103	0.501	0.989702
18	50860000	50880000	10738	103	11465	10869	0.0095921	0.57325	0.987947
18	50880000	50900000	10680	86	10407	10952	0.00805243	0.52035	0.975164
18	50900000	50920000	12849	65	5025	12973	0.00505876	0.25125	0.990442
18	50920000	50940000	13058	44	3948	13152	0.00336958	0.1974	0.992853
18	50940000	50960000	12502	75	5449	12615	0.00599904	0.27245	0.991042
18	50960000	50980000	11493	84	8360	11658	0.0073088	0.418	0.985847
18	50980000	51000000	10686	75	10266	11071	0.00701853	0.5133	0.965224
18	51000000	51020000	10533	58	9975	10694	0.0055065	0.49875	0.984945
18	51020000	51040000	10508	68	7628	10766	0.00647126	0.3814	0.976036
18	51040000	51060000	10107	57	7738	10172	0.00563966	0.3869	0.99361
18	51060000	51080000	12470	64	8477	12598	0.00513232	0.42385	0.98984
18	51080000	51100000	12029	77	9945	12159	0.0064012	0.49725	0.989308
18	51100000	51120000	11748	105	9420	11865	0.00893769	0.471	0.990139
18	51120000	51140000	14178	83	6662	14306	0.00585414	0.3331	0.991053
18	51140000	51160000	10280	82	11278	10377	0.00797665	0.5639	0.990652
18	51160000	51180000	9370	88	10597	9498	0.00939168	0.52985	0.986523
18	51180000	51200000	9280	46	13418	11008	0.0049569	0.6709	0.843023
18	51200000	51220000	7451	54	8252	7528	0.00724735	0.4126	0.989772
18	51220000	51240000	11429	83	12905	11773	0.00726223	0.64525	0.970781
18	51240000	51260000	12199	78	10466	12335	0.00639397	0.5233	0.988974
18	51260000	51280000	12211	88	9674	12337	0.00720662	0.4837	0.989787
18	51280000	51300000	11512	88	10021	11630	0.0076442	0.50105	0.989854
18	51300000	51320000	11812	83	12371	11924	0.00702675	0.61855	0.990607
18	51320000	51340000	7897	45	12540	7958	0.00569837	0.627	0.992335
18	51340000	51360000	5819	31	15693	5873	0.00532738	0.78465	0.990805
18	51360000	51380000	11176	88	11368	11325	0.00787402	0.5684	0.986843
18	51380000	51400000	12165	51	8711	12316	0.00419236	0.43555	0.98774
18	51400000	51420000	10500	62	11520	10624	0.00590476	0.576	0.988328
18	51420000	51440000	12124	80	9539	12233	0.00659848	0.47695	0.99109
18	51440000	51460000	10452	62	12985	11198	0.00593188	0.64925	0.933381
18	51460000	51480000	12133	93	10212	12274	0.00766505	0.5106	0.988512
18	51480000	51500000	11897	58	11160	12006	0.00487518	0.558	0.990921
18	51500000	51520000	8352	57	13142	8446	0.00682471	0.6571	0.98887
18	51520000	51540000	9864	74	11284	9993	0.00750203	0.5642	0.987091
18	51540000	51560000	14250	129	9951	14370	0.00905263	0.49755	0.991649
18	51560000	51580000	8899	50	7965	12858	0.00561861	0.39825	0.692098
18	51580000	51600000	10583	61	10680	11402	0.00576396	0.534	0.92817
18	51600000	51620000	10276	76	11587	10520	0.00739587	0.57935	0.976806
18	51620000	51640000	10253	80	12023	10344	0.00780259	0.60115	0.991203
18	51640000	51660000	10347	81	6150	11582	0.00782836	0.3075	0.893369
18	51660000	51680000	10734	57	11704	10806	0.00531023	0.5852	0.993337
18	51680000	51700000	13148	55	6143	13241	0.00418315	0.30715	0.992976
18	51700000	51720000	12927	66	8324	13026	0.00510559	0.4162	0.9924
18	51720000	51740000	10217	45	8353	10293	0.00440442	0.41765	0.992616
18	51740000	51760000	9448	49	8629	9560	0.00518628	0.43145	0.988285
18	51760000	51780000	9602	42	12121	9750	0.00437409	0.60605	0.984821
18	51780000	51800000	10104	70	9193	10213	0.00692795	0.45965	0.989327
18	51800000	51820000	11323	72	8054	11432	0.00635874	0.4027	0.990465
18	51820000	51840000	7283	37	15235	7357	0.00508032	0.76175	0.989942
18	51840000	51860000	11441	81	11698	11537	0.0070798	0.5849	0.991679
18	51860000	51880000	8408	80	15679	8563	0.00951475	0.78395	0.981899
18	51880000	51900000	12463	103	8551	12674	0.00826446	0.42755	0.983352
18	51900000	51920000	9650	77	9491	10155	0.00797927	0.47455	0.950271
18	51920000	51940000	9085	40	12741	9166	0.00440286	0.63705	0.991163
18	51940000	51960000	10581	68	9152	10688	0.00642661	0.4576	0.989989
18	51960000	51980000	12603	73	9343	12748	0.00579227	0.46715	0.988626
18	51980000	52000000	12336	72	7957	12466	0.00583658	0.39785	0.989572
18	52000000	52020000	11887	63	10196	12845	0.00529991	0.5098	0.925418
18	52020000	52040000	10370	57	13380	10462	0.00549662	0.669	0.991206
18	52040000	52060000	11547	77	7702	11633	0.0066684	0.3851	0.992607
18	52060000	52080000	0	0	0	0		0	
18	52080000	52100000	0	0	0	0		0	
18	52100000	52120000	0	0	0	0		0	
18	52120000	52140000	0	0	0	0		0	
18	52140000	52160000	0	0	0	0		0	
18	52160000	52180000	0	0	0	0		0	
18	52180000	52200000	0	0	0	0		0	
18	52200000	52220000	4557	26	8847	4585	0.00570551	0.44235	0.993893
18	52220000	52240000	9733	56	11337	9976	0.00575362	0.56685	0.975642
18	52240000	52260000	11078	53	8193	11150	0.00478426	0.40965	0.993543
18	52260000	52280000	9428	55	12499	9508	0.00583369	0.62495	0.991586
18	52280000	52300000	12474	80	9589	12608	0.00641334	0.47945	0.989372
18	52300000	52320000	10407	53	9536	10491	0.00509273	0.4768	0.991993
18	52320000	52340000	8570	65	12111	8661	0.0075846	0.60555	0.989493
18	52340000	52360000	12117	81	7491	12207	0.00668482	0.37455	0.992627
18	52360000	52380000	11409	77	12218	11543	0.00674906	0.6109	0.988391
18	52380000	52400000	12266	74	7688	12380	0.00603294	0.3844	0.990792
18	52400000	52420000	12938	60	8078	13052	0.0046375	0.4039	0.991266
18	52420000	52440000	11575	60	8768	11891	0.00518359	0.4384	0.973425
18	52440000	52460000	10264	38	7097	12257	0.00370226	0.35485	0.837399
18	52460000	52480000	12255	66	7820	12361	0.00538556	0.391	0.991425
18	52480000	52500000	11778	81	9452	11937	0.00687723	0.4726	0.98668
18	52500000	52520000	12287	58	6780	12494	0.00472044	0.339	0.983432
18	52520000	52540000	12261	68	7648	12373	0.00554604	0.3824	0.990948
18	52540000	52560000	13522	80	4807	13643	0.00591628	0.24035	0.991131
18	52560000	52580000	11683	61	8336	11791	0.00522126	0.4168	0.99084
18	52580000	52600000	11724	74	6746	11903	0.00631184	0.3373	0.984962
18	52600000	52620000	13162	76	7950	13281	0.0057742	0.3975	0.99104
18	52620000	52640000	11533	54	9055	11633	0.00468222	0.45275	0.991404
18	52640000	52660000	12262	61	9967	12360	0.00497472	0.49835	0.992071
18	52660000	52680000	12000	54	6662	12087	0.0045	0.3331	0.992802
18	52680000	52700000	12955	69	7561	13069	0.00532613	0.37805	0.991277
18	52700000	52720000	11999	72	9000	12108	0.0060005	0.45	0.990998
18	52720000	52740000	12841	68	6793	13026	0.00529554	0.33965	0.985798
18	52740000	52760000	13622	67	7369	13747	0.00491851	0.36845	0.990907
18	52760000	52780000	13701	64	7125	13794	0.00467119	0.35625	0.993258
18	52780000	52800000	14057	80	5849	14181	0.00569111	0.29245	0.991256
18	52800000	52820000	13227	90	5202	13357	0.00680426	0.2601	0.990267
18	52820000	52840000	9234	62	10192	9304	0.00671432	0.5096	0.992476
18	52840000	52860000	13019	59	12676	13137	0.00453184	0.6338	0.991018
18	52860000	52880000	11658	51	13262	11783	0.00437468	0.6631	0.989391
18	52880000	52900000	13002	57	4925	13130	0.00438394	0.24625	0.990251
18	52900000	52920000	13526	71	4430	13608	0.00524915	0.2215	0.993974
18	52920000	52940000	13915	92	2562	13999	0.00661157	0.1281	0.994
18	52940000	52960000	14125	59	2471	14229	0.00417699	0.12355	0.992691
18	52960000	52980000	11542	34	3470	13438	0.00294576	0.1735	0.858908
18	52980000	53000000	12442	57	1439	12520	0.00458126	0.07195	0.99377
18	53000000	53020000	13792	60	982	13898	0.00435035	0.0491	0.992373
18	53020000	53040000	13112	76	5645	13214	0.00579622	0.28225	0.992281
18	53040000	53060000	12234	49	6425	12330	0.00400523	0.32125	0.992214
18	53060000	53080000	14037	38	3149	14134	0.00270713	0.15745	0.993137
18	53080000	53100000	12902	60	3379	12970	0.00465044	0.16895	0.994757
18	53100000	53120000	13500	57	5660	13597	0.00422222	0.283	0.992866
18	53120000	53140000	13345	59	3697	13451	0.00442113	0.18485	0.99212
18	53140000	53160000	13925	55	4343	14020	0.00394973	0.21715	0.993224
18	53160000	53180000	13841	58	3756	13899	0.00419045	0.1878	0.995827
18	53180000	53200000	13158	47	4563	13309	0.00357197	0.22815	0.988654
18	53200000	53220000	12778	43	5899	12855	0.00336516	0.29495	0.99401
18	53220000	53240000	13382	40	9184	13475	0.00298909	0.4592	0.993098
18	53240000	53260000	12210	30	3683	12294	0.002457	0.18415	0.993167
18	53260000	53280000	13327	54	7730	13408	0.00405192	0.3865	0.993959
18	53280000	53300000	10373	48	12523	10438	0.0046274	0.62615	0.993773
18	53300000	53320000	10960	73	12203	11030	0.00666058	0.61015	0.993654
18	53320000	53340000	11825	58	9197	11914	0.00490486	0.45985	0.99253
18	53340000	53360000	11222	56	9925	11288	0.0049902	0.49625	0.994153
18	53360000	53380000	10157	32	14768	10315	0.00315054	0.7384	0.984683
18	53380000	53400000	7739	38	12912	7776	0.0049102	0.6456	0.995242
18	53400000	53420000	12957	71	7183	13067	0.00547966	0.35915	0.991582
18	53420000	53440000	12566	68	8271	12673	0.00541143	0.41355	0.991557
18	53440000	53460000	13053	67	5186	13168	0.00513292	0.2593	0.991267
18	53460000	53480000	9190	40	11761	9254	0.00435256	0.58805	0.993084
18	53480000	53500000	11779	62	12900	11856	0.0052636	0.645	0.993505
18	53500000	53520000	12332	58	8642	12406	0.00470321	0.4321	0.994035
18	53520000	53540000	13416	51	2939	13513	0.00380143	0.14695	0.992822
18	53540000	53560000	9964	47	10770	10049	0.00471698	0.5385	0.991541
18	53560000	53580000	12840	70	4355	12940	0.00545171	0.21775	0.992272
18	53580000	53600000	12801	89	6224	12912	0.00695258	0.3112	0.991403
18	53600000	53620000	12560	65	11354	12664	0.00517516	0.5677	0.991788
18	53620000	53640000	10670	66	9165	10754	0.00618557	0.45825	0.992189
18	53640000	53660000	11522	81	10272	11662	0.00703003	0.5136	0.987995
18	53660000	53680000	11613	60	10150	11706	0.00516662	0.5075	0.992055
18	53680000	53700000	9858	50	9229	9951	0.00507202	0.46145	0.990654
18	53700000	53720000	12945	47	8380	13031	0.00363075	0.419	0.9934
18	53720000	53740000	12006	52	10446	12180	0.00433117	0.5223	0.985714
18	53740000	53760000	13838	73	6989	13910	0.00527533	0.34945	0.994824
18	53760000	53780000	14328	72	5680	14434	0.00502513	0.284	0.992656
18	53780000	53800000	12236	55	6220	12308	0.00449493	0.311	0.99415
18	53800000	53820000	13095	94	8875	13267	0.00717831	0.44375	0.987036
18	53820000	53840000	10877	60	9905	10953	0.00551623	0.49525	0.993061
18	53840000	53860000	13045	54	6774	13159	0.00413952	0.3387	0.991337
18	53860000	53880000	12764	45	6748	13437	0.00352554	0.3374	0.949914
18	53880000	53900000	13327	64	8998	14000	0.00480228	0.4499	0.951929
18	53900000	53920000	10571	55	10021	10683	0.00520291	0.50105	0.989516
18	53920000	53940000	12082	73	10546	12214	0.00604205	0.5273	0.989193
18	53940000	53960000	12992	57	6256	13097	0.00438732	0.3128	0.991983
18	53960000	53980000	14028	60	5627	14141	0.00427716	0.28135	0.992009
18	53980000	54000000	13809	57	5904	14196	0.00412774	0.2952	0.972739
18	54000000	54020000	12165	98	9913	12503	0.0080559	0.49565	0.972966
18	54020000	54040000	9142	54	11285	9252	0.0059068	0.56425	0.988111
18	54040000	54060000	14284	70	4925	14371	0.00490059	0.24625	0.993946
18	54060000	54080000	12778	85	8559	12867	0.00665206	0.42795	0.993083
18	54080000	54100000	5162	29	15941	5210	0.00561798	0.79705	0.990787
18	54100000	54120000	10769	61	10000	10859	0.00566441	0.5	0.991712
18	54120000	54140000	12893	58	9811	13002	0.00449857	0.49055	0.991617
18	54140000	54160000	12570	77	7859	12667	0.0061257	0.39295	0.992342
18	54160000	54180000	12034	78	8152	12559	0.00648164	0.4076	0.958197
18	54180000	54200000	8937	38	10359	9102	0.00425199	0.51795	0.981872
18	54200000	54220000	10861	58	10502	10960	0.00534021	0.5251	0.990967
18	54220000	54240000	11600	80	7547	11681	0.00689655	0.37735	0.993066
18	54240000	54260000	10804	73	14141	10890	0.00675676	0.70705	0.992103
18	54260000	54280000	10665	58	7553	10760	0.00543835	0.37765	0.991171
18	54280000	54300000	10703	78	8584	10788	0.00728768	0.4292	0.992121
18	54300000	54320000	10668	51	10080	10746	0.00478065	0.504	0.992741
18	54320000	54340000	10802	71	11516	10890	0.00657286	0.5758	0.991919
18	54340000	54360000	10854	76	10457	10942	0.00700203	0.52285	0.991958
18	54360000	54380000	10969	50	7160	11078	0.0045583	0.358	0.990161
18	54380000	54400000	11037	53	8762	11135	0.00480203	0.4381	0.991199
18	54400000	54420000	13452	98	8159	13744	0.00728516	0.40795	0.978754
18	54420000	54440000	12739	69	11976	12850	0.00541644	0.5988	0.991362
18	54440000	54460000	13844	85	2740	13960	0.00613984	0.137	0.991691
18	54460000	54480000	12418	99	8058	12531	0.0079723	0.4029	0.990982
18	54480000	54500000	11469	112	7612	11587	0.00976545	0.3806	0.989816
18	54500000	54520000	10718	67	10529	10806	0.00625117	0.52645	0.991856
18	54520000	54540000	12830	73	5168	12961	0.00568979	0.2584	0.989893
18	54540000	54560000	11533	75	9194	11629	0.00650308	0.4597	0.991745
18	54560000	54580000	5363	31	7551	13253	0.00578035	0.37755	0.404663
18	54580000	54600000	12952	73	6676	13055	0.0056362	0.3338	0.99211
18	54600000	54620000	13433	81	6551	13542	0.00602993	0.32755	0.991951
18	54620000	54640000	13746	66	6531	13876	0.0048014	0.32655	0.990631
18	54640000	54660000	13638	88	4918	13747	0.00645256	0.2459	0.992071
18	54660000	54680000	13062	87	2485	13186	0.00666054	0.12425	0.990596
18	54680000	54700000	13372	81	4567	13463	0.00605743	0.22835	0.993241
18	54700000	54720000	12383	82	10519	12617	0.00662198	0.52595	0.981454
18	54720000	54740000	7866	67	13206	8255	0.00851767	0.6603	0.952877
18	54740000	54760000	13349	111	6740	14013	0.00831523	0.337	0.952615
18	54760000	54780000	8972	62	10146	9099	0.00691039	0.5073	0.986042
18	54780000	54800000	13279	64	7612	13383	0.00481964	0.3806	0.992229
18	54800000	54820000	13109	62	5745	13204	0.00472958	0.28725	0.992805
18	54820000	54840000	13885	79	8042	14024	0.00568959	0.4021	0.990088
18	54840000	54860000	10837	66	12226	10994	0.00609025	0.6113	0.985719
18	54860000	54880000	14152	88	7785	14342	0.0062182	0.38925	0.986752
18	54880000	54900000	8052	41	10477	9749	0.0050919	0.52385	0.825931
18	54900000	54920000	12191	61	7969	12470	0.00500369	0.39845	0.977626
18	54920000	54940000	9342	56	11315	9442	0.00599443	0.56575	0.989409
18	54940000	54960000	12630	86	7401	12747	0.00680918	0.37005	0.990821
18	54960000	54980000	12423	94	10883	12549	0.00756661	0.54415	0.989959
18	54980000	55000000	9685	64	11382	10707	0.00660816	0.5691	0.904548
18	55000000	55020000	12968	81	8663	13071	0.00624614	0.43315	0.99212
18	55020000	55040000	14543	70	2695	14650	0.00481331	0.13475	0.992696
18	55040000	55060000	11109	73	10548	11196	0.00657125	0.5274	0.992229
18	55060000	55080000	8751	56	14904	8840	0.00639927	0.7452	0.989932
18	55080000	55100000	10806	65	9781	10873	0.00601518	0.48905	0.993838
18	55100000	55120000	13617	71	1780	13807	0.00521407	0.089	0.986239
18	55120000	55140000	11502	57	9871	11632	0.00495566	0.49355	0.988824
18	55140000	55160000	13659	67	2217	13725	0.00490519	0.11085	0.995191
18	55160000	55180000	11903	98	10763	12023	0.00823322	0.53815	0.990019
18	55180000	55200000	9203	58	11244	9390	0.00630229	0.5622	0.980085
18	55200000	55220000	8093	51	6109	11678	0.00630174	0.30545	0.693013
18	55220000	55240000	12051	89	5478	12173	0.00738528	0.2739	0.989978
18	55240000	55260000	11214	102	7596	11349	0.00909577	0.3798	0.988105
18	55260000	55280000	9324	68	10062	9419	0.00729301	0.5031	0.989914
18	55280000	55300000	7597	58	12674	7910	0.00763459	0.6337	0.96043
18	55300000	55320000	6147	34	12426	6261	0.00553115	0.6213	0.981792
18	55320000	55340000	9145	48	8730	9255	0.00524877	0.4365	0.988115
18	55340000	55360000	7954	43	12146	8006	0.00540608	0.6073	0.993505
18	55360000	55380000	8868	40	9367	10049	0.0045106	0.46835	0.882476
18	55380000	55400000	3922	23	16234	3964	0.00586435	0.8117	0.989405
18	55400000	55420000	8988	67	10394	9061	0.00745438	0.5197	0.991943
18	55420000	55440000	9314	50	10421	9523	0.00536826	0.52105	0.978053
18	55440000	55460000	10519	73	10316	10675	0.00693982	0.5158	0.985386
18	55460000	55480000	10458	65	9051	10556	0.00621534	0.45255	0.990716
18	55480000	55500000	7807	51	14897	7901	0.0065326	0.74485	0.988103
18	55500000	55520000	8555	64	12683	8769	0.00748101	0.63415	0.975596
18	55520000	55540000	9641	63	11156	10200	0.00653459	0.5578	0.945196
18	55540000	55560000	10088	65	13499	10243	0.0064433	0.67495	0.984868
18	55560000	55580000	9969	63	11219	11553	0.00631959	0.56095	0.862893
18	55580000	55600000	9720	69	10102	11224	0.00709877	0.5051	0.866001
18	55600000	55620000	11816	92	10170	11982	0.00778605	0.5085	0.986146
18	55620000	55640000	10556	83	13336	10671	0.00786283	0.6668	0.989223
18	55640000	55660000	11987	73	10360	12250	0.00608993	0.518	0.978531
18	55660000	55680000	10872	47	11854	10955	0.00432303	0.5927	0.992424
18	55680000	55700000	11041	81	7195	11166	0.00733629	0.35975	0.988805
18	55700000	55720000	10751	46	8452	10863	0.00427867	0.4226	0.98969
18	55720000	55740000	10226	44	10246	10349	0.00430276	0.5123	0.988115
18	55740000	55760000	10655	65	11313	10918	0.00610042	0.56565	0.975911
18	55760000	55780000	11372	68	8320	11499	0.0059796	0.416	0.988956
18	55780000	55800000	10880	75	8556	10965	0.00689338	0.4278	0.992248
18	55800000	55820000	12913	88	6392	13006	0.00681484	0.3196	0.992849
18	55820000	55840000	10733	73	4937	10855	0.00680145	0.24685	0.988761
18	55840000	55860000	12568	78	5723	12695	0.00620624	0.28615	0.989996
18	55860000	55880000	11840	63	6760	12284	0.00532095	0.338	0.963855
18	55880000	55900000	12668	81	5190	12772	0.00639406	0.2595	0.991857
18	55900000	55920000	11324	65	6792	11437	0.00574002	0.3396	0.99012
18	55920000	55940000	13002	57	3016	13096	0.00438394	0.1508	0.992822
18	55940000	55960000	12466	81	4619	12579	0.00649767	0.23095	0.991017
18	55960000	55980000	12708	64	5580	12822	0.0050362	0.279	0.991109
18	55980000	56000000	12620	91	4208	12722	0.00721078	0.2104	0.991982
18	56000000	56020000	12961	83	2609	13085	0.00640383	0.13045	0.990524
18	56020000	56040000	13856	85	4268	13987	0.00613453	0.2134	0.990634
18	56040000	56060000	13454	81	3038	13606	0.00602051	0.1519	0.988828
18	56060000	56080000	13581	73	5369	13725	0.00537516	0.26845	0.989508
18	56080000	56100000	11993	66	8038	12079	0.00550321	0.4019	0.99288
18	56100000	56120000	10644	83	7209	10741	0.00779782	0.36045	0.990969
18	56120000	56140000	10008	64	9796	10205	0.00639488	0.4898	0.980696
18	56140000	56160000	11598	99	8185	11906	0.00853595	0.40925	0.974131
18	56160000	56180000	11732	73	9376	11852	0.0062223	0.4688	0.989875
18	56180000	56200000	12061	62	5987	12167	0.00514054	0.29935	0.991288
18	56200000	56220000	12332	68	5666	14098	0.00551411	0.2833	0.874734
18	56220000	56240000	11178	70	11275	11358	0.0062623	0.56375	0.984152
18	56240000	56260000	11795	61	8707	11902	0.00517168	0.43535	0.99101
18	56260000	56280000	11116	42	8887	11434	0.00377834	0.44435	0.972188
18	56280000	56300000	10791	72	8499	11107	0.00667223	0.42495	0.971549
18	56300000	56320000	6951	54	14445	7241	0.00776867	0.72225	0.95995
18	56320000	56340000	9489	41	10419	9808	0.00432079	0.52095	0.967476
18	56340000	56360000	11446	45	8291	11543	0.0039315	0.41455	0.991597
18	56360000	56380000	10370	47	11020	10498	0.0045323	0.551	0.987807
18	56380000	56400000	11069	48	7638	11150	0.00433644	0.3819	0.992735
18	56400000	56420000	11492	50	10037	11621	0.00435085	0.50185	0.988899
18	56420000	56440000	10459	69	8432	11061	0.00659719	0.4216	0.945575
18	56440000	56460000	8148	54	11295	8284	0.00662739	0.56475	0.983583
18	56460000	56480000	7625	55	12594	7849	0.00721311	0.6297	0.971461
18	56480000	56500000	6940	29	13628	6996	0.00417867	0.6814	0.991995
18	56500000	56520000	7605	30	11324	7846	0.00394477	0.5662	0.969284
18	56520000	56540000	10289	56	7205	10720	0.00544271	0.36025	0.959795
18	56540000	56560000	9037	50	8407	9426	0.00553281	0.42035	0.958731
18	56560000	56580000	11335	52	8575	11488	0.00458756	0.42875	0.986682
18	56580000	56600000	7396	171	5874	10980	0.0231206	0.2937	0.673588
18	56600000	56620000	9931	239	6242	10610	0.0240661	0.3121	0.936004
18	56620000	56640000	12029	75	6079	12132	0.00623493	0.30395	0.99151
18	56640000	56660000	9496	62	8470	9606	0.00652906	0.4235	0.988549
18	56660000	56680000	9554	65	11148	9628	0.00680343	0.5574	0.992314
18	56680000	56700000	10546	70	9659	10676	0.00663759	0.48295	0.987823
18	56700000	56720000	1722	12	9691	11189	0.00696864	0.48455	0.153901
18	56720000	56740000	11991	94	8798	13089	0.00783921	0.4399	0.916113
18	56740000	56760000	8698	69	8952	11925	0.00793286	0.4476	0.729392
18	56760000	56780000	12382	98	10520	12495	0.00791471	0.526	0.990956
18	56780000	56800000	9650	67	14519	9733	0.00694301	0.72595	0.991472
18	56800000	56820000	11996	74	7377	12201	0.00616872	0.36885	0.983198
18	56820000	56840000	9450	63	10586	10166	0.00666667	0.5293	0.929569
18	56840000	56860000	11176	85	12819	11257	0.00760558	0.64095	0.992804
18	56860000	56880000	9877	53	12183	10366	0.005366	0.60915	0.952827
18	56880000	56900000	13336	67	4934	13549	0.005024	0.2467	0.984279
18	56900000	56920000	9315	49	13671	9413	0.00526033	0.68355	0.989589
18	56920000	56940000	7650	44	10324	8076	0.00575163	0.5162	0.947251
18	56940000	56960000	11060	71	10694	11306	0.00641953	0.5347	0.978242
18	56960000	56980000	12966	56	7014	13059	0.00431899	0.3507	0.992878
18	56980000	57000000	14072	88	6773	14197	0.00625355	0.33865	0.991195
18	57000000	57020000	10847	59	11020	11032	0.00543929	0.551	0.983231
18	57020000	57040000	8576	70	10019	8649	0.00816231	0.50095	0.99156
18	57040000	57060000	12490	64	8381	13020	0.0051241	0.41905	0.959293
18	57060000	57080000	8245	43	13121	8307	0.00521528	0.65605	0.992536
18	57080000	57100000	11168	86	8783	11277	0.00770057	0.43915	0.990334
18	57100000	57120000	11121	85	8528	11253	0.0076432	0.4264	0.98827
18	57120000	57140000	13298	110	6503	13458	0.00827192	0.32515	0.988111
18	57140000	57160000	11309	75	10331	11519	0.00663189	0.51655	0.981769
18	57160000	57180000	12647	113	6453	12958	0.00893493	0.32265	0.975999
18	57180000	57200000	9396	116	10242	9490	0.0123457	0.5121	0.990095
18	57200000	57220000	11796	92	8233	11910	0.00779925	0.41165	0.990428
18	57220000	57240000	12218	97	6569	12339	0.00793911	0.32845	0.990194
18	57240000	57260000	11041	84	11193	11165	0.00760801	0.55965	0.988894
18	57260000	57280000	13274	89	6779	13380	0.00670484	0.33895	0.992078
18	57280000	57300000	12495	84	7048	12631	0.00672269	0.3524	0.989233
18	57300000	57320000	11828	65	10236	11968	0.00549543	0.5118	0.988302
18	57320000	57340000	10343	65	8309	10925	0.00628444	0.41545	0.946728
18	57340000	57360000	11663	75	8888	11799	0.00643059	0.4444	0.988474
18	57360000	57380000	11783	72	6347	11868	0.0061105	0.31735	0.992838
18	57380000	57400000	10743	66	9830	10822	0.00614354	0.4915	0.9927
18	57400000	57420000	11052	56	12564	11142	0.00506696	0.6282	0.991922
18	57420000	57440000	10221	50	11678	10336	0.00489189	0.5839	0.988874
18	57440000	57460000	6777	44	12577	7392	0.00649255	0.62885	0.916802
18	57460000	57480000	10872	69	7299	10978	0.00634658	0.36495	0.990344
18	57480000	57500000	8391	61	12580	8476	0.00726969	0.629	0.989972
18	57500000	57520000	8593	57	11459	8784	0.00663331	0.57295	0.978256
18	57520000	57540000	8757	51	9990	9199	0.00582391	0.4995	0.951951
18	57540000	57560000	7346	44	10437	8600	0.00598965	0.52185	0.854186
18	57560000	57580000	10530	57	6410	10630	0.00541311	0.3205	0.990593
18	57580000	57600000	8413	59	9185	10230	0.00701296	0.45925	0.822385
18	57600000	57620000	8342	50	9822	9709	0.00599377	0.4911	0.859203
18	57620000	57640000	9983	103	8005	10097	0.0103175	0.40025	0.98871
18	57640000	57660000	9915	104	10850	10460	0.0104892	0.5425	0.947897
18	57660000	57680000	5640	44	14515	5731	0.00780142	0.72575	0.984121
18	57680000	57700000	7204	53	11816	7292	0.00735702	0.5908	0.987932
18	57700000	57720000	10376	65	12867	10480	0.00626446	0.64335	0.990076
18	57720000	57740000	12267	65	9175	12384	0.00529877	0.45875	0.990552
18	57740000	57760000	9277	58	12548	11164	0.00625202	0.6274	0.830975
18	57760000	57780000	11794	88	8064	11893	0.00746142	0.4032	0.991676
18	57780000	57800000	10627	76	6510	10928	0.00715159	0.3255	0.972456
18	57800000	57820000	10641	71	7729	11107	0.00667231	0.38645	0.958044
18	57820000	57840000	10597	102	9065	10722	0.00962537	0.45325	0.988342
18	57840000	57860000	12666	100	9210	12859	0.00789515	0.4605	0.984991
18	57860000	57880000	11910	69	5278	12068	0.00579345	0.2639	0.986908
18	57880000	57900000	11870	74	10996	11985	0.0062342	0.5498	0.990405
18	57900000	57920000	10248	81	12417	10349	0.00790398	0.62085	0.990241
18	57920000	57940000	11705	91	8465	11831	0.00777446	0.42325	0.98935
18	57940000	57960000	8475	67	10891	8558	0.0079056	0.54455	0.990301
18	57960000	57980000	11144	77	10179	11256	0.00690955	0.50895	0.99005
18	57980000	58000000	11288	92	14518	11394	0.00815025	0.7259	0.990697
18	58000000	58020000	8001	76	12988	8111	0.00949881	0.6494	0.986438
18	58020000	58040000	12537	81	6586	12686	0.00646088	0.3293	0.988255
18	58040000	58060000	13195	74	7992	13344	0.00560818	0.3996	0.988834
18	58060000	58080000	11312	80	10565	11446	0.00707214	0.52825	0.988293
18	58080000	58100000	9843	81	11676	9953	0.0082292	0.5838	0.988948
18	58100000	58120000	9556	94	13873	9658	0.00983675	0.69365	0.989439
18	58120000	58140000	11322	54	11776	11429	0.00476948	0.5888	0.990638
18	58140000	58160000	10926	82	10675	11054	0.00750503	0.53375	0.98842
18	58160000	58180000	13313	120	7590	13572	0.00901375	0.3795	0.980917
18	58180000	58200000	10463	94	11142	10682	0.00898404	0.5571	0.979498
18	58200000	58220000	12446	77	9422	12778	0.00618673	0.4711	0.974018
18	58220000	58240000	11631	97	11083	11846	0.00833978	0.55415	0.98185
18	58240000	58260000	10952	75	9599	11100	0.00684806	0.47995	0.986667
18	58260000	58280000	12749	127	7201	12910	0.00996157	0.36005	0.987529
18	58280000	58300000	6940	53	7487	11804	0.00763689	0.37435	0.587936
18	58300000	58320000	0	0	10488	11921		0.5244	0
18	58320000	58340000	4811	43	7307	11951	0.00893785	0.36535	0.40256
18	58340000	58360000	12986	108	8983	13124	0.00831665	0.44915	0.989485
18	58360000	58380000	10208	71	10390	10326	0.00695533	0.5195	0.988573
18	58380000	58400000	10543	69	11005	10690	0.00654463	0.55025	0.986249
18	58400000	58420000	13510	66	8211	13651	0.00488527	0.41055	0.989671
18	58420000	58440000	11794	93	8046	12866	0.00788537	0.4023	0.91668
18	58440000	58460000	9323	72	15489	9406	0.00772284	0.77445	0.991176
18	58460000	58480000	8611	59	10953	8689	0.0068517	0.54765	0.991023
18	58480000	58500000	9875	77	14835	10635	0.00779747	0.74175	0.928538
18	58500000	58520000	11078	91	9348	11178	0.00821448	0.4674	0.991054
18	58520000	58540000	13648	78	11164	13797	0.00571512	0.5582	0.989201
18	58540000	58560000	11861	73	7057	12004	0.00615462	0.35285	0.988087
18	58560000	58580000	12964	83	8619	13139	0.00640234	0.43095	0.986681
18	58580000	58600000	11650	67	8306	11745	0.00575107	0.4153	0.991911
18	58600000	58620000	12274	62	7289	12432	0.00505133	0.36445	0.987291
18	58620000	58640000	11499	43	10607	11596	0.00373946	0.53035	0.991635
18	58640000	58660000	12115	65	7571	12225	0.00536525	0.37855	0.991002
18	58660000	58680000	11901	88	9241	12001	0.00739434	0.46205	0.991667
18	58680000	58700000	12371	61	9485	12465	0.00493089	0.47425	0.992459
18	58700000	58720000	10274	54	12774	10386	0.00525599	0.6387	0.989216
18	58720000	58740000	12400	74	6688	12513	0.00596774	0.3344	0.990969
18	58740000	58760000	11667	75	10922	11857	0.00642839	0.5461	0.983976
18	58760000	58780000	11662	86	9912	12108	0.00737438	0.4956	0.963165
18	58780000	58800000	12378	56	9100	12499	0.00452416	0.455	0.990319
18	58800000	58820000	11603	46	9804	11688	0.00396449	0.4902	0.992728
18	58820000	58840000	12190	80	9050	12333	0.00656276	0.4525	0.988405
18	58840000	58860000	9244	40	12188	9312	0.00432713	0.6094	0.992698
18	58860000	58880000	12960	93	7160	13067	0.00717593	0.358	0.991811
18	58880000	58900000	14215	112	9058	14414	0.007879	0.4529	0.986194
18	58900000	58920000	14421	77	5570	14550	0.00533944	0.2785	0.991134
18	58920000	58940000	8534	72	12540	8685	0.00843684	0.627	0.982614
18	58940000	58960000	13451	78	8819	13574	0.00579883	0.44095	0.990939
18	58960000	58980000	11208	83	8431	11300	0.00740542	0.42155	0.991858
18	58980000	59000000	11184	86	8750	11309	0.00768956	0.4375	0.988947
18	59000000	59020000	13799	80	4104	13891	0.00579752	0.2052	0.993377
18	59020000	59040000	12828	67	7584	12963	0.00522295	0.3792	0.989586
18	59040000	59060000	13679	68	6389	13824	0.00497112	0.31945	0.989511
18	59060000	59080000	12732	76	8774	12826	0.00596921	0.4387	0.992671
18	59080000	59100000	12273	58	9057	12370	0.00472582	0.45285	0.992158
18	59100000	59120000	14208	91	7515	14359	0.00640484	0.37575	0.989484
18	59120000	59140000	13023	86	4738	13136	0.0066037	0.2369	0.991398
18	59140000	59160000	12745	92	6103	13367	0.00721852	0.30515	0.953467
18	59160000	59180000	13188	97	6782	13367	0.00735517	0.3391	0.986609
18	59180000	59200000	5744	38	14067	6057	0.0066156	0.70335	0.948324
18	59200000	59220000	12018	85	8080	12117	0.00707272	0.404	0.99183
18	59220000	59240000	7357	43	11919	7418	0.00584477	0.59595	0.991777
18	59240000	59260000	12359	85	8061	12961	0.00687758	0.40305	0.953553
18	59260000	59280000	11976	132	10283	12120	0.011022	0.51415	0.988119
18	59280000	59300000	5969	159	14080	8445	0.0266376	0.704	0.706809
18	59300000	59320000	8158	66	11193	11338	0.00809022	0.55965	0.719527
18	59320000	59340000	12343	81	7336	12523	0.00656242	0.3668	0.985626
18	59340000	59360000	11492	68	11973	11638	0.00591716	0.59865	0.987455
18	59360000	59380000	8866	78	15714	8954	0.00879765	0.7857	0.990172
18	59380000	59400000	9092	45	13063	9176	0.00494941	0.65315	0.990846
18	59400000	59420000	12749	76	7138	12865	0.00596125	0.3569	0.990983
18	59420000	59440000	12848	63	9611	12959	0.00490349	0.48055	0.991435
18	59440000	59460000	10298	69	11480	10550	0.00670033	0.574	0.976114
18	59460000	59480000	12724	84	7314	12835	0.0066017	0.3657	0.991352
18	59480000	59500000	12405	94	4566	12522	0.00757759	0.2283	0.990656
18	59500000	59520000	13122	87	7979	13317	0.00663009	0.39895	0.985357
18	59520000	59540000	9904	76	8153	11921	0.00767367	0.40765	0.830803
18	59540000	59560000	10589	62	5196	13163	0.00585513	0.2598	0.804452
18	59560000	59580000	10316	53	9115	10960	0.00513765	0.45575	0.941241
18	59580000	59600000	12400	79	8669	12507	0.00637097	0.43345	0.991445
18	59600000	59620000	12856	97	6786	12998	0.00754512	0.3393	0.989075
18	59620000	59640000	8645	59	9986	9257	0.00682475	0.4993	0.933888
18	59640000	59660000	12574	72	12900	12674	0.0057261	0.645	0.99211
18	59660000	59680000	11164	60	14824	11250	0.00537442	0.7412	0.992356
18	59680000	59700000	11885	83	10591	12078	0.00698359	0.52955	0.984021
18	59700000	59720000	8804	45	11281	8881	0.00511131	0.56405	0.99133
18	59720000	59740000	9796	31	11429	11002	0.00316456	0.57145	0.890384
18	59740000	59760000	11265	70	8267	11798	0.00621394	0.41335	0.954823
18	59760000	59780000	10842	86	5887	10938	0.00793212	0.29435	0.991223
18	59780000	59800000	12609	105	8487	12707	0.00832739	0.42435	0.992288
18	59800000	59820000	11613	64	9013	11690	0.00551107	0.45065	0.993413
18	59820000	59840000	10809	72	10982	10898	0.00666112	0.5491	0.991833
18	59840000	59860000	11124	75	10288	11227	0.00674218	0.5144	0.990826
18	59860000	59880000	11274	43	10658	11357	0.00381409	0.5329	0.992692
18	59880000	59900000	13064	54	7022	13160	0.0041335	0.3511	0.992705
18	59900000	59920000	11868	61	7185	12020	0.00513987	0.35925	0.987354
18	59920000	59940000	12168	65	7242	12244	0.00534188	0.3621	0.993793
18	59940000	59960000	13644	56	5698	13708	0.00410437	0.2849	0.995331
18	59960000	59980000	12608	57	10227	12706	0.00452094	0.51135	0.992287
18	59980000	60000000	11647	60	11253	11745	0.00515154	0.56265	0.991656
18	60000000	60020000	12260	77	6718	12363	0.00628059	0.3359	0.991669
18	60020000	60040000	11790	64	8410	11904	0.00542833	0.4205	0.990423
18	60040000	60060000	10808	64	8297	10993	0.00592154	0.41485	0.983171
18	60060000	60080000	11467	79	11170	11587	0.00688933	0.5585	0.989644
18	60080000	60100000	11097	67	8701	11580	0.00603767	0.43505	0.95829
18	60100000	60120000	3976	24	9698	9806	0.00603622	0.4849	0.405466
18	60120000	60140000	8334	45	12895	8410	0.00539957	0.64475	0.990963
18	60140000	60160000	10202	76	13518	10328	0.00744952	0.6759	0.9878
18	60160000	60180000	10793	57	11409	11067	0.0052812	0.57045	0.975242
18	60180000	60200000	10151	34	6581	10615	0.00334942	0.32905	0.956288
18	60200000	60220000	12010	54	5587	12120	0.00449625	0.27935	0.990924
18	60220000	60240000	12471	52	6949	12597	0.00416967	0.34745	0.989998
18	60240000	60260000	11889	82	5861	12008	0.00689713	0.29305	0.99009
18	60260000	60280000	11156	61	10508	11308	0.00546791	0.5254	0.986558
18	60280000	60300000	8946	63	10623	9429	0.00704225	0.53115	0.948775
18	60300000	60320000	9641	76	10655	9741	0.007883	0.53275	0.989734
18	60320000	60340000	6747	39	15315	8660	0.00578035	0.76575	0.779099
18	60340000	60360000	8658	42	12133	8727	0.004851	0.60665	0.992094
18	60360000	60380000	9448	61	11253	9538	0.00645639	0.56265	0.990564
18	60380000	60400000	9102	40	6417	9204	0.00439464	0.32085	0.988918
18	60400000	60420000	11297	39	8383	11464	0.00345224	0.41915	0.985433
18	60420000	60440000	11852	44	8195	11943	0.00371245	0.40975	0.99238
18	60440000	60460000	13077	49	6287	13159	0.00374704	0.31435	0.993769
18	60460000	60480000	11014	43	8110	11083	0.00390412	0.4055	0.993774
18	60480000	60500000	10053	39	12457	10114	0.00387944	0.62285	0.993969
18	60500000	60520000	10274	49	10412	10364	0.00476932	0.5206	0.991316
18	60520000	60540000	9624	53	11142	9700	0.00550707	0.5571	0.992165
18	60540000	60560000	10668	53	9477	10784	0.00496813	0.47385	0.989243
18	60560000	60580000	5228	31	10653	7659	0.00592961	0.53265	0.682596
18	60580000	60600000	10741	67	10329	10808	0.00623778	0.51645	0.993801
18	60600000	60620000	10787	43	8895	10860	0.00398628	0.44475	0.993278
18	60620000	60640000	11714	45	9571	11793	0.00384156	0.47855	0.993301
18	60640000	60660000	12534	81	5593	12638	0.00646242	0.27965	0.991771
18	60660000	60680000	9596	70	11734	10978	0.00729471	0.5867	0.874112
18	60680000	60700000	11374	61	10874	11475	0.00536311	0.5437	0.991198
18	60700000	60720000	10989	66	11375	11079	0.00600601	0.56875	0.991877
18	60720000	60740000	11299	68	8748	11406	0.00601823	0.4374	0.990619
18	60740000	60760000	10671	78	11372	10949	0.00730953	0.5686	0.97461
18	60760000	60780000	12889	79	5977	13154	0.00612926	0.29885	0.979854
18	60780000	60800000	13330	80	6922	13480	0.0060015	0.3461	0.988872
18	60800000	60820000	13560	76	4782	13664	0.00560472	0.2391	0.992389
18	60820000	60840000	9266	44	4583	9314	0.00474854	0.22915	0.994846
18	60840000	60860000	12244	74	4880	12397	0.00604378	0.244	0.987658
18	60860000	60880000	8407	56	6815	11359	0.00666112	0.34075	0.740118
18	60880000	60900000	11329	56	12524	11687	0.00494307	0.6262	0.969368
18	60900000	60920000	11050	39	8994	11121	0.00352941	0.4497	0.993616
18	60920000	60940000	12051	64	6151	12251	0.00531076	0.30755	0.983675
18	60940000	60960000	12721	88	6526	12815	0.0069177	0.3263	0.992665
18	60960000	60980000	12225	77	6572	12304	0.00629857	0.3286	0.993579
18	60980000	61000000	10970	53	4406	11040	0.00483136	0.2203	0.993659
18	61000000	61020000	11150	63	9367	11257	0.00565022	0.46835	0.990495
18	61020000	61040000	9248	54	11061	9315	0.0058391	0.55305	0.992807
18	61040000	61060000	9733	49	12864	9841	0.00503442	0.6432	0.989026
18	61060000	61080000	12117	81	6453	12209	0.00668482	0.32265	0.992465
18	61080000	61100000	10015	106	10909	10260	0.0105841	0.54545	0.976121
18	61100000	61120000	9195	71	9645	9273	0.00772159	0.48225	0.991588
18	61120000	61140000	9200	59	11613	9295	0.00641304	0.58065	0.989779
18	61140000	61160000	12609	66	6811	12747	0.00523436	0.34055	0.989174
18	61160000	61180000	11426	79	7948	11535	0.00691406	0.3974	0.99055
18	61180000	61200000	11931	94	12645	12065	0.00787864	0.63225	0.988893
18	61200000	61220000	12326	100	7149	12450	0.00811293	0.35745	0.99004
18	61220000	61240000	12268	83	7001	12396	0.00676557	0.35005	0.989674
18	61240000	61260000	11855	72	12242	11973	0.00607339	0.6121	0.990144
18	61260000	61280000	11254	80	12330	11440	0.00710858	0.6165	0.983741
18	61280000	61300000	9249	52	13470	9311	0.00562223	0.6735	0.993341
18	61300000	61320000	3397	56	9555	3536	0.0164851	0.47775	0.96069
18	61320000	61340000	3986	62	9400	4036	0.0155544	0.47	0.987611
18	61340000	61360000	8914	63	14350	9013	0.00706753	0.7175	0.989016
18	61360000	61380000	11754	103	9762	11891	0.00876297	0.4881	0.988479
18	61380000	61400000	11933	119	11428	12070	0.00997235	0.5714	0.98865
18	61400000	61420000	10149	87	11607	10232	0.00857227	0.58035	0.991888
18	61420000	61440000	12058	78	8657	12168	0.00646873	0.43285	0.99096
18	61440000	61460000	13277	69	6523	13375	0.00519696	0.32615	0.992673
18	61460000	61480000	13903	88	6774	14040	0.00632957	0.3387	0.990242
18	61480000	61500000	11266	134	9141	11395	0.0118942	0.45705	0.988679
18	61500000	61520000	12328	80	7561	12481	0.00648929	0.37805	0.987741
18	61520000	61540000	6516	44	15392	6803	0.00675261	0.7696	0.957813
18	61540000	61560000	13559	85	8013	13680	0.0062689	0.40065	0.991155
18	61560000	61580000	12171	96	6756	12334	0.0078876	0.3378	0.986784
18	61580000	61600000	13069	92	9719	13180	0.00703956	0.48595	0.991578
18	61600000	61620000	8503	58	11268	8574	0.00682112	0.5634	0.991719
18	61620000	61640000	12547	74	9026	12659	0.00589782	0.4513	0.991153
18	61640000	61660000	12314	85	8807	12444	0.00690271	0.44035	0.989553
18	61660000	61680000	13411	114	16438	13554	0.00850048	0.8219	0.98945
18	61680000	61700000	13736	94	5604	13868	0.00684333	0.2802	0.990482
18	61700000	61720000	12154	89	10409	12277	0.00732269	0.52045	0.989981
18	61720000	61740000	9313	67	13035	9393	0.00719424	0.65175	0.991483
18	61740000	61760000	11741	77	8336	11826	0.00655821	0.4168	0.992812
18	61760000	61780000	13944	79	4803	14080	0.00566552	0.24015	0.990341
18	61780000	61800000	12916	84	6164	13039	0.00650356	0.3082	0.990567
18	61800000	61820000	11836	81	8096	11934	0.00684353	0.4048	0.991788
18	61820000	61840000	13155	81	6020	13285	0.00615735	0.301	0.990215
18	61840000	61860000	12256	68	8822	12399	0.0055483	0.4411	0.988467
18	61860000	61880000	12832	88	7203	12950	0.00685786	0.36015	0.990888
18	61880000	61900000	8794	83	13802	8908	0.00943825	0.6901	0.987203
18	61900000	61920000	13879	81	7427	14267	0.00583616	0.37135	0.972804
18	61920000	61940000	11772	103	7866	11891	0.00874958	0.3933	0.989992
18	61940000	61960000	9308	35	14281	9425	0.00376021	0.71405	0.987586
18	61960000	61980000	11011	72	8600	11319	0.00653892	0.43	0.972789
18	61980000	62000000	10887	92	12370	11005	0.00845045	0.6185	0.989278
18	62000000	62020000	13190	138	7016	13334	0.0104625	0.3508	0.989201
18	62020000	62040000	9612	83	9495	9714	0.00863504	0.47475	0.9895
18	62040000	62060000	12107	88	6036	12209	0.00726852	0.3018	0.991646
18	62060000	62080000	13876	76	7157	14128	0.00547708	0.35785	0.982163
18	62080000	62100000	8773	53	11871	8857	0.00604126	0.59355	0.990516
18	62100000	62120000	11700	64	10776	11794	0.00547009	0.5388	0.99203
18	62120000	62140000	10020	78	16135	10281	0.00778443	0.80675	0.974613
18	62140000	62160000	12078	76	10471	12199	0.00629243	0.52355	0.990081
18	62160000	62180000	11869	79	10279	12024	0.00665599	0.51395	0.987109
18	62180000	62200000	10675	71	9963	10769	0.00665105	0.49815	0.991271
18	62200000	62220000	8522	53	13231	8614	0.0062192	0.66155	0.98932
18	62220000	62240000	11346	85	13007	11478	0.00749163	0.65035	0.9885
18	62240000	62260000	8691	63	11298	8838	0.00724888	0.5649	0.983367
18	62260000	62280000	8099	63	13865	8579	0.00777874	0.69325	0.944049
18	62280000	62300000	13001	80	8188	13815	0.00615337	0.4094	0.941079
18	62300000	62320000	11744	100	9376	12466	0.00851499	0.4688	0.942082
18	62320000	62340000	12818	90	8181	12986	0.00702138	0.40905	0.987063
18	62340000	62360000	8212	56	12583	8512	0.00681929	0.62915	0.964756
18	62360000	62380000	12745	85	7301	12886	0.00666928	0.36505	0.989058
18	62380000	62400000	11022	73	8398	11133	0.00662312	0.4199	0.99003
18	62400000	62420000	12460	82	10394	12585	0.00658106	0.5197	0.990068
18	62420000	62440000	11129	75	8576	11250	0.00673915	0.4288	0.989244
18	62440000	62460000	12077	94	6754	12225	0.00778339	0.3377	0.987894
18	62460000	62480000	12322	110	11041	12504	0.00892712	0.55205	0.985445
18	62480000	62500000	10690	66	13920	10800	0.00617399	0.696	0.989815
18	62500000	62520000	12890	106	8580	13012	0.00822343	0.429	0.990624
18	62520000	62540000	10985	92	13000	11125	0.00837506	0.65	0.987416
18	62540000	62560000	11342	93	11670	11469	0.00819961	0.5835	0.988927
18	62560000	62580000	10837	97	11587	10901	0.00895082	0.57935	0.994129
18	62580000	62600000	13056	85	5266	13187	0.00651042	0.2633	0.990066
18	62600000	62620000	12798	95	10070	13290	0.00742303	0.5035	0.96298
18	62620000	62640000	13240	89	6879	13390	0.00672205	0.34395	0.988798
18	62640000	62660000	12646	97	9339	12779	0.00767041	0.46695	0.989592
18	62660000	62680000	14394	85	4709	14560	0.00590524	0.23545	0.988599
18	62680000	62700000	11030	80	13134	11154	0.00725295	0.6567	0.988883
18	62700000	62720000	11678	102	10605	12049	0.00873437	0.53025	0.969209
18	62720000	62740000	11442	100	9992	11574	0.00873973	0.4996	0.988595
18	62740000	62760000	13093	126	5654	13270	0.00962346	0.2827	0.986662
18	62760000	62780000	12833	65	6384	13007	0.00506507	0.3192	0.986623
18	62780000	62800000	12965	81	11388	13105	0.00624759	0.5694	0.989317
18	62800000	62820000	11346	72	12595	12341	0.00634585	0.62975	0.919374
18	62820000	62840000	7848	67	13249	8111	0.00853721	0.66245	0.967575
18	62840000	62860000	11863	95	6934	12041	0.00800809	0.3467	0.985217
18	62860000	62880000	13257	91	6248	13392	0.0068643	0.3124	0.989919
18	62880000	62900000	9581	77	5852	12668	0.00803674	0.2926	0.756315
18	62900000	62920000	12297	95	4137	12430	0.00772546	0.20685	0.9893
18	62920000	62940000	12539	86	7578	12661	0.0068586	0.3789	0.990364
18	62940000	62960000	10733	91	8091	11612	0.00847852	0.40455	0.924302
18	62960000	62980000	12415	71	6233	12608	0.00571889	0.31165	0.984692
18	62980000	63000000	12454	124	11902	12590	0.00995664	0.5951	0.989198
18	63000000	63020000	13910	131	6888	14102	0.00941769	0.3444	0.986385
18	63020000	63040000	12352	83	7850	12465	0.00671956	0.3925	0.990935
18	63040000	63060000	10662	53	12931	10779	0.00497092	0.64655	0.989146
18	63060000	63080000	11956	99	6723	12108	0.00828036	0.33615	0.987446
18	63080000	63100000	11424	90	11036	11550	0.00787815	0.5518	0.989091
18	63100000	63120000	12998	83	6699	13504	0.0063856	0.33495	0.96253
18	63120000	63140000	13384	107	8897	13526	0.00799462	0.44485	0.989502
18	63140000	63160000	11857	93	8164	11965	0.00784347	0.4082	0.990974
18	63160000	63180000	13622	91	9047	13788	0.00668037	0.45235	0.987961
18	63180000	63200000	10911	108	9159	11486	0.00989827	0.45795	0.949939
18	63200000	63220000	10388	81	9116	10767	0.00779746	0.4558	0.9648
18	63220000	63240000	9203	80	14837	9398	0.00869282	0.74185	0.979251
18	63240000	63260000	11072	125	10535	11193	0.0112897	0.52675	0.98919
18	63260000	63280000	12023	90	9861	12149	0.00748565	0.49305	0.989629
18	63280000	63300000	10507	83	10796	12515	0.0078995	0.5398	0.839553
18	63300000	63320000	12778	62	12285	12890	0.00485209	0.61425	0.991311
18	63320000	63340000	12298	106	9716	12413	0.00861929	0.4858	0.990736
18	63340000	63360000	12415	95	8846	12536	0.00765203	0.4423	0.990348
18	63360000	63380000	11449	83	10400	11581	0.00724954	0.52	0.988602
18	63380000	63400000	11465	75	10525	11552	0.00654165	0.52625	0.992469
18	63400000	63420000	12180	77	5804	12294	0.00632184	0.2902	0.990727
18	63420000	63440000	13293	58	2796	13397	0.0043632	0.1398	0.992237
18	63440000	63460000	11545	78	7128	11687	0.00675617	0.3564	0.98785
18	63460000	63480000	13968	78	4465	14098	0.00558419	0.22325	0.990779
18	63480000	63500000	13365	80	2271	13480	0.00598578	0.11355	0.991469
18	63500000	63520000	12564	58	5071	12658	0.00461636	0.25355	0.992574
18	63520000	63540000	12546	74	6097	12632	0.00589829	0.30485	0.993192
18	63540000	63560000	12587	71	4477	12705	0.00564074	0.22385	0.990712
18	63560000	63580000	12225	98	9923	12360	0.00801636	0.49615	0.989078
18	63580000	63600000	11124	89	9204	11687	0.00800072	0.4602	0.951827
18	63600000	63620000	11851	83	11358	12138	0.00700363	0.5679	0.976355
18	63620000	63640000	13487	89	7864	14064	0.00659895	0.3932	0.958973
18	63640000	63660000	11824	69	10668	11949	0.00583559	0.5334	0.989539
18	63660000	63680000	8790	68	14289	10419	0.00773606	0.71445	0.843651
18	63680000	63700000	9101	66	13000	11471	0.00725195	0.65	0.793392
18	63700000	63720000	12874	96	7710	12991	0.00745689	0.3855	0.990994
18	63720000	63740000	13309	111	6084	13435	0.00834022	0.3042	0.990622
18	63740000	63760000	12334	100	6164	12461	0.00810767	0.3082	0.989808
18	63760000	63780000	11274	94	6464	12238	0.00833777	0.3232	0.921229
18	63780000	63800000	12843	80	10246	12971	0.00622907	0.5123	0.990132
18	63800000	63820000	13418	87	7427	13567	0.00648383	0.37135	0.989017
18	63820000	63840000	11903	86	15987	12035	0.00722507	0.79935	0.989032
18	63840000	63860000	12167	105	9958	12336	0.0086299	0.4979	0.9863
18	63860000	63880000	11605	67	8964	12267	0.00577337	0.4482	0.946034
18	63880000	63900000	11969	78	8456	12055	0.00651684	0.4228	0.992866
18	63900000	63920000	11836	109	13698	12684	0.00920919	0.6849	0.933144
18	63920000	63940000	12142	104	8982	12419	0.00856531	0.4491	0.977695
18	63940000	63960000	11315	98	8256	11435	0.00866107	0.4128	0.989506
18	63960000	63980000	7917	63	12126	8098	0.00795756	0.6063	0.977649
18	63980000	64000000	13345	131	7981	13483	0.00981641	0.39905	0.989765
18	64000000	64020000	12219	82	11863	12334	0.00671086	0.59315	0.990676
18	64020000	64040000	12593	190	12541	12770	0.0150877	0.62705	0.986139
18	64040000	64060000	9108	96	11633	9424	0.0105402	0.58165	0.966469
18	64060000	64080000	12901	120	6985	13026	0.0093016	0.34925	0.990404
18	64080000	64100000	10550	98	10297	10656	0.0092891	0.51485	0.990053
18	64100000	64120000	12786	95	11737	12955	0.00743	0.58685	0.986955
18	64120000	64140000	11839	140	15217	12333	0.0118253	0.76085	0.959945
18	64140000	64160000	13018	62	9262	13177	0.00476264	0.4631	0.987934
18	64160000	64180000	13098	81	4614	13868	0.00618415	0.2307	0.944476
18	64180000	64200000	11273	88	7133	12028	0.00780626	0.35665	0.93723
18	64200000	64220000	12590	80	8802	12791	0.00635425	0.4401	0.984286
18	64220000	64240000	13097	71	5562	13266	0.00542109	0.2781	0.987261
18	64240000	64260000	12655	64	10359	13319	0.00505729	0.51795	0.950146
18	64260000	64280000	9636	73	9323	10621	0.00757576	0.46615	0.907259
18	64280000	64300000	10850	58	14057	10936	0.00534562	0.70285	0.992136
18	64300000	64320000	12356	91	8390	13491	0.00736484	0.4195	0.91587
18	64320000	64340000	12891	75	8459	13023	0.00581801	0.42295	0.989864
18	64340000	64360000	9793	75	10952	9902	0.00765853	0.5476	0.988992
18	64360000	64380000	12848	71	7725	13099	0.00552615	0.38625	0.980838
18	64380000	64400000	8274	67	11094	8333	0.00809766	0.5547	0.99292
18	64400000	64420000	10562	65	8784	11082	0.00615414	0.4392	0.953077
18	64420000	64440000	11330	73	10111	12342	0.00644307	0.50555	0.918004
18	64440000	64460000	12338	93	7758	12882	0.00753769	0.3879	0.957771
18	64460000	64480000	13020	59	8085	13177	0.00453149	0.40425	0.988085
18	64480000	64500000	11020	110	13188	11296	0.00998185	0.6594	0.975567
18	64500000	64520000	10743	70	12172	11345	0.00651587	0.6086	0.946937
18	64520000	64540000	11757	93	8664	12206	0.00791018	0.4332	0.963215
18	64540000	64560000	11619	63	9635	11739	0.00542215	0.48175	0.989778
18	64560000	64580000	11103	77	13587	11210	0.00693506	0.67935	0.990455
18	64580000	64600000	13265	88	8663	13372	0.006634	0.43315	0.991998
18	64600000	64620000	11664	91	8287	11795	0.00780178	0.41435	0.988894
18	64620000	64640000	11741	69	11304	11859	0.00587684	0.5652	0.99005
18	64640000	64660000	12156	56	13806	12249	0.00460678	0.6903	0.992408
18	64660000	64680000	11321	74	11625	11431	0.00653653	0.58125	0.990377
18	64680000	64700000	10563	71	7833	12148	0.00672158	0.39165	0.869526
18	64700000	64720000	11613	85	14711	11857	0.00731938	0.73555	0.979421
18	64720000	64740000	13343	102	6420	13476	0.00764446	0.321	0.990131
18	64740000	64760000	9504	66	9515	9832	0.00694444	0.47575	0.96664
18	64760000	64780000	11284	101	6479	11432	0.00895073	0.32395	0.987054
18	64780000	64800000	9507	65	15059	9625	0.00683707	0.75295	0.98774
18	64800000	64820000	13402	91	5794	13641	0.00679003	0.2897	0.982479
18	64820000	64840000	11275	87	10438	11686	0.00771619	0.5219	0.96483
18	64840000	64860000	12955	97	8329	13080	0.00748746	0.41645	0.990443
18	64860000	64880000	12946	101	7647	13132	0.00780164	0.38235	0.985836
18	64880000	64900000	10980	88	10456	11099	0.00801457	0.5228	0.989278
18	64900000	64920000	11613	88	9431	11753	0.00757771	0.47155	0.988088
18	64920000	64940000	11497	87	8048	11604	0.00756719	0.4024	0.990779
18	64940000	64960000	12140	106	8552	12285	0.00873147	0.4276	0.988197
18	64960000	64980000	9485	61	10415	11656	0.00643121	0.52075	0.813744
18	64980000	65000000	10556	78	8985	11502	0.00738916	0.44925	0.917753
18	65000000	65020000	12054	135	12166	12253	0.0111996	0.6083	0.983759
18	65020000	65040000	11455	69	7047	11639	0.00602357	0.35235	0.984191
18	65040000	65060000	11314	67	14473	11582	0.00592187	0.72365	0.976861
18	65060000	65080000	12674	134	9485	12777	0.0105728	0.47425	0.991939
18	65080000	65100000	11571	79	7801	11857	0.00682741	0.39005	0.975879
18	65100000	65120000	8201	61	10517	8290	0.00743812	0.52585	0.989264
18	65120000	65140000	10736	70	12046	10858	0.00652012	0.6023	0.988764
18	65140000	65160000	13578	74	9869	13690	0.00544999	0.49345	0.991819
18	65160000	65180000	13227	96	8935	13324	0.00725788	0.44675	0.99272
18	65180000	65200000	13049	74	6509	13169	0.00567093	0.32545	0.990888
18	65200000	65220000	12842	66	7223	13101	0.00513939	0.36115	0.980231
18	65220000	65240000	12809	88	10564	12934	0.00687017	0.5282	0.990336
18	65240000	65260000	12748	101	7281	12855	0.00792281	0.36405	0.991676
18	65260000	65280000	9897	64	10820	10022	0.00646661	0.541	0.987527
18	65280000	65300000	11974	90	8517	12151	0.00751629	0.42585	0.985433
18	65300000	65320000	12189	85	6836	12377	0.0069735	0.3418	0.984811
18	65320000	65340000	13065	90	6337	13195	0.00688863	0.31685	0.990148
18	65340000	65360000	9721	75	14196	9896	0.00771526	0.7098	0.982316
18	65360000	65380000	10246	73	9055	13117	0.00712473	0.45275	0.781124
18	65380000	65400000	10796	65	8981	10935	0.00602075	0.44905	0.987289
18	65400000	65420000	9528	73	12418	9666	0.00766163	0.6209	0.985723
18	65420000	65440000	10463	68	12216	10578	0.00649909	0.6108	0.989128
18	65440000	65460000	12956	83	4211	13109	0.0064063	0.21055	0.988329
18	65460000	65480000	14414	116	6138	14595	0.00804773	0.3069	0.987598
18	65480000	65500000	12705	161	9428	12855	0.0126722	0.4714	0.988331
18	65500000	65520000	10456	101	15392	10604	0.00965953	0.7696	0.986043
18	65520000	65540000	11985	116	8441	12101	0.00967877	0.42205	0.990414
18	65540000	65560000	10928	83	10452	11482	0.00759517	0.5226	0.951751
18	65560000	65580000	12404	92	11905	12564	0.00741696	0.59525	0.987265
18	65580000	65600000	10475	90	7100	10595	0.00859189	0.355	0.988674
18	65600000	65620000	13140	112	5977	13317	0.00852359	0.29885	0.986709
18	65620000	65640000	13158	99	8911	13293	0.00752394	0.44555	0.989844
18	65640000	65660000	8678	84	9736	12485	0.00967965	0.4868	0.695074
18	65660000	65680000	11807	76	8952	11957	0.00643686	0.4476	0.987455
18	65680000	65700000	12914	98	6927	13091	0.00758866	0.34635	0.986479
18	65700000	65720000	12349	109	9756	12471	0.00882663	0.4878	0.990217
18	65720000	65740000	11914	97	10421	12845	0.00814168	0.52105	0.92752
18	65740000	65760000	13509	136	8617	13680	0.0100674	0.43085	0.9875
18	65760000	65780000	11708	80	10225	11849	0.00683293	0.51125	0.9881
18	65780000	65800000	11947	109	8653	12752	0.00912363	0.43265	0.936873
18	65800000	65820000	10566	78	12241	10719	0.00738217	0.61205	0.985726
18	65820000	65840000	7301	67	11299	10978	0.00917683	0.56495	0.665057
18	65840000	65860000	11546	98	9257	11665	0.00848779	0.46285	0.989799
18	65860000	65880000	13039	112	7059	13207	0.00858962	0.35295	0.987279
18	65880000	65900000	11753	79	8051	11878	0.00672169	0.40255	0.989476
18	65900000	65920000	8717	88	14354	8820	0.0100952	0.7177	0.988322
18	65920000	65940000	12392	79	7752	12572	0.00637508	0.3876	0.985682
18	65940000	65960000	12295	67	4750	12438	0.00544937	0.2375	0.988503
18	65960000	65980000	10979	106	11271	11122	0.0096548	0.56355	0.987143
18	65980000	66000000	12565	109	6783	12722	0.00867489	0.33915	0.987659
18	66000000	66020000	9644	64	11789	9760	0.00663625	0.58945	0.988115
18	66020000	66040000	10846	83	11983	10997	0.00765259	0.59915	0.986269
18	66040000	66060000	11561	82	9816	11678	0.00709281	0.4908	0.989981
18	66060000	66080000	12302	126	10063	13091	0.0102422	0.50315	0.93973
18	66080000	66100000	12034	69	6664	12146	0.00573375	0.3332	0.990779
18	66100000	66120000	11211	76	10372	11325	0.00677906	0.5186	0.989934
18	66120000	66140000	12782	82	8661	12896	0.00641527	0.43305	0.99116
18	66140000	66160000	11210	98	10162	11344	0.00874219	0.5081	0.988188
18	66160000	66180000	11787	67	8647	12554	0.00568423	0.43235	0.938904
18	66180000	66200000	11195	86	9248	11340	0.007682	0.4624	0.987213
18	66200000	66220000	7486	68	8869	7645	0.00908362	0.44345	0.979202
18	66220000	66240000	11222	96	12725	11323	0.00855462	0.63625	0.99108
18	66240000	66260000	11413	74	9253	11538	0.00648383	0.46265	0.989166
18	66260000	66280000	12072	102	9118	12213	0.0084493	0.4559	0.988455
18	66280000	66300000	9216	84	11210	9768	0.00911458	0.5605	0.943489
18	66300000	66320000	8861	51	11186	8974	0.00575556	0.5593	0.987408
18	66320000	66340000	12093	117	14168	12254	0.00967502	0.7084	0.986861
18	66340000	66360000	13786	72	4356	13966	0.00522269	0.2178	0.987112
18	66360000	66380000	12726	84	8401	12862	0.00660066	0.42005	0.989426
18	66380000	66400000	11363	77	10716	11502	0.00677638	0.5358	0.987915
18	66400000	66420000	10796	81	11811	10912	0.00750278	0.59055	0.98937
18	66420000	66440000	13213	77	7787	13320	0.00582759	0.38935	0.991967
18	66440000	66460000	8964	54	11265	9028	0.0060241	0.56325	0.992911
18	66460000	66480000	13242	74	6166	13358	0.00558828	0.3083	0.991316
18	66480000	66500000	10823	64	9810	11960	0.00591333	0.4905	0.904933
18	66500000	66520000	13390	87	4976	13515	0.00649739	0.2488	0.990751
18	66520000	66540000	10431	66	12071	10675	0.00632729	0.60355	0.977143
18	66540000	66560000	11154	86	9785	11320	0.00771024	0.48925	0.985336
18	66560000	66580000	12620	114	6216	12761	0.00903328	0.3108	0.988951
18	66580000	66600000	13300	126	6599	13502	0.00947368	0.32995	0.985039
18	66600000	66620000	12510	83	6338	12655	0.00663469	0.3169	0.988542
18	66620000	66640000	11477	77	10486	11603	0.00670907	0.5243	0.989141
18	66640000	66660000	12623	90	7412	12752	0.00712984	0.3706	0.989884
18	66660000	66680000	11186	86	8186	11353	0.00768818	0.4093	0.98529
18	66680000	66700000	12979	89	7230	13112	0.00685723	0.3615	0.989857
18	66700000	66720000	11219	91	9239	11314	0.00811124	0.46195	0.991603
18	66720000	66740000	12843	124	8991	12970	0.00965507	0.44955	0.990208
18	66740000	66760000	5196	26	7251	5234	0.00500385	0.36255	0.99274
18	66760000	66780000	13130	100	5159	13272	0.00761615	0.25795	0.989301
18	66780000	66800000	12026	87	7662	12503	0.00723433	0.3831	0.961849
18	66800000	66820000	12617	80	9428	12751	0.00634065	0.4714	0.989491
18	66820000	66840000	12775	78	5933	12969	0.00610568	0.29665	0.985041
18	66840000	66860000	13780	81	11917	13917	0.00587808	0.59585	0.990156
18	66860000	66880000	13088	75	5572	13278	0.00573044	0.2786	0.985691
18	66880000	66900000	12810	95	4826	12942	0.00741608	0.2413	0.989801
18	66900000	66920000	9853	72	8121	11977	0.00730742	0.40605	0.82266
18	66920000	66940000	11072	93	8601	11171	0.00839957	0.43005	0.991138
18	66940000	66960000	13527	73	8070	13777	0.00539661	0.4035	0.981854
18	66960000	66980000	12151	65	12642	12273	0.00534935	0.6321	0.990059
18	66980000	67000000	10120	72	12671	10352	0.00711462	0.63355	0.977589
18	67000000	67020000	11717	88	11382	11901	0.00751045	0.5691	0.984539
18	67020000	67040000	11601	51	9446	11815	0.00439617	0.4723	0.981887
18	67040000	67060000	13906	92	8425	14070	0.00661585	0.42125	0.988344
18	67060000	67080000	12305	89	6038	12428	0.00723283	0.3019	0.990103
18	67080000	67100000	12575	65	9517	12676	0.00516899	0.47585	0.992032
18	67100000	67120000	6903	31	13916	7092	0.0044908	0.6958	0.97335
18	67120000	67140000	9615	65	9002	9715	0.00676027	0.4501	0.989707
18	67140000	67160000	12311	76	5016	12436	0.00617334	0.2508	0.989949
18	67160000	67180000	12566	105	8726	12684	0.00835588	0.4363	0.990697
18	67180000	67200000	12793	69	5242	12917	0.00539357	0.2621	0.9904
18	67200000	67220000	6872	47	8431	6928	0.00683935	0.42155	0.991917
18	67220000	67240000	12368	121	11310	12485	0.00978331	0.5655	0.990629
18	67240000	67260000	13253	105	7753	13409	0.00792273	0.38765	0.988366
18	67260000	67280000	11434	88	10908	11594	0.00769634	0.5454	0.9862
18	67280000	67300000	9785	72	5583	12281	0.0073582	0.27915	0.796759
18	67300000	67320000	13945	81	9046	14075	0.00580853	0.4523	0.990764
18	67320000	67340000	12405	81	11218	12546	0.00652963	0.5609	0.988761
18	67340000	67360000	13290	81	7258	13451	0.00609481	0.3629	0.988031
18	67360000	67380000	11618	72	6630	11810	0.00619728	0.3315	0.983743
18	67380000	67400000	13568	89	5225	13724	0.00655955	0.26125	0.988633
18	67400000	67420000	11124	80	7983	11251	0.00719166	0.39915	0.988712
18	67420000	67440000	11820	88	6800	11987	0.00744501	0.34	0.986068
18	67440000	67460000	11049	67	9740	11292	0.0060639	0.487	0.97848
18	67460000	67480000	11778	82	7576	11882	0.00696213	0.3788	0.991247
18	67480000	67500000	12175	71	8145	12286	0.00583162	0.40725	0.990965
18	67500000	67520000	11631	51	5752	11925	0.00438483	0.2876	0.975346
18	67520000	67540000	11898	73	8178	11989	0.00613548	0.4089	0.99241
18	67540000	67560000	10221	64	8777	10411	0.00626162	0.43885	0.98175
18	67560000	67580000	12323	85	7092	12440	0.00689767	0.3546	0.990595
18	67580000	67600000	11684	93	7502	12405	0.0079596	0.3751	0.941878
18	67600000	67620000	10837	72	7687	11515	0.00664391	0.38435	0.94112
18	67620000	67640000	10784	66	10649	10976	0.00612018	0.53245	0.982507
18	67640000	67660000	7840	47	16085	7962	0.0059949	0.80425	0.984677
18	67660000	67680000	9714	37	9349	9810	0.00380894	0.46745	0.990214
18	67680000	67700000	13513	65	7269	14337	0.00481018	0.36345	0.942526
18	67700000	67720000	8873	63	13202	8962	0.00710019	0.6601	0.990069
18	67720000	67740000	12423	49	6994	12562	0.0039443	0.3497	0.988935
18	67740000	67760000	12366	58	8030	12464	0.00469028	0.4015	0.992137
18	67760000	67780000	3916	18	16526	3943	0.00459653	0.8263	0.993152
18	67780000	67800000	11707	42	10626	11830	0.0035876	0.5313	0.989603
18	67800000	67820000	12514	63	7413	12612	0.00503436	0.37065	0.99223
18	67820000	67840000	9564	30	12273	9634	0.00313676	0.61365	0.992734
18	67840000	67860000	11470	58	8694	11536	0.00505667	0.4347	0.994279
18	67860000	67880000	12072	50	8617	12164	0.00414182	0.43085	0.992437
18	67880000	67900000	10203	69	12682	10333	0.00676272	0.6341	0.987419
18	67900000	67920000	7586	48	13634	7672	0.00632745	0.6817	0.98879
18	67920000	67940000	11576	64	10408	11683	0.00552868	0.5204	0.990841
18	67940000	67960000	9250	67	11428	9331	0.00724324	0.5714	0.991319
18	67960000	67980000	9516	56	13225	10720	0.00588483	0.66125	0.887687
18	67980000	68000000	9441	67	8127	9537	0.00709671	0.40635	0.989934
18	68000000	68020000	8453	37	12354	8802	0.00437714	0.6177	0.96035
18	68020000	68040000	9886	68	11399	10649	0.00687841	0.56995	0.92835
18	68040000	68060000	9063	79	10657	9154	0.00871676	0.53285	0.990059
18	68060000	68080000	9136	64	11955	9243	0.00700525	0.59775	0.988424
18	68080000	68100000	11226	78	5902	11413	0.00694816	0.2951	0.983615
18	68100000	68120000	10098	56	11008	10187	0.00554565	0.5504	0.991263
18	68120000	68140000	11167	74	7343	12047	0.00662667	0.36715	0.926953
18	68140000	68160000	7367	56	14989	8210	0.00760147	0.74945	0.89732
18	68160000	68180000	13838	84	6799	13946	0.00607024	0.33995	0.992256
18	68180000	68200000	10486	67	9358	10633	0.00638947	0.4679	0.986175
18	68200000	68220000	6372	36	12816	6436	0.00564972	0.6408	0.990056
18	68220000	68240000	10485	61	8896	10682	0.00581784	0.4448	0.981558
18	68240000	68260000	11966	79	13011	12100	0.00660204	0.65055	0.988926
18	68260000	68280000	7994	53	10696	9997	0.00662997	0.5348	0.79964
18	68280000	68300000	11910	74	9879	12049	0.00621327	0.49395	0.988464
18	68300000	68320000	10924	75	8448	11471	0.00686562	0.4224	0.952315
18	68320000	68340000	10738	60	8939	11199	0.00558763	0.44695	0.958836
18	68340000	68360000	12691	73	7046	12796	0.00575211	0.3523	0.991794
18	68360000	68380000	10780	72	9614	10870	0.00667904	0.4807	0.99172
18	68380000	68400000	9033	45	10787	9136	0.00498173	0.53935	0.988726
18	68400000	68420000	5629	28	13753	5675	0.00497424	0.68765	0.991894
18	68420000	68440000	9060	62	9512	11538	0.00684327	0.4756	0.785231
18	68440000	68460000	13465	86	8945	13579	0.00638693	0.44725	0.991605
18	68460000	68480000	8891	57	10688	9012	0.00641098	0.5344	0.986573
18	68480000	68500000	12617	91	9505	12742	0.00721249	0.47525	0.99019
18	68500000	68520000	11392	73	11380	11545	0.00640801	0.569	0.986748
18	68520000	68540000	7578	101	16210	7712	0.0133281	0.8105	0.982624
18	68540000	68560000	11041	100	10027	11203	0.00905715	0.50135	0.98554
18	68560000	68580000	11995	110	8872	12121	0.00917049	0.4436	0.989605
18	68580000	68600000	7263	73	13705	7375	0.0100509	0.68525	0.984814
18	68600000	68620000	11114	112	10737	11515	0.0100774	0.53685	0.965176
18	68620000	68640000	10866	75	9691	10976	0.00690226	0.48455	0.989978
18	68640000	68660000	11171	65	13351	11678	0.00581864	0.66755	0.956585
18	68660000	68680000	11098	93	8638	11257	0.00837989	0.4319	0.985875
18	68680000	68700000	9868	87	15144	9953	0.00881638	0.7572	0.99146
18	68700000	68720000	11195	78	11384	12539	0.0069674	0.5692	0.892814
18	68720000	68740000	12732	115	5759	12924	0.00903236	0.28795	0.985144
18	68740000	68760000	11162	99	10502	11293	0.00886938	0.5251	0.9884
18	68760000	68780000	8593	81	15531	8682	0.00942628	0.77655	0.989749
18	68780000	68800000	10259	95	12230	10369	0.00926016	0.6115	0.989391
18	68800000	68820000	12812	82	6022	12939	0.00640025	0.3011	0.990185
18	68820000	68840000	13264	85	9830	13413	0.00640832	0.4915	0.988891
18	68840000	68860000	12497	87	6399	12956	0.00696167	0.31995	0.964572
18	68860000	68880000	12546	75	6993	12691	0.005978	0.34965	0.988575
18	68880000	68900000	12426	78	6981	12570	0.00627716	0.34905	0.988544
18	68900000	68920000	12329	97	6383	12514	0.00786763	0.31915	0.985217
18	68920000	68940000	11884	87	8375	12008	0.00732077	0.41875	0.989674
18	68940000	68960000	11342	68	8740	11444	0.00599542	0.437	0.991087
18	68960000	68980000	10789	55	9143	10905	0.00509778	0.45715	0.989363
18	68980000	69000000	12102	76	12079	12307	0.00627995	0.60395	0.983343
18	69000000	69020000	12225	65	8009	12371	0.00531697	0.40045	0.988198
18	69020000	69040000	12382	70	9497	12514	0.00565337	0.47485	0.989452
18	69040000	69060000	12735	76	7981	12864	0.00596781	0.39905	0.989972
18	69060000	69080000	12342	62	6050	12482	0.0050235	0.3025	0.988784
18	69080000	69100000	10293	51	10402	10400	0.00495482	0.5201	0.989712
18	69100000	69120000	10436	76	11722	10544	0.00728248	0.5861	0.989757
18	69120000	69140000	12458	93	7215	12594	0.00746508	0.36075	0.989201
18	69140000	69160000	10447	57	8639	10741	0.00545611	0.43195	0.972628
18	69160000	69180000	12809	86	7401	12950	0.00671403	0.37005	0.989112
18	69180000	69200000	11665	85	9881	11897	0.00728676	0.49405	0.980499
18	69200000	69220000	10246	63	12701	11073	0.00614874	0.63505	0.925314
18	69220000	69240000	11562	102	8793	11758	0.008822	0.43965	0.98333
18	69240000	69260000	10292	71	10592	10473	0.00689856	0.5296	0.982717
18	69260000	69280000	12378	96	7886	12514	0.0077557	0.3943	0.989132
18	69280000	69300000	11177	80	9765	11312	0.00715756	0.48825	0.988066
18	69300000	69320000	12045	92	10111	12164	0.00763802	0.50555	0.990217
18	69320000	69340000	9679	90	12415	9789	0.00929848	0.62075	0.988763
18	69340000	69360000	9640	65	14090	9791	0.00674274	0.7045	0.984578
18	69360000	69380000	12133	97	9716	12310	0.00799473	0.4858	0.985621
18	69380000	69400000	12091	129	10057	12223	0.0106691	0.50285	0.989201
18	69400000	69420000	11978	85	9280	12131	0.00709634	0.464	0.987388
18	69420000	69440000	9395	82	12662	9486	0.00872805	0.6331	0.990407
18	69440000	69460000	10826	63	11455	11000	0.00581932	0.57275	0.984182
18	69460000	69480000	10561	86	13511	11138	0.00814317	0.67555	0.948195
18	69480000	69500000	12905	93	11354	13139	0.00720651	0.5677	0.98219
18	69500000	69520000	11035	68	8426	11769	0.00616221	0.4213	0.937633
18	69520000	69540000	10594	80	12152	10696	0.00755144	0.6076	0.990464
18	69540000	69560000	12840	93	7845	13008	0.00724299	0.39225	0.987085
18	69560000	69580000	11082	84	11071	11292	0.00757986	0.55355	0.981403
18	69580000	69600000	10735	74	16473	10833	0.00689334	0.82365	0.990954
18	69600000	69620000	12405	92	7327	13102	0.00741636	0.36635	0.946802
18	69620000	69640000	10682	49	11690	12090	0.00458716	0.5845	0.88354
18	69640000	69660000	13551	83	8097	13691	0.00612501	0.40485	0.989774
18	69660000	69680000	9695	60	9455	12527	0.00618876	0.47275	0.773928
18	69680000	69700000	9442	57	14167	9552	0.00603686	0.70835	0.988484
18	69700000	69720000	11388	83	11578	11485	0.00728837	0.5789	0.991554
18	69720000	69740000	12887	101	7555	13056	0.00783736	0.37775	0.987056
18	69740000	69760000	12726	76	8079	12861	0.00597203	0.40395	0.989503
18	69760000	69780000	11133	151	11763	11266	0.0135633	0.58815	0.988195
18	69780000	69800000	12924	103	9581	13093	0.00796967	0.47905	0.987092
18	69800000	69820000	11527	59	12413	11667	0.00511842	0.62065	0.988
18	69820000	69840000	11746	78	9429	11843	0.00664056	0.47145	0.99181
18	69840000	69860000	12151	95	9468	12280	0.00781829	0.4734	0.989495
18	69860000	69880000	13107	89	10356	13214	0.00679026	0.5178	0.991903
18	69880000	69900000	13539	95	8415	13684	0.00701677	0.42075	0.989404
18	69900000	69920000	12393	98	9784	12522	0.00790769	0.4892	0.989698
18	69920000	69940000	13112	98	10481	13255	0.00747407	0.52405	0.989212
18	69940000	69960000	10070	75	11817	10192	0.00744786	0.59085	0.98803
18	69960000	69980000	11139	94	11488	11265	0.00843882	0.5744	0.988815
18	69980000	70000000	11791	101	9527	11919	0.00856586	0.47635	0.989261
18	70000000	70020000	13532	116	8622	13707	0.00857227	0.4311	0.987233
18	70020000	70040000	11120	79	11902	11225	0.00710432	0.5951	0.990646
18	70040000	70060000	12265	113	11014	12389	0.00921321	0.5507	0.989991
18	70060000	70080000	10548	61	11322	11935	0.00578309	0.5661	0.883787
18	70080000	70100000	9794	95	10416	9882	0.00969982	0.5208	0.991095
18	70100000	70120000	11714	117	8651	11917	0.00998805	0.43255	0.982966
18	70120000	70140000	13317	124	7204	13488	0.00931141	0.3602	0.987322
18	70140000	70160000	12131	128	8367	12281	0.0105515	0.41835	0.987786
18	70160000	70180000	9179	64	7570	9277	0.00697244	0.3785	0.989436
18	70180000	70200000	12695	86	11762	12836	0.00677432	0.5881	0.989015
18	70200000	70220000	12163	92	2366	13186	0.00756392	0.1183	0.922418
18	70220000	70240000	11551	87	8736	11710	0.00753182	0.4368	0.986422
18	70240000	70260000	12319	100	10679	12453	0.00811754	0.53395	0.98924
18	70260000	70280000	7784	68	11963	10413	0.00873587	0.59815	0.747527
18	70280000	70300000	0	0	7136	12152		0.3568	0
18	70300000	70320000	3659	44	4929	14134	0.0120251	0.24645	0.258879
18	70320000	70340000	11372	96	9696	11515	0.00844179	0.4848	0.987581
18	70340000	70360000	12402	110	9494	12584	0.00886954	0.4747	0.985537
18	70360000	70380000	10454	81	13017	10651	0.00774823	0.65085	0.981504
18	70380000	70400000	10276	62	8746	10824	0.00603348	0.4373	0.949372
18	70400000	70420000	12595	71	6889	12744	0.00563716	0.34445	0.988308
18	70420000	70440000	13098	103	6931	13259	0.0078638	0.34655	0.987857
18	70440000	70460000	12581	90	8986	12729	0.00715364	0.4493	0.988373
18	70460000	70480000	12478	105	8963	12655	0.00841481	0.44815	0.986013
18	70480000	70500000	13199	106	9834	13326	0.00803091	0.4917	0.99047
18	70500000	70520000	13484	112	5945	13611	0.00830614	0.29725	0.990669
18	70520000	70540000	13075	98	3616	13226	0.00749522	0.1808	0.988583
18	70540000	70560000	11773	91	11224	11910	0.00772955	0.5612	0.988497
18	70560000	70580000	12840	92	9462	13338	0.00716511	0.4731	0.962663
18	70580000	70600000	8903	76	15344	9000	0.00853645	0.7672	0.989222
18	70600000	70620000	13465	92	6619	13610	0.00683253	0.33095	0.989346
18	70620000	70640000	7897	75	13505	7975	0.00949728	0.67525	0.990219
18	70640000	70660000	11555	93	9329	11701	0.00804846	0.46645	0.987522
18	70660000	70680000	13707	111	3775	13851	0.00809805	0.18875	0.989604
18	70680000	70700000	6008	42	16641	6121	0.00699068	0.83205	0.981539
18	70700000	70720000	12288	84	10451	12394	0.00683594	0.52255	0.991447
18	70720000	70740000	11822	88	11335	11955	0.00744375	0.56675	0.988875
18	70740000	70760000	12914	114	7636	13052	0.00882763	0.3818	0.989427
18	70760000	70780000	12209	85	12931	12354	0.00696208	0.64655	0.988263
18	70780000	70800000	11509	78	10561	11861	0.0067773	0.52805	0.970323
18	70800000	70820000	12608	127	10417	12838	0.010073	0.52085	0.982084
18	70820000	70840000	11779	84	7979	11929	0.00713134	0.39895	0.987426
18	70840000	70860000	12327	81	11053	12477	0.00657094	0.55265	0.987978
18	70860000	70880000	10977	90	7330	11104	0.00819896	0.3665	0.988563
18	70880000	70900000	13183	107	6560	13798	0.00811651	0.328	0.955428
18	70900000	70920000	12152	60	9280	12282	0.00493746	0.464	0.989415
18	70920000	70940000	12847	92	8427	13010	0.0071612	0.42135	0.987471
18	70940000	70960000	11819	100	9477	11975	0.00846095	0.47385	0.986973
18	70960000	70980000	12369	80	7233	12497	0.00646778	0.36165	0.989758
18	70980000	71000000	9322	63	13001	9686	0.00675821	0.65005	0.96242
18	71000000	71020000	12728	111	8883	12867	0.00872093	0.44415	0.989197
18	71020000	71040000	11842	94	12152	11967	0.00793785	0.6076	0.989555
18	71040000	71060000	10395	75	9321	10495	0.00721501	0.46605	0.990472
18	71060000	71080000	11366	86	11347	11502	0.00756643	0.56735	0.988176
18	71080000	71100000	13033	91	11223	13235	0.00698228	0.56115	0.984737
18	71100000	71120000	7061	44	10370	9966	0.00623141	0.5185	0.708509
18	71120000	71140000	10089	58	10837	10174	0.00574884	0.54185	0.991645
18	71140000	71160000	12549	70	4719	12682	0.00557813	0.23595	0.989513
18	71160000	71180000	12866	81	12837	13006	0.00629566	0.64185	0.989236
18	71180000	71200000	9947	65	11376	10074	0.00653463	0.5688	0.987393
18	71200000	71220000	12624	77	10361	12750	0.00609949	0.51805	0.990118
18	71220000	71240000	12947	103	10922	13095	0.00795551	0.5461	0.988698
18	71240000	71260000	12588	106	12617	12684	0.00842072	0.63085	0.992431
18	71260000	71280000	13084	95	9560	13712	0.00726078	0.478	0.954201
18	71280000	71300000	9512	62	11946	11351	0.00651808	0.5973	0.837988
18	71300000	71320000	12541	93	8450	12696	0.00741568	0.4225	0.987791
18	71320000	71340000	11593	107	8829	11727	0.00922971	0.44145	0.988573
18	71340000	71360000	13451	88	6370	13607	0.00654226	0.3185	0.988535
18	71360000	71380000	12318	80	11770	12583	0.00649456	0.5885	0.97894
18	71380000	71400000	13892	146	7083	14032	0.0105096	0.35415	0.990023
18	71400000	71420000	14454	118	6268	14617	0.00816383	0.3134	0.988849
18	71420000	71440000	12748	77	10924	12904	0.00604016	0.5462	0.987911
18	71440000	71460000	13470	115	5701	13628	0.00853749	0.28505	0.988406
18	71460000	71480000	12539	79	7549	12667	0.00630034	0.37745	0.989895
18	71480000	71500000	10940	89	11821	11066	0.00813528	0.59105	0.988614
18	71500000	71520000	13080	99	5956	13248	0.00756881	0.2978	0.987319
18	71520000	71540000	13071	93	5874	13220	0.00711499	0.2937	0.988729
18	71540000	71560000	12977	93	7833	13131	0.00716653	0.39165	0.988272
18	71560000	71580000	12901	79	5065	13046	0.00612356	0.25325	0.988885
18	71580000	71600000	13152	86	5946	13273	0.00653893	0.2973	0.990884
18	71600000	71620000	14315	97	5387	14555	0.00677611	0.26935	0.983511
18	71620000	71640000	11145	86	9697	11401	0.00771646	0.48485	0.977546
18	71640000	71660000	13167	96	7111	13319	0.00729095	0.35555	0.988588
18	71660000	71680000	7578	57	14351	7679	0.00752177	0.71755	0.986847
18	71680000	71700000	10625	76	12480	10724	0.00715294	0.624	0.990768
18	71700000	71720000	11604	102	10233	11718	0.00879007	0.51165	0.990271
18	71720000	71740000	9013	63	12307	9103	0.0069899	0.61535	0.990113
18	71740000	71760000	10464	64	10493	11403	0.00611621	0.52465	0.917653
18	71760000	71780000	5865	48	18803	5907	0.00818414	0.94015	0.99289
18	71780000	71800000	11804	99	6554	14251	0.00838699	0.3277	0.828293
18	71800000	71820000	11661	90	6580	13325	0.00771803	0.329	0.875122
18	71820000	71840000	12869	68	6629	13057	0.00528402	0.33145	0.985602
18	71840000	71860000	11484	75	8925	11769	0.00653083	0.44625	0.975784
18	71860000	71880000	10822	75	7529	11470	0.00693033	0.37645	0.943505
18	71880000	71900000	11681	85	10349	12081	0.00727677	0.51745	0.96689
18	71900000	71920000	11179	80	8640	11518	0.00715628	0.432	0.970568
18	71920000	71940000	11803	51	6321	11936	0.00432094	0.31605	0.988857
18	71940000	71960000	11914	75	5924	12045	0.00629511	0.2962	0.989124
18	71960000	71980000	7903	55	16738	7959	0.00695938	0.8369	0.992964
18	71980000	72000000	12628	89	8240	12749	0.00704783	0.412	0.990509
18	72000000	72020000	12790	50	10812	12889	0.0039093	0.5406	0.992319
18	72020000	72040000	13035	79	7632	13178	0.00606061	0.3816	0.989149
18	72040000	72060000	11077	90	9515	11211	0.00812494	0.47575	0.988047
18	72060000	72080000	11577	83	10340	11697	0.00716939	0.517	0.989741
18	72080000	72100000	12848	105	5463	12983	0.00817248	0.27315	0.989602
18	72100000	72120000	13760	120	4979	13923	0.00872093	0.24895	0.988293
18	72120000	72140000	11673	100	9167	11839	0.00856678	0.45835	0.985979
18	72140000	72160000	12100	101	8923	12223	0.00834711	0.44615	0.989937
18	72160000	72180000	11290	95	5362	11434	0.00841453	0.2681	0.987406
18	72180000	72200000	12358	94	7451	12491	0.00760641	0.37255	0.989352
18	72200000	72220000	9757	109	10206	9884	0.0111715	0.5103	0.987151
18	72220000	72240000	11130	68	8843	11259	0.00610961	0.44215	0.988542
18	72240000	72260000	11809	105	8229	12104	0.00889152	0.41145	0.975628
18	72260000	72280000	11049	72	9260	11331	0.00651643	0.463	0.975113
18	72280000	72300000	2129	9	934	2148	0.00422734	0.0467	0.991155
18	72300000	72320000	0	0	0	0		0	
18	72320000	72340000	3869	35	3082	3917	0.00904627	0.1541	0.987746
18	72340000	72360000	14281	68	2306	14389	0.00476157	0.1153	0.992494
18	72360000	72380000	14272	69	3353	14398	0.00483464	0.16765	0.991249
18	72380000	72400000	11044	77	9295	11992	0.00697211	0.46475	0.920947
18	72400000	72420000	12787	68	7085	12928	0.0053179	0.35425	0.989093
18	72420000	72440000	11864	78	8270	11975	0.00657451	0.4135	0.990731
18	72440000	72460000	13630	77	3299	13712	0.0056493	0.16495	0.99402
18	72460000	72480000	9566	57	15799	9675	0.0059586	0.78995	0.988734
18	72480000	72500000	12842	86	6723	12980	0.00669678	0.33615	0.989368
18	72500000	72520000	14255	88	3085	14407	0.00617327	0.15425	0.98945
18	72520000	72540000	9890	83	11361	10129	0.00839232	0.56805	0.976404
18	72540000	72560000	12597	87	7246	12745	0.00690641	0.3623	0.988388
18	72560000	72580000	14018	66	3396	14145	0.00470823	0.1698	0.991022
18	72580000	72600000	14297	82	3940	14421	0.00573547	0.197	0.991401
18	72600000	72620000	13911	105	2974	14156	0.00754798	0.1487	0.982693
18	72620000	72640000	13026	91	5815	13159	0.00698603	0.29075	0.989893
18	72640000	72660000	13618	82	5516	13789	0.00602144	0.2758	0.987599
18	72660000	72680000	11917	95	4835	12001	0.0079718	0.24175	0.993001
18	72680000	72700000	12147	151	7127	12273	0.0124311	0.35635	0.989734
18	72700000	72720000	12956	106	6977	13077	0.00818154	0.34885	0.990747
18	72720000	72740000	12934	105	5963	13463	0.00811814	0.29815	0.960707
18	72740000	72760000	12941	73	2649	13445	0.00564099	0.13245	0.962514
18	72760000	72780000	13599	74	2505	13793	0.00544158	0.12525	0.985935
18	72780000	72800000	13368	90	6064	13536	0.0067325	0.3032	0.987589
18	72800000	72820000	10721	85	11894	11213	0.00792836	0.5947	0.956122
18	72820000	72840000	11489	67	4450	12593	0.00583167	0.2225	0.912332
18	72840000	72860000	10850	82	8202	11306	0.0075576	0.4101	0.959667
18	72860000	72880000	12813	92	9059	13196	0.00718021	0.45295	0.970976
18	72880000	72900000	11872	84	9577	13344	0.00707547	0.47885	0.889688
18	72900000	72920000	13058	68	2616	13164	0.00520754	0.1308	0.991948
18	72920000	72940000	12675	53	1085	12752	0.00418146	0.05425	0.993962
18	72940000	72960000	13484	81	3951	13601	0.00600712	0.19755	0.991398
18	72960000	72980000	13947	74	3257	14067	0.0053058	0.16285	0.991469
18	72980000	73000000	15290	91	3077	15458	0.0059516	0.15385	0.989132
18	73000000	73020000	12814	97	4656	12939	0.00756985	0.2328	0.990339
18	73020000	73040000	12588	95	9807	13296	0.00754687	0.49035	0.946751
18	73040000	73060000	13093	76	5907	13229	0.00580463	0.29535	0.98972
18	73060000	73080000	11556	50	9351	11969	0.00432676	0.46755	0.965494
18	73080000	73100000	14805	88	4612	14939	0.00594394	0.2306	0.99103
18	73100000	73120000	14795	118	5301	14939	0.00797567	0.26505	0.990361
18	73120000	73140000	14779	87	3543	14926	0.00588673	0.17715	0.990151
18	73140000	73160000	13596	93	6664	13700	0.00684025	0.3332	0.992409
18	73160000	73180000	12199	97	9291	12604	0.00795147	0.46455	0.967867
18	73180000	73200000	11828	68	9329	11947	0.00574907	0.46645	0.990039
18	73200000	73220000	14125	78	4235	14294	0.00552212	0.21175	0.988177
18	73220000	73240000	11556	108	8662	11715	0.00934579	0.4331	0.986428
18	73240000	73260000	13727	94	9271	13866	0.00684782	0.46355	0.989975
18	73260000	73280000	14545	101	4345	14700	0.00694397	0.21725	0.989456
18	73280000	73300000	13687	114	7771	13831	0.00832907	0.38855	0.989589
18	73300000	73320000	10801	107	9830	10895	0.00990649	0.4915	0.991372
18	73320000	73340000	13234	80	7392	13384	0.00604504	0.3696	0.988793
18	73340000	73360000	13849	128	8236	14020	0.00924254	0.4118	0.987803
18	73360000	73380000	14156	108	3699	14294	0.00762927	0.18495	0.990346
18	73380000	73400000	13487	100	7089	13614	0.00741455	0.35445	0.990671
18	73400000	73420000	12872	90	5074	13005	0.00699192	0.2537	0.989773
18	73420000	73440000	11599	68	6707	11980	0.00586257	0.33535	0.968197
18	73440000	73460000	11904	100	11559	12078	0.00840054	0.57795	0.985594
18	73460000	73480000	12539	118	10705	12715	0.00941064	0.53525	0.986158
18	73480000	73500000	12643	98	5159	12785	0.00775132	0.25795	0.988893
18	73500000	73520000	13904	108	8520	14040	0.00776755	0.426	0.990313
18	73520000	73540000	14993	97	5846	15182	0.00646969	0.2923	0.987551
18	73540000	73560000	10789	83	9981	10906	0.00769302	0.49905	0.989272
18	73560000	73580000	9864	73	10319	9975	0.00740065	0.51595	0.988872
18	73580000	73600000	11426	98	9812	11536	0.00857693	0.4906	0.990465
18	73600000	73620000	13982	72	3907	14116	0.00514948	0.19535	0.990507
18	73620000	73640000	12405	73	6653	13173	0.00588472	0.33265	0.941699
18	73640000	73660000	13232	96	5624	13358	0.00725514	0.2812	0.990567
18	73660000	73680000	10222	77	13454	11334	0.00753277	0.6727	0.901888
18	73680000	73700000	13444	72	4436	13586	0.00535555	0.2218	0.989548
18	73700000	73720000	11514	70	9058	11629	0.00607956	0.4529	0.990111
18	73720000	73740000	11121	70	12450	11401	0.0062944	0.6225	0.975441
18	73740000	73760000	13561	92	6653	13711	0.00678416	0.33265	0.98906
18	73760000	73780000	8802	70	6434	12231	0.00795274	0.3217	0.719647
18	73780000	73800000	13527	122	9511	13660	0.009019	0.47555	0.990264
18	73800000	73820000	12322	77	11874	12573	0.00624899	0.5937	0.980037
18	73820000	73840000	12178	97	10659	12288	0.00796518	0.53295	0.991048
18	73840000	73860000	14002	101	5656	14132	0.00721326	0.2828	0.990801
18	73860000	73880000	14104	84	4651	14245	0.00595576	0.23255	0.990102
18	73880000	73900000	12291	85	10333	12385	0.00691563	0.51665	0.99241
18	73900000	73920000	12563	65	13714	12635	0.00517392	0.6857	0.994302
18	73920000	73940000	12272	65	5045	13008	0.00529661	0.25225	0.943419
18	73940000	73960000	12723	61	11417	13010	0.00479447	0.57085	0.97794
18	73960000	73980000	13115	71	2650	13239	0.00541365	0.1325	0.990634
18	73980000	74000000	12523	67	8891	12640	0.00535016	0.44455	0.990744
18	74000000	74020000	8560	70	18762	8881	0.00817757	0.9381	0.963855
18	74020000	74040000	13787	94	3217	13907	0.00681802	0.16085	0.991371
18	74040000	74060000	11614	73	11834	11771	0.00628552	0.5917	0.986662
18	74060000	74080000	13798	107	3534	14001	0.00775475	0.1767	0.985501
18	74080000	74100000	11803	119	2954	12116	0.0100822	0.1477	0.974166
18	74100000	74120000	11718	112	5542	11864	0.00955795	0.2771	0.987694
18	74120000	74140000	12127	85	2379	12376	0.00700915	0.11895	0.97988
18	74140000	74160000	14021	93	2387	14153	0.00663291	0.11935	0.990673
18	74160000	74180000	13941	122	2326	14160	0.00875117	0.1163	0.984534
18	74180000	74200000	12835	92	7060	13055	0.0071679	0.353	0.983148
18	74200000	74220000	10580	41	2822	12309	0.00387524	0.1411	0.859534
18	74220000	74240000	9201	72	9606	9436	0.00782524	0.4803	0.975095
18	74240000	74260000	10089	89	6693	11276	0.00882149	0.33465	0.894732
18	74260000	74280000	10791	94	11630	10940	0.00871096	0.5815	0.98638
18	74280000	74300000	11237	101	7166	11425	0.00898816	0.3583	0.983545
18	74300000	74320000	8315	70	9236	10503	0.00841852	0.4618	0.791679
18	74320000	74340000	12016	74	6990	12137	0.00615846	0.3495	0.99003
18	74340000	74360000	7337	51	14596	7573	0.00695107	0.7298	0.968837
18	74360000	74380000	8720	72	12821	8808	0.00825688	0.64105	0.990009
18	74380000	74400000	10753	73	9193	10903	0.0067888	0.45965	0.986242
18	74400000	74420000	9850	64	7750	10573	0.00649746	0.3875	0.931618
18	74420000	74440000	11022	100	9521	11363	0.00907276	0.47605	0.96999
18	74440000	74460000	6900	41	14407	7149	0.00594203	0.72035	0.96517
18	74460000	74480000	9033	94	10498	9316	0.0104063	0.5249	0.969622
18	74480000	74500000	9688	79	13390	9812	0.00815442	0.6695	0.987362
18	74500000	74520000	7580	60	10951	7722	0.00791557	0.54755	0.981611
18	74520000	74540000	7193	53	14411	7692	0.00736827	0.72055	0.935127
18	74540000	74560000	8842	42	13124	8994	0.00475006	0.6562	0.9831
18	74560000	74580000	10757	46	9114	10861	0.00427629	0.4557	0.990424
18	74580000	74600000	12849	60	4761	12977	0.00466962	0.23805	0.990136
18	74600000	74620000	11252	46	7989	11378	0.00408816	0.39945	0.988926
18	74620000	74640000	12374	71	4587	12560	0.00573784	0.22935	0.985191
18	74640000	74660000	12039	59	4857	12184	0.00490074	0.24285	0.988099
18	74660000	74680000	8360	51	11008	8452	0.00610048	0.5504	0.989115
18	74680000	74700000	13750	75	2781	13916	0.00545455	0.13905	0.988071
18	74700000	74720000	12490	114	5834	12719	0.0091273	0.2917	0.981995
18	74720000	74740000	12169	87	3563	12785	0.00714931	0.17815	0.951819
18	74740000	74760000	10491	65	5821	10771	0.00619579	0.29105	0.974004
18	74760000	74780000	12862	85	5315	13100	0.00660861	0.26575	0.981832
18	74780000	74800000	12814	105	6306	12968	0.00819416	0.3153	0.988125
18	74800000	74820000	13813	103	4716	14015	0.00745674	0.2358	0.985587
18	74820000	74840000	11741	92	5884	12248	0.00783579	0.2942	0.958605
18	74840000	74860000	8940	69	7228	11004	0.00771812	0.3614	0.812432
18	74860000	74880000	12678	116	8428	12841	0.00914971	0.4214	0.987306
18	74880000	74900000	10822	101	9355	10976	0.00933284	0.46775	0.985969
18	74900000	74920000	11992	103	9079	12157	0.00858906	0.45395	0.986428
18	74920000	74940000	10891	105	10748	11051	0.00964099	0.5374	0.985522
18	74940000	74960000	12177	81	8553	12309	0.00665188	0.42765	0.989276
18	74960000	74980000	10545	82	6429	10666	0.0077762	0.32145	0.988656
18	74980000	75000000	10083	129	8971	10188	0.0127938	0.44855	0.989694
18	75000000	75020000	9727	101	9198	9872	0.0103835	0.4599	0.985312
18	75020000	75040000	9217	72	10529	9332	0.00781165	0.52645	0.987677
18	75040000	75060000	12382	92	8465	12548	0.00743014	0.42325	0.986771
18	75060000	75080000	9705	50	12781	9794	0.00515198	0.63905	0.990913
18	75080000	75100000	11193	74	8977	11336	0.00661127	0.44885	0.987385
18	75100000	75120000	12357	93	12604	13260	0.0075261	0.6302	0.9319
18	75120000	75140000	7039	54	15275	7119	0.00767154	0.76375	0.988762
18	75140000	75160000	7190	64	8337	8387	0.00890125	0.41685	0.857279
18	75160000	75180000	12151	60	11510	12249	0.00493787	0.5755	0.991999
18	75180000	75200000	11869	67	10816	11990	0.00564496	0.5408	0.989908
18	75200000	75220000	11167	60	7643	11275	0.00537297	0.38215	0.990421
18	75220000	75240000	11113	80	7428	11430	0.00719878	0.3714	0.972266
18	75240000	75260000	5695	47	9770	9087	0.00825285	0.4885	0.626719
18	75260000	75280000	10964	71	9212	12246	0.00647574	0.4606	0.895313
18	75280000	75300000	7599	51	13264	7709	0.00671141	0.6632	0.985731
18	75300000	75320000	12125	89	6844	12284	0.00734021	0.3422	0.987056
18	75320000	75340000	12278	107	7878	12420	0.00871477	0.3939	0.988567
18	75340000	75360000	7911	74	11745	8000	0.00935406	0.58725	0.988875
18	75360000	75380000	12819	111	6014	13300	0.00865902	0.3007	0.963835
18	75380000	75400000	10757	97	9031	10918	0.00901738	0.45155	0.985254
18	75400000	75420000	5191	35	9479	12949	0.00674244	0.47395	0.40088
18	75420000	75440000	12109	82	10105	12220	0.00677182	0.50525	0.990917
18	75440000	75460000	13659	91	4883	13819	0.00666227	0.24415	0.988422
18	75460000	75480000	14614	109	2030	14803	0.0074586	0.1015	0.987232
18	75480000	75500000	12831	92	5037	13003	0.00717013	0.25185	0.986772
18	75500000	75520000	11857	60	12870	11969	0.0050603	0.6435	0.990642
18	75520000	75540000	13275	111	6149	13454	0.00836158	0.30745	0.986695
18	75540000	75560000	12414	112	7336	12565	0.00902207	0.3668	0.987982
18	75560000	75580000	13032	132	6303	13199	0.0101289	0.31515	0.987348
18	75580000	75600000	10127	63	9630	12513	0.00622099	0.4815	0.809318
18	75600000	75620000	12630	139	5365	13001	0.0110055	0.26825	0.971464
18	75620000	75640000	12320	140	7008	13182	0.0113636	0.3504	0.934608
18	75640000	75660000	12231	108	11056	12563	0.00883002	0.5528	0.973573
18	75660000	75680000	12938	116	5850	13059	0.00896584	0.2925	0.990734
18	75680000	75700000	11574	87	4001	12036	0.00751685	0.20005	0.961615
18	75700000	75720000	13400	109	2905	13534	0.00813433	0.14525	0.990099
18	75720000	75740000	1373	6	0	1383	0.00436999	0	0.992769
18	75740000	75760000	0	0	0	0		0	
18	75760000	75780000	4801	45	2480	4879	0.00937305	0.124	0.984013
18	75780000	75800000	12684	110	6784	12859	0.00867234	0.3392	0.986391
18	75800000	75820000	13260	120	6189	13380	0.00904977	0.30945	0.991031
18	75820000	75840000	13277	135	3425	13565	0.010168	0.17125	0.978769
18	75840000	75860000	13481	124	4093	13652	0.00919813	0.20465	0.987474
18	75860000	75880000	13406	171	7213	13658	0.0127555	0.36065	0.981549
18	75880000	75900000	13019	158	5280	13216	0.0121361	0.264	0.985094
18	75900000	75920000	12321	116	6981	12470	0.00941482	0.34905	0.988051
18	75920000	75940000	12674	93	8982	13080	0.00733786	0.4491	0.96896
18	75940000	75960000	12605	113	8978	12756	0.0089647	0.4489	0.988162
18	75960000	75980000	13376	118	7277	13531	0.00882177	0.36385	0.988545
18	75980000	76000000	12136	110	7240	12616	0.00906394	0.362	0.961953
18	76000000	76020000	13387	95	3960	13522	0.00709644	0.198	0.990016
18	76020000	76040000	10624	90	14815	10724	0.00847139	0.74075	0.990675
18	76040000	76060000	12744	130	9735	12919	0.0102009	0.48675	0.986454
18	76060000	76080000	14029	166	2425	14200	0.0118326	0.12125	0.987958
18	76080000	76100000	12513	86	8701	12669	0.00687285	0.43505	0.987686
18	76100000	76120000	10747	93	13099	10926	0.00865358	0.65495	0.983617
18	76120000	76140000	10689	127	2395	10848	0.0118814	0.11975	0.985343
18	76140000	76160000	11977	109	7175	12780	0.00910078	0.35875	0.937167
18	76160000	76180000	12752	100	6945	13206	0.00784191	0.34725	0.965622
18	76180000	76200000	11263	153	4437	11461	0.0135843	0.22185	0.982724
18	76200000	76220000	12092	88	8483	12275	0.00727754	0.42415	0.985092
18	76220000	76240000	9944	74	10934	10075	0.00744167	0.5467	0.986998
18	76240000	76260000	10245	93	5350	10590	0.0090776	0.2675	0.967422
18	76260000	76280000	11348	97	3697	11525	0.00854776	0.18485	0.984642
18	76280000	76300000	11505	112	7672	12410	0.0097349	0.3836	0.927075
18	76300000	76320000	12197	99	7939	13224	0.00811675	0.39695	0.922338
18	76320000	76340000	10206	90	8401	10441	0.00881834	0.42005	0.977493
18	76340000	76360000	12611	129	6123	12795	0.0102292	0.30615	0.985619
18	76360000	76380000	12418	104	4418	12778	0.00837494	0.2209	0.971827
18	76380000	76400000	10223	111	3511	12056	0.0108579	0.17555	0.84796
18	76400000	76420000	8775	94	3251	11426	0.0107123	0.16255	0.767985
18	76420000	76440000	11658	81	5237	11816	0.00694802	0.26185	0.986628
18	76440000	76460000	13354	113	4329	13505	0.00846188	0.21645	0.988819
18	76460000	76480000	11913	98	6434	12083	0.00822631	0.3217	0.985931
18	76480000	76500000	11700	126	5294	13352	0.0107692	0.2647	0.876273
18	76500000	76520000	11674	77	7511	12509	0.00659585	0.37555	0.933248
18	76520000	76540000	13202	125	3999	13432	0.00946826	0.19995	0.982877
18	76540000	76560000	11692	98	4202	12129	0.0083818	0.2101	0.963971
18	76560000	76580000	11693	108	3933	12383	0.0092363	0.19665	0.944278
18	76580000	76600000	10751	87	4204	10912	0.00809227	0.2102	0.985246
18	76600000	76620000	9435	89	8022	9746	0.00943296	0.4011	0.968089
18	76620000	76640000	12545	101	4574	12736	0.00805102	0.2287	0.985003
18	76640000	76660000	10686	66	12435	10805	0.00617631	0.62175	0.988987
18	76660000	76680000	8066	59	5998	8165	0.00731465	0.2999	0.987875
18	76680000	76700000	12518	113	5313	12740	0.009027	0.26565	0.982575
18	76700000	76720000	10584	111	5443	11020	0.0104875	0.27215	0.960436
18	76720000	76740000	10585	90	5314	11017	0.0085026	0.2657	0.960788
18	76740000	76760000	12757	78	875	12862	0.00611429	0.04375	0.991836
18	76760000	76780000	11843	94	3571	11961	0.00793718	0.17855	0.990135
18	76780000	76800000	6669	44	8864	6808	0.00659769	0.4432	0.979583
18	76800000	76820000	9846	75	10553	11931	0.00761731	0.52765	0.825245
18	76820000	76840000	8596	54	13200	8668	0.00628199	0.66	0.991694
18	76840000	76860000	6748	37	13774	6830	0.00548311	0.6887	0.987994
18	76860000	76880000	11777	48	8005	11874	0.00407574	0.40025	0.991831
18	76880000	76900000	12490	65	10894	12585	0.00520416	0.5447	0.992451
18	76900000	76920000	9965	39	11438	10071	0.0039137	0.5719	0.989475
18	76920000	76940000	11043	55	10990	11126	0.00498053	0.5495	0.99254
18	76940000	76960000	12099	52	10388	12262	0.00429788	0.5194	0.986707
18	76960000	76980000	11449	56	4143	12597	0.00489126	0.20715	0.908867
18	76980000	77000000	10458	49	7560	10590	0.00468541	0.378	0.987535
18	77000000	77020000	13154	54	2452	13284	0.00410522	0.1226	0.990214
18	77020000	77040000	11892	66	10581	12065	0.00554995	0.52905	0.985661
18	77040000	77060000	8292	58	13730	8343	0.00699469	0.6865	0.993887
18	77060000	77080000	12972	88	3949	13116	0.00678384	0.19745	0.989021
18	77080000	77100000	10993	75	3824	11115	0.00682252	0.1912	0.989024
18	77100000	77120000	10693	62	4697	10833	0.00579819	0.23485	0.987077
18	77120000	77140000	10801	63	6375	11216	0.00583279	0.31875	0.962999
18	77140000	77160000	9537	74	6651	11016	0.00775925	0.33255	0.865741
18	77160000	77180000	10031	83	4048	11792	0.00827435	0.2024	0.850661
18	77180000	77200000	9611	88	3138	10886	0.00915618	0.1569	0.882877
18	77200000	77220000	12742	105	620	14107	0.00824046	0.031	0.90324
18	77220000	77240000	9429	88	1815	11363	0.00933291	0.09075	0.829798
18	77240000	77260000	9568	116	3347	10096	0.0121237	0.16735	0.947702
18	77260000	77280000	11054	77	6602	11310	0.0069658	0.3301	0.977365
18	77280000	77300000	11370	147	7452	11940	0.0129288	0.3726	0.952261
18	77300000	77320000	10193	121	3758	10411	0.0118709	0.1879	0.979061
18	77320000	77340000	11147	67	5505	12014	0.00601059	0.27525	0.927834
18	77340000	77360000	9634	65	7578	11175	0.00674694	0.3789	0.862103
18	77360000	77380000	9226	67	5592	10291	0.00726209	0.2796	0.896512
18	77380000	77400000	8298	69	4975	11054	0.00831526	0.24875	0.750678
18	77400000	77420000	10223	59	10587	11582	0.0057713	0.52935	0.882663
18	77420000	77440000	8379	68	15247	8478	0.00811553	0.76235	0.988323
18	77440000	77460000	9502	79	3235	10948	0.00831404	0.16175	0.867921
18	77460000	77480000	10791	96	4314	11042	0.0088963	0.2157	0.977269
18	77480000	77500000	10911	107	4686	12057	0.00980662	0.2343	0.904951
18	77500000	77520000	8900	88	7809	9692	0.00988764	0.39045	0.918283
18	77520000	77540000	9915	81	6511	10072	0.00816944	0.32555	0.984412
18	77540000	77560000	9961	118	4103	11181	0.0118462	0.20515	0.890886
18	77560000	77580000	10853	75	5870	11176	0.00691053	0.2935	0.971099
18	77580000	77600000	8430	50	12279	8875	0.0059312	0.61395	0.949859
18	77600000	77620000	11700	74	12132	11967	0.00632479	0.6066	0.977689
18	77620000	77640000	10313	100	5670	10917	0.0096965	0.2835	0.944673
18	77640000	77660000	7981	61	13694	8207	0.00764315	0.6847	0.972463
18	77660000	77680000	9750	78	6509	11868	0.008	0.32545	0.821537
18	77680000	77700000	10693	57	11084	10824	0.00533059	0.5542	0.987897
18	77700000	77720000	9716	79	8214	9851	0.00813092	0.4107	0.986296
18	77720000	77740000	9464	77	10963	9803	0.00813609	0.54815	0.965419
18	77740000	77760000	7467	55	13326	7564	0.00736574	0.6663	0.987176
18	77760000	77780000	4830	39	16831	4975	0.00807453	0.84155	0.970854
18	77780000	77800000	6533	32	16644	8120	0.00489821	0.8322	0.804557
18	77800000	77820000	8604	50	10815	9604	0.00581125	0.54075	0.895877
18	77820000	77840000	9658	50	8407	9872	0.00517706	0.42035	0.978323
18	77840000	77860000	8899	56	15381	9510	0.00629284	0.76905	0.935752
18	77860000	77880000	10828	47	11268	11164	0.0043406	0.5634	0.969903
18	77880000	77900000	10653	43	8938	10811	0.00403642	0.4469	0.985385
18	77900000	77920000	11946	62	4631	12061	0.00519002	0.23155	0.990465
18	77920000	77940000	11466	69	5452	11626	0.00601779	0.2726	0.986238
18	77940000	77960000	13116	78	5012	13237	0.00594694	0.2506	0.990859
18	77960000	77980000	7634	40	15210	8015	0.00523972	0.7605	0.952464
18	77980000	78000000	9801	50	9386	10064	0.00510152	0.4693	0.973867
18	78000000	78020000	8	0	6761	9272	0	0.33805	0.000862813
18	78020000	78040000	0	0	0	0		0	
18	78040000	78060000	0	0	0	0		0	
18	78060000	78080000	0	0	0	0		0	
