chrom	start	end	anc_valid_bp	hum_sub	repeat_bp	mask_bp	sub_rate	repeat_frac	anc_cov
6	0	100000	0	0	34019	0		0.34019	
6	100000	200000	0	0	48537	0		0.48537	
6	200000	300000	33101	313	50114	33636	0.00945591	0.50114	0.984094
6	300000	400000	11514	99	20659	11632	0.00859823	0.20659	0.989856
6	400000	500000	59232	422	43499	60802	0.00712453	0.43499	0.974178
6	500000	600000	60392	414	30510	61779	0.00685521	0.3051	0.977549
6	600000	700000	53230	345	40604	54960	0.00648131	0.40604	0.968523
6	700000	800000	57513	504	40220	59905	0.00876324	0.4022	0.96007
6	800000	900000	57680	492	38685	59646	0.00852982	0.38685	0.967039
6	900000	1000000	54248	476	48946	55967	0.00877452	0.48946	0.969285
6	1000000	1100000	58409	417	39462	62850	0.00713931	0.39462	0.92934
6	1100000	1200000	62286	490	37338	63218	0.00786694	0.37338	0.985257
6	1200000	1300000	62530	599	38497	63447	0.0095794	0.38497	0.985547
6	1300000	1400000	52815	434	42783	53700	0.00821736	0.42783	0.98352
6	1400000	1500000	37656	277	60675	52081	0.00735607	0.60675	0.723028
6	1500000	1600000	56345	413	45949	59463	0.00732984	0.45949	0.947564
6	1600000	1700000	56787	380	24528	59807	0.00669167	0.24528	0.949504
6	1700000	1800000	63182	405	26705	64641	0.00641005	0.26705	0.977429
6	1800000	1900000	62113	361	23923	64090	0.00581199	0.23923	0.969153
6	1900000	2000000	60242	427	34491	60966	0.00708808	0.34491	0.988125
6	2000000	2100000	56174	408	48356	58104	0.00726315	0.48356	0.966784
6	2100000	2200000	61895	417	32651	62515	0.00673722	0.32651	0.990082
6	2200000	2300000	52211	277	55602	52668	0.0053054	0.55602	0.991323
6	2300000	2400000	42740	324	59808	45912	0.00758072	0.59808	0.930911
6	2400000	2500000	58242	397	48030	58747	0.00681639	0.4803	0.991404
6	2500000	2600000	56238	428	53364	56877	0.00761051	0.53364	0.988765
6	2600000	2700000	61628	401	39595	62388	0.00650678	0.39595	0.987818
6	2700000	2800000	64268	469	31039	65018	0.00729757	0.31039	0.988465
6	2800000	2900000	49526	378	59443	51372	0.00763235	0.59443	0.964066
6	2900000	3000000	41368	290	57355	44186	0.00701025	0.57355	0.936224
6	3000000	3100000	41959	287	56772	42734	0.00684001	0.56772	0.981865
6	3100000	3200000	42034	268	50628	45979	0.00637579	0.50628	0.9142
6	3200000	3300000	58033	496	37232	59874	0.00854686	0.37232	0.969252
6	3300000	3400000	62553	446	31748	64840	0.00712995	0.31748	0.964729
6	3400000	3500000	59606	385	40272	60742	0.00645908	0.40272	0.981298
6	3500000	3600000	61420	497	47158	63703	0.00809183	0.47158	0.964162
6	3600000	3700000	56480	406	52028	57874	0.00718839	0.52028	0.975913
6	3700000	3800000	58945	504	39084	61931	0.00855034	0.39084	0.951785
6	3800000	3900000	57983	479	52131	58706	0.00826104	0.52131	0.987684
6	3900000	4000000	42127	316	60268	47237	0.00750113	0.60268	0.891822
6	4000000	4100000	50372	344	43591	51061	0.00682919	0.43591	0.986506
6	4100000	4200000	51997	341	59313	52498	0.00655807	0.59313	0.990457
6	4200000	4300000	41413	261	64964	43774	0.00630237	0.64964	0.946064
6	4300000	4400000	57034	392	56087	58632	0.00687309	0.56087	0.972745
6	4400000	4500000	56002	423	58345	56949	0.0075533	0.58345	0.983371
6	4500000	4600000	50645	384	59587	53621	0.00758219	0.59587	0.944499
6	4600000	4700000	55394	423	56528	56196	0.00763621	0.56528	0.985729
6	4700000	4800000	47400	337	50325	50705	0.0071097	0.50325	0.934819
6	4800000	4900000	52293	295	61357	52951	0.00564129	0.61357	0.987573
6	4900000	5000000	59039	386	40560	60219	0.00653805	0.4056	0.980405
6	5000000	5100000	45947	328	52547	47677	0.00713866	0.52547	0.963714
6	5100000	5200000	59777	488	35065	63363	0.00816367	0.35065	0.943405
6	5200000	5300000	59554	374	37656	60301	0.00628001	0.37656	0.987612
6	5300000	5400000	62464	367	40689	63202	0.00587538	0.40689	0.988323
6	5400000	5500000	61922	437	45318	62622	0.00705727	0.45318	0.988822
6	5500000	5600000	51627	415	45486	53724	0.00803843	0.45486	0.960967
6	5600000	5700000	56206	389	35149	58645	0.00692097	0.35149	0.958411
6	5700000	5800000	49765	351	42094	51895	0.00705315	0.42094	0.958956
6	5800000	5900000	30156	326	54530	30751	0.0108105	0.5453	0.980651
6	5900000	6000000	59310	411	43221	60017	0.00692969	0.43221	0.98822
6	6000000	6100000	49337	288	55425	50527	0.0058374	0.55425	0.976448
6	6100000	6200000	50984	382	55107	51799	0.00749255	0.55107	0.984266
6	6200000	6300000	54480	316	47760	55613	0.00580029	0.4776	0.979627
6	6300000	6400000	61154	404	40417	61913	0.00660627	0.40417	0.987741
6	6400000	6500000	55120	334	55087	58770	0.00605951	0.55087	0.937893
6	6500000	6600000	62538	506	46542	63545	0.00809108	0.46542	0.984153
6	6600000	6700000	56807	441	46006	59748	0.00776313	0.46006	0.950777
6	6700000	6800000	56325	460	42963	58461	0.00816689	0.42963	0.963463
6	6800000	6900000	55798	458	47887	58337	0.00820818	0.47887	0.956477
6	6900000	7000000	52527	381	48997	54128	0.00725341	0.48997	0.970422
6	7000000	7100000	39303	250	56789	42272	0.00636084	0.56789	0.929764
6	7100000	7200000	56170	325	28507	57317	0.00578601	0.28507	0.979988
6	7200000	7300000	58768	323	28572	59865	0.00549619	0.28572	0.981675
6	7300000	7400000	44518	252	54161	45337	0.00566063	0.54161	0.981935
6	7400000	7500000	36561	266	60620	41687	0.00727551	0.6062	0.877036
6	7500000	7600000	55658	342	32255	56144	0.00614467	0.32255	0.991344
6	7600000	7700000	58073	438	49328	58829	0.00754223	0.49328	0.987149
6	7700000	7800000	60976	412	38316	62218	0.00675676	0.38316	0.980038
6	7800000	7900000	62669	362	29539	63342	0.00577638	0.29539	0.989375
6	7900000	8000000	46426	283	55615	50555	0.00609572	0.55615	0.918327
6	8000000	8100000	48042	311	53614	48653	0.0064735	0.53614	0.987442
6	8100000	8200000	53914	381	51115	54422	0.00706681	0.51115	0.990666
6	8200000	8300000	56480	362	45251	58169	0.00640935	0.45251	0.970964
6	8300000	8400000	52448	337	54356	54702	0.00642541	0.54356	0.958795
6	8400000	8500000	51603	224	59116	52100	0.00434083	0.59116	0.990461
6	8500000	8600000	56743	335	48458	57257	0.00590381	0.48458	0.991023
6	8600000	8700000	52248	294	46051	54825	0.00562701	0.46051	0.952996
6	8700000	8800000	58328	366	40129	58901	0.00627486	0.40129	0.990272
6	8800000	8900000	62803	466	31382	63370	0.00742003	0.31382	0.991053
6	8900000	9000000	58074	413	41305	58807	0.00711162	0.41305	0.987535
6	9000000	9100000	60701	441	40824	61818	0.00726512	0.40824	0.981931
6	9100000	9200000	56403	403	56647	59276	0.00714501	0.56647	0.951532
6	9200000	9300000	54713	337	45705	56232	0.00615941	0.45705	0.972987
6	9300000	9400000	62031	406	41632	62695	0.00654511	0.41632	0.989409
6	9400000	9500000	58748	391	39183	60411	0.00665555	0.39183	0.972472
6	9500000	9600000	58444	383	42487	58978	0.00655328	0.42487	0.990946
6	9600000	9700000	56997	349	39278	57551	0.00612313	0.39278	0.990374
6	9700000	9800000	59427	343	43931	60006	0.00577179	0.43931	0.990351
6	9800000	9900000	51038	313	57874	51508	0.00613269	0.57874	0.990875
6	9900000	10000000	53617	338	46740	54075	0.00630397	0.4674	0.99153
6	10000000	10100000	58323	329	40375	58940	0.005641	0.40375	0.989532
6	10100000	10200000	60653	375	45246	61854	0.00618271	0.45246	0.980583
6	10200000	10300000	52533	327	52548	53386	0.00622466	0.52548	0.984022
6	10300000	10400000	51527	277	37131	53405	0.00537582	0.37131	0.964835
6	10400000	10500000	47682	387	49038	51235	0.00811627	0.49038	0.930653
6	10500000	10600000	49198	368	46855	50268	0.00747998	0.46855	0.978714
6	10600000	10700000	39754	248	59516	42656	0.00623837	0.59516	0.931967
6	10700000	10800000	38051	249	53018	38468	0.00654385	0.53018	0.98916
6	10800000	10900000	45856	359	53358	46350	0.00782886	0.53358	0.989342
6	10900000	11000000	45663	287	55512	46311	0.00628518	0.55512	0.986008
6	11000000	11100000	52276	267	49797	53628	0.00510751	0.49797	0.974789
6	11100000	11200000	51285	295	59390	53768	0.00575217	0.5939	0.95382
6	11200000	11300000	64573	327	30609	65228	0.00506404	0.30609	0.989958
6	11300000	11400000	56879	388	47123	57412	0.0068215	0.47123	0.990716
6	11400000	11500000	53689	360	53047	54638	0.00670528	0.53047	0.982631
6	11500000	11600000	55094	311	50904	56941	0.0056449	0.50904	0.967563
6	11600000	11700000	60068	364	48616	61007	0.0060598	0.48616	0.984608
6	11700000	11800000	59914	428	35556	61889	0.00714357	0.35556	0.968088
6	11800000	11900000	54226	243	51097	54654	0.00448125	0.51097	0.992169
6	11900000	12000000	56858	390	53269	57500	0.00685919	0.53269	0.988835
6	12000000	12100000	60966	397	29794	61695	0.00651183	0.29794	0.988184
6	12100000	12200000	57016	327	45625	57482	0.00573523	0.45625	0.991893
6	12200000	12300000	59327	385	39343	60082	0.00648946	0.39343	0.987434
6	12300000	12400000	59760	386	46977	61050	0.00645917	0.46977	0.97887
6	12400000	12500000	59587	395	42727	60702	0.00662896	0.42727	0.981632
6	12500000	12600000	51049	342	50010	52001	0.00669945	0.5001	0.981693
6	12600000	12700000	50449	368	52977	51835	0.0072945	0.52977	0.973261
6	12700000	12800000	61805	377	36032	63540	0.00609983	0.36032	0.972694
6	12800000	12900000	61146	387	32028	62218	0.00632911	0.32028	0.98277
6	12900000	13000000	61216	375	41337	63298	0.00612585	0.41337	0.967108
6	13000000	13100000	60430	370	39040	61927	0.00612279	0.3904	0.975826
6	13100000	13200000	57287	339	46008	58057	0.00591757	0.46008	0.986737
6	13200000	13300000	57476	345	35780	59920	0.00600251	0.3578	0.959212
6	13300000	13400000	55663	317	42516	57214	0.00569499	0.42516	0.972891
6	13400000	13500000	57694	337	41375	61400	0.00584116	0.41375	0.939642
6	13500000	13600000	50159	336	59210	51463	0.0066987	0.5921	0.974661
6	13600000	13700000	57280	267	48043	57968	0.00466131	0.48043	0.988131
6	13700000	13800000	42613	295	57871	44378	0.00692277	0.57871	0.960228
6	13800000	13900000	43561	366	65238	44894	0.00840201	0.65238	0.970308
6	13900000	14000000	56779	329	50507	57357	0.0057944	0.50507	0.989923
6	14000000	14100000	56742	403	46281	57470	0.00710232	0.46281	0.987333
6	14100000	14200000	47948	288	38545	62917	0.00600651	0.38545	0.762083
6	14200000	14300000	63702	369	40579	64254	0.0057926	0.40579	0.991409
6	14300000	14400000	61741	346	43314	62719	0.00560406	0.43314	0.984407
6	14400000	14500000	56596	357	54933	57297	0.00630787	0.54933	0.987766
6	14500000	14600000	62924	424	45163	63496	0.00673829	0.45163	0.990992
6	14600000	14700000	64227	336	40240	65299	0.00523144	0.4024	0.983583
6	14700000	14800000	61634	370	36268	62876	0.00600318	0.36268	0.980247
6	14800000	14900000	60026	360	42523	60576	0.0059974	0.42523	0.99092
6	14900000	15000000	43452	297	59752	45340	0.00683513	0.59752	0.958359
6	15000000	15100000	40056	252	61910	40651	0.00629119	0.6191	0.985363
6	15100000	15200000	33906	226	62945	35386	0.00666549	0.62945	0.958176
6	15200000	15300000	40586	216	50675	42523	0.00532203	0.50675	0.954448
6	15300000	15400000	59850	445	29375	60718	0.00743525	0.29375	0.985704
6	15400000	15500000	62254	328	23215	63153	0.00526874	0.23215	0.985765
6	15500000	15600000	55637	312	43502	56970	0.00560778	0.43502	0.976602
6	15600000	15700000	54456	311	52764	55252	0.00571103	0.52764	0.985593
6	15700000	15800000	55741	422	59334	57893	0.00757073	0.59334	0.962828
6	15800000	15900000	53034	313	48237	57447	0.00590187	0.48237	0.923181
6	15900000	16000000	38633	233	53110	56535	0.00603111	0.5311	0.683347
6	16000000	16100000	53433	348	46629	54931	0.00651283	0.46629	0.972729
6	16100000	16200000	60487	404	35992	61025	0.00667912	0.35992	0.991184
6	16200000	16300000	44797	358	55254	45505	0.00799161	0.55254	0.984441
6	16300000	16400000	54702	265	38646	55210	0.00484443	0.38646	0.990799
6	16400000	16500000	56143	264	37664	57163	0.00470228	0.37664	0.982156
6	16500000	16600000	61377	372	33034	61891	0.0060609	0.33034	0.991695
6	16600000	16700000	52741	312	40689	53824	0.0059157	0.40689	0.979879
6	16700000	16800000	57498	291	39419	58337	0.00506105	0.39419	0.985618
6	16800000	16900000	51251	286	52073	52425	0.00558038	0.52073	0.977606
6	16900000	17000000	62576	367	49466	63117	0.00586487	0.49466	0.991429
6	17000000	17100000	49255	269	64690	50821	0.00546137	0.6469	0.969186
6	17100000	17200000	47376	309	63715	48067	0.00652229	0.63715	0.985624
6	17200000	17300000	48159	263	56561	48979	0.00546108	0.56561	0.983258
6	17300000	17400000	35746	207	68986	38853	0.00579086	0.68986	0.920032
6	17400000	17500000	53383	388	46544	53845	0.00726823	0.46544	0.99142
6	17500000	17600000	42775	214	53497	43399	0.00500292	0.53497	0.985622
6	17600000	17700000	44099	259	53988	45611	0.00587315	0.53988	0.96685
6	17700000	17800000	42057	243	50031	43918	0.00577787	0.50031	0.957626
6	17800000	17900000	50340	230	46036	51498	0.00456893	0.46036	0.977514
6	17900000	18000000	51891	319	42556	52981	0.0061475	0.42556	0.979427
6	18000000	18100000	42358	284	66728	43231	0.00670475	0.66728	0.979806
6	18100000	18200000	43326	221	58743	44192	0.00510086	0.58743	0.980404
6	18200000	18300000	46935	198	48577	47430	0.0042186	0.48577	0.989564
6	18300000	18400000	45490	200	49554	46282	0.00439657	0.49554	0.982888
6	18400000	18500000	61429	280	38055	61919	0.00455811	0.38055	0.992086
6	18500000	18600000	55408	264	46467	55879	0.00476465	0.46467	0.991571
6	18600000	18700000	60379	344	41930	61549	0.00569735	0.4193	0.980991
6	18700000	18800000	45480	283	56870	51996	0.00622252	0.5687	0.874683
6	18800000	18900000	54563	375	60254	55589	0.00687279	0.60254	0.981543
6	18900000	19000000	59283	405	46176	60032	0.00683164	0.46176	0.987523
6	19000000	19100000	58204	334	54976	60498	0.00573844	0.54976	0.962081
6	19100000	19200000	55715	338	54082	56681	0.00606659	0.54082	0.982957
6	19200000	19300000	43285	369	73088	43732	0.00852489	0.73088	0.989779
6	19300000	19400000	59677	362	49335	62210	0.00606599	0.49335	0.959283
6	19400000	19500000	45832	305	52535	46845	0.00665474	0.52535	0.978375
6	19500000	19600000	50139	308	53740	51193	0.00614292	0.5374	0.979411
6	19600000	19700000	50474	324	54424	54386	0.00641915	0.54424	0.92807
6	19700000	19800000	51304	332	45961	51793	0.00647123	0.45961	0.990559
6	19800000	19900000	59220	305	35490	60640	0.00515029	0.3549	0.976583
6	19900000	20000000	59445	350	44164	60558	0.0058878	0.44164	0.981621
6	20000000	20100000	57292	419	48479	57983	0.00731341	0.48479	0.988083
6	20100000	20200000	53393	343	44608	54695	0.00642406	0.44608	0.976195
6	20200000	20300000	46242	374	65330	47309	0.00808789	0.6533	0.977446
6	20300000	20400000	52996	317	53550	53606	0.00598158	0.5355	0.988621
6	20400000	20500000	51283	268	41851	51959	0.0052259	0.41851	0.98699
6	20500000	20600000	43953	198	55595	46353	0.00450481	0.55595	0.948223
6	20600000	20700000	52802	265	59801	53824	0.00501875	0.59801	0.981012
6	20700000	20800000	56507	315	46023	57007	0.00557453	0.46023	0.991229
6	20800000	20900000	58185	310	44716	59136	0.00532783	0.44716	0.983918
6	20900000	21000000	53190	294	46199	53670	0.00552735	0.46199	0.991056
6	21000000	21100000	57947	319	46265	59454	0.00550503	0.46265	0.974653
6	21100000	21200000	61916	365	30159	62786	0.00589508	0.30159	0.986143
6	21200000	21300000	57048	388	44119	57841	0.00680129	0.44119	0.98629
6	21300000	21400000	47920	280	51428	48389	0.00584307	0.51428	0.990308
6	21400000	21500000	52095	332	48070	53205	0.00637297	0.4807	0.979137
6	21500000	21600000	44732	269	55071	46134	0.00601359	0.55071	0.96961
6	21600000	21700000	43007	281	54335	43339	0.00653382	0.54335	0.992339
6	21700000	21800000	46871	267	47610	47604	0.00569649	0.4761	0.984602
6	21800000	21900000	48434	279	45292	48834	0.00576042	0.45292	0.991809
6	21900000	22000000	54867	281	44096	55934	0.00512148	0.44096	0.980924
6	22000000	22100000	59148	366	39717	59724	0.00618787	0.39717	0.990356
6	22100000	22200000	50528	313	51658	51126	0.00619459	0.51658	0.988303
6	22200000	22300000	60253	339	46179	60886	0.00562628	0.46179	0.989604
6	22300000	22400000	50259	313	49596	50891	0.00622774	0.49596	0.987581
6	22400000	22500000	58188	348	44395	58769	0.00598061	0.44395	0.990114
6	22500000	22600000	68266	391	31874	68964	0.00572759	0.31874	0.989879
6	22600000	22700000	65639	364	33171	66256	0.00554548	0.33171	0.990688
6	22700000	22800000	60116	385	40133	61455	0.00640429	0.40133	0.978212
6	22800000	22900000	54036	353	52104	55297	0.00653268	0.52104	0.977196
6	22900000	23000000	58630	353	47306	59349	0.00602081	0.47306	0.987885
6	23000000	23100000	55684	346	52035	56212	0.00621363	0.52035	0.990607
6	23100000	23200000	47605	319	55400	49289	0.00670098	0.554	0.965834
6	23200000	23300000	53222	385	57358	54226	0.00723385	0.57358	0.981485
6	23300000	23400000	57783	409	42244	59021	0.00707821	0.42244	0.979024
6	23400000	23500000	59848	401	45546	60419	0.00670031	0.45546	0.990549
6	23500000	23600000	61482	433	47651	62661	0.00704271	0.47651	0.981184
6	23600000	23700000	59332	543	48911	61787	0.00915189	0.48911	0.960267
6	23700000	23800000	55663	536	53025	57990	0.00962938	0.53025	0.959872
6	23800000	23900000	47218	421	55980	47951	0.00891609	0.5598	0.984714
6	23900000	24000000	56883	446	45237	57499	0.00784066	0.45237	0.989287
6	24000000	24100000	49188	384	56024	49700	0.00780678	0.56024	0.989698
6	24100000	24200000	60470	444	40677	61214	0.00734248	0.40677	0.987846
6	24200000	24300000	54365	363	48977	55237	0.00667709	0.48977	0.984213
6	24300000	24400000	52647	300	54305	53145	0.00569833	0.54305	0.990629
6	24400000	24500000	47462	275	47642	48977	0.00579411	0.47642	0.969067
6	24500000	24600000	48540	281	47011	49176	0.00578904	0.47011	0.987067
6	24600000	24700000	43187	218	60043	44610	0.00504782	0.60043	0.968101
6	24700000	24800000	46537	252	55167	47146	0.00541505	0.55167	0.987083
6	24800000	24900000	54187	271	39243	54707	0.0050012	0.39243	0.990495
6	24900000	25000000	48251	271	42026	59075	0.00561646	0.42026	0.816775
6	25000000	25100000	57810	370	47039	58440	0.00640028	0.47039	0.98922
6	25100000	25200000	48479	309	59261	48905	0.00637389	0.59261	0.991289
6	25200000	25300000	48847	274	48793	52315	0.00560935	0.48793	0.933709
6	25300000	25400000	56470	325	43435	57089	0.00575527	0.43435	0.989157
6	25400000	25500000	62473	420	38845	63150	0.0067229	0.38845	0.989279
6	25500000	25600000	65041	353	34212	65649	0.00542735	0.34212	0.990739
6	25600000	25700000	66498	313	34364	67302	0.00470691	0.34364	0.988054
6	25700000	25800000	60813	280	48363	63724	0.00460428	0.48363	0.954319
6	25800000	25900000	60554	303	52885	61171	0.0050038	0.52885	0.989914
6	25900000	26000000	53626	284	55283	54051	0.00529594	0.55283	0.992137
6	26000000	26100000	46988	277	48345	49614	0.00589512	0.48345	0.947071
6	26100000	26200000	48962	212	40803	49507	0.00432989	0.40803	0.988991
6	26200000	26300000	47384	240	48318	48088	0.005065	0.48318	0.98536
6	26300000	26400000	42182	258	49060	44100	0.00611635	0.4906	0.956508
6	26400000	26500000	40939	219	43442	41337	0.00534942	0.43442	0.990372
6	26500000	26600000	43115	197	45654	45500	0.00456918	0.45654	0.947582
6	26600000	26700000	31759	136	54089	32027	0.00428225	0.54089	0.991632
6	26700000	26800000	0	0	40271	1025		0.40271	0
6	26800000	26900000	10	2	50223	53	0.2	0.50223	0.188679
6	26900000	27000000	13069	53	65799	13653	0.0040554	0.65799	0.957226
6	27000000	27100000	54219	267	52898	54903	0.00492447	0.52898	0.987542
6	27100000	27200000	34456	165	61390	39108	0.00478872	0.6139	0.881047
6	27200000	27300000	54018	274	50390	55947	0.00507238	0.5039	0.965521
6	27300000	27400000	51317	258	58691	51767	0.00502757	0.58691	0.991307
6	27400000	27500000	47004	201	62323	49212	0.00427623	0.62323	0.955133
6	27500000	27600000	47788	234	53112	48848	0.00489663	0.53112	0.9783
6	27600000	27700000	38072	188	61634	38660	0.00493801	0.61634	0.98479
6	27700000	27800000	37590	201	53283	43465	0.00534717	0.53283	0.864834
6	27800000	27900000	46100	221	47468	46932	0.00479393	0.47468	0.982272
6	27900000	28000000	51362	240	57644	53681	0.00467272	0.57644	0.9568
6	28000000	28100000	42335	240	38599	57069	0.00566907	0.38599	0.741821
6	28100000	28200000	56364	234	48017	57502	0.00415159	0.48017	0.980209
6	28200000	28300000	51401	198	46689	53324	0.00385207	0.46689	0.963937
6	28300000	28400000	53591	191	53403	54006	0.00356403	0.53403	0.992316
6	28400000	28500000	58172	234	46824	58738	0.00402255	0.46824	0.990364
6	28500000	28600000	48144	213	58054	48981	0.00442423	0.58054	0.982912
6	28600000	28700000	45887	231	52472	46394	0.00503411	0.52472	0.989072
6	28700000	28800000	17890	151	55488	31356	0.00844047	0.55488	0.570545
6	28800000	28900000	30198	177	61464	41767	0.00586132	0.61464	0.723011
6	28900000	29000000	41776	278	57083	45379	0.00665454	0.57083	0.920602
6	29000000	29100000	40442	218	55161	42151	0.00539044	0.55161	0.959455
6	29100000	29200000	39548	171	57801	40791	0.00432386	0.57801	0.969528
6	29200000	29300000	36532	215	63693	40907	0.00588525	0.63693	0.89305
6	29300000	29400000	49647	305	60299	50454	0.00614337	0.60299	0.984005
6	29400000	29500000	54400	301	43517	61299	0.00553309	0.43517	0.887453
6	29500000	29600000	54191	325	43880	59462	0.00599731	0.4388	0.911355
6	29600000	29700000	41331	228	56152	45611	0.00551644	0.56152	0.906163
6	29700000	29800000	7647	49	56527	33951	0.00640774	0.56527	0.225236
6	29800000	29900000	0	0	63916	27794		0.63916	0
6	29900000	30000000	24036	165	59765	26152	0.0068647	0.59765	0.919088
6	30000000	30100000	50261	352	47675	55113	0.00700344	0.47675	0.911963
6	30100000	30200000	55759	366	52378	56642	0.00656396	0.52378	0.984411
6	30200000	30300000	43006	253	60892	43734	0.0058829	0.60892	0.983354
6	30300000	30400000	32945	202	58296	47464	0.00613143	0.58296	0.694105
6	30400000	30500000	29627	237	58568	31240	0.00799946	0.58568	0.948367
6	30500000	30600000	46297	171	47401	48314	0.00369354	0.47401	0.958252
6	30600000	30700000	41336	153	42815	43096	0.00370137	0.42815	0.959161
6	30700000	30800000	42345	224	61004	43427	0.00528988	0.61004	0.975085
6	30800000	30900000	49096	188	51152	49820	0.00382923	0.51152	0.985468
6	30900000	31000000	42358	316	50326	44663	0.00746022	0.50326	0.948391
6	31000000	31100000	48284	458	55958	49016	0.00948554	0.55958	0.985066
6	31100000	31200000	39258	306	58341	40677	0.00779459	0.58341	0.965115
6	31200000	31300000	28986	260	62553	31859	0.00896985	0.62553	0.909821
6	31300000	31400000	5846	63	63827	26539	0.0107766	0.63827	0.22028
6	31400000	31500000	879	6	60676	33382	0.00682594	0.60676	0.0263316
6	31500000	31600000	45919	133	43652	47566	0.0028964	0.43652	0.965374
6	31600000	31700000	53521	205	28104	57744	0.00383027	0.28104	0.926867
6	31700000	31800000	40876	172	39978	41810	0.00420785	0.39978	0.977661
6	31800000	31900000	37228	150	55332	39239	0.00402923	0.55332	0.94875
6	31900000	32000000	27105	142	30108	27264	0.00523889	0.30108	0.994168
6	32000000	32100000	43765	269	32475	45425	0.00614646	0.32475	0.963456
6	32100000	32200000	49099	184	38314	49488	0.00374753	0.38314	0.99214
6	32200000	32300000	32971	147	65303	36855	0.00445846	0.65303	0.894614
6	32300000	32400000	52977	414	52032	57776	0.00781471	0.52032	0.916938
6	32400000	32500000	17611	115	66354	18198	0.00653001	0.66354	0.967744
6	32500000	32600000	13833	151	60919	14329	0.0109159	0.60919	0.965385
6	32600000	32700000	20852	209	58062	26337	0.010023	0.58062	0.791738
6	32700000	32800000	41283	472	50273	49328	0.0114333	0.50273	0.836908
6	32800000	32900000	51457	361	52736	52258	0.00701557	0.52736	0.984672
6	32900000	33000000	55482	424	42806	57519	0.00764212	0.42806	0.964586
6	33000000	33100000	14415	287	56570	44276	0.0199098	0.5657	0.325571
6	33100000	33200000	50576	290	38288	51573	0.00573394	0.38288	0.980668
6	33200000	33300000	44718	162	43518	45120	0.0036227	0.43518	0.99109
6	33300000	33400000	31278	169	58627	34849	0.00540316	0.58627	0.897529
6	33400000	33500000	38818	180	63736	39313	0.00463702	0.63736	0.987409
6	33500000	33600000	20552	125	57440	40689	0.00608213	0.5744	0.5051
6	33600000	33700000	60611	341	30851	64219	0.00562604	0.30851	0.943817
6	33700000	33800000	64639	381	27179	66858	0.00589427	0.27179	0.96681
6	33800000	33900000	65061	465	29933	67486	0.00714714	0.29933	0.964067
6	33900000	34000000	63987	467	50821	64581	0.00729836	0.50821	0.990802
6	34000000	34100000	62287	373	35670	67508	0.00598841	0.3567	0.922661
6	34100000	34200000	39950	302	62279	41396	0.00755945	0.62279	0.965069
6	34200000	34300000	20653	89	56184	39744	0.0043093	0.56184	0.519651
6	34300000	34400000	36218	146	62860	37962	0.00403114	0.6286	0.954059
6	34400000	34500000	47113	262	64943	49510	0.0055611	0.64943	0.951586
6	34500000	34600000	57408	293	39632	58441	0.00510382	0.39632	0.982324
6	34600000	34700000	38822	183	60452	39698	0.00471382	0.60452	0.977933
6	34700000	34800000	33458	132	67734	34400	0.00394524	0.67734	0.972616
6	34800000	34900000	49162	195	47968	49703	0.00396648	0.47968	0.989115
6	34900000	35000000	50968	244	41826	54714	0.00478732	0.41826	0.931535
6	35000000	35100000	58931	298	45426	59676	0.00505676	0.45426	0.987516
6	35100000	35200000	55334	239	42221	60640	0.00431923	0.42221	0.9125
6	35200000	35300000	54359	206	41912	55394	0.00378962	0.41912	0.981316
6	35300000	35400000	47829	283	50420	49455	0.00591691	0.5042	0.967122
6	35400000	35500000	44852	161	47601	47973	0.00358958	0.47601	0.934943
6	35500000	35600000	45100	222	60858	45589	0.00492239	0.60858	0.989274
6	35600000	35700000	45831	215	55417	47091	0.00469115	0.55417	0.973243
6	35700000	35800000	33555	193	61477	34900	0.00575175	0.61477	0.961461
6	35800000	35900000	43856	172	61054	45150	0.00392193	0.61054	0.97134
6	35900000	36000000	41431	207	55084	46188	0.00499626	0.55084	0.897008
6	36000000	36100000	54755	222	45760	57044	0.00405442	0.4576	0.959873
6	36100000	36200000	54254	236	53078	55627	0.00434991	0.53078	0.975318
6	36200000	36300000	58815	356	47696	61095	0.00605288	0.47696	0.962681
6	36300000	36400000	48320	276	57575	50291	0.00571192	0.57575	0.960808
6	36400000	36500000	46655	217	47024	47339	0.00465116	0.47024	0.985551
6	36500000	36600000	36703	187	59768	37211	0.00509495	0.59768	0.986348
6	36600000	36700000	54074	326	49902	54731	0.00602878	0.49902	0.987996
6	36700000	36800000	60968	386	40026	63600	0.00633119	0.40026	0.958616
6	36800000	36900000	52000	247	48021	54724	0.00475	0.48021	0.950223
6	36900000	37000000	54046	293	41950	57981	0.00542131	0.4195	0.932133
6	37000000	37100000	41900	237	61499	43193	0.00565632	0.61499	0.970065
6	37100000	37200000	35649	209	62553	38058	0.00586272	0.62553	0.936702
6	37200000	37300000	54119	230	53017	55169	0.00424989	0.53017	0.980968
6	37300000	37400000	45098	211	64672	47432	0.0046787	0.64672	0.950793
6	37400000	37500000	60760	258	34764	62806	0.00424621	0.34764	0.967423
6	37500000	37600000	64018	402	44700	65051	0.00627948	0.447	0.98412
6	37600000	37700000	63959	395	40852	65148	0.00617583	0.40852	0.981749
6	37700000	37800000	50507	292	53391	53067	0.00578138	0.53391	0.951759
6	37800000	37900000	51423	205	53723	52472	0.00398654	0.53723	0.980008
6	37900000	38000000	55081	219	47106	55872	0.00397596	0.47106	0.985843
6	38000000	38100000	57900	219	39130	58381	0.00378238	0.3913	0.991761
6	38100000	38200000	61508	348	34366	63319	0.0056578	0.34366	0.971399
6	38200000	38300000	45697	245	50621	49172	0.0053614	0.50621	0.92933
6	38300000	38400000	57661	349	46904	59130	0.00605262	0.46904	0.975156
6	38400000	38500000	52788	238	51751	56235	0.0045086	0.51751	0.938704
6	38500000	38600000	52450	322	49593	53472	0.00613918	0.49593	0.980887
6	38600000	38700000	52186	329	60232	54081	0.00630437	0.60232	0.96496
6	38700000	38800000	53210	357	52164	53713	0.00670927	0.52164	0.990635
6	38800000	38900000	59972	364	42320	60617	0.0060695	0.4232	0.989359
6	38900000	39000000	61235	362	41634	62509	0.00591165	0.41634	0.979619
6	39000000	39100000	63149	320	34419	65170	0.00506738	0.34419	0.968989
6	39100000	39200000	61300	392	42687	62007	0.00639478	0.42687	0.988598
6	39200000	39300000	52613	361	49456	56840	0.00686142	0.49456	0.925633
6	39300000	39400000	63301	345	41529	65191	0.00545015	0.41529	0.971008
6	39400000	39500000	53144	253	52804	54489	0.00476065	0.52804	0.975316
6	39500000	39600000	61725	334	41400	62389	0.0054111	0.414	0.989357
6	39600000	39700000	59408	349	48969	59948	0.00587463	0.48969	0.990992
6	39700000	39800000	58218	337	47318	58684	0.00578859	0.47318	0.992059
6	39800000	39900000	64883	283	32659	67594	0.0043617	0.32659	0.959893
6	39900000	40000000	61850	392	58941	62557	0.00633791	0.58941	0.988698
6	40000000	40100000	59021	381	57216	62647	0.00645533	0.57216	0.94212
6	40100000	40200000	58674	381	48417	65679	0.00649351	0.48417	0.893345
6	40200000	40300000	63184	419	52551	63771	0.00663143	0.52551	0.990795
6	40300000	40400000	64224	463	46102	67316	0.00720914	0.46102	0.954067
6	40400000	40500000	70874	446	36801	72039	0.00629286	0.36801	0.983828
6	40500000	40600000	65190	414	35129	67453	0.00635067	0.35129	0.966451
6	40600000	40700000	64139	455	39662	68682	0.00709397	0.39662	0.933855
6	40700000	40800000	65591	454	44005	67244	0.00692168	0.44005	0.975418
6	40800000	40900000	58288	374	45964	65242	0.00641642	0.45964	0.893412
6	40900000	41000000	57263	281	52509	61299	0.00490718	0.52509	0.934159
6	41000000	41100000	55004	286	30168	63967	0.00519962	0.30168	0.859881
6	41100000	41200000	57609	339	46943	58343	0.0058845	0.46943	0.987419
6	41200000	41300000	46043	325	59562	50288	0.00705862	0.59562	0.915586
6	41300000	41400000	60042	354	52671	60528	0.00589587	0.52671	0.991971
6	41400000	41500000	58934	249	44023	61264	0.00422507	0.44023	0.961968
6	41500000	41600000	58318	320	39178	59944	0.00548716	0.39178	0.972875
6	41600000	41700000	60868	374	38677	61469	0.00614444	0.38677	0.990223
6	41700000	41800000	53553	246	35037	53930	0.00459358	0.35037	0.993009
6	41800000	41900000	42517	182	59712	43191	0.00428064	0.59712	0.984395
6	41900000	42000000	38765	201	65354	41878	0.00518509	0.65354	0.925665
6	42000000	42100000	46462	268	55418	48391	0.00576815	0.55418	0.960137
6	42100000	42200000	47336	297	48536	49679	0.00627429	0.48536	0.952837
6	42200000	42300000	58533	261	43838	59948	0.00445902	0.43838	0.976396
6	42300000	42400000	61804	287	39769	63979	0.00464371	0.39769	0.966004
6	42400000	42500000	48068	276	60172	49021	0.00574187	0.60172	0.980559
6	42500000	42600000	44354	223	63684	45230	0.00502773	0.63684	0.980632
6	42600000	42700000	41742	383	48237	48087	0.00917541	0.48237	0.868052
6	42700000	42800000	35659	171	59649	38519	0.00479542	0.59649	0.925751
6	42800000	42900000	27722	121	62507	31735	0.00436476	0.62507	0.873547
6	42900000	43000000	42454	140	47052	43521	0.00329769	0.47052	0.975483
6	43000000	43100000	49944	201	38724	50882	0.00402451	0.38724	0.981565
6	43100000	43200000	50592	187	45311	52837	0.00369624	0.45311	0.957511
6	43200000	43300000	52641	207	42012	56888	0.0039323	0.42012	0.925345
6	43300000	43400000	42048	227	61880	42717	0.00539859	0.6188	0.984339
6	43400000	43500000	56048	259	32058	57119	0.00462104	0.32058	0.98125
6	43500000	43600000	37288	160	50091	40099	0.00429092	0.50091	0.929899
6	43600000	43700000	47750	203	49793	50932	0.00425131	0.49793	0.937525
6	43700000	43800000	62240	324	35563	64707	0.00520566	0.35563	0.961874
6	43800000	43900000	65056	348	35326	66974	0.00534924	0.35326	0.971362
6	43900000	44000000	63603	326	44213	66197	0.00512554	0.44213	0.960814
6	44000000	44100000	54774	462	37062	61030	0.00843466	0.37062	0.897493
6	44100000	44200000	44949	228	46028	48728	0.00507242	0.46028	0.922447
6	44200000	44300000	52369	267	36282	56210	0.00509844	0.36282	0.931667
6	44300000	44400000	51225	256	52881	53119	0.00499756	0.52881	0.964344
6	44400000	44500000	57845	334	48609	60026	0.00577405	0.48609	0.963666
6	44500000	44600000	61518	365	40717	62097	0.00593322	0.40717	0.990676
6	44600000	44700000	62305	324	37886	65134	0.00520022	0.37886	0.956566
6	44700000	44800000	51092	225	61851	51573	0.00440382	0.61851	0.990673
6	44800000	44900000	44440	206	50939	44972	0.00463546	0.50939	0.98817
6	44900000	45000000	53696	262	51409	54205	0.00487932	0.51409	0.99061
6	45000000	45100000	50972	264	49338	52616	0.00517931	0.49338	0.968755
6	45100000	45200000	47936	210	58887	50686	0.00438084	0.58887	0.945744
6	45200000	45300000	40816	184	63601	41144	0.00450804	0.63601	0.992028
6	45300000	45400000	56558	250	37274	57049	0.00442024	0.37274	0.991393
6	45400000	45500000	63999	334	27254	64597	0.00521883	0.27254	0.990743
6	45500000	45600000	66128	282	32238	66661	0.00426446	0.32238	0.992004
6	45600000	45700000	61405	422	44092	61929	0.0068724	0.44092	0.991539
6	45700000	45800000	68320	395	36071	68969	0.00578162	0.36071	0.99059
6	45800000	45900000	62724	411	37838	63663	0.00655252	0.37838	0.98525
6	45900000	46000000	64478	367	35431	66017	0.00569186	0.35431	0.976688
6	46000000	46100000	53964	284	54424	54909	0.00526277	0.54424	0.98279
6	46100000	46200000	56601	306	46974	57162	0.00540626	0.46974	0.990186
6	46200000	46300000	69605	311	37335	70137	0.00446807	0.37335	0.992415
6	46300000	46400000	63442	352	46082	64262	0.00554837	0.46082	0.98724
6	46400000	46500000	64169	428	37866	65493	0.00666989	0.37866	0.979784
6	46500000	46600000	49154	304	54215	55300	0.00618464	0.54215	0.888861
6	46600000	46700000	63172	266	40772	64381	0.00421073	0.40772	0.981221
6	46700000	46800000	58606	378	51562	59333	0.00644985	0.51562	0.987747
6	46800000	46900000	49036	308	34009	49491	0.0062811	0.34009	0.990806
6	46900000	47000000	64718	379	39988	65378	0.00585618	0.39988	0.989905
6	47000000	47100000	55477	394	50185	56076	0.00710204	0.50185	0.989318
6	47100000	47200000	50191	293	58799	50790	0.0058377	0.58799	0.988206
6	47200000	47300000	52746	299	44783	53512	0.00566868	0.44783	0.985685
6	47300000	47400000	49048	377	62337	49733	0.00768635	0.62337	0.986226
6	47400000	47500000	48903	307	53152	50798	0.00627773	0.53152	0.962695
6	47500000	47600000	49432	333	50224	51996	0.00673653	0.50224	0.950689
6	47600000	47700000	56159	379	42822	57299	0.0067487	0.42822	0.980104
6	47700000	47800000	62607	435	34752	63581	0.0069481	0.34752	0.984681
6	47800000	47900000	68263	535	31562	69180	0.00783734	0.31562	0.986745
6	47900000	48000000	61432	414	54188	62886	0.00673916	0.54188	0.976879
6	48000000	48100000	59916	373	42435	61241	0.00622538	0.42435	0.978364
6	48100000	48200000	56861	541	50835	57513	0.00951443	0.50835	0.988663
6	48200000	48300000	53865	422	53484	54887	0.0078344	0.53484	0.98138
6	48300000	48400000	50189	402	60595	50792	0.00800972	0.60595	0.988128
6	48400000	48500000	49414	441	55081	51311	0.0089246	0.55081	0.963029
6	48500000	48600000	60436	424	51045	61228	0.00701569	0.51045	0.987065
6	48600000	48700000	53398	464	59642	54581	0.00868946	0.59642	0.978326
6	48700000	48800000	53761	380	52455	55210	0.00706832	0.52455	0.973755
6	48800000	48900000	49996	364	62045	50672	0.00728058	0.62045	0.986659
6	48900000	49000000	51985	398	52702	53930	0.00765605	0.52702	0.963935
6	49000000	49100000	44246	334	67047	46314	0.0075487	0.67047	0.955348
6	49100000	49200000	50393	423	61468	51423	0.00839402	0.61468	0.97997
6	49200000	49300000	51362	342	61226	51872	0.00665862	0.61226	0.990168
6	49300000	49400000	50439	354	54954	52926	0.00701838	0.54954	0.95301
6	49400000	49500000	48329	261	50450	49873	0.00540048	0.5045	0.969041
6	49500000	49600000	50074	371	54336	50736	0.00740903	0.54336	0.986952
6	49600000	49700000	55148	407	48652	55775	0.00738014	0.48652	0.988758
6	49700000	49800000	54013	375	50197	55380	0.00694277	0.50197	0.975316
6	49800000	49900000	52446	348	50247	55233	0.0066354	0.50247	0.949541
6	49900000	50000000	60213	495	50223	62364	0.00822082	0.50223	0.965509
6	50000000	50100000	64685	447	37408	65492	0.00691041	0.37408	0.987678
6	50100000	50200000	55965	366	45144	57096	0.0065398	0.45144	0.980191
6	50200000	50300000	53968	409	46489	58628	0.00757857	0.46489	0.920516
6	50300000	50400000	54666	315	50855	55415	0.00576227	0.50855	0.986484
6	50400000	50500000	59210	365	50596	59681	0.0061645	0.50596	0.992108
6	50500000	50600000	54386	268	49207	56394	0.00492774	0.49207	0.964393
6	50600000	50700000	59137	284	35502	60652	0.00480241	0.35502	0.975021
6	50700000	50800000	60174	234	34905	61083	0.00388872	0.34905	0.985119
6	50800000	50900000	58194	294	36059	58810	0.00505207	0.36059	0.989526
6	50900000	51000000	59714	260	42454	60103	0.00435409	0.42454	0.993528
6	51000000	51100000	48338	280	56932	48830	0.00579254	0.56932	0.989924
6	51100000	51200000	66717	406	37732	67308	0.00608541	0.37732	0.991219
6	51200000	51300000	60190	329	38570	60752	0.00546602	0.3857	0.990749
6	51300000	51400000	58275	351	35827	64090	0.00602317	0.35827	0.909268
6	51400000	51500000	62425	417	46107	63129	0.00668002	0.46107	0.988848
6	51500000	51600000	59482	347	40853	60257	0.0058337	0.40853	0.987138
6	51600000	51700000	59781	377	43080	64487	0.00630635	0.4308	0.927024
6	51700000	51800000	52686	264	44620	54380	0.00501082	0.4462	0.968849
6	51800000	51900000	60623	310	41704	61201	0.00511357	0.41704	0.990556
6	51900000	52000000	61336	354	41581	64355	0.00577149	0.41581	0.953088
6	52000000	52100000	60005	361	44350	61708	0.00601617	0.4435	0.972402
6	52100000	52200000	53051	251	44789	54902	0.0047313	0.44789	0.966285
6	52200000	52300000	53854	280	41655	54425	0.00519924	0.41655	0.989508
6	52300000	52400000	52524	232	50628	53576	0.00441703	0.50628	0.980364
6	52400000	52500000	57933	329	44925	58902	0.00567897	0.44925	0.983549
6	52500000	52600000	55178	338	47048	55793	0.00612563	0.47048	0.988977
6	52600000	52700000	8459	113	42383	14402	0.0133586	0.42383	0.587349
6	52700000	52800000	11860	180	54415	24041	0.0151771	0.54415	0.493324
6	52800000	52900000	43634	219	45391	53773	0.00501902	0.45391	0.811448
6	52900000	53000000	55901	203	44260	56521	0.00363142	0.4426	0.989031
6	53000000	53100000	43086	280	60011	43909	0.00649863	0.60011	0.981257
6	53100000	53200000	59380	372	37409	59822	0.00626474	0.37409	0.992611
6	53200000	53300000	48245	325	56946	48659	0.00673645	0.56946	0.991492
6	53300000	53400000	55054	289	45609	55710	0.00524939	0.45609	0.988225
6	53400000	53500000	48952	306	53511	49450	0.00625102	0.53511	0.989929
6	53500000	53600000	61795	338	39976	62302	0.0054697	0.39976	0.991862
6	53600000	53700000	57496	380	47774	57959	0.00660916	0.47774	0.992012
6	53700000	53800000	62745	332	32290	63179	0.00529126	0.3229	0.993131
6	53800000	53900000	55758	385	44903	58175	0.00690484	0.44903	0.958453
6	53900000	54000000	67978	305	34826	68609	0.00448675	0.34826	0.990803
6	54000000	54100000	58422	361	43192	59359	0.00617918	0.43192	0.984215
6	54100000	54200000	57442	417	50068	58671	0.0072595	0.50068	0.979053
6	54200000	54300000	61026	495	45703	62022	0.0081113	0.45703	0.983941
6	54300000	54400000	46038	372	68676	46646	0.00808028	0.68676	0.986966
6	54400000	54500000	42376	322	59322	46721	0.00759864	0.59322	0.907001
6	54500000	54600000	56173	392	44622	58537	0.00697844	0.44622	0.959615
6	54600000	54700000	49912	421	55609	50676	0.00843485	0.55609	0.984924
6	54700000	54800000	61112	338	40034	61813	0.00553083	0.40034	0.988659
6	54800000	54900000	46489	291	54558	47729	0.00625955	0.54558	0.97402
6	54900000	55000000	45712	316	63706	46572	0.00691285	0.63706	0.981534
6	55000000	55100000	56244	367	51048	57788	0.00652514	0.51048	0.973282
6	55100000	55200000	57127	351	47056	57775	0.00614421	0.47056	0.988784
6	55200000	55300000	52496	386	52872	53769	0.00735294	0.52872	0.976325
6	55300000	55400000	65741	386	37809	67219	0.00587153	0.37809	0.978012
6	55400000	55500000	55697	347	47192	56266	0.00623014	0.47192	0.989887
6	55500000	55600000	52381	362	53423	55632	0.0069109	0.53423	0.941562
6	55600000	55700000	59945	354	38532	60568	0.00590541	0.38532	0.989714
6	55700000	55800000	60965	279	40146	62078	0.0045764	0.40146	0.982071
6	55800000	55900000	55726	355	51171	56414	0.00637046	0.51171	0.987804
6	55900000	56000000	56542	346	48994	57140	0.00611934	0.48994	0.989534
6	56000000	56100000	53707	277	49335	55834	0.00515761	0.49335	0.961905
6	56100000	56200000	54300	294	52387	56026	0.00541436	0.52387	0.969193
6	56200000	56300000	58939	402	48879	59419	0.00682061	0.48879	0.991922
6	56300000	56400000	68754	382	19802	69216	0.00555604	0.19802	0.993325
6	56400000	56500000	61187	244	26594	62220	0.00398778	0.26594	0.983398
6	56500000	56600000	56931	227	38229	57638	0.00398728	0.38229	0.987734
6	56600000	56700000	51317	267	49085	52170	0.00520295	0.49085	0.98365
6	56700000	56800000	54828	217	46361	55555	0.00395783	0.46361	0.986914
6	56800000	56900000	51401	216	58564	51823	0.00420225	0.58564	0.991857
6	56900000	57000000	26368	130	53684	47008	0.00493022	0.53684	0.560926
6	57000000	57100000	53431	218	43387	57122	0.00408003	0.43387	0.935384
6	57100000	57200000	42181	198	59983	43090	0.00469406	0.59983	0.978905
6	57200000	57300000	9616	82	52588	9786	0.00852745	0.52588	0.982628
6	57300000	57400000	12036	198	40417	12384	0.0164506	0.40417	0.971899
6	57400000	57500000	10931	124	54619	11241	0.0113439	0.54619	0.972422
6	57500000	57600000	11008	147	73297	11321	0.0133539	0.73297	0.972352
6	57600000	57700000	43885	311	58212	44557	0.0070867	0.58212	0.984918
6	57700000	57800000	971	88	51330	1052	0.0906282	0.5133	0.923004
6	57800000	57900000	865	76	58740	943	0.0878613	0.5874	0.917285
6	57900000	58000000	748	89	71992	1811	0.118984	0.71992	0.413031
6	58000000	58100000	2761	24	62810	4104	0.0086925	0.6281	0.672758
6	58100000	58200000	15	7	26924	401	0.466667	0.26924	0.0374065
6	58200000	58300000	0	0	52417	117		0.52417	0
6	58300000	58400000	2297	44	50113	2622	0.0191554	0.50113	0.876049
6	58400000	58500000	1728	30	56910	1806	0.0173611	0.5691	0.956811
6	58500000	58600000	453	19	66479	1173	0.0419426	0.66479	0.386189
6	58600000	58700000	6320	62	57742	7129	0.00981013	0.57742	0.88652
6	58700000	58800000	0	0	76445	784		0.76445	0
6	58800000	58900000	0	0	0	0		0	
6	58900000	59000000	0	0	0	0		0	
6	59000000	59100000	0	0	0	0		0	
6	59100000	59200000	0	0	0	0		0	
6	59200000	59300000	0	0	0	0		0	
6	59300000	59400000	0	0	0	0		0	
6	59400000	59500000	0	0	0	0		0	
6	59500000	59600000	0	0	0	0		0	
6	59600000	59700000	0	0	0	0		0	
6	59700000	59800000	0	0	0	0		0	
6	59800000	59900000	0	0	0	0		0	
6	59900000	60000000	0	0	0	0		0	
6	60000000	60100000	0	0	0	0		0	
6	60100000	60200000	0	0	0	0		0	
6	60200000	60300000	0	0	0	0		0	
6	60300000	60400000	0	0	0	0		0	
6	60400000	60500000	0	0	0	0		0	
6	60500000	60600000	0	0	0	0		0	
6	60600000	60700000	0	0	0	0		0	
6	60700000	60800000	0	0	0	0		0	
6	60800000	60900000	0	0	0	0		0	
6	60900000	61000000	0	0	0	0		0	
6	61000000	61100000	0	0	0	0		0	
6	61100000	61200000	0	0	0	0		0	
6	61200000	61300000	0	0	0	0		0	
6	61300000	61400000	0	0	0	0		0	
6	61400000	61500000	0	0	0	0		0	
6	61500000	61600000	0	0	0	0		0	
6	61600000	61700000	0	0	0	0		0	
6	61700000	61800000	0	0	0	0		0	
6	61800000	61900000	0	0	19833	0		0.19833	
6	61900000	62000000	12188	148	89357	13095	0.0121431	0.89357	0.930737
6	62000000	62100000	23668	299	71868	24495	0.0126331	0.71868	0.966238
6	62100000	62200000	235	6	35339	333	0.0255319	0.35339	0.705706
6	62200000	62300000	18996	114	79583	28715	0.00600126	0.79583	0.661536
6	62300000	62400000	56526	371	45450	57747	0.00656335	0.4545	0.978856
6	62400000	62500000	52610	284	50778	53336	0.00539821	0.50778	0.986388
6	62500000	62600000	60240	324	40301	61431	0.00537849	0.40301	0.980612
6	62600000	62700000	60880	449	39410	62520	0.00737516	0.3941	0.973768
6	62700000	62800000	56517	359	48216	57304	0.00635207	0.48216	0.986266
6	62800000	62900000	54433	421	57560	55768	0.00773428	0.5756	0.976062
6	62900000	63000000	57707	425	44507	59278	0.00736479	0.44507	0.973498
6	63000000	63100000	53604	410	56532	56229	0.00764868	0.56532	0.953316
6	63100000	63200000	50380	367	56260	51073	0.00728464	0.5626	0.986431
6	63200000	63300000	48826	386	52850	51317	0.00790562	0.5285	0.951459
6	63300000	63400000	55287	424	61292	56202	0.00766907	0.61292	0.983719
6	63400000	63500000	54433	364	54925	56248	0.00668712	0.54925	0.967732
6	63500000	63600000	23926	204	83512	30801	0.00852629	0.83512	0.776793
6	63600000	63700000	49800	352	64840	50370	0.00706827	0.6484	0.988684
6	63700000	63800000	34934	304	67646	35907	0.00870212	0.67646	0.972902
6	63800000	63900000	43460	412	67192	43978	0.00947998	0.67192	0.988221
6	63900000	64000000	48317	357	44872	51527	0.0073887	0.44872	0.937703
6	64000000	64100000	45153	283	66141	46184	0.00626758	0.66141	0.977676
6	64100000	64200000	40523	280	64360	41210	0.00690966	0.6436	0.983329
6	64200000	64300000	45862	226	48974	46995	0.00492783	0.48974	0.975891
6	64300000	64400000	52813	248	49473	53821	0.00469581	0.49473	0.981271
6	64400000	64500000	45497	191	49507	54071	0.00419808	0.49507	0.841431
6	64500000	64600000	42719	252	55678	48043	0.00589901	0.55678	0.889183
6	64600000	64700000	50312	347	51846	51433	0.00689696	0.51846	0.978205
6	64700000	64800000	54753	370	47541	55251	0.00675762	0.47541	0.990987
6	64800000	64900000	56385	387	46640	58467	0.00686353	0.4664	0.96439
6	64900000	65000000	56557	340	46593	57134	0.00601163	0.46593	0.989901
6	65000000	65100000	34857	290	63355	44869	0.00831971	0.63355	0.776862
6	65100000	65200000	49160	311	49557	51441	0.00632628	0.49557	0.955658
6	65200000	65300000	52304	600	41179	55643	0.0114714	0.41179	0.939992
6	65300000	65400000	53512	468	52198	53948	0.0087457	0.52198	0.991918
6	65400000	65500000	49657	327	52923	54975	0.00658517	0.52923	0.903265
6	65500000	65600000	58278	417	39001	63345	0.00715536	0.39001	0.920009
6	65600000	65700000	54789	414	49120	58009	0.00755626	0.4912	0.944491
6	65700000	65800000	49483	551	51428	57788	0.0111351	0.51428	0.856285
6	65800000	65900000	58319	364	45957	61293	0.00624153	0.45957	0.951479
6	65900000	66000000	46102	337	51548	51605	0.00730988	0.51548	0.893363
6	66000000	66100000	40666	417	44804	41987	0.0102543	0.44804	0.968538
6	66100000	66200000	53306	374	52803	54316	0.0070161	0.52803	0.981405
6	66200000	66300000	55913	429	49856	56506	0.00767263	0.49856	0.989506
6	66300000	66400000	49777	303	51861	55646	0.00608715	0.51861	0.89453
6	66400000	66500000	50405	305	55152	51251	0.00605099	0.55152	0.983493
6	66500000	66600000	56079	411	42733	57677	0.00732895	0.42733	0.972294
6	66600000	66700000	55974	387	52138	58344	0.00691392	0.52138	0.959379
6	66700000	66800000	50018	398	57087	57664	0.00795714	0.57087	0.867404
6	66800000	66900000	52375	476	64800	54413	0.00908831	0.648	0.962546
6	66900000	67000000	48459	402	65118	49096	0.00829567	0.65118	0.987025
6	67000000	67100000	54817	336	52381	56413	0.00612949	0.52381	0.971709
6	67100000	67200000	56517	487	46438	57368	0.00861688	0.46438	0.985166
6	67200000	67300000	51625	395	56394	52169	0.00765133	0.56394	0.989572
6	67300000	67400000	47220	320	61758	48474	0.00677679	0.61758	0.97413
6	67400000	67500000	56786	447	55972	57753	0.00787166	0.55972	0.983256
6	67500000	67600000	53226	366	59992	53863	0.00687634	0.59992	0.988174
6	67600000	67700000	55219	453	55199	57325	0.0082037	0.55199	0.963262
6	67700000	67800000	53189	485	63173	54113	0.00911843	0.63173	0.982925
6	67800000	67900000	52708	374	45156	55635	0.0070957	0.45156	0.947389
6	67900000	68000000	43532	310	61856	52375	0.0071212	0.61856	0.83116
6	68000000	68100000	55044	398	52948	56660	0.00723058	0.52948	0.971479
6	68100000	68200000	50164	393	56074	52386	0.0078343	0.56074	0.957584
6	68200000	68300000	48017	438	66545	49054	0.00912177	0.66545	0.97886
6	68300000	68400000	52141	341	56283	54167	0.00653996	0.56283	0.962597
6	68400000	68500000	53165	397	57494	54018	0.00746732	0.57494	0.984209
6	68500000	68600000	40253	331	80508	44987	0.00822299	0.80508	0.89477
6	68600000	68700000	50695	441	55037	51955	0.00869908	0.55037	0.975748
6	68700000	68800000	49811	317	52318	58305	0.00636406	0.52318	0.854318
6	68800000	68900000	51867	311	55493	54863	0.00599611	0.55493	0.945391
6	68900000	69000000	46898	391	58525	47557	0.00833724	0.58525	0.986143
6	69000000	69100000	51097	343	59228	53652	0.00671272	0.59228	0.952378
6	69100000	69200000	56037	335	53601	56640	0.00597819	0.53601	0.989354
6	69200000	69300000	47562	374	64138	48381	0.00786342	0.64138	0.983072
6	69300000	69400000	56270	348	45101	56918	0.00618447	0.45101	0.988615
6	69400000	69500000	58774	310	34830	60915	0.00527444	0.3483	0.964853
6	69500000	69600000	57010	317	42376	57762	0.00556043	0.42376	0.986981
6	69600000	69700000	65190	355	32702	65968	0.00544562	0.32702	0.988206
6	69700000	69800000	63788	457	33218	64510	0.00716436	0.33218	0.988808
6	69800000	69900000	53105	443	47724	55093	0.00834196	0.47724	0.963916
6	69900000	70000000	63330	412	29438	63909	0.00650561	0.29438	0.99094
6	70000000	70100000	65581	423	30535	66248	0.00645004	0.30535	0.989932
6	70100000	70200000	44993	318	63631	45473	0.00706777	0.63631	0.989444
6	70200000	70300000	47795	386	59787	48502	0.00807616	0.59787	0.985423
6	70300000	70400000	57641	408	53910	58455	0.00707829	0.5391	0.986075
6	70400000	70500000	56886	387	53840	58166	0.00680308	0.5384	0.977994
6	70500000	70600000	60421	345	43040	61154	0.00570994	0.4304	0.988014
6	70600000	70700000	61691	333	39791	62358	0.00539787	0.39791	0.989304
6	70700000	70800000	50288	219	53842	51883	0.00435492	0.53842	0.969258
6	70800000	70900000	65340	388	29793	65991	0.00593817	0.29793	0.990135
6	70900000	71000000	66663	385	20879	67280	0.00577532	0.20879	0.990829
6	71000000	71100000	46735	308	53516	47887	0.00659035	0.53516	0.975943
6	71100000	71200000	54514	250	48135	54996	0.00458598	0.48135	0.991236
6	71200000	71300000	49166	239	56640	49948	0.00486108	0.5664	0.984344
6	71300000	71400000	44649	236	61092	45741	0.00528567	0.61092	0.976126
6	71400000	71500000	39165	198	65532	39504	0.00505553	0.65532	0.991419
6	71500000	71600000	52853	233	43877	59353	0.00440845	0.43877	0.890486
6	71600000	71700000	38836	245	61159	43360	0.00630858	0.61159	0.895664
6	71700000	71800000	51179	332	55898	51837	0.00648704	0.55898	0.987306
6	71800000	71900000	46546	387	63682	47325	0.00831436	0.63682	0.983539
6	71900000	72000000	55578	360	57974	56433	0.00647738	0.57974	0.984849
6	72000000	72100000	59371	306	38884	60634	0.00515403	0.38884	0.97917
6	72100000	72200000	60991	353	38786	61524	0.00578774	0.38786	0.991337
6	72200000	72300000	55790	402	51885	56326	0.00720559	0.51885	0.990484
6	72300000	72400000	60200	352	48401	60821	0.00584718	0.48401	0.98979
6	72400000	72500000	57223	324	57832	57901	0.00566206	0.57832	0.98829
6	72500000	72600000	49222	269	67981	50029	0.00546504	0.67981	0.983869
6	72600000	72700000	63971	289	36804	65974	0.00451767	0.36804	0.96964
6	72700000	72800000	59264	262	41046	59818	0.0044209	0.41046	0.990739
6	72800000	72900000	48391	263	56255	48817	0.00543489	0.56255	0.991274
6	72900000	73000000	66006	251	21760	66469	0.00380268	0.2176	0.993034
6	73000000	73100000	64380	273	29975	64981	0.00424045	0.29975	0.990751
6	73100000	73200000	56360	252	42989	57293	0.00447126	0.42989	0.983715
6	73200000	73300000	53260	346	56083	53747	0.00649643	0.56083	0.990939
6	73300000	73400000	58248	272	42076	58717	0.00466969	0.42076	0.992013
6	73400000	73500000	63453	372	40741	64912	0.00586261	0.40741	0.977523
6	73500000	73600000	58530	392	39009	59416	0.00669742	0.39009	0.985088
6	73600000	73700000	50393	301	42766	50927	0.00597305	0.42766	0.989514
6	73700000	73800000	55686	266	46610	56189	0.00477678	0.4661	0.991048
6	73800000	73900000	56764	213	45162	57153	0.00375238	0.45162	0.993194
6	73900000	74000000	33832	143	55220	34903	0.00422677	0.5522	0.969315
6	74000000	74100000	32100	170	60768	36310	0.00529595	0.60768	0.884054
6	74100000	74200000	31814	167	63269	33662	0.00524926	0.63269	0.945101
6	74200000	74300000	33123	133	58190	34086	0.00401534	0.5819	0.971748
6	74300000	74400000	35485	232	62650	36189	0.00653797	0.6265	0.980547
6	74400000	74500000	51194	232	45239	52912	0.00453178	0.45239	0.967531
6	74500000	74600000	53223	307	50190	53708	0.00576818	0.5019	0.99097
6	74600000	74700000	41122	193	67603	41494	0.00469335	0.67603	0.991035
6	74700000	74800000	41860	333	60101	43042	0.00795509	0.60101	0.972538
6	74800000	74900000	52180	340	57461	54715	0.00651591	0.57461	0.953669
6	74900000	75000000	43289	271	61212	46900	0.00626025	0.61212	0.923006
6	75000000	75100000	47403	253	56056	47873	0.00533721	0.56056	0.990182
6	75100000	75200000	42974	311	64284	43452	0.00723693	0.64284	0.988999
6	75200000	75300000	43806	353	71769	44774	0.00805826	0.71769	0.97838
6	75300000	75400000	52287	361	51902	53164	0.0069042	0.51902	0.983504
6	75400000	75500000	54380	317	52356	55551	0.00582935	0.52356	0.97892
6	75500000	75600000	47214	206	64429	48016	0.00436311	0.64429	0.983297
6	75600000	75700000	53714	291	52862	54936	0.00541758	0.52862	0.977756
6	75700000	75800000	50565	326	59140	51730	0.00644715	0.5914	0.977479
6	75800000	75900000	63655	283	21494	64187	0.00444584	0.21494	0.991712
6	75900000	76000000	59841	303	34973	60412	0.00506342	0.34973	0.990548
6	76000000	76100000	58496	262	37756	58928	0.00447894	0.37756	0.992669
6	76100000	76200000	58971	296	37402	59404	0.00501942	0.37402	0.992711
6	76200000	76300000	46689	269	62841	47009	0.00576153	0.62841	0.993193
6	76300000	76400000	48294	162	56087	48707	0.00335445	0.56087	0.991521
6	76400000	76500000	42653	160	51561	43313	0.0037512	0.51561	0.984762
6	76500000	76600000	52162	301	43755	52751	0.00577048	0.43755	0.988834
6	76600000	76700000	49443	281	44517	52374	0.00568331	0.44517	0.944037
6	76700000	76800000	57138	402	49602	58010	0.0070356	0.49602	0.984968
6	76800000	76900000	37807	255	67905	38361	0.00674478	0.67905	0.985558
6	76900000	77000000	46505	386	63351	47157	0.00830018	0.63351	0.986174
6	77000000	77100000	40420	293	69117	41966	0.00724889	0.69117	0.963161
6	77100000	77200000	53012	346	58219	54347	0.00652682	0.58219	0.975436
6	77200000	77300000	53302	373	61525	54186	0.00699786	0.61525	0.983686
6	77300000	77400000	41612	259	59447	52103	0.00622417	0.59447	0.798649
6	77400000	77500000	37027	230	64662	51714	0.00621168	0.64662	0.715996
6	77500000	77600000	51542	342	58502	52032	0.00663537	0.58502	0.990583
6	77600000	77700000	40322	239	74027	43234	0.00592729	0.74027	0.932646
6	77700000	77800000	49451	307	66240	50081	0.00620817	0.6624	0.98742
6	77800000	77900000	52217	254	63553	53369	0.00486432	0.63553	0.978414
6	77900000	78000000	49327	384	62246	49865	0.00778478	0.62246	0.989211
6	78000000	78100000	54655	351	58565	55474	0.0064221	0.58565	0.985236
6	78100000	78200000	61487	333	45962	63518	0.00541578	0.45962	0.968025
6	78200000	78300000	53287	369	51224	55718	0.00692477	0.51224	0.95637
6	78300000	78400000	51189	230	52469	51780	0.00449315	0.52469	0.988586
6	78400000	78500000	35365	218	68731	36400	0.00616429	0.68731	0.971566
6	78500000	78600000	46216	248	59710	47993	0.00536611	0.5971	0.962974
6	78600000	78700000	48629	280	67190	49220	0.00575788	0.6719	0.987993
6	78700000	78800000	51567	378	64656	53602	0.00733027	0.64656	0.962035
6	78800000	78900000	48426	390	65690	49115	0.00805352	0.6569	0.985972
6	78900000	79000000	52106	370	60702	52667	0.00710091	0.60702	0.989348
6	79000000	79100000	55325	376	60449	55842	0.0067962	0.60449	0.990742
6	79100000	79200000	50516	350	56906	51790	0.0069285	0.56906	0.975401
6	79200000	79300000	55541	343	50913	56194	0.00617562	0.50913	0.98838
6	79300000	79400000	49616	312	51936	50048	0.00628829	0.51936	0.991368
6	79400000	79500000	37411	248	73286	39002	0.00662907	0.73286	0.959207
6	79500000	79600000	43105	198	64526	44073	0.00459343	0.64526	0.978036
6	79600000	79700000	50178	168	48713	50605	0.00334808	0.48713	0.991562
6	79700000	79800000	60829	239	33627	62526	0.00392905	0.33627	0.972859
6	79800000	79900000	55022	266	63199	55582	0.00483443	0.63199	0.989925
6	79900000	80000000	52220	295	56426	52679	0.00564918	0.56426	0.991287
6	80000000	80100000	43210	286	62966	43653	0.00661884	0.62966	0.989852
6	80100000	80200000	62311	380	43712	62840	0.00609844	0.43712	0.991582
6	80200000	80300000	51733	295	56318	52214	0.00570236	0.56318	0.990788
6	80300000	80400000	55940	308	47108	57194	0.0055059	0.47108	0.978075
6	80400000	80500000	57588	319	45026	59200	0.00553935	0.45026	0.97277
6	80500000	80600000	56049	347	52117	57415	0.00619101	0.52117	0.976208
6	80600000	80700000	56999	300	51106	58984	0.00526325	0.51106	0.966347
6	80700000	80800000	52851	263	50820	53630	0.00497625	0.5082	0.985475
6	80800000	80900000	52150	300	54661	53242	0.00575264	0.54661	0.97949
6	80900000	81000000	63232	307	35450	63712	0.00485514	0.3545	0.992466
6	81000000	81100000	46631	295	54486	47028	0.00632626	0.54486	0.991558
6	81100000	81200000	45387	264	67523	45771	0.00581664	0.67523	0.99161
6	81200000	81300000	50405	290	49943	51948	0.0057534	0.49943	0.970297
6	81300000	81400000	44129	290	57355	44531	0.00657164	0.57355	0.990973
6	81400000	81500000	53678	362	52543	54911	0.00674392	0.52543	0.977545
6	81500000	81600000	43050	325	66156	43890	0.00754936	0.66156	0.980861
6	81600000	81700000	56689	311	58280	57441	0.00548607	0.5828	0.986908
6	81700000	81800000	52155	362	60213	54698	0.00694085	0.60213	0.953508
6	81800000	81900000	49964	387	62674	50503	0.00774558	0.62674	0.989327
6	81900000	82000000	50002	401	62791	50963	0.00801968	0.62791	0.981143
6	82000000	82100000	52057	310	49007	52747	0.00595501	0.49007	0.986919
6	82100000	82200000	47801	375	59678	49168	0.00784502	0.59678	0.972197
6	82200000	82300000	49720	312	54637	50155	0.00627514	0.54637	0.991327
6	82300000	82400000	55797	363	50791	56383	0.00650573	0.50791	0.989607
6	82400000	82500000	63427	295	32600	64602	0.00465102	0.326	0.981812
6	82500000	82600000	56669	352	50100	57159	0.00621151	0.501	0.991427
6	82600000	82700000	51029	275	49144	54698	0.00538909	0.49144	0.932923
6	82700000	82800000	60227	299	50826	60731	0.00496455	0.50826	0.991701
6	82800000	82900000	43513	265	61142	43879	0.00609013	0.61142	0.991659
6	82900000	83000000	46979	224	48748	47338	0.00476809	0.48748	0.992416
6	83000000	83100000	46577	276	59957	47187	0.00592567	0.59957	0.987073
6	83100000	83200000	49654	250	58135	50070	0.00503484	0.58135	0.991692
6	83200000	83300000	45030	208	62642	45646	0.00461914	0.62642	0.986505
6	83300000	83400000	55741	225	56683	56342	0.00403653	0.56683	0.989333
6	83400000	83500000	53893	305	51380	55184	0.00565936	0.5138	0.976606
6	83500000	83600000	46224	329	64238	46662	0.00711751	0.64238	0.990613
6	83600000	83700000	52768	335	49834	53447	0.00634854	0.49834	0.987296
6	83700000	83800000	50932	256	56020	51728	0.00502631	0.5602	0.984612
6	83800000	83900000	61371	280	39162	62016	0.00456242	0.39162	0.989599
6	83900000	84000000	53311	216	47929	54945	0.0040517	0.47929	0.970261
6	84000000	84100000	39606	174	65684	40227	0.00439327	0.65684	0.984563
6	84100000	84200000	47972	218	58679	48699	0.00454432	0.58679	0.985072
6	84200000	84300000	44594	258	55641	45320	0.00578553	0.55641	0.983981
6	84300000	84400000	53096	298	49387	53970	0.00561248	0.49387	0.983806
6	84400000	84500000	51322	341	52381	51831	0.00664432	0.52381	0.99018
6	84500000	84600000	55192	297	50314	55796	0.00538121	0.50314	0.989175
6	84600000	84700000	45449	184	60706	46821	0.00404849	0.60706	0.970697
6	84700000	84800000	51191	317	52327	53007	0.00619249	0.52327	0.96574
6	84800000	84900000	46445	204	65295	46892	0.00439229	0.65295	0.990467
6	84900000	85000000	56876	313	46188	58079	0.0055032	0.46188	0.979287
6	85000000	85100000	48807	280	59008	49760	0.00573688	0.59008	0.980848
6	85100000	85200000	60687	248	40555	61160	0.00408654	0.40555	0.992266
6	85200000	85300000	56141	206	55224	56544	0.00366933	0.55224	0.992873
6	85300000	85400000	53692	299	48508	54154	0.0055688	0.48508	0.991469
6	85400000	85500000	54696	265	35170	55129	0.00484496	0.3517	0.992146
6	85500000	85600000	53943	222	48101	54378	0.00411546	0.48101	0.992
6	85600000	85700000	48647	227	56095	49268	0.00466627	0.56095	0.987395
6	85700000	85800000	56047	287	44767	58363	0.0051207	0.44767	0.960317
6	85800000	85900000	51910	252	47010	52371	0.00485456	0.4701	0.991197
6	85900000	86000000	39332	217	57472	40987	0.00551714	0.57472	0.959621
6	86000000	86100000	43562	234	59228	43964	0.00537165	0.59228	0.990856
6	86100000	86200000	47918	250	46656	48366	0.00521725	0.46656	0.990737
6	86200000	86300000	48011	185	54307	48407	0.00385328	0.54307	0.991819
6	86300000	86400000	48360	227	44682	49469	0.00469396	0.44682	0.977582
6	86400000	86500000	30684	194	84121	31138	0.00632251	0.84121	0.98542
6	86500000	86600000	26815	249	84056	28439	0.00928585	0.84056	0.942895
6	86600000	86700000	35079	224	74621	35340	0.00638559	0.74621	0.992615
6	86700000	86800000	32081	250	74298	32454	0.00779277	0.74298	0.988507
6	86800000	86900000	14256	112	70981	41303	0.00785634	0.70981	0.345157
6	86900000	87000000	41783	311	67680	42224	0.00744322	0.6768	0.989556
6	87000000	87100000	47800	323	69956	48548	0.00675732	0.69956	0.984593
6	87100000	87200000	38942	340	67487	48555	0.00873093	0.67487	0.802018
6	87200000	87300000	38131	321	74204	38807	0.00841835	0.74204	0.98258
6	87300000	87400000	40411	352	71194	41578	0.0087105	0.71194	0.971932
6	87400000	87500000	47696	325	62060	48576	0.00681399	0.6206	0.981884
6	87500000	87600000	35205	197	74532	36507	0.0055958	0.74532	0.964336
6	87600000	87700000	51599	228	53399	52035	0.00441869	0.53399	0.991621
6	87700000	87800000	51582	240	52114	53252	0.00465279	0.52114	0.96864
6	87800000	87900000	48806	221	50819	49250	0.00452813	0.50819	0.990985
6	87900000	88000000	56103	231	48498	56554	0.00411743	0.48498	0.992025
6	88000000	88100000	49403	213	52331	50279	0.00431148	0.52331	0.982577
6	88100000	88200000	25654	119	54525	45954	0.00463865	0.54525	0.558254
6	88200000	88300000	51869	184	47775	53625	0.0035474	0.47775	0.967254
6	88300000	88400000	45435	165	45524	46680	0.00363156	0.45524	0.973329
6	88400000	88500000	46366	217	56270	47172	0.00468015	0.5627	0.982914
6	88500000	88600000	57022	287	47467	58169	0.00503315	0.47467	0.980282
6	88600000	88700000	60647	306	44574	61964	0.00504559	0.44574	0.978746
6	88700000	88800000	58191	316	49811	58794	0.00543039	0.49811	0.989744
6	88800000	88900000	63082	316	37392	63833	0.00500935	0.37392	0.988235
6	88900000	89000000	54298	275	51350	54775	0.00506464	0.5135	0.991292
6	89000000	89100000	52845	230	54645	56071	0.00435235	0.54645	0.942466
6	89100000	89200000	44063	262	67119	44493	0.00594603	0.67119	0.990336
6	89200000	89300000	60336	429	47884	61768	0.00711018	0.47884	0.976816
6	89300000	89400000	52807	255	50418	53386	0.00482891	0.50418	0.989154
6	89400000	89500000	50888	221	61094	51390	0.00434287	0.61094	0.990232
6	89500000	89600000	56496	199	47638	56885	0.00352237	0.47638	0.993162
6	89600000	89700000	36089	156	70736	36333	0.00432265	0.70736	0.993284
6	89700000	89800000	36829	187	67938	38577	0.00507752	0.67938	0.954688
6	89800000	89900000	45545	167	48977	46170	0.0036667	0.48977	0.986463
6	89900000	90000000	49809	304	55078	51059	0.00610331	0.55078	0.975519
6	90000000	90100000	50983	237	46215	52863	0.00464861	0.46215	0.964436
6	90100000	90200000	46154	236	55734	47015	0.00511332	0.55734	0.981687
6	90200000	90300000	55881	347	52552	57387	0.00620962	0.52552	0.973757
6	90300000	90400000	56143	235	28877	56987	0.00418574	0.28877	0.98519
6	90400000	90500000	53247	181	40124	53837	0.00339925	0.40124	0.989041
6	90500000	90600000	35851	158	62279	36494	0.00440713	0.62279	0.982381
6	90600000	90700000	54826	312	42598	55480	0.00569073	0.42598	0.988212
6	90700000	90800000	57143	315	48675	57717	0.00551249	0.48675	0.990055
6	90800000	90900000	59978	350	44040	60476	0.00583547	0.4404	0.991765
6	90900000	91000000	60736	322	36331	61211	0.00530163	0.36331	0.99224
6	91000000	91100000	60674	294	40319	61547	0.00484557	0.40319	0.985816
6	91100000	91200000	61463	324	45698	62705	0.00527146	0.45698	0.980193
6	91200000	91300000	60806	309	39279	61689	0.00508174	0.39279	0.985686
6	91300000	91400000	60035	354	45952	60596	0.00589656	0.45952	0.990742
6	91400000	91500000	62391	380	44011	62890	0.00609062	0.44011	0.992066
6	91500000	91600000	60333	383	39188	63182	0.0063481	0.39188	0.954908
6	91600000	91700000	65418	428	36712	66072	0.00654254	0.36712	0.990102
6	91700000	91800000	57540	421	49397	60354	0.00731665	0.49397	0.953375
6	91800000	91900000	64103	396	29862	64687	0.00617756	0.29862	0.990972
6	91900000	92000000	58522	343	51730	59040	0.00586104	0.5173	0.991226
6	92000000	92100000	54826	392	50187	55678	0.00714989	0.50187	0.984698
6	92100000	92200000	55994	379	54749	56504	0.00676858	0.54749	0.990974
6	92200000	92300000	60487	333	50743	61079	0.00550532	0.50743	0.990308
6	92300000	92400000	62759	381	42703	63409	0.00607084	0.42703	0.989749
6	92400000	92500000	58647	397	39347	59212	0.00676931	0.39347	0.990458
6	92500000	92600000	59511	456	41890	60234	0.00766245	0.4189	0.987997
6	92600000	92700000	54690	367	48291	56596	0.00671055	0.48291	0.966323
6	92700000	92800000	58024	346	47032	58747	0.00596305	0.47032	0.987693
6	92800000	92900000	63131	405	37155	63989	0.00641523	0.37155	0.986591
6	92900000	93000000	54327	326	55947	55235	0.0060007	0.55947	0.983561
6	93000000	93100000	60468	413	41455	61121	0.00683006	0.41455	0.989316
6	93100000	93200000	54736	341	59222	55414	0.0062299	0.59222	0.987765
6	93200000	93300000	54499	338	55246	55159	0.00620195	0.55246	0.988035
6	93300000	93400000	37313	222	60701	46245	0.00594967	0.60701	0.806855
6	93400000	93500000	50441	310	52038	58654	0.00614579	0.52038	0.859975
6	93500000	93600000	49872	329	57039	53202	0.00659689	0.57039	0.937408
6	93600000	93700000	56753	414	44534	57343	0.00729477	0.44534	0.989711
6	93700000	93800000	54057	408	45981	54623	0.00754759	0.45981	0.989638
6	93800000	93900000	58853	368	41526	59360	0.00625287	0.41526	0.991459
6	93900000	94000000	63033	406	34692	63731	0.00644107	0.34692	0.989048
6	94000000	94100000	50342	302	29024	64542	0.00599897	0.29024	0.779988
6	94100000	94200000	64022	354	37270	64579	0.00552935	0.3727	0.991375
6	94200000	94300000	60619	389	40472	61544	0.00641713	0.40472	0.98497
6	94300000	94400000	56647	336	57288	57351	0.00593147	0.57288	0.987725
6	94400000	94500000	63261	393	45936	64303	0.00621236	0.45936	0.983795
6	94500000	94600000	48416	307	57115	49463	0.00634088	0.57115	0.978833
6	94600000	94700000	64859	395	43044	66310	0.00609013	0.43044	0.978118
6	94700000	94800000	60848	313	35246	62250	0.00514397	0.35246	0.977478
6	94800000	94900000	58494	427	50820	59368	0.00729989	0.5082	0.985278
6	94900000	95000000	54792	270	44524	57048	0.00492773	0.44524	0.960454
6	95000000	95100000	54874	430	47848	55470	0.00783613	0.47848	0.989255
6	95100000	95200000	59765	469	51071	60946	0.0078474	0.51071	0.980622
6	95200000	95300000	51350	344	55269	52004	0.00669912	0.55269	0.987424
6	95300000	95400000	57885	476	48405	58592	0.0082232	0.48405	0.987934
6	95400000	95500000	32715	210	63736	36591	0.00641907	0.63736	0.894072
6	95500000	95600000	29222	181	53371	31658	0.00619396	0.53371	0.923053
6	95600000	95700000	34172	220	51644	38448	0.00643802	0.51644	0.888785
6	95700000	95800000	0	0	0	0		0	
6	95800000	95900000	33049	247	32586	39652	0.00747375	0.32586	0.833476
6	95900000	96000000	49792	335	57483	51389	0.00672799	0.57483	0.968923
6	96000000	96100000	54946	370	53718	55894	0.00673388	0.53718	0.983039
6	96100000	96200000	55133	311	52875	55746	0.0056409	0.52875	0.989004
6	96200000	96300000	47794	339	55678	54512	0.00709294	0.55678	0.876761
6	96300000	96400000	57482	415	52271	58970	0.00721965	0.52271	0.974767
6	96400000	96500000	58565	343	50204	59282	0.00585674	0.50204	0.987905
6	96500000	96600000	56026	276	45559	63063	0.00492628	0.45559	0.888413
6	96600000	96700000	57271	344	45226	58045	0.00600653	0.45226	0.986666
6	96700000	96800000	47197	287	63394	49238	0.00608089	0.63394	0.958548
6	96800000	96900000	46893	342	64677	47375	0.0072932	0.64677	0.989826
6	96900000	97000000	48968	262	55579	51520	0.00535043	0.55579	0.950466
6	97000000	97100000	59119	364	43001	59672	0.00615707	0.43001	0.990733
6	97100000	97200000	53027	284	54802	53517	0.00535576	0.54802	0.990844
6	97200000	97300000	54596	288	50273	55065	0.00527511	0.50273	0.991483
6	97300000	97400000	64449	269	33344	65821	0.00417384	0.33344	0.979156
6	97400000	97500000	50231	285	61138	51121	0.00567379	0.61138	0.98259
6	97500000	97600000	66753	338	25579	67251	0.00506344	0.25579	0.992595
6	97600000	97700000	58754	283	40561	59364	0.00481669	0.40561	0.989724
6	97700000	97800000	54520	264	57497	55200	0.00484226	0.57497	0.987681
6	97800000	97900000	50664	287	58575	51066	0.00566477	0.58575	0.992128
6	97900000	98000000	57565	210	51460	59064	0.00364805	0.5146	0.974621
6	98000000	98100000	56366	248	53363	57082	0.00439982	0.53363	0.987457
6	98100000	98200000	62977	270	42008	63450	0.00428728	0.42008	0.992545
6	98200000	98300000	55093	222	47593	55551	0.00402955	0.47593	0.991755
6	98300000	98400000	64287	330	34444	65567	0.00513323	0.34444	0.980478
6	98400000	98500000	64576	242	36290	65073	0.00374752	0.3629	0.992362
6	98500000	98600000	49442	222	52829	49826	0.00449011	0.52829	0.992293
6	98600000	98700000	49453	259	58667	50330	0.0052373	0.58667	0.982575
6	98700000	98800000	64765	287	35944	65848	0.00443141	0.35944	0.983553
6	98800000	98900000	51246	270	57893	52632	0.0052687	0.57893	0.973666
6	98900000	99000000	63656	271	34338	64657	0.00425726	0.34338	0.984518
6	99000000	99100000	66343	254	35482	67042	0.00382859	0.35482	0.989574
6	99100000	99200000	61315	330	42126	62152	0.00538204	0.42126	0.986533
6	99200000	99300000	60542	303	37339	61348	0.00500479	0.37339	0.986862
6	99300000	99400000	54578	227	46632	55168	0.00415919	0.46632	0.989305
6	99400000	99500000	62177	396	43732	62795	0.00636891	0.43732	0.990158
6	99500000	99600000	64616	328	32944	65153	0.00507614	0.32944	0.991758
6	99600000	99700000	57073	317	45704	57951	0.00555429	0.45704	0.984849
6	99700000	99800000	56694	301	42581	57925	0.0053092	0.42581	0.978748
6	99800000	99900000	49458	194	48609	50149	0.00392252	0.48609	0.986221
6	99900000	100000000	49048	234	52021	50314	0.00477084	0.52021	0.974838
6	100000000	100100000	50246	230	42915	54191	0.00457748	0.42915	0.927202
6	100100000	100200000	39050	201	72624	39328	0.00514725	0.72624	0.992931
6	100200000	100300000	54566	290	53143	55077	0.00531466	0.53143	0.990722
6	100300000	100400000	50612	319	54640	52630	0.00630285	0.5464	0.961657
6	100400000	100500000	48633	279	56615	49175	0.00573685	0.56615	0.988978
6	100500000	100600000	58404	289	43824	60598	0.00494829	0.43824	0.963794
6	100600000	100700000	61429	394	38265	61894	0.00641391	0.38265	0.992487
6	100700000	100800000	63852	362	41938	64880	0.00566936	0.41938	0.984155
6	100800000	100900000	59367	288	37344	60320	0.00485118	0.37344	0.984201
6	100900000	101000000	61969	264	32590	62614	0.00426019	0.3259	0.989699
6	101000000	101100000	56226	233	44815	56741	0.00414399	0.44815	0.990924
6	101100000	101200000	61230	273	36364	61872	0.0044586	0.36364	0.989624
6	101200000	101300000	54513	215	53572	54985	0.00394401	0.53572	0.991416
6	101300000	101400000	46121	215	59881	47295	0.00466165	0.59881	0.975177
6	101400000	101500000	47520	180	62212	49519	0.00378788	0.62212	0.959632
6	101500000	101600000	54719	217	55387	55182	0.00396572	0.55387	0.99161
6	101600000	101700000	47632	330	62752	48300	0.00692812	0.62752	0.98617
6	101700000	101800000	54426	314	63957	54991	0.0057693	0.63957	0.989726
6	101800000	101900000	67577	305	21854	68287	0.00451337	0.21854	0.989603
6	101900000	102000000	62741	341	28786	63559	0.00543504	0.28786	0.98713
6	102000000	102100000	62566	359	36358	63851	0.00573794	0.36358	0.979875
6	102100000	102200000	61140	414	38778	63173	0.00677134	0.38778	0.967819
6	102200000	102300000	55230	376	43788	57254	0.00680789	0.43788	0.964649
6	102300000	102400000	63120	402	31719	64240	0.00636882	0.31719	0.982565
6	102400000	102500000	60217	356	47948	60934	0.00591195	0.47948	0.988233
6	102500000	102600000	54269	347	52647	55460	0.00639407	0.52647	0.978525
6	102600000	102700000	50729	339	55338	51291	0.00668257	0.55338	0.989043
6	102700000	102800000	48518	319	62382	49393	0.00657488	0.62382	0.982285
6	102800000	102900000	54693	385	53193	57186	0.00703929	0.53193	0.956405
6	102900000	103000000	54474	451	57119	55821	0.00827918	0.57119	0.975869
6	103000000	103100000	42720	283	63750	53932	0.00662453	0.6375	0.792109
6	103100000	103200000	53203	309	53416	53858	0.00580794	0.53416	0.987838
6	103200000	103300000	47090	236	61665	47979	0.00501168	0.61665	0.981471
6	103300000	103400000	54517	383	55372	55001	0.00702533	0.55372	0.9912
6	103400000	103500000	51460	242	54556	52555	0.00470268	0.54556	0.979165
6	103500000	103600000	55677	343	54102	56325	0.00616053	0.54102	0.988495
6	103600000	103700000	46084	298	56960	55490	0.00646645	0.5696	0.830492
6	103700000	103800000	56533	368	53644	57451	0.00650947	0.53644	0.984021
6	103800000	103900000	51340	407	57829	53835	0.00792754	0.57829	0.953655
6	103900000	104000000	40992	281	65123	43220	0.006855	0.65123	0.94845
6	104000000	104100000	47646	411	60941	49029	0.00862612	0.60941	0.971792
6	104100000	104200000	51844	418	51007	55393	0.00806265	0.51007	0.935931
6	104200000	104300000	52604	417	49317	53155	0.00792715	0.49317	0.989634
6	104300000	104400000	55902	333	58608	56945	0.00595685	0.58608	0.981684
6	104400000	104500000	59414	375	38437	59983	0.00631164	0.38437	0.990514
6	104500000	104600000	42842	250	67082	45096	0.0058354	0.67082	0.950018
6	104600000	104700000	49983	318	62637	50526	0.00636216	0.62637	0.989253
6	104700000	104800000	61454	366	39560	63229	0.00595567	0.3956	0.971927
6	104800000	104900000	54101	287	54389	54737	0.00530489	0.54389	0.988381
6	104900000	105000000	60247	414	39038	60828	0.00687171	0.39038	0.990448
6	105000000	105100000	63519	316	37557	64020	0.00497489	0.37557	0.992174
6	105100000	105200000	44716	277	61880	45323	0.00619465	0.6188	0.986607
6	105200000	105300000	43398	203	56499	43956	0.00467763	0.56499	0.987305
6	105300000	105400000	46345	163	57117	46929	0.0035171	0.57117	0.987556
6	105400000	105500000	49045	187	53820	49517	0.00381282	0.5382	0.990468
6	105500000	105600000	55607	236	39924	56006	0.00424407	0.39924	0.992876
6	105600000	105700000	42532	229	62773	42981	0.00538418	0.62773	0.989554
6	105700000	105800000	55320	311	41057	56848	0.00562184	0.41057	0.973121
6	105800000	105900000	54392	269	44677	55039	0.00494558	0.44677	0.988245
6	105900000	106000000	61317	324	38587	61808	0.00528402	0.38587	0.992056
6	106000000	106100000	63004	328	35384	63865	0.00520602	0.35384	0.986518
6	106100000	106200000	51264	309	59156	51811	0.00602762	0.59156	0.989442
6	106200000	106300000	64136	387	33205	64975	0.00603405	0.33205	0.987087
6	106300000	106400000	57328	357	46292	58166	0.00622732	0.46292	0.985593
6	106400000	106500000	53819	307	44191	56720	0.00570431	0.44191	0.948854
6	106500000	106600000	64109	293	24453	64546	0.00457034	0.24453	0.99323
6	106600000	106700000	51531	201	47650	54739	0.00390056	0.4765	0.941395
6	106700000	106800000	53505	248	57523	54448	0.00463508	0.57523	0.982681
6	106800000	106900000	53189	333	52359	54386	0.00626069	0.52359	0.977991
6	106900000	107000000	56226	334	40959	56914	0.00594031	0.40959	0.987912
6	107000000	107100000	49620	321	47966	50766	0.00646917	0.47966	0.977426
6	107100000	107200000	51374	367	56723	52831	0.00714369	0.56723	0.972421
6	107200000	107300000	48068	321	58561	48696	0.00667804	0.58561	0.987104
6	107300000	107400000	33887	202	62552	35064	0.00596099	0.62552	0.966433
6	107400000	107500000	34121	131	63516	34601	0.00383928	0.63516	0.986128
6	107500000	107600000	46008	166	54508	46569	0.00360807	0.54508	0.987953
6	107600000	107700000	52686	228	48370	53065	0.00432753	0.4837	0.992858
6	107700000	107800000	48365	211	65029	48882	0.00436266	0.65029	0.989424
6	107800000	107900000	63502	261	25527	64708	0.00411011	0.25527	0.981362
6	107900000	108000000	68059	305	23651	68566	0.00448141	0.23651	0.992606
6	108000000	108100000	59743	367	44025	61243	0.00614298	0.44025	0.975507
6	108100000	108200000	52412	285	46286	52987	0.00543769	0.46286	0.989148
6	108200000	108300000	42150	190	56104	42504	0.00450771	0.56104	0.991671
6	108300000	108400000	42822	209	55592	44711	0.00488067	0.55592	0.957751
6	108400000	108500000	52049	234	44365	52762	0.00449576	0.44365	0.986486
6	108500000	108600000	44458	187	52347	45278	0.00420622	0.52347	0.98189
6	108600000	108700000	42523	147	59052	43003	0.00345695	0.59052	0.988838
6	108700000	108800000	43753	158	61615	44082	0.00361118	0.61615	0.992537
6	108800000	108900000	54200	207	42868	54597	0.00381919	0.42868	0.992729
6	108900000	109000000	64269	329	25554	64738	0.00511911	0.25554	0.992755
6	109000000	109100000	61292	299	44496	61796	0.00487829	0.44496	0.991844
6	109100000	109200000	53715	314	48789	54243	0.00584567	0.48789	0.990266
6	109200000	109300000	52369	264	44030	52935	0.00504115	0.4403	0.989308
6	109300000	109400000	55116	178	42390	56764	0.00322955	0.4239	0.970968
6	109400000	109500000	49704	185	52840	50108	0.00372203	0.5284	0.991937
6	109500000	109600000	49586	241	55889	50073	0.00486024	0.55889	0.990274
6	109600000	109700000	60666	261	40359	61650	0.00430225	0.40359	0.984039
6	109700000	109800000	52980	213	40708	53438	0.00402039	0.40708	0.991429
6	109800000	109900000	44271	233	60689	44889	0.00526304	0.60689	0.986233
6	109900000	110000000	44431	252	66029	44753	0.00567172	0.66029	0.992805
6	110000000	110100000	46449	287	61891	47328	0.00617882	0.61891	0.981427
6	110100000	110200000	49589	251	54331	50879	0.00506161	0.54331	0.974646
6	110200000	110300000	54960	422	55905	55736	0.00767831	0.55905	0.986077
6	110300000	110400000	58428	429	48318	59634	0.00734237	0.48318	0.979777
6	110400000	110500000	51882	210	55627	52383	0.00404765	0.55627	0.990436
6	110500000	110600000	52085	215	42527	53184	0.00412787	0.42527	0.979336
6	110600000	110700000	59827	352	43595	60518	0.00588363	0.43595	0.988582
6	110700000	110800000	53864	409	50946	55798	0.0075932	0.50946	0.965339
6	110800000	110900000	47300	326	65544	48016	0.00689218	0.65544	0.985088
6	110900000	111000000	49386	263	54263	53180	0.0053254	0.54263	0.928657
6	111000000	111100000	40802	178	61068	41519	0.00436253	0.61068	0.982731
6	111100000	111200000	32684	170	65085	33128	0.00520132	0.65085	0.986597
6	111200000	111300000	25976	120	67139	28550	0.00461965	0.67139	0.909842
6	111300000	111400000	40131	188	60171	40651	0.00468466	0.60171	0.987208
6	111400000	111500000	45460	211	57309	45788	0.00464144	0.57309	0.992837
6	111500000	111600000	48688	201	48859	49080	0.00412833	0.48859	0.992013
6	111600000	111700000	47307	149	46218	47935	0.00314964	0.46218	0.986899
6	111700000	111800000	49896	173	59768	50689	0.00346721	0.59768	0.984356
6	111800000	111900000	55389	185	42487	56550	0.00334001	0.42487	0.979469
6	111900000	112000000	52979	310	42016	54184	0.00585138	0.42016	0.977761
6	112000000	112100000	66796	294	29659	67383	0.00440146	0.29659	0.991289
6	112100000	112200000	66933	338	29528	67469	0.00504983	0.29528	0.992056
6	112200000	112300000	52451	335	55452	53304	0.00638691	0.55452	0.983997
6	112300000	112400000	64718	414	37545	65362	0.00639698	0.37545	0.990147
6	112400000	112500000	66347	401	35392	66942	0.00604398	0.35392	0.991112
6	112500000	112600000	64857	379	31632	66069	0.00584363	0.31632	0.981656
6	112600000	112700000	57901	287	38655	60332	0.00495674	0.38655	0.959706
6	112700000	112800000	54890	376	55913	55379	0.00685006	0.55913	0.99117
6	112800000	112900000	53503	435	52718	54252	0.00813039	0.52718	0.986194
6	112900000	113000000	51747	337	59559	52430	0.00651245	0.59559	0.986973
6	113000000	113100000	57041	274	46077	58540	0.00480356	0.46077	0.974394
6	113100000	113200000	59620	257	49113	60251	0.00431063	0.49113	0.989527
6	113200000	113300000	49601	357	54856	50019	0.00719744	0.54856	0.991643
6	113300000	113400000	60823	362	48967	61440	0.0059517	0.48967	0.989958
6	113400000	113500000	57525	325	43930	58042	0.00564972	0.4393	0.991093
6	113500000	113600000	48823	262	50872	52918	0.00536632	0.50872	0.922616
6	113600000	113700000	60571	336	44272	62817	0.00554721	0.44272	0.964245
6	113700000	113800000	58487	436	40016	61004	0.00745465	0.40016	0.95874
6	113800000	113900000	47277	301	53701	54347	0.00636673	0.53701	0.86991
6	113900000	114000000	58478	345	37635	59143	0.00589965	0.37635	0.988756
6	114000000	114100000	46589	265	52312	47696	0.00568804	0.52312	0.976791
6	114100000	114200000	54895	280	43320	55354	0.00510065	0.4332	0.991708
6	114200000	114300000	54846	253	41854	57431	0.00461292	0.41854	0.954989
6	114300000	114400000	51593	274	47955	52083	0.0053108	0.47955	0.990592
6	114400000	114500000	64543	327	34465	64953	0.00506639	0.34465	0.993688
6	114500000	114600000	64143	309	42563	64736	0.00481736	0.42563	0.99084
6	114600000	114700000	63460	280	29468	64436	0.00441223	0.29468	0.984853
6	114700000	114800000	57495	333	44325	57997	0.00579181	0.44325	0.991344
6	114800000	114900000	54496	334	46776	55708	0.00612889	0.46776	0.978244
6	114900000	115000000	53584	338	56262	54105	0.00630785	0.56262	0.990371
6	115000000	115100000	57556	315	44255	58069	0.00547293	0.44255	0.991166
6	115100000	115200000	57967	389	47916	58999	0.00671071	0.47916	0.982508
6	115200000	115300000	44718	283	63437	45964	0.00632855	0.63437	0.972892
6	115300000	115400000	48446	384	55501	48994	0.00792635	0.55501	0.988815
6	115400000	115500000	40916	286	62570	44027	0.00698993	0.6257	0.929339
6	115500000	115600000	40534	281	75780	42048	0.00693245	0.7578	0.963994
6	115600000	115700000	56693	419	51360	57441	0.00739068	0.5136	0.986978
6	115700000	115800000	49963	369	55695	50612	0.00738547	0.55695	0.987177
6	115800000	115900000	49116	305	53443	49556	0.00620979	0.53443	0.991121
6	115900000	116000000	55526	336	50365	56024	0.00605122	0.50365	0.991111
6	116000000	116100000	53582	412	55857	54133	0.00768915	0.55857	0.989821
6	116100000	116200000	57835	303	51352	58343	0.00523904	0.51352	0.991293
6	116200000	116300000	55704	194	46082	56177	0.00348269	0.46082	0.99158
6	116300000	116400000	60594	235	39558	61227	0.00387827	0.39558	0.989661
6	116400000	116500000	56873	278	40230	57348	0.00488808	0.4023	0.991717
6	116500000	116600000	54751	212	42646	57024	0.00387208	0.42646	0.96014
6	116600000	116700000	53791	206	47943	55304	0.00382964	0.47943	0.972642
6	116700000	116800000	61472	350	34558	61931	0.00569365	0.34558	0.992589
6	116800000	116900000	58398	320	44170	58932	0.00547964	0.4417	0.990939
6	116900000	117000000	52646	172	51419	53059	0.0032671	0.51419	0.992216
6	117000000	117100000	49254	155	54724	50855	0.00314695	0.54724	0.968518
6	117100000	117200000	50494	211	55205	51554	0.00417871	0.55205	0.979439
6	117200000	117300000	64283	341	34626	65227	0.00530467	0.34626	0.985527
6	117300000	117400000	53223	288	71427	53817	0.00541119	0.71427	0.988963
6	117400000	117500000	41059	168	67140	41332	0.00409167	0.6714	0.993395
6	117500000	117600000	49663	293	58445	50339	0.00589976	0.58445	0.986571
6	117600000	117700000	55482	314	50735	56031	0.00565949	0.50735	0.990202
6	117700000	117800000	53616	364	49128	54318	0.00678902	0.49128	0.987076
6	117800000	117900000	59239	309	32301	62118	0.00521616	0.32301	0.953653
6	117900000	118000000	37250	232	65893	38004	0.00622819	0.65893	0.98016
6	118000000	118100000	42355	373	63189	43792	0.00880652	0.63189	0.967186
6	118100000	118200000	39228	238	73912	39596	0.00606709	0.73912	0.990706
6	118200000	118300000	61915	283	41224	62476	0.00457078	0.41224	0.991021
6	118300000	118400000	58631	342	41859	59128	0.00583309	0.41859	0.991595
6	118400000	118500000	63094	280	40381	64838	0.00443782	0.40381	0.973102
6	118500000	118600000	59646	251	46120	61533	0.00420816	0.4612	0.969334
6	118600000	118700000	58620	326	47870	59131	0.00556124	0.4787	0.991358
6	118700000	118800000	44989	228	62551	45292	0.00506791	0.62551	0.99331
6	118800000	118900000	52673	203	52386	53284	0.00385397	0.52386	0.988533
6	118900000	119000000	45396	210	64863	45838	0.00462596	0.64863	0.990357
6	119000000	119100000	54775	256	48799	55855	0.00467366	0.48799	0.980664
6	119100000	119200000	45873	266	64569	46889	0.00579862	0.64569	0.978332
6	119200000	119300000	51593	208	47963	52053	0.00403155	0.47963	0.991163
6	119300000	119400000	52778	235	45817	54873	0.00445261	0.45817	0.961821
6	119400000	119500000	51721	276	50956	52257	0.00533632	0.50956	0.989743
6	119500000	119600000	59508	335	40280	60413	0.0056295	0.4028	0.98502
6	119600000	119700000	59785	351	37642	60938	0.00587104	0.37642	0.981079
6	119700000	119800000	46400	233	67260	49867	0.00502155	0.6726	0.930475
6	119800000	119900000	58535	288	47652	59297	0.00492013	0.47652	0.987149
6	119900000	120000000	63089	339	43870	63966	0.00537336	0.4387	0.98629
6	120000000	120100000	54369	303	59327	54835	0.00557303	0.59327	0.991502
6	120100000	120200000	60547	303	41714	61316	0.00500438	0.41714	0.987458
6	120200000	120300000	56643	372	55372	57944	0.00656745	0.55372	0.977547
6	120300000	120400000	54953	295	61933	56297	0.00536822	0.61933	0.976127
6	120400000	120500000	52022	221	60777	53360	0.0042482	0.60777	0.974925
6	120500000	120600000	50388	266	65801	50881	0.00527903	0.65801	0.990311
6	120600000	120700000	52548	355	62580	53307	0.00675573	0.6258	0.985762
6	120700000	120800000	49767	234	65605	50354	0.00470191	0.65605	0.988343
6	120800000	120900000	55994	336	51661	56533	0.00600064	0.51661	0.990466
6	120900000	121000000	54593	343	45935	55767	0.00628286	0.45935	0.978948
6	121000000	121100000	47066	283	63674	48777	0.00601283	0.63674	0.964922
6	121100000	121200000	47858	244	60003	48374	0.00509842	0.60003	0.989333
6	121200000	121300000	57419	368	56738	58289	0.00640903	0.56738	0.985074
6	121300000	121400000	53648	371	60003	54152	0.00691545	0.60003	0.990693
6	121400000	121500000	47882	249	53423	49760	0.00520028	0.53423	0.962259
6	121500000	121600000	39928	198	72636	40230	0.00495893	0.72636	0.992493
6	121600000	121700000	49878	314	52664	50308	0.00629536	0.52664	0.991453
6	121700000	121800000	39002	223	50131	46244	0.00571766	0.50131	0.843396
6	121800000	121900000	45953	264	50582	46353	0.005745	0.50582	0.991371
6	121900000	122000000	48749	292	51781	50510	0.00598987	0.51781	0.965136
6	122000000	122100000	38617	152	48772	49401	0.00393609	0.48772	0.781705
6	122100000	122200000	53317	307	47923	54822	0.00575801	0.47923	0.972548
6	122200000	122300000	54720	343	50626	55177	0.00626827	0.50626	0.991718
6	122300000	122400000	57593	397	43208	58121	0.0068932	0.43208	0.990916
6	122400000	122500000	57312	367	47684	58714	0.00640355	0.47684	0.976122
6	122500000	122600000	59131	282	46392	60670	0.00476907	0.46392	0.974633
6	122600000	122700000	59463	399	55001	60147	0.00671005	0.55001	0.988628
6	122700000	122800000	55559	256	50510	56351	0.00460771	0.5051	0.985945
6	122800000	122900000	42570	187	75262	43827	0.00439276	0.75262	0.971319
6	122900000	123000000	58179	310	40164	58840	0.00532838	0.40164	0.988766
6	123000000	123100000	47106	211	53560	53645	0.00447926	0.5356	0.878106
6	123100000	123200000	50822	262	53796	51293	0.00515525	0.53796	0.990817
6	123200000	123300000	44278	381	70933	44652	0.00860472	0.70933	0.991624
6	123300000	123400000	62435	390	34379	63043	0.0062465	0.34379	0.990356
6	123400000	123500000	52985	430	57167	53549	0.0081155	0.57167	0.989468
6	123500000	123600000	50622	340	53619	51488	0.00671645	0.53619	0.983181
6	123600000	123700000	59982	384	44818	62584	0.00640192	0.44818	0.958424
6	123700000	123800000	56503	327	36482	57014	0.0057873	0.36482	0.991037
6	123800000	123900000	60127	409	33812	62047	0.00680227	0.33812	0.969056
6	123900000	124000000	55657	308	49136	56371	0.0055339	0.49136	0.987334
6	124000000	124100000	61284	368	55846	61909	0.00600483	0.55846	0.989905
6	124100000	124200000	61723	342	38264	62934	0.00554088	0.38264	0.980758
6	124200000	124300000	64013	430	37260	64611	0.00671739	0.3726	0.990745
6	124300000	124400000	62861	417	32742	63566	0.00663368	0.32742	0.988909
6	124400000	124500000	58697	411	46432	59531	0.00700206	0.46432	0.98599
6	124500000	124600000	58456	418	42612	59247	0.00715068	0.42612	0.986649
6	124600000	124700000	58550	320	44791	59315	0.00546541	0.44791	0.987103
6	124700000	124800000	61553	373	45516	62956	0.00605982	0.45516	0.977715
6	124800000	124900000	64247	452	38100	64803	0.00703535	0.381	0.99142
6	124900000	125000000	59568	377	47492	61090	0.0063289	0.47492	0.975086
6	125000000	125100000	57656	333	42865	58375	0.00577563	0.42865	0.987683
6	125100000	125200000	57105	332	48563	57663	0.00581385	0.48563	0.990323
6	125200000	125300000	52971	259	56958	53382	0.00488947	0.56958	0.992301
6	125300000	125400000	57332	306	46322	59194	0.00533733	0.46322	0.968544
6	125400000	125500000	52678	346	56350	53298	0.00656821	0.5635	0.988367
6	125500000	125600000	59503	367	38616	60667	0.00616776	0.38616	0.980813
6	125600000	125700000	58284	333	46086	58984	0.0057134	0.46086	0.988132
6	125700000	125800000	54240	291	57682	54639	0.00536504	0.57682	0.992698
6	125800000	125900000	63354	311	36443	64188	0.00490892	0.36443	0.987007
6	125900000	126000000	59298	328	43759	59698	0.00553138	0.43759	0.9933
6	126000000	126100000	53604	242	48291	54881	0.00451459	0.48291	0.976731
6	126100000	126200000	55117	311	42654	56399	0.00564254	0.42654	0.977269
6	126200000	126300000	57577	396	45784	58187	0.00687775	0.45784	0.989517
6	126300000	126400000	63666	342	35849	64090	0.00537178	0.35849	0.993384
6	126400000	126500000	60027	329	41072	60692	0.00548087	0.41072	0.989043
6	126500000	126600000	54820	228	55370	55247	0.00415907	0.5537	0.992271
6	126600000	126700000	54449	230	59848	54938	0.00422414	0.59848	0.991099
6	126700000	126800000	48324	190	65447	50103	0.00393179	0.65447	0.964493
6	126800000	126900000	49408	194	62027	49914	0.00392649	0.62027	0.989863
6	126900000	127000000	50340	199	51374	51282	0.00395312	0.51374	0.981631
6	127000000	127100000	55187	251	43989	56281	0.00454817	0.43989	0.980562
6	127100000	127200000	56164	276	43009	56581	0.00491418	0.43009	0.99263
6	127200000	127300000	63679	338	36373	64205	0.00530787	0.36373	0.991807
6	127300000	127400000	52026	247	56621	52516	0.00474763	0.56621	0.99067
6	127400000	127500000	67730	277	25434	68229	0.00408977	0.25434	0.992686
6	127500000	127600000	55521	259	48542	56136	0.0046649	0.48542	0.989044
6	127600000	127700000	46440	198	58765	48078	0.00426357	0.58765	0.96593
6	127700000	127800000	53284	226	41261	53665	0.00424142	0.41261	0.9929
6	127800000	127900000	58401	288	44729	60542	0.00493142	0.44729	0.964636
6	127900000	128000000	39344	324	62826	40925	0.00823505	0.62826	0.961368
6	128000000	128100000	61919	384	51883	62598	0.00620165	0.51883	0.989153
6	128100000	128200000	59011	366	52230	59592	0.00620223	0.5223	0.99025
6	128200000	128300000	60576	368	56630	61052	0.00607501	0.5663	0.992203
6	128300000	128400000	68774	320	25536	69305	0.00465292	0.25536	0.992338
6	128400000	128500000	65753	402	30141	66378	0.00611379	0.30141	0.990584
6	128500000	128600000	63539	293	30431	64245	0.00461134	0.30431	0.989011
6	128600000	128700000	63151	305	31773	63700	0.00482969	0.31773	0.991381
6	128700000	128800000	61035	352	29014	62524	0.00576718	0.29014	0.976185
6	128800000	128900000	63624	374	37280	64802	0.00587828	0.3728	0.981822
6	128900000	129000000	54612	279	46375	55777	0.00510877	0.46375	0.979113
6	129000000	129100000	52329	301	54503	54108	0.00575207	0.54503	0.967121
6	129100000	129200000	49096	246	65082	49969	0.00501059	0.65082	0.982529
6	129200000	129300000	57555	293	43538	58363	0.00509078	0.43538	0.986156
6	129300000	129400000	56630	353	44481	57367	0.00623345	0.44481	0.987153
6	129400000	129500000	57851	280	39416	58314	0.00484002	0.39416	0.99206
6	129500000	129600000	61973	409	41049	62611	0.00659965	0.41049	0.98981
6	129600000	129700000	66955	439	39259	67805	0.00655664	0.39259	0.987464
6	129700000	129800000	64291	355	35132	65268	0.00552177	0.35132	0.985031
6	129800000	129900000	57410	315	48487	58685	0.00548685	0.48487	0.978274
6	129900000	130000000	60764	329	36691	61502	0.00541439	0.36691	0.988
6	130000000	130100000	60854	352	35996	61581	0.00578434	0.35996	0.988194
6	130100000	130200000	51378	292	52660	51969	0.00568337	0.5266	0.988628
6	130200000	130300000	59245	372	59970	60569	0.00627901	0.5997	0.978141
6	130300000	130400000	60535	388	42244	62396	0.00640952	0.42244	0.970174
6	130400000	130500000	57448	348	43486	58235	0.00605765	0.43486	0.986486
6	130500000	130600000	48611	340	56428	49753	0.0069943	0.56428	0.977047
6	130600000	130700000	53542	289	52605	54026	0.00539763	0.52605	0.991041
6	130700000	130800000	62543	331	37465	63151	0.00529236	0.37465	0.990372
6	130800000	130900000	49698	370	58499	50216	0.00744497	0.58499	0.989685
6	130900000	131000000	59557	397	42112	61936	0.00666588	0.42112	0.961589
6	131000000	131100000	54780	355	50045	55281	0.00648047	0.50045	0.990937
6	131100000	131200000	58738	289	41771	59196	0.00492015	0.41771	0.992263
6	131200000	131300000	62379	243	31954	63099	0.00389554	0.31954	0.988589
6	131300000	131400000	56783	245	43431	57529	0.00431467	0.43431	0.987033
6	131400000	131500000	46829	247	56065	47445	0.00527451	0.56065	0.987017
6	131500000	131600000	53036	223	45021	53434	0.00420469	0.45021	0.992552
6	131600000	131700000	48136	233	58434	48798	0.00484045	0.58434	0.986434
6	131700000	131800000	52543	318	61292	53097	0.00605219	0.61292	0.989566
6	131800000	131900000	41448	287	67061	42018	0.00692434	0.67061	0.986434
6	131900000	132000000	56766	218	37911	60365	0.00384033	0.37911	0.940379
6	132000000	132100000	35543	217	45026	46397	0.00610528	0.45026	0.766062
6	132100000	132200000	54504	287	43973	55743	0.00526567	0.43973	0.977773
6	132200000	132300000	53496	346	46668	54002	0.00646777	0.46668	0.99063
6	132300000	132400000	57113	365	44672	58343	0.00639084	0.44672	0.978918
6	132400000	132500000	59117	343	40510	59774	0.00580205	0.4051	0.989009
6	132500000	132600000	56629	374	46742	57152	0.00660439	0.46742	0.990849
6	132600000	132700000	55594	274	46916	58259	0.00492859	0.46916	0.954256
6	132700000	132800000	57786	244	47178	58581	0.00422248	0.47178	0.986429
6	132800000	132900000	60450	445	51114	61354	0.00736146	0.51114	0.985266
6	132900000	133000000	55244	376	40952	56816	0.00680617	0.40952	0.972332
6	133000000	133100000	52852	310	47116	53550	0.00586544	0.47116	0.986965
6	133100000	133200000	52906	331	43208	53421	0.00625638	0.43208	0.99036
6	133200000	133300000	60245	326	35966	60837	0.00541124	0.35966	0.990269
6	133300000	133400000	56676	353	46952	57202	0.00622839	0.46952	0.990805
6	133400000	133500000	54999	275	49088	55431	0.00500009	0.49088	0.992207
6	133500000	133600000	65105	357	32340	65595	0.00548345	0.3234	0.99253
6	133600000	133700000	64066	377	37216	67176	0.00588456	0.37216	0.953704
6	133700000	133800000	63721	316	36927	64464	0.00495912	0.36927	0.988474
6	133800000	133900000	53206	265	44907	53872	0.00498064	0.44907	0.987637
6	133900000	134000000	48798	257	55749	49282	0.00526661	0.55749	0.990179
6	134000000	134100000	62109	347	50938	62606	0.00558695	0.50938	0.992061
6	134100000	134200000	50302	263	53499	51642	0.00522842	0.53499	0.974052
6	134200000	134300000	56844	271	55415	57303	0.00476743	0.55415	0.99199
6	134300000	134400000	58784	304	42755	60547	0.00517148	0.42755	0.970882
6	134400000	134500000	48724	297	51844	49164	0.00609556	0.51844	0.99105
6	134500000	134600000	41171	203	51930	43462	0.00493066	0.5193	0.947287
6	134600000	134700000	50061	289	48141	50954	0.00577296	0.48141	0.982474
6	134700000	134800000	54871	343	45383	56059	0.00625103	0.45383	0.978808
6	134800000	134900000	56849	261	49965	57416	0.00459111	0.49965	0.990125
6	134900000	135000000	56387	261	44076	56850	0.00462873	0.44076	0.991856
6	135000000	135100000	50904	319	48761	52643	0.0062667	0.48761	0.966966
6	135100000	135200000	50471	318	49807	51340	0.00630065	0.49807	0.983074
6	135200000	135300000	54373	328	43865	56690	0.00603241	0.43865	0.959129
6	135300000	135400000	57182	225	39154	57599	0.0039348	0.39154	0.99276
6	135400000	135500000	54690	384	46379	55203	0.00702139	0.46379	0.990707
6	135500000	135600000	56840	290	35844	57534	0.00510204	0.35844	0.987938
6	135600000	135700000	55581	246	49510	56108	0.00442597	0.4951	0.990607
6	135700000	135800000	56739	297	45892	57604	0.00523449	0.45892	0.984984
6	135800000	135900000	53939	286	58079	54640	0.00530229	0.58079	0.987171
6	135900000	136000000	45261	249	60184	51526	0.00550143	0.60184	0.878411
6	136000000	136100000	50190	319	58972	51667	0.00635585	0.58972	0.971413
6	136100000	136200000	62076	355	44445	62867	0.0057188	0.44445	0.987418
6	136200000	136300000	62113	401	37553	62611	0.00645598	0.37553	0.992046
6	136300000	136400000	54329	317	37455	54806	0.00583482	0.37455	0.991297
6	136400000	136500000	60231	308	40026	60641	0.00511365	0.40026	0.993239
6	136500000	136600000	51467	276	34416	54515	0.00536266	0.34416	0.944089
6	136600000	136700000	51502	255	44208	53515	0.00495126	0.44208	0.962384
6	136700000	136800000	56319	239	41887	56946	0.00424368	0.41887	0.98899
6	136800000	136900000	54790	243	39492	55289	0.00443512	0.39492	0.990975
6	136900000	137000000	57540	323	43632	58314	0.00561349	0.43632	0.986727
6	137000000	137100000	53980	249	44665	54819	0.00461282	0.44665	0.984695
6	137100000	137200000	43528	247	60636	43866	0.00567451	0.60636	0.992295
6	137200000	137300000	58999	339	41810	59486	0.00574586	0.4181	0.991813
6	137300000	137400000	52507	301	55899	53463	0.00573257	0.55899	0.982118
6	137400000	137500000	53008	333	57643	54264	0.00628207	0.57643	0.976854
6	137500000	137600000	52824	321	53454	53430	0.00607678	0.53454	0.988658
6	137600000	137700000	62232	392	38674	62796	0.00629901	0.38674	0.991019
6	137700000	137800000	51976	387	46916	58438	0.00744574	0.46916	0.889421
6	137800000	137900000	55428	355	43440	56998	0.00640471	0.4344	0.972455
6	137900000	138000000	52502	351	55259	55378	0.00668546	0.55259	0.948066
6	138000000	138100000	61365	345	42454	62190	0.0056221	0.42454	0.986734
6	138100000	138200000	57114	310	46818	57742	0.00542774	0.46818	0.989124
6	138200000	138300000	54331	326	49129	56332	0.00600026	0.49129	0.964478
6	138300000	138400000	44159	293	67944	45677	0.00663511	0.67944	0.966767
6	138400000	138500000	53636	369	51516	54607	0.00687971	0.51516	0.982218
6	138500000	138600000	61512	365	33684	62384	0.0059338	0.33684	0.986022
6	138600000	138700000	54122	291	46398	54603	0.00537674	0.46398	0.991191
6	138700000	138800000	54043	305	47627	54857	0.00564365	0.47627	0.985161
6	138800000	138900000	60976	354	30293	61531	0.00580556	0.30293	0.99098
6	138900000	139000000	45482	236	44245	46600	0.00518887	0.44245	0.976009
6	139000000	139100000	45419	256	57153	46828	0.00563641	0.57153	0.969911
6	139100000	139200000	50235	342	55866	50762	0.006808	0.55866	0.989618
6	139200000	139300000	57147	206	39592	57624	0.00360474	0.39592	0.991722
6	139300000	139400000	47978	267	55211	51928	0.00556505	0.55211	0.923933
6	139400000	139500000	51239	284	49983	51651	0.00554265	0.49983	0.992023
6	139500000	139600000	49215	257	55395	49879	0.00522199	0.55395	0.986688
6	139600000	139700000	50100	321	49049	50822	0.00640719	0.49049	0.985794
6	139700000	139800000	55440	277	40252	55935	0.00499639	0.40252	0.99115
6	139800000	139900000	52079	254	51840	53255	0.00487721	0.5184	0.977918
6	139900000	140000000	51768	297	51219	52573	0.00573713	0.51219	0.984688
6	140000000	140100000	59869	269	43825	62468	0.00449314	0.43825	0.958395
6	140100000	140200000	54814	289	53948	56459	0.00527238	0.53948	0.970864
6	140200000	140300000	61080	308	40496	61576	0.00504257	0.40496	0.991945
6	140300000	140400000	62308	351	36943	65125	0.00563331	0.36943	0.956745
6	140400000	140500000	55600	296	52065	56037	0.00532374	0.52065	0.992202
6	140500000	140600000	51254	266	62676	51743	0.00518984	0.62676	0.990549
6	140600000	140700000	53794	365	57091	54303	0.00678514	0.57091	0.990627
6	140700000	140800000	55395	321	60709	56034	0.00579475	0.60709	0.988596
6	140800000	140900000	58028	296	56556	58898	0.00510099	0.56556	0.985229
6	140900000	141000000	52993	255	56910	53456	0.00481196	0.5691	0.991339
6	141000000	141100000	49201	259	59987	49635	0.00526412	0.59987	0.991256
6	141100000	141200000	57458	290	57632	58092	0.00504716	0.57632	0.989086
6	141200000	141300000	55975	382	54622	56658	0.00682448	0.54622	0.987945
6	141300000	141400000	59556	374	58830	60159	0.0062798	0.5883	0.989977
6	141400000	141500000	51084	371	56703	52491	0.00726255	0.56703	0.973195
6	141500000	141600000	53206	379	69459	54198	0.00712326	0.69459	0.981697
6	141600000	141700000	54945	431	61712	56372	0.00784421	0.61712	0.974686
6	141700000	141800000	51495	365	65727	52151	0.00708807	0.65727	0.987421
6	141800000	141900000	56785	351	62883	57552	0.00618121	0.62883	0.986673
6	141900000	142000000	52923	242	59490	53877	0.00457268	0.5949	0.982293
6	142000000	142100000	54053	289	60049	54607	0.0053466	0.60049	0.989855
6	142100000	142200000	50699	277	68514	51419	0.00546362	0.68514	0.985997
6	142200000	142300000	45761	338	71397	46383	0.0073862	0.71397	0.98659
6	142300000	142400000	49900	356	51373	51421	0.00713427	0.51373	0.970421
6	142400000	142500000	54747	235	56234	55506	0.00429247	0.56234	0.986326
6	142500000	142600000	54555	245	51860	55534	0.00449088	0.5186	0.982371
6	142600000	142700000	61867	264	31516	62423	0.00426722	0.31516	0.991093
6	142700000	142800000	60202	254	34712	60711	0.00421913	0.34712	0.991616
6	142800000	142900000	47323	327	59932	47858	0.00690996	0.59932	0.988821
6	142900000	143000000	57742	325	54400	58240	0.00562849	0.544	0.991449
6	143000000	143100000	65833	321	33806	66353	0.00487597	0.33806	0.992163
6	143100000	143200000	64729	298	26627	66739	0.00460381	0.26627	0.969883
6	143200000	143300000	62755	319	33192	64132	0.00508326	0.33192	0.978529
6	143300000	143400000	46765	280	61664	47183	0.00598738	0.61664	0.991141
6	143400000	143500000	51846	271	54639	52496	0.00522702	0.54639	0.987618
6	143500000	143600000	66151	383	35857	68450	0.00578978	0.35857	0.966413
6	143600000	143700000	47993	259	63553	51210	0.00539662	0.63553	0.93718
6	143700000	143800000	62641	318	38817	63364	0.00507655	0.38817	0.98859
6	143800000	143900000	59847	304	41907	61163	0.00507962	0.41907	0.978484
6	143900000	144000000	55189	267	46598	55873	0.00483792	0.46598	0.987758
6	144000000	144100000	56659	333	42363	57862	0.00587727	0.42363	0.979209
6	144100000	144200000	44187	211	54499	44529	0.00477516	0.54499	0.99232
6	144200000	144300000	51368	251	50813	52510	0.00488631	0.50813	0.978252
6	144300000	144400000	51148	297	63222	51600	0.00580668	0.63222	0.99124
6	144400000	144500000	47941	328	59641	49898	0.00684174	0.59641	0.96078
6	144500000	144600000	47612	256	58968	48103	0.0053768	0.58968	0.989793
6	144600000	144700000	55394	298	38245	56358	0.00537964	0.38245	0.982895
6	144700000	144800000	55784	265	42130	56628	0.00475047	0.4213	0.985096
6	144800000	144900000	51296	272	47526	52777	0.00530256	0.47526	0.971939
6	144900000	145000000	56535	316	38084	57569	0.00558946	0.38084	0.982039
6	145000000	145100000	58072	376	38477	58537	0.00647472	0.38477	0.992056
6	145100000	145200000	59460	347	38699	60479	0.00583586	0.38699	0.983151
6	145200000	145300000	54080	357	54912	54971	0.00660133	0.54912	0.983791
6	145300000	145400000	59317	350	53240	61511	0.0059005	0.5324	0.964332
6	145400000	145500000	47283	331	59076	50779	0.0070004	0.59076	0.931153
6	145500000	145600000	57691	359	45245	58610	0.00622281	0.45245	0.98432
6	145600000	145700000	57572	421	54126	59339	0.00731258	0.54126	0.970222
6	145700000	145800000	53335	244	54520	53874	0.00457486	0.5452	0.989995
6	145800000	145900000	49796	459	61076	50488	0.00921761	0.61076	0.986294
6	145900000	146000000	54026	232	54560	54594	0.00429423	0.5456	0.989596
6	146000000	146100000	47831	197	66288	48223	0.00411867	0.66288	0.991871
6	146100000	146200000	54869	303	53678	55281	0.00552224	0.53678	0.992547
6	146200000	146300000	61671	352	41380	62106	0.00570771	0.4138	0.992996
6	146300000	146400000	55915	368	49117	56523	0.00658142	0.49117	0.989243
6	146400000	146500000	57658	309	52198	59170	0.00535919	0.52198	0.974447
6	146500000	146600000	63537	408	46794	64282	0.00642146	0.46794	0.98841
6	146600000	146700000	57262	342	50455	57848	0.00597255	0.50455	0.98987
6	146700000	146800000	57988	338	45426	59128	0.00582879	0.45426	0.98072
6	146800000	146900000	49667	251	59335	50136	0.00505366	0.59335	0.990645
6	146900000	147000000	57269	460	60681	57935	0.00803227	0.60681	0.988504
6	147000000	147100000	61732	365	49036	62448	0.00591265	0.49036	0.988534
6	147100000	147200000	49514	338	53964	50780	0.00682635	0.53964	0.975069
6	147200000	147300000	64150	411	35552	64826	0.00640686	0.35552	0.989572
6	147300000	147400000	62029	370	47407	62599	0.00596495	0.47407	0.990894
6	147400000	147500000	62877	323	43583	65103	0.00513701	0.43583	0.965808
6	147500000	147600000	58512	275	46832	59013	0.00469989	0.46832	0.99151
6	147600000	147700000	63061	339	42188	63540	0.00537575	0.42188	0.992461
6	147700000	147800000	47383	334	54548	51355	0.00704894	0.54548	0.922656
6	147800000	147900000	54291	391	47743	55425	0.00720193	0.47743	0.97954
6	147900000	148000000	58037	337	35108	59648	0.00580664	0.35108	0.972992
6	148000000	148100000	59800	287	46234	61454	0.00479933	0.46234	0.973086
6	148100000	148200000	58108	363	39330	59810	0.00624699	0.3933	0.971543
6	148200000	148300000	56621	401	41576	58356	0.00708218	0.41576	0.970269
6	148300000	148400000	55315	381	51754	56566	0.00688782	0.51754	0.977884
6	148400000	148500000	57591	345	43564	58084	0.00599052	0.43564	0.991512
6	148500000	148600000	58398	423	36698	59076	0.0072434	0.36698	0.988523
6	148600000	148700000	42735	254	48967	44321	0.00594361	0.48967	0.964216
6	148700000	148800000	35877	238	40482	55102	0.00663378	0.40482	0.651102
6	148800000	148900000	58448	365	32123	59042	0.00624487	0.32123	0.989939
6	148900000	149000000	42419	225	68753	43473	0.00530423	0.68753	0.975755
6	149000000	149100000	47955	249	52911	54225	0.00519237	0.52911	0.884371
6	149100000	149200000	54448	356	44068	55171	0.00653835	0.44068	0.986895
6	149200000	149300000	62293	379	37268	62926	0.00608415	0.37268	0.989941
6	149300000	149400000	61614	351	31519	62540	0.00569676	0.31519	0.985193
6	149400000	149500000	58190	334	49105	58703	0.00573982	0.49105	0.991261
6	149500000	149600000	61128	434	45135	61813	0.00709986	0.45135	0.988918
6	149600000	149700000	54977	271	46611	59754	0.00492933	0.46611	0.920056
6	149700000	149800000	51162	462	50199	54714	0.00903014	0.50199	0.935081
6	149800000	149900000	40286	174	60793	42900	0.00431912	0.60793	0.939068
6	149900000	150000000	32616	139	63588	38819	0.00426171	0.63588	0.840207
6	150000000	150100000	36736	151	60442	38199	0.00411041	0.60442	0.961701
6	150100000	150200000	39374	221	52148	46954	0.00561284	0.52148	0.838565
6	150200000	150300000	1774	136	41962	29843	0.0766629	0.41962	0.0594444
6	150300000	150400000	17867	187	43103	27451	0.0104662	0.43103	0.650869
6	150400000	150500000	52788	359	52847	53807	0.00680079	0.52847	0.981062
6	150500000	150600000	57693	317	42263	61180	0.0054946	0.42263	0.943004
6	150600000	150700000	56958	442	48765	57989	0.0077601	0.48765	0.982221
6	150700000	150800000	55880	405	51578	56404	0.00724767	0.51578	0.99071
6	150800000	150900000	52677	343	48947	59089	0.00651138	0.48947	0.891486
6	150900000	151000000	57671	364	30775	63934	0.00631166	0.30775	0.90204
6	151000000	151100000	56910	328	36566	57755	0.00576349	0.36566	0.985369
6	151100000	151200000	40633	272	53019	41813	0.00669407	0.53019	0.971779
6	151200000	151300000	49840	327	43638	50444	0.006561	0.43638	0.988026
6	151300000	151400000	46989	313	42377	48013	0.00666113	0.42377	0.978672
6	151400000	151500000	45856	318	50330	46558	0.00693475	0.5033	0.984922
6	151500000	151600000	41051	218	56533	41624	0.00531047	0.56533	0.986234
6	151600000	151700000	51143	346	38702	51729	0.00676534	0.38702	0.988672
6	151700000	151800000	46167	207	47213	47667	0.00448372	0.47213	0.968532
6	151800000	151900000	44035	307	63868	46116	0.00697173	0.63868	0.954875
6	151900000	152000000	50456	253	55600	51030	0.00501427	0.556	0.988752
6	152000000	152100000	54053	317	41520	55223	0.00586461	0.4152	0.978813
6	152100000	152200000	56430	319	39236	57374	0.00565302	0.39236	0.983547
6	152200000	152300000	51575	342	52745	52286	0.00663112	0.52745	0.986402
6	152300000	152400000	55884	350	43785	56430	0.00626297	0.43785	0.990324
6	152400000	152500000	61238	330	33975	61737	0.00538881	0.33975	0.991917
6	152500000	152600000	54587	320	40798	55428	0.0058622	0.40798	0.984827
6	152600000	152700000	58148	346	36100	59339	0.00595033	0.361	0.979929
6	152700000	152800000	64218	396	29592	65502	0.0061665	0.29592	0.980398
6	152800000	152900000	55914	364	45018	56833	0.00651	0.45018	0.98383
6	152900000	153000000	51818	358	51779	54191	0.0069088	0.51779	0.95621
6	153000000	153100000	57239	304	48479	57757	0.00531106	0.48479	0.991031
6	153100000	153200000	57757	378	49701	58376	0.00654466	0.49701	0.989396
6	153200000	153300000	50533	347	54910	51233	0.0068668	0.5491	0.986337
6	153300000	153400000	53084	291	43080	53609	0.00548188	0.4308	0.990207
6	153400000	153500000	55704	362	50321	56406	0.00649864	0.50321	0.987555
6	153500000	153600000	60886	378	47833	61765	0.00620832	0.47833	0.985769
6	153600000	153700000	58569	396	53895	59119	0.00676126	0.53895	0.990697
6	153700000	153800000	34761	299	68323	36402	0.00860159	0.68323	0.95492
6	153800000	153900000	52455	413	66677	53027	0.00787342	0.66677	0.989213
6	153900000	154000000	56872	424	45626	59893	0.00745534	0.45626	0.94956
6	154000000	154100000	53219	387	53251	53887	0.00727184	0.53251	0.987604
6	154100000	154200000	52991	363	57682	54209	0.00685022	0.57682	0.977531
6	154200000	154300000	45279	294	61628	45989	0.00649308	0.61628	0.984562
6	154300000	154400000	51003	354	59562	52572	0.00694077	0.59562	0.970155
6	154400000	154500000	55544	388	47253	56112	0.00698545	0.47253	0.989877
6	154500000	154600000	57482	340	43489	57999	0.0059149	0.43489	0.991086
6	154600000	154700000	44152	336	57752	45777	0.00761007	0.57752	0.964502
6	154700000	154800000	50606	344	42155	52934	0.00679761	0.42155	0.956021
6	154800000	154900000	51362	268	44706	52580	0.00521787	0.44706	0.976835
6	154900000	155000000	51973	330	53592	52557	0.00634945	0.53592	0.988888
6	155000000	155100000	43423	223	57463	43781	0.00513553	0.57463	0.991823
6	155100000	155200000	54640	261	36482	55090	0.00477672	0.36482	0.991832
6	155200000	155300000	49304	324	43446	51169	0.00657147	0.43446	0.963552
6	155300000	155400000	43145	280	49742	46225	0.00648974	0.49742	0.933369
6	155400000	155500000	49600	318	41523	50359	0.00641129	0.41523	0.984928
6	155500000	155600000	58687	390	28894	59377	0.00664542	0.28894	0.988379
6	155600000	155700000	52501	310	55614	53022	0.00590465	0.55614	0.990174
6	155700000	155800000	64530	393	35870	65104	0.00609019	0.3587	0.991183
6	155800000	155900000	62843	348	51367	63510	0.00553761	0.51367	0.989498
6	155900000	156000000	60832	358	46175	62439	0.00588506	0.46175	0.974263
6	156000000	156100000	54212	355	49533	56883	0.00654837	0.49533	0.953044
6	156100000	156200000	56751	371	57430	57482	0.00653733	0.5743	0.987283
6	156200000	156300000	62481	384	43362	63086	0.00614587	0.43362	0.99041
6	156300000	156400000	57526	366	47096	58608	0.00636234	0.47096	0.981538
6	156400000	156500000	58631	404	47543	59935	0.00689055	0.47543	0.978243
6	156500000	156600000	51326	384	58584	51875	0.00748159	0.58584	0.989417
6	156600000	156700000	53255	357	54174	53781	0.0067036	0.54174	0.99022
6	156700000	156800000	63312	364	39107	64612	0.00574931	0.39107	0.97988
6	156800000	156900000	59192	425	46506	60187	0.00718002	0.46506	0.983468
6	156900000	157000000	46209	339	61908	48857	0.00733623	0.61908	0.945801
6	157000000	157100000	52023	257	47596	53310	0.00494012	0.47596	0.975858
6	157100000	157200000	51526	265	27904	63544	0.00514303	0.27904	0.810871
6	157200000	157300000	60849	379	30866	61393	0.00622853	0.30866	0.991139
6	157300000	157400000	62275	299	27464	62886	0.00480128	0.27464	0.990284
6	157400000	157500000	67080	405	23246	67691	0.00603757	0.23246	0.990974
6	157500000	157600000	37532	262	12109	39627	0.00698071	0.12109	0.947132
6	157600000	157700000	6367	56	15362	24577	0.00879535	0.15362	0.259063
6	157700000	157800000	38366	335	44748	50947	0.00873169	0.44748	0.753057
6	157800000	157900000	56613	364	35988	58320	0.00642962	0.35988	0.97073
6	157900000	158000000	61150	410	35355	62225	0.00670482	0.35355	0.982724
6	158000000	158100000	58067	472	36485	60975	0.00812854	0.36485	0.952308
6	158100000	158200000	45041	348	54330	48823	0.00772629	0.5433	0.922537
6	158200000	158300000	54600	250	53667	55205	0.00457875	0.53667	0.989041
6	158300000	158400000	56561	365	47163	57347	0.00645321	0.47163	0.986294
6	158400000	158500000	56387	462	38811	57361	0.00819338	0.38811	0.98302
6	158500000	158600000	46371	272	52207	51591	0.00586574	0.52207	0.89882
6	158600000	158700000	31936	151	56150	40365	0.00472821	0.5615	0.79118
6	158700000	158800000	44485	206	55862	48298	0.00463077	0.55862	0.921053
6	158800000	158900000	51088	279	46480	52147	0.00546117	0.4648	0.979692
6	158900000	159000000	51623	372	48868	53740	0.00720609	0.48868	0.960607
6	159000000	159100000	47209	331	47091	49115	0.00701137	0.47091	0.961193
6	159100000	159200000	46380	333	49574	48504	0.00717982	0.49574	0.95621
6	159200000	159300000	49641	278	46563	50610	0.00560021	0.46563	0.980854
6	159300000	159400000	39675	211	69234	40447	0.00531821	0.69234	0.980913
6	159400000	159500000	56889	325	48133	57770	0.00571288	0.48133	0.98475
6	159500000	159600000	61480	424	40507	63193	0.00689655	0.40507	0.972893
6	159600000	159700000	65371	433	24427	66425	0.00662373	0.24427	0.984132
6	159700000	159800000	53876	453	54936	54456	0.0084082	0.54936	0.989349
6	159800000	159900000	60973	478	42567	61636	0.00783954	0.42567	0.989243
6	159900000	160000000	54915	367	52196	55404	0.00668306	0.52196	0.991174
6	160000000	160100000	44739	301	60342	47352	0.00672791	0.60342	0.944818
6	160100000	160200000	43264	205	45424	43821	0.00473835	0.45424	0.987289
6	160200000	160300000	51684	350	50249	52296	0.00677192	0.50249	0.988297
6	160300000	160400000	58042	348	50028	60283	0.00599566	0.50028	0.962825
6	160400000	160500000	60007	327	36908	61749	0.00544936	0.36908	0.971789
6	160500000	160600000	54489	390	38738	57352	0.00715741	0.38738	0.95008
6	160600000	160700000	42256	260	64871	45103	0.00615297	0.64871	0.936878
6	160700000	160800000	53128	380	53113	54450	0.00715254	0.53113	0.975721
6	160800000	160900000	50931	401	37762	52110	0.0078734	0.37762	0.977375
6	160900000	161000000	19523	273	61215	27570	0.0139835	0.61215	0.708125
6	161000000	161100000	21787	210	50422	24836	0.00963878	0.50422	0.877235
6	161100000	161200000	26920	203	52099	28003	0.00754086	0.52099	0.961326
6	161200000	161300000	16580	194	46691	20486	0.0117008	0.46691	0.809333
6	161300000	161400000	42378	333	57520	43036	0.00785785	0.5752	0.98471
6	161400000	161500000	57515	331	42867	59191	0.00575502	0.42867	0.971685
6	161500000	161600000	58419	354	34244	60161	0.00605967	0.34244	0.971044
6	161600000	161700000	56766	387	37239	58489	0.00681746	0.37239	0.970541
6	161700000	161800000	40231	250	62672	44048	0.00621411	0.62672	0.913345
6	161800000	161900000	58412	400	41260	60542	0.00684791	0.4126	0.964818
6	161900000	162000000	59963	436	38647	64019	0.00727115	0.38647	0.936644
6	162000000	162100000	62464	477	34233	63225	0.0076364	0.34233	0.987964
6	162100000	162200000	61931	448	34260	62891	0.00723386	0.3426	0.984735
6	162200000	162300000	60358	460	42549	60979	0.00762119	0.42549	0.989816
6	162300000	162400000	52668	436	42424	55000	0.00827827	0.42424	0.9576
6	162400000	162500000	55373	431	46387	56159	0.00778358	0.46387	0.986004
6	162500000	162600000	61995	462	39907	62816	0.00745221	0.39907	0.98693
6	162600000	162700000	61853	564	34270	62544	0.00911839	0.3427	0.988952
6	162700000	162800000	57086	427	43209	60508	0.00747994	0.43209	0.943445
6	162800000	162900000	59107	396	44626	60164	0.00669971	0.44626	0.982431
6	162900000	163000000	47188	310	41417	52662	0.00656947	0.41417	0.896054
6	163000000	163100000	49725	340	36643	59709	0.00683761	0.36643	0.832789
6	163100000	163200000	60995	354	39457	62691	0.00580375	0.39457	0.972947
6	163200000	163300000	61451	409	42233	62055	0.00665571	0.42233	0.990267
6	163300000	163400000	51858	257	52606	57331	0.00495584	0.52606	0.904537
6	163400000	163500000	48142	357	59290	48627	0.00741556	0.5929	0.990026
6	163500000	163600000	67962	498	29664	68959	0.00732762	0.29664	0.985542
6	163600000	163700000	60332	378	34847	62160	0.00626533	0.34847	0.970592
6	163700000	163800000	61941	454	29506	62886	0.00732956	0.29506	0.984973
6	163800000	163900000	59061	315	36010	60092	0.00533347	0.3601	0.982843
6	163900000	164000000	58510	285	38532	59164	0.00487096	0.38532	0.988946
6	164000000	164100000	57922	448	41215	59180	0.00773454	0.41215	0.978743
6	164100000	164200000	65977	422	36438	67418	0.00639617	0.36438	0.978626
6	164200000	164300000	60670	340	46817	61713	0.00560409	0.46817	0.983099
6	164300000	164400000	61530	433	39196	62294	0.00703722	0.39196	0.987736
6	164400000	164500000	59321	421	38900	60360	0.00709698	0.389	0.982787
6	164500000	164600000	60851	413	42670	62378	0.00678707	0.4267	0.97552
6	164600000	164700000	61398	487	44215	62797	0.00793185	0.44215	0.977722
6	164700000	164800000	54356	357	58613	54924	0.00656781	0.58613	0.989658
6	164800000	164900000	62136	410	55021	62990	0.00659843	0.55021	0.986442
6	164900000	165000000	52824	355	53880	53391	0.00672043	0.5388	0.98938
6	165000000	165100000	46072	268	58994	59544	0.00581698	0.58994	0.773747
6	165100000	165200000	51628	433	64364	52160	0.00838692	0.64364	0.989801
6	165200000	165300000	54029	417	60401	55559	0.00771808	0.60401	0.972462
6	165300000	165400000	52853	397	55561	54290	0.0075114	0.55561	0.973531
6	165400000	165500000	53223	449	65369	56929	0.0084362	0.65369	0.934901
6	165500000	165600000	55262	398	55906	58276	0.00720206	0.55906	0.948281
6	165600000	165700000	57027	391	52018	57611	0.0068564	0.52018	0.989863
6	165700000	165800000	51822	352	47730	52385	0.00679248	0.4773	0.989253
6	165800000	165900000	59956	470	52183	60699	0.00783908	0.52183	0.987759
6	165900000	166000000	50967	353	57417	52105	0.00692605	0.57417	0.978159
6	166000000	166100000	58435	399	34854	61666	0.0068281	0.34854	0.947605
6	166100000	166200000	62290	455	38698	63176	0.00730454	0.38698	0.985976
6	166200000	166300000	61855	372	31623	63564	0.00601407	0.31623	0.973114
6	166300000	166400000	65463	459	30590	67800	0.00701159	0.3059	0.965531
6	166400000	166500000	58133	428	55191	58813	0.00736243	0.55191	0.988438
6	166500000	166600000	51915	383	57158	52610	0.00737744	0.57158	0.98679
6	166600000	166700000	54176	445	42837	55195	0.00821397	0.42837	0.981538
6	166700000	166800000	48234	360	43589	50909	0.00746361	0.43589	0.947455
6	166800000	166900000	56700	393	35640	58180	0.00693122	0.3564	0.974562
6	166900000	167000000	62822	425	26633	63648	0.00676515	0.26633	0.987022
6	167000000	167100000	52773	357	27849	66697	0.00676482	0.27849	0.791235
6	167100000	167200000	63566	532	26222	65336	0.00836925	0.26222	0.972909
6	167200000	167300000	52218	367	53736	53476	0.00702823	0.53736	0.976475
6	167300000	167400000	39786	275	56028	42970	0.00691198	0.56028	0.925902
6	167400000	167500000	47446	279	54980	48067	0.00588037	0.5498	0.987081
6	167500000	167600000	52704	435	34620	53784	0.00825364	0.3462	0.97992
6	167600000	167700000	14408	161	48019	28492	0.0111743	0.48019	0.505686
6	167700000	167800000	29746	313	33022	31871	0.0105224	0.33022	0.933325
6	167800000	167900000	10002	110	37613	55118	0.0109978	0.37613	0.181465
6	167900000	168000000	6015	42	16361	26338	0.00698254	0.16361	0.228377
6	168000000	168100000	0	0	17767	34443		0.17767	0
6	168100000	168200000	57274	493	34697	61694	0.00860775	0.34697	0.928356
6	168200000	168300000	60805	436	34441	61464	0.00717046	0.34441	0.989278
6	168300000	168400000	63532	439	24228	65837	0.0069099	0.24228	0.964989
6	168400000	168500000	56610	517	29291	60073	0.00913266	0.29291	0.942353
6	168500000	168600000	54259	539	39592	58922	0.00993384	0.39592	0.920861
6	168600000	168700000	41755	411	31754	58615	0.00984313	0.31754	0.71236
6	168700000	168800000	53616	409	29423	57802	0.00762832	0.29423	0.92758
6	168800000	168900000	55636	402	36329	60094	0.00722554	0.36329	0.925816
6	168900000	169000000	55524	453	20730	57460	0.00815863	0.2073	0.966307
6	169000000	169100000	54886	605	26261	58354	0.0110228	0.26261	0.94057
6	169100000	169200000	55325	476	43022	58395	0.00860371	0.43022	0.947427
6	169200000	169300000	56889	502	37611	58813	0.0088242	0.37611	0.967286
6	169300000	169400000	55867	440	45512	59050	0.00787585	0.45512	0.946097
6	169400000	169500000	54714	389	47787	55353	0.0071097	0.47787	0.988456
6	169500000	169600000	48202	366	51054	49439	0.00759305	0.51054	0.974979
6	169600000	169700000	55166	334	40161	58765	0.00605445	0.40161	0.938756
6	169700000	169800000	42451	302	57669	46715	0.00711408	0.57669	0.908723
6	169800000	169900000	54034	410	55935	54912	0.00758782	0.55935	0.984011
6	169900000	170000000	53895	406	56855	57194	0.00753317	0.56855	0.942319
6	170000000	170100000	47387	338	45597	48691	0.00713276	0.45597	0.973219
6	170100000	170200000	57282	381	40007	58355	0.0066513	0.40007	0.981613
6	170200000	170300000	33039	330	37383	36596	0.0099882	0.37383	0.902804
6	170300000	170400000	36024	296	21911	41716	0.00821674	0.21911	0.863554
6	170400000	170500000	42779	360	26278	55393	0.00841534	0.26278	0.772282
6	170500000	170600000	57239	453	24240	59068	0.00791418	0.2424	0.969036
6	170600000	170700000	53284	290	42054	53849	0.00544253	0.42054	0.989508
6	170700000	170800000	59050	498	32526	60752	0.00843353	0.32526	0.971984
6	170800000	170900000	47803	256	42006	51874	0.00535531	0.42006	0.921521
6	170900000	171000000	0	0	68599	2632		0.68599	0
6	171000000	171100000	0	0	27604	0		0.27604	
6	171100000	171200000	0	0	0	0		0	
