chrom	start	end	anc_valid_bp	hum_sub	repeat_bp	mask_bp	sub_rate	repeat_frac	anc_cov
6	0	50000	0	0	0	0		0	
6	50000	100000	0	0	34019	0		0.68038	
6	100000	150000	0	0	25361	0		0.50722	
6	150000	200000	0	0	23176	0		0.46352	
6	200000	250000	26735	271	22747	27208	0.0101365	0.45494	0.982615
6	250000	300000	6366	42	27367	6428	0.00659755	0.54734	0.990355
6	300000	350000	55	0	9121	56	0	0.18242	0.982143
6	350000	400000	11459	99	11538	11576	0.0086395	0.23076	0.989893
6	400000	450000	31112	196	17426	31846	0.00629982	0.34852	0.976952
6	450000	500000	28120	226	26073	28956	0.00803698	0.52146	0.971129
6	500000	550000	28668	216	17086	29218	0.00753453	0.34172	0.981176
6	550000	600000	31724	198	13424	32561	0.00624133	0.26848	0.974294
6	600000	650000	31478	198	15317	31859	0.00629011	0.30634	0.988041
6	650000	700000	21752	147	25287	23101	0.006758	0.50574	0.941604
6	700000	750000	29206	226	17552	30108	0.00773814	0.35104	0.970041
6	750000	800000	28307	278	22668	29797	0.00982089	0.45336	0.949995
6	800000	850000	29771	221	23012	30136	0.00742333	0.46024	0.987888
6	850000	900000	27909	271	15673	29510	0.00971013	0.31346	0.945747
6	900000	950000	27449	248	24779	28167	0.00903494	0.49558	0.974509
6	950000	1000000	26799	228	24167	27800	0.00850778	0.48334	0.963993
6	1000000	1050000	27543	196	20611	31589	0.00711615	0.41222	0.871917
6	1050000	1100000	30866	221	18851	31261	0.00715998	0.37702	0.987364
6	1100000	1150000	31353	278	17282	31958	0.00886678	0.34564	0.981069
6	1150000	1200000	30933	212	20056	31260	0.00685352	0.40112	0.989539
6	1200000	1250000	31678	273	16279	32230	0.00861797	0.32558	0.982873
6	1250000	1300000	30852	326	22218	31217	0.0105666	0.44436	0.988308
6	1300000	1350000	25558	203	21615	26155	0.00794272	0.4323	0.977175
6	1350000	1400000	27257	231	21168	27545	0.00847489	0.42336	0.989544
6	1400000	1450000	12707	110	28531	25376	0.00865665	0.57062	0.500749
6	1450000	1500000	24949	167	32144	26705	0.00669366	0.64288	0.934245
6	1500000	1550000	26216	163	23230	28853	0.00621758	0.4646	0.908606
6	1550000	1600000	30129	250	22719	30610	0.00829765	0.45438	0.984286
6	1600000	1650000	29159	189	5215	31036	0.0064817	0.1043	0.939522
6	1650000	1700000	27628	191	19313	28771	0.00691328	0.38626	0.960272
6	1700000	1750000	33178	216	10920	34133	0.00651034	0.2184	0.972021
6	1750000	1800000	30004	189	15785	30508	0.00629916	0.3157	0.98348
6	1800000	1850000	31268	170	13105	31618	0.00543687	0.2621	0.98893
6	1850000	1900000	30845	191	10818	32472	0.00619225	0.21636	0.949895
6	1900000	1950000	31701	218	13809	32104	0.00687675	0.27618	0.987447
6	1950000	2000000	28541	209	20682	28862	0.0073228	0.41364	0.988878
6	2000000	2050000	29856	189	23023	31510	0.00633039	0.46046	0.947509
6	2050000	2100000	26318	219	25333	26594	0.0083213	0.50666	0.989622
6	2100000	2150000	31932	245	11700	32255	0.00767255	0.234	0.989986
6	2150000	2200000	29963	172	20951	30260	0.00574041	0.41902	0.990185
6	2200000	2250000	29835	180	18509	30096	0.00603318	0.37018	0.991328
6	2250000	2300000	22376	97	37093	22572	0.004335	0.74186	0.991317
6	2300000	2350000	13270	105	42604	14987	0.00791258	0.85208	0.885434
6	2350000	2400000	29470	219	17204	30925	0.00743129	0.34408	0.952951
6	2400000	2450000	26676	159	27035	26860	0.00596041	0.5407	0.99315
6	2450000	2500000	31566	238	20995	31887	0.00753976	0.4199	0.989933
6	2500000	2550000	31341	248	22830	31681	0.00791296	0.4566	0.989268
6	2550000	2600000	24897	180	30534	25196	0.00722979	0.61068	0.988133
6	2600000	2650000	31461	182	21154	31900	0.00578494	0.42308	0.986238
6	2650000	2700000	30167	219	18441	30488	0.00725959	0.36882	0.989471
6	2700000	2750000	32115	193	15079	32497	0.00600965	0.30158	0.988245
6	2750000	2800000	32153	276	15960	32521	0.00858396	0.3192	0.988684
6	2800000	2850000	27674	215	31315	29121	0.00776903	0.6263	0.950311
6	2850000	2900000	21852	163	28128	22251	0.00745927	0.56256	0.982068
6	2900000	2950000	17956	140	30971	20251	0.00779684	0.61942	0.886672
6	2950000	3000000	23412	150	26384	23935	0.00640697	0.52768	0.978149
6	3000000	3050000	21521	161	29589	21804	0.00748107	0.59178	0.987021
6	3050000	3100000	20438	126	27183	20930	0.00616499	0.54366	0.976493
6	3100000	3150000	24984	182	23219	26081	0.00728466	0.46438	0.957939
6	3150000	3200000	17050	86	27409	19898	0.00504399	0.54818	0.85687
6	3200000	3250000	25782	179	22549	26285	0.00694283	0.45098	0.980864
6	3250000	3300000	32251	317	14683	33589	0.00982915	0.29366	0.960166
6	3300000	3350000	30886	209	15607	31378	0.00676682	0.31214	0.98432
6	3350000	3400000	31667	237	16141	33462	0.00748413	0.32282	0.946357
6	3400000	3450000	31307	175	16974	31914	0.0055898	0.33948	0.98098
6	3450000	3500000	28299	210	23298	28828	0.00742076	0.46596	0.98165
6	3500000	3550000	31000	255	21910	32798	0.00822581	0.4382	0.94518
6	3550000	3600000	30420	242	25248	30905	0.00795529	0.50496	0.984307
6	3600000	3650000	28065	202	25441	28874	0.00719758	0.50882	0.971982
6	3650000	3700000	28415	204	26587	29000	0.00717931	0.53174	0.979828
6	3700000	3750000	32927	299	17207	33511	0.00908069	0.34414	0.982573
6	3750000	3800000	26018	205	21877	28420	0.00787916	0.43754	0.915482
6	3800000	3850000	28469	239	25063	28825	0.0083951	0.50126	0.98765
6	3850000	3900000	29514	240	27068	29881	0.00813173	0.54136	0.987718
6	3900000	3950000	21526	175	27429	24188	0.0081297	0.54858	0.889945
6	3950000	4000000	20601	141	32839	23049	0.00684433	0.65678	0.893791
6	4000000	4050000	26183	178	25157	26575	0.0067983	0.50314	0.985249
6	4050000	4100000	24189	166	18434	24486	0.00686262	0.36868	0.987871
6	4100000	4150000	26052	166	28469	26318	0.00637187	0.56938	0.989893
6	4150000	4200000	25945	175	30844	26180	0.00674504	0.61688	0.991024
6	4200000	4250000	13863	72	38868	15202	0.00519368	0.77736	0.911919
6	4250000	4300000	27550	189	26096	28572	0.00686025	0.52192	0.964231
6	4300000	4350000	26312	178	32028	27501	0.00676497	0.64056	0.956765
6	4350000	4400000	30722	214	24059	31131	0.00696569	0.48118	0.986862
6	4400000	4450000	24792	169	35142	25247	0.00681672	0.70284	0.981978
6	4450000	4500000	31210	254	23203	31702	0.00813842	0.46406	0.98448
6	4500000	4550000	23598	175	36500	25530	0.00741588	0.73	0.924324
6	4550000	4600000	27047	209	23087	28091	0.00772729	0.46174	0.962835
6	4600000	4650000	26533	192	26138	26985	0.00723627	0.52276	0.98325
6	4650000	4700000	28861	231	30390	29211	0.00800388	0.6078	0.988018
6	4700000	4750000	22324	183	25446	22546	0.00819746	0.50892	0.990153
6	4750000	4800000	25076	154	24879	28159	0.00614133	0.49758	0.890515
6	4800000	4850000	22344	148	32927	22582	0.0066237	0.65854	0.989461
6	4850000	4900000	29949	147	28430	30369	0.00490834	0.5686	0.98617
6	4900000	4950000	33766	206	14209	34123	0.00610081	0.28418	0.989538
6	4950000	5000000	25273	180	26351	26096	0.00712223	0.52702	0.968463
6	5000000	5050000	19011	150	26945	20499	0.00789017	0.5389	0.927411
6	5050000	5100000	26936	178	25602	27178	0.00660826	0.51204	0.991096
6	5100000	5150000	30159	278	17858	32430	0.00921781	0.35716	0.929972
6	5150000	5200000	29618	210	17207	30933	0.00709028	0.34414	0.957489
6	5200000	5250000	31974	233	16082	32302	0.00728717	0.32164	0.989846
6	5250000	5300000	27580	141	21574	27999	0.0051124	0.43148	0.985035
6	5300000	5350000	30848	180	19273	31296	0.00583506	0.38546	0.985685
6	5350000	5400000	31616	187	21416	31906	0.00591473	0.42832	0.990911
6	5400000	5450000	28079	155	27538	28400	0.00552014	0.55076	0.988697
6	5450000	5500000	33843	282	17780	34222	0.00833259	0.3556	0.988925
6	5500000	5550000	29272	212	22037	31071	0.00724242	0.44074	0.9421
6	5550000	5600000	22355	203	23449	22653	0.00908074	0.46898	0.986845
6	5600000	5650000	32021	219	16109	32407	0.00683926	0.32218	0.988089
6	5650000	5700000	24185	170	19040	26238	0.00702915	0.3808	0.921755
6	5700000	5750000	25150	174	17880	26306	0.00691849	0.3576	0.956056
6	5750000	5800000	24615	177	24214	25589	0.00719074	0.48428	0.961937
6	5800000	5850000	8601	147	22667	8954	0.017091	0.45334	0.960576
6	5850000	5900000	21555	179	31863	21797	0.00830434	0.63726	0.988898
6	5900000	5950000	28268	193	27541	28516	0.00682751	0.55082	0.991303
6	5950000	6000000	31042	218	15680	31501	0.00702274	0.3136	0.985429
6	6000000	6050000	25856	146	24779	26146	0.00564666	0.49558	0.988908
6	6050000	6100000	23481	142	30646	24381	0.00604744	0.61292	0.963086
6	6100000	6150000	20497	159	36312	20978	0.00775723	0.72624	0.977071
6	6150000	6200000	30487	223	18795	30821	0.00731459	0.3759	0.989163
6	6200000	6250000	26705	172	25116	27422	0.00644074	0.50232	0.973853
6	6250000	6300000	27775	144	22644	28191	0.00518452	0.45288	0.985244
6	6300000	6350000	30788	198	18910	31265	0.00643108	0.3782	0.984743
6	6350000	6400000	30366	206	21507	30648	0.0067839	0.43014	0.990799
6	6400000	6450000	25807	174	35019	27951	0.00674236	0.70038	0.923294
6	6450000	6500000	29313	160	20068	30819	0.00545833	0.40136	0.951134
6	6500000	6550000	31189	223	22574	31607	0.00714996	0.45148	0.986775
6	6550000	6600000	31349	283	23968	31938	0.0090274	0.47936	0.981558
6	6600000	6650000	30129	229	21866	31222	0.00760065	0.43732	0.964993
6	6650000	6700000	26678	212	24140	28526	0.00794662	0.4828	0.935217
6	6700000	6750000	29809	295	17860	31390	0.00989634	0.3572	0.949634
6	6750000	6800000	26516	165	25103	27071	0.00622266	0.50206	0.979498
6	6800000	6850000	29132	228	20165	30113	0.00782645	0.4033	0.967423
6	6850000	6900000	26666	230	27722	28224	0.00862522	0.55444	0.944799
6	6900000	6950000	26047	191	22209	27338	0.0073329	0.44418	0.952776
6	6950000	7000000	26480	190	26788	26790	0.00717523	0.53576	0.988429
6	7000000	7050000	21283	157	29166	21957	0.00737678	0.58332	0.969304
6	7050000	7100000	18020	93	27623	20315	0.00516093	0.55246	0.887029
6	7100000	7150000	26363	163	14295	27238	0.00618291	0.2859	0.967876
6	7150000	7200000	29807	162	14212	30079	0.00543496	0.28424	0.990957
6	7200000	7250000	32961	164	11074	33252	0.00497558	0.22148	0.991249
6	7250000	7300000	25807	159	17498	26613	0.00616112	0.34996	0.969714
6	7300000	7350000	21407	130	27319	21796	0.00607278	0.54638	0.982153
6	7350000	7400000	23111	122	26842	23541	0.00527887	0.53684	0.981734
6	7400000	7450000	18010	132	27031	22738	0.00732926	0.54062	0.792066
6	7450000	7500000	18551	134	33589	18949	0.00722333	0.67178	0.978996
6	7500000	7550000	25733	171	18759	25992	0.00664516	0.37518	0.990035
6	7550000	7600000	29925	171	13496	30152	0.00571429	0.26992	0.992471
6	7600000	7650000	30137	212	22163	30541	0.00703454	0.44326	0.986772
6	7650000	7700000	27936	226	27165	28288	0.00808992	0.5433	0.987557
6	7700000	7750000	29897	212	20373	30241	0.00709101	0.40746	0.988625
6	7750000	7800000	31079	200	17943	31977	0.00643521	0.35886	0.971917
6	7800000	7850000	31092	201	15598	31455	0.00646469	0.31196	0.98846
6	7850000	7900000	31577	161	13941	31887	0.00509865	0.27882	0.990278
6	7900000	7950000	20567	122	31457	23857	0.00593183	0.62914	0.862095
6	7950000	8000000	25859	161	24158	26698	0.00622607	0.48316	0.968574
6	8000000	8050000	22578	142	29997	22872	0.00628931	0.59994	0.987146
6	8050000	8100000	25464	169	23617	25781	0.00663682	0.47234	0.987704
6	8100000	8150000	27361	185	24213	27626	0.00676145	0.48426	0.990408
6	8150000	8200000	26553	196	26902	26796	0.00738146	0.53804	0.990931
6	8200000	8250000	27732	173	20647	28038	0.00623828	0.41294	0.989086
6	8250000	8300000	28748	189	24604	30131	0.00657437	0.49208	0.9541
6	8300000	8350000	23299	137	29627	23826	0.00588008	0.59254	0.977881
6	8350000	8400000	29149	200	24729	30876	0.0068613	0.49458	0.944067
6	8400000	8450000	24959	101	25881	25226	0.00404664	0.51762	0.989416
6	8450000	8500000	26644	123	33235	26874	0.00461642	0.6647	0.991442
6	8500000	8550000	30530	161	23717	30795	0.0052735	0.47434	0.991395
6	8550000	8600000	26213	174	24741	26462	0.00663793	0.49482	0.99059
6	8600000	8650000	23550	122	23783	25674	0.00518047	0.47566	0.91727
6	8650000	8700000	28698	172	22268	29151	0.00599345	0.44536	0.98446
6	8700000	8750000	31619	204	19895	31932	0.00645182	0.3979	0.990198
6	8750000	8800000	26709	162	20234	26969	0.00606537	0.40468	0.990359
6	8800000	8850000	31524	230	14699	31796	0.00729603	0.29398	0.991445
6	8850000	8900000	31279	236	16683	31574	0.007545	0.33366	0.990657
6	8900000	8950000	29651	224	16329	30000	0.00755455	0.32658	0.988367
6	8950000	9000000	28423	189	24976	28807	0.00664954	0.49952	0.98667
6	9000000	9050000	27327	242	25230	28072	0.00885571	0.5046	0.973461
6	9050000	9100000	33374	199	15594	33746	0.00596273	0.31188	0.988976
6	9100000	9150000	27772	188	24706	29423	0.00676941	0.49412	0.943887
6	9150000	9200000	28631	215	31941	29853	0.00750934	0.63882	0.959066
6	9200000	9250000	29317	176	23902	29595	0.00600334	0.47804	0.990607
6	9250000	9300000	25396	161	21803	26637	0.00633958	0.43606	0.953411
6	9300000	9350000	31747	191	17709	32106	0.00601632	0.35418	0.988818
6	9350000	9400000	30284	215	23923	30589	0.00709946	0.47846	0.990029
6	9400000	9450000	28614	179	21523	28904	0.00625568	0.43046	0.989967
6	9450000	9500000	30134	212	17660	31507	0.00703524	0.3532	0.956422
6	9500000	9550000	29573	213	20471	29836	0.00720252	0.40942	0.991185
6	9550000	9600000	28871	170	22016	29142	0.00588826	0.44032	0.990701
6	9600000	9650000	29981	172	19111	30291	0.00573697	0.38222	0.989766
6	9650000	9700000	27016	177	20167	27260	0.00655167	0.40334	0.991049
6	9700000	9750000	27340	157	23645	27608	0.0057425	0.4729	0.990293
6	9750000	9800000	32087	186	20286	32398	0.00579674	0.40572	0.990401
6	9800000	9850000	29491	172	21810	29766	0.00583229	0.4362	0.990761
6	9850000	9900000	21547	141	36064	21742	0.00654383	0.72128	0.991031
6	9900000	9950000	27778	175	20690	28032	0.00629995	0.4138	0.990939
6	9950000	10000000	25839	163	26050	26043	0.00630829	0.521	0.992167
6	10000000	10050000	30110	175	19063	30425	0.00581202	0.38126	0.989647
6	10050000	10100000	28213	154	21312	28515	0.00545848	0.42624	0.989409
6	10100000	10150000	29064	185	25089	29607	0.00636526	0.50178	0.98166
6	10150000	10200000	31589	190	20157	32247	0.00601475	0.40314	0.979595
6	10200000	10250000	28060	167	23895	28397	0.00595153	0.4779	0.988133
6	10250000	10300000	24473	160	28653	24989	0.00653782	0.57306	0.979351
6	10300000	10350000	24889	157	20507	26175	0.00630801	0.41014	0.950869
6	10350000	10400000	26638	120	16624	27230	0.00450484	0.33248	0.978259
6	10400000	10450000	28099	143	13596	28398	0.00508915	0.27192	0.989471
6	10450000	10500000	19583	244	35442	22837	0.0124598	0.70884	0.857512
6	10500000	10550000	23117	190	26867	23687	0.00821906	0.53734	0.975936
6	10550000	10600000	26081	178	19988	26581	0.00682489	0.39976	0.98119
6	10600000	10650000	22476	128	28361	24848	0.00569496	0.56722	0.90454
6	10650000	10700000	17278	120	31155	17808	0.00694525	0.6231	0.970238
6	10700000	10750000	17046	136	30080	17233	0.00797841	0.6016	0.989149
6	10750000	10800000	21005	113	22938	21235	0.00537967	0.45876	0.989169
6	10800000	10850000	22422	160	26916	22672	0.00713585	0.53832	0.988973
6	10850000	10900000	23434	199	26442	23678	0.00849193	0.52884	0.989695
6	10900000	10950000	19824	144	31097	20090	0.00726392	0.62194	0.98676
6	10950000	11000000	25839	143	24415	26221	0.00553427	0.4883	0.985432
6	11000000	11050000	30728	154	17858	30956	0.00501172	0.35716	0.992635
6	11050000	11100000	21548	113	31939	22672	0.00524411	0.63878	0.950423
6	11100000	11150000	22590	120	34329	23575	0.00531208	0.68658	0.958218
6	11150000	11200000	28695	175	25061	30193	0.00609862	0.50122	0.950386
6	11200000	11250000	33222	182	11231	33606	0.0054783	0.22462	0.988573
6	11250000	11300000	31351	145	19378	31622	0.00462505	0.38756	0.99143
6	11300000	11350000	26599	184	25677	26863	0.00691755	0.51354	0.990172
6	11350000	11400000	30280	204	21446	30549	0.00673712	0.42892	0.991194
6	11400000	11450000	27844	182	28207	28143	0.00653642	0.56414	0.989376
6	11450000	11500000	25845	178	24840	26495	0.00688721	0.4968	0.975467
6	11500000	11550000	24509	134	30452	25911	0.00546738	0.60904	0.945892
6	11550000	11600000	30585	177	20452	31030	0.00578715	0.40904	0.985659
6	11600000	11650000	29982	190	17565	30239	0.00633714	0.3513	0.991501
6	11650000	11700000	30086	174	31051	30768	0.00578342	0.62102	0.977834
6	11700000	11750000	32187	232	14798	32999	0.00720788	0.29596	0.975393
6	11750000	11800000	27727	196	20758	28890	0.00706892	0.41516	0.959744
6	11800000	11850000	26245	130	21073	26456	0.00495332	0.42146	0.992024
6	11850000	11900000	27981	113	30024	28198	0.00403845	0.60048	0.992304
6	11900000	11950000	27510	184	25898	27861	0.00668848	0.51796	0.987402
6	11950000	12000000	29348	206	27371	29639	0.00701922	0.54742	0.990182
6	12000000	12050000	28357	186	15530	28800	0.00655923	0.3106	0.984618
6	12050000	12100000	32609	211	14264	32895	0.00647061	0.28528	0.991306
6	12100000	12150000	26982	152	22813	27160	0.00563339	0.45626	0.993446
6	12150000	12200000	30034	175	22812	30322	0.00582673	0.45624	0.990502
6	12200000	12250000	28799	183	23235	29291	0.00635439	0.4647	0.983203
6	12250000	12300000	30528	202	16108	30791	0.00661688	0.32216	0.991459
6	12300000	12350000	29270	189	23854	30305	0.00645712	0.47708	0.965847
6	12350000	12400000	30490	197	23123	30745	0.00646113	0.46246	0.991706
6	12400000	12450000	31264	222	19900	32006	0.00710082	0.398	0.976817
6	12450000	12500000	28323	173	22827	28696	0.00610811	0.45654	0.987002
6	12500000	12550000	26487	165	22586	26952	0.00622947	0.45172	0.982747
6	12550000	12600000	24562	177	27424	25049	0.00720625	0.54848	0.980558
6	12600000	12650000	25570	169	25090	26708	0.00660931	0.5018	0.957391
6	12650000	12700000	24879	199	27887	25127	0.00799871	0.55774	0.99013
6	12700000	12750000	29016	187	20889	30425	0.00644472	0.41778	0.953689
6	12750000	12800000	32789	190	15143	33115	0.00579463	0.30286	0.990156
6	12800000	12850000	31167	174	13931	31517	0.00558283	0.27862	0.988895
6	12850000	12900000	29979	213	18097	30701	0.00710497	0.36194	0.976483
6	12900000	12950000	30983	152	17050	32037	0.00490592	0.341	0.967101
6	12950000	13000000	30233	223	24287	31261	0.00737605	0.48574	0.967116
6	13000000	13050000	31256	196	15649	32483	0.0062708	0.31298	0.962226
6	13050000	13100000	29174	174	23391	29444	0.00596421	0.46782	0.99083
6	13100000	13150000	26071	162	27457	26473	0.0062138	0.54914	0.984815
6	13150000	13200000	31216	177	18551	31584	0.00567017	0.37102	0.988349
6	13200000	13250000	29945	169	18307	30408	0.00564368	0.36614	0.984774
6	13250000	13300000	27531	176	17473	29512	0.00639279	0.34946	0.932875
6	13300000	13350000	28217	143	22914	29061	0.00506787	0.45828	0.970958
6	13350000	13400000	27446	174	19602	28153	0.00633972	0.39204	0.974887
6	13400000	13450000	30275	189	19292	30594	0.00624277	0.38584	0.989573
6	13450000	13500000	27419	148	22083	30806	0.00539772	0.44166	0.890054
6	13500000	13550000	23156	176	31934	24207	0.00760062	0.63868	0.956583
6	13550000	13600000	27003	160	27276	27256	0.00592527	0.54552	0.990718
6	13600000	13650000	30010	158	17246	30489	0.00526491	0.34492	0.984289
6	13650000	13700000	27270	109	30797	27479	0.00399707	0.61594	0.992394
6	13700000	13750000	22956	161	29313	23268	0.00701342	0.58626	0.986591
6	13750000	13800000	19657	134	28558	21110	0.00681691	0.57116	0.93117
6	13800000	13850000	22786	172	31528	23786	0.00754849	0.63056	0.957958
6	13850000	13900000	20775	194	33710	21108	0.00933815	0.6742	0.984224
6	13900000	13950000	28814	171	23289	29110	0.00593462	0.46578	0.989832
6	13950000	14000000	27965	158	27218	28247	0.00564992	0.54436	0.990017
6	14000000	14050000	29124	242	19874	29620	0.0083093	0.39748	0.983255
6	14050000	14100000	27618	161	26407	27850	0.00582953	0.52814	0.99167
6	14100000	14150000	20771	117	18684	31479	0.00563285	0.37368	0.659837
6	14150000	14200000	27177	171	19861	31438	0.00629209	0.39722	0.864463
6	14200000	14250000	33461	213	19270	33740	0.00636562	0.3854	0.991731
6	14250000	14300000	30241	156	21309	30514	0.00515856	0.42618	0.991053
6	14300000	14350000	31729	164	17863	32101	0.00516877	0.35726	0.988412
6	14350000	14400000	30012	182	25451	30618	0.00606424	0.50902	0.980208
6	14400000	14450000	30545	202	26913	30864	0.00661319	0.53826	0.989664
6	14450000	14500000	26051	155	28020	26433	0.00594987	0.5604	0.985548
6	14500000	14550000	31637	222	20397	31939	0.0070171	0.40794	0.990544
6	14550000	14600000	31287	202	24766	31557	0.00645636	0.49532	0.991444
6	14600000	14650000	33643	176	16179	33953	0.0052314	0.32358	0.99087
6	14650000	14700000	30584	160	24061	31346	0.00523149	0.48122	0.975691
6	14700000	14750000	31299	186	16235	32280	0.00594268	0.3247	0.96961
6	14750000	14800000	30335	184	20033	30596	0.0060656	0.40066	0.991469
6	14800000	14850000	30640	197	19886	30907	0.0064295	0.39772	0.991361
6	14850000	14900000	29386	163	22637	29669	0.00554686	0.45274	0.990461
6	14900000	14950000	23512	177	28878	23926	0.00752807	0.57756	0.982697
6	14950000	15000000	19940	120	30874	21414	0.00601805	0.61748	0.931167
6	15000000	15050000	20128	138	30061	20475	0.00685612	0.60122	0.983053
6	15050000	15100000	19928	114	31849	20176	0.00572059	0.63698	0.987708
6	15100000	15150000	19260	137	28631	19895	0.00711319	0.57262	0.968082
6	15150000	15200000	14646	89	34314	15491	0.00607674	0.68628	0.945452
6	15200000	15250000	15098	58	30934	16216	0.00384157	0.61868	0.931056
6	15250000	15300000	25488	158	19741	26307	0.006199	0.39482	0.968868
6	15300000	15350000	28820	219	14570	29378	0.00759889	0.2914	0.981006
6	15350000	15400000	31030	226	14805	31340	0.00728327	0.2961	0.990108
6	15400000	15450000	30168	142	13105	30527	0.00470697	0.2621	0.98824
6	15450000	15500000	32086	186	10110	32626	0.00579692	0.2022	0.983449
6	15500000	15550000	30721	199	14676	31080	0.00647765	0.29352	0.988449
6	15550000	15600000	24916	113	28826	25890	0.00453524	0.57652	0.962379
6	15600000	15650000	26800	122	30636	27184	0.00455224	0.61272	0.985874
6	15650000	15700000	27656	189	22128	28068	0.00683396	0.44256	0.985321
6	15700000	15750000	26523	216	34808	27662	0.00814388	0.69616	0.958824
6	15750000	15800000	29218	206	24526	30231	0.00705045	0.49052	0.966491
6	15800000	15850000	23283	151	25760	27426	0.00648542	0.5152	0.848939
6	15850000	15900000	29751	162	22477	30021	0.0054452	0.44954	0.991006
6	15900000	15950000	26465	163	29078	26951	0.00615908	0.58156	0.981967
6	15950000	16000000	12168	70	24032	29584	0.00575279	0.48064	0.411303
6	16000000	16050000	24481	179	25377	25295	0.00731179	0.50754	0.96782
6	16050000	16100000	28952	169	21252	29636	0.00583725	0.42504	0.97692
6	16100000	16150000	31553	178	15297	31794	0.0056413	0.30594	0.99242
6	16150000	16200000	28934	226	20695	29231	0.00781088	0.4139	0.98984
6	16200000	16250000	21542	214	32065	21882	0.00993408	0.6413	0.984462
6	16250000	16300000	23255	144	23189	23623	0.00619222	0.46378	0.984422
6	16300000	16350000	26601	123	20761	26887	0.00462389	0.41522	0.989363
6	16350000	16400000	28101	142	17885	28323	0.0050532	0.3577	0.992162
6	16400000	16450000	30621	135	16513	31238	0.00440874	0.33026	0.980248
6	16450000	16500000	25522	129	21151	25925	0.00505446	0.42302	0.984455
6	16500000	16550000	30950	177	15580	31203	0.0057189	0.3116	0.991892
6	16550000	16600000	30427	195	17454	30688	0.00640878	0.34908	0.991495
6	16600000	16650000	23058	136	25787	23583	0.00589817	0.51574	0.977738
6	16650000	16700000	29683	176	14902	30241	0.00592932	0.29804	0.981548
6	16700000	16750000	29611	157	17114	30098	0.00530208	0.34228	0.98382
6	16750000	16800000	27887	134	22305	28239	0.00480511	0.4461	0.987535
6	16800000	16850000	28818	154	20139	29308	0.00534388	0.40278	0.983281
6	16850000	16900000	22433	132	31934	23117	0.00588419	0.63868	0.970411
6	16900000	16950000	28749	192	27747	28948	0.00667849	0.55494	0.993126
6	16950000	17000000	33827	175	21719	34169	0.00517338	0.43438	0.989991
6	17000000	17050000	27146	155	30307	27751	0.00570987	0.60614	0.978199
6	17050000	17100000	22109	114	34383	23070	0.00515627	0.68766	0.958344
6	17100000	17150000	21857	157	30520	22060	0.00718305	0.6104	0.990798
6	17150000	17200000	25519	152	33195	26007	0.00595635	0.6639	0.981236
6	17200000	17250000	22469	139	31807	22821	0.0061863	0.63614	0.984576
6	17250000	17300000	25690	124	24754	26158	0.00482678	0.49508	0.982109
6	17300000	17350000	15851	88	36321	18096	0.0055517	0.72642	0.875939
6	17350000	17400000	19895	119	32665	20757	0.0059814	0.6533	0.958472
6	17400000	17450000	23644	172	26932	23913	0.00727457	0.53864	0.988751
6	17450000	17500000	29739	216	19612	29932	0.00726319	0.39224	0.993552
6	17500000	17550000	24059	133	21429	24386	0.00552808	0.42858	0.986591
6	17550000	17600000	18716	81	32068	19013	0.00432785	0.64136	0.984379
6	17600000	17650000	24164	124	20549	24669	0.0051316	0.41098	0.979529
6	17650000	17700000	19935	135	33439	20942	0.00677201	0.66878	0.951915
6	17700000	17750000	17767	125	31230	18248	0.00703552	0.6246	0.973641
6	17750000	17800000	24290	118	18801	25670	0.00485797	0.37602	0.946241
6	17800000	17850000	23358	110	24769	23689	0.00470931	0.49538	0.986027
6	17850000	17900000	26982	120	21267	27809	0.00444741	0.42534	0.970261
6	17900000	17950000	28025	163	20651	28250	0.00581624	0.41302	0.992035
6	17950000	18000000	23866	156	21905	24731	0.0065365	0.4381	0.965024
6	18000000	18050000	21233	180	33005	21929	0.00847737	0.6601	0.968261
6	18050000	18100000	21125	104	33723	21302	0.00492308	0.67446	0.991691
6	18100000	18150000	23805	121	25929	24497	0.00508297	0.51858	0.971752
6	18150000	18200000	19521	100	32814	19695	0.00512269	0.65628	0.991165
6	18200000	18250000	23389	104	21915	23603	0.00444653	0.4383	0.990933
6	18250000	18300000	23546	94	26662	23827	0.00399219	0.53324	0.988207
6	18300000	18350000	23208	103	27123	23427	0.00443812	0.54246	0.990652
6	18350000	18400000	22282	97	22431	22855	0.00435329	0.44862	0.974929
6	18400000	18450000	30903	100	20246	31068	0.00323593	0.40492	0.994689
6	18450000	18500000	30526	180	17809	30851	0.00589661	0.35618	0.989465
6	18500000	18550000	27039	118	24394	27284	0.00436407	0.48788	0.99102
6	18550000	18600000	28369	146	22073	28595	0.00514646	0.44146	0.992097
6	18600000	18650000	32262	197	20767	32550	0.00610626	0.41534	0.991152
6	18650000	18700000	28117	147	21163	28999	0.00522815	0.42326	0.969585
6	18700000	18750000	24088	161	29529	24306	0.00668383	0.59058	0.991031
6	18750000	18800000	21392	122	27341	27690	0.00570307	0.54682	0.772553
6	18800000	18850000	31462	151	23255	31769	0.00479944	0.4651	0.990336
6	18850000	18900000	23101	224	36999	23820	0.00969655	0.73998	0.969815
6	18900000	18950000	28684	189	21996	28936	0.00658904	0.43992	0.991291
6	18950000	19000000	30599	216	24180	31096	0.00705905	0.4836	0.984017
6	19000000	19050000	31330	171	24410	32413	0.00545803	0.4882	0.966587
6	19050000	19100000	26874	163	30566	28085	0.00606534	0.61132	0.956881
6	19100000	19150000	24366	155	35341	24789	0.00636132	0.70682	0.982936
6	19150000	19200000	31349	183	18741	31892	0.00583751	0.37482	0.982974
6	19200000	19250000	18422	142	42335	18625	0.00770818	0.8467	0.989101
6	19250000	19300000	24863	227	30753	25107	0.00913003	0.61506	0.990282
6	19300000	19350000	27140	143	22880	29408	0.00526898	0.4576	0.922878
6	19350000	19400000	32537	219	26455	32802	0.0067308	0.5291	0.991921
6	19400000	19450000	22496	135	28017	23223	0.00600107	0.56034	0.968695
6	19450000	19500000	23336	170	24518	23622	0.00728488	0.49036	0.987893
6	19500000	19550000	22068	159	30744	22293	0.007205	0.61488	0.989907
6	19550000	19600000	28071	149	22996	28900	0.00530797	0.45992	0.971315
6	19600000	19650000	22165	146	28990	25860	0.00658696	0.5798	0.857115
6	19650000	19700000	28309	178	25434	28526	0.00628775	0.50868	0.992393
6	19700000	19750000	27214	173	18758	27449	0.00635702	0.37516	0.991439
6	19750000	19800000	24090	159	27203	24344	0.00660025	0.54406	0.989566
6	19800000	19850000	28365	170	17007	29571	0.0059933	0.34014	0.959217
6	19850000	19900000	30855	135	18483	31069	0.0043753	0.36966	0.993112
6	19900000	19950000	27948	142	24026	28789	0.00508086	0.48052	0.970787
6	19950000	20000000	31497	208	20138	31769	0.0066038	0.40276	0.991438
6	20000000	20050000	30151	199	22615	30513	0.00660011	0.4523	0.988136
6	20050000	20100000	27141	220	25864	27470	0.00810582	0.51728	0.988023
6	20100000	20150000	29791	189	18318	30072	0.0063442	0.36636	0.990656
6	20150000	20200000	23602	154	26290	24623	0.00652487	0.5258	0.958535
6	20200000	20250000	23450	177	31226	24132	0.00754797	0.62452	0.971739
6	20250000	20300000	22792	197	34104	23177	0.00864338	0.68208	0.983389
6	20300000	20350000	27553	170	26099	27887	0.00616993	0.52198	0.988023
6	20350000	20400000	25443	147	27451	25719	0.00577762	0.54902	0.989269
6	20400000	20450000	27060	135	17719	27435	0.00498891	0.35438	0.986331
6	20450000	20500000	24223	133	24132	24524	0.00549065	0.48264	0.987726
6	20500000	20550000	20291	110	33748	21775	0.00542112	0.67496	0.931848
6	20550000	20600000	23662	88	21847	24578	0.00371904	0.43694	0.962731
6	20600000	20650000	26186	139	29605	27014	0.00530818	0.5921	0.969349
6	20650000	20700000	26616	126	30196	26810	0.00473399	0.60392	0.992764
6	20700000	20750000	27900	155	23117	28106	0.00555556	0.46234	0.992671
6	20750000	20800000	28607	160	22906	28901	0.00559304	0.45812	0.989827
6	20800000	20850000	29269	159	23360	29515	0.00543237	0.4672	0.991665
6	20850000	20900000	28916	151	21356	29621	0.00522202	0.42712	0.976199
6	20900000	20950000	26581	155	23868	26818	0.00583123	0.47736	0.991163
6	20950000	21000000	26609	139	22331	26852	0.0052238	0.44662	0.99095
6	21000000	21050000	31006	148	17165	31963	0.00477327	0.3433	0.970059
6	21050000	21100000	26941	171	29100	27491	0.0063472	0.582	0.979993
6	21100000	21150000	30955	186	14913	31509	0.00600872	0.29826	0.982418
6	21150000	21200000	30961	179	15246	31277	0.00578147	0.30492	0.989897
6	21200000	21250000	28810	214	22505	29352	0.00742798	0.4501	0.981534
6	21250000	21300000	28238	174	21614	28489	0.00616191	0.43228	0.99119
6	21300000	21350000	23045	116	27653	23285	0.00503363	0.55306	0.989693
6	21350000	21400000	24875	164	23775	25104	0.00659296	0.4755	0.990878
6	21400000	21450000	25552	168	23474	26398	0.00657483	0.46948	0.967952
6	21450000	21500000	26543	164	24596	26807	0.00617865	0.49192	0.990152
6	21500000	21550000	27427	201	19916	27628	0.00732854	0.39832	0.992725
6	21550000	21600000	17305	68	35155	18506	0.0039295	0.7031	0.935102
6	21600000	21650000	20459	132	28760	20629	0.00645193	0.5752	0.991759
6	21650000	21700000	22548	149	25575	22710	0.00660812	0.5115	0.992867
6	21700000	21750000	25505	133	22829	25745	0.00521466	0.45658	0.990678
6	21750000	21800000	21366	134	24781	21859	0.00627165	0.49562	0.977446
6	21800000	21850000	26744	155	19554	26950	0.00579569	0.39108	0.992356
6	21850000	21900000	21690	124	25738	21884	0.00571692	0.51476	0.991135
6	21900000	21950000	25964	125	23504	26266	0.00481436	0.47008	0.988502
6	21950000	22000000	28903	156	20592	29668	0.00539736	0.41184	0.974215
6	22000000	22050000	28845	174	18676	29105	0.00603224	0.37352	0.991067
6	22050000	22100000	30303	192	21041	30619	0.00633601	0.42082	0.98968
6	22100000	22150000	30061	171	18887	30352	0.00568843	0.37774	0.990412
6	22150000	22200000	20467	142	32771	20774	0.006938	0.65542	0.985222
6	22200000	22250000	30438	185	25633	30749	0.00607793	0.51266	0.989886
6	22250000	22300000	29815	154	20546	30137	0.00516519	0.41092	0.989315
6	22300000	22350000	28888	180	20473	29104	0.00623096	0.40946	0.992578
6	22350000	22400000	21371	133	29123	21787	0.00622339	0.58246	0.980906
6	22400000	22450000	31051	185	16978	31327	0.00595794	0.33956	0.99119
6	22450000	22500000	27137	163	27417	27442	0.00600656	0.54834	0.988886
6	22500000	22550000	33209	204	18764	33620	0.00614291	0.37528	0.987775
6	22550000	22600000	35057	187	13110	35344	0.00533417	0.2622	0.99188
6	22600000	22650000	31708	165	18696	32028	0.00520373	0.37392	0.990009
6	22650000	22700000	33931	199	14475	34228	0.00586484	0.2895	0.991323
6	22700000	22750000	32046	200	15809	33115	0.00624103	0.31618	0.967719
6	22750000	22800000	28070	185	24324	28340	0.00659067	0.48648	0.990473
6	22800000	22850000	23406	142	27918	23815	0.00606682	0.55836	0.982826
6	22850000	22900000	30630	211	24186	31482	0.00688867	0.48372	0.972937
6	22900000	22950000	32225	196	18561	32713	0.00608223	0.37122	0.985082
6	22950000	23000000	26405	157	28745	26636	0.00594584	0.5749	0.991328
6	23000000	23050000	30890	194	27134	31178	0.00628035	0.54268	0.990763
6	23050000	23100000	24794	152	24901	25034	0.00613052	0.49802	0.990413
6	23100000	23150000	21971	169	30494	23409	0.00769196	0.60988	0.938571
6	23150000	23200000	25634	150	24906	25880	0.0058516	0.49812	0.990495
6	23200000	23250000	27490	202	29349	28121	0.00734813	0.58698	0.977561
6	23250000	23300000	25732	183	28009	26105	0.00711177	0.56018	0.985712
6	23300000	23350000	31890	269	17261	32716	0.00843525	0.34522	0.974752
6	23350000	23400000	25893	140	24983	26305	0.00540687	0.49966	0.984338
6	23400000	23450000	26432	201	23272	26684	0.00760442	0.46544	0.990556
6	23450000	23500000	33416	200	22274	33735	0.00598516	0.44548	0.990544
6	23500000	23550000	29891	200	25248	30557	0.00669098	0.50496	0.978205
6	23550000	23600000	31591	233	22403	32104	0.00737552	0.44806	0.984021
6	23600000	23650000	29510	204	25369	31537	0.00691291	0.50738	0.935726
6	23650000	23700000	29822	339	23542	30250	0.0113674	0.47084	0.985851
6	23700000	23750000	30362	298	29249	31229	0.0098149	0.58498	0.972237
6	23750000	23800000	25301	238	23776	26761	0.00940674	0.47552	0.945443
6	23800000	23850000	21376	160	31980	21695	0.00748503	0.6396	0.985296
6	23850000	23900000	25842	261	24000	26256	0.0100998	0.48	0.984232
6	23900000	23950000	29531	240	22822	29887	0.00812705	0.45644	0.988088
6	23950000	24000000	27352	206	22415	27612	0.00753144	0.4483	0.990584
6	24000000	24050000	26548	187	25744	26858	0.00704385	0.51488	0.988458
6	24050000	24100000	22640	197	30280	22842	0.00870141	0.6056	0.991157
6	24100000	24150000	33079	247	16230	33401	0.00746697	0.3246	0.99036
6	24150000	24200000	27391	197	24447	27813	0.00719214	0.48894	0.984827
6	24200000	24250000	29001	199	22686	29499	0.00686183	0.45372	0.983118
6	24250000	24300000	25364	164	26291	25738	0.00646586	0.52582	0.985469
6	24300000	24350000	29730	176	23904	30010	0.00591995	0.47808	0.99067
6	24350000	24400000	22917	124	30401	23135	0.00541083	0.60802	0.990577
6	24400000	24450000	25418	124	22482	25778	0.00487843	0.44964	0.986035
6	24450000	24500000	22044	151	25160	23199	0.00684994	0.5032	0.950213
6	24500000	24550000	23049	135	26184	23271	0.00585709	0.52368	0.99046
6	24550000	24600000	25491	146	20827	25905	0.00572751	0.41654	0.984019
6	24600000	24650000	24068	120	27689	24937	0.00498587	0.55378	0.965152
6	24650000	24700000	19119	98	32354	19673	0.00512579	0.64708	0.97184
6	24700000	24750000	23578	118	24070	23913	0.00500467	0.4814	0.985991
6	24750000	24800000	22959	134	31097	23233	0.00583649	0.62194	0.988206
6	24800000	24850000	23771	139	22949	23954	0.00584746	0.45898	0.99236
6	24850000	24900000	30416	132	16294	30753	0.00433982	0.32588	0.989042
6	24900000	24950000	21763	117	18421	30234	0.0053761	0.36842	0.719819
6	24950000	25000000	26488	154	23605	28841	0.00581395	0.4721	0.918415
6	25000000	25050000	28304	171	22170	28548	0.00604155	0.4434	0.991453
6	25050000	25100000	29506	199	24869	29892	0.00674439	0.49738	0.987087
6	25100000	25150000	24322	168	29501	24524	0.00690733	0.59002	0.991763
6	25150000	25200000	24157	141	29760	24381	0.00583682	0.5952	0.990813
6	25200000	25250000	22830	132	27899	25797	0.00578187	0.55798	0.884987
6	25250000	25300000	26017	142	20894	26518	0.00545797	0.41788	0.981107
6	25300000	25350000	30139	173	20515	30448	0.00574007	0.4103	0.989852
6	25350000	25400000	26331	152	22920	26641	0.00577266	0.4584	0.988364
6	25400000	25450000	30927	198	22030	31213	0.00640217	0.4406	0.990837
6	25450000	25500000	31546	222	16815	31937	0.00703734	0.3363	0.987757
6	25500000	25550000	32865	212	17522	33194	0.00645063	0.35044	0.990089
6	25550000	25600000	32176	141	16690	32455	0.00438215	0.3338	0.991403
6	25600000	25650000	33312	175	14925	33637	0.00525336	0.2985	0.990338
6	25650000	25700000	33186	138	19439	33665	0.00415838	0.38878	0.985772
6	25700000	25750000	27510	129	23216	30147	0.0046892	0.46432	0.912529
6	25750000	25800000	33303	151	25147	33577	0.00453413	0.50294	0.99184
6	25800000	25850000	27834	156	31292	28087	0.00560466	0.62584	0.990992
6	25850000	25900000	32720	147	21593	33084	0.00449267	0.43186	0.988998
6	25900000	25950000	28961	149	23161	29196	0.00514485	0.46322	0.991951
6	25950000	26000000	24665	135	32122	24855	0.00547334	0.64244	0.992356
6	26000000	26050000	26234	168	22926	26465	0.0064039	0.45852	0.991271
6	26050000	26100000	20754	109	25419	23149	0.005252	0.50838	0.89654
6	26100000	26150000	26276	104	21395	26481	0.00395798	0.4279	0.992259
6	26150000	26200000	22686	108	19408	23026	0.00476065	0.38816	0.985234
6	26200000	26250000	26159	143	19366	26668	0.00546657	0.38732	0.980913
6	26250000	26300000	21225	97	28952	21420	0.00457008	0.57904	0.990896
6	26300000	26350000	23150	118	24466	24748	0.00509719	0.48932	0.935429
6	26350000	26400000	19032	140	24594	19352	0.00735603	0.49188	0.983464
6	26400000	26450000	19213	111	20563	19426	0.00577734	0.41126	0.989035
6	26450000	26500000	21726	108	22879	21911	0.004971	0.45758	0.991557
6	26500000	26550000	20720	86	20050	22355	0.00415058	0.401	0.926862
6	26550000	26600000	22395	111	25604	23145	0.00495646	0.51208	0.967596
6	26600000	26650000	23455	88	25877	23687	0.00375187	0.51754	0.990206
6	26650000	26700000	8304	48	28212	8340	0.00578035	0.56424	0.995683
6	26700000	26750000	0	0	18976	119		0.37952	0
6	26750000	26800000	0	0	21295	906		0.4259	0
6	26800000	26850000	10	2	27969	19	0.2	0.55938	0.526316
6	26850000	26900000	0	0	22254	34		0.44508	0
6	26900000	26950000	1430	16	27727	1452	0.0111888	0.55454	0.984848
6	26950000	27000000	11639	37	38072	12201	0.00317897	0.76144	0.953938
6	27000000	27050000	26972	147	24428	27130	0.0054501	0.48856	0.994176
6	27050000	27100000	27247	120	28470	27773	0.00440415	0.5694	0.981061
6	27100000	27150000	18588	80	24870	22867	0.00430385	0.4974	0.812874
6	27150000	27200000	15868	85	36520	16241	0.00535669	0.7304	0.977033
6	27200000	27250000	25395	130	23131	27011	0.00511912	0.46262	0.940173
6	27250000	27300000	28623	144	27259	28936	0.00503092	0.54518	0.989183
6	27300000	27350000	25098	104	30966	25326	0.00414376	0.61932	0.990997
6	27350000	27400000	26219	154	27725	26441	0.0058736	0.5545	0.991604
6	27400000	27450000	24823	112	30749	26051	0.00451194	0.61498	0.952862
6	27450000	27500000	22181	89	31574	23161	0.00401244	0.63148	0.957687
6	27500000	27550000	24510	121	23681	25191	0.00493676	0.47362	0.972967
6	27550000	27600000	23278	113	29431	23657	0.00485437	0.58862	0.983979
6	27600000	27650000	17444	92	33394	17599	0.00527402	0.66788	0.991193
6	27650000	27700000	20628	96	28240	21061	0.00465387	0.5648	0.979441
6	27700000	27750000	16279	71	29144	21851	0.00436145	0.58288	0.745
6	27750000	27800000	21311	130	24139	21614	0.00610014	0.48278	0.985981
6	27800000	27850000	23688	106	18842	23989	0.00447484	0.37684	0.987453
6	27850000	27900000	22412	115	28626	22943	0.00513118	0.57252	0.976856
6	27900000	27950000	29601	129	22850	29843	0.00435796	0.457	0.991891
6	27950000	28000000	21761	111	34794	23838	0.00510087	0.69588	0.91287
6	28000000	28050000	14331	62	16171	28885	0.00432629	0.32342	0.49614
6	28050000	28100000	28004	178	22428	28184	0.00635623	0.44856	0.993613
6	28100000	28150000	29734	127	19929	30128	0.0042712	0.39858	0.986922
6	28150000	28200000	26630	107	28088	27374	0.00401802	0.56176	0.972821
6	28200000	28250000	28199	99	22202	28357	0.00351076	0.44404	0.994428
6	28250000	28300000	23202	99	24487	24967	0.00426687	0.48974	0.929307
6	28300000	28350000	25694	88	30734	25907	0.00342492	0.61468	0.991778
6	28350000	28400000	27897	103	22669	28099	0.00369215	0.45338	0.992811
6	28400000	28450000	28657	109	25067	28979	0.00380361	0.50134	0.988889
6	28450000	28500000	29515	125	21757	29759	0.00423513	0.43514	0.991801
6	28500000	28550000	28864	140	27366	29444	0.00485033	0.54732	0.980302
6	28550000	28600000	19280	73	30688	19537	0.00378631	0.61376	0.986845
6	28600000	28650000	24876	113	25013	25174	0.00454253	0.50026	0.988162
6	28650000	28700000	21011	118	27459	21220	0.00561611	0.54918	0.990151
6	28700000	28750000	15428	133	31444	18670	0.00862069	0.62888	0.826352
6	28750000	28800000	2462	18	24044	12686	0.00731113	0.48088	0.194072
6	28800000	28850000	7128	59	35027	18522	0.00827722	0.70054	0.38484
6	28850000	28900000	23070	118	26437	23245	0.00511487	0.52874	0.992471
6	28900000	28950000	16348	100	31865	18483	0.00611696	0.6373	0.884488
6	28950000	29000000	25428	178	25218	26896	0.00700016	0.50436	0.945419
6	29000000	29050000	21964	102	28138	22165	0.00464396	0.56276	0.990932
6	29050000	29100000	18478	116	27023	19986	0.00627774	0.54046	0.924547
6	29100000	29150000	17385	74	28774	18479	0.00425654	0.57548	0.940798
6	29150000	29200000	22163	97	29027	22312	0.00437666	0.58054	0.993322
6	29200000	29250000	12254	90	38123	16405	0.00734454	0.76246	0.746967
6	29250000	29300000	24278	125	25570	24502	0.00514869	0.5114	0.990858
6	29300000	29350000	22617	120	31540	23092	0.00530574	0.6308	0.97943
6	29350000	29400000	27030	185	28759	27362	0.00684425	0.57518	0.987866
6	29400000	29450000	28807	175	23654	29226	0.00607491	0.47308	0.985663
6	29450000	29500000	25593	126	19863	32073	0.00492322	0.39726	0.797961
6	29500000	29550000	29276	182	26354	29590	0.0062167	0.52708	0.989388
6	29550000	29600000	24915	143	17526	29872	0.00573951	0.35052	0.834059
6	29600000	29650000	20938	87	24095	23468	0.00415512	0.4819	0.892194
6	29650000	29700000	20393	141	32057	22143	0.00691414	0.64114	0.920968
6	29700000	29750000	7647	49	25245	21532	0.00640774	0.5049	0.355146
6	29750000	29800000	0	0	31282	12419		0.62564	0
6	29800000	29850000	0	0	34052	16922		0.68104	0
6	29850000	29900000	0	0	29864	10872		0.59728	0
6	29900000	29950000	5515	38	28812	7247	0.0068903	0.57624	0.761005
6	29950000	30000000	18521	127	30953	18905	0.00685708	0.61906	0.979688
6	30000000	30050000	22599	116	23258	27120	0.00513297	0.46516	0.833296
6	30050000	30100000	27662	236	24417	27993	0.00853156	0.48834	0.988176
6	30100000	30150000	29390	196	23281	29957	0.00666894	0.46562	0.981073
6	30150000	30200000	26369	170	29097	26685	0.00644696	0.58194	0.988158
6	30200000	30250000	18499	119	36671	18666	0.00643278	0.73342	0.991053
6	30250000	30300000	24507	134	24221	25068	0.00546783	0.48442	0.977621
6	30300000	30350000	28213	161	22417	30062	0.00570659	0.44834	0.938494
6	30350000	30400000	4732	41	35879	17402	0.00866441	0.71758	0.271923
6	30400000	30450000	15281	122	26054	16295	0.00798377	0.52108	0.937772
6	30450000	30500000	14346	115	32514	14945	0.00801617	0.65028	0.95992
6	30500000	30550000	23290	91	30240	24645	0.00390726	0.6048	0.945019
6	30550000	30600000	23007	80	17161	23669	0.0034772	0.34322	0.972031
6	30600000	30650000	22926	93	24096	23017	0.00405653	0.48192	0.996046
6	30650000	30700000	18410	60	18719	20079	0.0032591	0.37438	0.916878
6	30700000	30750000	21291	91	30759	22119	0.00427411	0.61518	0.962566
6	30750000	30800000	21054	133	30245	21308	0.00631709	0.6049	0.98808
6	30800000	30850000	19620	85	35574	19741	0.00433231	0.71148	0.993871
6	30850000	30900000	29476	103	15578	30079	0.00349437	0.31156	0.979953
6	30900000	30950000	24226	149	20377	25082	0.00615042	0.40754	0.965872
6	30950000	31000000	18132	167	29949	19581	0.00921024	0.59898	0.926
6	31000000	31050000	24383	276	29999	24855	0.0113194	0.59998	0.98101
6	31050000	31100000	23901	182	25959	24161	0.00761474	0.51918	0.989239
6	31100000	31150000	25516	177	18492	26107	0.00693682	0.36984	0.977362
6	31150000	31200000	13742	129	39849	14570	0.00938728	0.79698	0.943171
6	31200000	31250000	6253	79	33335	8623	0.0126339	0.6667	0.725154
6	31250000	31300000	22733	181	29218	23236	0.00796199	0.58436	0.978353
6	31300000	31350000	5846	63	33052	14969	0.0107766	0.66104	0.39054
6	31350000	31400000	0	0	30775	11570		0.6155	0
6	31400000	31450000	0	0	36001	21088		0.72002	0
6	31450000	31500000	879	6	24675	12294	0.00682594	0.4935	0.0714983
6	31500000	31550000	25407	69	19231	26609	0.00271579	0.38462	0.954827
6	31550000	31600000	20512	64	24421	20957	0.00312012	0.48842	0.978766
6	31600000	31650000	28735	105	11577	29405	0.00365408	0.23154	0.977215
6	31650000	31700000	24786	100	16527	28339	0.00403454	0.33054	0.874625
6	31700000	31750000	24977	97	18197	25450	0.00388357	0.36394	0.981415
6	31750000	31800000	15899	75	21781	16360	0.00471728	0.43562	0.971822
6	31800000	31850000	16828	71	28604	18499	0.00421916	0.57208	0.909671
6	31850000	31900000	20400	79	26728	20740	0.00387255	0.53456	0.983607
6	31900000	31950000	27094	142	15136	27250	0.00524101	0.30272	0.994275
6	31950000	32000000	11	0	14972	14	0	0.29944	0.785714
6	32000000	32050000	16351	130	13898	17454	0.00795058	0.27796	0.936805
6	32050000	32100000	27414	139	18577	27971	0.0050704	0.37154	0.980087
6	32100000	32150000	24056	97	19267	24202	0.00403226	0.38534	0.993967
6	32150000	32200000	25043	87	19047	25286	0.00347402	0.38094	0.99039
6	32200000	32250000	13551	44	41000	15181	0.00324699	0.82	0.892629
6	32250000	32300000	19420	103	24303	21674	0.00530381	0.48606	0.896004
6	32300000	32350000	27862	154	28041	28313	0.00552724	0.56082	0.984071
6	32350000	32400000	25115	260	23991	29463	0.0103524	0.47982	0.852425
6	32400000	32450000	17029	108	31092	17275	0.00634212	0.62184	0.98576
6	32450000	32500000	582	7	35262	923	0.0120275	0.70524	0.630553
6	32500000	32550000	1053	15	34426	1142	0.014245	0.68852	0.922067
6	32550000	32600000	12780	136	26493	13187	0.0106416	0.52986	0.969136
6	32600000	32650000	3561	27	27581	5148	0.00758214	0.55162	0.691725
6	32650000	32700000	17291	182	30481	21189	0.0105257	0.60962	0.816037
6	32700000	32750000	15032	203	24403	22669	0.0135045	0.48806	0.663108
6	32750000	32800000	26251	269	25870	26659	0.0102472	0.5174	0.984696
6	32800000	32850000	26453	203	20462	26809	0.00767399	0.40924	0.986721
6	32850000	32900000	25004	158	32274	25449	0.00631899	0.64548	0.982514
6	32900000	32950000	28486	191	17182	29271	0.00670505	0.34364	0.973182
6	32950000	33000000	26996	233	25624	28248	0.00863091	0.51248	0.955678
6	33000000	33050000	12245	272	32838	21032	0.0222131	0.65676	0.582208
6	33050000	33100000	2170	15	23732	23244	0.00691244	0.47464	0.0933574
6	33100000	33150000	24196	177	20127	24713	0.00731526	0.40254	0.97908
6	33150000	33200000	26380	113	18161	26860	0.00428355	0.36322	0.98213
6	33200000	33250000	21345	73	24585	21529	0.00342	0.4917	0.991453
6	33250000	33300000	23373	89	18933	23591	0.00380781	0.37866	0.990759
6	33300000	33350000	7977	58	40465	9854	0.0072709	0.8093	0.809519
6	33350000	33400000	23301	111	18162	24995	0.00476374	0.36324	0.932226
6	33400000	33450000	22832	84	25322	22953	0.00367905	0.50644	0.994728
6	33450000	33500000	15986	96	38414	16360	0.00600525	0.76828	0.977139
6	33500000	33550000	10610	64	31656	16078	0.00603205	0.63312	0.659908
6	33550000	33600000	9942	61	25784	24611	0.00613559	0.51568	0.403966
6	33600000	33650000	27144	135	21234	30307	0.00497347	0.42468	0.895635
6	33650000	33700000	33467	206	9617	33912	0.00615532	0.19234	0.986878
6	33700000	33750000	30840	178	14630	32480	0.00577173	0.2926	0.949507
6	33750000	33800000	33799	203	12549	34378	0.00600609	0.25098	0.983158
6	33800000	33850000	30389	270	18698	32561	0.00888479	0.37396	0.933294
6	33850000	33900000	34672	195	11235	34925	0.00562413	0.2247	0.992756
6	33900000	33950000	31453	235	28190	31737	0.00747147	0.5638	0.991051
6	33950000	34000000	32534	232	22631	32844	0.007131	0.45262	0.990561
6	34000000	34050000	30233	196	18898	32619	0.00648298	0.37796	0.926852
6	34050000	34100000	32054	177	16772	34889	0.00552193	0.33544	0.918742
6	34100000	34150000	23481	180	26473	23660	0.00766577	0.52946	0.992434
6	34150000	34200000	16469	122	35806	17736	0.00740786	0.71612	0.928563
6	34200000	34250000	1552	3	25927	18359	0.00193299	0.51854	0.0845362
6	34250000	34300000	19101	86	30257	21385	0.00450238	0.60514	0.893196
6	34300000	34350000	21659	75	28766	22237	0.00346276	0.57532	0.974007
6	34350000	34400000	14559	71	34094	15725	0.00487671	0.68188	0.925851
6	34400000	34450000	21203	103	34604	21856	0.0048578	0.69208	0.970123
6	34450000	34500000	25910	159	30339	27654	0.00613663	0.60678	0.936935
6	34500000	34550000	31152	178	16633	31944	0.00571392	0.33266	0.975207
6	34550000	34600000	26256	115	22999	26497	0.00437995	0.45998	0.990905
6	34600000	34650000	22366	82	27725	22852	0.00366628	0.5545	0.978733
6	34650000	34700000	16456	101	32727	16846	0.00613758	0.65454	0.976849
6	34700000	34750000	14736	59	34690	15429	0.0040038	0.6938	0.955085
6	34750000	34800000	18722	73	33044	18971	0.00389916	0.66088	0.986875
6	34800000	34850000	23095	101	28513	23282	0.00437324	0.57026	0.991968
6	34850000	34900000	26067	94	19455	26421	0.00360609	0.3891	0.986602
6	34900000	34950000	26031	133	22149	26624	0.00510929	0.44298	0.977727
6	34950000	35000000	24937	111	19677	28090	0.00445122	0.39354	0.887754
6	35000000	35050000	33860	188	13361	34212	0.00555227	0.26722	0.989711
6	35050000	35100000	25071	110	32065	25464	0.00438754	0.6413	0.984566
6	35100000	35150000	26139	112	25707	28293	0.00428479	0.51414	0.923868
6	35150000	35200000	29195	127	16514	32347	0.00435006	0.33028	0.902557
6	35200000	35250000	27372	106	19362	28130	0.00387257	0.38724	0.973054
6	35250000	35300000	26987	100	22550	27264	0.00370549	0.451	0.98984
6	35300000	35350000	20482	131	28811	21561	0.00639586	0.57622	0.949956
6	35350000	35400000	27347	152	21609	27894	0.0055582	0.43218	0.98039
6	35400000	35450000	22164	79	22995	23664	0.00356434	0.4599	0.936613
6	35450000	35500000	22688	82	24606	24309	0.00361425	0.49212	0.933317
6	35500000	35550000	20932	106	35361	21214	0.00506402	0.70722	0.986707
6	35550000	35600000	24168	116	25497	24375	0.00479974	0.50994	0.991508
6	35600000	35650000	23905	107	26119	24927	0.00447605	0.52238	0.959
6	35650000	35700000	21926	108	29298	22164	0.00492566	0.58596	0.989262
6	35700000	35750000	20986	126	30944	22005	0.006004	0.61888	0.953692
6	35750000	35800000	12569	67	30533	12895	0.00533058	0.61066	0.974719
6	35800000	35850000	21960	83	29810	22840	0.0037796	0.5962	0.961471
6	35850000	35900000	21896	89	31244	22310	0.00406467	0.62488	0.981443
6	35900000	35950000	18781	82	25742	23211	0.00436611	0.51484	0.809142
6	35950000	36000000	22650	125	29342	22977	0.00551876	0.58684	0.985768
6	36000000	36050000	27752	91	24282	28496	0.00327904	0.48564	0.973891
6	36050000	36100000	27003	131	21478	28548	0.00485131	0.42956	0.945881
6	36100000	36150000	23085	123	33045	24246	0.00532814	0.6609	0.952116
6	36150000	36200000	31169	113	20033	31381	0.0036254	0.40066	0.993244
6	36200000	36250000	28026	177	27159	29407	0.00631556	0.54318	0.953038
6	36250000	36300000	30789	179	20537	31688	0.00581376	0.41074	0.97163
6	36300000	36350000	27865	191	26618	28586	0.00685448	0.53236	0.974778
6	36350000	36400000	20455	85	30957	21705	0.00415546	0.61914	0.94241
6	36400000	36450000	21300	102	26896	21480	0.00478873	0.53792	0.99162
6	36450000	36500000	25355	115	20128	25859	0.00453559	0.40256	0.98051
6	36500000	36550000	18044	95	34463	18229	0.00526491	0.68926	0.989851
6	36550000	36600000	18659	92	25305	18982	0.0049306	0.5061	0.982984
6	36600000	36650000	24613	156	24688	24836	0.00633811	0.49376	0.991021
6	36650000	36700000	29461	170	25214	29895	0.00577034	0.50428	0.985483
6	36700000	36750000	31606	233	16847	33587	0.00737202	0.33694	0.941019
6	36750000	36800000	29362	153	23179	30013	0.00521082	0.46358	0.978309
6	36800000	36850000	27043	85	25369	28666	0.00314314	0.50738	0.943382
6	36850000	36900000	24957	162	22652	26058	0.00649116	0.45304	0.957748
6	36900000	36950000	26377	145	21474	27387	0.00549721	0.42948	0.963121
6	36950000	37000000	27669	148	20476	30594	0.00534895	0.40952	0.904393
6	37000000	37050000	22293	136	30206	23028	0.00610057	0.60412	0.968082
6	37050000	37100000	19607	101	31293	20165	0.00515122	0.62586	0.972328
6	37100000	37150000	17172	90	26799	18986	0.00524109	0.53598	0.904456
6	37150000	37200000	18477	119	35754	19072	0.00644044	0.71508	0.968802
6	37200000	37250000	25903	129	29368	26726	0.00498012	0.58736	0.969206
6	37250000	37300000	28216	101	23649	28443	0.00357953	0.47298	0.992019
6	37300000	37350000	25758	108	25869	26515	0.00419287	0.51738	0.97145
6	37350000	37400000	19340	103	38803	20917	0.00532575	0.77606	0.924607
6	37400000	37450000	30560	98	15087	30786	0.00320681	0.30174	0.992659
6	37450000	37500000	30200	160	19677	32020	0.00529801	0.39354	0.943161
6	37500000	37550000	32095	212	21956	32642	0.00660539	0.43912	0.983242
6	37550000	37600000	31923	190	22744	32409	0.00595182	0.45488	0.985004
6	37600000	37650000	32606	204	18374	33513	0.00625652	0.36748	0.972936
6	37650000	37700000	31353	191	22478	31635	0.00609192	0.44956	0.991086
6	37700000	37750000	25509	175	30821	26653	0.00686032	0.61642	0.957078
6	37750000	37800000	24998	117	22570	26414	0.00468037	0.4514	0.946392
6	37800000	37850000	25972	102	23993	26225	0.00392731	0.47986	0.990353
6	37850000	37900000	25451	103	29730	26247	0.00404699	0.5946	0.969673
6	37900000	37950000	25882	100	27000	26218	0.00386369	0.54	0.987184
6	37950000	38000000	29199	119	20106	29654	0.00407548	0.40212	0.984656
6	38000000	38050000	30417	117	19675	30662	0.00384653	0.3935	0.99201
6	38050000	38100000	27483	102	19455	27719	0.00371139	0.3891	0.991486
6	38100000	38150000	32689	161	12800	33833	0.0049252	0.256	0.966187
6	38150000	38200000	28819	187	21566	29486	0.00648877	0.43132	0.977379
6	38200000	38250000	26790	124	16439	29696	0.00462859	0.32878	0.902142
6	38250000	38300000	18907	121	34182	19476	0.00639975	0.68364	0.970785
6	38300000	38350000	31447	186	19881	31773	0.00591471	0.39762	0.98974
6	38350000	38400000	26214	163	27023	27357	0.00621805	0.54046	0.958219
6	38400000	38450000	28361	135	24124	28880	0.00476006	0.48248	0.982029
6	38450000	38500000	24427	103	27627	27355	0.00421665	0.55254	0.892963
6	38500000	38550000	26697	151	25178	26914	0.00565607	0.50356	0.991937
6	38550000	38600000	25753	171	24415	26558	0.00664	0.4883	0.969689
6	38600000	38650000	26019	159	31479	26944	0.00611092	0.62958	0.96567
6	38650000	38700000	26167	170	28753	27137	0.00649673	0.57506	0.964255
6	38700000	38750000	24517	169	27437	24730	0.00689318	0.54874	0.991387
6	38750000	38800000	28693	188	24727	28983	0.00655212	0.49454	0.989994
6	38800000	38850000	29486	177	21156	29806	0.00600285	0.42312	0.989264
6	38850000	38900000	30486	187	21164	30811	0.00613396	0.42328	0.989452
6	38900000	38950000	28848	187	22478	29293	0.00648225	0.44956	0.984809
6	38950000	39000000	32387	175	19156	33216	0.0054034	0.38312	0.975042
6	39000000	39050000	32403	183	16135	33850	0.00564763	0.3227	0.957253
6	39050000	39100000	30746	137	18284	31320	0.00445586	0.36568	0.981673
6	39100000	39150000	28234	195	28660	28678	0.00690657	0.5732	0.984518
6	39150000	39200000	33066	197	14027	33329	0.00595778	0.28054	0.992109
6	39200000	39250000	21745	160	29861	24077	0.00735801	0.59722	0.903144
6	39250000	39300000	30868	201	19595	32763	0.0065116	0.3919	0.94216
6	39300000	39350000	31165	186	23425	32096	0.00596823	0.4685	0.970993
6	39350000	39400000	32136	159	18104	33095	0.00494772	0.36208	0.971023
6	39400000	39450000	25487	114	28022	25705	0.00447287	0.56044	0.991519
6	39450000	39500000	27657	139	24782	28784	0.00502585	0.49564	0.960846
6	39500000	39550000	28900	143	19482	29186	0.0049481	0.38964	0.990201
6	39550000	39600000	32825	191	21918	33203	0.00581874	0.43836	0.988615
6	39600000	39650000	30894	179	21790	31171	0.00579401	0.4358	0.991114
6	39650000	39700000	28514	170	27179	28777	0.00596198	0.54358	0.990861
6	39700000	39750000	25030	141	28350	25212	0.00563324	0.567	0.992781
6	39750000	39800000	33188	196	18968	33472	0.00590575	0.37936	0.991515
6	39800000	39850000	33969	165	17293	35677	0.00485737	0.34586	0.952126
6	39850000	39900000	30914	118	15366	31917	0.00381704	0.30732	0.968575
6	39900000	39950000	30858	156	27627	31122	0.00505542	0.55254	0.991517
6	39950000	40000000	30992	236	31314	31435	0.00761487	0.62628	0.985907
6	40000000	40050000	26423	121	30804	29059	0.00457934	0.61608	0.909288
6	40050000	40100000	32598	260	26412	33588	0.00797595	0.52824	0.970525
6	40100000	40150000	29400	179	17674	36021	0.00608844	0.35348	0.816191
6	40150000	40200000	29274	202	30743	29658	0.00690032	0.61486	0.987052
6	40200000	40250000	29037	210	29307	29349	0.00723215	0.58614	0.989369
6	40250000	40300000	34147	209	23244	34422	0.0061206	0.46488	0.992011
6	40300000	40350000	31279	223	26540	33134	0.00712938	0.5308	0.944015
6	40350000	40400000	32945	240	19562	34182	0.00728487	0.39124	0.963811
6	40400000	40450000	34181	215	19044	34709	0.00629004	0.38088	0.984788
6	40450000	40500000	36693	231	17757	37330	0.00629548	0.35514	0.982936
6	40500000	40550000	34231	234	16315	34999	0.00683591	0.3263	0.978057
6	40550000	40600000	30959	180	18814	32454	0.00581414	0.37628	0.953935
6	40600000	40650000	33997	269	19362	34569	0.00791246	0.38724	0.983453
6	40650000	40700000	30142	186	20300	34113	0.00617079	0.406	0.883593
6	40700000	40750000	32008	233	22644	33312	0.00727943	0.45288	0.960855
6	40750000	40800000	33583	221	21361	33932	0.00658071	0.42722	0.989715
6	40800000	40850000	23236	163	23578	29495	0.00701498	0.47156	0.787795
6	40850000	40900000	35052	211	22386	35747	0.00601963	0.44772	0.980558
6	40900000	40950000	24425	110	28623	28173	0.00450358	0.57246	0.866965
6	40950000	41000000	32838	171	23886	33126	0.00520738	0.47772	0.991306
6	41000000	41050000	33448	157	10777	34742	0.00469385	0.21554	0.962754
6	41050000	41100000	21556	129	19391	29225	0.00598441	0.38782	0.737588
6	41100000	41150000	32559	159	22274	33003	0.00488344	0.44548	0.986547
6	41150000	41200000	25050	180	24669	25340	0.00718563	0.49338	0.988556
6	41200000	41250000	19798	168	28656	23275	0.00848571	0.57312	0.850612
6	41250000	41300000	26245	157	30906	27013	0.00598209	0.61812	0.971569
6	41300000	41350000	28492	166	29137	28707	0.0058262	0.58274	0.992511
6	41350000	41400000	31550	188	23534	31821	0.0059588	0.47068	0.991484
6	41400000	41450000	27964	132	23960	28256	0.00472035	0.4792	0.989666
6	41450000	41500000	30970	117	20063	33008	0.00377785	0.40126	0.938257
6	41500000	41550000	31415	178	15393	32580	0.00566608	0.30786	0.964242
6	41550000	41600000	26903	142	23785	27364	0.00527822	0.4757	0.983153
6	41600000	41650000	28083	199	21840	28466	0.00708614	0.4368	0.986545
6	41650000	41700000	32785	175	16837	33003	0.00533781	0.33674	0.993395
6	41700000	41750000	27851	162	16781	28048	0.00581667	0.33562	0.992976
6	41750000	41800000	25702	84	18256	25882	0.00326823	0.36512	0.993045
6	41800000	41850000	19231	80	34631	19529	0.00415995	0.69262	0.984741
6	41850000	41900000	23286	102	25081	23662	0.00438031	0.50162	0.98411
6	41900000	41950000	20294	94	29886	23168	0.00463191	0.59772	0.87595
6	41950000	42000000	18471	107	35468	18710	0.00579286	0.70936	0.987226
6	42000000	42050000	20528	128	29835	21506	0.00623539	0.5967	0.954524
6	42050000	42100000	25934	140	25583	26885	0.00539832	0.51166	0.964627
6	42100000	42150000	23754	159	23870	25898	0.00669361	0.4774	0.917214
6	42150000	42200000	23582	138	24666	23781	0.00585192	0.49332	0.991632
6	42200000	42250000	31800	136	14986	32936	0.00427673	0.29972	0.965509
6	42250000	42300000	26733	125	28852	27012	0.00467587	0.57704	0.989671
6	42300000	42350000	31606	141	19390	33126	0.00446118	0.3878	0.954115
6	42350000	42400000	30198	146	20379	30853	0.00483476	0.40758	0.97877
6	42400000	42450000	24439	129	28220	25112	0.00527845	0.5644	0.9732
6	42450000	42500000	23629	147	31952	23909	0.00622117	0.63904	0.988289
6	42500000	42550000	21909	112	30833	22580	0.00511205	0.61666	0.970283
6	42550000	42600000	22445	111	32851	22650	0.00494542	0.65702	0.990949
6	42600000	42650000	25352	110	22045	26093	0.00433891	0.4409	0.971602
6	42650000	42700000	16390	273	26192	21994	0.0166565	0.52384	0.745203
6	42700000	42750000	18215	89	29334	19069	0.00488608	0.58668	0.955215
6	42750000	42800000	17444	82	30315	19450	0.00470076	0.6063	0.896864
6	42800000	42850000	14663	62	28945	18323	0.00422833	0.5789	0.800251
6	42850000	42900000	13059	59	33562	13412	0.00451796	0.67124	0.97368
6	42900000	42950000	20745	78	24654	21175	0.00375994	0.49308	0.979693
6	42950000	43000000	21709	62	22398	22346	0.00285596	0.44796	0.971494
6	43000000	43050000	25994	89	15293	26786	0.00342387	0.30586	0.970432
6	43050000	43100000	23950	112	23431	24096	0.00467641	0.46862	0.993941
6	43100000	43150000	23110	92	22280	24782	0.00398096	0.4456	0.932532
6	43150000	43200000	27482	95	23031	28055	0.00345681	0.46062	0.979576
6	43200000	43250000	27415	113	17824	30991	0.00412183	0.35648	0.884612
6	43250000	43300000	25226	94	24188	25897	0.00372631	0.48376	0.97409
6	43300000	43350000	25950	120	21855	26397	0.00462428	0.4371	0.983066
6	43350000	43400000	16098	107	40025	16320	0.00664679	0.8005	0.986397
6	43400000	43450000	25914	96	21737	26202	0.00370456	0.43474	0.989008
6	43450000	43500000	30134	163	10321	30917	0.00540917	0.20642	0.974674
6	43500000	43550000	18799	94	26411	19274	0.00500027	0.52822	0.975355
6	43550000	43600000	18489	66	23680	20825	0.00356969	0.4736	0.887827
6	43600000	43650000	21257	74	25206	22837	0.00348121	0.50412	0.930814
6	43650000	43700000	26493	129	24587	28095	0.00486921	0.49174	0.942979
6	43700000	43750000	30929	152	14941	31559	0.00491448	0.29882	0.980037
6	43750000	43800000	31311	172	20622	33148	0.00549328	0.41244	0.944582
6	43800000	43850000	32472	184	17129	34025	0.00566642	0.34258	0.954357
6	43850000	43900000	32584	164	18197	32949	0.00503315	0.36394	0.988922
6	43900000	43950000	32700	173	22105	34911	0.00529052	0.4421	0.936668
6	43950000	44000000	30903	153	22108	31286	0.00495098	0.44216	0.987758
6	44000000	44050000	27216	171	17135	32392	0.00628307	0.3427	0.840207
6	44050000	44100000	27558	291	19927	28638	0.0105595	0.39854	0.962288
6	44100000	44150000	24681	134	17952	27595	0.00542928	0.35904	0.894401
6	44150000	44200000	20268	94	28076	21133	0.00463785	0.56152	0.959069
6	44200000	44250000	24395	116	12485	27237	0.00475507	0.2497	0.895657
6	44250000	44300000	27974	151	23797	28973	0.00539787	0.47594	0.96552
6	44300000	44350000	26845	143	27100	27077	0.00532688	0.542	0.991432
6	44350000	44400000	24380	113	25781	26042	0.00463495	0.51562	0.93618
6	44400000	44450000	28464	145	22238	29018	0.00509415	0.44476	0.980908
6	44450000	44500000	29381	189	26371	31008	0.00643273	0.52742	0.94753
6	44500000	44550000	33077	192	17453	33359	0.00580464	0.34906	0.991547
6	44550000	44600000	28441	173	23264	28738	0.00608277	0.46528	0.989665
6	44600000	44650000	31856	161	19146	34243	0.00505399	0.38292	0.930292
6	44650000	44700000	30449	163	18740	30891	0.00535321	0.3748	0.985692
6	44700000	44750000	19067	73	37247	19265	0.0038286	0.74494	0.989722
6	44750000	44800000	32025	152	24604	32308	0.00474629	0.49208	0.991241
6	44800000	44850000	24484	94	23599	24846	0.00383924	0.47198	0.98543
6	44850000	44900000	19956	112	27340	20126	0.00561235	0.5468	0.991553
6	44900000	44950000	24702	124	26088	25012	0.00501984	0.52176	0.987606
6	44950000	45000000	28994	138	25321	29193	0.00475961	0.50642	0.993183
6	45000000	45050000	22298	117	29040	23168	0.00524711	0.5808	0.962448
6	45050000	45100000	28674	147	20298	29448	0.0051266	0.40596	0.973716
6	45100000	45150000	20750	115	29933	23318	0.00554217	0.59866	0.88987
6	45150000	45200000	27186	95	28954	27368	0.00349445	0.57908	0.99335
6	45200000	45250000	22097	118	33030	22269	0.00534009	0.6606	0.992276
6	45250000	45300000	18719	66	30571	18875	0.00352583	0.61142	0.991735
6	45300000	45350000	29615	120	15064	29836	0.004052	0.30128	0.992593
6	45350000	45400000	26943	130	22210	27213	0.004825	0.4442	0.990078
6	45400000	45450000	31572	162	12506	31779	0.00513113	0.25012	0.993486
6	45450000	45500000	32427	172	14748	32818	0.00530422	0.29496	0.988086
6	45500000	45550000	33027	140	11591	33245	0.00423896	0.23182	0.993443
6	45550000	45600000	33101	142	20647	33416	0.0042899	0.41294	0.990573
6	45600000	45650000	29852	220	20674	30092	0.00736969	0.41348	0.992024
6	45650000	45700000	31553	202	23418	31837	0.00640193	0.46836	0.99108
6	45700000	45750000	34547	205	19300	34868	0.00593395	0.386	0.990794
6	45750000	45800000	33773	190	16771	34101	0.0056258	0.33542	0.990382
6	45800000	45850000	31693	229	18090	32364	0.00722557	0.3618	0.979267
6	45850000	45900000	31031	182	19748	31299	0.0058651	0.39496	0.991437
6	45900000	45950000	32402	196	15942	33688	0.00604901	0.31884	0.961826
6	45950000	46000000	32076	171	19489	32329	0.00533109	0.38978	0.992174
6	46000000	46050000	31688	203	21683	32471	0.00640621	0.43366	0.975886
6	46050000	46100000	22276	81	32741	22438	0.0036362	0.65482	0.99278
6	46100000	46150000	31765	169	20362	32018	0.00532032	0.40724	0.992098
6	46150000	46200000	24836	137	26612	25144	0.00551619	0.53224	0.987751
6	46200000	46250000	34571	162	19037	34842	0.00468601	0.38074	0.992222
6	46250000	46300000	35034	149	18298	35295	0.00425301	0.36596	0.992605
6	46300000	46350000	33205	165	22056	33693	0.00496913	0.44112	0.985516
6	46350000	46400000	30237	187	24026	30569	0.00618448	0.48052	0.989139
6	46400000	46450000	32081	256	18893	32580	0.0079798	0.37786	0.984684
6	46450000	46500000	32088	172	18973	32913	0.00536026	0.37946	0.974934
6	46500000	46550000	19866	123	35518	22699	0.00619148	0.71036	0.875193
6	46550000	46600000	29288	181	18697	32601	0.00618001	0.37394	0.898377
6	46600000	46650000	29454	106	23651	30058	0.00359883	0.47302	0.979906
6	46650000	46700000	33718	160	17121	34323	0.00474524	0.34242	0.982373
6	46700000	46750000	30677	198	25577	30973	0.00645435	0.51154	0.990443
6	46750000	46800000	27929	180	25985	28360	0.00644491	0.5197	0.984803
6	46800000	46850000	17178	131	16353	17322	0.00762603	0.32706	0.991687
6	46850000	46900000	31858	177	17656	32169	0.0055559	0.35312	0.990332
6	46900000	46950000	33926	201	18375	34217	0.00592466	0.3675	0.991495
6	46950000	47000000	30792	178	21613	31161	0.00578072	0.43226	0.988158
6	47000000	47050000	28050	224	24107	28313	0.00798574	0.48214	0.990711
6	47050000	47100000	27427	170	26078	27763	0.00619827	0.52156	0.987898
6	47100000	47150000	27008	142	29962	27231	0.0052577	0.59924	0.991811
6	47150000	47200000	23183	151	28837	23559	0.00651339	0.57674	0.98404
6	47200000	47250000	28048	158	19819	28611	0.0056332	0.39638	0.980322
6	47250000	47300000	24698	141	24964	24901	0.00570896	0.49928	0.991848
6	47300000	47350000	27311	192	29954	27763	0.00703013	0.59908	0.983719
6	47350000	47400000	21737	185	32383	21970	0.00851083	0.64766	0.989395
6	47400000	47450000	25092	158	25391	25305	0.00629683	0.50782	0.991583
6	47450000	47500000	23811	149	27761	25493	0.00625761	0.55522	0.934021
6	47500000	47550000	22799	157	27636	25016	0.00688627	0.55272	0.911377
6	47550000	47600000	26633	176	22588	26980	0.00660834	0.45176	0.987139
6	47600000	47650000	22938	142	29103	23775	0.0061906	0.58206	0.964795
6	47650000	47700000	33221	237	13719	33524	0.00713404	0.27438	0.990962
6	47700000	47750000	28592	226	23871	29235	0.00790431	0.47742	0.978006
6	47750000	47800000	34015	209	10881	34346	0.00614435	0.21762	0.990363
6	47800000	47850000	35152	286	13039	35746	0.00813609	0.26078	0.983383
6	47850000	47900000	33111	249	18523	33434	0.00752016	0.37046	0.990339
6	47900000	47950000	31863	236	30655	32346	0.00740671	0.6131	0.985068
6	47950000	48000000	29569	178	23533	30540	0.00601982	0.47066	0.968206
6	48000000	48050000	33030	170	16177	33529	0.00514684	0.32354	0.985117
6	48050000	48100000	26886	203	26258	27712	0.0075504	0.52516	0.970193
6	48100000	48150000	29256	299	27036	29623	0.0102201	0.54072	0.987611
6	48150000	48200000	27605	242	23799	27890	0.00876653	0.47598	0.989781
6	48200000	48250000	24767	189	26480	25428	0.00763112	0.5296	0.974005
6	48250000	48300000	29098	233	27004	29459	0.00800742	0.54008	0.987746
6	48300000	48350000	22979	189	29471	23265	0.0082249	0.58942	0.987707
6	48350000	48400000	27210	213	31124	27527	0.007828	0.62248	0.988484
6	48400000	48450000	23350	236	30975	24142	0.0101071	0.6195	0.967194
6	48450000	48500000	26064	205	24106	27169	0.00786525	0.48212	0.959329
6	48500000	48550000	30336	219	22915	30819	0.00721915	0.4583	0.984328
6	48550000	48600000	30100	205	28130	30409	0.00681063	0.5626	0.989839
6	48600000	48650000	31908	226	22169	32237	0.00708286	0.44338	0.989794
6	48650000	48700000	21490	238	37473	22344	0.0110749	0.74946	0.961779
6	48700000	48750000	25317	151	27314	26415	0.00596437	0.54628	0.958433
6	48750000	48800000	28444	229	25141	28795	0.00805091	0.50282	0.98781
6	48800000	48850000	20832	169	39459	21185	0.00811252	0.78918	0.983337
6	48850000	48900000	29164	195	22586	29487	0.00668633	0.45172	0.989046
6	48900000	48950000	30031	229	22289	30388	0.00762545	0.44578	0.988252
6	48950000	49000000	21954	169	30413	23542	0.00769791	0.60826	0.932546
6	49000000	49050000	21273	167	37928	22986	0.00785033	0.75856	0.925476
6	49050000	49100000	22973	167	29119	23328	0.0072694	0.58238	0.984782
6	49100000	49150000	24702	182	27931	25293	0.00736782	0.55862	0.976634
6	49150000	49200000	25691	241	33537	26130	0.00938072	0.67074	0.983199
6	49200000	49250000	24061	166	31015	24321	0.00689913	0.6203	0.98931
6	49250000	49300000	27301	176	30211	27551	0.00644665	0.60422	0.990926
6	49300000	49350000	24995	213	31060	26214	0.0085217	0.6212	0.953498
6	49350000	49400000	25444	141	23894	26712	0.00554158	0.47788	0.952531
6	49400000	49450000	25660	125	23561	26230	0.0048714	0.47122	0.978269
6	49450000	49500000	22669	136	26889	23643	0.00599938	0.53778	0.958804
6	49500000	49550000	25916	184	24842	26334	0.00709986	0.49684	0.984127
6	49550000	49600000	24158	187	29494	24402	0.00774071	0.58988	0.990001
6	49600000	49650000	29322	226	22733	29707	0.00770752	0.45466	0.98704
6	49650000	49700000	25826	181	25919	26068	0.00700844	0.51838	0.990717
6	49700000	49750000	29879	183	21993	30276	0.0061247	0.43986	0.986887
6	49750000	49800000	24134	192	28204	25104	0.00795558	0.56408	0.961361
6	49800000	49850000	29015	206	25007	29641	0.00709978	0.50014	0.978881
6	49850000	49900000	23431	142	25240	25592	0.00606035	0.5048	0.91556
6	49900000	49950000	33554	234	17739	33932	0.00697383	0.35478	0.98886
6	49950000	50000000	26659	261	32484	28432	0.00979031	0.64968	0.937641
6	50000000	50050000	29405	237	23107	29830	0.00805985	0.46214	0.985753
6	50050000	50100000	35280	210	14301	35662	0.00595238	0.28602	0.989288
6	50100000	50150000	26224	157	25248	26613	0.00598688	0.50496	0.985383
6	50150000	50200000	29741	209	19896	30483	0.00702734	0.39792	0.975659
6	50200000	50250000	24324	228	25060	28212	0.00937346	0.5012	0.862186
6	50250000	50300000	29644	181	21429	30416	0.00610579	0.42858	0.974619
6	50300000	50350000	26206	176	28974	26597	0.00671602	0.57948	0.985299
6	50350000	50400000	28460	139	21881	28818	0.00488405	0.43762	0.987577
6	50400000	50450000	30776	194	24096	31034	0.00630361	0.48192	0.991687
6	50450000	50500000	28434	171	26500	28647	0.00601393	0.53	0.992565
6	50500000	50550000	28557	141	23511	30312	0.00493749	0.47022	0.942102
6	50550000	50600000	25829	127	25696	26082	0.00491695	0.51392	0.9903
6	50600000	50650000	26019	111	25046	27263	0.00426611	0.50092	0.95437
6	50650000	50700000	33118	173	10456	33389	0.00522375	0.20912	0.991884
6	50700000	50750000	30359	121	18057	31041	0.00398564	0.36114	0.978029
6	50750000	50800000	29815	113	16848	30042	0.00379004	0.33696	0.992444
6	50800000	50850000	32516	153	9164	32739	0.00470538	0.18328	0.993189
6	50850000	50900000	25678	141	26895	26071	0.00549108	0.5379	0.984926
6	50900000	50950000	30217	129	21447	30418	0.00426912	0.42894	0.993392
6	50950000	51000000	29497	131	21007	29685	0.00444113	0.42014	0.993667
6	51000000	51050000	21471	132	29651	21670	0.00614783	0.59302	0.990817
6	51050000	51100000	26867	148	27281	27160	0.00550862	0.54562	0.989212
6	51100000	51150000	33634	245	19166	33913	0.0072843	0.38332	0.991773
6	51150000	51200000	33083	161	18566	33395	0.00486655	0.37132	0.990657
6	51200000	51250000	30639	191	21123	30882	0.00623388	0.42246	0.992131
6	51250000	51300000	29551	138	17447	29870	0.00466989	0.34894	0.98932
6	51300000	51350000	24405	136	18721	29898	0.00557263	0.37442	0.816275
6	51350000	51400000	33870	215	17106	34192	0.0063478	0.34212	0.990583
6	51400000	51450000	34231	249	19457	34596	0.00727411	0.38914	0.98945
6	51450000	51500000	28194	168	26650	28533	0.00595871	0.533	0.988119
6	51500000	51550000	29574	146	17773	30070	0.00493677	0.35546	0.983505
6	51550000	51600000	29908	201	23080	30187	0.00672061	0.4616	0.990758
6	51600000	51650000	28597	195	20407	32709	0.0068189	0.40814	0.874285
6	51650000	51700000	31184	182	22673	31778	0.00583633	0.45346	0.981308
6	51700000	51750000	26548	158	23880	26788	0.00595148	0.4776	0.991041
6	51750000	51800000	26138	106	20740	27592	0.0040554	0.4148	0.947304
6	51800000	51850000	27844	157	23492	28151	0.00563856	0.46984	0.989095
6	51850000	51900000	32779	153	18212	33050	0.00466762	0.36424	0.9918
6	51900000	51950000	35098	176	13811	35805	0.00501453	0.27622	0.980254
6	51950000	52000000	26238	178	27770	28550	0.00678405	0.5554	0.919019
6	52000000	52050000	30839	204	18132	31855	0.006615	0.36264	0.968105
6	52050000	52100000	29166	157	26218	29853	0.00538298	0.52436	0.976987
6	52100000	52150000	30390	126	15477	30610	0.0041461	0.30954	0.992813
6	52150000	52200000	22661	125	29312	24292	0.00551608	0.58624	0.932859
6	52200000	52250000	27570	149	20586	27925	0.00540443	0.41172	0.987287
6	52250000	52300000	26284	131	21069	26500	0.00498402	0.42138	0.991849
6	52300000	52350000	22020	88	34058	22352	0.00399637	0.68116	0.985147
6	52350000	52400000	30504	144	16570	31224	0.00472069	0.3314	0.976941
6	52400000	52450000	31283	157	18966	31815	0.0050187	0.37932	0.983278
6	52450000	52500000	26650	172	25959	27087	0.00645403	0.51918	0.983867
6	52500000	52550000	28481	195	22767	28825	0.00684667	0.45534	0.988066
6	52550000	52600000	26697	143	24281	26968	0.00535641	0.48562	0.989951
6	52600000	52650000	3798	49	22215	7714	0.0129015	0.4443	0.492352
6	52650000	52700000	4661	64	20168	6688	0.013731	0.40336	0.69692
6	52700000	52750000	8570	149	25911	8937	0.0173862	0.51822	0.958935
6	52750000	52800000	3290	31	28504	15104	0.00942249	0.57008	0.217823
6	52800000	52850000	14589	86	25059	24302	0.00589485	0.50118	0.600321
6	52850000	52900000	29045	133	20332	29471	0.0045791	0.40664	0.985545
6	52900000	52950000	28241	99	20828	28491	0.00350554	0.41656	0.991225
6	52950000	53000000	27660	104	23432	28030	0.00375994	0.46864	0.9868
6	53000000	53050000	22793	155	30191	23124	0.00680033	0.60382	0.985686
6	53050000	53100000	20293	125	29820	20785	0.00615976	0.5964	0.976329
6	53100000	53150000	30225	169	19122	30447	0.0055914	0.38244	0.992709
6	53150000	53200000	29155	203	18287	29375	0.00696279	0.36574	0.992511
6	53200000	53250000	25261	197	20787	25461	0.00779858	0.41574	0.992145
6	53250000	53300000	22984	128	36159	23198	0.00556909	0.72318	0.990775
6	53300000	53350000	24535	157	29189	24792	0.00639902	0.58378	0.989634
6	53350000	53400000	30519	132	16420	30918	0.00432517	0.3284	0.987095
6	53400000	53450000	20875	148	29178	21116	0.00708982	0.58356	0.988587
6	53450000	53500000	28077	158	24333	28334	0.00562738	0.48666	0.99093
6	53500000	53550000	30350	173	17969	30615	0.00570016	0.35938	0.991344
6	53550000	53600000	31445	165	22007	31687	0.00524726	0.44014	0.992363
6	53600000	53650000	24454	183	30859	24677	0.00748344	0.61718	0.990963
6	53650000	53700000	33042	197	16915	33282	0.00596211	0.3383	0.992789
6	53700000	53750000	29533	149	20506	29762	0.0050452	0.41012	0.992306
6	53750000	53800000	33212	183	11784	33417	0.00551006	0.23568	0.993865
6	53800000	53850000	24504	153	26919	25893	0.00624388	0.53838	0.946356
6	53850000	53900000	31254	232	17984	32282	0.00742305	0.35968	0.968156
6	53900000	53950000	33863	129	15338	34111	0.00380947	0.30676	0.99273
6	53950000	54000000	34115	176	19488	34498	0.00515902	0.38976	0.988898
6	54000000	54050000	29795	191	22972	30079	0.00641047	0.45944	0.990558
6	54050000	54100000	28627	170	20220	29280	0.00593845	0.4044	0.977698
6	54100000	54150000	31269	248	21409	32208	0.00793118	0.42818	0.970846
6	54150000	54200000	26173	169	28659	26463	0.00645704	0.57318	0.989041
6	54200000	54250000	32122	284	17289	32827	0.00884129	0.34578	0.978524
6	54250000	54300000	28904	211	28414	29195	0.00730003	0.56828	0.990033
6	54300000	54350000	24282	183	30257	24544	0.00753645	0.60514	0.989325
6	54350000	54400000	21756	189	38419	22102	0.00868726	0.76838	0.984345
6	54400000	54450000	13913	82	32176	17911	0.00589377	0.64352	0.776785
6	54450000	54500000	28463	240	27146	28810	0.008432	0.54292	0.987956
6	54500000	54550000	27345	189	23130	29450	0.00691168	0.4626	0.928523
6	54550000	54600000	28828	203	21492	29087	0.00704176	0.42984	0.991096
6	54600000	54650000	26491	246	26415	26985	0.00928617	0.5283	0.981694
6	54650000	54700000	23421	175	29194	23691	0.00747193	0.58388	0.988603
6	54700000	54750000	28454	178	20503	28711	0.00625571	0.41006	0.991049
6	54750000	54800000	32658	160	19531	33102	0.00489926	0.39062	0.986587
6	54800000	54850000	24664	144	21483	25618	0.00583847	0.42966	0.962761
6	54850000	54900000	21825	147	33075	22111	0.0067354	0.6615	0.987065
6	54900000	54950000	26433	160	32067	27055	0.00605304	0.64134	0.97701
6	54950000	55000000	19279	156	31639	19517	0.00809171	0.63278	0.987806
6	55000000	55050000	26580	161	27138	26852	0.00605719	0.54276	0.98987
6	55050000	55100000	29664	206	23910	30936	0.00694444	0.4782	0.958883
6	55100000	55150000	31766	193	18101	32031	0.00607568	0.36202	0.991727
6	55150000	55200000	25361	158	28955	25744	0.00623004	0.5791	0.985123
6	55200000	55250000	20816	168	33705	21781	0.00807071	0.6741	0.955695
6	55250000	55300000	31680	218	19167	31988	0.00688131	0.38334	0.990371
6	55300000	55350000	32806	197	23548	33990	0.006005	0.47096	0.965166
6	55350000	55400000	32935	189	14261	33229	0.00573858	0.28522	0.991152
6	55400000	55450000	33401	200	15762	33716	0.00598784	0.31524	0.990657
6	55450000	55500000	22296	147	31430	22550	0.00659311	0.6286	0.988736
6	55500000	55550000	23415	177	28638	26367	0.00755926	0.57276	0.888042
6	55550000	55600000	28966	185	24785	29265	0.0063868	0.4957	0.989783
6	55600000	55650000	29501	197	19350	29735	0.00667774	0.387	0.99213
6	55650000	55700000	30444	157	19182	30833	0.00515701	0.38364	0.987384
6	55700000	55750000	32537	131	16383	32845	0.00402619	0.32766	0.990623
6	55750000	55800000	28428	148	23763	29233	0.00520613	0.47526	0.972463
6	55800000	55850000	31647	209	18459	31967	0.0066041	0.36918	0.98999
6	55850000	55900000	24079	146	32712	24447	0.00606337	0.65424	0.984947
6	55900000	55950000	33078	205	16316	33400	0.00619747	0.32632	0.990359
6	55950000	56000000	23464	141	32678	23740	0.00600921	0.65356	0.988374
6	56000000	56050000	30455	165	20268	31835	0.00541783	0.40536	0.956651
6	56050000	56100000	23252	112	29067	23999	0.00481679	0.58134	0.968874
6	56100000	56150000	29643	170	23033	30061	0.00573491	0.46066	0.986095
6	56150000	56200000	24657	124	29354	25965	0.005029	0.58708	0.949624
6	56200000	56250000	32423	202	20503	32685	0.00623015	0.41006	0.991984
6	56250000	56300000	26516	200	28376	26734	0.00754262	0.56752	0.991846
6	56300000	56350000	34450	182	10173	34721	0.00528302	0.20346	0.992195
6	56350000	56400000	34304	200	9629	34495	0.00583022	0.19258	0.994463
6	56400000	56450000	29049	144	15670	29237	0.00495714	0.3134	0.99357
6	56450000	56500000	32138	100	10924	32983	0.00311158	0.21848	0.974381
6	56500000	56550000	29337	119	19052	29862	0.00405631	0.38104	0.982419
6	56550000	56600000	27594	108	19177	27776	0.00391389	0.38354	0.993448
6	56600000	56650000	24034	112	25051	24437	0.00466006	0.50102	0.983509
6	56650000	56700000	27283	155	24034	27733	0.00568119	0.48068	0.983774
6	56700000	56750000	27935	105	19525	28482	0.00375873	0.3905	0.980795
6	56750000	56800000	26893	112	26836	27073	0.00416465	0.53672	0.993351
6	56800000	56850000	28201	131	25007	28444	0.00464523	0.50014	0.991457
6	56850000	56900000	23200	85	33557	23379	0.00366379	0.67114	0.992344
6	56900000	56950000	4664	43	38448	19160	0.00921955	0.76896	0.243424
6	56950000	57000000	21704	87	15236	27848	0.00400848	0.30472	0.779374
6	57000000	57050000	29670	110	19378	29899	0.00370745	0.38756	0.992341
6	57050000	57100000	23761	108	24009	27223	0.00454526	0.48018	0.872828
6	57100000	57150000	22449	93	27546	22780	0.00414272	0.55092	0.98547
6	57150000	57200000	19732	105	32437	20310	0.00532131	0.64874	0.971541
6	57200000	57250000	4397	59	23715	4461	0.0134182	0.4743	0.985653
6	57250000	57300000	5219	23	28873	5325	0.00440697	0.57746	0.980094
6	57300000	57350000	6171	105	22889	6382	0.0170151	0.45778	0.966938
6	57350000	57400000	5865	93	17528	6002	0.0158568	0.35056	0.977174
6	57400000	57450000	5672	56	27058	5795	0.00987306	0.54116	0.978775
6	57450000	57500000	5259	68	27561	5446	0.0129302	0.55122	0.965663
6	57500000	57550000	3703	56	31741	3815	0.0151229	0.63482	0.970642
6	57550000	57600000	7305	91	41556	7506	0.0124572	0.83112	0.973221
6	57600000	57650000	22039	170	34330	22309	0.0077136	0.6866	0.987897
6	57650000	57700000	21846	141	23882	22248	0.00645427	0.47764	0.981931
6	57700000	57750000	619	54	22170	670	0.0872375	0.4434	0.923881
6	57750000	57800000	352	34	29160	382	0.0965909	0.5832	0.921466
6	57800000	57850000	443	33	29359	465	0.0744921	0.58718	0.952688
6	57850000	57900000	422	43	29381	478	0.101896	0.58762	0.882845
6	57900000	57950000	443	40	23023	477	0.0902935	0.46046	0.928721
6	57950000	58000000	305	49	48969	1334	0.160656	0.97938	0.228636
6	58000000	58050000	2761	24	42623	3697	0.0086925	0.85246	0.746822
6	58050000	58100000	0	0	20187	407		0.40374	0
6	58100000	58150000	0	0	3850	257		0.077	0
6	58150000	58200000	15	7	23074	144	0.466667	0.46148	0.104167
6	58200000	58250000	0	0	27997	14		0.55994	0
6	58250000	58300000	0	0	24420	103		0.4884	0
6	58300000	58350000	511	23	22139	791	0.0450098	0.44278	0.646018
6	58350000	58400000	1786	21	27974	1831	0.0117581	0.55948	0.975423
6	58400000	58450000	1432	21	29435	1491	0.0146648	0.5887	0.960429
6	58450000	58500000	296	9	27475	315	0.0304054	0.5495	0.939683
6	58500000	58550000	411	17	21816	470	0.0413625	0.43632	0.874468
6	58550000	58600000	42	2	44663	703	0.047619	0.89326	0.059744
6	58600000	58650000	6122	53	31957	6251	0.0086573	0.63914	0.979363
6	58650000	58700000	198	9	25785	878	0.0454545	0.5157	0.225513
6	58700000	58750000	0	0	46327	770		0.92654	0
6	58750000	58800000	0	0	30118	14		0.60236	0
6	58800000	58850000	0	0	0	0		0	
6	58850000	58900000	0	0	0	0		0	
6	58900000	58950000	0	0	0	0		0	
6	58950000	59000000	0	0	0	0		0	
6	59000000	59050000	0	0	0	0		0	
6	59050000	59100000	0	0	0	0		0	
6	59100000	59150000	0	0	0	0		0	
6	59150000	59200000	0	0	0	0		0	
6	59200000	59250000	0	0	0	0		0	
6	59250000	59300000	0	0	0	0		0	
6	59300000	59350000	0	0	0	0		0	
6	59350000	59400000	0	0	0	0		0	
6	59400000	59450000	0	0	0	0		0	
6	59450000	59500000	0	0	0	0		0	
6	59500000	59550000	0	0	0	0		0	
6	59550000	59600000	0	0	0	0		0	
6	59600000	59650000	0	0	0	0		0	
6	59650000	59700000	0	0	0	0		0	
6	59700000	59750000	0	0	0	0		0	
6	59750000	59800000	0	0	0	0		0	
6	59800000	59850000	0	0	0	0		0	
6	59850000	59900000	0	0	0	0		0	
6	59900000	59950000	0	0	0	0		0	
6	59950000	60000000	0	0	0	0		0	
6	60000000	60050000	0	0	0	0		0	
6	60050000	60100000	0	0	0	0		0	
6	60100000	60150000	0	0	0	0		0	
6	60150000	60200000	0	0	0	0		0	
6	60200000	60250000	0	0	0	0		0	
6	60250000	60300000	0	0	0	0		0	
6	60300000	60350000	0	0	0	0		0	
6	60350000	60400000	0	0	0	0		0	
6	60400000	60450000	0	0	0	0		0	
6	60450000	60500000	0	0	0	0		0	
6	60500000	60550000	0	0	0	0		0	
6	60550000	60600000	0	0	0	0		0	
6	60600000	60650000	0	0	0	0		0	
6	60650000	60700000	0	0	0	0		0	
6	60700000	60750000	0	0	0	0		0	
6	60750000	60800000	0	0	0	0		0	
6	60800000	60850000	0	0	0	0		0	
6	60850000	60900000	0	0	0	0		0	
6	60900000	60950000	0	0	0	0		0	
6	60950000	61000000	0	0	0	0		0	
6	61000000	61050000	0	0	0	0		0	
6	61050000	61100000	0	0	0	0		0	
6	61100000	61150000	0	0	0	0		0	
6	61150000	61200000	0	0	0	0		0	
6	61200000	61250000	0	0	0	0		0	
6	61250000	61300000	0	0	0	0		0	
6	61300000	61350000	0	0	0	0		0	
6	61350000	61400000	0	0	0	0		0	
6	61400000	61450000	0	0	0	0		0	
6	61450000	61500000	0	0	0	0		0	
6	61500000	61550000	0	0	0	0		0	
6	61550000	61600000	0	0	0	0		0	
6	61600000	61650000	0	0	0	0		0	
6	61650000	61700000	0	0	0	0		0	
6	61700000	61750000	0	0	0	0		0	
6	61750000	61800000	0	0	0	0		0	
6	61800000	61850000	0	0	0	0		0	
6	61850000	61900000	0	0	19833	0		0.39666	
6	61900000	61950000	0	0	49931	81		0.99862	0
6	61950000	62000000	12188	148	39426	13014	0.0121431	0.78852	0.93653
6	62000000	62050000	20072	240	39307	20714	0.011957	0.78614	0.969006
6	62050000	62100000	3596	59	32561	3781	0.0164071	0.65122	0.951071
6	62100000	62150000	235	6	14002	244	0.0255319	0.28004	0.963115
6	62150000	62200000	0	0	21337	89		0.42674	0
6	62200000	62250000	0	0	46426	5189		0.92852	0
6	62250000	62300000	18996	114	33157	23526	0.00600126	0.66314	0.807447
6	62300000	62350000	25481	145	29908	26017	0.00569051	0.59816	0.979398
6	62350000	62400000	31045	226	15542	31730	0.00727976	0.31084	0.978412
6	62400000	62450000	29042	168	25366	29312	0.00578473	0.50732	0.990789
6	62450000	62500000	23568	116	25412	24024	0.00492193	0.50824	0.981019
6	62500000	62550000	32018	189	17139	32976	0.00590293	0.34278	0.970949
6	62550000	62600000	28222	135	23162	28455	0.0047835	0.46324	0.991812
6	62600000	62650000	28884	199	20067	30129	0.00688963	0.40134	0.958678
6	62650000	62700000	31996	250	19343	32391	0.00781348	0.38686	0.987805
6	62700000	62750000	29776	158	20569	30101	0.00530629	0.41138	0.989203
6	62750000	62800000	26741	201	27647	27203	0.00751655	0.55294	0.983017
6	62800000	62850000	24358	153	33937	24633	0.0062813	0.67874	0.988836
6	62850000	62900000	30075	268	23623	31135	0.00891106	0.47246	0.965955
6	62900000	62950000	25583	187	28720	26144	0.00730954	0.5744	0.978542
6	62950000	63000000	32124	238	15787	33134	0.00740879	0.31574	0.969518
6	63000000	63050000	26059	195	29604	28312	0.00748302	0.59208	0.920422
6	63050000	63100000	27545	215	26928	27917	0.00780541	0.53856	0.986675
6	63100000	63150000	20734	183	32973	21005	0.00882608	0.65946	0.987098
6	63150000	63200000	29646	184	23287	30068	0.00620657	0.46574	0.985965
6	63200000	63250000	28504	171	24686	28766	0.00599916	0.49372	0.990892
6	63250000	63300000	20322	215	28164	22551	0.0105797	0.56328	0.901157
6	63300000	63350000	27863	244	32921	28218	0.00875713	0.65842	0.987419
6	63350000	63400000	27424	180	28371	27984	0.00656359	0.56742	0.979989
6	63400000	63450000	25423	154	32793	26136	0.00605751	0.65586	0.97272
6	63450000	63500000	29010	210	22132	30112	0.00723888	0.44264	0.963403
6	63500000	63550000	16164	128	37595	16744	0.00791883	0.7519	0.965361
6	63550000	63600000	7762	76	45917	14057	0.00979129	0.91834	0.55218
6	63600000	63650000	26388	177	32672	26663	0.00670759	0.65344	0.989686
6	63650000	63700000	23412	175	32168	23707	0.0074748	0.64336	0.987556
6	63700000	63750000	22014	156	28672	22774	0.0070864	0.57344	0.966629
6	63750000	63800000	12920	148	38974	13133	0.0114551	0.77948	0.983781
6	63800000	63850000	22014	258	35280	22292	0.0117198	0.7056	0.987529
6	63850000	63900000	21446	154	31912	21686	0.00718083	0.63824	0.988933
6	63900000	63950000	18915	153	25904	21816	0.00808882	0.51808	0.867024
6	63950000	64000000	29402	204	18968	29711	0.0069383	0.37936	0.9896
6	64000000	64050000	21802	150	33957	22586	0.0068801	0.67914	0.965288
6	64050000	64100000	23351	133	32184	23598	0.00569569	0.64368	0.989533
6	64100000	64150000	20378	145	33036	20552	0.00711552	0.66072	0.991534
6	64150000	64200000	20145	135	31324	20658	0.00670141	0.62648	0.975167
6	64200000	64250000	24268	130	24158	24549	0.00535685	0.48316	0.988554
6	64250000	64300000	21594	96	24816	22446	0.00444568	0.49632	0.962042
6	64300000	64350000	24381	129	25549	24602	0.00529101	0.51098	0.991017
6	64350000	64400000	28432	119	23924	29219	0.00418542	0.47848	0.973065
6	64400000	64450000	28699	108	20190	30436	0.0037632	0.4038	0.942929
6	64450000	64500000	16798	83	29317	23635	0.00494106	0.58634	0.710726
6	64500000	64550000	25203	149	27591	25737	0.00591199	0.55182	0.979252
6	64550000	64600000	17516	103	28087	22306	0.00588034	0.56174	0.78526
6	64600000	64650000	26138	171	25155	26386	0.0065422	0.5031	0.990601
6	64650000	64700000	24174	176	26691	25047	0.00728055	0.53382	0.965146
6	64700000	64750000	23016	172	30847	23199	0.00747306	0.61694	0.992112
6	64750000	64800000	31737	198	16694	32052	0.00623877	0.33388	0.990172
6	64800000	64850000	24278	172	28342	26076	0.0070846	0.56684	0.931048
6	64850000	64900000	32107	215	18298	32391	0.00669636	0.36596	0.991232
6	64900000	64950000	26397	174	23269	26671	0.00659166	0.46538	0.989727
6	64950000	65000000	30160	166	23324	30463	0.00550398	0.46648	0.990054
6	65000000	65050000	8629	56	39560	17106	0.00648974	0.7912	0.504443
6	65050000	65100000	26228	234	23795	27763	0.00892176	0.4759	0.944711
6	65100000	65150000	24620	129	22738	26621	0.00523964	0.45476	0.924834
6	65150000	65200000	24540	182	26819	24820	0.00741646	0.53638	0.988719
6	65200000	65250000	28701	187	14505	31560	0.00651545	0.2901	0.909411
6	65250000	65300000	23603	413	26674	24083	0.0174978	0.53348	0.980069
6	65300000	65350000	29489	270	22027	29722	0.00915596	0.44054	0.992161
6	65350000	65400000	24023	198	30171	24226	0.0082421	0.60342	0.991621
6	65400000	65450000	25748	206	28205	25841	0.00800062	0.5641	0.996401
6	65450000	65500000	23909	121	24718	29134	0.00506086	0.49436	0.820656
6	65500000	65550000	28711	215	13431	33515	0.00748842	0.26862	0.856661
6	65550000	65600000	29567	202	25570	29830	0.00683194	0.5114	0.991183
6	65600000	65650000	28898	195	25901	29201	0.00674787	0.51802	0.989624
6	65650000	65700000	25891	219	23219	28808	0.00845854	0.46438	0.898743
6	65700000	65750000	20190	243	31409	24554	0.0120357	0.62818	0.822269
6	65750000	65800000	29293	308	20019	33234	0.0105145	0.40038	0.881417
6	65800000	65850000	30539	210	23990	30768	0.00687645	0.4798	0.992557
6	65850000	65900000	27780	154	21967	30525	0.00554356	0.43934	0.910074
6	65900000	65950000	24137	189	27805	29419	0.0078303	0.5561	0.820456
6	65950000	66000000	21965	148	23743	22186	0.00673799	0.47486	0.990039
6	66000000	66050000	12827	106	22835	13957	0.00826382	0.4567	0.919037
6	66050000	66100000	27839	311	21969	28030	0.0111714	0.43938	0.993186
6	66100000	66150000	28378	230	30564	28632	0.00810487	0.61128	0.991129
6	66150000	66200000	24928	144	22239	25684	0.00577664	0.44478	0.970565
6	66200000	66250000	27946	235	27504	28214	0.00840907	0.55008	0.990501
6	66250000	66300000	27967	194	22352	28292	0.00693675	0.44704	0.988513
6	66300000	66350000	25291	193	23559	28448	0.00763117	0.47118	0.889026
6	66350000	66400000	24486	110	28302	27198	0.00449236	0.56604	0.900287
6	66400000	66450000	27696	162	23251	28269	0.00584922	0.46502	0.97973
6	66450000	66500000	22709	143	31901	22982	0.00629706	0.63802	0.988121
6	66500000	66550000	29553	245	20211	29864	0.00829019	0.40422	0.989586
6	66550000	66600000	26526	166	22522	27813	0.00625801	0.45044	0.953727
6	66600000	66650000	28782	187	29172	29060	0.00649712	0.58344	0.990434
6	66650000	66700000	27192	200	22966	29284	0.0073551	0.45932	0.928562
6	66700000	66750000	26639	208	29442	28395	0.0078081	0.58884	0.938158
6	66750000	66800000	23379	190	27645	29269	0.00812695	0.5529	0.798763
6	66800000	66850000	25915	227	29810	27531	0.00875941	0.5962	0.941303
6	66850000	66900000	26460	249	34990	26882	0.00941043	0.6998	0.984302
6	66900000	66950000	27535	237	26572	27934	0.00860723	0.53144	0.985716
6	66950000	67000000	20924	165	38546	21162	0.00788568	0.77092	0.988753
6	67000000	67050000	29822	181	22249	31062	0.00606934	0.44498	0.96008
6	67050000	67100000	24995	155	30132	25351	0.00620124	0.60264	0.985957
6	67100000	67150000	28390	247	23038	28895	0.00870025	0.46076	0.982523
6	67150000	67200000	28127	240	23400	28473	0.00853273	0.468	0.987848
6	67200000	67250000	26975	239	26618	27242	0.00886006	0.53236	0.990199
6	67250000	67300000	24650	156	29776	24927	0.0063286	0.59552	0.988888
6	67300000	67350000	22117	136	35967	22406	0.00614912	0.71934	0.987102
6	67350000	67400000	25103	184	25791	26068	0.0073298	0.51582	0.962981
6	67400000	67450000	26760	197	32115	27133	0.00736173	0.6423	0.986253
6	67450000	67500000	30026	250	23857	30620	0.00832612	0.47714	0.980601
6	67500000	67550000	29236	203	24509	29587	0.00694349	0.49018	0.988137
6	67550000	67600000	23990	163	35483	24276	0.0067945	0.70966	0.988219
6	67600000	67650000	28533	222	26864	28857	0.00778046	0.53728	0.988772
6	67650000	67700000	26686	231	28335	28468	0.00865622	0.5667	0.937403
6	67700000	67750000	26896	249	28183	27193	0.00925788	0.56366	0.989078
6	67750000	67800000	26293	236	34990	26920	0.00897577	0.6998	0.976709
6	67800000	67850000	25068	180	23123	26887	0.00718047	0.46246	0.932346
6	67850000	67900000	27640	194	22033	28748	0.00701881	0.44066	0.961458
6	67900000	67950000	24744	171	33502	27002	0.00691077	0.67004	0.916377
6	67950000	68000000	18788	139	28354	25373	0.00739834	0.56708	0.740472
6	68000000	68050000	24398	174	28458	25072	0.00713173	0.56916	0.973117
6	68050000	68100000	30646	224	24490	31588	0.00730927	0.4898	0.970179
6	68100000	68150000	22906	175	31277	24734	0.00763992	0.62554	0.926094
6	68150000	68200000	27258	218	24797	27652	0.00799765	0.49594	0.985751
6	68200000	68250000	27592	236	26895	28079	0.0085532	0.5379	0.982656
6	68250000	68300000	20425	202	39650	20975	0.00988984	0.793	0.973778
6	68300000	68350000	26264	183	25517	26974	0.00696771	0.51034	0.973678
6	68350000	68400000	25877	158	30766	27193	0.00610581	0.61532	0.951605
6	68400000	68450000	22915	199	35484	23261	0.00868427	0.70968	0.985125
6	68450000	68500000	30250	198	22010	30757	0.00654545	0.4402	0.983516
6	68500000	68550000	25710	219	33268	26628	0.00851809	0.66536	0.965525
6	68550000	68600000	14543	112	47240	18359	0.0077013	0.9448	0.792146
6	68600000	68650000	24148	210	29722	24507	0.00869637	0.59444	0.985351
6	68650000	68700000	26547	231	25315	27448	0.00870155	0.5063	0.967174
6	68700000	68750000	29190	213	27909	29483	0.00729702	0.55818	0.990062
6	68750000	68800000	20621	104	24409	28822	0.0050434	0.48818	0.71546
6	68800000	68850000	26363	184	30083	26637	0.00697948	0.60166	0.989714
6	68850000	68900000	25504	127	25410	28226	0.00497961	0.5082	0.903564
6	68900000	68950000	24569	207	28009	24931	0.00842525	0.56018	0.98548
6	68950000	69000000	22329	184	30516	22626	0.0082404	0.61032	0.986874
6	69000000	69050000	23685	196	26130	25741	0.00827528	0.5226	0.920127
6	69050000	69100000	27412	147	33098	27911	0.00536261	0.66196	0.982122
6	69100000	69150000	31120	173	25137	31490	0.00555913	0.50274	0.98825
6	69150000	69200000	24917	162	28464	25150	0.00650159	0.56928	0.990736
6	69200000	69250000	21241	200	35676	21495	0.00941575	0.71352	0.988183
6	69250000	69300000	26321	174	28462	26886	0.00661069	0.56924	0.978985
6	69300000	69350000	23753	152	29316	24104	0.00639919	0.58632	0.985438
6	69350000	69400000	32517	196	15785	32814	0.00602762	0.3157	0.990949
6	69400000	69450000	33641	169	15045	33968	0.00502363	0.3009	0.990373
6	69450000	69500000	25133	141	19785	26947	0.00561015	0.3957	0.932683
6	69500000	69550000	31054	172	16986	31512	0.00553874	0.33972	0.985466
6	69550000	69600000	25956	145	25390	26250	0.00558638	0.5078	0.9888
6	69600000	69650000	30573	162	17055	31042	0.00529879	0.3411	0.984891
6	69650000	69700000	34617	193	15647	34926	0.0055753	0.31294	0.991153
6	69700000	69750000	31621	241	17533	32034	0.00762152	0.35066	0.987107
6	69750000	69800000	32167	216	15685	32476	0.00671496	0.3137	0.990485
6	69800000	69850000	27244	200	19699	27836	0.00734107	0.39398	0.978733
6	69850000	69900000	25861	243	28025	27257	0.00939639	0.5605	0.948784
6	69900000	69950000	31058	211	14632	31321	0.00679374	0.29264	0.991603
6	69950000	70000000	32272	201	14806	32588	0.00622831	0.29612	0.990303
6	70000000	70050000	33038	221	17210	33398	0.00668927	0.3442	0.989221
6	70050000	70100000	32543	202	13325	32850	0.00620717	0.2665	0.990654
6	70100000	70150000	26936	185	24182	27221	0.00686813	0.48364	0.98953
6	70150000	70200000	18057	133	39449	18252	0.00736556	0.78898	0.989316
6	70200000	70250000	20699	181	35708	21101	0.00874438	0.71416	0.980949
6	70250000	70300000	27096	205	24079	27401	0.00756569	0.48158	0.988869
6	70300000	70350000	29371	199	30101	29976	0.00677539	0.60202	0.979817
6	70350000	70400000	28270	209	23809	28479	0.007393	0.47618	0.992661
6	70400000	70450000	27410	208	25607	28364	0.00758847	0.51214	0.966366
6	70450000	70500000	29476	179	28233	29802	0.00607274	0.56466	0.989061
6	70500000	70550000	30423	184	23116	30904	0.00604806	0.46232	0.984436
6	70550000	70600000	29998	161	19924	30250	0.00536702	0.39848	0.991669
6	70600000	70650000	27209	142	23233	27505	0.00521886	0.46466	0.989238
6	70650000	70700000	34482	191	16558	34853	0.00553912	0.33116	0.989355
6	70700000	70750000	21906	87	33082	22425	0.00397151	0.66164	0.976856
6	70750000	70800000	28382	132	20760	29458	0.00465084	0.4152	0.963473
6	70800000	70850000	31630	193	14866	31899	0.0061018	0.29732	0.991567
6	70850000	70900000	33710	195	14927	34092	0.00578463	0.29854	0.988795
6	70900000	70950000	33964	197	11612	34213	0.00580026	0.23224	0.992722
6	70950000	71000000	32699	188	9267	33067	0.00574941	0.18534	0.988871
6	71000000	71050000	22921	136	23650	23152	0.00593342	0.473	0.990022
6	71050000	71100000	23814	172	29866	24735	0.00722264	0.59732	0.962765
6	71100000	71150000	29204	141	22626	29494	0.00482811	0.45252	0.990167
6	71150000	71200000	25310	109	25509	25502	0.0043066	0.51018	0.992471
6	71200000	71250000	25045	110	27338	25289	0.00439209	0.54676	0.990352
6	71250000	71300000	24121	129	29302	24659	0.00534804	0.58604	0.978182
6	71300000	71350000	18016	125	33764	18457	0.00693828	0.67528	0.976107
6	71350000	71400000	26633	111	27328	27284	0.00416776	0.54656	0.97614
6	71400000	71450000	21307	100	33446	21502	0.00469329	0.66892	0.990931
6	71450000	71500000	17858	98	32086	18002	0.00548774	0.64172	0.992001
6	71500000	71550000	25706	90	25833	25944	0.00350113	0.51666	0.990826
6	71550000	71600000	27147	143	18044	33409	0.00526762	0.36088	0.812565
6	71600000	71650000	14132	112	37190	18432	0.00792528	0.7438	0.76671
6	71650000	71700000	24704	133	23969	24928	0.00538374	0.47938	0.991014
6	71700000	71750000	21657	129	36140	22004	0.0059565	0.7228	0.98423
6	71750000	71800000	29522	203	19758	29833	0.00687623	0.39516	0.989575
6	71800000	71850000	22764	203	34140	23305	0.00891759	0.6828	0.976786
6	71850000	71900000	23782	184	29542	24020	0.00773694	0.59084	0.990092
6	71900000	71950000	30627	190	30657	30985	0.00620368	0.61314	0.988446
6	71950000	72000000	24951	170	27317	25448	0.00681335	0.54634	0.98047
6	72000000	72050000	31427	197	16522	32492	0.0062685	0.33044	0.967223
6	72050000	72100000	27944	109	22362	28142	0.00390066	0.44724	0.992964
6	72100000	72150000	30400	150	13532	30609	0.00493421	0.27064	0.993172
6	72150000	72200000	30591	203	25254	30915	0.00663594	0.50508	0.98952
6	72200000	72250000	30492	205	22745	30786	0.00672307	0.4549	0.99045
6	72250000	72300000	25298	197	29140	25540	0.00778718	0.5828	0.990525
6	72300000	72350000	29186	182	25696	29468	0.00623587	0.51392	0.99043
6	72350000	72400000	31014	170	22705	31353	0.0054814	0.4541	0.989188
6	72400000	72450000	31858	161	26328	32198	0.00505368	0.52656	0.98944
6	72450000	72500000	25365	163	31504	25703	0.00642618	0.63008	0.98685
6	72500000	72550000	19288	128	37880	19650	0.00663625	0.7576	0.981578
6	72550000	72600000	29934	141	30101	30379	0.00471036	0.60202	0.985352
6	72600000	72650000	32208	144	18831	33265	0.00447094	0.37662	0.968225
6	72650000	72700000	31763	145	17973	32709	0.00456506	0.35946	0.971078
6	72700000	72750000	28517	128	21107	28778	0.00448855	0.42214	0.990931
6	72750000	72800000	30747	134	19939	31040	0.00435815	0.39878	0.990561
6	72800000	72850000	25353	125	24218	25579	0.00493038	0.48436	0.991165
6	72850000	72900000	23038	138	32037	23238	0.0059901	0.64074	0.991393
6	72900000	72950000	32137	146	13181	32365	0.00454305	0.26362	0.992955
6	72950000	73000000	33869	105	8579	34104	0.00310018	0.17158	0.993109
6	73000000	73050000	31596	116	13581	31931	0.00367135	0.27162	0.989509
6	73050000	73100000	32784	157	16394	33050	0.00478892	0.32788	0.991952
6	73100000	73150000	28997	101	20588	29692	0.00348312	0.41176	0.976593
6	73150000	73200000	27363	151	22401	27601	0.0055184	0.44802	0.991377
6	73200000	73250000	28945	184	25925	29209	0.00635688	0.5185	0.990962
6	73250000	73300000	24315	162	30158	24538	0.00666255	0.60316	0.990912
6	73300000	73350000	27751	130	24931	27984	0.00468452	0.49862	0.991674
6	73350000	73400000	30497	142	17145	30733	0.0046562	0.3429	0.992321
6	73400000	73450000	30301	172	18415	30924	0.00567638	0.3683	0.979854
6	73450000	73500000	33152	200	22326	33988	0.00603282	0.44652	0.975403
6	73500000	73550000	28111	203	19765	28702	0.00722137	0.3953	0.979409
6	73550000	73600000	30419	189	19244	30714	0.00621322	0.38488	0.990395
6	73600000	73650000	27385	154	22184	27586	0.00562352	0.44368	0.992714
6	73650000	73700000	23008	147	20582	23341	0.00638908	0.41164	0.985733
6	73700000	73750000	28069	120	24158	28302	0.00427518	0.48316	0.991767
6	73750000	73800000	27617	146	22452	27887	0.0052866	0.44904	0.990318
6	73800000	73850000	26409	109	23139	26580	0.00412738	0.46278	0.993567
6	73850000	73900000	30355	104	22023	30573	0.00342612	0.44046	0.99287
6	73900000	73950000	18028	91	24503	18175	0.0050477	0.49006	0.991912
6	73950000	74000000	15804	52	30717	16728	0.00329031	0.61434	0.944763
6	74000000	74050000	13612	66	31946	17540	0.00484866	0.63892	0.776055
6	74050000	74100000	18488	104	28822	18770	0.00562527	0.57644	0.984976
6	74100000	74150000	19431	96	28538	19627	0.00494056	0.57076	0.990014
6	74150000	74200000	12383	71	34731	14035	0.00573367	0.69462	0.882294
6	74200000	74250000	17874	77	27318	18267	0.00430793	0.54636	0.978486
6	74250000	74300000	15249	56	30872	15819	0.00367237	0.61744	0.963967
6	74300000	74350000	17410	124	31317	17845	0.00712234	0.62634	0.975623
6	74350000	74400000	18075	108	31333	18344	0.0059751	0.62666	0.985336
6	74400000	74450000	24537	100	23729	24725	0.00407548	0.47458	0.992396
6	74450000	74500000	26657	132	21510	28187	0.0049518	0.4302	0.94572
6	74500000	74550000	27970	154	21468	28242	0.0055059	0.42936	0.990369
6	74550000	74600000	25253	153	28722	25466	0.00605869	0.57444	0.991636
6	74600000	74650000	16174	98	40856	16298	0.00605911	0.81712	0.992392
6	74650000	74700000	24948	95	26747	25196	0.00380792	0.53494	0.990157
6	74700000	74750000	15958	142	35938	16218	0.00889836	0.71876	0.983968
6	74750000	74800000	25902	191	24163	26824	0.00737395	0.48326	0.965628
6	74800000	74850000	26207	192	24665	28502	0.00732629	0.4933	0.919479
6	74850000	74900000	25973	148	32796	26213	0.00569823	0.65592	0.990844
6	74900000	74950000	18355	125	38835	20268	0.00681013	0.7767	0.905615
6	74950000	75000000	24934	146	22377	26632	0.00585546	0.44754	0.936242
6	75000000	75050000	23800	118	28389	24080	0.00495798	0.56778	0.988372
6	75050000	75100000	23603	135	27667	23793	0.00571961	0.55334	0.992014
6	75100000	75150000	24373	182	29899	24623	0.00746728	0.59798	0.989847
6	75150000	75200000	18601	129	34385	18829	0.00693511	0.6877	0.987891
6	75200000	75250000	20747	180	40155	21484	0.00867595	0.8031	0.965695
6	75250000	75300000	23059	173	31614	23290	0.00750249	0.63228	0.990082
6	75300000	75350000	26327	192	22811	26592	0.00729289	0.45622	0.990035
6	75350000	75400000	25960	169	29091	26572	0.00651002	0.58182	0.976968
6	75400000	75450000	27327	199	27695	28201	0.00728218	0.5539	0.969008
6	75450000	75500000	27053	118	24661	27350	0.00436181	0.49322	0.989141
6	75500000	75550000	20965	92	37295	21549	0.00438827	0.7459	0.972899
6	75550000	75600000	26249	114	27134	26467	0.00434302	0.54268	0.991763
6	75600000	75650000	27334	146	25013	27588	0.00534133	0.50026	0.990793
6	75650000	75700000	26380	145	27849	27348	0.00549659	0.55698	0.964604
6	75700000	75750000	19115	125	34457	20013	0.00653937	0.68914	0.955129
6	75750000	75800000	31450	201	24683	31717	0.0063911	0.49366	0.991582
6	75800000	75850000	33470	146	7662	33740	0.00436212	0.15324	0.991998
6	75850000	75900000	30185	137	13832	30447	0.00453868	0.27664	0.991395
6	75900000	75950000	30514	168	15689	30777	0.00550567	0.31378	0.991455
6	75950000	76000000	29327	135	19284	29635	0.00460327	0.38568	0.989607
6	76000000	76050000	29989	136	16380	30223	0.004535	0.3276	0.992258
6	76050000	76100000	28507	126	21376	28705	0.00441997	0.42752	0.993102
6	76100000	76150000	28145	152	20165	28322	0.0054006	0.4033	0.99375
6	76150000	76200000	30826	144	17237	31082	0.00467138	0.34474	0.991764
6	76200000	76250000	29389	155	27101	29583	0.00527408	0.54202	0.993442
6	76250000	76300000	17300	114	35740	17426	0.0065896	0.7148	0.992769
6	76300000	76350000	24823	86	27908	25030	0.00346453	0.55816	0.99173
6	76350000	76400000	23471	76	28179	23677	0.00323804	0.56358	0.9913
6	76400000	76450000	21494	77	27320	21706	0.0035824	0.5464	0.990233
6	76450000	76500000	21159	83	24241	21607	0.00392268	0.48482	0.979266
6	76500000	76550000	24286	173	25085	24667	0.00712345	0.5017	0.984554
6	76550000	76600000	27876	128	18670	28084	0.00459176	0.3734	0.992594
6	76600000	76650000	26434	138	16161	28431	0.00522055	0.32322	0.92976
6	76650000	76700000	23009	143	28356	23943	0.00621496	0.56712	0.960991
6	76700000	76750000	29596	199	21801	29869	0.00672388	0.43602	0.99086
6	76750000	76800000	27542	203	27801	28141	0.00737056	0.55602	0.978714
6	76800000	76850000	16568	118	35763	16876	0.00712216	0.71526	0.981749
6	76850000	76900000	21239	137	32142	21485	0.0064504	0.64284	0.98855
6	76900000	76950000	23554	174	29192	23898	0.00738728	0.58384	0.985605
6	76950000	77000000	22951	212	34159	23259	0.00923707	0.68318	0.986758
6	77000000	77050000	20429	139	34912	21538	0.00680405	0.69824	0.94851
6	77050000	77100000	19991	154	34205	20428	0.00770347	0.6841	0.978608
6	77100000	77150000	27112	186	26738	28215	0.00686043	0.53476	0.960907
6	77150000	77200000	25900	160	31481	26132	0.00617761	0.62962	0.991122
6	77200000	77250000	22644	139	35069	23170	0.00613849	0.70138	0.977298
6	77250000	77300000	30658	234	26456	31016	0.00763259	0.52912	0.988458
6	77300000	77350000	20908	142	36321	21100	0.00679166	0.72642	0.9909
6	77350000	77400000	20704	117	23126	31003	0.00565108	0.46252	0.667806
6	77400000	77450000	14511	82	26417	28934	0.00565089	0.52834	0.501521
6	77450000	77500000	22516	148	38245	22780	0.0065731	0.7649	0.988411
6	77500000	77550000	24747	167	32531	25002	0.00674829	0.65062	0.989801
6	77550000	77600000	26795	175	25971	27030	0.00653107	0.51942	0.991306
6	77600000	77650000	22079	108	35220	24524	0.00489153	0.7044	0.900302
6	77650000	77700000	18243	131	38807	18710	0.00718084	0.77614	0.97504
6	77700000	77750000	29984	168	27867	30331	0.00560299	0.55734	0.98856
6	77750000	77800000	19467	139	38373	19750	0.00714029	0.76746	0.985671
6	77800000	77850000	27438	126	25668	28300	0.00459217	0.51336	0.969541
6	77850000	77900000	24779	128	37885	25069	0.00516566	0.7577	0.988432
6	77900000	77950000	23989	213	30588	24277	0.00887907	0.61176	0.988137
6	77950000	78000000	25338	171	31658	25588	0.00674876	0.63316	0.99023
6	78000000	78050000	27385	180	28260	27966	0.00657294	0.5652	0.979225
6	78050000	78100000	27270	171	30305	27508	0.00627063	0.6061	0.991348
6	78100000	78150000	30742	201	24840	31236	0.00653829	0.4968	0.984185
6	78150000	78200000	30745	132	21122	32282	0.00429338	0.42244	0.952388
6	78200000	78250000	23082	133	28375	24072	0.00576207	0.5675	0.958873
6	78250000	78300000	30205	236	22849	31646	0.00781328	0.45698	0.954465
6	78300000	78350000	24808	124	28532	25178	0.00499839	0.57064	0.985305
6	78350000	78400000	26381	106	23937	26602	0.00401804	0.47874	0.991692
6	78400000	78450000	16593	110	33579	17149	0.0066293	0.67158	0.967578
6	78450000	78500000	18772	108	35152	19251	0.00575325	0.70304	0.975118
6	78500000	78550000	24854	108	30725	25041	0.00434538	0.6145	0.992532
6	78550000	78600000	21362	140	28985	22952	0.00655369	0.5797	0.930725
6	78600000	78650000	24863	170	30970	25219	0.00683747	0.6194	0.985884
6	78650000	78700000	23766	110	36220	24001	0.00462846	0.7244	0.990209
6	78700000	78750000	24656	176	27490	26384	0.00713822	0.5498	0.934506
6	78750000	78800000	26911	202	37166	27218	0.00750622	0.74332	0.988721
6	78800000	78850000	23985	200	31112	24213	0.00833854	0.62224	0.990584
6	78850000	78900000	24441	190	34578	24902	0.00777382	0.69156	0.981487
6	78900000	78950000	25505	176	29798	25763	0.00690061	0.59596	0.989986
6	78950000	79000000	26601	194	30904	26904	0.00729296	0.61808	0.988738
6	79000000	79050000	29558	179	26339	29838	0.00605589	0.52678	0.990616
6	79050000	79100000	25767	197	34110	26004	0.00764544	0.6822	0.990886
6	79100000	79150000	24586	164	29831	25161	0.00667046	0.59662	0.977147
6	79150000	79200000	25930	186	27075	26629	0.00717316	0.5415	0.97375
6	79200000	79250000	31501	195	22769	31881	0.00619028	0.45538	0.988081
6	79250000	79300000	24040	148	28144	24313	0.00615641	0.56288	0.988771
6	79300000	79350000	32565	191	16173	32826	0.00586519	0.32346	0.992049
6	79350000	79400000	17051	121	35763	17222	0.00709636	0.71526	0.990071
6	79400000	79450000	20730	126	30485	22061	0.00607815	0.6097	0.939667
6	79450000	79500000	16681	122	42801	16941	0.00731371	0.85602	0.984653
6	79500000	79550000	18792	94	35904	19109	0.00500213	0.71808	0.983411
6	79550000	79600000	24313	104	28622	24964	0.00427755	0.57244	0.973922
6	79600000	79650000	22100	76	30005	22253	0.00343891	0.6001	0.993125
6	79650000	79700000	28078	92	18708	28352	0.00327659	0.37416	0.990336
6	79700000	79750000	29272	115	18488	30690	0.00392867	0.36976	0.953796
6	79750000	79800000	31557	124	15139	31836	0.0039294	0.30278	0.991236
6	79800000	79850000	24146	113	39218	24419	0.00467986	0.78436	0.98882
6	79850000	79900000	30876	153	23981	31163	0.00495531	0.47962	0.99079
6	79900000	79950000	31561	163	17976	31837	0.0051646	0.35952	0.991331
6	79950000	80000000	20659	132	38450	20842	0.00638947	0.769	0.99122
6	80000000	80050000	21351	145	33767	21551	0.00679125	0.67534	0.99072
6	80050000	80100000	21859	141	29199	22102	0.00645043	0.58398	0.989006
6	80100000	80150000	33138	204	18006	33385	0.00615607	0.36012	0.992601
6	80150000	80200000	29173	176	25706	29455	0.00603298	0.51412	0.990426
6	80200000	80250000	27594	154	25939	27824	0.00558092	0.51878	0.991734
6	80250000	80300000	24139	141	30379	24390	0.00584117	0.60758	0.989709
6	80300000	80350000	29846	173	22475	30281	0.00579642	0.4495	0.985635
6	80350000	80400000	26094	135	24633	26913	0.0051736	0.49266	0.969569
6	80400000	80450000	29647	157	18147	29949	0.00529565	0.36294	0.989916
6	80450000	80500000	27941	162	26879	29251	0.00579793	0.53758	0.955215
6	80500000	80550000	31826	208	21348	32118	0.00653554	0.42696	0.990909
6	80550000	80600000	24223	139	30769	25297	0.00573835	0.61538	0.957544
6	80600000	80650000	30702	158	22258	32471	0.00514624	0.44516	0.945521
6	80650000	80700000	26297	142	28848	26513	0.00539986	0.57696	0.991853
6	80700000	80750000	30289	149	26142	30499	0.00491928	0.52284	0.993115
6	80750000	80800000	22562	114	24678	23131	0.00505274	0.49356	0.975401
6	80800000	80850000	22139	116	30019	22801	0.00523962	0.60038	0.970966
6	80850000	80900000	30011	184	24642	30441	0.00613109	0.49284	0.985874
6	80900000	80950000	30362	136	22936	30594	0.00447928	0.45872	0.992417
6	80950000	81000000	32870	171	12514	33118	0.00520231	0.25028	0.992512
6	81000000	81050000	24619	167	26573	24831	0.00678338	0.53146	0.991462
6	81050000	81100000	22012	128	27913	22197	0.00581501	0.55826	0.991666
6	81100000	81150000	16751	91	43123	16926	0.00543251	0.86246	0.989661
6	81150000	81200000	28636	173	24400	28845	0.00604135	0.488	0.992754
6	81200000	81250000	22365	130	29172	23713	0.00581265	0.58344	0.943154
6	81250000	81300000	28040	160	20771	28235	0.00570613	0.41542	0.993094
6	81300000	81350000	20260	129	31515	20439	0.00636723	0.6303	0.991242
6	81350000	81400000	23869	161	25840	24092	0.00674515	0.5168	0.990744
6	81400000	81450000	30641	194	21769	31479	0.00633139	0.43538	0.973379
6	81450000	81500000	23037	168	30774	23432	0.00729262	0.61548	0.983143
6	81500000	81550000	21651	189	32693	22225	0.00872939	0.65386	0.974173
6	81550000	81600000	21399	136	33463	21665	0.00635544	0.66926	0.987722
6	81600000	81650000	24061	124	33230	24427	0.00515357	0.6646	0.985017
6	81650000	81700000	32628	187	25050	33014	0.00573127	0.501	0.988308
6	81700000	81750000	23190	153	38366	25440	0.00659767	0.76732	0.911557
6	81750000	81800000	28965	209	21847	29258	0.00721561	0.43694	0.989986
6	81800000	81850000	23972	179	36264	24223	0.00746704	0.72528	0.989638
6	81850000	81900000	25992	208	26410	26280	0.00800246	0.5282	0.989041
6	81900000	81950000	26247	208	30617	26601	0.00792472	0.61234	0.986692
6	81950000	82000000	23755	193	32174	24362	0.00812461	0.64348	0.975084
6	82000000	82050000	28749	174	23527	29028	0.00605238	0.47054	0.990389
6	82050000	82100000	23308	136	25480	23719	0.00583491	0.5096	0.982672
6	82100000	82150000	21472	178	33501	21785	0.00828987	0.67002	0.985632
6	82150000	82200000	26329	197	26177	27383	0.00748224	0.52354	0.961509
6	82200000	82250000	24905	170	27684	25129	0.00682594	0.55368	0.991086
6	82250000	82300000	24815	142	26953	25026	0.00572235	0.53906	0.991569
6	82300000	82350000	30116	187	25820	30404	0.00620932	0.5164	0.990528
6	82350000	82400000	25681	176	24971	25979	0.00685332	0.49942	0.988529
6	82400000	82450000	32029	157	18422	32977	0.00490181	0.36844	0.971253
6	82450000	82500000	31398	138	14178	31625	0.00439518	0.28356	0.992822
6	82500000	82550000	32059	207	22400	32320	0.00645685	0.448	0.991925
6	82550000	82600000	24610	145	27700	24839	0.00589191	0.554	0.990781
6	82600000	82650000	28699	176	19896	31513	0.00613262	0.39792	0.910704
6	82650000	82700000	22330	99	29248	23185	0.0044335	0.58496	0.963123
6	82700000	82750000	30492	118	25774	30744	0.00386987	0.51548	0.991803
6	82750000	82800000	29735	181	25052	29987	0.0060871	0.50104	0.991596
6	82800000	82850000	20542	135	34160	20704	0.0065719	0.6832	0.992175
6	82850000	82900000	22971	130	26982	23175	0.00565931	0.53964	0.991197
6	82900000	82950000	26917	113	20386	27114	0.00419809	0.40772	0.992734
6	82950000	83000000	20062	111	28362	20224	0.00553285	0.56724	0.99199
6	83000000	83050000	19311	146	35291	19540	0.00756046	0.70582	0.98828
6	83050000	83100000	27266	130	24666	27647	0.00476784	0.49332	0.986219
6	83100000	83150000	29106	143	20921	29337	0.00491308	0.41842	0.992126
6	83150000	83200000	20548	107	37214	20733	0.00520732	0.74428	0.991077
6	83200000	83250000	21923	97	29385	22353	0.00442458	0.5877	0.980763
6	83250000	83300000	23107	111	33257	23293	0.00480374	0.66514	0.992015
6	83300000	83350000	27620	99	30574	27992	0.00358436	0.61148	0.98671
6	83350000	83400000	28121	126	26109	28350	0.00448064	0.52218	0.991922
6	83400000	83450000	25170	162	26814	26039	0.00643623	0.53628	0.966627
6	83450000	83500000	28723	143	24566	29145	0.00497859	0.49132	0.985521
6	83500000	83550000	20764	133	32805	20989	0.00640532	0.6561	0.98928
6	83550000	83600000	25460	196	31433	25673	0.00769835	0.62866	0.991703
6	83600000	83650000	28562	184	20770	28755	0.00644213	0.4154	0.993288
6	83650000	83700000	24206	151	29064	24692	0.00623812	0.58128	0.980318
6	83700000	83750000	21864	103	32516	22068	0.00471094	0.65032	0.990756
6	83750000	83800000	29068	153	23504	29660	0.00526352	0.47008	0.98004
6	83800000	83850000	30812	133	21526	31166	0.0043165	0.43052	0.988641
6	83850000	83900000	30559	147	17636	30850	0.00481037	0.35272	0.990567
6	83900000	83950000	29377	121	19296	29570	0.00411887	0.38592	0.993473
6	83950000	84000000	23934	95	28633	25375	0.00396925	0.57266	0.943212
6	84000000	84050000	15455	82	37506	15853	0.00530573	0.75012	0.974894
6	84050000	84100000	24151	92	28178	24374	0.00380937	0.56356	0.990851
6	84100000	84150000	25191	115	26851	25471	0.00456512	0.53702	0.989007
6	84150000	84200000	22781	103	31828	23228	0.00452131	0.63656	0.980756
6	84200000	84250000	22752	129	25789	23215	0.00566983	0.51578	0.980056
6	84250000	84300000	21842	129	29852	22105	0.00590605	0.59704	0.988102
6	84300000	84350000	26149	134	19966	26382	0.00512448	0.39932	0.991168
6	84350000	84400000	26947	164	29421	27588	0.00608602	0.58842	0.976765
6	84400000	84450000	27677	164	21138	27936	0.0059255	0.42276	0.990729
6	84450000	84500000	23645	177	31243	23895	0.00748573	0.62486	0.989538
6	84500000	84550000	26527	152	23505	26879	0.00573001	0.4701	0.986904
6	84550000	84600000	28665	145	26809	28917	0.00505843	0.53618	0.991285
6	84600000	84650000	25414	95	26645	26044	0.0037381	0.5329	0.97581
6	84650000	84700000	20035	89	34061	20777	0.00444223	0.68122	0.964287
6	84700000	84750000	27819	173	22701	29168	0.00621877	0.45402	0.953751
6	84750000	84800000	23372	144	29626	23839	0.00616122	0.59252	0.98041
6	84800000	84850000	19396	99	38558	19594	0.00510415	0.77116	0.989895
6	84850000	84900000	27049	105	26737	27298	0.00388184	0.53474	0.990878
6	84900000	84950000	24964	120	27901	25899	0.00480692	0.55802	0.963898
6	84950000	85000000	31912	193	18287	32180	0.00604788	0.36574	0.991672
6	85000000	85050000	24273	125	30646	24472	0.00514975	0.61292	0.991868
6	85050000	85100000	24534	155	28362	25288	0.00631776	0.56724	0.970183
6	85100000	85150000	33474	131	13558	33729	0.00391349	0.27116	0.99244
6	85150000	85200000	27213	117	26997	27431	0.00429942	0.53994	0.992053
6	85200000	85250000	31033	103	23911	31277	0.00331905	0.47822	0.992199
6	85250000	85300000	25108	103	31313	25267	0.00410228	0.62626	0.993707
6	85300000	85350000	21534	140	29822	21718	0.00650135	0.59644	0.991528
6	85350000	85400000	32158	159	18686	32436	0.00494434	0.37372	0.991429
6	85400000	85450000	22960	114	25390	23168	0.00496516	0.5078	0.991022
6	85450000	85500000	31736	151	9780	31961	0.004758	0.1956	0.99296
6	85500000	85550000	24356	105	29762	24529	0.00431105	0.59524	0.992947
6	85550000	85600000	29587	117	18339	29849	0.00395444	0.36678	0.991222
6	85600000	85650000	29858	116	23109	30075	0.00388506	0.46218	0.992785
6	85650000	85700000	18789	111	32986	19193	0.00590771	0.65972	0.978951
6	85700000	85750000	28396	168	20488	28597	0.00591633	0.40976	0.992971
6	85750000	85800000	27651	119	24279	29766	0.00430364	0.48558	0.928946
6	85800000	85850000	27270	135	21817	27512	0.0049505	0.43634	0.991204
6	85850000	85900000	24640	117	25193	24859	0.00474838	0.50386	0.99119
6	85900000	85950000	12355	66	35429	13650	0.00534197	0.70858	0.905128
6	85950000	86000000	26977	151	22043	27337	0.00559736	0.44086	0.986831
6	86000000	86050000	20032	117	30710	20206	0.00584065	0.6142	0.991389
6	86050000	86100000	23530	117	28518	23758	0.00497238	0.57036	0.990403
6	86100000	86150000	17502	84	28744	17745	0.00479945	0.57488	0.986306
6	86150000	86200000	30416	166	17912	30621	0.00545765	0.35824	0.993305
6	86200000	86250000	26412	113	22145	26620	0.00427836	0.4429	0.992186
6	86250000	86300000	21599	72	32162	21787	0.00333349	0.64324	0.991371
6	86300000	86350000	26694	142	14128	27199	0.00531955	0.28256	0.981433
6	86350000	86400000	21666	85	30554	22270	0.0039232	0.61108	0.972878
6	86400000	86450000	16933	77	40561	17283	0.00454733	0.81122	0.979749
6	86450000	86500000	13751	117	43560	13855	0.00850847	0.8712	0.992494
6	86500000	86550000	16450	146	40771	17061	0.00887538	0.81542	0.964187
6	86550000	86600000	10365	103	43285	11378	0.00993729	0.8657	0.910969
6	86600000	86650000	13416	97	42038	13512	0.00723017	0.84076	0.992895
6	86650000	86700000	21663	127	32583	21828	0.00586253	0.65166	0.992441
6	86700000	86750000	17154	121	33666	17415	0.00705375	0.67332	0.985013
6	86750000	86800000	14927	129	40632	15039	0.00864206	0.81264	0.992553
6	86800000	86850000	5329	56	41011	18655	0.0105085	0.82022	0.285661
6	86850000	86900000	8927	56	29970	22648	0.0062731	0.5994	0.394163
6	86900000	86950000	21180	125	36839	21395	0.00590179	0.73678	0.989951
6	86950000	87000000	20603	186	30841	20829	0.00902781	0.61682	0.98915
6	87000000	87050000	21643	166	36202	21865	0.00766992	0.72404	0.989847
6	87050000	87100000	26157	157	33754	26683	0.00600222	0.67508	0.980287
6	87100000	87150000	17866	138	27332	26936	0.00772417	0.54664	0.663276
6	87150000	87200000	21076	202	40155	21619	0.00958436	0.8031	0.974883
6	87200000	87250000	20878	147	36354	21096	0.0070409	0.72708	0.989666
6	87250000	87300000	17253	174	37850	17711	0.0100852	0.757	0.97414
6	87300000	87350000	27272	235	29583	27574	0.0086169	0.59166	0.989048
6	87350000	87400000	13139	117	41611	14004	0.00890479	0.83222	0.938232
6	87400000	87450000	18894	142	36870	19095	0.00751561	0.7374	0.989474
6	87450000	87500000	28802	183	25190	29481	0.00635373	0.5038	0.976968
6	87500000	87550000	18239	96	37901	19373	0.00526345	0.75802	0.941465
6	87550000	87600000	16966	101	36631	17134	0.00595308	0.73262	0.990195
6	87600000	87650000	20232	83	30760	20452	0.00410241	0.6152	0.989243
6	87650000	87700000	31367	145	22639	31583	0.00462269	0.45278	0.993161
6	87700000	87750000	24472	122	29220	24994	0.00498529	0.5844	0.979115
6	87750000	87800000	27110	118	22894	28258	0.00435264	0.45788	0.959374
6	87800000	87850000	25115	129	28521	25378	0.00513637	0.57042	0.989637
6	87850000	87900000	23691	92	22298	23872	0.00388333	0.44596	0.992418
6	87900000	87950000	27281	113	29401	27507	0.00414208	0.58802	0.991784
6	87950000	88000000	28822	118	19097	29047	0.00409409	0.38194	0.992254
6	88000000	88050000	22000	96	27305	22404	0.00436364	0.5461	0.981968
6	88050000	88100000	27403	117	25026	27875	0.00426961	0.50052	0.983067
6	88100000	88150000	18191	77	22898	26283	0.00423286	0.45796	0.69212
6	88150000	88200000	7463	42	31627	19671	0.00562776	0.63254	0.379391
6	88200000	88250000	27791	85	20373	28000	0.00305854	0.40746	0.992536
6	88250000	88300000	24078	99	27402	25625	0.00411164	0.54804	0.939629
6	88300000	88350000	21504	93	24864	22260	0.00432478	0.49728	0.966038
6	88350000	88400000	23931	72	20660	24420	0.00300865	0.4132	0.979975
6	88400000	88450000	23032	81	24711	23255	0.00351685	0.49422	0.990411
6	88450000	88500000	23334	136	31559	23917	0.0058284	0.63118	0.975624
6	88500000	88550000	26279	146	26123	27195	0.00555577	0.52246	0.966317
6	88550000	88600000	30743	141	21344	30974	0.00458641	0.42688	0.992542
6	88600000	88650000	32059	120	16963	32257	0.0037431	0.33926	0.993862
6	88650000	88700000	28588	186	27611	29707	0.00650623	0.55222	0.962332
6	88700000	88750000	27871	156	27839	28224	0.00559722	0.55678	0.987493
6	88750000	88800000	30320	160	21972	30570	0.00527704	0.43944	0.991822
6	88800000	88850000	29542	154	23809	29990	0.00521292	0.47618	0.985062
6	88850000	88900000	33540	162	13583	33843	0.00483005	0.27166	0.991047
6	88900000	88950000	28761	148	25913	29030	0.00514586	0.51826	0.990734
6	88950000	89000000	25537	127	25437	25745	0.00497318	0.50874	0.991921
6	89000000	89050000	26668	115	28943	27577	0.00431228	0.57886	0.967038
6	89050000	89100000	26177	115	25702	28494	0.00439317	0.51404	0.918685
6	89100000	89150000	17035	78	40116	17213	0.00457881	0.80232	0.989659
6	89150000	89200000	27028	184	27003	27280	0.00680775	0.54006	0.990762
6	89200000	89250000	28861	212	27115	29149	0.00734555	0.5423	0.99012
6	89250000	89300000	31475	217	20769	32619	0.00689436	0.41538	0.964928
6	89300000	89350000	32875	157	15896	33299	0.00477567	0.31792	0.987267
6	89350000	89400000	19932	98	34522	20087	0.00491672	0.69044	0.992284
6	89400000	89450000	22377	105	32796	22654	0.00469232	0.65592	0.987773
6	89450000	89500000	28511	116	28298	28736	0.00406861	0.56596	0.99217
6	89500000	89550000	24415	95	28358	24597	0.00389105	0.56716	0.992601
6	89550000	89600000	32081	104	19280	32288	0.00324179	0.3856	0.993589
6	89600000	89650000	21129	91	31841	21276	0.00430688	0.63682	0.993091
6	89650000	89700000	14960	65	38895	15057	0.00434492	0.7779	0.993558
6	89700000	89750000	19011	109	38147	19354	0.00573352	0.76294	0.982278
6	89750000	89800000	17818	78	29791	19223	0.0043776	0.59582	0.92691
6	89800000	89850000	20443	73	28662	20763	0.0035709	0.57324	0.984588
6	89850000	89900000	25102	94	20315	25407	0.00374472	0.4063	0.987995
6	89900000	89950000	19815	126	32543	20346	0.00635882	0.65086	0.973902
6	89950000	90000000	29994	178	22535	30713	0.00593452	0.4507	0.97659
6	90000000	90050000	22065	131	26980	23709	0.005937	0.5396	0.930659
6	90050000	90100000	28918	106	19235	29154	0.00366554	0.3847	0.991905
6	90100000	90150000	23732	127	25915	24232	0.00535142	0.5183	0.979366
6	90150000	90200000	22422	109	29819	22783	0.0048613	0.59638	0.984155
6	90200000	90250000	28906	179	27332	29156	0.00619249	0.54664	0.991425
6	90250000	90300000	26975	168	25220	28231	0.00622799	0.5044	0.95551
6	90300000	90350000	26785	126	15182	27400	0.00470413	0.30364	0.977555
6	90350000	90400000	29358	109	13695	29587	0.00371279	0.2739	0.99226
6	90400000	90450000	29609	94	15882	29845	0.00317471	0.31764	0.992092
6	90450000	90500000	23638	87	24242	23992	0.00368051	0.48484	0.985245
6	90500000	90550000	16188	74	33603	16354	0.00457129	0.67206	0.98985
6	90550000	90600000	19663	84	28676	20140	0.00427198	0.57352	0.976316
6	90600000	90650000	22198	130	29024	22390	0.00585638	0.58048	0.991425
6	90650000	90700000	32628	182	13574	33090	0.00557803	0.27148	0.986038
6	90700000	90750000	28182	162	24070	28550	0.00574835	0.4814	0.98711
6	90750000	90800000	28961	153	24605	29167	0.00528297	0.4921	0.992937
6	90800000	90850000	29175	171	22576	29423	0.00586118	0.45152	0.991571
6	90850000	90900000	30803	179	21464	31053	0.00581112	0.42928	0.991949
6	90900000	90950000	32327	173	14192	32586	0.00535156	0.28384	0.992052
6	90950000	91000000	28409	149	22139	28625	0.00524482	0.44278	0.992454
6	91000000	91050000	28049	159	23389	28690	0.00566865	0.46778	0.977658
6	91050000	91100000	32625	135	16930	32857	0.00413793	0.3386	0.992939
6	91100000	91150000	31461	176	24164	31879	0.00559423	0.48328	0.986888
6	91150000	91200000	30002	148	21534	30826	0.004933	0.43068	0.973269
6	91200000	91250000	31910	161	19066	32211	0.00504544	0.38132	0.990655
6	91250000	91300000	28896	148	20213	29478	0.00512182	0.40426	0.980256
6	91300000	91350000	30103	165	22411	30373	0.00548118	0.44822	0.991111
6	91350000	91400000	29932	189	23541	30223	0.00631431	0.47082	0.990372
6	91400000	91450000	29584	183	21298	29812	0.00618578	0.42596	0.992352
6	91450000	91500000	32807	197	22713	33078	0.00600482	0.45426	0.991807
6	91500000	91550000	29856	169	19882	32378	0.0056605	0.39764	0.922108
6	91550000	91600000	30477	214	19306	30804	0.00702169	0.38612	0.989384
6	91600000	91650000	32453	217	15877	32698	0.00668659	0.31754	0.992507
6	91650000	91700000	32965	211	20835	33374	0.00640073	0.4167	0.987745
6	91700000	91750000	32695	243	21938	32977	0.00743233	0.43876	0.991449
6	91750000	91800000	24845	178	27459	27377	0.00716442	0.54918	0.907514
6	91800000	91850000	33944	218	15530	34240	0.00642234	0.3106	0.991355
6	91850000	91900000	30159	178	14332	30447	0.00590205	0.28664	0.990541
6	91900000	91950000	26725	181	27295	26945	0.00677268	0.5459	0.991835
6	91950000	92000000	31797	162	24435	32095	0.00509482	0.4887	0.990715
6	92000000	92050000	29253	214	22644	29595	0.00731549	0.45288	0.988444
6	92050000	92100000	25573	178	27543	26083	0.00696047	0.55086	0.980447
6	92100000	92150000	24355	174	31773	24608	0.00714432	0.63546	0.989719
6	92150000	92200000	31639	205	22976	31896	0.00647935	0.45952	0.991943
6	92200000	92250000	31303	187	20271	31612	0.00597387	0.40542	0.990225
6	92250000	92300000	29184	146	30472	29467	0.00500274	0.60944	0.990396
6	92300000	92350000	30083	172	25435	30338	0.00571751	0.5087	0.991595
6	92350000	92400000	32676	209	17268	33071	0.00639613	0.34536	0.988056
6	92400000	92450000	27930	177	21625	28199	0.00633727	0.4325	0.990461
6	92450000	92500000	30717	220	17722	31013	0.00716216	0.35444	0.990456
6	92500000	92550000	32840	254	18411	33148	0.00773447	0.36822	0.990708
6	92550000	92600000	26671	202	23479	27086	0.00757377	0.46958	0.984678
6	92600000	92650000	28200	164	22713	29308	0.0058156	0.45426	0.962195
6	92650000	92700000	26490	203	25578	27288	0.00766327	0.51156	0.970756
6	92700000	92750000	28883	164	26844	29261	0.00567808	0.53688	0.987082
6	92750000	92800000	29141	182	20188	29486	0.0062455	0.40376	0.9883
6	92800000	92850000	30840	204	22545	31131	0.00661479	0.4509	0.990652
6	92850000	92900000	32291	201	14610	32858	0.00622464	0.2922	0.982744
6	92900000	92950000	22707	143	32436	23006	0.00629762	0.64872	0.987003
6	92950000	93000000	31620	183	23511	32229	0.00578748	0.47022	0.981104
6	93000000	93050000	28567	235	21883	28821	0.00822628	0.43766	0.991187
6	93050000	93100000	31901	178	19572	32300	0.00557976	0.39144	0.987647
6	93100000	93150000	26910	172	27393	27276	0.00639168	0.54786	0.986582
6	93150000	93200000	27826	169	31829	28138	0.00607346	0.63658	0.988912
6	93200000	93250000	26681	187	33577	27013	0.00700873	0.67154	0.98771
6	93250000	93300000	27818	151	21669	28146	0.00542814	0.43338	0.988346
6	93300000	93350000	19077	101	31504	20587	0.00529433	0.63008	0.926653
6	93350000	93400000	18236	121	29197	25658	0.00663523	0.58394	0.710733
6	93400000	93450000	26236	165	25517	27145	0.00628907	0.51034	0.966513
6	93450000	93500000	24205	145	26521	31509	0.0059905	0.53042	0.768193
6	93500000	93550000	24733	169	29141	27829	0.00683298	0.58282	0.888749
6	93550000	93600000	25139	160	27898	25373	0.00636461	0.55796	0.990778
6	93600000	93650000	30220	233	20908	30534	0.00771013	0.41816	0.989716
6	93650000	93700000	26533	181	23626	26809	0.00682169	0.47252	0.989705
6	93700000	93750000	23084	198	29055	23370	0.00857737	0.5811	0.987762
6	93750000	93800000	30973	210	16926	31253	0.0067801	0.33852	0.991041
6	93800000	93850000	31945	227	20731	32222	0.00710596	0.41462	0.991403
6	93850000	93900000	26908	141	20795	27138	0.00524008	0.4159	0.991525
6	93900000	93950000	28678	222	25099	29103	0.00774113	0.50198	0.985397
6	93950000	94000000	34355	184	9593	34628	0.00535584	0.19186	0.992116
6	94000000	94050000	28784	184	16903	32144	0.00639244	0.33806	0.89547
6	94050000	94100000	21558	118	12121	32398	0.00547361	0.24242	0.665411
6	94100000	94150000	34079	187	12248	34331	0.00548725	0.24496	0.99266
6	94150000	94200000	29943	167	25022	30248	0.00557726	0.50044	0.989917
6	94200000	94250000	30502	242	21540	31199	0.00793391	0.4308	0.97766
6	94250000	94300000	30117	147	18932	30345	0.00488096	0.37864	0.992486
6	94300000	94350000	29880	158	25663	30292	0.00528782	0.51326	0.986399
6	94350000	94400000	26767	178	31625	27059	0.00664998	0.6325	0.989209
6	94400000	94450000	31706	204	27299	32054	0.00643411	0.54598	0.989143
6	94450000	94500000	31555	189	18637	32249	0.00598954	0.37274	0.97848
6	94500000	94550000	24042	146	32575	24846	0.00607271	0.6515	0.967641
6	94550000	94600000	24374	161	24540	24617	0.0066054	0.4908	0.990129
6	94600000	94650000	30319	208	21711	31039	0.00686038	0.43422	0.976803
6	94650000	94700000	34540	187	21333	35271	0.00541401	0.42666	0.979275
6	94700000	94750000	27531	152	25223	28072	0.00552105	0.50446	0.980728
6	94750000	94800000	33317	161	10023	34178	0.00483237	0.20046	0.974808
6	94800000	94850000	31782	230	24045	32155	0.0072368	0.4809	0.9884
6	94850000	94900000	26712	197	26775	27213	0.00737496	0.5355	0.98159
6	94900000	94950000	25522	122	24709	26663	0.00478019	0.49418	0.957207
6	94950000	95000000	29270	148	19815	30385	0.00505637	0.3963	0.963304
6	95000000	95050000	24774	216	27670	25054	0.00871882	0.5534	0.988824
6	95050000	95100000	30100	214	20178	30416	0.00710963	0.40356	0.989611
6	95100000	95150000	30752	250	21869	31105	0.00812955	0.43738	0.988651
6	95150000	95200000	29013	219	29202	29841	0.00754834	0.58404	0.972253
6	95200000	95250000	26598	182	29080	26927	0.00684262	0.5816	0.987782
6	95250000	95300000	24752	162	26189	25077	0.00654493	0.52378	0.98704
6	95300000	95350000	30446	251	23958	30906	0.0082441	0.47916	0.985116
6	95350000	95400000	27439	225	24447	27686	0.00820001	0.48894	0.991079
6	95400000	95450000	23707	167	33536	27490	0.00704433	0.67072	0.862386
6	95450000	95500000	9008	43	30200	9101	0.00477353	0.604	0.989781
6	95500000	95550000	7021	50	23470	7244	0.00712149	0.4694	0.969216
6	95550000	95600000	22201	131	29901	24414	0.00590064	0.59802	0.909355
6	95600000	95650000	25224	152	30071	25990	0.00602601	0.60142	0.970527
6	95650000	95700000	8948	68	21573	12458	0.00759946	0.43146	0.718253
6	95700000	95750000	0	0	0	0		0	
6	95750000	95800000	0	0	0	0		0	
6	95800000	95850000	4352	34	8663	10638	0.0078125	0.17326	0.409099
6	95850000	95900000	28697	213	23923	29014	0.00742238	0.47846	0.989074
6	95900000	95950000	20623	147	33425	21906	0.00712796	0.6685	0.941432
6	95950000	96000000	29169	188	24058	29483	0.0064452	0.48116	0.98935
6	96000000	96050000	30103	198	22428	30389	0.00657742	0.44856	0.990589
6	96050000	96100000	24843	172	31290	25505	0.00692348	0.6258	0.974044
6	96100000	96150000	29460	193	23830	29740	0.00655126	0.4766	0.990585
6	96150000	96200000	25673	118	29045	26006	0.00459627	0.5809	0.987195
6	96200000	96250000	23630	150	29603	27666	0.00634786	0.59206	0.854117
6	96250000	96300000	24164	189	26075	26846	0.00782155	0.5215	0.900097
6	96300000	96350000	25325	209	32231	26484	0.00825271	0.64462	0.956238
6	96350000	96400000	32157	206	20040	32486	0.00640607	0.4008	0.989873
6	96400000	96450000	25175	169	30386	25614	0.00671301	0.60772	0.982861
6	96450000	96500000	33390	174	19818	33668	0.00521114	0.39636	0.991743
6	96500000	96550000	26038	148	24906	32870	0.005684	0.49812	0.792151
6	96550000	96600000	29988	128	20653	30193	0.00426837	0.41306	0.99321
6	96600000	96650000	25910	189	24534	26105	0.00729448	0.49068	0.99253
6	96650000	96700000	31361	155	20692	31940	0.00494244	0.41384	0.981872
6	96700000	96750000	19584	116	34933	21382	0.0059232	0.69866	0.915911
6	96750000	96800000	27613	171	28461	27856	0.00619274	0.56922	0.991277
6	96800000	96850000	30051	187	26642	30316	0.00622275	0.53284	0.991259
6	96850000	96900000	16842	155	38035	17059	0.00920318	0.7607	0.987279
6	96900000	96950000	18406	136	34801	20762	0.00738889	0.69602	0.886523
6	96950000	97000000	30562	126	20778	30758	0.00412277	0.41556	0.993628
6	97000000	97050000	30004	192	23048	30264	0.00639915	0.46096	0.991409
6	97050000	97100000	29115	172	19953	29408	0.00590761	0.39906	0.990037
6	97100000	97150000	23623	138	33247	23879	0.00584176	0.66494	0.989279
6	97150000	97200000	29404	146	21555	29638	0.00496531	0.4311	0.992105
6	97200000	97250000	27133	149	25099	27372	0.00549147	0.50198	0.991268
6	97250000	97300000	27463	139	25174	27693	0.00506136	0.50348	0.991695
6	97300000	97350000	29432	124	17678	30412	0.0042131	0.35356	0.967776
6	97350000	97400000	35017	145	15666	35409	0.00414085	0.31332	0.988929
6	97400000	97450000	24843	117	30965	25073	0.00470958	0.6193	0.990827
6	97450000	97500000	25388	168	30173	26048	0.0066173	0.60346	0.974662
6	97500000	97550000	33523	189	13949	33782	0.00563792	0.27898	0.992333
6	97550000	97600000	33230	149	11630	33469	0.0044839	0.2326	0.992859
6	97600000	97650000	30355	151	21043	30558	0.00497447	0.42086	0.993357
6	97650000	97700000	28399	132	19518	28806	0.00464805	0.39036	0.985871
6	97700000	97750000	26639	121	31847	27042	0.00454221	0.63694	0.985097
6	97750000	97800000	27881	143	25650	28158	0.00512894	0.513	0.990163
6	97800000	97850000	25409	138	26091	25642	0.00543115	0.52182	0.990913
6	97850000	97900000	25255	149	32484	25424	0.00589982	0.64968	0.993353
6	97900000	97950000	31657	118	24725	31879	0.00372745	0.4945	0.993036
6	97950000	98000000	25908	92	26735	27185	0.00355103	0.5347	0.953026
6	98000000	98050000	29463	132	24701	29683	0.0044802	0.49402	0.992588
6	98050000	98100000	26903	116	28662	27399	0.00431179	0.57324	0.981897
6	98100000	98150000	32718	132	16539	32958	0.00403448	0.33078	0.992718
6	98150000	98200000	30259	138	25469	30492	0.00456063	0.50938	0.992359
6	98200000	98250000	21000	90	31771	21167	0.00428571	0.63542	0.99211
6	98250000	98300000	34093	132	15822	34384	0.00387176	0.31644	0.991537
6	98300000	98350000	34023	185	15417	34234	0.0054375	0.30834	0.993837
6	98350000	98400000	30264	145	19027	31333	0.00479117	0.38054	0.965883
6	98400000	98450000	32342	141	22472	32606	0.00435966	0.44944	0.991903
6	98450000	98500000	32234	101	13818	32467	0.00313334	0.27636	0.992823
6	98500000	98550000	20875	81	29927	21038	0.00388024	0.59854	0.992252
6	98550000	98600000	28567	141	22902	28788	0.00493577	0.45804	0.992323
6	98600000	98650000	22801	162	31380	22981	0.00710495	0.6276	0.992167
6	98650000	98700000	26652	97	27287	27349	0.0036395	0.54574	0.974515
6	98700000	98750000	33674	128	16801	33923	0.00380115	0.33602	0.99266
6	98750000	98800000	31091	159	19143	31925	0.00511402	0.38286	0.973876
6	98800000	98850000	28632	143	21464	28840	0.00499441	0.42928	0.992788
6	98850000	98900000	22614	127	36429	23792	0.00561599	0.72858	0.950488
6	98900000	98950000	32112	145	19803	32370	0.00451545	0.39606	0.99203
6	98950000	99000000	31544	126	14535	32287	0.00399442	0.2907	0.976988
6	99000000	99050000	34788	122	18635	35061	0.00350696	0.3727	0.992214
6	99050000	99100000	31555	132	16847	31981	0.00418317	0.33694	0.98668
6	99100000	99150000	32856	200	19731	33071	0.00608717	0.39462	0.993499
6	99150000	99200000	28459	130	22395	29081	0.00456797	0.4479	0.978611
6	99200000	99250000	30140	178	22192	30450	0.00590577	0.44384	0.989819
6	99250000	99300000	30402	125	15147	30898	0.00411157	0.30294	0.983947
6	99300000	99350000	30284	122	20974	30697	0.00402853	0.41948	0.986546
6	99350000	99400000	24294	105	25658	24471	0.00432205	0.51316	0.992767
6	99400000	99450000	33857	173	18321	34146	0.00510973	0.36642	0.991536
6	99450000	99500000	28320	223	25411	28649	0.00787429	0.50822	0.988516
6	99500000	99550000	32738	186	18648	32997	0.00568147	0.37296	0.992151
6	99550000	99600000	31878	142	14296	32156	0.00445448	0.28592	0.991355
6	99600000	99650000	29604	155	22083	30231	0.00523578	0.44166	0.97926
6	99650000	99700000	27469	162	23621	27720	0.00589756	0.47242	0.990945
6	99700000	99750000	25574	124	23577	25932	0.00484867	0.47154	0.986195
6	99750000	99800000	31120	177	19004	31993	0.00568766	0.38008	0.972713
6	99800000	99850000	25554	110	27072	25907	0.00430461	0.54144	0.986374
6	99850000	99900000	23904	84	21537	24242	0.00351406	0.43074	0.986057
6	99900000	99950000	23735	116	25808	24673	0.0048873	0.51616	0.961983
6	99950000	100000000	25313	118	26213	25641	0.00466164	0.52426	0.987208
6	100000000	100050000	24522	129	25756	25137	0.00526058	0.51512	0.975534
6	100050000	100100000	25724	101	17159	29054	0.00392629	0.34318	0.885386
6	100100000	100150000	19793	108	34142	19918	0.00545647	0.68284	0.993724
6	100150000	100200000	19257	93	38482	19410	0.00482941	0.76964	0.992117
6	100200000	100250000	28427	159	28946	28700	0.00559327	0.57892	0.990488
6	100250000	100300000	26139	131	24197	26377	0.00501167	0.48394	0.990977
6	100300000	100350000	27424	165	25234	29247	0.00601663	0.50468	0.937669
6	100350000	100400000	23188	154	29406	23383	0.00664137	0.58812	0.991661
6	100400000	100450000	25124	140	25022	25440	0.00557236	0.50044	0.987579
6	100450000	100500000	23509	139	31593	23735	0.00591263	0.63186	0.990478
6	100500000	100550000	25037	122	28424	26707	0.00487279	0.56848	0.93747
6	100550000	100600000	33367	167	15400	33891	0.00500495	0.308	0.984539
6	100600000	100650000	29349	225	20176	29571	0.00766636	0.40352	0.992493
6	100650000	100700000	32080	169	18089	32323	0.00526808	0.36178	0.992482
6	100700000	100750000	33069	208	21669	33522	0.00628988	0.43338	0.986486
6	100750000	100800000	30783	154	20269	31358	0.00500276	0.40538	0.981663
6	100800000	100850000	27874	148	21460	28145	0.00530961	0.4292	0.990371
6	100850000	100900000	31493	140	15884	32175	0.00444543	0.31768	0.978803
6	100900000	100950000	31357	162	14357	31652	0.00516631	0.28714	0.99068
6	100950000	101000000	30612	102	18233	30962	0.00333203	0.36466	0.988696
6	101000000	101050000	27130	115	23186	27384	0.00423885	0.46372	0.990725
6	101050000	101100000	29096	118	21629	29357	0.00405554	0.43258	0.991109
6	101100000	101150000	31790	126	15881	32060	0.00396351	0.31762	0.991578
6	101150000	101200000	29440	147	20483	29812	0.00499321	0.40966	0.987522
6	101200000	101250000	29788	119	24343	30049	0.0039949	0.48686	0.991314
6	101250000	101300000	24725	96	29229	24936	0.00388271	0.58458	0.991538
6	101300000	101350000	27235	123	24308	27634	0.00451625	0.48616	0.985561
6	101350000	101400000	18886	92	35573	19661	0.00487133	0.71146	0.960582
6	101400000	101450000	24279	92	30996	26077	0.00378928	0.61992	0.93105
6	101450000	101500000	23241	88	31216	23442	0.00378641	0.62432	0.991426
6	101500000	101550000	21085	84	32974	21294	0.00398387	0.65948	0.990185
6	101550000	101600000	33634	133	22413	33888	0.00395433	0.44826	0.992505
6	101600000	101650000	21875	156	31450	22107	0.00713143	0.629	0.989506
6	101650000	101700000	25757	174	31302	26193	0.00675545	0.62604	0.983354
6	101700000	101750000	28597	159	27764	28955	0.00556002	0.55528	0.987636
6	101750000	101800000	25829	155	36193	26036	0.00600101	0.72386	0.992049
6	101800000	101850000	33783	167	9396	34061	0.00494331	0.18792	0.991838
6	101850000	101900000	33794	138	12458	34226	0.00408357	0.24916	0.987378
6	101900000	101950000	31429	180	13193	31982	0.00572719	0.26386	0.982709
6	101950000	102000000	31312	161	15593	31577	0.0051418	0.31186	0.991608
6	102000000	102050000	29707	146	17892	30722	0.00491467	0.35784	0.966962
6	102050000	102100000	32859	213	18466	33129	0.00648224	0.36932	0.99185
6	102100000	102150000	30424	220	18876	30733	0.00723113	0.37752	0.989946
6	102150000	102200000	30716	194	19902	32440	0.00631593	0.39804	0.946856
6	102200000	102250000	25962	132	24322	26286	0.00508435	0.48644	0.987674
6	102250000	102300000	29268	244	19466	30968	0.00833675	0.38932	0.945105
6	102300000	102350000	30537	202	19497	30853	0.00661493	0.38994	0.989758
6	102350000	102400000	32583	200	12222	33387	0.00613817	0.24444	0.975919
6	102400000	102450000	30276	209	25218	30639	0.00690316	0.50436	0.988152
6	102450000	102500000	29941	147	22730	30295	0.00490966	0.4546	0.988315
6	102500000	102550000	27825	148	21433	28470	0.00531896	0.42866	0.977345
6	102550000	102600000	26444	199	31214	26990	0.00752534	0.62428	0.97977
6	102600000	102650000	22062	127	33146	22263	0.0057565	0.66292	0.990972
6	102650000	102700000	28667	212	22192	29028	0.00739526	0.44384	0.987564
6	102700000	102750000	21618	117	31721	22159	0.00541216	0.63442	0.975586
6	102750000	102800000	26900	202	30661	27234	0.00750929	0.61322	0.987736
6	102800000	102850000	26435	162	26285	28566	0.00612824	0.5257	0.925401
6	102850000	102900000	28258	223	26908	28620	0.00789157	0.53816	0.987352
6	102900000	102950000	27789	240	28278	28837	0.00863651	0.56556	0.963658
6	102950000	103000000	26685	211	28841	26984	0.00790706	0.57682	0.988919
6	103000000	103050000	23952	151	25700	29992	0.00630428	0.514	0.798613
6	103050000	103100000	18768	132	38050	23940	0.00703325	0.761	0.78396
6	103100000	103150000	24520	127	34100	24738	0.00517945	0.682	0.991188
6	103150000	103200000	28683	182	19316	29120	0.00634522	0.38632	0.984993
6	103200000	103250000	22575	99	32347	22984	0.00438538	0.64694	0.982205
6	103250000	103300000	24515	137	29318	24995	0.00558842	0.58636	0.980796
6	103300000	103350000	25270	200	26037	25466	0.00791452	0.52074	0.992303
6	103350000	103400000	29247	183	29335	29535	0.00625705	0.5867	0.990249
6	103400000	103450000	28230	134	23906	28935	0.00474672	0.47812	0.975635
6	103450000	103500000	23230	108	30650	23620	0.00464916	0.613	0.983489
6	103500000	103550000	24553	160	32069	24793	0.00651652	0.64138	0.99032
6	103550000	103600000	31124	183	22033	31532	0.00587971	0.44066	0.987061
6	103600000	103650000	22527	126	25140	31425	0.00559329	0.5028	0.71685
6	103650000	103700000	23557	172	31820	24065	0.00730144	0.6364	0.978891
6	103700000	103750000	29242	170	25199	29569	0.00581356	0.50398	0.988941
6	103750000	103800000	27291	198	28445	27882	0.00725514	0.5689	0.978804
6	103800000	103850000	21923	209	33996	23261	0.00953337	0.67992	0.942479
6	103850000	103900000	29417	198	23833	30574	0.0067308	0.47666	0.962157
6	103900000	103950000	19131	143	33287	19580	0.00747478	0.66574	0.977068
6	103950000	104000000	21861	138	31836	23640	0.00631261	0.63672	0.924746
6	104000000	104050000	24812	187	35105	25543	0.00753668	0.7021	0.971382
6	104050000	104100000	22834	224	25836	23486	0.00980993	0.51672	0.972239
6	104100000	104150000	26320	207	26083	29576	0.00786474	0.52166	0.889911
6	104150000	104200000	25524	211	24924	25817	0.00826673	0.49848	0.988651
6	104200000	104250000	28577	195	21932	28872	0.00682367	0.43864	0.989782
6	104250000	104300000	24027	222	27385	24283	0.00923961	0.5477	0.989458
6	104300000	104350000	29465	157	23881	29774	0.00532836	0.47762	0.989622
6	104350000	104400000	26437	176	34727	27171	0.00665734	0.69454	0.972986
6	104400000	104450000	29384	187	18810	29691	0.00636401	0.3762	0.98966
6	104450000	104500000	30030	188	19627	30292	0.00626041	0.39254	0.991351
6	104500000	104550000	21363	116	33863	21619	0.00542995	0.67726	0.988159
6	104550000	104600000	21479	134	33219	23477	0.00623865	0.66438	0.914895
6	104600000	104650000	22649	139	33491	22928	0.00613714	0.66982	0.987831
6	104650000	104700000	27334	179	29146	27598	0.00654862	0.58292	0.990434
6	104700000	104750000	31697	188	21021	32006	0.00593116	0.42042	0.990346
6	104750000	104800000	29757	178	18539	31223	0.00598179	0.37078	0.953047
6	104800000	104850000	24434	137	30993	24675	0.00560694	0.61986	0.990233
6	104850000	104900000	29667	150	23396	30062	0.00505612	0.46792	0.98686
6	104900000	104950000	26666	163	23160	26896	0.00611265	0.4632	0.991449
6	104950000	105000000	33581	251	15878	33932	0.00747446	0.31756	0.989656
6	105000000	105050000	31160	148	19760	31422	0.00474968	0.3952	0.991662
6	105050000	105100000	32359	168	17797	32598	0.00519175	0.35594	0.992668
6	105100000	105150000	19632	116	32535	19776	0.00590872	0.6507	0.992718
6	105150000	105200000	25084	161	29345	25547	0.00641843	0.5869	0.981877
6	105200000	105250000	23108	112	25703	23492	0.00484681	0.51406	0.983654
6	105250000	105300000	20290	91	30796	20464	0.00448497	0.61592	0.991497
6	105300000	105350000	24099	84	27829	24538	0.00348562	0.55658	0.982109
6	105350000	105400000	22246	79	29288	22391	0.0035512	0.58576	0.993524
6	105400000	105450000	25458	104	21745	25692	0.00408516	0.4349	0.990892
6	105450000	105500000	23587	83	32075	23825	0.00351889	0.6415	0.99001
6	105500000	105550000	28308	102	19733	28517	0.00360322	0.39466	0.992671
6	105550000	105600000	27299	134	20191	27489	0.0049086	0.40382	0.993088
6	105600000	105650000	26519	118	26283	26819	0.00444964	0.52566	0.988814
6	105650000	105700000	16013	111	36490	16162	0.00693187	0.7298	0.990781
6	105700000	105750000	28035	167	21666	29146	0.00595684	0.43332	0.961882
6	105750000	105800000	27285	144	19391	27702	0.00527763	0.38782	0.984947
6	105800000	105850000	31862	164	16533	32120	0.0051472	0.33066	0.991968
6	105850000	105900000	22530	105	28144	22919	0.00466045	0.56288	0.983027
6	105900000	105950000	30925	178	17784	31187	0.00575586	0.35568	0.991599
6	105950000	106000000	30392	146	20803	30621	0.0048039	0.41606	0.992521
6	106000000	106050000	30409	168	18024	30985	0.00552468	0.36048	0.98141
6	106050000	106100000	32595	160	17360	32880	0.00490873	0.3472	0.991332
6	106100000	106150000	24028	151	32038	24259	0.00628433	0.64076	0.990478
6	106150000	106200000	27236	158	27118	27552	0.00580115	0.54236	0.988531
6	106200000	106250000	33453	203	16332	34024	0.00606822	0.32664	0.983218
6	106250000	106300000	30683	184	16873	30951	0.00599681	0.33746	0.991341
6	106300000	106350000	31023	187	20600	31290	0.00602779	0.412	0.991467
6	106350000	106400000	26305	170	25692	26876	0.00646265	0.51384	0.978754
6	106400000	106450000	26672	170	23540	29048	0.00637373	0.4708	0.918204
6	106450000	106500000	27147	137	20651	27672	0.0050466	0.41302	0.981028
6	106500000	106550000	32567	124	10689	32760	0.00380754	0.21378	0.994109
6	106550000	106600000	31542	169	13764	31786	0.00535794	0.27528	0.992324
6	106600000	106650000	28841	106	19611	30332	0.00367532	0.39222	0.950844
6	106650000	106700000	22690	95	28039	24407	0.00418687	0.56078	0.929651
6	106700000	106750000	25775	113	29803	26504	0.00438409	0.59606	0.972495
6	106750000	106800000	27730	135	27720	27944	0.00486837	0.5544	0.992342
6	106800000	106850000	27655	152	22566	27880	0.00549629	0.45132	0.99193
6	106850000	106900000	25534	181	29793	26506	0.00708859	0.59586	0.963329
6	106900000	106950000	26903	163	23859	27366	0.0060588	0.47718	0.983081
6	106950000	107000000	29323	171	17100	29548	0.0058316	0.342	0.992385
6	107000000	107050000	27006	173	19872	27946	0.00640598	0.39744	0.966364
6	107050000	107100000	22614	148	28094	22820	0.00654462	0.56188	0.990973
6	107100000	107150000	24103	165	29133	24798	0.00684562	0.58266	0.971974
6	107150000	107200000	27271	202	27590	28033	0.00740714	0.5518	0.972818
6	107200000	107250000	28441	180	23866	28648	0.00632889	0.47732	0.992774
6	107250000	107300000	19627	141	34695	20048	0.00718398	0.6939	0.979
6	107300000	107350000	14686	85	37171	14943	0.00578783	0.74342	0.982801
6	107350000	107400000	19201	117	25381	20121	0.00609343	0.50762	0.954277
6	107400000	107450000	18007	75	31610	18283	0.00416505	0.6322	0.984904
6	107450000	107500000	16114	56	31906	16318	0.00347524	0.63812	0.987498
6	107500000	107550000	22242	97	27886	22423	0.00436112	0.55772	0.991928
6	107550000	107600000	23766	69	26622	24146	0.00290331	0.53244	0.984262
6	107600000	107650000	25634	92	24176	25835	0.00358898	0.48352	0.99222
6	107650000	107700000	27052	136	24194	27230	0.00502735	0.48388	0.993463
6	107700000	107750000	25422	115	32836	25650	0.00452364	0.65672	0.991111
6	107750000	107800000	22943	96	32193	23232	0.00418428	0.64386	0.98756
6	107800000	107850000	30201	117	16160	30655	0.00387404	0.3232	0.98519
6	107850000	107900000	33301	144	9367	34053	0.00432419	0.18734	0.977917
6	107900000	107950000	36480	140	9894	36761	0.00383772	0.19788	0.992356
6	107950000	108000000	31579	165	13757	31805	0.00522499	0.27514	0.992894
6	108000000	108050000	28417	161	20058	29361	0.00566562	0.40116	0.967849
6	108050000	108100000	31326	206	23967	31882	0.00657601	0.47934	0.982561
6	108100000	108150000	29918	157	20318	30212	0.00524768	0.40636	0.990269
6	108150000	108200000	22494	128	25968	22775	0.00569041	0.51936	0.987662
6	108200000	108250000	21858	103	25966	22024	0.00471223	0.51932	0.992463
6	108250000	108300000	20292	87	30138	20480	0.0042874	0.60276	0.99082
6	108300000	108350000	18171	86	30113	18333	0.00473282	0.60226	0.991163
6	108350000	108400000	24651	123	25479	26378	0.00498966	0.50958	0.934529
6	108400000	108450000	23884	123	24900	24093	0.00514989	0.498	0.991325
6	108450000	108500000	28165	111	19465	28669	0.00394106	0.3893	0.98242
6	108500000	108550000	24102	109	23296	24630	0.00452245	0.46592	0.978563
6	108550000	108600000	20356	78	29051	20648	0.00383179	0.58102	0.985858
6	108600000	108650000	19542	74	30458	19807	0.00378672	0.60916	0.986621
6	108650000	108700000	22981	73	28594	23196	0.00317654	0.57188	0.990731
6	108700000	108750000	18321	61	32832	18459	0.00332951	0.65664	0.992524
6	108750000	108800000	25432	97	28783	25623	0.00381409	0.57566	0.992546
6	108800000	108850000	24943	96	26101	25094	0.00384878	0.52202	0.993983
6	108850000	108900000	29257	111	16767	29503	0.00379396	0.33534	0.991662
6	108900000	108950000	31539	149	15355	31777	0.00472431	0.3071	0.99251
6	108950000	109000000	32730	180	10199	32961	0.00549954	0.20398	0.992992
6	109000000	109050000	28781	161	21198	29079	0.00559397	0.42396	0.989752
6	109050000	109100000	32511	138	23298	32717	0.00424472	0.46596	0.993704
6	109100000	109150000	25644	153	27257	25916	0.00596631	0.54514	0.989505
6	109150000	109200000	28071	161	21532	28327	0.00573546	0.43064	0.990963
6	109200000	109250000	27302	146	19804	27559	0.00534759	0.39608	0.990675
6	109250000	109300000	25067	118	24226	25376	0.00470738	0.48452	0.987823
6	109300000	109350000	26693	78	19429	27541	0.00292211	0.38858	0.96921
6	109350000	109400000	28423	100	22961	29223	0.00351828	0.45922	0.972624
6	109400000	109450000	25964	103	25924	26128	0.00396703	0.51848	0.993723
6	109450000	109500000	23740	82	26916	23980	0.00345409	0.53832	0.989992
6	109500000	109550000	25043	141	29153	25333	0.00563032	0.58306	0.988552
6	109550000	109600000	24543	100	26736	24740	0.00407448	0.53472	0.992037
6	109600000	109650000	31080	138	19656	31522	0.00444015	0.39312	0.985978
6	109650000	109700000	29586	123	20703	30128	0.00415737	0.41406	0.98201
6	109700000	109750000	23367	64	26701	23609	0.00273891	0.53402	0.98975
6	109750000	109800000	29613	149	14007	29829	0.00503157	0.28014	0.992759
6	109800000	109850000	27310	125	24611	27834	0.00457708	0.49222	0.981174
6	109850000	109900000	16961	108	36078	17055	0.00636755	0.72156	0.994488
6	109900000	109950000	20132	113	33953	20287	0.00561295	0.67906	0.99236
6	109950000	110000000	24299	139	32076	24466	0.0057204	0.64152	0.993174
6	110000000	110050000	22177	126	34071	22436	0.00568156	0.68142	0.988456
6	110050000	110100000	24272	161	27820	24892	0.00663316	0.5564	0.975092
6	110100000	110150000	31960	145	20795	32223	0.00453692	0.4159	0.991838
6	110150000	110200000	17629	106	33536	18656	0.00601282	0.67072	0.944951
6	110200000	110250000	24179	158	32675	24418	0.0065346	0.6535	0.990212
6	110250000	110300000	30781	264	23230	31318	0.00857672	0.4646	0.982853
6	110300000	110350000	29522	213	22950	29810	0.00721496	0.459	0.990339
6	110350000	110400000	28906	216	25368	29824	0.0074725	0.50736	0.969219
6	110400000	110450000	27269	105	25351	27581	0.00385053	0.50702	0.988688
6	110450000	110500000	24613	105	30276	24802	0.00426604	0.60552	0.99238
6	110500000	110550000	29505	115	18470	29729	0.00389764	0.3694	0.992465
6	110550000	110600000	22580	100	24057	23455	0.0044287	0.48114	0.962695
6	110600000	110650000	28383	166	22292	28647	0.00584857	0.44584	0.990784
6	110650000	110700000	31444	186	21303	31871	0.00591528	0.42606	0.986602
6	110700000	110750000	27730	194	23616	28010	0.00699603	0.47232	0.990004
6	110750000	110800000	26134	215	27330	27788	0.00822683	0.5466	0.940478
6	110800000	110850000	20707	145	38609	20897	0.00700246	0.77218	0.990908
6	110850000	110900000	26593	181	26935	27119	0.0068063	0.5387	0.980604
6	110900000	110950000	22737	125	29677	26054	0.00549765	0.59354	0.872687
6	110950000	111000000	26649	138	24586	27126	0.00517843	0.49172	0.982415
6	111000000	111050000	19899	80	32515	20505	0.0040203	0.6503	0.970446
6	111050000	111100000	20903	98	28553	21014	0.00468832	0.57106	0.994718
6	111100000	111150000	17059	81	32708	17263	0.00474823	0.65416	0.988183
6	111150000	111200000	15625	89	32377	15865	0.005696	0.64754	0.984872
6	111200000	111250000	12112	57	33101	14446	0.00470608	0.66202	0.838433
6	111250000	111300000	13864	63	34038	14104	0.00454414	0.68076	0.982984
6	111300000	111350000	18792	81	28198	19086	0.00431034	0.56396	0.984596
6	111350000	111400000	21339	107	31973	21565	0.00501429	0.63946	0.98952
6	111400000	111450000	26687	117	21627	26910	0.00438416	0.43254	0.991713
6	111450000	111500000	18773	94	35682	18878	0.00500719	0.71364	0.994438
6	111500000	111550000	26772	121	20761	26949	0.00451965	0.41522	0.993432
6	111550000	111600000	21916	80	28098	22131	0.0036503	0.56196	0.990285
6	111600000	111650000	17701	73	29106	18062	0.00412406	0.58212	0.980013
6	111650000	111700000	29606	76	17112	29873	0.00256705	0.34224	0.991062
6	111700000	111750000	26407	97	28945	26732	0.00367327	0.5789	0.987842
6	111750000	111800000	23489	76	30823	23957	0.00323556	0.61646	0.980465
6	111800000	111850000	25498	89	23757	25922	0.00349047	0.47514	0.983643
6	111850000	111900000	29891	96	18730	30628	0.00321167	0.3746	0.975937
6	111900000	111950000	25262	146	20222	26176	0.00577943	0.40444	0.965083
6	111950000	112000000	27717	164	21794	28008	0.00591695	0.43588	0.98961
6	112000000	112050000	33316	162	11300	33609	0.00486253	0.226	0.991282
6	112050000	112100000	33480	132	18359	33774	0.00394265	0.36718	0.991295
6	112100000	112150000	32567	162	15048	32863	0.00497436	0.30096	0.990993
6	112150000	112200000	34366	176	14480	34606	0.00512134	0.2896	0.993065
6	112200000	112250000	25284	146	27915	25906	0.0057744	0.5583	0.97599
6	112250000	112300000	27167	189	27537	27398	0.00695697	0.55074	0.991569
6	112300000	112350000	33393	186	18294	33713	0.00557003	0.36588	0.990508
6	112350000	112400000	31325	228	19251	31649	0.00727853	0.38502	0.989763
6	112400000	112450000	31982	177	17671	32248	0.00553436	0.35342	0.991751
6	112450000	112500000	34365	224	17721	34694	0.00651826	0.35442	0.990517
6	112500000	112550000	34254	194	13898	34541	0.00566357	0.27796	0.991691
6	112550000	112600000	30603	185	17734	31528	0.00604516	0.35468	0.970661
6	112600000	112650000	29930	165	21876	32076	0.00551286	0.43752	0.933096
6	112650000	112700000	27971	122	16779	28256	0.00436166	0.33558	0.989914
6	112700000	112750000	23846	136	30398	24020	0.00570326	0.60796	0.992756
6	112750000	112800000	31044	240	25515	31359	0.00773096	0.5103	0.989955
6	112800000	112850000	31034	243	23334	31409	0.00783012	0.46668	0.988061
6	112850000	112900000	22469	192	29384	22843	0.00854511	0.58768	0.983627
6	112900000	112950000	25174	157	29478	25539	0.00623659	0.58956	0.985708
6	112950000	113000000	26573	180	30081	26891	0.00677379	0.60162	0.988174
6	113000000	113050000	27018	157	21813	28283	0.00581094	0.43626	0.955273
6	113050000	113100000	30023	117	24264	30257	0.00389701	0.48528	0.992266
6	113100000	113150000	28928	130	22661	29201	0.00449392	0.45322	0.990651
6	113150000	113200000	30692	127	26452	31050	0.00413789	0.52904	0.98847
6	113200000	113250000	25760	171	28494	25973	0.0066382	0.56988	0.991799
6	113250000	113300000	23841	186	26362	24046	0.00780169	0.52724	0.991475
6	113300000	113350000	30899	175	23319	31190	0.00566361	0.46638	0.99067
6	113350000	113400000	29924	187	25648	30250	0.00624916	0.51296	0.989223
6	113400000	113450000	28459	150	23907	28739	0.00527074	0.47814	0.990257
6	113450000	113500000	29066	175	20023	29303	0.00602078	0.40046	0.991912
6	113500000	113550000	27908	139	21029	28139	0.00498065	0.42058	0.991791
6	113550000	113600000	20915	123	29843	24779	0.00588095	0.59686	0.844062
6	113600000	113650000	29208	126	27984	29512	0.00431389	0.55968	0.989699
6	113650000	113700000	31363	210	16288	33305	0.00669579	0.32576	0.94169
6	113700000	113750000	29446	218	16262	31237	0.00740338	0.32524	0.942664
6	113750000	113800000	29041	218	23754	29767	0.00750663	0.47508	0.975611
6	113800000	113850000	29696	207	22875	30279	0.00697064	0.4575	0.980746
6	113850000	113900000	17581	94	30826	24068	0.00534668	0.61652	0.730472
6	113900000	113950000	29172	187	19632	29483	0.00641026	0.39264	0.989452
6	113950000	114000000	29306	158	18003	29660	0.00539139	0.36006	0.988065
6	114000000	114050000	22758	128	25418	23272	0.0056244	0.50836	0.977913
6	114050000	114100000	23831	137	26894	24424	0.00574881	0.53788	0.975721
6	114100000	114150000	27181	163	25146	27425	0.00599684	0.50292	0.991103
6	114150000	114200000	27714	117	18174	27929	0.00422169	0.36348	0.992302
6	114200000	114250000	26676	146	23328	28789	0.00547308	0.46656	0.926604
6	114250000	114300000	28170	107	18526	28642	0.00379837	0.37052	0.983521
6	114300000	114350000	22181	116	29065	22464	0.0052297	0.5813	0.987402
6	114350000	114400000	29412	158	18890	29619	0.00537196	0.3778	0.993011
6	114400000	114450000	31632	143	18852	31842	0.00452074	0.37704	0.993405
6	114450000	114500000	32911	184	15613	33111	0.00559084	0.31226	0.99396
6	114500000	114550000	31070	153	24578	31335	0.00492436	0.49156	0.991543
6	114550000	114600000	33073	156	17985	33401	0.00471684	0.3597	0.99018
6	114600000	114650000	31544	117	15381	32239	0.0037091	0.30762	0.978442
6	114650000	114700000	31916	163	14087	32197	0.00510716	0.28174	0.991272
6	114700000	114750000	26724	152	21361	26998	0.00568777	0.42722	0.989851
6	114750000	114800000	30771	181	22964	30999	0.00588216	0.45928	0.992645
6	114800000	114850000	28466	184	22047	29479	0.00646385	0.44094	0.965637
6	114850000	114900000	26030	150	24729	26229	0.00576258	0.49458	0.992413
6	114900000	114950000	27752	147	24372	28004	0.00529692	0.48744	0.991001
6	114950000	115000000	25832	191	31890	26101	0.00739393	0.6378	0.989694
6	115000000	115050000	28915	158	19112	29143	0.00546429	0.38224	0.992177
6	115050000	115100000	28641	157	25143	28926	0.00548165	0.50286	0.990147
6	115100000	115150000	28881	237	23571	29611	0.00820609	0.47142	0.975347
6	115150000	115200000	29086	152	24345	29388	0.00522588	0.4869	0.989724
6	115200000	115250000	22331	132	33802	22568	0.00591107	0.67604	0.989498
6	115250000	115300000	22387	151	29635	23396	0.00674499	0.5927	0.956873
6	115300000	115350000	23229	237	27806	23555	0.0102028	0.55612	0.98616
6	115350000	115400000	25217	147	27695	25439	0.0058294	0.5539	0.991273
6	115400000	115450000	19045	129	34267	21265	0.00677343	0.68534	0.895603
6	115450000	115500000	21871	157	28303	22762	0.00717846	0.56606	0.960856
6	115500000	115550000	23581	154	35739	24421	0.00653068	0.71478	0.965603
6	115550000	115600000	16953	127	40041	17627	0.0074913	0.80082	0.961763
6	115600000	115650000	26250	135	30240	26482	0.00514286	0.6048	0.991239
6	115650000	115700000	30443	284	21120	30959	0.00932891	0.4224	0.983333
6	115700000	115750000	24341	208	33077	24589	0.00854525	0.66154	0.989914
6	115750000	115800000	25622	161	22618	26023	0.00628366	0.45236	0.984591
6	115800000	115850000	23957	150	28767	24213	0.00626122	0.57534	0.989427
6	115850000	115900000	25159	155	24676	25343	0.00616082	0.49352	0.99274
6	115900000	115950000	28275	165	23349	28514	0.00583554	0.46698	0.991618
6	115950000	116000000	27251	171	27016	27510	0.006275	0.54032	0.990585
6	116000000	116050000	25593	165	29759	25849	0.00644708	0.59518	0.990096
6	116050000	116100000	27989	247	26098	28284	0.0088249	0.52196	0.98957
6	116100000	116150000	31667	171	23459	31966	0.00539994	0.46918	0.990646
6	116150000	116200000	26168	132	27893	26377	0.00504433	0.55786	0.992076
6	116200000	116250000	33013	120	15322	33302	0.00363493	0.30644	0.991322
6	116250000	116300000	22691	74	30760	22875	0.0032612	0.6152	0.991956
6	116300000	116350000	30962	125	21322	31225	0.00403721	0.42644	0.991577
6	116350000	116400000	29632	110	18236	30002	0.0037122	0.36472	0.987667
6	116400000	116450000	27938	114	18794	28173	0.00408046	0.37588	0.991659
6	116450000	116500000	28935	164	21436	29175	0.00566788	0.42872	0.991774
6	116500000	116550000	29877	133	21467	30121	0.00445158	0.42934	0.991899
6	116550000	116600000	24874	79	21179	26903	0.00317601	0.42358	0.924581
6	116600000	116650000	29062	109	23208	29904	0.0037506	0.46416	0.971843
6	116650000	116700000	24729	97	24735	25400	0.00392252	0.4947	0.973583
6	116700000	116750000	33342	173	17067	33573	0.00518865	0.34134	0.993119
6	116750000	116800000	28130	177	17491	28358	0.00629221	0.34982	0.99196
6	116800000	116850000	24608	161	28459	24901	0.00654259	0.56918	0.988233
6	116850000	116900000	33790	159	15711	34031	0.00470553	0.31422	0.992918
6	116900000	116950000	27640	89	23267	27882	0.00321997	0.46534	0.991321
6	116950000	117000000	25006	83	28152	25177	0.0033192	0.56304	0.993208
6	117000000	117050000	25163	91	27581	25366	0.00361642	0.55162	0.991997
6	117050000	117100000	24091	64	27143	25489	0.00265659	0.54286	0.945153
6	117100000	117150000	24535	87	27800	24885	0.00354595	0.556	0.985935
6	117150000	117200000	25959	124	27405	26669	0.00477676	0.5481	0.973377
6	117200000	117250000	31692	141	18283	31917	0.00444907	0.36566	0.99295
6	117250000	117300000	32591	200	16343	33310	0.00613666	0.32686	0.978415
6	117300000	117350000	31132	169	29908	31517	0.0054285	0.59816	0.987784
6	117350000	117400000	22091	119	41519	22300	0.00538681	0.83038	0.990628
6	117400000	117450000	15438	71	37403	15557	0.00459904	0.74806	0.992351
6	117450000	117500000	25621	97	29737	25775	0.00378596	0.59474	0.994025
6	117500000	117550000	22835	143	34407	23011	0.00626232	0.68814	0.992351
6	117550000	117600000	26828	150	24038	27328	0.00559117	0.48076	0.981704
6	117600000	117650000	31154	165	21516	31398	0.00529627	0.43032	0.992229
6	117650000	117700000	24328	149	29219	24633	0.00612463	0.58438	0.987618
6	117700000	117750000	29872	176	19084	30179	0.00589181	0.38168	0.989827
6	117750000	117800000	23744	188	30044	24139	0.00791779	0.60088	0.983636
6	117800000	117850000	26946	160	15859	29572	0.0059378	0.31718	0.9112
6	117850000	117900000	32293	149	16442	32546	0.004614	0.32884	0.992226
6	117900000	117950000	18845	112	35124	18990	0.00594322	0.70248	0.992364
6	117950000	118000000	18405	120	30769	19014	0.00651997	0.61538	0.967971
6	118000000	118050000	21375	126	25841	21837	0.00589474	0.51682	0.978843
6	118050000	118100000	20980	247	37348	21955	0.0117731	0.74696	0.955591
6	118100000	118150000	22721	131	31555	22938	0.00576559	0.6311	0.99054
6	118150000	118200000	16507	107	42357	16658	0.0064821	0.84714	0.990935
6	118200000	118250000	30499	135	24041	30802	0.00442637	0.48082	0.990163
6	118250000	118300000	31416	148	17183	31674	0.00471098	0.34366	0.991855
6	118300000	118350000	28383	189	20093	28614	0.00665892	0.40186	0.991927
6	118350000	118400000	30248	153	21766	30514	0.00505819	0.43532	0.991283
6	118400000	118450000	31263	130	23837	31923	0.00415827	0.47674	0.979325
6	118450000	118500000	31831	150	16544	32915	0.00471239	0.33088	0.967067
6	118500000	118550000	25908	107	27733	27479	0.00413	0.55466	0.942829
6	118550000	118600000	33738	144	18387	34054	0.00426818	0.36774	0.990721
6	118600000	118650000	32245	128	16635	32518	0.00396961	0.3327	0.991605
6	118650000	118700000	26375	198	31235	26613	0.00750711	0.6247	0.991057
6	118700000	118750000	22242	140	33606	22392	0.0062944	0.67212	0.993301
6	118750000	118800000	22747	88	28945	22900	0.00386864	0.5789	0.993319
6	118800000	118850000	25192	95	31246	25608	0.00377104	0.62492	0.983755
6	118850000	118900000	27481	108	21140	27676	0.00392999	0.4228	0.992954
6	118900000	118950000	17372	95	40963	17575	0.00546857	0.81926	0.98845
6	118950000	119000000	28024	115	23900	28263	0.00410363	0.478	0.991544
6	119000000	119050000	28023	126	22809	28353	0.00449631	0.45618	0.988361
6	119050000	119100000	26752	130	25990	27502	0.00485945	0.5198	0.972729
6	119100000	119150000	24169	137	25304	24381	0.00566842	0.50608	0.991305
6	119150000	119200000	21704	129	39265	22508	0.0059436	0.7853	0.964279
6	119200000	119250000	29371	109	20111	29518	0.00371114	0.40222	0.99502
6	119250000	119300000	22222	99	27852	22535	0.00445504	0.55704	0.98611
6	119300000	119350000	29280	132	20292	29481	0.0045082	0.40584	0.993182
6	119350000	119400000	23498	103	25525	25392	0.00438335	0.5105	0.92541
6	119400000	119450000	22670	125	32327	22914	0.0055139	0.64654	0.989351
6	119450000	119500000	29051	151	18629	29343	0.00519776	0.37258	0.990049
6	119500000	119550000	30010	149	20916	30636	0.00496501	0.41832	0.979567
6	119550000	119600000	29498	186	19364	29777	0.00630551	0.38728	0.99063
6	119600000	119650000	31600	204	16669	31872	0.0064557	0.33338	0.991466
6	119650000	119700000	28185	147	20973	29066	0.00521554	0.41946	0.96969
6	119700000	119750000	13850	87	43269	16650	0.00628159	0.86538	0.831832
6	119750000	119800000	32550	146	23991	33217	0.00448541	0.47982	0.97992
6	119800000	119850000	26224	138	21112	26746	0.00526236	0.42224	0.980483
6	119850000	119900000	32311	150	26540	32551	0.00464238	0.5308	0.992627
6	119900000	119950000	31229	133	22332	31478	0.00425886	0.44664	0.99209
6	119950000	120000000	31860	206	21538	32488	0.00646579	0.43076	0.98067
6	120000000	120050000	28051	139	28335	28325	0.00495526	0.5667	0.990327
6	120050000	120100000	26318	164	30992	26510	0.00623148	0.61984	0.992757
6	120100000	120150000	29421	165	22300	29961	0.00560824	0.446	0.981977
6	120150000	120200000	31126	138	19414	31355	0.00443359	0.38828	0.992697
6	120200000	120250000	29327	172	25497	29680	0.0058649	0.50994	0.988106
6	120250000	120300000	27316	200	29875	28264	0.00732172	0.5975	0.966459
6	120300000	120350000	26820	162	32164	27061	0.00604027	0.64328	0.991094
6	120350000	120400000	28133	133	29769	29236	0.00472754	0.59538	0.962273
6	120400000	120450000	26021	110	31269	27150	0.00422735	0.62538	0.958416
6	120450000	120500000	26001	111	29508	26210	0.00426907	0.59016	0.992026
6	120500000	120550000	25857	152	33056	26134	0.00587849	0.66112	0.989401
6	120550000	120600000	24531	114	32745	24747	0.00464718	0.6549	0.991272
6	120600000	120650000	27626	210	27949	27902	0.00760153	0.55898	0.990108
6	120650000	120700000	24922	145	34631	25405	0.00581815	0.69262	0.980988
6	120700000	120750000	24801	102	30161	25167	0.00411274	0.60322	0.985457
6	120750000	120800000	24966	132	35444	25187	0.00528719	0.70888	0.991226
6	120800000	120850000	25805	157	28517	26034	0.00608409	0.57034	0.991204
6	120850000	120900000	30189	179	23144	30499	0.00592931	0.46288	0.989836
6	120900000	120950000	31841	196	18511	32141	0.00615559	0.37022	0.990666
6	120950000	121000000	22752	147	27424	23626	0.00646097	0.54848	0.963007
6	121000000	121050000	19054	122	38940	20303	0.00640286	0.7788	0.938482
6	121050000	121100000	28012	161	24734	28474	0.00574754	0.49468	0.983775
6	121100000	121150000	20410	120	33449	20611	0.00587947	0.66898	0.990248
6	121150000	121200000	27448	124	26554	27763	0.00451763	0.53108	0.988654
6	121200000	121250000	26552	190	34850	27107	0.00715577	0.697	0.979526
6	121250000	121300000	30867	178	21888	31182	0.00576668	0.43776	0.989898
6	121300000	121350000	29144	179	27972	29418	0.00614192	0.55944	0.990686
6	121350000	121400000	24504	192	32031	24734	0.00783546	0.64062	0.990701
6	121400000	121450000	28320	133	19268	29609	0.00469633	0.38536	0.956466
6	121450000	121500000	19562	116	34155	20151	0.00592986	0.6831	0.970771
6	121500000	121550000	25011	131	32344	25206	0.0052377	0.64688	0.992264
6	121550000	121600000	14917	67	40292	15024	0.00449152	0.80584	0.992878
6	121600000	121650000	26289	154	21818	26512	0.00585796	0.43636	0.991589
6	121650000	121700000	23589	160	30846	23796	0.00678282	0.61692	0.991301
6	121700000	121750000	17540	92	31100	23797	0.00524515	0.622	0.737068
6	121750000	121800000	21462	131	19031	22447	0.00610381	0.38062	0.956119
6	121800000	121850000	25128	138	20227	25350	0.00549188	0.40454	0.991243
6	121850000	121900000	20825	126	30355	21003	0.00605042	0.6071	0.991525
6	121900000	121950000	24849	149	27073	25078	0.00599622	0.54146	0.990868
6	121950000	122000000	23900	143	24708	25432	0.00598326	0.49416	0.939761
6	122000000	122050000	14380	63	23778	24313	0.00438108	0.47556	0.591453
6	122050000	122100000	24237	89	24994	25088	0.00367207	0.49988	0.966079
6	122100000	122150000	27167	144	25479	28399	0.00530055	0.50958	0.956618
6	122150000	122200000	26150	163	22444	26423	0.00623327	0.44888	0.989668
6	122200000	122250000	31196	192	22573	31450	0.00615464	0.45146	0.991924
6	122250000	122300000	23524	151	28053	23727	0.00641898	0.56106	0.991444
6	122300000	122350000	24920	154	27049	25154	0.00617978	0.54098	0.990697
6	122350000	122400000	32673	243	16159	32967	0.00743733	0.32318	0.991082
6	122400000	122450000	28375	188	24077	28661	0.00662555	0.48154	0.990021
6	122450000	122500000	28937	179	23607	30053	0.00618585	0.47214	0.962866
6	122500000	122550000	31386	156	19771	31724	0.00497037	0.39542	0.989346
6	122550000	122600000	27745	126	26621	28946	0.00454136	0.53242	0.958509
6	122600000	122650000	28881	195	28668	29162	0.00675184	0.57336	0.990364
6	122650000	122700000	30582	204	26333	30985	0.00667059	0.52666	0.986994
6	122700000	122750000	28405	138	22419	28942	0.0048583	0.44838	0.981446
6	122750000	122800000	27154	118	28091	27409	0.00434558	0.56182	0.990696
6	122800000	122850000	22792	99	37805	23672	0.00434363	0.7561	0.962825
6	122850000	122900000	19778	88	37457	20155	0.00444939	0.74914	0.981295
6	122900000	122950000	26453	144	20954	26856	0.00544362	0.41908	0.984994
6	122950000	123000000	31726	166	19210	31984	0.0052323	0.3842	0.991933
6	123000000	123050000	27336	126	23986	29443	0.00460931	0.47972	0.928438
6	123050000	123100000	19770	85	29574	24202	0.00429944	0.59148	0.816875
6	123100000	123150000	27762	138	20511	28007	0.00497082	0.41022	0.991252
6	123150000	123200000	23060	124	33285	23286	0.00537728	0.6657	0.990295
6	123200000	123250000	22581	179	35213	22750	0.00792702	0.70426	0.992571
6	123250000	123300000	21697	202	35720	21902	0.00931004	0.7144	0.99064
6	123300000	123350000	29658	178	18288	29946	0.00600175	0.36576	0.990383
6	123350000	123400000	32777	212	16091	33097	0.00646795	0.32182	0.990331
6	123400000	123450000	28477	241	26238	28737	0.00846297	0.52476	0.990952
6	123450000	123500000	24508	189	30929	24812	0.00771177	0.61858	0.987748
6	123500000	123550000	25866	172	28670	26273	0.00664966	0.5734	0.984509
6	123550000	123600000	24756	168	24949	25215	0.00678623	0.49898	0.981797
6	123600000	123650000	25861	179	27321	28094	0.00692162	0.54642	0.920517
6	123650000	123700000	34121	205	17497	34490	0.00600803	0.34994	0.989301
6	123700000	123750000	33154	191	11658	33450	0.00576099	0.23316	0.991151
6	123750000	123800000	23349	136	24824	23564	0.00582466	0.49648	0.990876
6	123800000	123850000	31948	195	14111	32831	0.00610367	0.28222	0.973105
6	123850000	123900000	28179	214	19701	29216	0.00759431	0.39402	0.964506
6	123900000	123950000	24798	144	25505	25172	0.00580692	0.5101	0.985142
6	123950000	124000000	30859	164	23631	31199	0.00531449	0.47262	0.989102
6	124000000	124050000	31959	218	23469	32318	0.00682124	0.46938	0.988892
6	124050000	124100000	29325	150	32377	29591	0.00511509	0.64754	0.991011
6	124100000	124150000	30481	181	17630	30776	0.00593813	0.3526	0.990415
6	124150000	124200000	31242	161	20634	32158	0.00515332	0.41268	0.971516
6	124200000	124250000	32050	215	18616	32308	0.00670827	0.37232	0.992014
6	124250000	124300000	31963	215	18644	32303	0.00672653	0.37288	0.989475
6	124300000	124350000	30696	186	16998	31036	0.00605942	0.33996	0.989045
6	124350000	124400000	32165	231	15744	32530	0.00718172	0.31488	0.98878
6	124400000	124450000	32948	220	18326	33382	0.00667719	0.36652	0.986999
6	124450000	124500000	25749	191	28106	26149	0.00741776	0.56212	0.984703
6	124500000	124550000	30077	195	20845	30425	0.00648336	0.4169	0.988562
6	124550000	124600000	28379	223	21767	28822	0.00785792	0.43534	0.98463
6	124600000	124650000	33002	169	19425	33538	0.0051209	0.3885	0.984018
6	124650000	124700000	25548	151	25366	25777	0.00591044	0.50732	0.991116
6	124700000	124750000	27371	167	28044	28497	0.00610135	0.56088	0.960487
6	124750000	124800000	34182	206	17472	34459	0.00602656	0.34944	0.991961
6	124800000	124850000	33562	246	11692	33853	0.00732972	0.23384	0.991404
6	124850000	124900000	30685	206	26408	30950	0.00671338	0.52816	0.991438
6	124900000	124950000	30311	192	21294	30626	0.00633433	0.42588	0.989715
6	124950000	125000000	29257	185	26198	30464	0.00632327	0.52396	0.960379
6	125000000	125050000	26731	158	23099	26940	0.00591074	0.46198	0.992242
6	125050000	125100000	30925	175	19766	31435	0.00565885	0.39532	0.983776
6	125100000	125150000	30078	179	17213	30339	0.00595119	0.34426	0.991397
6	125150000	125200000	27027	153	31350	27324	0.00566101	0.627	0.98913
6	125200000	125250000	23113	106	31431	23297	0.00458616	0.62862	0.992102
6	125250000	125300000	29858	153	25527	30085	0.00512425	0.51054	0.992455
6	125300000	125350000	30444	196	24984	31336	0.00643805	0.49968	0.971534
6	125350000	125400000	26888	110	21338	27858	0.00409104	0.42676	0.965181
6	125400000	125450000	25889	154	26498	26210	0.00594847	0.52996	0.987753
6	125450000	125500000	26789	192	29852	27088	0.00716712	0.59704	0.988962
6	125500000	125550000	33654	213	16408	33954	0.00632911	0.32816	0.991165
6	125550000	125600000	25849	154	22208	26713	0.00595768	0.44416	0.967656
6	125600000	125650000	26417	160	25840	26706	0.00605671	0.5168	0.989178
6	125650000	125700000	31867	173	20246	32278	0.00542881	0.40492	0.987267
6	125700000	125750000	26596	132	27527	26808	0.00496315	0.55054	0.992092
6	125750000	125800000	27644	159	30155	27831	0.0057517	0.6031	0.993281
6	125800000	125850000	31163	184	20685	31771	0.00590444	0.4137	0.980863
6	125850000	125900000	32191	127	15758	32417	0.0039452	0.31516	0.993028
6	125900000	125950000	27929	165	22214	28112	0.00590784	0.44428	0.99349
6	125950000	126000000	31369	163	21545	31586	0.00519621	0.4309	0.99313
6	126000000	126050000	23413	98	32277	23825	0.00418571	0.64554	0.982707
6	126050000	126100000	30191	144	16014	31056	0.00476963	0.32028	0.972147
6	126100000	126150000	28897	134	19508	29647	0.00463716	0.39016	0.974702
6	126150000	126200000	26220	177	23146	26752	0.00675057	0.46292	0.980114
6	126200000	126250000	31066	184	17812	31336	0.00592287	0.35624	0.991384
6	126250000	126300000	26511	212	27972	26851	0.00799668	0.55944	0.987338
6	126300000	126350000	31457	182	18183	31709	0.00578568	0.36366	0.992053
6	126350000	126400000	32209	160	17666	32381	0.00496756	0.35332	0.994688
6	126400000	126450000	33083	176	18795	33517	0.00531995	0.3759	0.987051
6	126450000	126500000	26944	153	22277	27175	0.00567844	0.44554	0.9915
6	126500000	126550000	27409	123	27685	27609	0.00448758	0.5537	0.992756
6	126550000	126600000	27411	105	27685	27638	0.00383058	0.5537	0.991787
6	126600000	126650000	28787	113	30384	28996	0.00392538	0.60768	0.992792
6	126650000	126700000	25662	117	29464	25942	0.00455927	0.58928	0.989207
6	126700000	126750000	19649	100	37851	21238	0.00508932	0.75702	0.925181
6	126750000	126800000	28675	90	27596	28865	0.00313862	0.55192	0.993418
6	126800000	126850000	21206	85	37155	21341	0.0040083	0.7431	0.993674
6	126850000	126900000	28202	109	24872	28573	0.00386497	0.49744	0.987016
6	126900000	126950000	22437	94	27944	23165	0.00418951	0.55888	0.968573
6	126950000	127000000	27903	105	23430	28117	0.00376304	0.4686	0.992389
6	127000000	127050000	27461	113	22667	28354	0.00411493	0.45334	0.968505
6	127050000	127100000	27726	138	21322	27927	0.00497728	0.42644	0.992803
6	127100000	127150000	33652	177	12845	33919	0.00525972	0.2569	0.992128
6	127150000	127200000	22512	99	30164	22662	0.00439765	0.60328	0.993381
6	127200000	127250000	31027	177	20107	31268	0.00570471	0.40214	0.992292
6	127250000	127300000	32652	161	16266	32937	0.00493079	0.32532	0.991347
6	127300000	127350000	28351	141	24170	28579	0.00497337	0.4834	0.992022
6	127350000	127400000	23675	106	32451	23937	0.0044773	0.64902	0.989055
6	127400000	127450000	34455	129	13715	34705	0.00374401	0.2743	0.992796
6	127450000	127500000	33275	148	11719	33524	0.00444778	0.23438	0.992572
6	127500000	127550000	33381	141	16432	33809	0.00422396	0.32864	0.987341
6	127550000	127600000	22140	118	32110	22327	0.00532972	0.6422	0.991624
6	127600000	127650000	27005	121	25113	27188	0.00448065	0.50226	0.993269
6	127650000	127700000	19435	77	33652	20890	0.00396192	0.67304	0.930349
6	127700000	127750000	21556	105	29207	21722	0.00487103	0.58414	0.992358
6	127750000	127800000	31728	121	12054	31943	0.00381367	0.24108	0.993269
6	127800000	127850000	30902	167	19854	31108	0.00540418	0.39708	0.993378
6	127850000	127900000	27499	121	24875	29434	0.00440016	0.4975	0.93426
6	127900000	127950000	18638	99	31699	18916	0.00531173	0.63398	0.985303
6	127950000	128000000	20706	225	31127	22009	0.0108664	0.62254	0.940797
6	128000000	128050000	33441	201	25404	33845	0.00601059	0.50808	0.988063
6	128050000	128100000	28478	183	26479	28753	0.00642601	0.52958	0.990436
6	128100000	128150000	27746	163	25218	28020	0.00587472	0.50436	0.990221
6	128150000	128200000	31265	203	27012	31572	0.00649288	0.54024	0.990276
6	128200000	128250000	30639	174	28864	30858	0.00567904	0.57728	0.992903
6	128250000	128300000	29937	194	27766	30194	0.00648028	0.55532	0.991488
6	128300000	128350000	34453	128	12022	34693	0.00371521	0.24044	0.993082
6	128350000	128400000	34321	192	13514	34612	0.00559424	0.27028	0.991593
6	128400000	128450000	32337	196	16708	32613	0.00606117	0.33416	0.991537
6	128450000	128500000	33416	206	13433	33765	0.00616471	0.26866	0.989664
6	128500000	128550000	30607	152	14648	30924	0.00496618	0.29296	0.989749
6	128550000	128600000	32932	141	15783	33321	0.00428155	0.31566	0.988326
6	128600000	128650000	31521	168	16427	31826	0.00532978	0.32854	0.990417
6	128650000	128700000	31630	137	15346	31874	0.00433133	0.30692	0.992345
6	128700000	128750000	29739	162	12806	30958	0.00544739	0.25612	0.960624
6	128750000	128800000	31296	190	16208	31566	0.00607106	0.32416	0.991446
6	128800000	128850000	32533	163	11782	32812	0.0050103	0.23564	0.991497
6	128850000	128900000	31091	211	25498	31990	0.00678653	0.50996	0.971897
6	128900000	128950000	23076	135	29864	23803	0.00585023	0.59728	0.969458
6	128950000	129000000	31536	144	16511	31974	0.00456621	0.33022	0.986301
6	129000000	129050000	30866	167	19651	31177	0.00541048	0.39302	0.990025
6	129050000	129100000	21463	134	34852	22931	0.0062433	0.69704	0.935982
6	129100000	129150000	24459	112	34116	25095	0.00457909	0.68232	0.974656
6	129150000	129200000	24637	134	30966	24874	0.00543897	0.61932	0.990472
6	129200000	129250000	26795	119	21996	27033	0.00444113	0.43992	0.991196
6	129250000	129300000	30760	174	21542	31330	0.0056567	0.43084	0.981807
6	129300000	129350000	27726	150	19437	28188	0.00541008	0.38874	0.98361
6	129350000	129400000	28904	203	25044	29179	0.00702325	0.50088	0.990575
6	129400000	129450000	31786	141	18586	32067	0.00443592	0.37172	0.991237
6	129450000	129500000	26065	139	20830	26247	0.00533282	0.4166	0.993066
6	129500000	129550000	28041	193	24596	28271	0.00688278	0.49192	0.991864
6	129550000	129600000	33932	216	16453	34340	0.00636567	0.32906	0.988119
6	129600000	129650000	33081	225	16645	33371	0.00680149	0.3329	0.99131
6	129650000	129700000	33874	214	22614	34434	0.00631753	0.45228	0.983737
6	129700000	129750000	29699	196	22028	30394	0.00659955	0.44056	0.977134
6	129750000	129800000	34592	159	13104	34874	0.00459644	0.26208	0.991914
6	129800000	129850000	30723	142	18555	31085	0.00462194	0.3711	0.988355
6	129850000	129900000	26687	173	29932	27600	0.00648256	0.59864	0.96692
6	129900000	129950000	28747	155	19455	29183	0.00539187	0.3891	0.98506
6	129950000	130000000	32017	174	17236	32319	0.00543461	0.34472	0.990656
6	130000000	130050000	30106	153	14834	30535	0.00508204	0.29668	0.985951
6	130050000	130100000	30748	199	21162	31046	0.00647197	0.42324	0.990401
6	130100000	130150000	25726	138	29860	25947	0.00536422	0.5972	0.991483
6	130150000	130200000	25652	154	22800	26022	0.00600343	0.456	0.985781
6	130200000	130250000	29044	164	30455	29412	0.00564661	0.6091	0.987488
6	130250000	130300000	30201	208	29515	31157	0.00688719	0.5903	0.969317
6	130300000	130350000	29588	210	23501	30181	0.00709747	0.47002	0.980352
6	130350000	130400000	30947	178	18743	32215	0.00575177	0.37486	0.960639
6	130400000	130450000	30787	164	19336	31346	0.00532692	0.38672	0.982167
6	130450000	130500000	26661	184	24150	26889	0.00690147	0.483	0.991521
6	130500000	130550000	24008	163	24671	24896	0.0067894	0.49342	0.964332
6	130550000	130600000	24603	177	31757	24857	0.00719424	0.63514	0.989782
6	130600000	130650000	28244	159	30112	28510	0.00562951	0.60224	0.99067
6	130650000	130700000	25298	130	22493	25516	0.00513875	0.44986	0.991456
6	130700000	130750000	31018	140	19571	31362	0.00451351	0.39142	0.989031
6	130750000	130800000	31525	191	17894	31789	0.00605868	0.35788	0.991695
6	130800000	130850000	25898	174	29598	26117	0.00671867	0.59196	0.991615
6	130850000	130900000	23800	196	28901	24099	0.00823529	0.57802	0.987593
6	130900000	130950000	32101	206	19432	34224	0.00641725	0.38864	0.937968
6	130950000	131000000	27456	191	22680	27712	0.00695659	0.4536	0.990762
6	131000000	131050000	25913	164	24206	26136	0.00632887	0.48412	0.991468
6	131050000	131100000	28867	191	25839	29145	0.00661655	0.51678	0.990461
6	131100000	131150000	25264	162	29939	25488	0.00641229	0.59878	0.991212
6	131150000	131200000	33474	127	11832	33708	0.00379399	0.23664	0.993058
6	131200000	131250000	32150	142	14129	32372	0.0044168	0.28258	0.993142
6	131250000	131300000	30229	101	17825	30727	0.00334116	0.3565	0.983793
6	131300000	131350000	29090	127	19246	29370	0.00436576	0.38492	0.990466
6	131350000	131400000	27693	118	24185	28159	0.004261	0.4837	0.983451
6	131400000	131450000	19006	126	33819	19327	0.00662949	0.67638	0.983391
6	131450000	131500000	27823	121	22246	28118	0.00434892	0.44492	0.989508
6	131500000	131550000	25740	107	21699	25939	0.00415695	0.43398	0.992328
6	131550000	131600000	27296	116	23322	27495	0.00424971	0.46644	0.992762
6	131600000	131650000	21730	106	31476	22188	0.00487805	0.62952	0.979358
6	131650000	131700000	26406	127	26958	26610	0.00480951	0.53916	0.992334
6	131700000	131750000	26061	119	31895	26306	0.00456621	0.6379	0.990687
6	131750000	131800000	26482	199	29397	26791	0.00751454	0.58794	0.988466
6	131800000	131850000	19442	137	37554	19787	0.0070466	0.75108	0.982564
6	131850000	131900000	22006	150	29507	22231	0.00681632	0.59014	0.989879
6	131900000	131950000	31614	102	12124	31883	0.00322642	0.24248	0.991563
6	131950000	132000000	25152	116	25787	28482	0.00461196	0.51574	0.883084
6	132000000	132050000	6679	46	22836	17297	0.00688726	0.45672	0.386136
6	132050000	132100000	28864	171	22190	29100	0.00592433	0.4438	0.99189
6	132100000	132150000	27316	165	25103	27581	0.00604042	0.50206	0.990392
6	132150000	132200000	27188	122	18870	28162	0.00448727	0.3774	0.965414
6	132200000	132250000	22866	154	29661	23131	0.00673489	0.59322	0.988544
6	132250000	132300000	30630	192	17007	30871	0.00626836	0.34014	0.992193
6	132300000	132350000	27894	177	21850	28888	0.00634545	0.437	0.965591
6	132350000	132400000	29219	188	22822	29455	0.00643417	0.45644	0.991988
6	132400000	132450000	29823	163	17716	30218	0.00546558	0.35432	0.986928
6	132450000	132500000	29294	180	22794	29556	0.0061446	0.45588	0.991135
6	132500000	132550000	23745	164	31726	24004	0.00690672	0.63452	0.98921
6	132550000	132600000	32884	210	15016	33148	0.00638608	0.30032	0.992036
6	132600000	132650000	28110	139	25651	30492	0.00494486	0.51302	0.921881
6	132650000	132700000	27484	135	21265	27767	0.00491195	0.4253	0.989808
6	132700000	132750000	26163	113	26710	26679	0.00431908	0.5342	0.980659
6	132750000	132800000	31623	131	20468	31902	0.00414255	0.40936	0.991254
6	132800000	132850000	29697	183	29177	30202	0.00616224	0.58354	0.983279
6	132850000	132900000	30753	262	21937	31152	0.00851949	0.43874	0.987192
6	132900000	132950000	29445	213	16153	29762	0.00723383	0.32306	0.989349
6	132950000	133000000	25799	163	24799	27054	0.00631807	0.49598	0.953611
6	133000000	133050000	25874	127	27180	26043	0.0049084	0.5436	0.993511
6	133050000	133100000	26978	183	19936	27507	0.0067833	0.39872	0.980769
6	133100000	133150000	22416	130	22674	22637	0.00579943	0.45348	0.990237
6	133150000	133200000	30490	201	20534	30784	0.00659233	0.41068	0.99045
6	133200000	133250000	28717	156	16893	28974	0.00543232	0.33786	0.99113
6	133250000	133300000	31528	170	19073	31863	0.00539203	0.38146	0.989486
6	133300000	133350000	24280	137	30165	24479	0.0056425	0.6033	0.991871
6	133350000	133400000	32396	216	16787	32723	0.00666749	0.33574	0.990007
6	133400000	133450000	30219	146	22145	30474	0.0048314	0.4429	0.991632
6	133450000	133500000	24780	129	26943	24957	0.00520581	0.53886	0.992908
6	133500000	133550000	32707	206	16361	32932	0.00629835	0.32722	0.993168
6	133550000	133600000	32398	151	15979	32663	0.00466078	0.31958	0.991887
6	133600000	133650000	30883	208	19043	32512	0.0067351	0.38086	0.949895
6	133650000	133700000	33183	169	18173	34664	0.00509297	0.36346	0.957276
6	133700000	133750000	33427	192	15275	33687	0.00574386	0.3055	0.992282
6	133750000	133800000	30294	124	21652	30777	0.00409322	0.43304	0.984306
6	133800000	133850000	26328	122	22371	26552	0.00463385	0.44742	0.991564
6	133850000	133900000	26878	143	22536	27320	0.00532034	0.45072	0.983821
6	133900000	133950000	26348	136	28756	26647	0.00516168	0.57512	0.988779
6	133950000	134000000	22450	121	26993	22635	0.00538976	0.53986	0.991827
6	134000000	134050000	30273	165	31813	30530	0.0054504	0.63626	0.991582
6	134050000	134100000	31836	182	19125	32076	0.0057168	0.3825	0.992518
6	134100000	134150000	25371	154	30514	25664	0.00606992	0.61028	0.988583
6	134150000	134200000	24931	109	22985	25978	0.00437207	0.4597	0.959697
6	134200000	134250000	31657	179	25425	31935	0.00565436	0.5085	0.991295
6	134250000	134300000	25187	92	29990	25368	0.00365268	0.5998	0.992865
6	134300000	134350000	29879	164	20062	30933	0.0054888	0.40124	0.965926
6	134350000	134400000	28905	140	22693	29614	0.00484345	0.45386	0.976059
6	134400000	134450000	25301	158	28729	25524	0.00624481	0.57458	0.991263
6	134450000	134500000	23423	139	23115	23640	0.00593434	0.4623	0.990821
6	134500000	134550000	19402	71	28163	20891	0.00365942	0.56326	0.928725
6	134550000	134600000	21769	132	23767	22571	0.00606367	0.47534	0.964468
6	134600000	134650000	22804	113	24877	23422	0.00495527	0.49754	0.973615
6	134650000	134700000	27257	176	23264	27532	0.00645706	0.46528	0.990012
6	134700000	134750000	27496	187	23888	27860	0.00680099	0.47776	0.986935
6	134750000	134800000	27375	156	21495	28199	0.00569863	0.4299	0.970779
6	134800000	134850000	28630	137	25884	28900	0.00478519	0.51768	0.990657
6	134850000	134900000	28219	124	24081	28516	0.0043942	0.48162	0.989585
6	134900000	134950000	26744	140	24518	26978	0.00523482	0.49036	0.991326
6	134950000	135000000	29643	121	19558	29872	0.00408191	0.39116	0.992334
6	135000000	135050000	23938	132	24530	25476	0.00551425	0.4906	0.939629
6	135050000	135100000	26966	187	24231	27167	0.00693466	0.48462	0.992601
6	135100000	135150000	24814	162	24885	25118	0.00652857	0.4977	0.987897
6	135150000	135200000	25657	156	24922	26222	0.00608021	0.49844	0.978453
6	135200000	135250000	25303	175	22511	27309	0.00691618	0.45022	0.926544
6	135250000	135300000	29070	153	21354	29381	0.00526316	0.42708	0.989415
6	135300000	135350000	30867	125	17604	31093	0.00404963	0.35208	0.992731
6	135350000	135400000	26315	100	21550	26506	0.00380011	0.431	0.992794
6	135400000	135450000	29861	223	21996	30131	0.00746793	0.43992	0.991039
6	135450000	135500000	24829	161	24383	25072	0.00648435	0.48766	0.990308
6	135500000	135550000	30606	131	14440	30855	0.00428021	0.2888	0.99193
6	135550000	135600000	26234	159	21404	26679	0.00606084	0.42808	0.98332
6	135600000	135650000	30031	141	19688	30371	0.00469515	0.39376	0.988805
6	135650000	135700000	25550	105	29822	25737	0.00410959	0.59644	0.992734
6	135700000	135750000	28161	139	19723	28731	0.0049359	0.39446	0.980161
6	135750000	135800000	28578	158	26169	28873	0.00552873	0.52338	0.989783
6	135800000	135850000	26365	141	30048	26725	0.005348	0.60096	0.986529
6	135850000	135900000	27574	145	28031	27915	0.00525858	0.56062	0.987784
6	135900000	135950000	24216	100	27643	24718	0.0041295	0.55286	0.979691
6	135950000	136000000	21045	149	32541	26808	0.00708007	0.65082	0.785027
6	136000000	136050000	27432	177	27015	28055	0.00645232	0.5403	0.977794
6	136050000	136100000	22758	142	31957	23612	0.00623956	0.63914	0.963832
6	136100000	136150000	29356	184	23610	29586	0.00626788	0.4722	0.992226
6	136150000	136200000	32720	171	20835	33281	0.00522616	0.4167	0.983144
6	136200000	136250000	30682	195	19674	30922	0.00635552	0.39348	0.992239
6	136250000	136300000	31431	206	17879	31689	0.00655404	0.35758	0.991858
6	136300000	136350000	22964	143	23933	23210	0.00622714	0.47866	0.989401
6	136350000	136400000	31365	174	13522	31596	0.00554758	0.27044	0.992689
6	136400000	136450000	32435	142	16386	32638	0.00437799	0.32772	0.99378
6	136450000	136500000	27796	166	23640	28003	0.00597208	0.4728	0.992608
6	136500000	136550000	24289	142	20356	26944	0.00584627	0.40712	0.901462
6	136550000	136600000	27178	134	14060	27571	0.00493046	0.2812	0.985746
6	136600000	136650000	22542	106	25411	24339	0.00470233	0.50822	0.926168
6	136650000	136700000	28960	149	18797	29176	0.00514503	0.37594	0.992597
6	136700000	136750000	27711	136	18743	27985	0.0049078	0.37486	0.990209
6	136750000	136800000	28608	103	23144	28961	0.00360039	0.46288	0.987811
6	136800000	136850000	27191	98	20770	27400	0.00360413	0.4154	0.992372
6	136850000	136900000	27599	145	18722	27889	0.00525381	0.37444	0.989602
6	136900000	136950000	27930	164	23307	28432	0.00587182	0.46614	0.982344
6	136950000	137000000	29610	159	20325	29882	0.00536981	0.4065	0.990898
6	137000000	137050000	26766	100	23279	27243	0.00373608	0.46558	0.982491
6	137050000	137100000	27214	149	21386	27576	0.00547512	0.42772	0.986873
6	137100000	137150000	23535	151	28559	23729	0.00641598	0.57118	0.991824
6	137150000	137200000	19993	96	32077	20137	0.00480168	0.64154	0.992849
6	137200000	137250000	30855	191	17891	31073	0.00619024	0.35782	0.992984
6	137250000	137300000	28144	148	23919	28413	0.00525867	0.47838	0.990533
6	137300000	137350000	30588	184	19878	30888	0.00601543	0.39756	0.990287
6	137350000	137400000	21919	117	36021	22575	0.00533783	0.72042	0.970941
6	137400000	137450000	27459	149	26279	28328	0.00542627	0.52558	0.969324
6	137450000	137500000	25549	184	31364	25936	0.00720185	0.62728	0.985079
6	137500000	137550000	24701	129	26683	24945	0.00522246	0.53366	0.990218
6	137550000	137600000	28123	192	26771	28485	0.00682715	0.53542	0.987292
6	137600000	137650000	31165	185	21375	31452	0.00593615	0.4275	0.990875
6	137650000	137700000	31067	207	17299	31344	0.00666302	0.34598	0.991163
6	137700000	137750000	29894	193	17694	30349	0.00645615	0.35388	0.985008
6	137750000	137800000	22082	194	29222	28089	0.00878544	0.58444	0.786144
6	137800000	137850000	30170	175	16651	30463	0.00580046	0.33302	0.990382
6	137850000	137900000	25258	180	26789	26535	0.00712645	0.53578	0.951875
6	137900000	137950000	27175	178	25774	28189	0.00655014	0.51548	0.964029
6	137950000	138000000	25327	173	29485	27189	0.00683066	0.5897	0.931516
6	138000000	138050000	29383	155	23418	29652	0.00527516	0.46836	0.990928
6	138050000	138100000	31982	190	19036	32538	0.00594084	0.38072	0.982912
6	138100000	138150000	29046	166	27124	29471	0.00571507	0.54248	0.985579
6	138150000	138200000	28068	144	19694	28271	0.0051304	0.39388	0.992819
6	138200000	138250000	26852	140	23580	27083	0.00521376	0.4716	0.991471
6	138250000	138300000	27479	186	25549	29249	0.00676881	0.51098	0.939485
6	138300000	138350000	25738	171	31426	26791	0.00664387	0.62852	0.960696
6	138350000	138400000	18421	122	36518	18886	0.00662288	0.73036	0.975379
6	138400000	138450000	27733	174	20699	28130	0.00627411	0.41398	0.985887
6	138450000	138500000	25903	195	30817	26477	0.00752809	0.61634	0.978321
6	138500000	138550000	30025	159	17729	30446	0.00529559	0.35458	0.986172
6	138550000	138600000	31487	206	15955	31938	0.00654238	0.3191	0.985879
6	138600000	138650000	29596	145	22286	29866	0.00489931	0.44572	0.99096
6	138650000	138700000	24526	146	24112	24737	0.00595287	0.48224	0.99147
6	138700000	138750000	27633	158	25105	27942	0.0057178	0.5021	0.988941
6	138750000	138800000	26410	147	22522	26915	0.00556607	0.45044	0.981237
6	138800000	138850000	31069	181	15822	31325	0.00582574	0.31644	0.991828
6	138850000	138900000	29907	173	14471	30206	0.0057846	0.28942	0.990101
6	138900000	138950000	25649	129	18941	26515	0.00502944	0.37882	0.967339
6	138950000	139000000	19833	107	25304	20085	0.00539505	0.50608	0.987453
6	139000000	139050000	22153	142	26116	22427	0.00640997	0.52232	0.987783
6	139050000	139100000	23266	114	31037	24401	0.00489985	0.62074	0.953486
6	139100000	139150000	25890	186	29125	26162	0.00718424	0.5825	0.989603
6	139150000	139200000	24345	156	26741	24600	0.00640789	0.53482	0.989634
6	139200000	139250000	27666	90	18105	27906	0.00325309	0.3621	0.9914
6	139250000	139300000	29481	116	21487	29718	0.00393474	0.42974	0.992025
6	139300000	139350000	21696	108	27370	25392	0.00497788	0.5474	0.854442
6	139350000	139400000	26282	159	27841	26536	0.00604977	0.55682	0.990428
6	139400000	139450000	22080	166	32254	22248	0.00751812	0.64508	0.992449
6	139450000	139500000	29159	118	17729	29403	0.00404678	0.35458	0.991702
6	139500000	139550000	21844	92	34257	22291	0.00421168	0.68514	0.979947
6	139550000	139600000	27371	165	21138	27588	0.00602828	0.42276	0.992134
6	139600000	139650000	25316	179	23348	25828	0.00707063	0.46696	0.980177
6	139650000	139700000	24784	142	25701	24994	0.0057295	0.51402	0.991598
6	139700000	139750000	26232	131	22428	26437	0.0049939	0.44856	0.992246
6	139750000	139800000	29208	146	17824	29498	0.00499863	0.35648	0.990169
6	139800000	139850000	27221	106	24385	28023	0.00389405	0.4877	0.971381
6	139850000	139900000	24858	148	27455	25232	0.00595382	0.5491	0.985178
6	139900000	139950000	28142	141	19012	28436	0.0050103	0.38024	0.989661
6	139950000	140000000	23626	156	32207	24137	0.0066029	0.64414	0.978829
6	140000000	140050000	27120	128	25655	29512	0.00471976	0.5131	0.918948
6	140050000	140100000	32749	141	18170	32956	0.00430547	0.3634	0.993719
6	140100000	140150000	26081	150	32540	27450	0.00575131	0.6508	0.950128
6	140150000	140200000	28733	139	21408	29009	0.00483764	0.42816	0.990486
6	140200000	140250000	30847	139	16952	31068	0.00450611	0.33904	0.992887
6	140250000	140300000	30233	169	23544	30508	0.00558992	0.47088	0.990986
6	140300000	140350000	29493	179	23626	30623	0.00606924	0.47252	0.9631
6	140350000	140400000	32815	172	13317	34502	0.00524151	0.26634	0.951104
6	140400000	140450000	30134	173	23330	30359	0.00574102	0.4666	0.992589
6	140450000	140500000	25466	123	28735	25678	0.00482997	0.5747	0.991744
6	140500000	140550000	27128	151	30533	27355	0.0055662	0.61066	0.991702
6	140550000	140600000	24126	115	32143	24388	0.00476664	0.64286	0.989257
6	140600000	140650000	29396	199	28342	29669	0.00676963	0.56684	0.990798
6	140650000	140700000	24398	166	28749	24634	0.00680384	0.57498	0.99042
6	140700000	140750000	25076	137	31948	25345	0.00546339	0.63896	0.989386
6	140750000	140800000	30319	184	28761	30689	0.0060688	0.57522	0.987944
6	140800000	140850000	30827	165	30393	31186	0.00535245	0.60786	0.988488
6	140850000	140900000	27201	131	26163	27712	0.004816	0.52326	0.98156
6	140900000	140950000	25893	104	32352	26138	0.00401653	0.64704	0.990627
6	140950000	141000000	27100	151	24558	27318	0.00557196	0.49116	0.99202
6	141000000	141050000	21047	124	33771	21244	0.00589158	0.67542	0.990727
6	141050000	141100000	28154	135	26216	28391	0.00479506	0.52432	0.991652
6	141100000	141150000	30619	168	28225	30876	0.00548679	0.5645	0.991676
6	141150000	141200000	26839	122	29407	27216	0.00454562	0.58814	0.986148
6	141200000	141250000	28002	230	26900	28298	0.0082137	0.538	0.98954
6	141250000	141300000	27973	152	27722	28360	0.00543381	0.55444	0.986354
6	141300000	141350000	32422	198	26559	32748	0.00610696	0.53118	0.990045
6	141350000	141400000	27134	176	32271	27411	0.00648633	0.64542	0.989895
6	141400000	141450000	25839	197	27696	26133	0.00762413	0.55392	0.98875
6	141450000	141500000	25245	174	29007	26358	0.00689245	0.58014	0.957774
6	141500000	141550000	23201	157	37673	23408	0.00676695	0.75346	0.991157
6	141550000	141600000	30005	222	31786	30790	0.00739877	0.63572	0.974505
6	141600000	141650000	29907	239	28183	30485	0.00799144	0.56366	0.98104
6	141650000	141700000	25038	192	33529	25887	0.00766834	0.67058	0.967204
6	141700000	141750000	29180	207	29946	29481	0.0070939	0.59892	0.98979
6	141750000	141800000	22315	158	35781	22670	0.00708044	0.71562	0.984341
6	141800000	141850000	29923	201	32262	30201	0.00671724	0.64524	0.990795
6	141850000	141900000	26862	150	30621	27351	0.0055841	0.61242	0.982121
6	141900000	141950000	26451	130	29803	27122	0.00491475	0.59606	0.97526
6	141950000	142000000	26472	112	29687	26755	0.00423089	0.59374	0.989423
6	142000000	142050000	29655	143	29937	29913	0.00482212	0.59874	0.991375
6	142050000	142100000	24398	146	30112	24694	0.0059841	0.60224	0.988013
6	142100000	142150000	23078	134	37932	23286	0.0058064	0.75864	0.991068
6	142150000	142200000	27621	143	30582	28133	0.00517722	0.61164	0.981801
6	142200000	142250000	23571	166	32329	23838	0.00704255	0.64658	0.988799
6	142250000	142300000	22190	172	39068	22545	0.00775124	0.78136	0.984254
6	142300000	142350000	24421	194	28163	24832	0.00794398	0.56326	0.983449
6	142350000	142400000	25479	162	23210	26589	0.00635818	0.4642	0.958253
6	142400000	142450000	24912	112	31815	25175	0.00449583	0.6363	0.989553
6	142450000	142500000	29835	123	24419	30331	0.00412267	0.48838	0.983647
6	142500000	142550000	27735	106	27092	28464	0.00382189	0.54184	0.974389
6	142550000	142600000	26820	139	24768	27070	0.0051827	0.49536	0.990765
6	142600000	142650000	30137	122	17697	30463	0.00404818	0.35394	0.989298
6	142650000	142700000	31730	142	13819	31960	0.00447526	0.27638	0.992804
6	142700000	142750000	30656	132	14393	30915	0.00430585	0.28786	0.991622
6	142750000	142800000	29546	122	20319	29796	0.00412915	0.40638	0.99161
6	142800000	142850000	23796	150	32063	24030	0.00630358	0.64126	0.990262
6	142850000	142900000	23527	177	27869	23828	0.00752327	0.55738	0.987368
6	142900000	142950000	26661	135	31077	26883	0.00506358	0.62154	0.991742
6	142950000	143000000	31081	190	23323	31357	0.00611306	0.46646	0.991198
6	143000000	143050000	32081	169	19257	32365	0.00526792	0.38514	0.991225
6	143050000	143100000	33752	152	14549	33988	0.00450344	0.29098	0.993056
6	143100000	143150000	31087	122	16876	32789	0.00392447	0.33752	0.948092
6	143150000	143200000	33642	176	9751	33950	0.00523156	0.19502	0.990928
6	143200000	143250000	34042	162	13003	34435	0.00475883	0.26006	0.988587
6	143250000	143300000	28713	157	20189	29697	0.00546791	0.40378	0.966865
6	143300000	143350000	24304	125	27414	24538	0.00514319	0.54828	0.990464
6	143350000	143400000	22461	155	34250	22645	0.00690085	0.685	0.991875
6	143400000	143450000	24215	151	27988	24562	0.0062358	0.55976	0.985872
6	143450000	143500000	27631	120	26651	27934	0.00434295	0.53302	0.989153
6	143500000	143550000	34055	208	18235	34462	0.00610777	0.3647	0.98819
6	143550000	143600000	32096	175	17622	33988	0.00545239	0.35244	0.944333
6	143600000	143650000	21399	121	32659	24119	0.00565447	0.65318	0.887226
6	143650000	143700000	26594	138	30894	27091	0.00518914	0.61788	0.981654
6	143700000	143750000	32111	173	17576	32515	0.00538756	0.35152	0.987575
6	143750000	143800000	30530	145	21241	30849	0.00474943	0.42482	0.989659
6	143800000	143850000	30270	156	20771	30555	0.00515362	0.41542	0.990673
6	143850000	143900000	29577	148	21136	30608	0.00500389	0.42272	0.966316
6	143900000	143950000	30957	137	18077	31198	0.00442549	0.36154	0.992275
6	143950000	144000000	24232	130	28521	24675	0.00536481	0.57042	0.982047
6	144000000	144050000	27519	167	24718	28258	0.00606853	0.49436	0.973848
6	144050000	144100000	29140	166	17645	29604	0.00569664	0.3529	0.984326
6	144100000	144150000	23105	112	25779	23291	0.00484744	0.51558	0.992014
6	144150000	144200000	21082	99	28720	21238	0.00469595	0.5744	0.992655
6	144200000	144250000	19845	87	36128	20361	0.00438398	0.72256	0.974657
6	144250000	144300000	31523	164	14685	32149	0.00520255	0.2937	0.980528
6	144300000	144350000	29168	132	32812	29373	0.00452551	0.65624	0.993021
6	144350000	144400000	21980	165	30410	22227	0.00750682	0.6082	0.988887
6	144400000	144450000	21996	164	33383	22225	0.0074559	0.66766	0.989696
6	144450000	144500000	25945	164	26258	27673	0.00632106	0.52516	0.937556
6	144500000	144550000	25018	128	25676	25271	0.00511632	0.51352	0.989989
6	144550000	144600000	22594	128	33292	22832	0.00566522	0.66584	0.989576
6	144600000	144650000	28306	165	19214	28878	0.00582915	0.38428	0.980193
6	144650000	144700000	27088	133	19031	27480	0.00490992	0.38062	0.985735
6	144700000	144750000	27619	117	23053	28142	0.00423621	0.46106	0.981416
6	144750000	144800000	28165	148	19077	28486	0.00525475	0.38154	0.988731
6	144800000	144850000	22455	98	24964	22644	0.00436428	0.49928	0.991653
6	144850000	144900000	28841	174	22562	30133	0.00603308	0.45124	0.957123
6	144900000	144950000	30730	168	19914	30995	0.00546697	0.39828	0.99145
6	144950000	145000000	25805	148	18170	26574	0.00573532	0.3634	0.971062
6	145000000	145050000	25656	203	26483	25850	0.00791238	0.52966	0.992495
6	145050000	145100000	32416	173	11994	32687	0.00533687	0.23988	0.991709
6	145100000	145150000	29883	147	15011	30124	0.00491918	0.30022	0.992
6	145150000	145200000	29577	200	23688	30355	0.00676201	0.47376	0.97437
6	145200000	145250000	27220	157	29540	27581	0.00576782	0.5908	0.986911
6	145250000	145300000	26860	200	25372	27390	0.00744602	0.50744	0.98065
6	145300000	145350000	30075	174	24902	30936	0.00578554	0.49804	0.972168
6	145350000	145400000	29242	176	28338	30575	0.00601874	0.56676	0.956402
6	145400000	145450000	26070	191	29574	26471	0.00732643	0.59148	0.984851
6	145450000	145500000	21213	140	29502	24308	0.00659973	0.59004	0.872676
6	145500000	145550000	25603	160	28315	26233	0.00624927	0.5663	0.975984
6	145550000	145600000	32088	199	16930	32377	0.0062017	0.3386	0.991074
6	145600000	145650000	26667	210	27573	28135	0.0078749	0.55146	0.947823
6	145650000	145700000	30905	211	26553	31204	0.00682737	0.53106	0.990418
6	145700000	145750000	32001	137	19706	32289	0.00428112	0.39412	0.991081
6	145750000	145800000	21334	107	34814	21585	0.00501547	0.69628	0.988372
6	145800000	145850000	23021	262	33886	23390	0.0113809	0.67772	0.984224
6	145850000	145900000	26775	197	27190	27098	0.00735761	0.5438	0.98808
6	145900000	145950000	27885	118	30960	28281	0.00423167	0.6192	0.985998
6	145950000	146000000	26141	114	23600	26313	0.00436097	0.472	0.993463
6	146000000	146050000	24706	94	33274	24894	0.00380474	0.66548	0.992448
6	146050000	146100000	23125	103	33014	23329	0.00445405	0.66028	0.991256
6	146100000	146150000	28867	158	22755	29103	0.00547338	0.4551	0.991891
6	146150000	146200000	26002	145	30923	26178	0.00557649	0.61846	0.993277
6	146200000	146250000	31427	176	19996	31644	0.00560028	0.39992	0.993142
6	146250000	146300000	30244	176	21384	30462	0.00581934	0.42768	0.992844
6	146300000	146350000	23934	168	31242	24272	0.0070193	0.62484	0.986074
6	146350000	146400000	31981	200	17875	32251	0.00625371	0.3575	0.991628
6	146400000	146450000	28831	140	24153	29051	0.00485588	0.48306	0.992427
6	146450000	146500000	28827	169	28045	30119	0.00586256	0.5609	0.957103
6	146500000	146550000	34296	223	21889	34647	0.00650222	0.43778	0.989869
6	146550000	146600000	29241	185	24905	29635	0.00632673	0.4981	0.986705
6	146600000	146650000	27579	155	28834	27807	0.00562022	0.57668	0.991801
6	146650000	146700000	29683	187	21621	30041	0.0062999	0.43242	0.988083
6	146700000	146750000	32242	192	20025	32590	0.00595497	0.4005	0.989322
6	146750000	146800000	25746	146	25401	26538	0.00567078	0.50802	0.970156
6	146800000	146850000	24251	115	26997	24481	0.00474207	0.53994	0.990605
6	146850000	146900000	25416	136	32338	25655	0.00535096	0.64676	0.990684
6	146900000	146950000	28386	241	33272	28742	0.0084901	0.66544	0.987614
6	146950000	147000000	28883	219	27409	29193	0.00758231	0.54818	0.989381
6	147000000	147050000	29672	185	25311	30037	0.00623483	0.50622	0.987848
6	147050000	147100000	32060	180	23725	32411	0.00561447	0.4745	0.98917
6	147100000	147150000	19260	150	29783	20247	0.00778816	0.59566	0.951252
6	147150000	147200000	30254	188	24181	30533	0.00621405	0.48362	0.990862
6	147200000	147250000	34314	213	14686	34734	0.00620738	0.29372	0.987908
6	147250000	147300000	29836	198	20866	30092	0.00663628	0.41732	0.991493
6	147300000	147350000	30554	166	27771	30867	0.005433	0.55542	0.98986
6	147350000	147400000	31475	204	19636	31732	0.00648133	0.39272	0.991901
6	147400000	147450000	29651	182	25005	31575	0.00613807	0.5001	0.939066
6	147450000	147500000	33226	141	18578	33528	0.00424366	0.37156	0.990993
6	147500000	147550000	29503	129	20325	29764	0.00437244	0.4065	0.991231
6	147550000	147600000	29009	146	26507	29249	0.00503292	0.53014	0.991795
6	147600000	147650000	30275	139	21932	30507	0.00459125	0.43864	0.992395
6	147650000	147700000	32786	200	20256	33033	0.00610016	0.40512	0.992523
6	147700000	147750000	23916	158	26338	24145	0.00660646	0.52676	0.990516
6	147750000	147800000	23467	176	28210	27210	0.00749989	0.5642	0.86244
6	147800000	147850000	26850	207	25093	27742	0.0077095	0.50186	0.967847
6	147850000	147900000	27441	184	22650	27683	0.00670529	0.453	0.991258
6	147900000	147950000	28456	184	16399	29791	0.00646612	0.32798	0.955188
6	147950000	148000000	29581	153	18709	29857	0.00517224	0.37418	0.990756
6	148000000	148050000	29901	144	25984	30569	0.00481589	0.51968	0.978148
6	148050000	148100000	29899	143	20250	30885	0.00478277	0.405	0.968075
6	148100000	148150000	26748	180	21128	28162	0.00672948	0.42256	0.94979
6	148150000	148200000	31360	183	18202	31648	0.00583546	0.36404	0.9909
6	148200000	148250000	27248	190	25375	27727	0.00697299	0.5075	0.982724
6	148250000	148300000	29373	211	16201	30629	0.00718347	0.32402	0.958993
6	148300000	148350000	29625	205	22143	30499	0.00691983	0.44286	0.971343
6	148350000	148400000	25690	176	29611	26067	0.00685091	0.59222	0.985537
6	148400000	148450000	28554	184	21223	28841	0.00644393	0.42446	0.990049
6	148450000	148500000	29037	161	22341	29243	0.00554465	0.44682	0.992956
6	148500000	148550000	30273	222	16402	30717	0.00733327	0.32804	0.985545
6	148550000	148600000	28125	201	20296	28359	0.00714667	0.40592	0.991749
6	148600000	148650000	21901	149	25812	23040	0.00680334	0.51624	0.950564
6	148650000	148700000	20834	105	23155	21281	0.00503984	0.4631	0.978995
6	148700000	148750000	9550	64	19831	27195	0.00670157	0.39662	0.351167
6	148750000	148800000	26327	174	20651	27907	0.00660918	0.41302	0.943383
6	148800000	148850000	29696	178	13753	29942	0.00599407	0.27506	0.991784
6	148850000	148900000	28752	187	18370	29100	0.0065039	0.3674	0.988041
6	148900000	148950000	25695	154	29114	25900	0.00599338	0.58228	0.992085
6	148950000	149000000	16724	71	39639	17573	0.0042454	0.79278	0.951687
6	149000000	149050000	21395	123	26842	27405	0.00574901	0.53684	0.780697
6	149050000	149100000	26560	126	26069	26820	0.00474398	0.52138	0.990306
6	149100000	149150000	29792	148	21227	30080	0.00496778	0.42454	0.990426
6	149150000	149200000	24656	208	22841	25091	0.00843608	0.45682	0.982663
6	149200000	149250000	30702	219	20425	31035	0.00713309	0.4085	0.98927
6	149250000	149300000	31591	160	16843	31891	0.00506473	0.33686	0.990593
6	149300000	149350000	30818	175	17014	31076	0.0056785	0.34028	0.991698
6	149350000	149400000	30796	176	14505	31464	0.00571503	0.2901	0.978769
6	149400000	149450000	27243	141	25336	27502	0.00517564	0.50672	0.990583
6	149450000	149500000	30947	193	23769	31201	0.00623647	0.47538	0.991859
6	149500000	149550000	28239	208	25659	28518	0.0073657	0.51318	0.990217
6	149550000	149600000	32889	226	19476	33295	0.0068716	0.38952	0.987806
6	149600000	149650000	24693	119	22671	28512	0.00481918	0.45342	0.866056
6	149650000	149700000	30284	152	23940	31242	0.00501915	0.4788	0.969336
6	149700000	149750000	27168	176	26629	28250	0.00647821	0.53258	0.961699
6	149750000	149800000	23994	286	23570	26464	0.0119196	0.4714	0.906666
6	149800000	149850000	23460	97	27071	25354	0.0041347	0.54142	0.925298
6	149850000	149900000	16826	77	33722	17546	0.00457625	0.67444	0.958965
6	149900000	149950000	14135	60	32089	19565	0.00424478	0.64178	0.722464
6	149950000	150000000	18481	79	31499	19254	0.00427466	0.62998	0.959852
6	150000000	150050000	20587	95	28442	21901	0.00461456	0.56884	0.940003
6	150050000	150100000	16149	56	32000	16298	0.00346771	0.64	0.990858
6	150100000	150150000	20950	112	26764	21533	0.00534606	0.53528	0.972925
6	150150000	150200000	18424	109	25384	25421	0.0059162	0.50768	0.724755
6	150200000	150250000	0	0	21797	20917		0.43594	0
6	150250000	150300000	1774	136	20165	8926	0.0766629	0.4033	0.198745
6	150300000	150350000	1997	11	19025	10888	0.00550826	0.3805	0.183413
6	150350000	150400000	15870	176	24078	16563	0.0110901	0.48156	0.95816
6	150400000	150450000	24092	169	30505	24376	0.00701478	0.6101	0.988349
6	150450000	150500000	28696	190	22342	29431	0.00662113	0.44684	0.975026
6	150500000	150550000	27863	159	20669	29608	0.00570649	0.41338	0.941063
6	150550000	150600000	29830	158	21594	31572	0.00529668	0.43188	0.944825
6	150600000	150650000	29550	264	20615	30322	0.00893401	0.4123	0.97454
6	150650000	150700000	27408	178	28150	27667	0.00649445	0.563	0.990639
6	150700000	150750000	30554	183	21057	30858	0.0059894	0.42114	0.990148
6	150750000	150800000	25326	222	30521	25546	0.0087657	0.61042	0.991388
6	150800000	150850000	28794	200	24365	29056	0.00694589	0.4873	0.990983
6	150850000	150900000	23883	143	24582	30033	0.00598752	0.49164	0.795225
6	150900000	150950000	27428	150	14396	32652	0.00546886	0.28792	0.84001
6	150950000	151000000	30243	214	16379	31282	0.00707602	0.32758	0.966786
6	151000000	151050000	30380	177	15424	30607	0.0058262	0.30848	0.992583
6	151050000	151100000	26530	151	21142	27148	0.00569167	0.42284	0.977236
6	151100000	151150000	21961	144	24832	22527	0.00655708	0.49664	0.974875
6	151150000	151200000	18672	128	28187	19286	0.00685518	0.56374	0.968163
6	151200000	151250000	23506	138	23155	23837	0.00587084	0.4631	0.986114
6	151250000	151300000	26334	189	20483	26607	0.00717703	0.40966	0.98974
6	151300000	151350000	27792	175	19179	28425	0.00629678	0.38358	0.977731
6	151350000	151400000	19197	138	23198	19588	0.00718862	0.46396	0.980039
6	151400000	151450000	21882	153	21446	22331	0.00699205	0.42892	0.979893
6	151450000	151500000	23974	165	28884	24227	0.00688246	0.57768	0.989557
6	151500000	151550000	19623	112	33849	19994	0.00570759	0.67698	0.981444
6	151550000	151600000	21428	106	22684	21630	0.0049468	0.45368	0.990661
6	151600000	151650000	27083	208	17422	27357	0.00768009	0.34844	0.989984
6	151650000	151700000	24060	138	21280	24372	0.00573566	0.4256	0.987198
6	151700000	151750000	23147	103	23732	24236	0.00444982	0.47464	0.955067
6	151750000	151800000	23020	104	23481	23431	0.00451781	0.46962	0.982459
6	151800000	151850000	20569	137	31579	21498	0.00666051	0.63158	0.956787
6	151850000	151900000	23466	170	32289	24618	0.00724452	0.64578	0.953205
6	151900000	151950000	27287	143	26986	27542	0.00524059	0.53972	0.990741
6	151950000	152000000	23169	110	28614	23488	0.00474772	0.57228	0.986419
6	152000000	152050000	25040	142	21290	25670	0.00567093	0.4258	0.975458
6	152050000	152100000	29013	175	20230	29553	0.00603178	0.4046	0.981728
6	152100000	152150000	28209	147	18948	28890	0.0052111	0.37896	0.976428
6	152150000	152200000	28221	172	20288	28484	0.00609475	0.40576	0.990767
6	152200000	152250000	23887	168	29070	24343	0.00703311	0.5814	0.981268
6	152250000	152300000	27688	174	23675	27943	0.00628431	0.4735	0.990874
6	152300000	152350000	31810	201	18583	32093	0.00631877	0.37166	0.991182
6	152350000	152400000	24074	149	25202	24337	0.00618925	0.50404	0.989193
6	152400000	152450000	29417	163	19499	29668	0.00554101	0.38998	0.99154
6	152450000	152500000	31821	167	14476	32069	0.00524811	0.28952	0.992267
6	152500000	152550000	26302	173	22502	26658	0.00657745	0.45004	0.986646
6	152550000	152600000	28285	147	18296	28770	0.0051971	0.36592	0.983142
6	152600000	152650000	29834	144	18336	30120	0.00482671	0.36672	0.990505
6	152650000	152700000	28314	202	17764	29219	0.00713428	0.35528	0.969027
6	152700000	152750000	31152	190	18028	31473	0.00609913	0.36056	0.989801
6	152750000	152800000	33066	206	11564	34029	0.00622996	0.23128	0.971701
6	152800000	152850000	25912	185	23196	26535	0.00713955	0.46392	0.976522
6	152850000	152900000	30002	179	21822	30298	0.00596627	0.43644	0.99023
6	152900000	152950000	24573	165	24517	24844	0.00671469	0.49034	0.989092
6	152950000	153000000	27245	193	27262	29347	0.00708387	0.54524	0.928374
6	153000000	153050000	25341	149	28591	25592	0.0058798	0.57182	0.990192
6	153050000	153100000	31898	155	19888	32165	0.00485924	0.39776	0.991699
6	153100000	153150000	29022	187	21473	29285	0.00644339	0.42946	0.991019
6	153150000	153200000	28735	191	28228	29091	0.00664695	0.56456	0.987763
6	153200000	153250000	24202	163	28374	24460	0.00673498	0.56748	0.989452
6	153250000	153300000	26331	184	26536	26773	0.00698796	0.53072	0.983491
6	153300000	153350000	25299	150	16935	25577	0.00592909	0.3387	0.989131
6	153350000	153400000	27785	141	26145	28032	0.00507468	0.5229	0.991189
6	153400000	153450000	28480	187	23924	28828	0.00656601	0.47848	0.987928
6	153450000	153500000	27224	175	26397	27578	0.00642815	0.52794	0.987164
6	153500000	153550000	29737	176	23722	30069	0.00591855	0.47444	0.988959
6	153550000	153600000	31149	202	24111	31696	0.00648496	0.48222	0.982742
6	153600000	153650000	31799	195	22245	32078	0.00613227	0.4449	0.991302
6	153650000	153700000	26770	201	31650	27041	0.0075084	0.633	0.989978
6	153700000	153750000	18879	142	35162	19199	0.00752158	0.70324	0.983332
6	153750000	153800000	15882	157	33161	17203	0.0098854	0.66322	0.923211
6	153800000	153850000	24086	215	34186	24305	0.00892635	0.68372	0.99099
6	153850000	153900000	28369	198	32491	28722	0.00697945	0.64982	0.98771
6	153900000	153950000	29327	225	21070	31992	0.00767211	0.4214	0.916698
6	153950000	154000000	27545	199	24556	27901	0.00722454	0.49112	0.987241
6	154000000	154050000	26189	180	27786	26556	0.00687311	0.55572	0.98618
6	154050000	154100000	27030	207	25465	27331	0.00765816	0.5093	0.988987
6	154100000	154150000	26665	180	27952	27103	0.00675042	0.55904	0.983839
6	154150000	154200000	26326	183	29730	27106	0.0069513	0.5946	0.971224
6	154200000	154250000	19952	127	36780	20436	0.00636528	0.7356	0.976316
6	154250000	154300000	25327	167	24848	25553	0.00659375	0.49696	0.991156
6	154300000	154350000	22397	170	36427	22662	0.0075903	0.72854	0.988306
6	154350000	154400000	28606	184	23135	29910	0.00643222	0.4627	0.956403
6	154400000	154450000	29115	196	20424	29362	0.00673193	0.40848	0.991588
6	154450000	154500000	26429	192	26829	26750	0.00726475	0.53658	0.988
6	154500000	154550000	28966	159	21398	29201	0.00548919	0.42796	0.991952
6	154550000	154600000	28516	181	22091	28798	0.00634731	0.44182	0.990208
6	154600000	154650000	21665	165	30455	21914	0.00761597	0.6091	0.988637
6	154650000	154700000	22487	171	27297	23863	0.00760439	0.54594	0.942338
6	154700000	154750000	23203	164	22989	25272	0.00706805	0.45978	0.918131
6	154750000	154800000	27403	180	19166	27662	0.00656862	0.38332	0.990637
6	154800000	154850000	27066	128	18397	27944	0.00472918	0.36794	0.96858
6	154850000	154900000	24296	140	26309	24636	0.00576227	0.52618	0.986199
6	154900000	154950000	29695	190	22372	30002	0.00639838	0.44744	0.989767
6	154950000	155000000	22278	140	31220	22555	0.00628423	0.6244	0.987719
6	155000000	155050000	18589	99	34332	18763	0.00532573	0.68664	0.990726
6	155050000	155100000	24834	124	23131	25018	0.00499315	0.46262	0.992645
6	155100000	155150000	27079	113	21579	27295	0.00417298	0.43158	0.992086
6	155150000	155200000	27561	148	14903	27795	0.00536991	0.29806	0.991581
6	155200000	155250000	27579	209	17542	27860	0.00757823	0.35084	0.989914
6	155250000	155300000	21725	115	25904	23309	0.00529344	0.51808	0.932043
6	155300000	155350000	20784	142	25802	22123	0.00683218	0.51604	0.939475
6	155350000	155400000	22361	138	23940	24102	0.00617146	0.4788	0.927765
6	155400000	155450000	23591	157	25110	23949	0.00665508	0.5022	0.985052
6	155450000	155500000	26009	161	16413	26410	0.00619016	0.32826	0.984816
6	155500000	155550000	28370	195	17205	28648	0.00687346	0.3441	0.990296
6	155550000	155600000	30317	195	11689	30729	0.00643203	0.23378	0.986592
6	155600000	155650000	29771	186	23341	30068	0.00624769	0.46682	0.990122
6	155650000	155700000	22730	124	32273	22954	0.00545535	0.64546	0.990241
6	155700000	155750000	33594	181	18914	33863	0.00538787	0.37828	0.992056
6	155750000	155800000	30936	212	16956	31241	0.00685286	0.33912	0.990237
6	155800000	155850000	31797	199	23250	32114	0.00625845	0.465	0.990129
6	155850000	155900000	31046	149	28117	31396	0.00479933	0.56234	0.988852
6	155900000	155950000	28914	148	27157	29928	0.00511863	0.54314	0.966119
6	155950000	156000000	31918	210	19018	32511	0.00657936	0.38036	0.98176
6	156000000	156050000	29554	187	24000	29814	0.0063274	0.48	0.991279
6	156050000	156100000	24658	168	25533	27069	0.0068132	0.51066	0.910931
6	156100000	156150000	30895	206	28324	31241	0.00666775	0.56648	0.988925
6	156150000	156200000	25856	165	29106	26241	0.0063815	0.58212	0.985328
6	156200000	156250000	30403	210	22466	30750	0.00690721	0.44932	0.988715
6	156250000	156300000	32078	174	20896	32336	0.00542428	0.41792	0.992021
6	156300000	156350000	27930	207	24059	28602	0.00741139	0.48118	0.976505
6	156350000	156400000	29596	159	23037	30006	0.00537235	0.46074	0.986336
6	156400000	156450000	30375	215	22378	30861	0.00707819	0.44756	0.984252
6	156450000	156500000	28256	189	25165	29074	0.00668884	0.5033	0.971865
6	156500000	156550000	24828	204	35780	25091	0.00821653	0.7156	0.989518
6	156550000	156600000	26498	180	22804	26784	0.00679297	0.45608	0.989322
6	156600000	156650000	26068	171	29044	26307	0.00655977	0.58088	0.990915
6	156650000	156700000	27187	186	25130	27474	0.00684151	0.5026	0.989554
6	156700000	156750000	31688	179	20813	32315	0.00564883	0.41626	0.980597
6	156750000	156800000	31624	185	18294	32297	0.00584999	0.36588	0.979162
6	156800000	156850000	27217	182	24618	27907	0.006687	0.49236	0.975275
6	156850000	156900000	31975	243	21888	32280	0.00759969	0.43776	0.990551
6	156900000	156950000	23690	178	31595	25664	0.00751372	0.6319	0.923083
6	156950000	157000000	22519	161	30313	23193	0.00714952	0.60626	0.97094
6	157000000	157050000	27699	129	24371	27916	0.00465721	0.48742	0.992227
6	157050000	157100000	24324	128	23225	25394	0.00526229	0.4645	0.957864
6	157100000	157150000	30279	152	13580	30961	0.00501998	0.2716	0.977972
6	157150000	157200000	21247	113	14324	32583	0.0053184	0.28648	0.652089
6	157200000	157250000	30885	197	18306	31166	0.0063785	0.36612	0.990984
6	157250000	157300000	29964	182	12560	30227	0.00607396	0.2512	0.991299
6	157300000	157350000	30638	155	15189	30936	0.00505908	0.30378	0.990367
6	157350000	157400000	31637	144	12275	31950	0.00455163	0.2455	0.990203
6	157400000	157450000	33518	225	13525	33859	0.00671281	0.2705	0.989929
6	157450000	157500000	33562	180	9721	33832	0.00536321	0.19442	0.992019
6	157500000	157550000	33087	187	9494	33987	0.00565177	0.18988	0.973519
6	157550000	157600000	4445	75	2615	5640	0.0168729	0.0523	0.788121
6	157600000	157650000	6367	56	12379	19937	0.00879535	0.24758	0.319356
6	157650000	157700000	0	0	2983	4640		0.05966	0
6	157700000	157750000	13966	212	14832	26107	0.0151797	0.29664	0.534952
6	157750000	157800000	24400	123	29916	24840	0.00504098	0.59832	0.982287
6	157800000	157850000	28309	171	16712	29753	0.00604048	0.33424	0.951467
6	157850000	157900000	28304	193	19276	28567	0.00681882	0.38552	0.990794
6	157900000	157950000	30671	165	17757	31043	0.00537967	0.35514	0.988017
6	157950000	158000000	30479	245	17598	31182	0.00803832	0.35196	0.977455
6	158000000	158050000	26271	198	23766	28196	0.00753683	0.47532	0.931728
6	158050000	158100000	31796	274	12719	32779	0.00861744	0.25438	0.970011
6	158100000	158150000	21346	134	28711	23788	0.00627752	0.57422	0.897343
6	158150000	158200000	23695	214	25619	25035	0.00903144	0.51238	0.946475
6	158200000	158250000	28164	130	27261	28510	0.00461582	0.54522	0.987864
6	158250000	158300000	26436	120	26406	26695	0.00453926	0.52812	0.990298
6	158300000	158350000	29384	164	22710	29783	0.00558127	0.4542	0.986603
6	158350000	158400000	27177	201	24453	27564	0.00739596	0.48906	0.98596
6	158400000	158450000	26989	213	23392	27421	0.0078921	0.46784	0.984246
6	158450000	158500000	29398	249	15419	29940	0.00846996	0.30838	0.981897
6	158500000	158550000	22494	120	21721	27517	0.00533476	0.43442	0.817458
6	158550000	158600000	23877	152	30486	24074	0.00636596	0.60972	0.991817
6	158600000	158650000	12893	63	32991	16120	0.00488637	0.65982	0.799814
6	158650000	158700000	19043	88	23159	24245	0.00462112	0.46318	0.78544
6	158700000	158750000	23376	107	29419	23668	0.00457734	0.58838	0.987663
6	158750000	158800000	21109	99	26443	24630	0.00468994	0.52886	0.857044
6	158800000	158850000	24168	96	24316	24945	0.00397219	0.48632	0.968851
6	158850000	158900000	26920	183	22164	27202	0.00679792	0.44328	0.989633
6	158900000	158950000	28196	184	19826	28591	0.00652575	0.39652	0.986184
6	158950000	159000000	23427	188	29042	25149	0.00802493	0.58084	0.931528
6	159000000	159050000	21971	141	27275	23290	0.00641755	0.5455	0.943366
6	159050000	159100000	25238	190	19816	25825	0.00752833	0.39632	0.97727
6	159100000	159150000	21495	155	24880	23273	0.00721098	0.4976	0.923602
6	159150000	159200000	24885	178	24694	25231	0.0071529	0.49388	0.986287
6	159200000	159250000	26692	155	18276	27072	0.00580698	0.36552	0.985963
6	159250000	159300000	22949	123	28287	23538	0.00535971	0.56574	0.974977
6	159300000	159350000	15722	109	37701	16120	0.00693296	0.75402	0.97531
6	159350000	159400000	23953	102	31533	24327	0.00425834	0.63066	0.984626
6	159400000	159450000	24077	137	34006	24457	0.00569008	0.68012	0.984463
6	159450000	159500000	32812	188	14127	33313	0.00572961	0.28254	0.984961
6	159500000	159550000	30229	214	19065	30499	0.00707929	0.3813	0.991147
6	159550000	159600000	31251	210	21442	32694	0.00671978	0.42884	0.955863
6	159600000	159650000	34402	213	9956	34671	0.0061915	0.19912	0.992241
6	159650000	159700000	30969	220	14471	31754	0.00710388	0.28942	0.975279
6	159700000	159750000	28897	248	26407	29201	0.00858221	0.52814	0.989589
6	159750000	159800000	24979	205	28529	25255	0.00820689	0.57058	0.989071
6	159800000	159850000	31267	263	21476	31646	0.00841142	0.42952	0.988024
6	159850000	159900000	29706	215	21091	29990	0.0072376	0.42182	0.99053
6	159900000	159950000	28161	205	26412	28402	0.00727957	0.52824	0.991515
6	159950000	160000000	26754	162	25784	27002	0.00605517	0.51568	0.990815
6	160000000	160050000	28355	178	23707	29082	0.00627755	0.47414	0.975002
6	160050000	160100000	16384	123	36635	18270	0.00750732	0.7327	0.896771
6	160100000	160150000	17903	102	27202	18254	0.00569737	0.54404	0.980771
6	160150000	160200000	25361	103	18222	25567	0.00406135	0.36444	0.991943
6	160200000	160250000	26985	168	16913	27271	0.00622568	0.33826	0.989513
6	160250000	160300000	24699	182	33336	25025	0.00736872	0.66672	0.986973
6	160300000	160350000	27198	181	25772	29162	0.0066549	0.51544	0.932652
6	160350000	160400000	30844	167	24256	31121	0.00541434	0.48512	0.991099
6	160400000	160450000	28432	159	24405	28840	0.00559229	0.4881	0.985853
6	160450000	160500000	31575	168	12503	32909	0.00532067	0.25006	0.959464
6	160500000	160550000	26495	191	17807	27454	0.00720891	0.35614	0.965069
6	160550000	160600000	27994	199	20931	29898	0.00710867	0.41862	0.936317
6	160600000	160650000	15076	77	40128	17603	0.00510746	0.80256	0.856445
6	160650000	160700000	27180	183	24743	27500	0.00673289	0.49486	0.988364
6	160700000	160750000	24404	162	35803	24704	0.00663826	0.71606	0.987856
6	160750000	160800000	28724	218	17310	29746	0.00758947	0.3462	0.965642
6	160800000	160850000	29810	205	20444	30096	0.00687689	0.40888	0.990497
6	160850000	160900000	21121	196	17318	22014	0.00927986	0.34636	0.959435
6	160900000	160950000	13411	201	30116	15608	0.0149877	0.60232	0.859239
6	160950000	161000000	6112	72	31099	11962	0.0117801	0.62198	0.510951
6	161000000	161050000	13597	126	23481	15051	0.00926675	0.46962	0.903395
6	161050000	161100000	8190	84	26941	9785	0.0102564	0.53882	0.836995
6	161100000	161150000	12222	91	27722	12336	0.00744559	0.55444	0.990759
6	161150000	161200000	14698	112	24377	15667	0.00762008	0.48754	0.93815
6	161200000	161250000	10650	125	30323	10962	0.0117371	0.60646	0.971538
6	161250000	161300000	5930	69	16368	9524	0.0116358	0.32736	0.622638
6	161300000	161350000	15564	139	30634	15942	0.00893087	0.61268	0.976289
6	161350000	161400000	26814	194	26886	27094	0.00723503	0.53772	0.989666
6	161400000	161450000	25804	177	24992	27100	0.0068594	0.49984	0.952177
6	161450000	161500000	31711	154	17875	32091	0.00485636	0.3575	0.988159
6	161500000	161550000	28768	134	19120	29544	0.00465795	0.3824	0.973734
6	161550000	161600000	29651	220	15124	30617	0.00741965	0.30248	0.968449
6	161600000	161650000	28335	186	20437	28592	0.00656432	0.40874	0.991011
6	161650000	161700000	28431	201	16802	29897	0.00706975	0.33604	0.950965
6	161700000	161750000	17918	94	35451	18453	0.00524612	0.70902	0.971007
6	161750000	161800000	22313	156	27221	25595	0.00699144	0.54442	0.871772
6	161800000	161850000	29169	193	19216	31013	0.00661661	0.38432	0.940541
6	161850000	161900000	29243	207	22044	29529	0.00707862	0.44088	0.990315
6	161900000	161950000	31014	224	17730	31484	0.00722254	0.3546	0.985072
6	161950000	162000000	28949	212	20917	32535	0.00732322	0.41834	0.88978
6	162000000	162050000	30800	232	20122	31216	0.00753247	0.40244	0.986674
6	162050000	162100000	31664	245	14111	32009	0.00773749	0.28222	0.989222
6	162100000	162150000	32016	264	15522	32352	0.00824588	0.31044	0.989614
6	162150000	162200000	29915	184	18738	30539	0.00615076	0.37476	0.979567
6	162200000	162250000	32794	253	23438	33145	0.00771483	0.46876	0.98941
6	162250000	162300000	27564	207	19111	27834	0.0075098	0.38222	0.9903
6	162300000	162350000	28526	233	20390	28843	0.00816799	0.4078	0.989009
6	162350000	162400000	24142	203	22034	26157	0.00840858	0.44068	0.922965
6	162400000	162450000	25413	226	26766	25734	0.00889309	0.53532	0.987526
6	162450000	162500000	29960	205	19621	30425	0.00684246	0.39242	0.984717
6	162500000	162550000	28665	220	22564	29129	0.00767486	0.45128	0.984071
6	162550000	162600000	33330	242	17343	33687	0.00726073	0.34686	0.989402
6	162600000	162650000	31005	273	14544	31368	0.00880503	0.29088	0.988428
6	162650000	162700000	30848	291	19726	31176	0.00943335	0.39452	0.989479
6	162700000	162750000	29561	240	20695	29901	0.00811881	0.4139	0.988629
6	162750000	162800000	27525	187	22514	30607	0.00679382	0.45028	0.899304
6	162800000	162850000	29859	205	19733	30642	0.0068656	0.39466	0.974447
6	162850000	162900000	29248	191	24893	29522	0.00653036	0.49786	0.990719
6	162900000	162950000	29256	199	18020	29572	0.00680202	0.3604	0.989314
6	162950000	163000000	17932	111	23397	23090	0.00619005	0.46794	0.776613
6	163000000	163050000	20485	156	18303	30195	0.00761533	0.36606	0.678424
6	163050000	163100000	29240	184	18340	29514	0.00629275	0.3668	0.990716
6	163100000	163150000	30545	157	15437	31670	0.00513996	0.30874	0.964477
6	163150000	163200000	30450	197	24020	31021	0.00646962	0.4804	0.981593
6	163200000	163250000	32443	255	23876	32800	0.00785994	0.47752	0.989116
6	163250000	163300000	29008	154	18357	29255	0.00530888	0.36714	0.991557
6	163300000	163350000	29610	141	24790	29859	0.0047619	0.4958	0.991661
6	163350000	163400000	22248	116	27816	27472	0.00521395	0.55632	0.809843
6	163400000	163450000	23374	172	28226	23598	0.0073586	0.56452	0.990508
6	163450000	163500000	24768	185	31064	25029	0.00746932	0.62128	0.989572
6	163500000	163550000	33147	224	15807	33641	0.00675778	0.31614	0.985316
6	163550000	163600000	34815	274	13857	35318	0.00787017	0.27714	0.985758
6	163600000	163650000	30444	182	16760	31519	0.00597819	0.3352	0.965894
6	163650000	163700000	29888	196	18087	30641	0.00655782	0.36174	0.975425
6	163700000	163750000	31150	193	13275	31459	0.00619583	0.2655	0.990178
6	163750000	163800000	30791	261	16231	31427	0.0084765	0.32462	0.979763
6	163800000	163850000	28463	169	14645	28898	0.00593753	0.2929	0.984947
6	163850000	163900000	30598	146	21365	31194	0.00477155	0.4273	0.980894
6	163900000	163950000	27745	147	24896	28058	0.00529825	0.49792	0.988845
6	163950000	164000000	30765	138	13636	31106	0.00448562	0.27272	0.989037
6	164000000	164050000	26635	232	22442	27535	0.00871034	0.44884	0.967314
6	164050000	164100000	31287	216	18773	31645	0.00690383	0.37546	0.988687
6	164100000	164150000	33873	186	17531	34377	0.0054911	0.35062	0.985339
6	164150000	164200000	32104	236	18907	33041	0.00735111	0.37814	0.971641
6	164200000	164250000	31211	151	25263	32010	0.00483804	0.50526	0.975039
6	164250000	164300000	29459	189	21554	29703	0.0064157	0.43108	0.991785
6	164300000	164350000	30338	179	23069	30753	0.00590019	0.46138	0.986505
6	164350000	164400000	31192	254	16127	31541	0.00814311	0.32254	0.988935
6	164400000	164450000	31479	221	14060	31837	0.00702055	0.2812	0.988755
6	164450000	164500000	27842	200	24840	28523	0.00718339	0.4968	0.976125
6	164500000	164550000	30765	227	19927	31858	0.00737851	0.39854	0.965692
6	164550000	164600000	30086	186	22743	30520	0.00618228	0.45486	0.98578
6	164600000	164650000	31325	210	17749	31956	0.00670391	0.35498	0.980254
6	164650000	164700000	30073	277	26466	30841	0.00921092	0.52932	0.975098
6	164700000	164750000	28267	180	27600	28539	0.00636785	0.552	0.990469
6	164750000	164800000	26089	177	31013	26385	0.00678447	0.62026	0.988782
6	164800000	164850000	31661	185	28615	32052	0.00584315	0.5723	0.987801
6	164850000	164900000	30475	225	26406	30938	0.0073831	0.52812	0.985035
6	164900000	164950000	24635	204	29170	24917	0.0082809	0.5834	0.988682
6	164950000	165000000	28189	151	24710	28474	0.0053567	0.4942	0.989991
6	165000000	165050000	26598	158	26064	31260	0.0059403	0.52128	0.850864
6	165050000	165100000	19474	110	32930	28284	0.00564856	0.6586	0.688516
6	165100000	165150000	24372	229	35213	24634	0.00939603	0.70426	0.989364
6	165150000	165200000	27256	204	29151	27526	0.00748459	0.58302	0.990191
6	165200000	165250000	24508	206	29393	24802	0.00840542	0.58786	0.988146
6	165250000	165300000	29521	211	31008	30757	0.00714745	0.62016	0.959814
6	165300000	165350000	29554	205	22246	30192	0.00693646	0.44492	0.978869
6	165350000	165400000	23299	192	33315	24098	0.0082407	0.6663	0.966844
6	165400000	165450000	27018	225	29580	28804	0.00832778	0.5916	0.937995
6	165450000	165500000	26205	224	35789	28125	0.00854799	0.71578	0.931733
6	165500000	165550000	24414	183	29895	27123	0.0074957	0.5979	0.900122
6	165550000	165600000	30848	215	26011	31153	0.00696966	0.52022	0.99021
6	165600000	165650000	30040	218	23973	30355	0.00725699	0.47946	0.989623
6	165650000	165700000	26987	173	28045	27256	0.00641049	0.5609	0.990131
6	165700000	165750000	23608	145	18872	23833	0.00614199	0.37744	0.990559
6	165750000	165800000	28214	207	28858	28552	0.00733678	0.57716	0.988162
6	165800000	165850000	32149	260	22054	32513	0.00808734	0.44108	0.988804
6	165850000	165900000	27807	210	30129	28186	0.00755206	0.60258	0.986554
6	165900000	165950000	21097	153	34675	21917	0.00725222	0.6935	0.962586
6	165950000	166000000	29870	200	22742	30188	0.00669568	0.45484	0.989466
6	166000000	166050000	28746	242	20354	29094	0.00841856	0.40708	0.988039
6	166050000	166100000	29689	157	14500	32572	0.00528815	0.29	0.911488
6	166100000	166150000	32025	247	20150	32586	0.00771272	0.403	0.982784
6	166150000	166200000	30265	208	18548	30590	0.00687263	0.37096	0.989376
6	166200000	166250000	32524	204	11701	32933	0.00627229	0.23402	0.987581
6	166250000	166300000	29331	168	19922	30631	0.00572773	0.39844	0.957559
6	166300000	166350000	31625	224	17142	33413	0.007083	0.34284	0.946488
6	166350000	166400000	33838	235	13448	34387	0.00694485	0.26896	0.984035
6	166400000	166450000	29966	206	26696	30366	0.00687446	0.53392	0.986827
6	166450000	166500000	28167	222	28495	28447	0.00788156	0.5699	0.990157
6	166500000	166550000	26096	209	33100	26478	0.00800889	0.662	0.985573
6	166550000	166600000	25819	174	24058	26132	0.00673922	0.48116	0.988022
6	166600000	166650000	25769	193	24988	26140	0.00748962	0.49976	0.985807
6	166650000	166700000	28407	252	17849	29055	0.00887105	0.35698	0.977697
6	166700000	166750000	25744	194	17262	26311	0.00753574	0.34524	0.97845
6	166750000	166800000	22490	166	26327	24598	0.00738106	0.52654	0.914302
6	166800000	166850000	25640	173	23320	26680	0.00674727	0.4664	0.961019
6	166850000	166900000	31060	220	12320	31500	0.00708307	0.2464	0.986032
6	166900000	166950000	32259	239	14252	32739	0.00740879	0.28504	0.985339
6	166950000	167000000	30563	186	12381	30909	0.00608579	0.24762	0.988806
6	167000000	167050000	32902	221	12804	33301	0.00671692	0.25608	0.988018
6	167050000	167100000	19871	136	15045	33396	0.00684414	0.3009	0.595011
6	167100000	167150000	30551	275	14355	31875	0.00900134	0.2871	0.958463
6	167150000	167200000	33015	257	11867	33461	0.00778434	0.23734	0.986671
6	167200000	167250000	24726	180	30768	25595	0.00727979	0.61536	0.966048
6	167250000	167300000	27492	187	22968	27881	0.00680198	0.45936	0.986048
6	167300000	167350000	18600	120	26165	21489	0.00645161	0.5233	0.865559
6	167350000	167400000	21186	155	29863	21481	0.00731615	0.59726	0.986267
6	167400000	167450000	27758	152	20096	28222	0.0054759	0.40192	0.983559
6	167450000	167500000	19688	127	34884	19845	0.00645063	0.69768	0.992089
6	167500000	167550000	32630	291	21859	33281	0.00891817	0.43718	0.980439
6	167550000	167600000	20074	144	12761	20503	0.00717346	0.25522	0.979076
6	167600000	167650000	8952	112	23837	10473	0.0125112	0.47674	0.854769
6	167650000	167700000	5456	49	24182	18019	0.00898094	0.48364	0.302791
6	167700000	167750000	19748	185	14656	20647	0.00936804	0.29312	0.956459
6	167750000	167800000	9998	128	18366	11224	0.0128026	0.36732	0.89077
6	167800000	167850000	0	0	17290	23997		0.3458	0
6	167850000	167900000	10002	110	20323	31121	0.0109978	0.40646	0.321391
6	167900000	167950000	6015	42	16361	26338	0.00698254	0.32722	0.228377
6	167950000	168000000	0	0	0	0		0	
6	168000000	168050000	0	0	1364	4715		0.02728	0
6	168050000	168100000	0	0	16403	29728		0.32806	0
6	168100000	168150000	29625	254	18882	30657	0.00857384	0.37764	0.966337
6	168150000	168200000	27649	239	15815	31037	0.00864407	0.3163	0.89084
6	168200000	168250000	29368	264	18316	29699	0.00898938	0.36632	0.988855
6	168250000	168300000	31437	172	16125	31765	0.00547126	0.3225	0.989674
6	168300000	168350000	32916	224	10087	34273	0.0068052	0.20174	0.960406
6	168350000	168400000	30616	215	14141	31564	0.00702247	0.28282	0.969966
6	168400000	168450000	27001	215	21446	28157	0.00796267	0.42892	0.958944
6	168450000	168500000	29609	302	7845	31916	0.0101996	0.1569	0.927717
6	168500000	168550000	24286	227	20583	28520	0.00934695	0.41166	0.851543
6	168550000	168600000	29973	312	19009	30402	0.0104094	0.38018	0.985889
6	168600000	168650000	20218	195	14422	28963	0.00964487	0.28844	0.698063
6	168650000	168700000	21537	216	17332	29652	0.0100293	0.34664	0.726325
6	168700000	168750000	27533	206	16693	30465	0.00748193	0.33386	0.903758
6	168750000	168800000	26083	203	12730	27337	0.00778285	0.2546	0.954128
6	168800000	168850000	28442	176	22258	29464	0.00618803	0.44516	0.965314
6	168850000	168900000	27194	226	14071	30630	0.00831066	0.28142	0.887822
6	168900000	168950000	29777	239	9030	31381	0.00802633	0.1806	0.948886
6	168950000	169000000	25747	214	11700	26079	0.00831165	0.234	0.987269
6	169000000	169050000	29366	307	11614	31019	0.0104543	0.23228	0.94671
6	169050000	169100000	25520	298	14647	27335	0.0116771	0.29294	0.933602
6	169100000	169150000	29938	248	14576	30336	0.00828379	0.29152	0.98688
6	169150000	169200000	25387	228	28446	28059	0.00898097	0.56892	0.904772
6	169200000	169250000	27710	224	24008	28839	0.00808372	0.48016	0.960852
6	169250000	169300000	29179	278	13603	29974	0.0095274	0.27206	0.973477
6	169300000	169350000	29551	232	19588	30241	0.00785083	0.39176	0.977183
6	169350000	169400000	26316	208	25924	28809	0.00790394	0.51848	0.913465
6	169400000	169450000	26366	215	24353	26709	0.00815444	0.48706	0.987158
6	169450000	169500000	28348	174	23434	28644	0.006138	0.46868	0.989666
6	169500000	169550000	19971	174	33953	20688	0.00871263	0.67906	0.965342
6	169550000	169600000	28231	192	17101	28751	0.00680103	0.34202	0.981914
6	169600000	169650000	26205	146	18149	28847	0.00557146	0.36298	0.908413
6	169650000	169700000	28961	188	22012	29918	0.00649149	0.44024	0.968013
6	169700000	169750000	22802	168	29981	23372	0.00736777	0.59962	0.975612
6	169750000	169800000	19649	134	27688	23343	0.00681969	0.55376	0.841751
6	169800000	169850000	29779	196	22369	30220	0.00658182	0.44738	0.985407
6	169850000	169900000	24255	214	33566	24692	0.00882292	0.67132	0.982302
6	169900000	169950000	26548	184	32994	26885	0.00693084	0.65988	0.987465
6	169950000	170000000	27347	222	23861	30309	0.00811789	0.47722	0.902273
6	170000000	170050000	21708	167	22188	22629	0.00769302	0.44376	0.9593
6	170050000	170100000	25679	171	23409	26062	0.00665914	0.46818	0.985304
6	170100000	170150000	25544	138	23582	26053	0.00540244	0.47164	0.980463
6	170150000	170200000	31738	243	16425	32302	0.00765644	0.3285	0.98254
6	170200000	170250000	19882	187	20842	22363	0.00940549	0.41684	0.889058
6	170250000	170300000	13157	143	16541	14233	0.0108687	0.33082	0.924401
6	170300000	170350000	13692	103	2516	14009	0.00752264	0.05032	0.977372
6	170350000	170400000	22332	193	19395	27707	0.00864231	0.3879	0.806006
6	170400000	170450000	27670	231	16433	30226	0.00834839	0.32866	0.915437
6	170450000	170500000	15109	129	9845	25167	0.00853796	0.1969	0.60035
6	170500000	170550000	28051	211	14243	29532	0.00752201	0.28486	0.949851
6	170550000	170600000	29188	242	9997	29536	0.00829108	0.19994	0.988218
6	170600000	170650000	26175	103	19540	26485	0.00393505	0.3908	0.988295
6	170650000	170700000	27109	187	22514	27364	0.00689808	0.45028	0.990681
6	170700000	170750000	31441	264	17390	31891	0.00839668	0.3478	0.985889
6	170750000	170800000	27609	234	15136	28861	0.0084755	0.30272	0.95662
6	170800000	170850000	22861	152	23060	24788	0.00664888	0.4612	0.922261
6	170850000	170900000	24942	104	18946	27086	0.00416967	0.37892	0.920845
6	170900000	170950000	0	0	29439	2632		0.58878	0
6	170950000	171000000	0	0	39160	0		0.7832	
6	171000000	171050000	0	0	24004	0		0.48008	
6	171050000	171100000	0	0	3600	0		0.072	
6	171100000	171150000	0	0	0	0		0	
