chrom	start	end	anc_valid_bp	hum_sub	repeat_bp	mask_bp	sub_rate	repeat_frac	anc_cov
15	0	20000	0	0	0	0		0	
15	20000	40000	0	0	0	0		0	
15	40000	60000	0	0	0	0		0	
15	60000	80000	0	0	0	0		0	
15	80000	100000	0	0	0	0		0	
15	100000	120000	0	0	0	0		0	
15	120000	140000	0	0	0	0		0	
15	140000	160000	0	0	0	0		0	
15	160000	180000	0	0	0	0		0	
15	180000	200000	0	0	0	0		0	
15	200000	220000	0	0	0	0		0	
15	220000	240000	0	0	0	0		0	
15	240000	260000	0	0	0	0		0	
15	260000	280000	0	0	0	0		0	
15	280000	300000	0	0	0	0		0	
15	300000	320000	0	0	0	0		0	
15	320000	340000	0	0	0	0		0	
15	340000	360000	0	0	0	0		0	
15	360000	380000	0	0	0	0		0	
15	380000	400000	0	0	0	0		0	
15	400000	420000	0	0	0	0		0	
15	420000	440000	0	0	0	0		0	
15	440000	460000	0	0	0	0		0	
15	460000	480000	0	0	0	0		0	
15	480000	500000	0	0	0	0		0	
15	500000	520000	0	0	0	0		0	
15	520000	540000	0	0	0	0		0	
15	540000	560000	0	0	0	0		0	
15	560000	580000	0	0	0	0		0	
15	580000	600000	0	0	0	0		0	
15	600000	620000	0	0	0	0		0	
15	620000	640000	0	0	0	0		0	
15	640000	660000	0	0	0	0		0	
15	660000	680000	0	0	0	0		0	
15	680000	700000	0	0	0	0		0	
15	700000	720000	0	0	0	0		0	
15	720000	740000	0	0	0	0		0	
15	740000	760000	0	0	0	0		0	
15	760000	780000	0	0	0	0		0	
15	780000	800000	0	0	0	0		0	
15	800000	820000	0	0	0	0		0	
15	820000	840000	0	0	0	0		0	
15	840000	860000	0	0	0	0		0	
15	860000	880000	0	0	0	0		0	
15	880000	900000	0	0	0	0		0	
15	900000	920000	0	0	0	0		0	
15	920000	940000	0	0	0	0		0	
15	940000	960000	0	0	0	0		0	
15	960000	980000	0	0	0	0		0	
15	980000	1000000	0	0	0	0		0	
15	1000000	1020000	0	0	0	0		0	
15	1020000	1040000	0	0	0	0		0	
15	1040000	1060000	0	0	0	0		0	
15	1060000	1080000	0	0	0	0		0	
15	1080000	1100000	0	0	0	0		0	
15	1100000	1120000	0	0	0	0		0	
15	1120000	1140000	0	0	0	0		0	
15	1140000	1160000	0	0	0	0		0	
15	1160000	1180000	0	0	0	0		0	
15	1180000	1200000	0	0	0	0		0	
15	1200000	1220000	0	0	0	0		0	
15	1220000	1240000	0	0	0	0		0	
15	1240000	1260000	0	0	0	0		0	
15	1260000	1280000	0	0	0	0		0	
15	1280000	1300000	0	0	0	0		0	
15	1300000	1320000	0	0	0	0		0	
15	1320000	1340000	0	0	0	0		0	
15	1340000	1360000	0	0	0	0		0	
15	1360000	1380000	0	0	0	0		0	
15	1380000	1400000	0	0	0	0		0	
15	1400000	1420000	0	0	0	0		0	
15	1420000	1440000	0	0	0	0		0	
15	1440000	1460000	0	0	0	0		0	
15	1460000	1480000	0	0	0	0		0	
15	1480000	1500000	0	0	0	0		0	
15	1500000	1520000	0	0	0	0		0	
15	1520000	1540000	0	0	0	0		0	
15	1540000	1560000	0	0	0	0		0	
15	1560000	1580000	0	0	0	0		0	
15	1580000	1600000	0	0	0	0		0	
15	1600000	1620000	0	0	0	0		0	
15	1620000	1640000	0	0	0	0		0	
15	1640000	1660000	0	0	0	0		0	
15	1660000	1680000	0	0	0	0		0	
15	1680000	1700000	0	0	0	0		0	
15	1700000	1720000	0	0	0	0		0	
15	1720000	1740000	0	0	0	0		0	
15	1740000	1760000	0	0	0	0		0	
15	1760000	1780000	0	0	0	0		0	
15	1780000	1800000	0	0	0	0		0	
15	1800000	1820000	0	0	0	0		0	
15	1820000	1840000	0	0	0	0		0	
15	1840000	1860000	0	0	0	0		0	
15	1860000	1880000	0	0	0	0		0	
15	1880000	1900000	0	0	0	0		0	
15	1900000	1920000	0	0	0	0		0	
15	1920000	1940000	0	0	0	0		0	
15	1940000	1960000	0	0	0	0		0	
15	1960000	1980000	0	0	0	0		0	
15	1980000	2000000	0	0	0	0		0	
15	2000000	2020000	0	0	0	0		0	
15	2020000	2040000	0	0	0	0		0	
15	2040000	2060000	0	0	0	0		0	
15	2060000	2080000	0	0	0	0		0	
15	2080000	2100000	0	0	0	0		0	
15	2100000	2120000	0	0	0	0		0	
15	2120000	2140000	0	0	0	0		0	
15	2140000	2160000	0	0	0	0		0	
15	2160000	2180000	0	0	0	0		0	
15	2180000	2200000	0	0	0	0		0	
15	2200000	2220000	0	0	0	0		0	
15	2220000	2240000	0	0	0	0		0	
15	2240000	2260000	0	0	0	0		0	
15	2260000	2280000	0	0	0	0		0	
15	2280000	2300000	0	0	0	0		0	
15	2300000	2320000	0	0	0	0		0	
15	2320000	2340000	0	0	0	0		0	
15	2340000	2360000	0	0	0	0		0	
15	2360000	2380000	0	0	0	0		0	
15	2380000	2400000	0	0	0	0		0	
15	2400000	2420000	0	0	0	0		0	
15	2420000	2440000	0	0	0	0		0	
15	2440000	2460000	0	0	0	0		0	
15	2460000	2480000	0	0	0	0		0	
15	2480000	2500000	0	0	0	0		0	
15	2500000	2520000	0	0	0	0		0	
15	2520000	2540000	0	0	0	0		0	
15	2540000	2560000	0	0	0	0		0	
15	2560000	2580000	0	0	0	0		0	
15	2580000	2600000	0	0	0	0		0	
15	2600000	2620000	0	0	0	0		0	
15	2620000	2640000	0	0	0	0		0	
15	2640000	2660000	0	0	0	0		0	
15	2660000	2680000	0	0	0	0		0	
15	2680000	2700000	0	0	0	0		0	
15	2700000	2720000	0	0	0	0		0	
15	2720000	2740000	0	0	0	0		0	
15	2740000	2760000	0	0	0	0		0	
15	2760000	2780000	0	0	0	0		0	
15	2780000	2800000	0	0	0	0		0	
15	2800000	2820000	0	0	0	0		0	
15	2820000	2840000	0	0	0	0		0	
15	2840000	2860000	0	0	0	0		0	
15	2860000	2880000	0	0	0	0		0	
15	2880000	2900000	0	0	0	0		0	
15	2900000	2920000	0	0	0	0		0	
15	2920000	2940000	0	0	0	0		0	
15	2940000	2960000	0	0	0	0		0	
15	2960000	2980000	0	0	0	0		0	
15	2980000	3000000	0	0	0	0		0	
15	3000000	3020000	0	0	0	0		0	
15	3020000	3040000	0	0	0	0		0	
15	3040000	3060000	0	0	0	0		0	
15	3060000	3080000	0	0	0	0		0	
15	3080000	3100000	0	0	0	0		0	
15	3100000	3120000	0	0	0	0		0	
15	3120000	3140000	0	0	0	0		0	
15	3140000	3160000	0	0	0	0		0	
15	3160000	3180000	0	0	0	0		0	
15	3180000	3200000	0	0	0	0		0	
15	3200000	3220000	0	0	0	0		0	
15	3220000	3240000	0	0	0	0		0	
15	3240000	3260000	0	0	0	0		0	
15	3260000	3280000	0	0	0	0		0	
15	3280000	3300000	0	0	0	0		0	
15	3300000	3320000	0	0	0	0		0	
15	3320000	3340000	0	0	0	0		0	
15	3340000	3360000	0	0	0	0		0	
15	3360000	3380000	0	0	0	0		0	
15	3380000	3400000	0	0	0	0		0	
15	3400000	3420000	0	0	0	0		0	
15	3420000	3440000	0	0	0	0		0	
15	3440000	3460000	0	0	0	0		0	
15	3460000	3480000	0	0	0	0		0	
15	3480000	3500000	0	0	0	0		0	
15	3500000	3520000	0	0	0	0		0	
15	3520000	3540000	0	0	0	0		0	
15	3540000	3560000	0	0	0	0		0	
15	3560000	3580000	0	0	0	0		0	
15	3580000	3600000	0	0	0	0		0	
15	3600000	3620000	0	0	0	0		0	
15	3620000	3640000	0	0	0	0		0	
15	3640000	3660000	0	0	0	0		0	
15	3660000	3680000	0	0	0	0		0	
15	3680000	3700000	0	0	0	0		0	
15	3700000	3720000	0	0	0	0		0	
15	3720000	3740000	0	0	0	0		0	
15	3740000	3760000	0	0	0	0		0	
15	3760000	3780000	0	0	0	0		0	
15	3780000	3800000	0	0	0	0		0	
15	3800000	3820000	0	0	0	0		0	
15	3820000	3840000	0	0	0	0		0	
15	3840000	3860000	0	0	0	0		0	
15	3860000	3880000	0	0	0	0		0	
15	3880000	3900000	0	0	0	0		0	
15	3900000	3920000	0	0	0	0		0	
15	3920000	3940000	0	0	0	0		0	
15	3940000	3960000	0	0	0	0		0	
15	3960000	3980000	0	0	0	0		0	
15	3980000	4000000	0	0	0	0		0	
15	4000000	4020000	0	0	0	0		0	
15	4020000	4040000	0	0	0	0		0	
15	4040000	4060000	0	0	0	0		0	
15	4060000	4080000	0	0	0	0		0	
15	4080000	4100000	0	0	0	0		0	
15	4100000	4120000	0	0	0	0		0	
15	4120000	4140000	0	0	0	0		0	
15	4140000	4160000	0	0	0	0		0	
15	4160000	4180000	0	0	0	0		0	
15	4180000	4200000	0	0	0	0		0	
15	4200000	4220000	0	0	0	0		0	
15	4220000	4240000	0	0	0	0		0	
15	4240000	4260000	0	0	0	0		0	
15	4260000	4280000	0	0	0	0		0	
15	4280000	4300000	0	0	0	0		0	
15	4300000	4320000	0	0	0	0		0	
15	4320000	4340000	0	0	0	0		0	
15	4340000	4360000	0	0	0	0		0	
15	4360000	4380000	0	0	0	0		0	
15	4380000	4400000	0	0	0	0		0	
15	4400000	4420000	0	0	0	0		0	
15	4420000	4440000	0	0	0	0		0	
15	4440000	4460000	0	0	0	0		0	
15	4460000	4480000	0	0	0	0		0	
15	4480000	4500000	0	0	0	0		0	
15	4500000	4520000	0	0	0	0		0	
15	4520000	4540000	0	0	0	0		0	
15	4540000	4560000	0	0	0	0		0	
15	4560000	4580000	0	0	0	0		0	
15	4580000	4600000	0	0	0	0		0	
15	4600000	4620000	0	0	0	0		0	
15	4620000	4640000	0	0	0	0		0	
15	4640000	4660000	0	0	0	0		0	
15	4660000	4680000	0	0	0	0		0	
15	4680000	4700000	0	0	0	0		0	
15	4700000	4720000	0	0	0	0		0	
15	4720000	4740000	0	0	0	0		0	
15	4740000	4760000	0	0	0	0		0	
15	4760000	4780000	0	0	0	0		0	
15	4780000	4800000	0	0	0	0		0	
15	4800000	4820000	0	0	0	0		0	
15	4820000	4840000	0	0	0	0		0	
15	4840000	4860000	0	0	0	0		0	
15	4860000	4880000	0	0	0	0		0	
15	4880000	4900000	0	0	0	0		0	
15	4900000	4920000	0	0	0	0		0	
15	4920000	4940000	0	0	0	0		0	
15	4940000	4960000	0	0	0	0		0	
15	4960000	4980000	0	0	0	0		0	
15	4980000	5000000	0	0	0	0		0	
15	5000000	5020000	0	0	0	0		0	
15	5020000	5040000	0	0	0	0		0	
15	5040000	5060000	0	0	0	0		0	
15	5060000	5080000	0	0	0	0		0	
15	5080000	5100000	0	0	0	0		0	
15	5100000	5120000	0	0	0	0		0	
15	5120000	5140000	0	0	0	0		0	
15	5140000	5160000	0	0	0	0		0	
15	5160000	5180000	0	0	0	0		0	
15	5180000	5200000	0	0	0	0		0	
15	5200000	5220000	0	0	0	0		0	
15	5220000	5240000	0	0	0	0		0	
15	5240000	5260000	0	0	0	0		0	
15	5260000	5280000	0	0	0	0		0	
15	5280000	5300000	0	0	0	0		0	
15	5300000	5320000	0	0	0	0		0	
15	5320000	5340000	0	0	0	0		0	
15	5340000	5360000	0	0	0	0		0	
15	5360000	5380000	0	0	0	0		0	
15	5380000	5400000	0	0	0	0		0	
15	5400000	5420000	0	0	0	0		0	
15	5420000	5440000	0	0	0	0		0	
15	5440000	5460000	0	0	0	0		0	
15	5460000	5480000	0	0	0	0		0	
15	5480000	5500000	0	0	0	0		0	
15	5500000	5520000	0	0	0	0		0	
15	5520000	5540000	0	0	0	0		0	
15	5540000	5560000	0	0	0	0		0	
15	5560000	5580000	0	0	0	0		0	
15	5580000	5600000	0	0	0	0		0	
15	5600000	5620000	0	0	0	0		0	
15	5620000	5640000	0	0	0	0		0	
15	5640000	5660000	0	0	0	0		0	
15	5660000	5680000	0	0	0	0		0	
15	5680000	5700000	0	0	0	0		0	
15	5700000	5720000	0	0	0	0		0	
15	5720000	5740000	0	0	0	0		0	
15	5740000	5760000	0	0	0	0		0	
15	5760000	5780000	0	0	0	0		0	
15	5780000	5800000	0	0	0	0		0	
15	5800000	5820000	0	0	0	0		0	
15	5820000	5840000	0	0	0	0		0	
15	5840000	5860000	0	0	0	0		0	
15	5860000	5880000	0	0	0	0		0	
15	5880000	5900000	0	0	0	0		0	
15	5900000	5920000	0	0	0	0		0	
15	5920000	5940000	0	0	0	0		0	
15	5940000	5960000	0	0	0	0		0	
15	5960000	5980000	0	0	0	0		0	
15	5980000	6000000	0	0	0	0		0	
15	6000000	6020000	0	0	0	0		0	
15	6020000	6040000	0	0	0	0		0	
15	6040000	6060000	0	0	0	0		0	
15	6060000	6080000	0	0	0	0		0	
15	6080000	6100000	0	0	0	0		0	
15	6100000	6120000	0	0	0	0		0	
15	6120000	6140000	0	0	0	0		0	
15	6140000	6160000	0	0	0	0		0	
15	6160000	6180000	0	0	0	0		0	
15	6180000	6200000	0	0	0	0		0	
15	6200000	6220000	0	0	0	0		0	
15	6220000	6240000	0	0	0	0		0	
15	6240000	6260000	0	0	0	0		0	
15	6260000	6280000	0	0	0	0		0	
15	6280000	6300000	0	0	0	0		0	
15	6300000	6320000	0	0	0	0		0	
15	6320000	6340000	0	0	0	0		0	
15	6340000	6360000	0	0	0	0		0	
15	6360000	6380000	0	0	0	0		0	
15	6380000	6400000	0	0	0	0		0	
15	6400000	6420000	0	0	0	0		0	
15	6420000	6440000	0	0	0	0		0	
15	6440000	6460000	0	0	0	0		0	
15	6460000	6480000	0	0	0	0		0	
15	6480000	6500000	0	0	0	0		0	
15	6500000	6520000	0	0	0	0		0	
15	6520000	6540000	0	0	0	0		0	
15	6540000	6560000	0	0	0	0		0	
15	6560000	6580000	0	0	0	0		0	
15	6580000	6600000	0	0	0	0		0	
15	6600000	6620000	0	0	0	0		0	
15	6620000	6640000	0	0	0	0		0	
15	6640000	6660000	0	0	0	0		0	
15	6660000	6680000	0	0	0	0		0	
15	6680000	6700000	0	0	0	0		0	
15	6700000	6720000	0	0	0	0		0	
15	6720000	6740000	0	0	0	0		0	
15	6740000	6760000	0	0	0	0		0	
15	6760000	6780000	0	0	0	0		0	
15	6780000	6800000	0	0	0	0		0	
15	6800000	6820000	0	0	0	0		0	
15	6820000	6840000	0	0	0	0		0	
15	6840000	6860000	0	0	0	0		0	
15	6860000	6880000	0	0	0	0		0	
15	6880000	6900000	0	0	0	0		0	
15	6900000	6920000	0	0	0	0		0	
15	6920000	6940000	0	0	0	0		0	
15	6940000	6960000	0	0	0	0		0	
15	6960000	6980000	0	0	0	0		0	
15	6980000	7000000	0	0	0	0		0	
15	7000000	7020000	0	0	0	0		0	
15	7020000	7040000	0	0	0	0		0	
15	7040000	7060000	0	0	0	0		0	
15	7060000	7080000	0	0	0	0		0	
15	7080000	7100000	0	0	0	0		0	
15	7100000	7120000	0	0	0	0		0	
15	7120000	7140000	0	0	0	0		0	
15	7140000	7160000	0	0	0	0		0	
15	7160000	7180000	0	0	0	0		0	
15	7180000	7200000	0	0	0	0		0	
15	7200000	7220000	0	0	0	0		0	
15	7220000	7240000	0	0	0	0		0	
15	7240000	7260000	0	0	0	0		0	
15	7260000	7280000	0	0	0	0		0	
15	7280000	7300000	0	0	0	0		0	
15	7300000	7320000	0	0	0	0		0	
15	7320000	7340000	0	0	0	0		0	
15	7340000	7360000	0	0	0	0		0	
15	7360000	7380000	0	0	0	0		0	
15	7380000	7400000	0	0	0	0		0	
15	7400000	7420000	0	0	0	0		0	
15	7420000	7440000	0	0	0	0		0	
15	7440000	7460000	0	0	0	0		0	
15	7460000	7480000	0	0	0	0		0	
15	7480000	7500000	0	0	0	0		0	
15	7500000	7520000	0	0	0	0		0	
15	7520000	7540000	0	0	0	0		0	
15	7540000	7560000	0	0	0	0		0	
15	7560000	7580000	0	0	0	0		0	
15	7580000	7600000	0	0	0	0		0	
15	7600000	7620000	0	0	0	0		0	
15	7620000	7640000	0	0	0	0		0	
15	7640000	7660000	0	0	0	0		0	
15	7660000	7680000	0	0	0	0		0	
15	7680000	7700000	0	0	0	0		0	
15	7700000	7720000	0	0	0	0		0	
15	7720000	7740000	0	0	0	0		0	
15	7740000	7760000	0	0	0	0		0	
15	7760000	7780000	0	0	0	0		0	
15	7780000	7800000	0	0	0	0		0	
15	7800000	7820000	0	0	0	0		0	
15	7820000	7840000	0	0	0	0		0	
15	7840000	7860000	0	0	0	0		0	
15	7860000	7880000	0	0	0	0		0	
15	7880000	7900000	0	0	0	0		0	
15	7900000	7920000	0	0	0	0		0	
15	7920000	7940000	0	0	0	0		0	
15	7940000	7960000	0	0	0	0		0	
15	7960000	7980000	0	0	0	0		0	
15	7980000	8000000	0	0	0	0		0	
15	8000000	8020000	0	0	0	0		0	
15	8020000	8040000	0	0	0	0		0	
15	8040000	8060000	0	0	0	0		0	
15	8060000	8080000	0	0	0	0		0	
15	8080000	8100000	0	0	0	0		0	
15	8100000	8120000	0	0	0	0		0	
15	8120000	8140000	0	0	0	0		0	
15	8140000	8160000	0	0	0	0		0	
15	8160000	8180000	0	0	0	0		0	
15	8180000	8200000	0	0	0	0		0	
15	8200000	8220000	0	0	0	0		0	
15	8220000	8240000	0	0	0	0		0	
15	8240000	8260000	0	0	0	0		0	
15	8260000	8280000	0	0	0	0		0	
15	8280000	8300000	0	0	0	0		0	
15	8300000	8320000	0	0	0	0		0	
15	8320000	8340000	0	0	0	0		0	
15	8340000	8360000	0	0	0	0		0	
15	8360000	8380000	0	0	0	0		0	
15	8380000	8400000	0	0	0	0		0	
15	8400000	8420000	0	0	0	0		0	
15	8420000	8440000	0	0	0	0		0	
15	8440000	8460000	0	0	0	0		0	
15	8460000	8480000	0	0	0	0		0	
15	8480000	8500000	0	0	0	0		0	
15	8500000	8520000	0	0	0	0		0	
15	8520000	8540000	0	0	0	0		0	
15	8540000	8560000	0	0	0	0		0	
15	8560000	8580000	0	0	0	0		0	
15	8580000	8600000	0	0	0	0		0	
15	8600000	8620000	0	0	0	0		0	
15	8620000	8640000	0	0	0	0		0	
15	8640000	8660000	0	0	0	0		0	
15	8660000	8680000	0	0	0	0		0	
15	8680000	8700000	0	0	0	0		0	
15	8700000	8720000	0	0	0	0		0	
15	8720000	8740000	0	0	0	0		0	
15	8740000	8760000	0	0	0	0		0	
15	8760000	8780000	0	0	0	0		0	
15	8780000	8800000	0	0	0	0		0	
15	8800000	8820000	0	0	0	0		0	
15	8820000	8840000	0	0	0	0		0	
15	8840000	8860000	0	0	0	0		0	
15	8860000	8880000	0	0	0	0		0	
15	8880000	8900000	0	0	0	0		0	
15	8900000	8920000	0	0	0	0		0	
15	8920000	8940000	0	0	0	0		0	
15	8940000	8960000	0	0	0	0		0	
15	8960000	8980000	0	0	0	0		0	
15	8980000	9000000	0	0	0	0		0	
15	9000000	9020000	0	0	0	0		0	
15	9020000	9040000	0	0	0	0		0	
15	9040000	9060000	0	0	0	0		0	
15	9060000	9080000	0	0	0	0		0	
15	9080000	9100000	0	0	0	0		0	
15	9100000	9120000	0	0	0	0		0	
15	9120000	9140000	0	0	0	0		0	
15	9140000	9160000	0	0	0	0		0	
15	9160000	9180000	0	0	0	0		0	
15	9180000	9200000	0	0	0	0		0	
15	9200000	9220000	0	0	0	0		0	
15	9220000	9240000	0	0	0	0		0	
15	9240000	9260000	0	0	0	0		0	
15	9260000	9280000	0	0	0	0		0	
15	9280000	9300000	0	0	0	0		0	
15	9300000	9320000	0	0	0	0		0	
15	9320000	9340000	0	0	0	0		0	
15	9340000	9360000	0	0	0	0		0	
15	9360000	9380000	0	0	0	0		0	
15	9380000	9400000	0	0	0	0		0	
15	9400000	9420000	0	0	0	0		0	
15	9420000	9440000	0	0	0	0		0	
15	9440000	9460000	0	0	0	0		0	
15	9460000	9480000	0	0	0	0		0	
15	9480000	9500000	0	0	0	0		0	
15	9500000	9520000	0	0	0	0		0	
15	9520000	9540000	0	0	0	0		0	
15	9540000	9560000	0	0	0	0		0	
15	9560000	9580000	0	0	0	0		0	
15	9580000	9600000	0	0	0	0		0	
15	9600000	9620000	0	0	0	0		0	
15	9620000	9640000	0	0	0	0		0	
15	9640000	9660000	0	0	0	0		0	
15	9660000	9680000	0	0	0	0		0	
15	9680000	9700000	0	0	0	0		0	
15	9700000	9720000	0	0	0	0		0	
15	9720000	9740000	0	0	0	0		0	
15	9740000	9760000	0	0	0	0		0	
15	9760000	9780000	0	0	0	0		0	
15	9780000	9800000	0	0	0	0		0	
15	9800000	9820000	0	0	0	0		0	
15	9820000	9840000	0	0	0	0		0	
15	9840000	9860000	0	0	0	0		0	
15	9860000	9880000	0	0	0	0		0	
15	9880000	9900000	0	0	0	0		0	
15	9900000	9920000	0	0	0	0		0	
15	9920000	9940000	0	0	0	0		0	
15	9940000	9960000	0	0	0	0		0	
15	9960000	9980000	0	0	0	0		0	
15	9980000	10000000	0	0	0	0		0	
15	10000000	10020000	0	0	0	0		0	
15	10020000	10040000	0	0	0	0		0	
15	10040000	10060000	0	0	0	0		0	
15	10060000	10080000	0	0	0	0		0	
15	10080000	10100000	0	0	0	0		0	
15	10100000	10120000	0	0	0	0		0	
15	10120000	10140000	0	0	0	0		0	
15	10140000	10160000	0	0	0	0		0	
15	10160000	10180000	0	0	0	0		0	
15	10180000	10200000	0	0	0	0		0	
15	10200000	10220000	0	0	0	0		0	
15	10220000	10240000	0	0	0	0		0	
15	10240000	10260000	0	0	0	0		0	
15	10260000	10280000	0	0	0	0		0	
15	10280000	10300000	0	0	0	0		0	
15	10300000	10320000	0	0	0	0		0	
15	10320000	10340000	0	0	0	0		0	
15	10340000	10360000	0	0	0	0		0	
15	10360000	10380000	0	0	0	0		0	
15	10380000	10400000	0	0	0	0		0	
15	10400000	10420000	0	0	0	0		0	
15	10420000	10440000	0	0	0	0		0	
15	10440000	10460000	0	0	0	0		0	
15	10460000	10480000	0	0	0	0		0	
15	10480000	10500000	0	0	0	0		0	
15	10500000	10520000	0	0	0	0		0	
15	10520000	10540000	0	0	0	0		0	
15	10540000	10560000	0	0	0	0		0	
15	10560000	10580000	0	0	0	0		0	
15	10580000	10600000	0	0	0	0		0	
15	10600000	10620000	0	0	0	0		0	
15	10620000	10640000	0	0	0	0		0	
15	10640000	10660000	0	0	0	0		0	
15	10660000	10680000	0	0	0	0		0	
15	10680000	10700000	0	0	0	0		0	
15	10700000	10720000	0	0	0	0		0	
15	10720000	10740000	0	0	0	0		0	
15	10740000	10760000	0	0	0	0		0	
15	10760000	10780000	0	0	0	0		0	
15	10780000	10800000	0	0	0	0		0	
15	10800000	10820000	0	0	0	0		0	
15	10820000	10840000	0	0	0	0		0	
15	10840000	10860000	0	0	0	0		0	
15	10860000	10880000	0	0	0	0		0	
15	10880000	10900000	0	0	0	0		0	
15	10900000	10920000	0	0	0	0		0	
15	10920000	10940000	0	0	0	0		0	
15	10940000	10960000	0	0	0	0		0	
15	10960000	10980000	0	0	0	0		0	
15	10980000	11000000	0	0	0	0		0	
15	11000000	11020000	0	0	0	0		0	
15	11020000	11040000	0	0	0	0		0	
15	11040000	11060000	0	0	0	0		0	
15	11060000	11080000	0	0	0	0		0	
15	11080000	11100000	0	0	0	0		0	
15	11100000	11120000	0	0	0	0		0	
15	11120000	11140000	0	0	0	0		0	
15	11140000	11160000	0	0	0	0		0	
15	11160000	11180000	0	0	0	0		0	
15	11180000	11200000	0	0	0	0		0	
15	11200000	11220000	0	0	0	0		0	
15	11220000	11240000	0	0	0	0		0	
15	11240000	11260000	0	0	0	0		0	
15	11260000	11280000	0	0	0	0		0	
15	11280000	11300000	0	0	0	0		0	
15	11300000	11320000	0	0	0	0		0	
15	11320000	11340000	0	0	0	0		0	
15	11340000	11360000	0	0	0	0		0	
15	11360000	11380000	0	0	0	0		0	
15	11380000	11400000	0	0	0	0		0	
15	11400000	11420000	0	0	0	0		0	
15	11420000	11440000	0	0	0	0		0	
15	11440000	11460000	0	0	0	0		0	
15	11460000	11480000	0	0	0	0		0	
15	11480000	11500000	0	0	0	0		0	
15	11500000	11520000	0	0	0	0		0	
15	11520000	11540000	0	0	0	0		0	
15	11540000	11560000	0	0	0	0		0	
15	11560000	11580000	0	0	0	0		0	
15	11580000	11600000	0	0	0	0		0	
15	11600000	11620000	0	0	0	0		0	
15	11620000	11640000	0	0	0	0		0	
15	11640000	11660000	0	0	0	0		0	
15	11660000	11680000	0	0	0	0		0	
15	11680000	11700000	0	0	0	0		0	
15	11700000	11720000	0	0	0	0		0	
15	11720000	11740000	0	0	0	0		0	
15	11740000	11760000	0	0	0	0		0	
15	11760000	11780000	0	0	0	0		0	
15	11780000	11800000	0	0	0	0		0	
15	11800000	11820000	0	0	0	0		0	
15	11820000	11840000	0	0	0	0		0	
15	11840000	11860000	0	0	0	0		0	
15	11860000	11880000	0	0	0	0		0	
15	11880000	11900000	0	0	0	0		0	
15	11900000	11920000	0	0	0	0		0	
15	11920000	11940000	0	0	0	0		0	
15	11940000	11960000	0	0	0	0		0	
15	11960000	11980000	0	0	0	0		0	
15	11980000	12000000	0	0	0	0		0	
15	12000000	12020000	0	0	0	0		0	
15	12020000	12040000	0	0	0	0		0	
15	12040000	12060000	0	0	0	0		0	
15	12060000	12080000	0	0	0	0		0	
15	12080000	12100000	0	0	0	0		0	
15	12100000	12120000	0	0	0	0		0	
15	12120000	12140000	0	0	0	0		0	
15	12140000	12160000	0	0	0	0		0	
15	12160000	12180000	0	0	0	0		0	
15	12180000	12200000	0	0	0	0		0	
15	12200000	12220000	0	0	0	0		0	
15	12220000	12240000	0	0	0	0		0	
15	12240000	12260000	0	0	0	0		0	
15	12260000	12280000	0	0	0	0		0	
15	12280000	12300000	0	0	0	0		0	
15	12300000	12320000	0	0	0	0		0	
15	12320000	12340000	0	0	0	0		0	
15	12340000	12360000	0	0	0	0		0	
15	12360000	12380000	0	0	0	0		0	
15	12380000	12400000	0	0	0	0		0	
15	12400000	12420000	0	0	0	0		0	
15	12420000	12440000	0	0	0	0		0	
15	12440000	12460000	0	0	0	0		0	
15	12460000	12480000	0	0	0	0		0	
15	12480000	12500000	0	0	0	0		0	
15	12500000	12520000	0	0	0	0		0	
15	12520000	12540000	0	0	0	0		0	
15	12540000	12560000	0	0	0	0		0	
15	12560000	12580000	0	0	0	0		0	
15	12580000	12600000	0	0	0	0		0	
15	12600000	12620000	0	0	0	0		0	
15	12620000	12640000	0	0	0	0		0	
15	12640000	12660000	0	0	0	0		0	
15	12660000	12680000	0	0	0	0		0	
15	12680000	12700000	0	0	0	0		0	
15	12700000	12720000	0	0	0	0		0	
15	12720000	12740000	0	0	0	0		0	
15	12740000	12760000	0	0	0	0		0	
15	12760000	12780000	0	0	0	0		0	
15	12780000	12800000	0	0	0	0		0	
15	12800000	12820000	0	0	0	0		0	
15	12820000	12840000	0	0	0	0		0	
15	12840000	12860000	0	0	0	0		0	
15	12860000	12880000	0	0	0	0		0	
15	12880000	12900000	0	0	0	0		0	
15	12900000	12920000	0	0	0	0		0	
15	12920000	12940000	0	0	0	0		0	
15	12940000	12960000	0	0	0	0		0	
15	12960000	12980000	0	0	0	0		0	
15	12980000	13000000	0	0	0	0		0	
15	13000000	13020000	0	0	0	0		0	
15	13020000	13040000	0	0	0	0		0	
15	13040000	13060000	0	0	0	0		0	
15	13060000	13080000	0	0	0	0		0	
15	13080000	13100000	0	0	0	0		0	
15	13100000	13120000	0	0	0	0		0	
15	13120000	13140000	0	0	0	0		0	
15	13140000	13160000	0	0	0	0		0	
15	13160000	13180000	0	0	0	0		0	
15	13180000	13200000	0	0	0	0		0	
15	13200000	13220000	0	0	0	0		0	
15	13220000	13240000	0	0	0	0		0	
15	13240000	13260000	0	0	0	0		0	
15	13260000	13280000	0	0	0	0		0	
15	13280000	13300000	0	0	0	0		0	
15	13300000	13320000	0	0	0	0		0	
15	13320000	13340000	0	0	0	0		0	
15	13340000	13360000	0	0	0	0		0	
15	13360000	13380000	0	0	0	0		0	
15	13380000	13400000	0	0	0	0		0	
15	13400000	13420000	0	0	0	0		0	
15	13420000	13440000	0	0	0	0		0	
15	13440000	13460000	0	0	0	0		0	
15	13460000	13480000	0	0	0	0		0	
15	13480000	13500000	0	0	0	0		0	
15	13500000	13520000	0	0	0	0		0	
15	13520000	13540000	0	0	0	0		0	
15	13540000	13560000	0	0	0	0		0	
15	13560000	13580000	0	0	0	0		0	
15	13580000	13600000	0	0	0	0		0	
15	13600000	13620000	0	0	0	0		0	
15	13620000	13640000	0	0	0	0		0	
15	13640000	13660000	0	0	0	0		0	
15	13660000	13680000	0	0	0	0		0	
15	13680000	13700000	0	0	0	0		0	
15	13700000	13720000	0	0	0	0		0	
15	13720000	13740000	0	0	0	0		0	
15	13740000	13760000	0	0	0	0		0	
15	13760000	13780000	0	0	0	0		0	
15	13780000	13800000	0	0	0	0		0	
15	13800000	13820000	0	0	0	0		0	
15	13820000	13840000	0	0	0	0		0	
15	13840000	13860000	0	0	0	0		0	
15	13860000	13880000	0	0	0	0		0	
15	13880000	13900000	0	0	0	0		0	
15	13900000	13920000	0	0	0	0		0	
15	13920000	13940000	0	0	0	0		0	
15	13940000	13960000	0	0	0	0		0	
15	13960000	13980000	0	0	0	0		0	
15	13980000	14000000	0	0	0	0		0	
15	14000000	14020000	0	0	0	0		0	
15	14020000	14040000	0	0	0	0		0	
15	14040000	14060000	0	0	0	0		0	
15	14060000	14080000	0	0	0	0		0	
15	14080000	14100000	0	0	0	0		0	
15	14100000	14120000	0	0	0	0		0	
15	14120000	14140000	0	0	0	0		0	
15	14140000	14160000	0	0	0	0		0	
15	14160000	14180000	0	0	0	0		0	
15	14180000	14200000	0	0	0	0		0	
15	14200000	14220000	0	0	0	0		0	
15	14220000	14240000	0	0	0	0		0	
15	14240000	14260000	0	0	0	0		0	
15	14260000	14280000	0	0	0	0		0	
15	14280000	14300000	0	0	0	0		0	
15	14300000	14320000	0	0	0	0		0	
15	14320000	14340000	0	0	0	0		0	
15	14340000	14360000	0	0	0	0		0	
15	14360000	14380000	0	0	0	0		0	
15	14380000	14400000	0	0	0	0		0	
15	14400000	14420000	0	0	0	0		0	
15	14420000	14440000	0	0	0	0		0	
15	14440000	14460000	0	0	0	0		0	
15	14460000	14480000	0	0	0	0		0	
15	14480000	14500000	0	0	0	0		0	
15	14500000	14520000	0	0	0	0		0	
15	14520000	14540000	0	0	0	0		0	
15	14540000	14560000	0	0	0	0		0	
15	14560000	14580000	0	0	0	0		0	
15	14580000	14600000	0	0	0	0		0	
15	14600000	14620000	0	0	0	0		0	
15	14620000	14640000	0	0	0	0		0	
15	14640000	14660000	0	0	0	0		0	
15	14660000	14680000	0	0	0	0		0	
15	14680000	14700000	0	0	0	0		0	
15	14700000	14720000	0	0	0	0		0	
15	14720000	14740000	0	0	0	0		0	
15	14740000	14760000	0	0	0	0		0	
15	14760000	14780000	0	0	0	0		0	
15	14780000	14800000	0	0	0	0		0	
15	14800000	14820000	0	0	0	0		0	
15	14820000	14840000	0	0	0	0		0	
15	14840000	14860000	0	0	0	0		0	
15	14860000	14880000	0	0	0	0		0	
15	14880000	14900000	0	0	0	0		0	
15	14900000	14920000	0	0	0	0		0	
15	14920000	14940000	0	0	0	0		0	
15	14940000	14960000	0	0	0	0		0	
15	14960000	14980000	0	0	0	0		0	
15	14980000	15000000	0	0	0	0		0	
15	15000000	15020000	0	0	0	0		0	
15	15020000	15040000	0	0	0	0		0	
15	15040000	15060000	0	0	0	0		0	
15	15060000	15080000	0	0	0	0		0	
15	15080000	15100000	0	0	0	0		0	
15	15100000	15120000	0	0	0	0		0	
15	15120000	15140000	0	0	0	0		0	
15	15140000	15160000	0	0	0	0		0	
15	15160000	15180000	0	0	0	0		0	
15	15180000	15200000	0	0	0	0		0	
15	15200000	15220000	0	0	0	0		0	
15	15220000	15240000	0	0	0	0		0	
15	15240000	15260000	0	0	0	0		0	
15	15260000	15280000	0	0	0	0		0	
15	15280000	15300000	0	0	0	0		0	
15	15300000	15320000	0	0	0	0		0	
15	15320000	15340000	0	0	0	0		0	
15	15340000	15360000	0	0	0	0		0	
15	15360000	15380000	0	0	0	0		0	
15	15380000	15400000	0	0	0	0		0	
15	15400000	15420000	0	0	0	0		0	
15	15420000	15440000	0	0	0	0		0	
15	15440000	15460000	0	0	0	0		0	
15	15460000	15480000	0	0	0	0		0	
15	15480000	15500000	0	0	0	0		0	
15	15500000	15520000	0	0	0	0		0	
15	15520000	15540000	0	0	0	0		0	
15	15540000	15560000	0	0	0	0		0	
15	15560000	15580000	0	0	0	0		0	
15	15580000	15600000	0	0	0	0		0	
15	15600000	15620000	0	0	0	0		0	
15	15620000	15640000	0	0	0	0		0	
15	15640000	15660000	0	0	0	0		0	
15	15660000	15680000	0	0	0	0		0	
15	15680000	15700000	0	0	0	0		0	
15	15700000	15720000	0	0	0	0		0	
15	15720000	15740000	0	0	0	0		0	
15	15740000	15760000	0	0	0	0		0	
15	15760000	15780000	0	0	0	0		0	
15	15780000	15800000	0	0	0	0		0	
15	15800000	15820000	0	0	0	0		0	
15	15820000	15840000	0	0	0	0		0	
15	15840000	15860000	0	0	0	0		0	
15	15860000	15880000	0	0	0	0		0	
15	15880000	15900000	0	0	0	0		0	
15	15900000	15920000	0	0	0	0		0	
15	15920000	15940000	0	0	0	0		0	
15	15940000	15960000	0	0	0	0		0	
15	15960000	15980000	0	0	0	0		0	
15	15980000	16000000	0	0	0	0		0	
15	16000000	16020000	0	0	0	0		0	
15	16020000	16040000	0	0	0	0		0	
15	16040000	16060000	0	0	0	0		0	
15	16060000	16080000	0	0	0	0		0	
15	16080000	16100000	0	0	0	0		0	
15	16100000	16120000	0	0	0	0		0	
15	16120000	16140000	0	0	0	0		0	
15	16140000	16160000	0	0	0	0		0	
15	16160000	16180000	0	0	0	0		0	
15	16180000	16200000	0	0	0	0		0	
15	16200000	16220000	0	0	0	0		0	
15	16220000	16240000	0	0	0	0		0	
15	16240000	16260000	0	0	0	0		0	
15	16260000	16280000	0	0	0	0		0	
15	16280000	16300000	0	0	0	0		0	
15	16300000	16320000	0	0	0	0		0	
15	16320000	16340000	0	0	0	0		0	
15	16340000	16360000	0	0	0	0		0	
15	16360000	16380000	0	0	0	0		0	
15	16380000	16400000	0	0	0	0		0	
15	16400000	16420000	0	0	0	0		0	
15	16420000	16440000	0	0	0	0		0	
15	16440000	16460000	0	0	0	0		0	
15	16460000	16480000	0	0	0	0		0	
15	16480000	16500000	0	0	0	0		0	
15	16500000	16520000	0	0	0	0		0	
15	16520000	16540000	0	0	0	0		0	
15	16540000	16560000	0	0	0	0		0	
15	16560000	16580000	0	0	0	0		0	
15	16580000	16600000	0	0	0	0		0	
15	16600000	16620000	0	0	0	0		0	
15	16620000	16640000	0	0	0	0		0	
15	16640000	16660000	0	0	0	0		0	
15	16660000	16680000	0	0	0	0		0	
15	16680000	16700000	0	0	0	0		0	
15	16700000	16720000	0	0	0	0		0	
15	16720000	16740000	0	0	0	0		0	
15	16740000	16760000	0	0	0	0		0	
15	16760000	16780000	0	0	0	0		0	
15	16780000	16800000	0	0	0	0		0	
15	16800000	16820000	0	0	0	0		0	
15	16820000	16840000	0	0	0	0		0	
15	16840000	16860000	0	0	0	0		0	
15	16860000	16880000	0	0	0	0		0	
15	16880000	16900000	0	0	0	0		0	
15	16900000	16920000	0	0	0	0		0	
15	16920000	16940000	0	0	0	0		0	
15	16940000	16960000	0	0	0	0		0	
15	16960000	16980000	0	0	0	0		0	
15	16980000	17000000	0	0	0	0		0	
15	17000000	17020000	0	0	0	0		0	
15	17020000	17040000	0	0	0	0		0	
15	17040000	17060000	0	0	0	0		0	
15	17060000	17080000	0	0	0	0		0	
15	17080000	17100000	0	0	0	0		0	
15	17100000	17120000	0	0	0	0		0	
15	17120000	17140000	0	0	0	0		0	
15	17140000	17160000	0	0	0	0		0	
15	17160000	17180000	0	0	0	0		0	
15	17180000	17200000	0	0	0	0		0	
15	17200000	17220000	0	0	0	0		0	
15	17220000	17240000	0	0	0	0		0	
15	17240000	17260000	0	0	0	0		0	
15	17260000	17280000	0	0	0	0		0	
15	17280000	17300000	0	0	0	0		0	
15	17300000	17320000	0	0	0	0		0	
15	17320000	17340000	0	0	0	0		0	
15	17340000	17360000	0	0	0	0		0	
15	17360000	17380000	0	0	0	0		0	
15	17380000	17400000	0	0	0	0		0	
15	17400000	17420000	0	0	0	0		0	
15	17420000	17440000	0	0	0	0		0	
15	17440000	17460000	0	0	0	0		0	
15	17460000	17480000	0	0	0	0		0	
15	17480000	17500000	0	0	0	0		0	
15	17500000	17520000	0	0	0	0		0	
15	17520000	17540000	0	0	0	0		0	
15	17540000	17560000	0	0	0	0		0	
15	17560000	17580000	0	0	0	0		0	
15	17580000	17600000	0	0	0	0		0	
15	17600000	17620000	0	0	0	0		0	
15	17620000	17640000	0	0	0	0		0	
15	17640000	17660000	0	0	0	0		0	
15	17660000	17680000	0	0	0	0		0	
15	17680000	17700000	0	0	0	0		0	
15	17700000	17720000	0	0	0	0		0	
15	17720000	17740000	0	0	0	0		0	
15	17740000	17760000	0	0	0	0		0	
15	17760000	17780000	0	0	0	0		0	
15	17780000	17800000	0	0	0	0		0	
15	17800000	17820000	0	0	0	0		0	
15	17820000	17840000	0	0	0	0		0	
15	17840000	17860000	0	0	0	0		0	
15	17860000	17880000	0	0	0	0		0	
15	17880000	17900000	0	0	0	0		0	
15	17900000	17920000	0	0	0	0		0	
15	17920000	17940000	0	0	0	0		0	
15	17940000	17960000	0	0	0	0		0	
15	17960000	17980000	0	0	0	0		0	
15	17980000	18000000	0	0	0	0		0	
15	18000000	18020000	0	0	0	0		0	
15	18020000	18040000	0	0	0	0		0	
15	18040000	18060000	0	0	0	0		0	
15	18060000	18080000	0	0	0	0		0	
15	18080000	18100000	0	0	0	0		0	
15	18100000	18120000	0	0	0	0		0	
15	18120000	18140000	0	0	0	0		0	
15	18140000	18160000	0	0	0	0		0	
15	18160000	18180000	0	0	0	0		0	
15	18180000	18200000	0	0	0	0		0	
15	18200000	18220000	0	0	0	0		0	
15	18220000	18240000	0	0	0	0		0	
15	18240000	18260000	0	0	0	0		0	
15	18260000	18280000	0	0	0	0		0	
15	18280000	18300000	0	0	0	0		0	
15	18300000	18320000	0	0	0	0		0	
15	18320000	18340000	0	0	0	0		0	
15	18340000	18360000	0	0	0	0		0	
15	18360000	18380000	0	0	0	0		0	
15	18380000	18400000	0	0	0	0		0	
15	18400000	18420000	0	0	0	0		0	
15	18420000	18440000	0	0	0	0		0	
15	18440000	18460000	0	0	0	0		0	
15	18460000	18480000	0	0	0	0		0	
15	18480000	18500000	0	0	0	0		0	
15	18500000	18520000	0	0	0	0		0	
15	18520000	18540000	0	0	0	0		0	
15	18540000	18560000	0	0	0	0		0	
15	18560000	18580000	0	0	0	0		0	
15	18580000	18600000	0	0	0	0		0	
15	18600000	18620000	0	0	0	0		0	
15	18620000	18640000	0	0	0	0		0	
15	18640000	18660000	0	0	0	0		0	
15	18660000	18680000	0	0	0	0		0	
15	18680000	18700000	0	0	0	0		0	
15	18700000	18720000	0	0	0	0		0	
15	18720000	18740000	0	0	0	0		0	
15	18740000	18760000	0	0	0	0		0	
15	18760000	18780000	0	0	0	0		0	
15	18780000	18800000	0	0	0	0		0	
15	18800000	18820000	0	0	0	0		0	
15	18820000	18840000	0	0	0	0		0	
15	18840000	18860000	0	0	0	0		0	
15	18860000	18880000	0	0	0	0		0	
15	18880000	18900000	0	0	0	0		0	
15	18900000	18920000	0	0	0	0		0	
15	18920000	18940000	0	0	0	0		0	
15	18940000	18960000	0	0	0	0		0	
15	18960000	18980000	0	0	0	0		0	
15	18980000	19000000	0	0	0	0		0	
15	19000000	19020000	0	0	0	0		0	
15	19020000	19040000	0	0	0	0		0	
15	19040000	19060000	0	0	0	0		0	
15	19060000	19080000	0	0	0	0		0	
15	19080000	19100000	0	0	0	0		0	
15	19100000	19120000	0	0	0	0		0	
15	19120000	19140000	0	0	0	0		0	
15	19140000	19160000	0	0	0	0		0	
15	19160000	19180000	0	0	0	0		0	
15	19180000	19200000	0	0	0	0		0	
15	19200000	19220000	0	0	0	0		0	
15	19220000	19240000	0	0	0	0		0	
15	19240000	19260000	0	0	0	0		0	
15	19260000	19280000	0	0	0	0		0	
15	19280000	19300000	0	0	0	0		0	
15	19300000	19320000	0	0	0	0		0	
15	19320000	19340000	0	0	0	0		0	
15	19340000	19360000	0	0	0	0		0	
15	19360000	19380000	0	0	0	0		0	
15	19380000	19400000	0	0	0	0		0	
15	19400000	19420000	0	0	0	0		0	
15	19420000	19440000	0	0	0	0		0	
15	19440000	19460000	0	0	0	0		0	
15	19460000	19480000	0	0	0	0		0	
15	19480000	19500000	0	0	0	0		0	
15	19500000	19520000	0	0	0	0		0	
15	19520000	19540000	0	0	0	0		0	
15	19540000	19560000	0	0	0	0		0	
15	19560000	19580000	0	0	0	0		0	
15	19580000	19600000	0	0	0	0		0	
15	19600000	19620000	0	0	0	0		0	
15	19620000	19640000	0	0	0	0		0	
15	19640000	19660000	0	0	0	0		0	
15	19660000	19680000	0	0	0	0		0	
15	19680000	19700000	0	0	0	0		0	
15	19700000	19720000	0	0	0	0		0	
15	19720000	19740000	0	0	0	0		0	
15	19740000	19760000	0	0	0	0		0	
15	19760000	19780000	0	0	0	0		0	
15	19780000	19800000	0	0	0	0		0	
15	19800000	19820000	0	0	0	0		0	
15	19820000	19840000	0	0	0	0		0	
15	19840000	19860000	0	0	0	0		0	
15	19860000	19880000	0	0	0	0		0	
15	19880000	19900000	0	0	0	0		0	
15	19900000	19920000	0	0	0	0		0	
15	19920000	19940000	0	0	0	0		0	
15	19940000	19960000	0	0	0	0		0	
15	19960000	19980000	0	0	0	0		0	
15	19980000	20000000	0	0	0	0		0	
15	20000000	20020000	0	0	20000	0		1	
15	20020000	20040000	0	0	19957	16		0.99785	0
15	20040000	20060000	0	0	13693	19		0.68465	0
15	20060000	20080000	0	0	11150	76		0.5575	0
15	20080000	20100000	0	0	13427	33		0.67135	0
15	20100000	20120000	0	0	7191	115		0.35955	0
15	20120000	20140000	0	0	10460	23		0.523	0
15	20140000	20160000	0	0	13392	110		0.6696	0
15	20160000	20180000	0	0	6361	554		0.31805	0
15	20180000	20200000	0	0	13520	3466		0.676	0
15	20200000	20220000	0	0	7732	0		0.3866	
15	20220000	20240000	0	0	9440	0		0.472	
15	20240000	20260000	0	0	12692	0		0.6346	
15	20260000	20280000	0	0	10696	0		0.5348	
15	20280000	20300000	0	0	14719	0		0.73595	
15	20300000	20320000	0	0	14657	0		0.73285	
15	20320000	20340000	0	0	10442	0		0.5221	
15	20340000	20360000	0	0	14465	0		0.72325	
15	20360000	20380000	0	0	12777	0		0.63885	
15	20380000	20400000	0	0	10668	0		0.5334	
15	20400000	20420000	9	1	11750	9	0.111111	0.5875	1
15	20420000	20440000	0	0	11254	0		0.5627	
15	20440000	20460000	0	0	13788	0		0.6894	
15	20460000	20480000	0	0	12441	0		0.62205	
15	20480000	20500000	0	0	9482	0		0.4741	
15	20500000	20520000	0	0	15402	0		0.7701	
15	20520000	20540000	0	0	10087	0		0.50435	
15	20540000	20560000	0	0	11235	0		0.56175	
15	20560000	20580000	0	0	9295	0		0.46475	
15	20580000	20600000	0	0	11473	0		0.57365	
15	20600000	20620000	0	0	12756	0		0.6378	
15	20620000	20640000	0	0	13239	0		0.66195	
15	20640000	20660000	0	0	8156	0		0.4078	
15	20660000	20680000	0	0	10326	0		0.5163	
15	20680000	20700000	0	0	13947	0		0.69735	
15	20700000	20720000	0	0	13047	0		0.65235	
15	20720000	20740000	0	0	7164	0		0.3582	
15	20740000	20760000	0	0	9756	0		0.4878	
15	20760000	20780000	0	0	6158	0		0.3079	
15	20780000	20800000	0	0	9252	0		0.4626	
15	20800000	20820000	0	0	11362	0		0.5681	
15	20820000	20840000	0	0	11657	0		0.58285	
15	20840000	20860000	0	0	11375	59		0.56875	0
15	20860000	20880000	232	3	6273	295	0.012931	0.31365	0.786441
15	20880000	20900000	0	0	4774	0		0.2387	
15	20900000	20920000	0	0	0	0		0	
15	20920000	20940000	0	0	4495	0		0.22475	
15	20940000	20960000	0	0	11379	0		0.56895	
15	20960000	20980000	0	0	5246	0		0.2623	
15	20980000	21000000	0	0	9589	0		0.47945	
15	21000000	21020000	0	0	6792	0		0.3396	
15	21020000	21040000	0	0	11987	0		0.59935	
15	21040000	21060000	0	0	8604	0		0.4302	
15	21060000	21080000	0	0	5422	0		0.2711	
15	21080000	21100000	0	0	9310	0		0.4655	
15	21100000	21120000	0	0	14445	0		0.72225	
15	21120000	21140000	0	0	5021	0		0.25105	
15	21140000	21160000	12	1	11770	12	0.0833333	0.5885	1
15	21160000	21180000	0	0	7631	0		0.38155	
15	21180000	21200000	0	0	10320	0		0.516	
15	21200000	21220000	0	0	9772	4		0.4886	0
15	21220000	21240000	0	0	4565	0		0.22825	
15	21240000	21260000	0	0	14707	0		0.73535	
15	21260000	21280000	0	0	11061	0		0.55305	
15	21280000	21300000	0	0	13428	0		0.6714	
15	21300000	21320000	0	0	15827	0		0.79135	
15	21320000	21340000	0	0	11170	0		0.5585	
15	21340000	21360000	0	0	12980	0		0.649	
15	21360000	21380000	0	0	11831	0		0.59155	
15	21380000	21400000	0	0	14235	0		0.71175	
15	21400000	21420000	0	0	0	0		0	
15	21420000	21440000	0	0	0	0		0	
15	21440000	21460000	0	0	0	0		0	
15	21460000	21480000	0	0	0	0		0	
15	21480000	21500000	0	0	0	0		0	
15	21500000	21520000	0	0	0	0		0	
15	21520000	21540000	0	0	0	0		0	
15	21540000	21560000	0	0	0	0		0	
15	21560000	21580000	0	0	0	0		0	
15	21580000	21600000	0	0	0	0		0	
15	21600000	21620000	0	0	0	0		0	
15	21620000	21640000	0	0	0	0		0	
15	21640000	21660000	0	0	0	0		0	
15	21660000	21680000	0	0	0	0		0	
15	21680000	21700000	0	0	0	0		0	
15	21700000	21720000	0	0	0	0		0	
15	21720000	21740000	0	0	0	0		0	
15	21740000	21760000	0	0	0	0		0	
15	21760000	21780000	0	0	0	0		0	
15	21780000	21800000	0	0	0	0		0	
15	21800000	21820000	0	0	0	0		0	
15	21820000	21840000	0	0	0	0		0	
15	21840000	21860000	0	0	0	0		0	
15	21860000	21880000	0	0	0	0		0	
15	21880000	21900000	0	0	4913	0		0.24565	
15	21900000	21920000	13	1	8538	61	0.0769231	0.4269	0.213115
15	21920000	21940000	8	0	5999	15	0	0.29995	0.533333
15	21940000	21960000	32	1	13092	32	0.03125	0.6546	1
15	21960000	21980000	0	0	6595	0		0.32975	
15	21980000	22000000	0	0	8100	0		0.405	
15	22000000	22020000	0	0	6721	0		0.33605	
15	22020000	22040000	0	0	9190	0		0.4595	
15	22040000	22060000	0	0	10873	0		0.54365	
15	22060000	22080000	0	0	5927	0		0.29635	
15	22080000	22100000	0	0	6957	0		0.34785	
15	22100000	22120000	0	0	11214	0		0.5607	
15	22120000	22140000	0	0	11962	0		0.5981	
15	22140000	22160000	0	0	7467	0		0.37335	
15	22160000	22180000	0	0	8200	0		0.41	
15	22180000	22200000	0	0	11259	0		0.56295	
15	22200000	22220000	0	0	4850	0		0.2425	
15	22220000	22240000	0	0	0	0		0	
15	22240000	22260000	0	0	0	0		0	
15	22260000	22280000	0	0	9255	0		0.46275	
15	22280000	22300000	0	0	7442	0		0.3721	
15	22300000	22320000	0	0	13249	29		0.66245	0
15	22320000	22340000	4	1	9591	17	0.25	0.47955	0.235294
15	22340000	22360000	66	3	11698	67	0.0454545	0.5849	0.985075
15	22360000	22380000	0	0	8366	328		0.4183	0
15	22380000	22400000	0	0	15404	125		0.7702	0
15	22400000	22420000	0	0	13474	36		0.6737	0
15	22420000	22440000	0	0	13409	122		0.67045	0
15	22440000	22460000	0	0	11392	44		0.5696	0
15	22460000	22480000	0	0	7785	23		0.38925	0
15	22480000	22500000	0	0	8612	107		0.4306	0
15	22500000	22520000	0	0	10539	62		0.52695	0
15	22520000	22540000	0	0	13787	47		0.68935	0
15	22540000	22560000	0	0	5701	56		0.28505	0
15	22560000	22580000	0	0	6055	4		0.30275	0
15	22580000	22600000	0	0	10606	13		0.5303	0
15	22600000	22620000	0	0	0	0		0	
15	22620000	22640000	0	0	0	0		0	
15	22640000	22660000	0	0	4281	0		0.21405	
15	22660000	22680000	0	0	10970	0		0.5485	
15	22680000	22700000	0	0	11120	0		0.556	
15	22700000	22720000	0	0	4095	0		0.20475	
15	22720000	22740000	0	0	9477	0		0.47385	
15	22740000	22760000	0	0	11214	1405		0.5607	0
15	22760000	22780000	0	0	12433	3634		0.62165	0
15	22780000	22800000	1208	24	9056	4029	0.0198675	0.4528	0.299826
15	22800000	22820000	6070	39	15914	6122	0.00642504	0.7957	0.991506
15	22820000	22840000	4418	36	6242	4453	0.00814848	0.3121	0.99214
15	22840000	22860000	8674	54	12227	8753	0.0062255	0.61135	0.990975
15	22860000	22880000	8090	43	9688	8196	0.0053152	0.4844	0.987067
15	22880000	22900000	7451	31	15379	7597	0.00416052	0.76895	0.980782
15	22900000	22920000	9999	65	9146	10105	0.00650065	0.4573	0.98951
15	22920000	22940000	9548	52	10671	10498	0.00544617	0.53355	0.909507
15	22940000	22960000	10011	64	10550	10108	0.00639297	0.5275	0.990404
15	22960000	22980000	9569	63	10745	9670	0.00658376	0.53725	0.989555
15	22980000	23000000	11350	80	7985	11482	0.00704846	0.39925	0.988504
15	23000000	23020000	8793	44	10641	9078	0.00500398	0.53205	0.968605
15	23020000	23040000	8488	40	10481	8554	0.00471254	0.52405	0.992284
15	23040000	23060000	9737	51	9032	9988	0.00523775	0.4516	0.97487
15	23060000	23080000	6794	58	12212	7090	0.00853694	0.6106	0.958251
15	23080000	23100000	3541	28	11673	3591	0.00790737	0.58365	0.986076
15	23100000	23120000	0	0	11455	13		0.57275	0
15	23120000	23140000	0	0	8539	12		0.42695	0
15	23140000	23160000	0	0	5621	86		0.28105	0
15	23160000	23180000	0	0	9804	27		0.4902	0
15	23180000	23200000	0	0	9382	36		0.4691	0
15	23200000	23220000	0	0	8372	18		0.4186	0
15	23220000	23240000	68	8	9715	99	0.117647	0.48575	0.686869
15	23240000	23260000	0	0	8959	5		0.44795	0
15	23260000	23280000	0	0	7686	0		0.3843	
15	23280000	23300000	0	0	9246	0		0.4623	
15	23300000	23320000	0	0	6251	1		0.31255	0
15	23320000	23340000	0	0	8850	0		0.4425	
15	23340000	23360000	0	0	14219	0		0.71095	
15	23360000	23380000	0	0	13920	0		0.696	
15	23380000	23400000	0	0	10212	0		0.5106	
15	23400000	23420000	0	0	7330	0		0.3665	
15	23420000	23440000	0	0	10030	0		0.5015	
15	23440000	23460000	0	0	8571	0		0.42855	
15	23460000	23480000	0	0	10166	0		0.5083	
15	23480000	23500000	0	0	9624	0		0.4812	
15	23500000	23520000	0	0	9288	0		0.4644	
15	23520000	23540000	0	0	0	0		0	
15	23540000	23560000	0	0	0	0		0	
15	23560000	23580000	0	0	4834	0		0.2417	
15	23580000	23600000	0	0	11275	0		0.56375	
15	23600000	23620000	0	0	5208	0		0.2604	
15	23620000	23640000	0	0	8274	0		0.4137	
15	23640000	23660000	0	0	11098	0		0.5549	
15	23660000	23680000	1	0	11868	1	0	0.5934	1
15	23680000	23700000	0	0	7694	2933		0.3847	0
15	23700000	23720000	7027	49	11250	8232	0.0069731	0.5625	0.85362
15	23720000	23740000	9185	49	18910	9487	0.00533478	0.9455	0.968167
15	23740000	23760000	6373	59	18863	6839	0.00925781	0.94315	0.931861
15	23760000	23780000	7933	47	17863	9811	0.00592462	0.89315	0.808582
15	23780000	23800000	11726	75	16764	11840	0.00639604	0.8382	0.990372
15	23800000	23820000	11565	46	10451	11720	0.00397752	0.52255	0.986775
15	23820000	23840000	10544	72	13484	10640	0.00682853	0.6742	0.990977
15	23840000	23860000	10512	67	12400	10596	0.00637367	0.62	0.992072
15	23860000	23880000	8144	69	13525	10096	0.0084725	0.67625	0.806656
15	23880000	23900000	11157	86	8999	11541	0.00770817	0.44995	0.966727
15	23900000	23920000	11916	98	11629	12029	0.00822424	0.58145	0.990606
15	23920000	23940000	10104	52	8971	10198	0.00514648	0.44855	0.990783
15	23940000	23960000	7733	64	16581	7801	0.00827622	0.82905	0.991283
15	23960000	23980000	7061	33	16129	7132	0.00467356	0.80645	0.990045
15	23980000	24000000	9319	73	17148	9425	0.00783346	0.8574	0.988753
15	24000000	24020000	8239	57	14844	8704	0.00691832	0.7422	0.946576
15	24020000	24040000	12000	92	11191	12111	0.00766667	0.55955	0.990835
15	24040000	24060000	10776	75	10335	10900	0.00695991	0.51675	0.988624
15	24060000	24080000	9501	68	15088	9660	0.00715714	0.7544	0.98354
15	24080000	24100000	9933	67	13475	10048	0.00674519	0.67375	0.988555
15	24100000	24120000	13311	76	7507	13425	0.00570956	0.37535	0.991508
15	24120000	24140000	11447	73	11982	11540	0.00637722	0.5991	0.991941
15	24140000	24160000	11424	49	11574	11506	0.00428922	0.5787	0.992873
15	24160000	24180000	11026	65	13279	11094	0.00589516	0.66395	0.993871
15	24180000	24200000	10017	60	14764	10124	0.00598982	0.7382	0.989431
15	24200000	24220000	7945	70	16695	8031	0.00881057	0.83475	0.989291
15	24220000	24240000	9003	97	17887	9070	0.0107742	0.89435	0.992613
15	24240000	24260000	11009	76	14845	11120	0.00690344	0.74225	0.990018
15	24260000	24280000	9336	115	16035	9419	0.0123179	0.80175	0.991188
15	24280000	24300000	7963	61	17338	8018	0.00766043	0.8669	0.99314
15	24300000	24320000	9712	71	15626	9783	0.00731054	0.7813	0.992743
15	24320000	24340000	6658	79	18065	6998	0.0118654	0.90325	0.951415
15	24340000	24360000	187	10	12139	490	0.0534759	0.60695	0.381633
15	24360000	24380000	0	0	12308	762		0.6154	0
15	24380000	24400000	0	0	16251	846		0.81255	0
15	24400000	24420000	0	0	13552	593		0.6776	0
15	24420000	24440000	0	0	12450	626		0.6225	0
15	24440000	24460000	0	0	17738	838		0.8869	0
15	24460000	24480000	0	0	15473	1423		0.77365	0
15	24480000	24500000	0	0	12488	648		0.6244	0
15	24500000	24520000	37	4	13790	393	0.108108	0.6895	0.0941476
15	24520000	24540000	119	8	11842	195	0.0672269	0.5921	0.610256
15	24540000	24560000	48	5	18023	51	0.104167	0.90115	0.941176
15	24560000	24580000	17	3	16545	164	0.176471	0.82725	0.103659
15	24580000	24600000	66	6	11611	328	0.0909091	0.58055	0.20122
15	24600000	24620000	0	0	16510	818		0.8255	0
15	24620000	24640000	609	36	12014	805	0.0591133	0.6007	0.756522
15	24640000	24660000	0	0	13958	683		0.6979	0
15	24660000	24680000	210	24	13046	493	0.114286	0.6523	0.425963
15	24680000	24700000	335	40	13548	352	0.119403	0.6774	0.951705
15	24700000	24720000	43	8	11741	162	0.186047	0.58705	0.265432
15	24720000	24740000	0	0	13016	167		0.6508	0
15	24740000	24760000	46	1	15636	51	0.0217391	0.7818	0.901961
15	24760000	24780000	162	7	17077	168	0.0432099	0.85385	0.964286
15	24780000	24800000	525	21	14704	568	0.04	0.7352	0.924296
15	24800000	24820000	603	29	13036	688	0.0480929	0.6518	0.876453
15	24820000	24840000	8299	43	13301	8408	0.00518135	0.66505	0.987036
15	24840000	24860000	11361	55	12240	11548	0.00484112	0.612	0.983807
15	24860000	24880000	8906	69	17630	9164	0.00774759	0.8815	0.971846
15	24880000	24900000	8320	48	14907	8473	0.00576923	0.74535	0.981943
15	24900000	24920000	12110	74	11499	12302	0.00611065	0.57495	0.984393
15	24920000	24940000	7023	30	11101	7199	0.00427168	0.55505	0.975552
15	24940000	24960000	7408	40	17158	7480	0.00539957	0.8579	0.990374
15	24960000	24980000	9744	45	13960	9867	0.00461823	0.698	0.987534
15	24980000	25000000	11543	59	11980	11650	0.00511132	0.599	0.990815
15	25000000	25020000	9319	69	14754	9405	0.00740423	0.7377	0.990856
15	25020000	25040000	9757	52	12896	10458	0.00532951	0.6448	0.93297
15	25040000	25060000	11195	126	13637	11586	0.011255	0.68185	0.966252
15	25060000	25080000	10736	83	11324	10916	0.007731	0.5662	0.98351
15	25080000	25100000	9030	75	14349	9643	0.00830565	0.71745	0.936431
15	25100000	25120000	6452	42	14808	8553	0.00650961	0.7404	0.754355
15	25120000	25140000	8620	71	12289	8920	0.00823666	0.61445	0.966368
15	25140000	25160000	7774	63	14679	7866	0.00810394	0.73395	0.988304
15	25160000	25180000	7652	57	12782	7809	0.00744903	0.6391	0.979895
15	25180000	25200000	8170	34	15238	8432	0.00416157	0.7619	0.968928
15	25200000	25220000	10139	58	7073	10235	0.00572049	0.35365	0.99062
15	25220000	25240000	13051	54	2894	13421	0.00413761	0.1447	0.972431
15	25240000	25260000	9778	46	9051	9861	0.00470444	0.45255	0.991583
15	25260000	25280000	12985	51	5442	13115	0.00392761	0.2721	0.990088
15	25280000	25300000	9699	58	10575	10060	0.00598	0.52875	0.964115
15	25300000	25320000	12008	80	302	12392	0.00666223	0.0151	0.969012
15	25320000	25340000	10189	62	124	11243	0.00608499	0.0062	0.906253
15	25340000	25360000	11484	50	4876	11571	0.00435388	0.2438	0.992481
15	25360000	25380000	12033	50	11966	12138	0.00415524	0.5983	0.991349
15	25380000	25400000	13534	55	13488	13653	0.00406384	0.6744	0.991284
15	25400000	25420000	11166	65	6124	11267	0.00582124	0.3062	0.991036
15	25420000	25440000	4348	324	0	6606	0.074517	0	0.65819
15	25440000	25460000	10263	93	0	10650	0.00906168	0	0.963662
15	25460000	25480000	8162	58	0	8316	0.0071061	0	0.981481
15	25480000	25500000	2868	28	2045	2909	0.0097629	0.10225	0.985906
15	25500000	25520000	7698	27	12379	7779	0.0035074	0.61895	0.989587
15	25520000	25540000	10366	58	12966	10467	0.00559522	0.6483	0.990351
15	25540000	25560000	8438	68	19150	9193	0.00805878	0.9575	0.917872
15	25560000	25580000	12498	60	10528	12601	0.00480077	0.5264	0.991826
15	25580000	25600000	11193	48	8892	11395	0.00428839	0.4446	0.982273
15	25600000	25620000	10677	39	4436	10800	0.00365271	0.2218	0.988611
15	25620000	25640000	10767	42	12787	11033	0.00390081	0.63935	0.975891
15	25640000	25660000	12132	40	10269	12204	0.00329707	0.51345	0.9941
15	25660000	25680000	11171	48	12143	11424	0.00429684	0.60715	0.977854
15	25680000	25700000	12423	46	10487	12539	0.00370281	0.52435	0.990749
15	25700000	25720000	12439	69	8846	12522	0.00554707	0.4423	0.993372
15	25720000	25740000	10891	44	11675	11001	0.00404003	0.58375	0.990001
15	25740000	25760000	12636	89	9092	12768	0.00704337	0.4546	0.989662
15	25760000	25780000	11249	83	11544	11411	0.00737843	0.5772	0.985803
15	25780000	25800000	10996	54	14127	11088	0.00491088	0.70635	0.991703
15	25800000	25820000	11753	93	9632	11940	0.00791287	0.4816	0.984338
15	25820000	25840000	10300	75	15223	10439	0.00728155	0.76115	0.986685
15	25840000	25860000	11708	103	10644	11846	0.0087974	0.5322	0.98835
15	25860000	25880000	9956	90	10927	10559	0.00903978	0.54635	0.942892
15	25880000	25900000	6880	67	13467	7516	0.00973837	0.67335	0.915381
15	25900000	25920000	12334	103	9070	12473	0.0083509	0.4535	0.988856
15	25920000	25940000	12982	128	4439	13162	0.00985981	0.22195	0.986324
15	25940000	25960000	13118	116	7242	13239	0.00884281	0.3621	0.99086
15	25960000	25980000	12876	107	5771	13024	0.00831003	0.28855	0.988636
15	25980000	26000000	11798	89	11912	11949	0.00754365	0.5956	0.987363
15	26000000	26020000	10017	72	11647	10106	0.00718778	0.58235	0.991193
15	26020000	26040000	11823	117	6406	12129	0.00989597	0.3203	0.974771
15	26040000	26060000	13168	112	6160	13351	0.00850547	0.308	0.986293
15	26060000	26080000	10594	86	11140	10833	0.0081178	0.557	0.977938
15	26080000	26100000	12497	101	9063	12613	0.00808194	0.45315	0.990803
15	26100000	26120000	10434	93	9345	10720	0.00891317	0.46725	0.973321
15	26120000	26140000	11421	75	10043	11553	0.00656685	0.50215	0.988574
15	26140000	26160000	11638	87	11227	11758	0.00747551	0.56135	0.989794
15	26160000	26180000	7250	62	16749	7388	0.00855172	0.83745	0.981321
15	26180000	26200000	8256	123	10938	8511	0.0148983	0.5469	0.970039
15	26200000	26220000	11009	108	9909	11174	0.00981016	0.49545	0.985234
15	26220000	26240000	11049	94	8264	11173	0.00850756	0.4132	0.988902
15	26240000	26260000	9904	75	13613	10011	0.0075727	0.68065	0.989312
15	26260000	26280000	8787	88	12682	8912	0.0100148	0.6341	0.985974
15	26280000	26300000	9660	104	10222	10567	0.010766	0.5111	0.914167
15	26300000	26320000	10629	100	9999	10747	0.00940822	0.49995	0.98902
15	26320000	26340000	9708	64	12330	9812	0.0065925	0.6165	0.989401
15	26340000	26360000	10624	93	11587	10740	0.00875377	0.57935	0.989199
15	26360000	26380000	11455	71	10100	11968	0.00619817	0.505	0.957136
15	26380000	26400000	8979	70	12323	9644	0.00779597	0.61615	0.931045
15	26400000	26420000	11568	88	10069	11696	0.00760719	0.50345	0.989056
15	26420000	26440000	11955	102	8501	12097	0.00853199	0.42505	0.988262
15	26440000	26460000	12177	72	8063	12307	0.00591279	0.40315	0.989437
15	26460000	26480000	11495	73	9090	11584	0.00635059	0.4545	0.992317
15	26480000	26500000	8495	80	14499	8949	0.0094173	0.72495	0.949268
15	26500000	26520000	12055	73	9839	12182	0.00605558	0.49195	0.989575
15	26520000	26540000	9973	74	14250	10084	0.00742003	0.7125	0.988992
15	26540000	26560000	9472	109	12597	9698	0.0115076	0.62985	0.976696
15	26560000	26580000	11486	64	11709	11596	0.005572	0.58545	0.990514
15	26580000	26600000	9608	73	11509	9698	0.00759784	0.57545	0.99072
15	26600000	26620000	12941	96	9364	13049	0.00741828	0.4682	0.991724
15	26620000	26640000	13991	96	6709	14113	0.00686155	0.33545	0.991355
15	26640000	26660000	11227	75	10999	11340	0.00668032	0.54995	0.990035
15	26660000	26680000	10136	62	15673	10235	0.00611681	0.78365	0.990327
15	26680000	26700000	12173	77	9011	12325	0.00632547	0.45055	0.987667
15	26700000	26720000	8727	69	15084	8845	0.0079065	0.7542	0.986659
15	26720000	26740000	12617	91	12481	12937	0.00721249	0.62405	0.975265
15	26740000	26760000	9115	64	14015	9240	0.00702139	0.70075	0.986472
15	26760000	26780000	9185	69	12372	9291	0.00751225	0.6186	0.988591
15	26780000	26800000	10921	51	8936	11003	0.0046699	0.4468	0.992547
15	26800000	26820000	12544	62	5115	12642	0.0049426	0.25575	0.992248
15	26820000	26840000	13024	55	7806	13138	0.00422297	0.3903	0.991323
15	26840000	26860000	9214	66	16697	9298	0.00716301	0.83485	0.990966
15	26860000	26880000	10248	89	7426	11094	0.00868462	0.3713	0.923743
15	26880000	26900000	10928	77	10292	12066	0.00704612	0.5146	0.905685
15	26900000	26920000	12634	83	7219	12767	0.00656957	0.36095	0.989583
15	26920000	26940000	13585	92	5718	14089	0.00677218	0.2859	0.964227
15	26940000	26960000	11487	73	11641	12087	0.00635501	0.58205	0.95036
15	26960000	26980000	10709	97	8947	11477	0.0090578	0.44735	0.933084
15	26980000	27000000	11208	94	9090	11339	0.00838687	0.4545	0.988447
15	27000000	27020000	11621	70	4306	11778	0.00602358	0.2153	0.98667
15	27020000	27040000	11089	122	14167	11408	0.0110019	0.70835	0.972037
15	27040000	27060000	10084	88	15093	10203	0.0087267	0.75465	0.988337
15	27060000	27080000	8695	63	14438	8900	0.00724554	0.7219	0.976966
15	27080000	27100000	12123	71	11156	12218	0.00585664	0.5578	0.992225
15	27100000	27120000	10832	77	8811	10934	0.00710857	0.44055	0.990671
15	27120000	27140000	12887	90	5781	13429	0.00698378	0.28905	0.95964
15	27140000	27160000	11011	76	10707	11101	0.00690219	0.53535	0.991893
15	27160000	27180000	10989	51	14967	11094	0.004641	0.74835	0.990535
15	27180000	27200000	13389	83	6661	13546	0.00619912	0.33305	0.98841
15	27200000	27220000	11378	54	11289	11444	0.004746	0.56445	0.994233
15	27220000	27240000	9873	70	12339	9979	0.00709004	0.61695	0.989378
15	27240000	27260000	9778	58	13297	9950	0.00593168	0.66485	0.982714
15	27260000	27280000	11832	95	8131	11971	0.00802907	0.40655	0.988389
15	27280000	27300000	12486	84	6874	12604	0.00672753	0.3437	0.990638
15	27300000	27320000	14177	130	6360	14500	0.00916978	0.318	0.977724
15	27320000	27340000	12899	110	7153	13283	0.00852779	0.35765	0.971091
15	27340000	27360000	12149	86	12847	12279	0.00707877	0.64235	0.989413
15	27360000	27380000	12731	77	9165	12893	0.00604823	0.45825	0.987435
15	27380000	27400000	11765	88	13432	11873	0.00747981	0.6716	0.990904
15	27400000	27420000	13235	82	7959	13672	0.00619569	0.39795	0.968037
15	27420000	27440000	8316	65	13606	9090	0.00781626	0.6803	0.914851
15	27440000	27460000	7592	73	10240	10095	0.00961538	0.512	0.752055
15	27460000	27480000	12694	102	5501	12805	0.00803529	0.27505	0.991332
15	27480000	27500000	14046	119	4947	14215	0.00847216	0.24735	0.988111
15	27500000	27520000	12067	94	10233	12311	0.00778984	0.51165	0.98018
15	27520000	27540000	8884	55	12220	12210	0.0061909	0.611	0.7276
15	27540000	27560000	8785	67	18561	9329	0.00762664	0.92805	0.941687
15	27560000	27580000	12553	84	5657	13132	0.00669163	0.28285	0.955909
15	27580000	27600000	11035	76	9388	12241	0.00688718	0.4694	0.901479
15	27600000	27620000	14154	129	4801	14319	0.00911403	0.24005	0.988477
15	27620000	27640000	11763	80	12625	11883	0.00680099	0.63125	0.989902
15	27640000	27660000	12654	70	12336	12768	0.00553185	0.6168	0.991071
15	27660000	27680000	11651	79	10439	11806	0.00678053	0.52195	0.986871
15	27680000	27700000	12069	83	10044	12214	0.00687712	0.5022	0.988128
15	27700000	27720000	12547	66	9225	12657	0.00526022	0.46125	0.991309
15	27720000	27740000	11770	88	9510	11992	0.00747664	0.4755	0.981488
15	27740000	27760000	12912	64	14217	13029	0.00495663	0.71085	0.99102
15	27760000	27780000	13600	88	6952	13807	0.00647059	0.3476	0.985008
15	27780000	27800000	11132	44	5563	12515	0.00395257	0.27815	0.889493
15	27800000	27820000	11824	88	13282	11971	0.00744249	0.6641	0.98772
15	27820000	27840000	12252	112	9391	12452	0.00914136	0.46955	0.983938
15	27840000	27860000	11970	118	9360	12115	0.00985798	0.468	0.988031
15	27860000	27880000	12523	109	13011	12714	0.00870398	0.65055	0.984977
15	27880000	27900000	8408	69	11620	8522	0.00820647	0.581	0.986623
15	27900000	27920000	10925	108	9338	11063	0.00988558	0.4669	0.987526
15	27920000	27940000	13836	96	6526	13999	0.00693842	0.3263	0.988356
15	27940000	27960000	12900	96	10982	13104	0.00744186	0.5491	0.984432
15	27960000	27980000	13182	110	9892	13345	0.00834471	0.4946	0.987786
15	27980000	28000000	13376	122	10893	13537	0.00912081	0.54465	0.988107
15	28000000	28020000	11058	77	11390	11160	0.00696328	0.5695	0.99086
15	28020000	28040000	14256	101	10370	14393	0.00708474	0.5185	0.990481
15	28040000	28060000	11141	101	8014	11299	0.00906561	0.4007	0.986016
15	28060000	28080000	12773	95	8317	12914	0.00743756	0.41585	0.989082
15	28080000	28100000	13191	85	8400	13456	0.00644379	0.42	0.980306
15	28100000	28120000	12860	94	8898	12972	0.00730949	0.4449	0.991366
15	28120000	28140000	8767	71	15360	8844	0.00809855	0.768	0.991294
15	28140000	28160000	9258	58	14379	9494	0.00626485	0.71895	0.975142
15	28160000	28180000	9306	60	14765	9379	0.00644745	0.73825	0.992217
15	28180000	28200000	12361	91	7369	12469	0.00736186	0.36845	0.991339
15	28200000	28220000	10160	64	7785	10248	0.00629921	0.38925	0.991413
15	28220000	28240000	12731	86	10416	12818	0.00675516	0.5208	0.993213
15	28240000	28260000	9130	66	12115	9207	0.00722892	0.60575	0.991637
15	28260000	28280000	13158	84	4891	13292	0.00638395	0.24455	0.989919
15	28280000	28300000	10602	71	10022	11571	0.00669685	0.5011	0.916256
15	28300000	28320000	8372	65	14627	8526	0.00776398	0.73135	0.981938
15	28320000	28340000	10083	87	14342	10466	0.00862838	0.7171	0.963405
15	28340000	28360000	11240	102	5997	11592	0.00907473	0.29985	0.969634
15	28360000	28380000	12548	59	6421	12649	0.00470194	0.32105	0.992015
15	28380000	28400000	2177	25	7553	2423	0.0114837	0.37765	0.898473
15	28400000	28420000	4676	18	13590	4722	0.00384944	0.6795	0.990258
15	28420000	28440000	9753	51	7739	9840	0.00522916	0.38695	0.991159
15	28440000	28460000	353	9	7653	399	0.0254958	0.38265	0.884712
15	28460000	28480000	885	9	8523	899	0.0101695	0.42615	0.984427
15	28480000	28500000	5876	31	8784	5928	0.0052757	0.4392	0.991228
15	28500000	28520000	8924	47	6436	8965	0.0052667	0.3218	0.995427
15	28520000	28540000	4424	21	13602	4452	0.00474684	0.6801	0.993711
15	28540000	28560000	79	6	14990	81	0.0759494	0.7495	0.975309
15	28560000	28580000	6	0	11352	6	0	0.5676	1
15	28580000	28600000	0	0	7732	0		0.3866	
15	28600000	28620000	0	0	10000	0		0.5	
15	28620000	28640000	0	0	3860	0		0.193	
15	28640000	28660000	0	0	11148	0		0.5574	
15	28660000	28680000	0	0	11562	0		0.5781	
15	28680000	28700000	0	0	7679	0		0.38395	
15	28700000	28720000	0	0	5848	1		0.2924	0
15	28720000	28740000	0	0	10877	0		0.54385	
15	28740000	28760000	0	0	10630	0		0.5315	
15	28760000	28780000	0	0	4447	0		0.22235	
15	28780000	28800000	0	0	10550	0		0.5275	
15	28800000	28820000	0	0	7165	0		0.35825	
15	28820000	28840000	0	0	11261	0		0.56305	
15	28840000	28860000	0	0	14537	0		0.72685	
15	28860000	28880000	0	0	13114	0		0.6557	
15	28880000	28900000	0	0	8206	0		0.4103	
15	28900000	28920000	0	0	7851	0		0.39255	
15	28920000	28940000	1	1	11364	1	1	0.5682	1
15	28940000	28960000	1	0	4041	1	0	0.20205	1
15	28960000	28980000	51	2	8312	134	0.0392157	0.4156	0.380597
15	28980000	29000000	0	0	10114	18		0.5057	0
15	29000000	29020000	0	0	8619	10		0.43095	0
15	29020000	29040000	0	0	6979	76		0.34895	0
15	29040000	29060000	0	0	6608	19		0.3304	0
15	29060000	29080000	0	0	9157	38		0.45785	0
15	29080000	29100000	0	0	11735	23		0.58675	0
15	29100000	29120000	0	0	13592	8558		0.6796	0
15	29120000	29140000	0	0	6486	7507		0.3243	0
15	29140000	29160000	0	0	6223	9973		0.31115	0
15	29160000	29180000	0	0	0	0		0	
15	29180000	29200000	0	0	0	0		0	
15	29200000	29220000	7053	73	4752	7314	0.0103502	0.2376	0.964315
15	29220000	29240000	12101	104	7253	12450	0.00859433	0.36265	0.971968
15	29240000	29260000	10555	80	13808	11379	0.00757935	0.6904	0.927586
15	29260000	29280000	13003	87	9935	13146	0.00669076	0.49675	0.989122
15	29280000	29300000	12017	86	8435	12158	0.00715653	0.42175	0.988403
15	29300000	29320000	10615	56	13126	10723	0.00527555	0.6563	0.989928
15	29320000	29340000	11196	63	11160	11334	0.00562701	0.558	0.987824
15	29340000	29360000	10485	89	5124	11089	0.00848832	0.2562	0.945532
15	29360000	29380000	12455	84	8798	12596	0.00674428	0.4399	0.988806
15	29380000	29400000	13568	107	5015	13735	0.0078862	0.25075	0.987841
15	29400000	29420000	13978	124	2726	14610	0.00887108	0.1363	0.956742
15	29420000	29440000	12811	119	6217	12936	0.00928889	0.31085	0.990337
15	29440000	29460000	6894	65	14358	6971	0.00942849	0.7179	0.988954
15	29460000	29480000	11214	71	8832	11445	0.00633137	0.4416	0.979817
15	29480000	29500000	10942	89	12418	11229	0.0081338	0.6209	0.974441
15	29500000	29520000	6458	71	12866	6550	0.0109941	0.6433	0.985954
15	29520000	29540000	8164	64	11006	8254	0.00783929	0.5503	0.989096
15	29540000	29560000	10508	59	13796	10632	0.00561477	0.6898	0.988337
15	29560000	29580000	11731	68	9355	11827	0.00579661	0.46775	0.991883
15	29580000	29600000	11164	77	12447	11553	0.00689717	0.62235	0.966329
15	29600000	29620000	10190	60	15409	10270	0.00588813	0.77045	0.99221
15	29620000	29640000	12519	102	7562	12659	0.00814762	0.3781	0.988941
15	29640000	29660000	11519	56	9355	11635	0.00486153	0.46775	0.99003
15	29660000	29680000	10571	63	10788	10818	0.0059597	0.5394	0.977168
15	29680000	29700000	10037	69	10945	10403	0.00687456	0.54725	0.964818
15	29700000	29720000	9910	71	14104	10026	0.00716448	0.7052	0.98843
15	29720000	29740000	12425	75	8664	12527	0.00603622	0.4332	0.991858
15	29740000	29760000	11964	75	7773	12063	0.00626881	0.38865	0.991793
15	29760000	29780000	11147	80	10351	11448	0.00717682	0.51755	0.973707
15	29780000	29800000	7364	45	17485	7448	0.00611081	0.87425	0.988722
15	29800000	29820000	9469	71	14084	9558	0.00749815	0.7042	0.990688
15	29820000	29840000	11379	70	9229	11573	0.00615168	0.46145	0.983237
15	29840000	29860000	11063	53	10920	11716	0.00479074	0.546	0.944264
15	29860000	29880000	9199	33	12400	9634	0.00358735	0.62	0.954847
15	29880000	29900000	9894	56	14036	9993	0.00566	0.7018	0.990093
15	29900000	29920000	10266	75	9819	10644	0.00730567	0.49095	0.964487
15	29920000	29940000	9412	77	13698	10353	0.00818105	0.6849	0.909108
15	29940000	29960000	8167	67	12648	8492	0.00820375	0.6324	0.961729
15	29960000	29980000	10202	92	10320	10507	0.00901784	0.516	0.970972
15	29980000	30000000	6102	26	8539	11854	0.0042609	0.42695	0.514763
15	30000000	30020000	12028	40	5713	12094	0.00332557	0.28565	0.994543
15	30020000	30040000	9969	28	6413	10030	0.00280871	0.32065	0.993918
15	30040000	30060000	10870	40	7728	10931	0.00367985	0.3864	0.99442
15	30060000	30080000	9370	43	13013	9624	0.00458911	0.65065	0.973608
15	30080000	30100000	10057	41	11833	10130	0.00407676	0.59165	0.992794
15	30100000	30120000	10764	44	8008	11103	0.0040877	0.4004	0.969468
15	30120000	30140000	10424	42	11298	10495	0.00402916	0.5649	0.993235
15	30140000	30160000	9715	51	11334	9797	0.00524961	0.5667	0.99163
15	30160000	30180000	11789	48	6867	11880	0.00407159	0.34335	0.99234
15	30180000	30200000	9515	69	12790	9605	0.00725171	0.6395	0.99063
15	30200000	30220000	11832	77	9584	12225	0.00650778	0.4792	0.967853
15	30220000	30240000	12724	68	8710	13035	0.00534423	0.4355	0.976141
15	30240000	30260000	10075	51	9397	10175	0.00506203	0.46985	0.990172
15	30260000	30280000	9695	53	17182	10042	0.00546674	0.8591	0.965445
15	30280000	30300000	10235	80	9894	10505	0.00781632	0.4947	0.974298
15	30300000	30320000	482	1	16085	5935	0.00207469	0.80425	0.0812131
15	30320000	30340000	0	0	9531	9509		0.47655	0
15	30340000	30360000	0	0	12403	9023		0.62015	0
15	30360000	30380000	0	0	8797	4679		0.43985	0
15	30380000	30400000	0	0	5949	0		0.29745	
15	30400000	30420000	0	0	9329	0		0.46645	
15	30420000	30440000	0	0	4800	0		0.24	
15	30440000	30460000	0	0	9949	0		0.49745	
15	30460000	30480000	0	0	6269	0		0.31345	
15	30480000	30500000	0	0	9685	0		0.48425	
15	30500000	30520000	0	0	7888	0		0.3944	
15	30520000	30540000	0	0	16036	0		0.8018	
15	30540000	30560000	0	0	10241	0		0.51205	
15	30560000	30580000	0	0	12927	0		0.64635	
15	30580000	30600000	0	0	13531	0		0.67655	
15	30600000	30620000	0	0	14182	0		0.7091	
15	30620000	30640000	0	0	13067	0		0.65335	
15	30640000	30660000	0	0	7286	0		0.3643	
15	30660000	30680000	0	0	7125	0		0.35625	
15	30680000	30700000	0	0	6262	0		0.3131	
15	30700000	30720000	5	1	7853	5	0.2	0.39265	1
15	30720000	30740000	0	0	10752	0		0.5376	
15	30740000	30760000	0	0	8166	0		0.4083	
15	30760000	30780000	0	0	9248	0		0.4624	
15	30780000	30800000	0	0	13453	0		0.67265	
15	30800000	30820000	0	0	7509	0		0.37545	
15	30820000	30840000	0	0	9786	0		0.4893	
15	30840000	30860000	0	0	4270	0		0.2135	
15	30860000	30880000	0	0	8844	0		0.4422	
15	30880000	30900000	0	0	7972	0		0.3986	
15	30900000	30920000	0	0	6538	8		0.3269	0
15	30920000	30940000	26	1	6680	251	0.0384615	0.334	0.103586
15	30940000	30960000	0	0	10642	2250		0.5321	0
15	30960000	30980000	0	0	13012	1696		0.6506	0
15	30980000	31000000	0	0	10937	15		0.54685	0
15	31000000	31020000	34	3	10042	325	0.0882353	0.5021	0.104615
15	31020000	31040000	336	42	14281	348	0.125	0.71405	0.965517
15	31040000	31060000	157	11	14681	412	0.0700637	0.73405	0.381068
15	31060000	31080000	0	0	15011	1491		0.75055	0
15	31080000	31100000	0	0	8368	908		0.4184	0
15	31100000	31120000	0	0	7644	1073		0.3822	0
15	31120000	31140000	111	0	10302	2264	0	0.5151	0.0490283
15	31140000	31160000	4938	30	18672	4993	0.00607533	0.9336	0.988985
15	31160000	31180000	7828	54	17599	7954	0.00689831	0.87995	0.984159
15	31180000	31200000	6690	48	10879	7168	0.00717489	0.54395	0.933315
15	31200000	31220000	11928	59	6569	12024	0.00494634	0.32845	0.992016
15	31220000	31240000	10917	57	8141	11330	0.00522121	0.40705	0.963548
15	31240000	31260000	13335	66	7013	13424	0.00494938	0.35065	0.99337
15	31260000	31280000	13667	72	5510	13771	0.00526816	0.2755	0.992448
15	31280000	31300000	11102	52	7916	11160	0.00468384	0.3958	0.994803
15	31300000	31320000	11173	53	11149	11599	0.00474358	0.55745	0.963273
15	31320000	31340000	13145	82	4554	13235	0.00623811	0.2277	0.9932
15	31340000	31360000	11014	64	8907	11087	0.00581079	0.44535	0.993416
15	31360000	31380000	11521	61	10079	11651	0.00529468	0.50395	0.988842
15	31380000	31400000	10529	85	10024	10638	0.00807294	0.5012	0.989754
15	31400000	31420000	8121	64	15226	8242	0.0078808	0.7613	0.985319
15	31420000	31440000	9361	47	13839	9433	0.00502083	0.69195	0.992367
15	31440000	31460000	10239	71	10741	10436	0.00693427	0.53705	0.981123
15	31460000	31480000	9529	63	12416	10154	0.0066114	0.6208	0.938448
15	31480000	31500000	9986	71	12410	10092	0.00710995	0.6205	0.989497
15	31500000	31520000	8543	63	11115	8625	0.00737446	0.55575	0.990493
15	31520000	31540000	11856	75	12762	12001	0.00632591	0.6381	0.987918
15	31540000	31560000	10612	77	7930	11796	0.00725594	0.3965	0.899627
15	31560000	31580000	12517	99	11233	12625	0.00790924	0.56165	0.991446
15	31580000	31600000	12490	58	10012	12588	0.00464371	0.5006	0.992215
15	31600000	31620000	11401	75	9490	11555	0.00657837	0.4745	0.986672
15	31620000	31640000	12440	74	2523	12900	0.00594855	0.12615	0.964341
15	31640000	31660000	13137	77	5314	13231	0.00586131	0.2657	0.992895
15	31660000	31680000	11507	65	6815	11569	0.00564874	0.34075	0.994641
15	31680000	31700000	9658	57	9403	10240	0.00590184	0.47015	0.943164
15	31700000	31720000	8766	49	18772	8844	0.00558978	0.9386	0.99118
15	31720000	31740000	9097	64	11906	9832	0.00703529	0.5953	0.925244
15	31740000	31760000	10177	81	12978	10455	0.00795912	0.6489	0.97341
15	31760000	31780000	12038	71	7126	12526	0.00589799	0.3563	0.961041
15	31780000	31800000	12255	80	9682	12430	0.00652795	0.4841	0.985921
15	31800000	31820000	9600	43	10904	9646	0.00447917	0.5452	0.995231
15	31820000	31840000	13216	89	12922	13347	0.00673426	0.6461	0.990185
15	31840000	31860000	8049	64	8133	13676	0.0079513	0.40665	0.588549
15	31860000	31880000	2427	23	13671	10182	0.00947672	0.68355	0.238362
15	31880000	31900000	8770	40	13942	8837	0.004561	0.6971	0.992418
15	31900000	31920000	3050	24	18978	3079	0.00786885	0.9489	0.990581
15	31920000	31940000	506	17	16667	521	0.0335968	0.83335	0.971209
15	31940000	31960000	341	22	13296	347	0.0645161	0.6648	0.982709
15	31960000	31980000	378	14	12375	387	0.037037	0.61875	0.976744
15	31980000	32000000	58	0	10082	61	0	0.5041	0.95082
15	32000000	32020000	437	9	10150	438	0.020595	0.5075	0.997717
15	32020000	32040000	10964	53	14161	11056	0.004834	0.70805	0.991679
15	32040000	32060000	7076	39	13103	8187	0.00551159	0.65515	0.864297
15	32060000	32080000	13586	82	8151	13680	0.00603562	0.40755	0.993129
15	32080000	32100000	12576	87	5988	13832	0.00691794	0.2994	0.909196
15	32100000	32120000	11689	57	8023	11903	0.00487638	0.40115	0.982021
15	32120000	32140000	12839	39	6201	13051	0.00303762	0.31005	0.983756
15	32140000	32160000	11455	59	8409	11539	0.00515059	0.42045	0.99272
15	32160000	32180000	11137	52	14922	11221	0.00466912	0.7461	0.992514
15	32180000	32200000	12405	58	12323	12513	0.00467553	0.61615	0.991369
15	32200000	32220000	11513	64	11710	11610	0.00555893	0.5855	0.991645
15	32220000	32240000	9931	70	17112	10015	0.00704864	0.8556	0.991613
15	32240000	32260000	10389	63	14449	10470	0.00606411	0.72245	0.992264
15	32260000	32280000	12083	68	5988	13341	0.00562774	0.2994	0.905704
15	32280000	32300000	11812	67	14347	12161	0.0056722	0.71735	0.971302
15	32300000	32320000	12482	73	14167	12577	0.00584842	0.70835	0.992447
15	32320000	32340000	10942	63	12563	11026	0.00575763	0.62815	0.992382
15	32340000	32360000	9228	65	13548	9293	0.00704378	0.6774	0.993005
15	32360000	32380000	8283	38	16890	8397	0.00458771	0.8445	0.986424
15	32380000	32400000	13466	101	8991	13599	0.00750037	0.44955	0.99022
15	32400000	32420000	13863	99	6486	14002	0.00714131	0.3243	0.990073
15	32420000	32440000	7019	46	18090	7067	0.00655364	0.9045	0.993208
15	32440000	32460000	3651	24	5954	3681	0.00657354	0.2977	0.99185
15	32460000	32480000	0	0	10158	5		0.5079	0
15	32480000	32500000	0	0	11436	0		0.5718	
15	32500000	32520000	4360	23	14773	4458	0.00527523	0.73865	0.978017
15	32520000	32540000	0	0	14740	0		0.737	
15	32540000	32560000	0	0	12474	0		0.6237	
15	32560000	32580000	0	0	10291	0		0.51455	
15	32580000	32600000	0	0	15177	0		0.75885	
15	32600000	32620000	0	0	8692	0		0.4346	
15	32620000	32640000	0	0	10836	0		0.5418	
15	32640000	32660000	0	0	7002	0		0.3501	
15	32660000	32680000	0	0	10667	0		0.53335	
15	32680000	32700000	0	0	3764	0		0.1882	
15	32700000	32720000	0	0	8165	0		0.40825	
15	32720000	32740000	0	0	6598	0		0.3299	
15	32740000	32760000	0	0	6795	0		0.33975	
15	32760000	32780000	0	0	9539	0		0.47695	
15	32780000	32800000	0	0	12102	0		0.6051	
15	32800000	32820000	0	0	11699	0		0.58495	
15	32820000	32840000	0	0	8319	0		0.41595	
15	32840000	32860000	0	0	9833	0		0.49165	
15	32860000	32880000	0	0	8545	0		0.42725	
15	32880000	32900000	0	0	5634	10		0.2817	0
15	32900000	32920000	31	3	9586	32	0.0967742	0.4793	0.96875
15	32920000	32940000	9839	32	5842	9882	0.00325236	0.2921	0.995649
15	32940000	32960000	12541	64	8733	12989	0.00510326	0.43665	0.965509
15	32960000	32980000	14580	94	6341	14684	0.00644719	0.31705	0.992917
15	32980000	33000000	11364	65	7418	12116	0.00571982	0.3709	0.937933
15	33000000	33020000	9994	82	7749	10058	0.00820492	0.38745	0.993637
15	33020000	33040000	11912	68	9643	11998	0.00570853	0.48215	0.992832
15	33040000	33060000	9991	84	12574	10216	0.00840757	0.6287	0.977976
15	33060000	33080000	12429	109	6145	12554	0.00876981	0.30725	0.990043
15	33080000	33100000	12521	98	6488	12636	0.00782685	0.3244	0.990899
15	33100000	33120000	12447	76	6596	12552	0.00610589	0.3298	0.991635
15	33120000	33140000	12237	88	4256	12359	0.00719131	0.2128	0.990129
15	33140000	33160000	12362	95	7029	12480	0.00768484	0.35145	0.990545
15	33160000	33180000	13385	105	8039	13728	0.0078446	0.40195	0.975015
15	33180000	33200000	11444	103	7706	11562	0.00900035	0.3853	0.989794
15	33200000	33220000	14215	123	5697	14327	0.00865283	0.28485	0.992183
15	33220000	33240000	11839	113	10068	11962	0.00954473	0.5034	0.989717
15	33240000	33260000	11007	95	8267	11111	0.00863087	0.41335	0.99064
15	33260000	33280000	13724	122	5604	13858	0.00888954	0.2802	0.99033
15	33280000	33300000	11395	99	7305	11532	0.00868802	0.36525	0.98812
15	33300000	33320000	11069	113	10007	11199	0.0102087	0.50035	0.988392
15	33320000	33340000	11137	84	12549	11469	0.00754243	0.62745	0.971052
15	33340000	33360000	10937	90	10795	11085	0.00822895	0.53975	0.986649
15	33360000	33380000	10300	88	8108	10458	0.00854369	0.4054	0.984892
15	33380000	33400000	13019	127	8365	13188	0.00975497	0.41825	0.987185
15	33400000	33420000	13180	148	4935	13356	0.0112291	0.24675	0.986822
15	33420000	33440000	12889	100	7319	13016	0.00775855	0.36595	0.990243
15	33440000	33460000	11105	46	6645	11770	0.00414228	0.33225	0.9435
15	33460000	33480000	11662	84	9163	11761	0.00720288	0.45815	0.991582
15	33480000	33500000	11038	87	7767	11147	0.00788186	0.38835	0.990222
15	33500000	33520000	8529	73	13118	8602	0.00855903	0.6559	0.991514
15	33520000	33540000	12312	89	8275	12402	0.00722872	0.41375	0.992743
15	33540000	33560000	9955	75	11837	10039	0.0075339	0.59185	0.991633
15	33560000	33580000	7441	50	14849	7500	0.00671953	0.74245	0.992133
15	33580000	33600000	13586	100	7141	13716	0.00736052	0.35705	0.990522
15	33600000	33620000	12847	77	4241	12988	0.00599362	0.21205	0.989144
15	33620000	33640000	10775	59	10915	10875	0.00547564	0.54575	0.990805
15	33640000	33660000	12056	72	10617	12159	0.00597213	0.53085	0.991529
15	33660000	33680000	11404	76	8682	11525	0.00666433	0.4341	0.989501
15	33680000	33700000	13487	93	7254	14027	0.00689553	0.3627	0.961503
15	33700000	33720000	11676	87	8237	11817	0.00745118	0.41185	0.988068
15	33720000	33740000	12312	96	8377	12455	0.00779727	0.41885	0.988519
15	33740000	33760000	14225	87	8040	14357	0.00611599	0.402	0.990806
15	33760000	33780000	13367	73	8547	13496	0.00546121	0.42735	0.990442
15	33780000	33800000	13490	75	5556	13602	0.00555967	0.2778	0.991766
15	33800000	33820000	11580	81	4962	12320	0.00699482	0.2481	0.939935
15	33820000	33840000	14705	94	5881	14883	0.00639238	0.29405	0.98804
15	33840000	33860000	14158	111	4482	14294	0.00784009	0.2241	0.990486
15	33860000	33880000	10127	68	11036	10219	0.00671472	0.5518	0.990997
15	33880000	33900000	9061	62	11085	9120	0.00684251	0.55425	0.993531
15	33900000	33920000	12913	104	6934	13016	0.0080539	0.3467	0.992087
15	33920000	33940000	14424	104	2336	15118	0.00721021	0.1168	0.954094
15	33940000	33960000	13572	82	5441	13724	0.00604185	0.27205	0.988925
15	33960000	33980000	10119	76	9016	10332	0.00751062	0.4508	0.979384
15	33980000	34000000	11954	103	6590	12075	0.00861636	0.3295	0.989979
15	34000000	34020000	12488	74	8133	12588	0.00592569	0.40665	0.992056
15	34020000	34040000	12232	87	6251	12939	0.00711249	0.31255	0.945359
15	34040000	34060000	6881	58	12685	6929	0.00842901	0.63425	0.993073
15	34060000	34080000	13855	77	2870	14090	0.00555756	0.1435	0.983322
15	34080000	34100000	11695	77	10275	11803	0.00658401	0.51375	0.99085
15	34100000	34120000	13082	69	3541	13189	0.00527442	0.17705	0.991887
15	34120000	34140000	11106	58	7498	11561	0.0052224	0.3749	0.960644
15	34140000	34160000	11903	97	4813	12082	0.00814921	0.24065	0.985185
15	34160000	34180000	10913	71	7836	11051	0.006506	0.3918	0.987512
15	34180000	34200000	7940	62	12677	8463	0.00780856	0.63385	0.938202
15	34200000	34220000	8321	67	10349	9454	0.00805192	0.51745	0.880157
15	34220000	34240000	9491	55	10087	11163	0.00579496	0.50435	0.850219
15	34240000	34260000	9633	57	9203	10216	0.00591716	0.46015	0.942933
15	34260000	34280000	11817	56	5067	11900	0.00473894	0.25335	0.993025
15	34280000	34300000	11165	66	9995	11269	0.00591133	0.49975	0.990771
15	34300000	34320000	8462	59	10537	8549	0.00697235	0.52685	0.989823
15	34320000	34340000	9827	63	10124	9975	0.00641091	0.5062	0.985163
15	34340000	34360000	7612	40	12352	7651	0.00525486	0.6176	0.994903
15	34360000	34380000	9098	53	9277	9178	0.00582546	0.46385	0.991284
15	34380000	34400000	8656	20	9697	9117	0.00231054	0.48485	0.949435
15	34400000	34420000	8158	37	12338	8227	0.00453543	0.6169	0.991613
15	34420000	34440000	10327	38	6692	10385	0.00367967	0.3346	0.994415
15	34440000	34460000	5756	33	15462	5811	0.00573315	0.7731	0.990535
15	34460000	34480000	6872	50	14646	6918	0.0072759	0.7323	0.993351
15	34480000	34500000	7368	48	13926	7415	0.00651466	0.6963	0.993661
15	34500000	34520000	9047	56	9367	9413	0.0061899	0.46835	0.961118
15	34520000	34540000	10674	27	6699	10883	0.00252951	0.33495	0.980796
15	34540000	34560000	10918	39	10391	10995	0.00357208	0.51955	0.992997
15	34560000	34580000	8129	32	11909	9036	0.00393652	0.59545	0.899624
15	34580000	34600000	8119	29	13440	8181	0.00357187	0.672	0.992421
15	34600000	34620000	8793	31	11249	8857	0.00352553	0.56245	0.992774
15	34620000	34640000	9198	42	7354	9274	0.00456621	0.3677	0.991805
15	34640000	34660000	11806	67	3807	12747	0.00567508	0.19035	0.926179
15	34660000	34680000	0	0	8545	2988		0.42725	0
15	34680000	34700000	0	0	6632	0		0.3316	
15	34700000	34720000	0	0	7080	0		0.354	
15	34720000	34740000	0	0	6435	0		0.32175	
15	34740000	34760000	0	0	12018	0		0.6009	
15	34760000	34780000	0	0	8960	0		0.448	
15	34780000	34800000	0	0	5771	0		0.28855	
15	34800000	34820000	0	0	6295	0		0.31475	
15	34820000	34840000	0	0	6131	0		0.30655	
15	34840000	34860000	1	1	6450	1	1	0.3225	1
15	34860000	34880000	1641	48	5799	1672	0.0292505	0.28995	0.981459
15	34880000	34900000	4889	44	10840	4932	0.0089998	0.542	0.991281
15	34900000	34920000	4689	48	5683	4738	0.0102367	0.28415	0.989658
15	34920000	34940000	5815	48	10657	5859	0.00825451	0.53285	0.99249
15	34940000	34960000	10002	58	11610	12353	0.00579884	0.5805	0.809682
15	34960000	34980000	13851	67	9768	13961	0.0048372	0.4884	0.992121
15	34980000	35000000	11525	97	10478	11626	0.00841649	0.5239	0.991313
15	35000000	35020000	13334	79	4073	13455	0.0059247	0.20365	0.991007
15	35020000	35040000	11793	76	6142	13276	0.0064445	0.3071	0.888295
15	35040000	35060000	11994	79	6349	12078	0.00658663	0.31745	0.993045
15	35060000	35080000	11988	109	11022	12108	0.00909243	0.5511	0.990089
15	35080000	35100000	13802	82	4371	13948	0.00594117	0.21855	0.989533
15	35100000	35120000	12446	81	12083	12564	0.00650812	0.60415	0.990608
15	35120000	35140000	10094	67	13632	10431	0.00663761	0.6816	0.967692
15	35140000	35160000	12938	58	6377	13246	0.00448292	0.31885	0.976748
15	35160000	35180000	12832	51	8631	12946	0.00397444	0.43155	0.991194
15	35180000	35200000	11850	58	8164	11951	0.00489451	0.4082	0.991549
15	35200000	35220000	7851	46	10912	7905	0.00585913	0.5456	0.993169
15	35220000	35240000	9238	36	8324	9283	0.00389695	0.4162	0.995152
15	35240000	35260000	8454	47	11113	8515	0.0055595	0.55565	0.992836
15	35260000	35280000	8298	27	8244	8364	0.0032538	0.4122	0.992109
15	35280000	35300000	8947	58	12818	9042	0.00648262	0.6409	0.989493
15	35300000	35320000	7817	36	12148	7888	0.00460535	0.6074	0.990999
15	35320000	35340000	8895	62	9423	8962	0.00697021	0.47115	0.992524
15	35340000	35360000	9642	57	9127	9745	0.00591164	0.45635	0.98943
15	35360000	35380000	7934	40	10964	7979	0.00504159	0.5482	0.99436
15	35380000	35400000	12629	80	6030	13000	0.00633463	0.3015	0.971462
15	35400000	35420000	12661	77	5784	12737	0.00608167	0.2892	0.994033
15	35420000	35440000	12071	42	7038	12168	0.00347941	0.3519	0.992028
15	35440000	35460000	12607	75	8088	12722	0.00594908	0.4044	0.990961
15	35460000	35480000	12598	72	6467	12740	0.00571519	0.32335	0.988854
15	35480000	35500000	12637	75	6426	12743	0.00593495	0.3213	0.991682
15	35500000	35520000	11547	60	10141	11675	0.00519615	0.50705	0.989036
15	35520000	35540000	6843	29	12823	6889	0.00423791	0.64115	0.993323
15	35540000	35560000	12168	74	6061	12257	0.00608153	0.30305	0.992739
15	35560000	35580000	6849	36	11579	6896	0.00525624	0.57895	0.993184
15	35580000	35600000	12847	41	5685	12933	0.00319141	0.28425	0.99335
15	35600000	35620000	10151	52	11905	10223	0.00512265	0.59525	0.992957
15	35620000	35640000	8713	46	12813	8765	0.00527947	0.64065	0.994067
15	35640000	35660000	7566	49	17344	7637	0.00647634	0.8672	0.990703
15	35660000	35680000	10236	65	8341	10327	0.00635014	0.41705	0.991188
15	35680000	35700000	7946	47	13558	8221	0.00591493	0.6779	0.966549
15	35700000	35720000	12451	104	9894	12607	0.00835274	0.4947	0.987626
15	35720000	35740000	8400	51	13280	8770	0.00607143	0.664	0.957811
15	35740000	35760000	12403	56	8411	12622	0.00451504	0.42055	0.982649
15	35760000	35780000	12171	50	9652	12291	0.00410813	0.4826	0.990237
15	35780000	35800000	10546	39	6723	12393	0.00369808	0.33615	0.850964
15	35800000	35820000	13974	47	3887	14081	0.00336339	0.19435	0.992401
15	35820000	35840000	13489	58	6446	13602	0.0042998	0.3223	0.991692
15	35840000	35860000	13014	54	6800	13101	0.00414938	0.34	0.993359
15	35860000	35880000	13776	84	6947	13863	0.00609756	0.34735	0.993724
15	35880000	35900000	11646	77	10152	11760	0.00661171	0.5076	0.990306
15	35900000	35920000	12030	41	10548	12109	0.00340815	0.5274	0.993476
15	35920000	35940000	10983	55	9997	11053	0.00500774	0.49985	0.993667
15	35940000	35960000	13096	71	7090	13268	0.0054215	0.3545	0.987036
15	35960000	35980000	12733	62	6649	12838	0.00486924	0.33245	0.991821
15	35980000	36000000	12417	65	3628	12522	0.00523476	0.1814	0.991615
15	36000000	36020000	12615	59	7370	12703	0.00467697	0.3685	0.993073
15	36020000	36040000	11712	75	8129	11792	0.00640369	0.40645	0.993216
15	36040000	36060000	13822	68	5246	13904	0.00491969	0.2623	0.994102
15	36060000	36080000	13552	54	6881	13670	0.00398465	0.34405	0.991368
15	36080000	36100000	9136	52	14780	9215	0.00569177	0.739	0.991427
15	36100000	36120000	14484	65	6664	14580	0.00448771	0.3332	0.993416
15	36120000	36140000	14398	66	5380	14504	0.00458397	0.269	0.992692
15	36140000	36160000	13277	66	7245	13386	0.004971	0.36225	0.991857
15	36160000	36180000	10275	62	7064	10420	0.00603406	0.3532	0.986084
15	36180000	36200000	11576	85	12122	11972	0.00734278	0.6061	0.966923
15	36200000	36220000	13957	85	6775	14090	0.00609013	0.33875	0.990561
15	36220000	36240000	14024	79	7817	14138	0.0056332	0.39085	0.991937
15	36240000	36260000	13151	85	7353	13616	0.00646339	0.36765	0.965849
15	36260000	36280000	12727	63	6176	13045	0.00495011	0.3088	0.975623
15	36280000	36300000	13573	92	4979	13699	0.00677816	0.24895	0.990802
15	36300000	36320000	12517	114	8910	12666	0.00910761	0.4455	0.988236
15	36320000	36340000	10533	63	10872	10628	0.0059812	0.5436	0.991061
15	36340000	36360000	13006	51	9810	13148	0.00392127	0.4905	0.9892
15	36360000	36380000	10273	72	11846	11962	0.00700866	0.5923	0.858803
15	36380000	36400000	11797	59	9029	11865	0.00500127	0.45145	0.994269
15	36400000	36420000	12526	77	7128	12611	0.00614721	0.3564	0.99326
15	36420000	36440000	11602	48	12340	11714	0.00413722	0.617	0.990439
15	36440000	36460000	11570	57	12780	11639	0.00492653	0.639	0.994072
15	36460000	36480000	14961	83	5982	15085	0.00554776	0.2991	0.99178
15	36480000	36500000	7800	40	15105	7856	0.00512821	0.75525	0.992872
15	36500000	36520000	11521	56	8337	11595	0.00486069	0.41685	0.993618
15	36520000	36540000	11088	64	13873	11179	0.00577201	0.69365	0.99186
15	36540000	36560000	11060	67	8418	11156	0.00605787	0.4209	0.991395
15	36560000	36580000	10110	58	10688	10243	0.00573689	0.5344	0.987016
15	36580000	36600000	11436	80	8894	11652	0.00699545	0.4447	0.981462
15	36600000	36620000	13551	75	11072	13684	0.00553465	0.5536	0.990281
15	36620000	36640000	11380	68	14039	11492	0.0059754	0.70195	0.990254
15	36640000	36660000	13186	83	4908	13281	0.00629455	0.2454	0.992847
15	36660000	36680000	10756	69	6647	10892	0.00641502	0.33235	0.987514
15	36680000	36700000	11549	75	4692	11651	0.00649407	0.2346	0.991245
15	36700000	36720000	11819	67	6372	11944	0.00566884	0.3186	0.989534
15	36720000	36740000	14207	82	4693	14365	0.0057718	0.23465	0.989001
15	36740000	36760000	10469	89	10261	10579	0.00850129	0.51305	0.989602
15	36760000	36780000	11921	73	8410	12036	0.00612365	0.4205	0.990445
15	36780000	36800000	13864	82	2446	13980	0.0059146	0.1223	0.991702
15	36800000	36820000	12784	66	8932	12937	0.0051627	0.4466	0.988173
15	36820000	36840000	12517	70	6744	12626	0.00559239	0.3372	0.991367
15	36840000	36860000	10884	73	11952	11058	0.00670709	0.5976	0.984265
15	36860000	36880000	10864	73	9769	11056	0.00671944	0.48845	0.982634
15	36880000	36900000	13405	62	2992	13603	0.00462514	0.1496	0.985444
15	36900000	36920000	8704	138	3717	9020	0.0158548	0.18585	0.964967
15	36920000	36940000	12060	74	9494	12177	0.00613599	0.4747	0.990392
15	36940000	36960000	12630	57	4494	12720	0.00451306	0.2247	0.992925
15	36960000	36980000	10483	68	8404	11020	0.00648669	0.4202	0.95127
15	36980000	37000000	12887	89	4688	12995	0.00690618	0.2344	0.991689
15	37000000	37020000	12876	72	7780	12944	0.0055918	0.389	0.994747
15	37020000	37040000	4863	13	5293	11916	0.00267325	0.26465	0.408107
15	37040000	37060000	1834	4	6274	11788	0.00218103	0.3137	0.155582
15	37060000	37080000	12740	60	3676	12833	0.00470958	0.1838	0.992753
15	37080000	37100000	13267	55	6017	13370	0.00414562	0.30085	0.992296
15	37100000	37120000	13179	52	4128	13265	0.00394567	0.2064	0.993517
15	37120000	37140000	12652	49	6931	12792	0.00387291	0.34655	0.989056
15	37140000	37160000	12730	74	10144	12872	0.00581304	0.5072	0.988968
15	37160000	37180000	13981	62	4380	14072	0.00443459	0.219	0.993533
15	37180000	37200000	14161	57	975	14233	0.00402514	0.04875	0.994941
15	37200000	37220000	12066	51	4612	12154	0.00422675	0.2306	0.99276
15	37220000	37240000	14502	51	2455	14592	0.00351676	0.12275	0.993832
15	37240000	37260000	13973	48	3240	14031	0.0034352	0.162	0.995866
15	37260000	37280000	10569	45	10327	10864	0.00425773	0.51635	0.972846
15	37280000	37300000	11919	47	4865	13300	0.00394328	0.24325	0.896165
15	37300000	37320000	12409	49	4566	12494	0.00394875	0.2283	0.993197
15	37320000	37340000	13583	49	3614	13691	0.00360745	0.1807	0.992112
15	37340000	37360000	12862	63	4026	12950	0.00489815	0.2013	0.993205
15	37360000	37380000	14316	48	2559	14401	0.00335289	0.12795	0.994098
15	37380000	37400000	12927	57	1834	12997	0.00440938	0.0917	0.994614
15	37400000	37420000	12168	61	5994	12266	0.00501315	0.2997	0.99201
15	37420000	37440000	14121	62	4379	14245	0.00439062	0.21895	0.991295
15	37440000	37460000	12085	73	10431	12198	0.00604055	0.52155	0.990736
15	37460000	37480000	9429	54	12993	9522	0.00572701	0.64965	0.990233
15	37480000	37500000	12163	66	10930	12304	0.00542629	0.5465	0.98854
15	37500000	37520000	10275	64	8018	10365	0.00622871	0.4009	0.991317
15	37520000	37540000	8401	44	11947	8772	0.00523747	0.59735	0.957706
15	37540000	37560000	11254	60	11489	11411	0.00533144	0.57445	0.986241
15	37560000	37580000	8858	73	11784	9318	0.00824114	0.5892	0.950633
15	37580000	37600000	8805	65	14058	9204	0.00738217	0.7029	0.956649
15	37600000	37620000	3057	44	19609	3123	0.0143932	0.98045	0.978866
15	37620000	37640000	13179	93	4926	13290	0.00705668	0.2463	0.991648
15	37640000	37660000	12873	76	4434	13145	0.00590383	0.2217	0.979308
15	37660000	37680000	9382	69	10272	9463	0.00735451	0.5136	0.99144
15	37680000	37700000	7647	67	14288	7737	0.00876161	0.7144	0.988368
15	37700000	37720000	7669	58	11167	7754	0.00756292	0.55835	0.989038
15	37720000	37740000	8333	46	12146	8421	0.00552022	0.6073	0.98955
15	37740000	37760000	8630	58	11173	8709	0.00672074	0.55865	0.990929
15	37760000	37780000	6620	38	16345	7038	0.00574018	0.81725	0.940608
15	37780000	37800000	9910	57	10370	10021	0.00575177	0.5185	0.988923
15	37800000	37820000	10473	83	12563	10568	0.00792514	0.62815	0.991011
15	37820000	37840000	8522	65	12770	8606	0.00762732	0.6385	0.990239
15	37840000	37860000	11392	79	13488	11511	0.00693469	0.6744	0.989662
15	37860000	37880000	11815	53	8737	11946	0.00448582	0.43685	0.989034
15	37880000	37900000	11091	59	5786	13496	0.00531963	0.2893	0.821799
15	37900000	37920000	10693	63	13751	10942	0.0058917	0.68755	0.977244
15	37920000	37940000	12896	117	7330	13047	0.00907258	0.3665	0.988426
15	37940000	37960000	6798	49	17788	7652	0.007208	0.8894	0.888395
15	37960000	37980000	12856	58	7184	13586	0.00451151	0.3592	0.946268
15	37980000	38000000	12884	90	10756	13033	0.00698541	0.5378	0.988567
15	38000000	38020000	11768	104	10985	11909	0.00883753	0.54925	0.98816
15	38020000	38040000	12879	84	6259	12958	0.00652225	0.31295	0.993903
15	38040000	38060000	9490	61	9446	9575	0.00642782	0.4723	0.991123
15	38060000	38080000	12043	77	7359	12130	0.00639376	0.36795	0.992828
15	38080000	38100000	13959	94	4864	14092	0.00673401	0.2432	0.990562
15	38100000	38120000	13463	81	4326	13590	0.00601649	0.2163	0.990655
15	38120000	38140000	11748	64	12896	11843	0.00544774	0.6448	0.991978
15	38140000	38160000	12381	78	6914	12476	0.00629998	0.3457	0.992385
15	38160000	38180000	14239	71	1261	14326	0.00498631	0.06305	0.993927
15	38180000	38200000	14318	78	6513	14438	0.00544769	0.32565	0.991689
15	38200000	38220000	7737	35	15298	7785	0.00452372	0.7649	0.993834
15	38220000	38240000	12578	91	8006	12688	0.00723485	0.4003	0.99133
15	38240000	38260000	5140	35	17166	5173	0.00680934	0.8583	0.993621
15	38260000	38280000	7655	54	15197	7739	0.00705421	0.75985	0.989146
15	38280000	38300000	8442	50	15585	8515	0.00592277	0.77925	0.991427
15	38300000	38320000	10017	77	13447	10112	0.00768693	0.67235	0.990605
15	38320000	38340000	12795	94	9434	12890	0.00734662	0.4717	0.99263
15	38340000	38360000	14138	71	9562	14256	0.00502193	0.4781	0.991723
15	38360000	38380000	13346	87	4482	13438	0.00651881	0.2241	0.993154
15	38380000	38400000	7977	40	12274	8047	0.00501442	0.6137	0.991301
15	38400000	38420000	8186	52	11259	8249	0.00635231	0.56295	0.992363
15	38420000	38440000	8954	60	13826	9026	0.00670092	0.6913	0.992023
15	38440000	38460000	10464	57	12342	10564	0.00544725	0.6171	0.990534
15	38460000	38480000	12028	77	10771	12141	0.00640173	0.53855	0.990693
15	38480000	38500000	12952	84	10227	13337	0.00648548	0.51135	0.971133
15	38500000	38520000	12033	65	6698	13383	0.00540181	0.3349	0.899126
15	38520000	38540000	11069	59	8483	11167	0.0053302	0.42415	0.991224
15	38540000	38560000	12424	45	4693	12644	0.00362202	0.23465	0.9826
15	38560000	38580000	10554	39	11137	10632	0.00369528	0.55685	0.992664
15	38580000	38600000	11920	44	8228	11988	0.00369128	0.4114	0.994328
15	38600000	38620000	12738	42	10827	12857	0.00329722	0.54135	0.990744
15	38620000	38640000	12516	57	10099	12612	0.00455417	0.50495	0.992388
15	38640000	38660000	12299	50	8071	12431	0.00406537	0.40355	0.989381
15	38660000	38680000	12457	101	13964	12562	0.00810789	0.6982	0.991641
15	38680000	38700000	10319	76	13317	10403	0.00736505	0.66585	0.991925
15	38700000	38720000	11035	77	8745	11126	0.0069778	0.43725	0.991821
15	38720000	38740000	9303	72	15025	9518	0.00773944	0.75125	0.977411
15	38740000	38760000	11947	71	10868	12030	0.00594291	0.5434	0.993101
15	38760000	38780000	12213	43	7121	12285	0.00352084	0.35605	0.994139
15	38780000	38800000	12887	52	4603	13049	0.00403507	0.23015	0.987585
15	38800000	38820000	13655	63	6348	13775	0.00461369	0.3174	0.991289
15	38820000	38840000	12774	82	9558	12887	0.00641929	0.4779	0.991231
15	38840000	38860000	13403	104	3630	13518	0.00775946	0.1815	0.991493
15	38860000	38880000	5156	37	14849	5220	0.00717611	0.74245	0.987739
15	38880000	38900000	11583	85	9854	11700	0.00733834	0.4927	0.99
15	38900000	38920000	12201	73	8265	12971	0.00598312	0.41325	0.940637
15	38920000	38940000	12437	92	10871	12558	0.00739728	0.54355	0.990365
15	38940000	38960000	13225	73	6878	13328	0.00551985	0.3439	0.992272
15	38960000	38980000	11952	55	10432	12065	0.00460174	0.5216	0.990634
15	38980000	39000000	13004	85	6720	13167	0.00653645	0.336	0.987621
15	39000000	39020000	11195	74	6126	12734	0.00661009	0.3063	0.879142
15	39020000	39040000	13390	128	8383	13528	0.00955937	0.41915	0.989799
15	39040000	39060000	13594	109	7029	13735	0.00801824	0.35145	0.989734
15	39060000	39080000	6498	55	13722	6588	0.00846414	0.6861	0.986339
15	39080000	39100000	8184	54	14290	8351	0.00659824	0.7145	0.980002
15	39100000	39120000	13294	87	7019	13414	0.00654431	0.35095	0.991054
15	39120000	39140000	6328	57	12082	6400	0.00900759	0.6041	0.98875
15	39140000	39160000	12480	104	6904	12924	0.00833333	0.3452	0.965645
15	39160000	39180000	11647	77	10990	11776	0.00661114	0.5495	0.989046
15	39180000	39200000	11214	71	7678	11334	0.00633137	0.3839	0.989412
15	39200000	39220000	10129	85	10774	10243	0.00839175	0.5387	0.98887
15	39220000	39240000	9806	74	12160	9902	0.0075464	0.608	0.990305
15	39240000	39260000	11726	66	11500	11834	0.00562852	0.575	0.990874
15	39260000	39280000	9632	55	12572	9752	0.00571013	0.6286	0.987695
15	39280000	39300000	9692	62	11141	9882	0.00639703	0.55705	0.980773
15	39300000	39320000	12645	111	8989	12993	0.00877817	0.44945	0.973216
15	39320000	39340000	10775	71	7289	10878	0.00658933	0.36445	0.990531
15	39340000	39360000	12246	100	11801	12458	0.00816593	0.59005	0.982983
15	39360000	39380000	12963	112	6568	13098	0.00863998	0.3284	0.989693
15	39380000	39400000	11583	73	9099	11713	0.00630234	0.45495	0.988901
15	39400000	39420000	10502	72	11914	10593	0.00685584	0.5957	0.991409
15	39420000	39440000	13413	95	7822	13544	0.00708268	0.3911	0.990328
15	39440000	39460000	13397	99	7690	13536	0.00738971	0.3845	0.989731
15	39460000	39480000	14962	82	6384	15094	0.00548055	0.3192	0.991255
15	39480000	39500000	13947	118	5526	14094	0.0084606	0.2763	0.98957
15	39500000	39520000	8371	80	12844	8457	0.0095568	0.6422	0.989831
15	39520000	39540000	12543	109	6505	12899	0.00869011	0.32525	0.972401
15	39540000	39560000	10255	88	11552	10360	0.00858118	0.5776	0.989865
15	39560000	39580000	11569	86	7483	11693	0.00743366	0.37415	0.989395
15	39580000	39600000	10579	68	8192	10703	0.00642783	0.4096	0.988414
15	39600000	39620000	12784	85	6025	12901	0.00664894	0.30125	0.990931
15	39620000	39640000	13960	90	5844	14076	0.00644699	0.2922	0.991759
15	39640000	39660000	14088	95	6927	14238	0.00674333	0.34635	0.989465
15	39660000	39680000	9366	72	15973	9486	0.00768738	0.79865	0.98735
15	39680000	39700000	15259	68	5538	15396	0.00445639	0.2769	0.991102
15	39700000	39720000	9439	93	11530	9556	0.00985274	0.5765	0.987756
15	39720000	39740000	13230	80	5745	13355	0.00604686	0.28725	0.99064
15	39740000	39760000	12825	70	8684	13102	0.00545809	0.4342	0.978858
15	39760000	39780000	13956	78	8106	14085	0.00558899	0.4053	0.990841
15	39780000	39800000	13722	96	5463	14210	0.00699606	0.27315	0.965658
15	39800000	39820000	12334	84	8248	12454	0.00681044	0.4124	0.990365
15	39820000	39840000	11611	70	9958	11724	0.00602877	0.4979	0.990362
15	39840000	39860000	13862	74	8876	14013	0.00533834	0.4438	0.989224
15	39860000	39880000	13669	56	5417	13774	0.00409686	0.27085	0.992377
15	39880000	39900000	14531	82	3968	14626	0.00564311	0.1984	0.993505
15	39900000	39920000	11617	54	9970	11751	0.00464836	0.4985	0.988597
15	39920000	39940000	12802	75	8050	12897	0.00585846	0.4025	0.992634
15	39940000	39960000	11985	74	5371	12078	0.00617438	0.26855	0.9923
15	39960000	39980000	13218	41	7586	13321	0.00310183	0.3793	0.992268
15	39980000	40000000	13668	58	7107	13747	0.00424349	0.35535	0.994253
15	40000000	40020000	11371	90	8563	11652	0.00791487	0.42815	0.975884
15	40020000	40040000	10789	95	10872	11068	0.00880526	0.5436	0.974792
15	40040000	40060000	11075	74	10516	11182	0.00668172	0.5258	0.990431
15	40060000	40080000	11614	86	10456	11720	0.00740486	0.5228	0.990956
15	40080000	40100000	13898	82	5758	14027	0.00590013	0.2879	0.990803
15	40100000	40120000	12466	72	9709	12697	0.00577571	0.48545	0.981807
15	40120000	40140000	10544	55	12423	10653	0.00521624	0.62115	0.989768
15	40140000	40160000	10357	64	12005	10498	0.0061794	0.60025	0.986569
15	40160000	40180000	12784	60	10089	12882	0.00469337	0.50445	0.992392
15	40180000	40200000	10252	50	10095	10350	0.0048771	0.50475	0.990531
15	40200000	40220000	10565	43	8195	10631	0.00407004	0.40975	0.993792
15	40220000	40240000	10641	54	11706	10748	0.00507471	0.5853	0.990045
15	40240000	40260000	11666	47	5122	11774	0.0040288	0.2561	0.990827
15	40260000	40280000	9010	38	7509	9075	0.00421754	0.37545	0.992837
15	40280000	40300000	11839	59	6449	12192	0.00498353	0.32245	0.971047
15	40300000	40320000	10406	50	9789	10539	0.00480492	0.48945	0.98738
15	40320000	40340000	11807	63	6308	11905	0.00533582	0.3154	0.991768
15	40340000	40360000	11889	41	10055	13791	0.00344857	0.50275	0.862084
15	40360000	40380000	9198	46	9393	9289	0.00500109	0.46965	0.990203
15	40380000	40400000	14123	63	2096	14220	0.00446081	0.1048	0.993179
15	40400000	40420000	7013	43	8717	7751	0.00613147	0.43585	0.904786
15	40420000	40440000	5852	53	14252	6504	0.00905673	0.7126	0.899754
15	40440000	40460000	10212	82	10790	10346	0.00802977	0.5395	0.987048
15	40460000	40480000	9451	39	12005	9516	0.00412655	0.60025	0.993169
15	40480000	40500000	8653	39	12107	8701	0.00450711	0.60535	0.994483
15	40500000	40520000	10806	48	8686	10894	0.00444198	0.4343	0.991922
15	40520000	40540000	12578	67	6242	12705	0.00532676	0.3121	0.990004
15	40540000	40560000	13444	85	5684	13585	0.00632252	0.2842	0.989621
15	40560000	40580000	13446	67	2204	13555	0.00498289	0.1102	0.991959
15	40580000	40600000	13382	70	3842	13838	0.00523091	0.1921	0.967047
15	40600000	40620000	11701	69	8338	12083	0.00589693	0.4169	0.968385
15	40620000	40640000	13899	86	3380	14022	0.0061875	0.169	0.991228
15	40640000	40660000	12616	73	3844	13391	0.0057863	0.1922	0.942125
15	40660000	40680000	10714	49	9248	10771	0.00457346	0.4624	0.994708
15	40680000	40700000	7697	46	12747	7815	0.00597635	0.63735	0.984901
15	40700000	40720000	10694	47	7610	10937	0.00439499	0.3805	0.977782
15	40720000	40740000	10904	26	3921	12318	0.00238445	0.19605	0.885209
15	40740000	40760000	2827	8	4711	12651	0.00282985	0.23555	0.223461
15	40760000	40780000	9445	37	8422	9618	0.00391742	0.4211	0.982013
15	40780000	40800000	8261	50	12715	8762	0.00605254	0.63575	0.942821
15	40800000	40820000	8228	39	13413	8293	0.00473991	0.67065	0.992162
15	40820000	40840000	10375	67	11455	10487	0.00645783	0.57275	0.98932
15	40840000	40860000	9924	51	9701	9996	0.00513906	0.48505	0.992797
15	40860000	40880000	7602	34	12964	7789	0.00447251	0.6482	0.975992
15	40880000	40900000	7549	34	12546	7729	0.00450391	0.6273	0.976711
15	40900000	40920000	8756	40	10304	8799	0.0045683	0.5152	0.995113
15	40920000	40940000	6778	40	12937	6827	0.00590145	0.64685	0.992823
15	40940000	40960000	6725	29	12305	6873	0.00431227	0.61525	0.978466
15	40960000	40980000	1604	10	19918	1739	0.00623441	0.9959	0.922369
15	40980000	41000000	6706	37	13150	6765	0.00551745	0.6575	0.991279
15	41000000	41020000	5929	30	14167	6911	0.00505988	0.70835	0.857908
15	41020000	41040000	9339	53	6969	9427	0.00567513	0.34845	0.990665
15	41040000	41060000	8677	33	8017	8765	0.00380316	0.40085	0.98996
15	41060000	41080000	10879	53	5742	11027	0.00487177	0.2871	0.986578
15	41080000	41100000	5634	21	12972	7266	0.00372737	0.6486	0.775392
15	41100000	41120000	9304	58	10980	9419	0.00623388	0.549	0.987791
15	41120000	41140000	8934	47	11738	9017	0.0052608	0.5869	0.990795
15	41140000	41160000	10842	52	8899	11147	0.00479616	0.44495	0.972638
15	41160000	41180000	6855	18	11145	7745	0.00262582	0.55725	0.885087
15	41180000	41200000	9536	34	7820	9648	0.00356544	0.391	0.988391
15	41200000	41220000	13322	53	4350	13402	0.00397838	0.2175	0.994031
15	41220000	41240000	11928	44	3934	12022	0.0036888	0.1967	0.992181
15	41240000	41260000	10500	86	7266	11397	0.00819048	0.3633	0.921295
15	41260000	41280000	11103	76	6994	11310	0.006845	0.3497	0.981698
15	41280000	41300000	10620	48	7252	10694	0.00451977	0.3626	0.99308
15	41300000	41320000	11029	42	5480	11409	0.00380814	0.274	0.966693
15	41320000	41340000	8931	37	9799	9002	0.00414287	0.48995	0.992113
15	41340000	41360000	8726	35	11796	8782	0.004011	0.5898	0.993623
15	41360000	41380000	8826	28	9103	8974	0.00317245	0.45515	0.983508
15	41380000	41400000	7329	31	12835	7462	0.00422977	0.64175	0.982176
15	41400000	41420000	5339	24	15142	5513	0.00449522	0.7571	0.968438
15	41420000	41440000	2261	14	19542	2570	0.00619195	0.9771	0.879767
15	41440000	41460000	3280	26	14252	4461	0.00792683	0.7126	0.735261
15	41460000	41480000	5066	30	13574	5742	0.00592183	0.6787	0.882271
15	41480000	41500000	4672	28	15250	4858	0.00599315	0.7625	0.961713
15	41500000	41520000	6164	37	12295	6627	0.0060026	0.61475	0.930134
15	41520000	41540000	7518	43	10186	7563	0.00571961	0.5093	0.99405
15	41540000	41560000	7268	25	11693	7331	0.00343974	0.58465	0.991406
15	41560000	41580000	5108	27	11701	6367	0.00528583	0.58505	0.802262
15	41580000	41600000	4230	21	9733	4646	0.00496454	0.48665	0.910461
15	41600000	41620000	5204	14	13945	5283	0.00269024	0.69725	0.985046
15	41620000	41640000	6531	32	13646	6921	0.00489971	0.6823	0.94365
15	41640000	41660000	6599	31	13705	6629	0.00469768	0.68525	0.995474
15	41660000	41680000	5097	22	13982	5299	0.00431626	0.6991	0.96188
15	41680000	41700000	4489	14	14194	4793	0.00311873	0.7097	0.936574
15	41700000	41720000	4528	20	13613	6827	0.00441696	0.68065	0.663249
15	41720000	41740000	5816	27	12680	5939	0.00464237	0.634	0.979289
15	41740000	41760000	6656	35	13890	6699	0.00525841	0.6945	0.993581
15	41760000	41780000	10033	40	6913	10095	0.00398684	0.34565	0.993858
15	41780000	41800000	9935	28	6658	10318	0.00281832	0.3329	0.96288
15	41800000	41820000	9604	33	7587	9658	0.00343607	0.37935	0.994409
15	41820000	41840000	8976	44	10573	9075	0.00490196	0.52865	0.989091
15	41840000	41860000	7734	42	9339	8442	0.00543057	0.46695	0.916134
15	41860000	41880000	7435	65	9595	7648	0.00874243	0.47975	0.97215
15	41880000	41900000	5617	26	12765	5706	0.00462881	0.63825	0.984402
15	41900000	41920000	6375	27	14170	6472	0.00423529	0.7085	0.985012
15	41920000	41940000	6926	30	13751	8315	0.0043315	0.68755	0.832952
15	41940000	41960000	9948	33	9170	10221	0.00331725	0.4585	0.97329
15	41960000	41980000	8314	34	14157	8391	0.00408949	0.70785	0.990824
15	41980000	42000000	7694	29	11768	8237	0.00376917	0.5884	0.934078
15	42000000	42020000	9556	39	10674	9629	0.00408121	0.5337	0.992419
15	42020000	42040000	8786	34	7432	9195	0.00386979	0.3716	0.955519
15	42040000	42060000	10675	35	7160	10784	0.00327869	0.358	0.989892
15	42060000	42080000	10065	32	6333	10423	0.00317933	0.31665	0.965653
15	42080000	42100000	10585	31	9134	10809	0.00292867	0.4567	0.979277
15	42100000	42120000	830	6	3776	13242	0.00722892	0.1888	0.0626794
15	42120000	42140000	2453	7	5421	12868	0.00285365	0.27105	0.190628
15	42140000	42160000	13356	69	2069	14402	0.00516622	0.10345	0.927371
15	42160000	42180000	11211	69	3314	13999	0.00615467	0.1657	0.800843
15	42180000	42200000	13164	94	5356	13258	0.00714069	0.2678	0.99291
15	42200000	42220000	12239	81	6625	12343	0.00661819	0.33125	0.991574
15	42220000	42240000	13341	88	6299	13470	0.00659621	0.31495	0.990423
15	42240000	42260000	10453	50	10503	10542	0.00478332	0.52515	0.991558
15	42260000	42280000	12040	56	9246	12228	0.00465116	0.4623	0.984625
15	42280000	42300000	12429	59	5842	12984	0.00474696	0.2921	0.957255
15	42300000	42320000	12406	88	6289	13052	0.00709334	0.31445	0.950506
15	42320000	42340000	12070	73	11592	12239	0.00604805	0.5796	0.986192
15	42340000	42360000	11869	86	8515	12288	0.00724577	0.42575	0.965902
15	42360000	42380000	12704	87	6565	13212	0.00684824	0.32825	0.96155
15	42380000	42400000	11605	93	6797	11738	0.00801379	0.33985	0.988669
15	42400000	42420000	9478	82	17426	9568	0.00865161	0.8713	0.990594
15	42420000	42440000	11671	100	7934	11873	0.00856825	0.3967	0.982987
15	42440000	42460000	14523	96	3582	14719	0.0066102	0.1791	0.986684
15	42460000	42480000	10936	55	9414	11008	0.00502926	0.4707	0.993459
15	42480000	42500000	10021	64	10815	10087	0.00638659	0.54075	0.993457
15	42500000	42520000	10759	48	11128	10834	0.00446138	0.5564	0.993077
15	42520000	42540000	10236	49	9356	10311	0.00478703	0.4678	0.992726
15	42540000	42560000	6524	49	15796	6593	0.00751073	0.7898	0.989534
15	42560000	42580000	11401	54	6098	11523	0.00473643	0.3049	0.989412
15	42580000	42600000	6378	23	15191	6729	0.00360615	0.75955	0.947838
15	42600000	42620000	9177	40	11527	9309	0.00435872	0.57635	0.98582
15	42620000	42640000	9904	49	9899	9995	0.0049475	0.49495	0.990895
15	42640000	42660000	12427	83	6106	12514	0.00667901	0.3053	0.993048
15	42660000	42680000	9243	42	13135	9456	0.00454398	0.65675	0.977475
15	42680000	42700000	10319	79	9295	11714	0.00765578	0.46475	0.880912
15	42700000	42720000	12242	58	4813	12317	0.00473779	0.24065	0.993911
15	42720000	42740000	9269	56	10335	9594	0.00604164	0.51675	0.966125
15	42740000	42760000	9494	49	6764	9610	0.00516115	0.3382	0.987929
15	42760000	42780000	7757	57	15254	7914	0.0073482	0.7627	0.980162
15	42780000	42800000	6178	36	12090	7581	0.00582713	0.6045	0.814932
15	42800000	42820000	8126	46	8878	8243	0.00566084	0.4439	0.985806
15	42820000	42840000	8463	38	9995	8619	0.00449013	0.49975	0.9819
15	42840000	42860000	7516	30	10503	7885	0.00399148	0.52515	0.953202
15	42860000	42880000	2640	14	7464	7543	0.00530303	0.3732	0.349993
15	42880000	42900000	9032	50	10924	9159	0.00553587	0.5462	0.986134
15	42900000	42920000	7589	46	11795	7858	0.0060614	0.58975	0.965767
15	42920000	42940000	6215	68	14891	6334	0.0109413	0.74455	0.981213
15	42940000	42960000	8260	48	12829	8324	0.00581114	0.64145	0.992311
15	42960000	42980000	13801	61	4295	13882	0.00441997	0.21475	0.994165
15	42980000	43000000	10210	42	10684	11237	0.00411361	0.5342	0.908605
15	43000000	43020000	9945	51	9935	11124	0.00512821	0.49675	0.894013
15	43020000	43040000	12242	54	2759	12784	0.00441104	0.13795	0.957603
15	43040000	43060000	5815	39	14889	6506	0.00670679	0.74445	0.89379
15	43060000	43080000	9173	38	11247	9270	0.00414259	0.56235	0.989536
15	43080000	43100000	8042	38	12771	8104	0.00472519	0.63855	0.992349
15	43100000	43120000	10207	46	9973	10287	0.00450671	0.49865	0.992223
15	43120000	43140000	9107	30	11997	9160	0.00329417	0.59985	0.994214
15	43140000	43160000	7322	31	16314	7474	0.00423382	0.8157	0.979663
15	43160000	43180000	8002	27	13250	8269	0.00337416	0.6625	0.967711
15	43180000	43200000	4414	14	17690	5202	0.00317173	0.8845	0.84852
15	43200000	43220000	8841	41	9400	9083	0.00463748	0.47	0.973357
15	43220000	43240000	8110	22	12241	8393	0.0027127	0.61205	0.966281
15	43240000	43260000	8447	32	10983	8478	0.00378833	0.54915	0.996343
15	43260000	43280000	8037	40	10457	8809	0.00497698	0.52285	0.912362
15	43280000	43300000	9279	35	11114	9325	0.00377196	0.5557	0.995067
15	43300000	43320000	9277	38	11638	9340	0.00409615	0.5819	0.993255
15	43320000	43340000	8352	36	10266	8394	0.00431034	0.5133	0.994996
15	43340000	43360000	9114	30	9737	9468	0.00329164	0.48685	0.962611
15	43360000	43380000	8535	28	13361	8576	0.00328061	0.66805	0.995219
15	43380000	43400000	8995	40	11656	9045	0.00444691	0.5828	0.994472
15	43400000	43420000	6177	17	13978	6688	0.00275215	0.6989	0.923594
15	43420000	43440000	7560	42	8371	7604	0.00555556	0.41855	0.994214
15	43440000	43460000	8507	38	13079	8549	0.00446691	0.65395	0.995087
15	43460000	43480000	8957	28	11980	9417	0.00312605	0.599	0.951152
15	43480000	43500000	11533	32	8840	11652	0.00277465	0.442	0.989787
15	43500000	43520000	11754	77	8963	11855	0.00655096	0.44815	0.99148
15	43520000	43540000	12616	79	8865	12966	0.00626189	0.44325	0.973006
15	43540000	43560000	12580	66	8290	12705	0.00524642	0.4145	0.990161
15	43560000	43580000	11005	51	7928	11131	0.00463426	0.3964	0.98868
15	43580000	43600000	9248	73	10565	10079	0.0078936	0.52825	0.917551
15	43600000	43620000	11603	61	12150	11999	0.00525726	0.6075	0.966997
15	43620000	43640000	11333	50	7282	11407	0.00441189	0.3641	0.993513
15	43640000	43660000	11302	44	6000	11377	0.00389312	0.3	0.993408
15	43660000	43680000	11513	36	8576	11581	0.0031269	0.4288	0.994128
15	43680000	43700000	10163	44	10503	10248	0.00432943	0.52515	0.991706
15	43700000	43720000	12056	37	7682	12140	0.00306901	0.3841	0.993081
15	43720000	43740000	10769	52	8568	10837	0.00482867	0.4284	0.993725
15	43740000	43760000	7635	25	12704	7672	0.00327439	0.6352	0.995177
15	43760000	43780000	8704	36	10155	8759	0.00413603	0.50775	0.993721
15	43780000	43800000	9134	32	11594	9213	0.00350339	0.5797	0.991425
15	43800000	43820000	12713	34	2293	12766	0.00267443	0.11465	0.995848
15	43820000	43840000	9454	36	10334	9525	0.00380791	0.5167	0.992546
15	43840000	43860000	2257	19	10999	2272	0.00841825	0.54995	0.993398
15	43860000	43880000	0	0	6296	0		0.3148	
15	43880000	43900000	118	5	4570	126	0.0423729	0.2285	0.936508
15	43900000	43920000	991	6	8650	1309	0.00605449	0.4325	0.757066
15	43920000	43940000	414	9	9745	817	0.0217391	0.48725	0.506732
15	43940000	43960000	427	15	8068	448	0.0351288	0.4034	0.953125
15	43960000	43980000	0	0	6401	0		0.32005	
15	43980000	44000000	0	0	4425	0		0.22125	
15	44000000	44020000	217	8	8366	437	0.0368664	0.4183	0.496568
15	44020000	44040000	468	34	9140	925	0.0726496	0.457	0.505946
15	44040000	44060000	6265	31	10811	6578	0.00494812	0.54055	0.952417
15	44060000	44080000	7679	33	11239	7802	0.00429743	0.56195	0.984235
15	44080000	44100000	9056	36	7130	9101	0.00397527	0.3565	0.995055
15	44100000	44120000	7017	25	11692	7276	0.00356278	0.5846	0.964404
15	44120000	44140000	6185	34	13126	6586	0.00549717	0.6563	0.939113
15	44140000	44160000	6937	25	12173	6978	0.00360386	0.60865	0.994124
15	44160000	44180000	7494	27	4391	12738	0.00360288	0.21955	0.588318
15	44180000	44200000	12822	51	5394	13042	0.00397754	0.2697	0.983131
15	44200000	44220000	12452	51	7713	12523	0.00409573	0.38565	0.99433
15	44220000	44240000	12278	82	6462	12375	0.00667861	0.3231	0.992162
15	44240000	44260000	9888	47	7625	9966	0.00475324	0.38125	0.992173
15	44260000	44280000	9155	44	11152	9218	0.00480612	0.5576	0.993166
15	44280000	44300000	7462	43	14375	7545	0.00576253	0.71875	0.988999
15	44300000	44320000	10116	56	10475	10179	0.00553578	0.52375	0.993811
15	44320000	44340000	7140	35	11973	7214	0.00490196	0.59865	0.989742
15	44340000	44360000	10893	49	10824	10970	0.0044983	0.5412	0.992981
15	44360000	44380000	7938	38	9378	11735	0.0047871	0.4689	0.676438
15	44380000	44400000	9069	38	7762	11353	0.0041901	0.3881	0.79882
15	44400000	44420000	8697	55	10128	9096	0.00632402	0.5064	0.956135
15	44420000	44440000	9579	49	12149	9632	0.00511536	0.60745	0.994498
15	44440000	44460000	9131	56	13384	9385	0.00613295	0.6692	0.972936
15	44460000	44480000	8872	48	9169	9405	0.00541028	0.45845	0.943328
15	44480000	44500000	9783	42	9229	9861	0.00429316	0.46145	0.99209
15	44500000	44520000	8720	42	10671	8772	0.00481651	0.53355	0.994072
15	44520000	44540000	7351	39	12448	7415	0.0053054	0.6224	0.991369
15	44540000	44560000	5652	25	15101	5708	0.00442321	0.75505	0.990189
15	44560000	44580000	6981	34	13114	7217	0.00487036	0.6557	0.967299
15	44580000	44600000	6596	35	12171	6662	0.00530625	0.60855	0.990093
15	44600000	44620000	8286	35	11268	8564	0.00422399	0.5634	0.967539
15	44620000	44640000	7173	41	10865	7562	0.00571588	0.54325	0.948559
15	44640000	44660000	3862	27	18271	3934	0.0069912	0.91355	0.981698
15	44660000	44680000	6699	27	13363	6875	0.00403045	0.66815	0.9744
15	44680000	44700000	7830	25	12447	7998	0.00319285	0.62235	0.978995
15	44700000	44720000	5773	24	12154	5822	0.00415728	0.6077	0.991584
15	44720000	44740000	6929	35	12589	7050	0.00505123	0.62945	0.982837
15	44740000	44760000	6785	41	14470	7084	0.00604274	0.7235	0.957792
15	44760000	44780000	7977	47	14412	8037	0.00589194	0.7206	0.992535
15	44780000	44800000	7977	34	9671	8014	0.00426225	0.48355	0.995383
15	44800000	44820000	7054	20	7183	8703	0.00283527	0.35915	0.810525
15	44820000	44840000	7352	28	8933	7754	0.00380849	0.44665	0.948156
15	44840000	44860000	8268	38	9590	8337	0.00459603	0.4795	0.991724
15	44860000	44880000	7524	24	11496	7990	0.00318979	0.5748	0.941677
15	44880000	44900000	8167	32	8587	8228	0.00391821	0.42935	0.992586
15	44900000	44920000	9045	27	11375	9111	0.00298507	0.56875	0.992756
15	44920000	44940000	6372	22	15802	6469	0.00345261	0.7901	0.985005
15	44940000	44960000	10501	46	9604	10661	0.00438054	0.4802	0.984992
15	44960000	44980000	9527	35	10109	9605	0.00367377	0.50545	0.991879
15	44980000	45000000	4826	24	15885	4934	0.00497306	0.79425	0.978111
15	45000000	45020000	9873	53	10830	9977	0.00536818	0.5415	0.989576
15	45020000	45040000	6272	32	13614	6971	0.00510204	0.6807	0.899727
15	45040000	45060000	10523	49	12147	10642	0.00465647	0.60735	0.988818
15	45060000	45080000	3652	46	13863	3683	0.0125958	0.69315	0.991583
15	45080000	45100000	3938	44	8698	4335	0.0111732	0.4349	0.90842
15	45100000	45120000	2390	28	7874	2440	0.0117155	0.3937	0.979508
15	45120000	45140000	320	16	8049	348	0.05	0.40245	0.91954
15	45140000	45160000	603	9	11508	680	0.0149254	0.5754	0.886765
15	45160000	45180000	1401	20	18194	1426	0.0142755	0.9097	0.982468
15	45180000	45200000	1340	12	14292	1348	0.00895522	0.7146	0.994065
15	45200000	45220000	2496	20	10623	2608	0.00801282	0.53115	0.957055
15	45220000	45240000	1801	24	12254	2680	0.0133259	0.6127	0.672015
15	45240000	45260000	4944	40	13695	5022	0.00809061	0.68475	0.984468
15	45260000	45280000	2221	24	9597	2249	0.0108059	0.47985	0.98755
15	45280000	45300000	1418	16	15008	1439	0.0112835	0.7504	0.985407
15	45300000	45320000	1930	25	15483	1948	0.0129534	0.77415	0.99076
15	45320000	45340000	1213	7	9354	1302	0.00577082	0.4677	0.931644
15	45340000	45360000	0	0	12544	1675		0.6272	0
15	45360000	45380000	2480	16	5644	2576	0.00645161	0.2822	0.962733
15	45380000	45400000	12572	63	6093	12701	0.00501114	0.30465	0.989843
15	45400000	45420000	13301	68	4126	13391	0.0051124	0.2063	0.993279
15	45420000	45440000	13105	55	3701	13185	0.00419687	0.18505	0.993932
15	45440000	45460000	11223	55	5868	11293	0.00490065	0.2934	0.993801
15	45460000	45480000	13993	52	3967	14088	0.00371614	0.19835	0.993257
15	45480000	45500000	9570	40	9532	9631	0.00417973	0.4766	0.993666
15	45500000	45520000	8322	49	15680	8430	0.00588801	0.784	0.987189
15	45520000	45540000	4749	47	15784	4795	0.00989682	0.7892	0.990407
15	45540000	45560000	12044	76	8345	12141	0.0063102	0.41725	0.992011
15	45560000	45580000	10244	73	10730	10318	0.00712612	0.5365	0.992828
15	45580000	45600000	7851	45	14076	7926	0.00573175	0.7038	0.990537
15	45600000	45620000	6378	57	15391	6421	0.00893697	0.76955	0.993303
15	45620000	45640000	10391	76	8202	10489	0.00731402	0.4101	0.990657
15	45640000	45660000	12244	64	9758	12327	0.00522705	0.4879	0.993267
15	45660000	45680000	11667	42	6432	11738	0.0035999	0.3216	0.993951
15	45680000	45700000	11386	77	7549	11471	0.00676269	0.37745	0.99259
15	45700000	45720000	9241	41	12347	9319	0.00443675	0.61735	0.99163
15	45720000	45740000	9264	48	10634	9346	0.00518135	0.5317	0.991226
15	45740000	45760000	9467	55	11825	9555	0.00580965	0.59125	0.99079
15	45760000	45780000	9863	45	9374	9925	0.00456251	0.4687	0.993753
15	45780000	45800000	8179	19	10468	8238	0.00232302	0.5234	0.992838
15	45800000	45820000	7568	33	13265	7652	0.00436047	0.66325	0.989022
15	45820000	45840000	8056	47	11841	8129	0.00583416	0.59205	0.99102
15	45840000	45860000	7893	59	12746	7990	0.00747498	0.6373	0.98786
15	45860000	45880000	8530	52	13936	8601	0.00609613	0.6968	0.991745
15	45880000	45900000	8109	57	10915	8198	0.00702923	0.54575	0.989144
15	45900000	45920000	8507	52	13102	8658	0.00611261	0.6551	0.982559
15	45920000	45940000	9913	47	10165	9994	0.00474125	0.50825	0.991895
15	45940000	45960000	7355	47	11384	9722	0.00639021	0.5692	0.756532
15	45960000	45980000	10019	84	10014	11142	0.00838407	0.5007	0.89921
15	45980000	46000000	10590	76	10015	10688	0.00717658	0.50075	0.990831
15	46000000	46020000	12291	88	9100	12400	0.00715971	0.455	0.99121
15	46020000	46040000	13074	67	7321	13203	0.00512467	0.36605	0.990229
15	46040000	46060000	9320	55	13826	9398	0.00590129	0.6913	0.9917
15	46060000	46080000	13113	76	9838	13235	0.00579578	0.4919	0.990782
15	46080000	46100000	13270	77	9949	13413	0.00580256	0.49745	0.989339
15	46100000	46120000	4404	43	17168	4465	0.00976385	0.8584	0.986338
15	46120000	46140000	9144	69	12676	9766	0.00754593	0.6338	0.93631
15	46140000	46160000	12448	64	9289	12571	0.00514139	0.46445	0.990216
15	46160000	46180000	7310	59	14418	7458	0.00807114	0.7209	0.980156
15	46180000	46200000	13011	73	8222	13103	0.00561064	0.4111	0.992979
15	46200000	46220000	12885	75	10602	13000	0.00582072	0.5301	0.991154
15	46220000	46240000	10796	77	12559	10864	0.00713227	0.62795	0.993741
15	46240000	46260000	9879	63	11446	10006	0.00637716	0.5723	0.987308
15	46260000	46280000	11159	109	11975	11864	0.0097679	0.59875	0.940577
15	46280000	46300000	10516	79	14078	10624	0.00751236	0.7039	0.989834
15	46300000	46320000	9710	80	15442	9908	0.00823893	0.7721	0.980016
15	46320000	46340000	10766	100	14924	10915	0.0092885	0.7462	0.986349
15	46340000	46360000	8968	87	17552	9064	0.00970116	0.8776	0.989409
15	46360000	46380000	13124	114	10080	13281	0.00868638	0.504	0.988179
15	46380000	46400000	10483	110	10183	10873	0.0104932	0.50915	0.964131
15	46400000	46420000	7396	85	14429	7496	0.0114927	0.72145	0.98666
15	46420000	46440000	8134	86	18098	8238	0.0105729	0.9049	0.987376
15	46440000	46460000	8773	77	12718	8907	0.00877693	0.6359	0.984956
15	46460000	46480000	12859	134	10202	13017	0.0104207	0.5101	0.987862
15	46480000	46500000	8412	92	14820	8537	0.0109368	0.741	0.985358
15	46500000	46520000	12582	120	7576	12984	0.00953743	0.3788	0.969039
15	46520000	46540000	7724	82	12306	7807	0.0106163	0.6153	0.989369
15	46540000	46560000	5822	58	16281	5904	0.00996221	0.81405	0.986111
15	46560000	46580000	11502	80	7983	11672	0.00695531	0.39915	0.985435
15	46580000	46600000	12183	94	9946	12329	0.00771567	0.4973	0.988158
15	46600000	46620000	15108	114	5451	15251	0.00754567	0.27255	0.990624
15	46620000	46640000	10930	83	9720	11289	0.00759378	0.486	0.968199
15	46640000	46660000	8712	77	12079	8783	0.00883838	0.60395	0.991916
15	46660000	46680000	9435	90	12205	9545	0.00953895	0.61025	0.988476
15	46680000	46700000	8249	61	15208	9093	0.00739484	0.7604	0.907181
15	46700000	46720000	12348	72	9552	12449	0.0058309	0.4776	0.991887
15	46720000	46740000	9844	69	12507	9932	0.00700935	0.62535	0.99114
15	46740000	46760000	12761	65	8048	12905	0.00509364	0.4024	0.988842
15	46760000	46780000	11774	71	11023	11873	0.00603024	0.55115	0.991662
15	46780000	46800000	9106	75	11335	9224	0.00823633	0.56675	0.987207
15	46800000	46820000	10996	67	15303	11084	0.00609312	0.76515	0.992061
15	46820000	46840000	7965	50	18923	8212	0.00627746	0.94615	0.969922
15	46840000	46860000	9765	43	12053	9873	0.00440348	0.60265	0.989061
15	46860000	46880000	13047	110	8467	13184	0.00843106	0.42335	0.989609
15	46880000	46900000	12364	118	9986	12504	0.00954384	0.4993	0.988804
15	46900000	46920000	9122	68	15416	9210	0.00745451	0.7708	0.990445
15	46920000	46940000	13730	92	7881	13847	0.00670066	0.39405	0.991551
15	46940000	46960000	13460	85	8405	13588	0.00631501	0.42025	0.99058
15	46960000	46980000	11735	68	10639	11840	0.00579463	0.53195	0.991132
15	46980000	47000000	13510	101	8013	13647	0.00747594	0.40065	0.989961
15	47000000	47020000	13207	84	12652	13368	0.00636026	0.6326	0.987956
15	47020000	47040000	9762	82	12264	9862	0.00839992	0.6132	0.98986
15	47040000	47060000	9015	54	10684	9120	0.00599002	0.5342	0.988487
15	47060000	47080000	10688	86	9621	10776	0.00804641	0.48105	0.991834
15	47080000	47100000	10483	85	15106	10575	0.00810837	0.7553	0.9913
15	47100000	47120000	13469	74	7957	14117	0.0054941	0.39785	0.954098
15	47120000	47140000	9487	62	16114	9900	0.00653526	0.8057	0.958283
15	47140000	47160000	14341	125	6603	14472	0.00871627	0.33015	0.990948
15	47160000	47180000	11763	96	13286	11875	0.00816118	0.6643	0.990568
15	47180000	47200000	12576	72	9322	12686	0.00572519	0.4661	0.991329
15	47200000	47220000	10245	58	13329	10326	0.0056613	0.66645	0.992156
15	47220000	47240000	12367	76	10807	12482	0.00614539	0.54035	0.990787
15	47240000	47260000	10828	58	15290	10948	0.00535648	0.7645	0.989039
15	47260000	47280000	6472	53	19584	6550	0.00818912	0.9792	0.988092
15	47280000	47300000	3490	66	18310	3548	0.0189112	0.9155	0.983653
15	47300000	47320000	9806	58	15844	9919	0.00591475	0.7922	0.988608
15	47320000	47340000	8861	69	12119	8944	0.00778693	0.60595	0.99072
15	47340000	47360000	1772	39	11399	1794	0.022009	0.56995	0.987737
15	47360000	47380000	1035	19	9654	1054	0.0183575	0.4827	0.981973
15	47380000	47400000	754	25	11016	767	0.0331565	0.5508	0.983051
15	47400000	47420000	5640	48	15138	5979	0.00851064	0.7569	0.943302
15	47420000	47440000	9901	76	14429	9993	0.00767599	0.72145	0.990794
15	47440000	47460000	11647	98	10494	11753	0.00841418	0.5247	0.990981
15	47460000	47480000	10887	39	9007	10995	0.00358225	0.45035	0.990177
15	47480000	47500000	13639	58	5729	13735	0.00425251	0.28645	0.993011
15	47500000	47520000	13493	52	7482	13609	0.00385385	0.3741	0.991476
15	47520000	47540000	12312	62	9396	12414	0.00503574	0.4698	0.991783
15	47540000	47560000	9943	58	16721	10055	0.00583325	0.83605	0.988861
15	47560000	47580000	10615	56	11067	10703	0.00527555	0.55335	0.991778
15	47580000	47600000	14040	59	4500	14139	0.00420228	0.225	0.992998
15	47600000	47620000	10645	77	11442	10757	0.00723344	0.5721	0.989588
15	47620000	47640000	12295	62	12075	12450	0.0050427	0.60375	0.98755
15	47640000	47660000	13304	75	5225	13438	0.0056374	0.26125	0.990028
15	47660000	47680000	13661	87	4986	13753	0.00636849	0.2493	0.993311
15	47680000	47700000	13628	78	8638	13738	0.00572351	0.4319	0.991993
15	47700000	47720000	13960	73	5287	14065	0.00522923	0.26435	0.992535
15	47720000	47740000	13449	98	5270	13566	0.00728679	0.2635	0.991375
15	47740000	47760000	13456	70	7816	13593	0.00520214	0.3908	0.989921
15	47760000	47780000	14935	96	4183	15050	0.00642785	0.20915	0.992359
15	47780000	47800000	14107	73	4858	14201	0.00517474	0.2429	0.993381
15	47800000	47820000	13557	48	5551	13673	0.00354061	0.27755	0.991516
15	47820000	47840000	13262	75	3486	13585	0.00565526	0.1743	0.976224
15	47840000	47860000	13880	99	7898	14002	0.00713256	0.3949	0.991287
15	47860000	47880000	13721	81	5442	13832	0.00590336	0.2721	0.991975
15	47880000	47900000	12571	72	8905	12707	0.00572747	0.44525	0.989297
15	47900000	47920000	14270	98	5877	14372	0.00686755	0.29385	0.992903
15	47920000	47940000	12923	75	11494	13020	0.00580361	0.5747	0.99255
15	47940000	47960000	12811	64	6735	12907	0.00499571	0.33675	0.992562
15	47960000	47980000	12814	59	7601	12918	0.00460434	0.38005	0.991949
15	47980000	48000000	12980	81	7480	13117	0.00624037	0.374	0.989556
15	48000000	48020000	13789	84	3967	14083	0.00609181	0.19835	0.979124
15	48020000	48040000	13490	83	5986	13592	0.00615271	0.2993	0.992496
15	48040000	48060000	13709	59	5522	13809	0.00430374	0.2761	0.992758
15	48060000	48080000	13071	72	4091	13175	0.00550838	0.20455	0.992106
15	48080000	48100000	13273	92	6940	13366	0.00693136	0.347	0.993042
15	48100000	48120000	14005	97	6367	14147	0.0069261	0.31835	0.989963
15	48120000	48140000	13026	72	8484	13375	0.00552741	0.4242	0.973907
15	48140000	48160000	12751	68	9966	12855	0.00533292	0.4983	0.99191
15	48160000	48180000	12216	77	7235	13031	0.00630321	0.36175	0.937457
15	48180000	48200000	8925	57	11525	9029	0.00638655	0.57625	0.988482
15	48200000	48220000	13550	96	7353	13666	0.00708487	0.36765	0.991512
15	48220000	48240000	10848	76	10214	13293	0.0070059	0.5107	0.816069
15	48240000	48260000	13016	96	7138	13139	0.00737554	0.3569	0.990639
15	48260000	48280000	12707	98	10054	12914	0.00771228	0.5027	0.983971
15	48280000	48300000	14292	96	6066	14432	0.00671704	0.3033	0.990299
15	48300000	48320000	13281	85	8189	13485	0.00640012	0.40945	0.984872
15	48320000	48340000	12853	69	6762	12978	0.0053684	0.3381	0.990368
15	48340000	48360000	11677	66	11135	11777	0.00565214	0.55675	0.991509
15	48360000	48380000	13088	69	6893	13221	0.005272	0.34465	0.98994
15	48380000	48400000	14202	94	9170	14354	0.00661879	0.4585	0.989411
15	48400000	48420000	13125	66	8099	13241	0.00502857	0.40495	0.991239
15	48420000	48440000	14057	57	3590	14128	0.00405492	0.1795	0.994975
15	48440000	48460000	12480	46	6613	12576	0.0036859	0.33065	0.992366
15	48460000	48480000	11212	60	7829	11280	0.00535141	0.39145	0.993972
15	48480000	48500000	14207	83	5677	14311	0.00584219	0.28385	0.992733
15	48500000	48520000	13160	59	4389	13265	0.00448328	0.21945	0.992084
15	48520000	48540000	12951	97	6643	13083	0.00748977	0.33215	0.989911
15	48540000	48560000	11318	61	8090	11407	0.00538964	0.4045	0.992198
15	48560000	48580000	13990	51	5703	14094	0.00364546	0.28515	0.992621
15	48580000	48600000	11031	43	7368	11983	0.00389811	0.3684	0.920554
15	48600000	48620000	11223	63	11442	11329	0.00561347	0.5721	0.990643
15	48620000	48640000	11850	63	7104	11934	0.00531646	0.3552	0.992961
15	48640000	48660000	9473	53	9806	9533	0.00559485	0.4903	0.993706
15	48660000	48680000	11234	76	8674	11343	0.00676518	0.4337	0.990391
15	48680000	48700000	12846	88	6643	12958	0.00685038	0.33215	0.991357
15	48700000	48720000	14157	50	2242	14300	0.00353182	0.1121	0.99
15	48720000	48740000	14080	64	3535	14182	0.00454545	0.17675	0.992808
15	48740000	48760000	13945	60	3441	14146	0.00430262	0.17205	0.985791
15	48760000	48780000	14375	77	4018	14466	0.00535652	0.2009	0.993709
15	48780000	48800000	13666	80	2908	13802	0.00585394	0.1454	0.990146
15	48800000	48820000	13549	62	4828	13672	0.00457598	0.2414	0.991004
15	48820000	48840000	13532	68	3928	13671	0.00502513	0.1964	0.989832
15	48840000	48860000	14075	71	5082	14183	0.0050444	0.2541	0.992385
15	48860000	48880000	13250	73	5452	13361	0.00550943	0.2726	0.991692
15	48880000	48900000	13337	71	7468	13477	0.00532354	0.3734	0.989612
15	48900000	48920000	12940	70	5232	13055	0.00540958	0.2616	0.991191
15	48920000	48940000	13145	71	4567	13237	0.00540129	0.22835	0.99305
15	48940000	48960000	13475	65	9161	13587	0.00482375	0.45805	0.991757
15	48960000	48980000	11003	69	9755	11074	0.00627102	0.48775	0.993589
15	48980000	49000000	9029	43	14082	9147	0.00476243	0.7041	0.9871
15	49000000	49020000	10802	63	11085	10894	0.00583225	0.55425	0.991555
15	49020000	49040000	11563	38	10557	11645	0.00328634	0.52785	0.992958
15	49040000	49060000	13604	67	5568	13687	0.00492502	0.2784	0.993936
15	49060000	49080000	13350	68	8193	13540	0.00509363	0.40965	0.985968
15	49080000	49100000	12331	73	5191	12428	0.00592004	0.25955	0.992195
15	49100000	49120000	11556	45	9869	11792	0.00389408	0.49345	0.979986
15	49120000	49140000	11798	52	12551	11903	0.00440753	0.62755	0.991179
15	49140000	49160000	11689	76	7234	11783	0.00650184	0.3617	0.992022
15	49160000	49180000	11286	60	6946	11389	0.00531632	0.3473	0.990956
15	49180000	49200000	10222	60	8574	10310	0.00586969	0.4287	0.991465
15	49200000	49220000	7371	57	12324	7447	0.00773301	0.6162	0.989795
15	49220000	49240000	12690	52	8280	12820	0.00409771	0.414	0.98986
15	49240000	49260000	11871	54	6156	12950	0.0045489	0.3078	0.91668
15	49260000	49280000	10803	46	6863	11897	0.00425808	0.34315	0.908044
15	49280000	49300000	9390	17	8300	9424	0.00181044	0.415	0.996392
15	49300000	49320000	11227	32	9096	11316	0.00285027	0.4548	0.992135
15	49320000	49340000	11696	44	4833	11756	0.00376197	0.24165	0.994896
15	49340000	49360000	11043	49	11990	11121	0.0044372	0.5995	0.992986
15	49360000	49380000	8618	51	13399	8705	0.00591785	0.66995	0.990006
15	49380000	49400000	10565	60	10438	10676	0.00567913	0.5219	0.989603
15	49400000	49420000	9178	39	13342	9800	0.00424929	0.6671	0.936531
15	49420000	49440000	12770	46	4200	12843	0.00360219	0.21	0.994316
15	49440000	49460000	9101	28	8850	9168	0.00307658	0.4425	0.992692
15	49460000	49480000	7968	40	13313	8207	0.00502008	0.66565	0.970879
15	49480000	49500000	7902	30	17639	7946	0.00379651	0.88195	0.994463
15	49500000	49520000	6691	41	19149	6735	0.00612763	0.95745	0.993467
15	49520000	49540000	11436	47	11723	12309	0.00410983	0.58615	0.929076
15	49540000	49560000	9112	36	11797	9177	0.00395083	0.58985	0.992917
15	49560000	49580000	13158	52	8483	13308	0.00395197	0.42415	0.988729
15	49580000	49600000	11753	41	8690	11820	0.00348847	0.4345	0.994332
15	49600000	49620000	12338	47	7656	12436	0.00380937	0.3828	0.99212
15	49620000	49640000	9543	31	9882	9606	0.00324845	0.4941	0.993442
15	49640000	49660000	6246	36	11704	6316	0.00576369	0.5852	0.988917
15	49660000	49680000	9233	43	11640	9295	0.00465721	0.582	0.99333
15	49680000	49700000	5935	19	17405	6010	0.00320135	0.87025	0.987521
15	49700000	49720000	12209	42	7701	12267	0.00344009	0.38505	0.995272
15	49720000	49740000	14484	58	5348	14607	0.00400442	0.2674	0.991579
15	49740000	49760000	12530	56	5913	12602	0.00446927	0.29565	0.994287
15	49760000	49780000	3202	21	7224	3240	0.0065584	0.3612	0.988272
15	49780000	49800000	8701	59	11255	8788	0.00678083	0.56275	0.9901
15	49800000	49820000	7386	43	17830	8310	0.00582183	0.8915	0.888809
15	49820000	49840000	8040	43	15379	8135	0.00534826	0.76895	0.988322
15	49840000	49860000	6899	45	17532	6934	0.00652268	0.8766	0.994952
15	49860000	49880000	7695	50	15807	7916	0.00649773	0.79035	0.972082
15	49880000	49900000	6044	24	17297	6662	0.00397088	0.86485	0.907235
15	49900000	49920000	11108	51	7470	11199	0.00459129	0.3735	0.991874
15	49920000	49940000	10775	45	10860	10883	0.00417633	0.543	0.990076
15	49940000	49960000	11905	48	11879	12178	0.00403192	0.59395	0.977583
15	49960000	49980000	12947	41	6119	13322	0.00316676	0.30595	0.971851
15	49980000	50000000	8172	45	12491	8727	0.00550661	0.62455	0.936404
15	50000000	50020000	11892	72	11005	12073	0.00605449	0.55025	0.985008
15	50020000	50040000	5881	51	19323	5934	0.00867199	0.96615	0.991068
15	50040000	50060000	9590	44	11614	12733	0.00458811	0.5807	0.753161
15	50060000	50080000	7616	43	14549	8447	0.00564601	0.72745	0.901622
15	50080000	50100000	6611	30	10786	7872	0.00453789	0.5393	0.839812
15	50100000	50120000	12305	58	11223	12427	0.00471353	0.56115	0.990183
15	50120000	50140000	6207	37	15777	6261	0.00596101	0.78885	0.991375
15	50140000	50160000	12109	58	6307	12261	0.00478983	0.31535	0.987603
15	50160000	50180000	13344	67	9894	13445	0.00502098	0.4947	0.992488
15	50180000	50200000	13344	75	4318	13445	0.0056205	0.2159	0.992488
15	50200000	50220000	11451	66	10018	11559	0.00576369	0.5009	0.990657
15	50220000	50240000	11520	64	15038	11710	0.00555556	0.7519	0.983775
15	50240000	50260000	6065	31	17165	6112	0.00511129	0.85825	0.99231
15	50260000	50280000	10301	72	9843	10367	0.00698961	0.49215	0.993634
15	50280000	50300000	13060	67	5691	13151	0.00513017	0.28455	0.99308
15	50300000	50320000	14049	59	7633	14151	0.00419959	0.38165	0.992792
15	50320000	50340000	13371	66	7740	13473	0.00493606	0.387	0.992429
15	50340000	50360000	12384	65	8467	12474	0.00524871	0.42335	0.992785
15	50360000	50380000	12174	54	9007	12287	0.00443568	0.45035	0.990803
15	50380000	50400000	7785	64	13624	9134	0.00822094	0.6812	0.85231
15	50400000	50420000	12388	75	9067	12481	0.00605425	0.45335	0.992549
15	50420000	50440000	10965	99	11338	11099	0.00902873	0.5669	0.987927
15	50440000	50460000	8025	52	18612	8113	0.00647975	0.9306	0.989153
15	50460000	50480000	7509	42	12816	7591	0.00559329	0.6408	0.989198
15	50480000	50500000	9875	48	10728	10378	0.00486076	0.5364	0.951532
15	50500000	50520000	6819	35	12457	8770	0.00513272	0.62285	0.777537
15	50520000	50540000	11874	64	8334	11975	0.00538993	0.4167	0.991566
15	50540000	50560000	12805	40	6233	12884	0.00312378	0.31165	0.993868
15	50560000	50580000	10811	65	9031	10879	0.00601239	0.45155	0.993749
15	50580000	50600000	8891	25	10856	8984	0.00281183	0.5428	0.989648
15	50600000	50620000	9690	36	11555	9770	0.00371517	0.57775	0.991812
15	50620000	50640000	8414	26	13721	8495	0.00309009	0.68605	0.990465
15	50640000	50660000	10077	35	9783	10182	0.00347326	0.48915	0.989688
15	50660000	50680000	6207	17	14154	6687	0.00273884	0.7077	0.928219
15	50680000	50700000	5448	10	15366	6636	0.00183554	0.7683	0.820976
15	50700000	50720000	7793	36	9427	7868	0.00461953	0.47135	0.990468
15	50720000	50740000	7821	35	10331	7883	0.00447513	0.51655	0.992135
15	50740000	50760000	7749	42	10367	7804	0.00542005	0.51835	0.992952
15	50760000	50780000	8338	34	11780	8399	0.00407772	0.589	0.992737
15	50780000	50800000	8571	32	9105	8656	0.00373352	0.45525	0.99018
15	50800000	50820000	5328	41	18507	5366	0.0076952	0.92535	0.992918
15	50820000	50840000	8534	56	12333	9121	0.00656199	0.61665	0.935643
15	50840000	50860000	7856	34	14076	8294	0.0043279	0.7038	0.947191
15	50860000	50880000	11300	53	9082	11358	0.00469027	0.4541	0.994893
15	50880000	50900000	10288	53	7183	10375	0.00515163	0.35915	0.991614
15	50900000	50920000	10088	36	8520	10141	0.0035686	0.426	0.994774
15	50920000	50940000	7454	33	11448	7503	0.00442715	0.5724	0.993469
15	50940000	50960000	6612	32	15168	6699	0.00483969	0.7584	0.987013
15	50960000	50980000	6057	33	14361	6272	0.00544824	0.71805	0.965721
15	50980000	51000000	6195	27	12329	6267	0.00435835	0.61645	0.988511
15	51000000	51020000	8574	42	8850	8694	0.00489853	0.4425	0.986197
15	51020000	51040000	6918	25	10930	6980	0.00361376	0.5465	0.991117
15	51040000	51060000	7844	33	11857	7929	0.00420704	0.59285	0.98928
15	51060000	51080000	6313	36	12922	7182	0.00570252	0.6461	0.879003
15	51080000	51100000	6778	32	13708	7071	0.00472116	0.6854	0.958563
15	51100000	51120000	9135	54	10487	10492	0.00591133	0.52435	0.870663
15	51120000	51140000	4987	28	17133	5312	0.0056146	0.85665	0.938818
15	51140000	51160000	6174	37	10954	10490	0.00599287	0.5477	0.588561
15	51160000	51180000	2948	13	11909	6450	0.00440977	0.59545	0.457054
15	51180000	51200000	6874	56	17442	7027	0.00814664	0.8721	0.978227
15	51200000	51220000	8488	61	8417	8746	0.00718662	0.42085	0.970501
15	51220000	51240000	10638	56	6083	10701	0.00526415	0.30415	0.994113
15	51240000	51260000	7949	37	14996	8170	0.00465467	0.7498	0.97295
15	51260000	51280000	7033	53	15719	7102	0.0075359	0.78595	0.990284
15	51280000	51300000	11606	54	7147	11686	0.00465277	0.35735	0.993154
15	51300000	51320000	7587	38	14935	7650	0.00500857	0.74675	0.991765
15	51320000	51340000	6747	30	16364	6800	0.00444642	0.8182	0.992206
15	51340000	51360000	13433	56	6577	13619	0.00416884	0.32885	0.986343
15	51360000	51380000	12739	74	7993	12831	0.00580893	0.39965	0.99283
15	51380000	51400000	12034	53	5162	13315	0.00440419	0.2581	0.903793
15	51400000	51420000	11807	67	9261	12303	0.0056746	0.46305	0.959685
15	51420000	51440000	10478	41	12498	10621	0.00391296	0.6249	0.986536
15	51440000	51460000	12801	63	8139	12917	0.00492149	0.40695	0.99102
15	51460000	51480000	10111	42	11235	10178	0.00415389	0.56175	0.993417
15	51480000	51500000	12546	55	7288	12654	0.00438387	0.3644	0.991465
15	51500000	51520000	13270	39	4624	13357	0.00293896	0.2312	0.993487
15	51520000	51540000	13848	55	6062	13943	0.00397169	0.3031	0.993187
15	51540000	51560000	13828	56	6218	13984	0.00404975	0.3109	0.988844
15	51560000	51580000	10632	48	7866	11057	0.00451467	0.3933	0.961563
15	51580000	51600000	13149	44	4373	13242	0.00334626	0.21865	0.992977
15	51600000	51620000	13553	43	7913	13713	0.00317273	0.39565	0.988332
15	51620000	51640000	13164	70	9316	13321	0.00531753	0.4658	0.988214
15	51640000	51660000	9117	54	12086	9213	0.005923	0.6043	0.98958
15	51660000	51680000	13195	77	7099	13325	0.00583554	0.35495	0.990244
15	51680000	51700000	13305	85	5304	13410	0.00638858	0.2652	0.99217
15	51700000	51720000	4146	41	17723	5015	0.00988905	0.88615	0.82672
15	51720000	51740000	5622	31	19553	6265	0.00551405	0.97765	0.897366
15	51740000	51760000	12691	45	4959	12801	0.00354582	0.24795	0.991407
15	51760000	51780000	13362	65	8580	13442	0.00486454	0.429	0.994049
15	51780000	51800000	11776	60	7004	11911	0.00509511	0.3502	0.988666
15	51800000	51820000	8432	48	13466	8555	0.0056926	0.6733	0.985622
15	51820000	51840000	10505	66	9287	10580	0.00628272	0.46435	0.992911
15	51840000	51860000	10793	69	13607	10925	0.00639303	0.68035	0.987918
15	51860000	51880000	8262	47	11240	8339	0.0056887	0.562	0.990766
15	51880000	51900000	6310	39	17680	7406	0.00618067	0.884	0.852012
15	51900000	51920000	11430	73	9927	11514	0.0063867	0.49635	0.992705
15	51920000	51940000	9113	37	12669	9310	0.00406013	0.63345	0.97884
15	51940000	51960000	8968	54	15218	9063	0.00602141	0.7609	0.989518
15	51960000	51980000	13160	58	7937	13255	0.00440729	0.39685	0.992833
15	51980000	52000000	11946	46	7609	12027	0.00385066	0.38045	0.993265
15	52000000	52020000	12078	79	7708	12172	0.00654082	0.3854	0.992277
15	52020000	52040000	9244	58	12411	9885	0.00627434	0.62055	0.935154
15	52040000	52060000	12148	69	9732	12426	0.00567995	0.4866	0.977628
15	52060000	52080000	11040	74	8856	11142	0.0067029	0.4428	0.990845
15	52080000	52100000	8607	65	11810	8664	0.00755199	0.5905	0.993421
15	52100000	52120000	10927	64	9059	10996	0.00585705	0.45295	0.993725
15	52120000	52140000	11039	49	6000	11125	0.00443881	0.3	0.99227
15	52140000	52160000	11226	52	9369	11452	0.0046321	0.46845	0.980265
15	52160000	52180000	9616	46	11529	9720	0.00478369	0.57645	0.9893
15	52180000	52200000	10451	40	9352	10531	0.00382738	0.4676	0.992403
15	52200000	52220000	9193	75	7859	9732	0.00815838	0.39295	0.944616
15	52220000	52240000	8838	87	11334	9075	0.00984386	0.5667	0.973884
15	52240000	52260000	10378	37	8605	10443	0.00356523	0.43025	0.993776
15	52260000	52280000	6018	29	13198	6237	0.00481888	0.6599	0.964887
15	52280000	52300000	7595	37	16075	7654	0.00487163	0.80375	0.992292
15	52300000	52320000	7235	40	11742	7363	0.00552868	0.5871	0.982616
15	52320000	52340000	6966	27	11512	7063	0.00387597	0.5756	0.986266
15	52340000	52360000	6838	34	9717	7358	0.00497221	0.48585	0.929329
15	52360000	52380000	9877	70	10680	10782	0.00708717	0.534	0.916064
15	52380000	52400000	9136	56	11510	9535	0.0061296	0.5755	0.958154
15	52400000	52420000	11094	56	9985	11574	0.00504777	0.49925	0.958528
15	52420000	52440000	12384	50	9898	12498	0.00403747	0.4949	0.990879
15	52440000	52460000	9868	87	10886	10079	0.00881638	0.5443	0.979065
15	52460000	52480000	8988	33	10832	9355	0.00367156	0.5416	0.96077
15	52480000	52500000	10792	40	11390	10940	0.00370645	0.5695	0.986472
15	52500000	52520000	12816	50	7872	12939	0.00390137	0.3936	0.990494
15	52520000	52540000	11866	60	6056	12110	0.00505646	0.3028	0.979851
15	52540000	52560000	12987	120	6658	13306	0.00924001	0.3329	0.976026
15	52560000	52580000	11126	50	9169	11293	0.00449398	0.45845	0.985212
15	52580000	52600000	11324	71	11479	11809	0.00626987	0.57395	0.95893
15	52600000	52620000	12000	36	4986	12110	0.003	0.2493	0.990917
15	52620000	52640000	12531	46	6480	12610	0.0036709	0.324	0.993735
15	52640000	52660000	13675	58	4794	13757	0.00424132	0.2397	0.994039
15	52660000	52680000	11377	45	5548	11460	0.00395535	0.2774	0.992757
15	52680000	52700000	12450	45	8535	12534	0.00361446	0.42675	0.993298
15	52700000	52720000	11754	59	8121	12003	0.00501957	0.40605	0.979255
15	52720000	52740000	9615	45	10736	9749	0.00468019	0.5368	0.986255
15	52740000	52760000	7123	42	16130	7195	0.00589639	0.8065	0.989993
15	52760000	52780000	6439	43	14082	6480	0.00667806	0.7041	0.993673
15	52780000	52800000	8041	36	12149	8081	0.00447706	0.60745	0.99505
15	52800000	52820000	10946	57	8417	11035	0.00520738	0.42085	0.991935
15	52820000	52840000	7453	56	12996	7610	0.00751375	0.6498	0.979369
15	52840000	52860000	9176	98	6714	9246	0.01068	0.3357	0.992429
15	52860000	52880000	8985	23	8720	9435	0.00255982	0.436	0.952305
15	52880000	52900000	11461	36	9071	11544	0.00314109	0.45355	0.99281
15	52900000	52920000	10777	60	7649	10884	0.00556741	0.38245	0.990169
15	52920000	52940000	10670	84	8272	10786	0.00787254	0.4136	0.989245
15	52940000	52960000	12721	96	6300	13281	0.00754658	0.315	0.957835
15	52960000	52980000	11180	42	7504	11457	0.00375671	0.3752	0.975823
15	52980000	53000000	10934	69	14453	11023	0.00631059	0.72265	0.991926
15	53000000	53020000	12411	71	8845	12515	0.00572073	0.44225	0.99169
15	53020000	53040000	6722	40	13517	6832	0.00595061	0.67585	0.983899
15	53040000	53060000	13002	55	5515	13115	0.00423012	0.27575	0.991384
15	53060000	53080000	11893	71	6215	11972	0.0059699	0.31075	0.993401
15	53080000	53100000	13659	65	920	13751	0.00475877	0.046	0.99331
15	53100000	53120000	8286	43	11132	8361	0.00518948	0.5566	0.99103
15	53120000	53140000	9471	58	10337	9995	0.00612396	0.51685	0.947574
15	53140000	53160000	13309	91	6348	13522	0.00683748	0.3174	0.984248
15	53160000	53180000	13218	109	6041	13345	0.00824633	0.30205	0.990483
15	53180000	53200000	7464	56	13957	7526	0.00750268	0.69785	0.991762
15	53200000	53220000	12057	108	10625	12157	0.00895745	0.53125	0.991774
15	53220000	53240000	12307	104	7250	12429	0.00845048	0.3625	0.990184
15	53240000	53260000	13068	78	7508	13176	0.00596878	0.3754	0.991803
15	53260000	53280000	14340	87	6280	14490	0.00606695	0.314	0.989648
15	53280000	53300000	9191	59	13109	9286	0.00641932	0.65545	0.98977
15	53300000	53320000	7814	65	16103	7896	0.0083184	0.80515	0.989615
15	53320000	53340000	12431	98	6977	12523	0.00788352	0.34885	0.992654
15	53340000	53360000	8338	66	12073	8854	0.00791557	0.60365	0.941721
15	53360000	53380000	12828	80	5785	12943	0.00623636	0.28925	0.991115
15	53380000	53400000	9948	85	11245	10051	0.00854443	0.56225	0.989752
15	53400000	53420000	13949	75	6605	14070	0.00537673	0.33025	0.9914
15	53420000	53440000	9247	80	10995	9345	0.00865145	0.54975	0.989513
15	53440000	53460000	11805	91	10151	11950	0.0077086	0.50755	0.987866
15	53460000	53480000	9651	41	13062	9744	0.00424826	0.6531	0.990456
15	53480000	53500000	12414	89	6025	12536	0.00716932	0.30125	0.990268
15	53500000	53520000	13701	91	6998	13818	0.00664185	0.3499	0.991533
15	53520000	53540000	12027	82	9360	12414	0.00681799	0.468	0.968826
15	53540000	53560000	13528	101	6645	13665	0.007466	0.33225	0.989974
15	53560000	53580000	10845	73	11549	10971	0.00673121	0.57745	0.988515
15	53580000	53600000	13537	100	8562	13716	0.00738716	0.4281	0.98695
15	53600000	53620000	13114	106	8501	13235	0.00808296	0.42505	0.990858
15	53620000	53640000	12319	96	8301	12464	0.00779284	0.41505	0.988366
15	53640000	53660000	11143	89	9859	12031	0.00798708	0.49295	0.926191
15	53660000	53680000	12573	108	8872	12749	0.00858984	0.4436	0.986195
15	53680000	53700000	14450	98	6128	14580	0.00678201	0.3064	0.991084
15	53700000	53720000	11966	73	8526	13369	0.00610062	0.4263	0.895056
15	53720000	53740000	10545	82	10139	10651	0.0077762	0.50695	0.990048
15	53740000	53760000	14607	79	6293	14755	0.00540837	0.31465	0.98997
15	53760000	53780000	13375	54	8000	13538	0.00403738	0.4	0.98796
15	53780000	53800000	9719	71	11698	9799	0.00730528	0.5849	0.991836
15	53800000	53820000	13786	81	3820	13920	0.00587553	0.191	0.990374
15	53820000	53840000	9772	44	10279	9852	0.00450266	0.51395	0.99188
15	53840000	53860000	14158	94	4487	14276	0.00663936	0.22435	0.991734
15	53860000	53880000	12511	90	8350	12670	0.00719367	0.4175	0.987451
15	53880000	53900000	10941	104	8741	11043	0.00950553	0.43705	0.990763
15	53900000	53920000	10545	83	10279	10791	0.00787103	0.51395	0.977203
15	53920000	53940000	12237	89	8622	12356	0.00727302	0.4311	0.990369
15	53940000	53960000	13138	87	5777	13227	0.00662201	0.28885	0.993271
15	53960000	53980000	8738	70	9386	9166	0.00801099	0.4693	0.953306
15	53980000	54000000	11119	66	8473	11229	0.00593579	0.42365	0.990204
15	54000000	54020000	12034	78	7650	12142	0.00648164	0.3825	0.991105
15	54020000	54040000	12688	94	8869	12826	0.00740858	0.44345	0.989241
15	54040000	54060000	11826	123	10437	11933	0.0104008	0.52185	0.991033
15	54060000	54080000	8650	60	13948	8737	0.00693642	0.6974	0.990042
15	54080000	54100000	8582	85	15663	9272	0.00990445	0.78315	0.925582
15	54100000	54120000	9165	74	12621	9261	0.0080742	0.63105	0.989634
15	54120000	54140000	12938	96	8420	13054	0.00742	0.421	0.991114
15	54140000	54160000	10428	91	13488	10552	0.00872651	0.6744	0.988249
15	54160000	54180000	12486	117	8412	12610	0.00937049	0.4206	0.990167
15	54180000	54200000	8367	42	11650	8468	0.00501972	0.5825	0.988073
15	54200000	54220000	12190	114	8670	12331	0.00935193	0.4335	0.988565
15	54220000	54240000	7043	69	15393	7464	0.00979696	0.76965	0.943596
15	54240000	54260000	13427	85	5801	13552	0.00633053	0.29005	0.990776
15	54260000	54280000	13455	108	4915	13574	0.00802676	0.24575	0.991233
15	54280000	54300000	12796	105	10343	12948	0.00820569	0.51715	0.988261
15	54300000	54320000	13639	62	5962	13725	0.00454579	0.2981	0.993734
15	54320000	54340000	13254	105	8937	13414	0.00792214	0.44685	0.988072
15	54340000	54360000	8520	76	8785	8620	0.00892019	0.43925	0.988399
15	54360000	54380000	9970	82	13475	10096	0.00822467	0.67375	0.98752
15	54380000	54400000	14145	109	6850	14316	0.0077059	0.3425	0.988055
15	54400000	54420000	9171	107	14959	9295	0.0116672	0.74795	0.986659
15	54420000	54440000	12008	123	13114	12105	0.0102432	0.6557	0.991987
15	54440000	54460000	12642	96	7370	12808	0.00759374	0.3685	0.987039
15	54460000	54480000	10477	69	12143	10676	0.00658585	0.60715	0.98136
15	54480000	54500000	8647	97	12190	8823	0.0112178	0.6095	0.980052
15	54500000	54520000	10369	67	11475	10610	0.00646157	0.57375	0.977286
15	54520000	54540000	11479	85	8492	11729	0.00740483	0.4246	0.978685
15	54540000	54560000	13079	91	6359	13358	0.00695772	0.31795	0.979114
15	54560000	54580000	12316	77	7359	12452	0.00625203	0.36795	0.989078
15	54580000	54600000	12185	89	6867	12293	0.00730406	0.34335	0.991215
15	54600000	54620000	11949	97	7503	12378	0.00811783	0.37515	0.965342
15	54620000	54640000	11658	92	10699	12021	0.00789158	0.53495	0.969803
15	54640000	54660000	12637	104	9765	12762	0.0082298	0.48825	0.990205
15	54660000	54680000	10896	68	13188	11343	0.00624082	0.6594	0.960592
15	54680000	54700000	14610	73	7301	14785	0.00499658	0.36505	0.988164
15	54700000	54720000	12515	76	10040	12661	0.00607271	0.502	0.988469
15	54720000	54740000	7176	74	14351	7252	0.0103122	0.71755	0.98952
15	54740000	54760000	6296	65	17026	6374	0.010324	0.8513	0.987763
15	54760000	54780000	8706	50	16841	8795	0.00574317	0.84205	0.989881
15	54780000	54800000	13864	94	6842	14015	0.00678015	0.3421	0.989226
15	54800000	54820000	13897	85	3215	14049	0.00611643	0.16075	0.989181
15	54820000	54840000	8325	65	12663	8825	0.00780781	0.63315	0.943343
15	54840000	54860000	13304	104	6063	13467	0.0078172	0.30315	0.987896
15	54860000	54880000	12918	79	7463	13039	0.0061155	0.37315	0.99072
15	54880000	54900000	8559	72	10634	9057	0.0084122	0.5317	0.945015
15	54900000	54920000	13711	102	6368	13986	0.00743928	0.3184	0.980337
15	54920000	54940000	8706	70	15402	9837	0.00804043	0.7701	0.885026
15	54940000	54960000	7126	54	10296	10763	0.00757788	0.5148	0.662083
15	54960000	54980000	8092	49	15906	9173	0.00605536	0.7953	0.882154
15	54980000	55000000	8732	60	10920	8842	0.00687128	0.546	0.987559
15	55000000	55020000	11316	89	12882	11487	0.00786497	0.6441	0.985114
15	55020000	55040000	11351	98	16499	11483	0.0086336	0.82495	0.988505
15	55040000	55060000	3710	60	19565	3764	0.0161725	0.97825	0.985654
15	55060000	55080000	9110	82	13880	9229	0.0090011	0.694	0.987106
15	55080000	55100000	13290	117	9154	13425	0.00880361	0.4577	0.989944
15	55100000	55120000	10628	66	11853	10743	0.00621001	0.59265	0.989295
15	55120000	55140000	13358	131	8498	13517	0.00980686	0.4249	0.988237
15	55140000	55160000	7781	69	15431	7893	0.00886775	0.77155	0.98581
15	55160000	55180000	6816	76	15127	7305	0.0111502	0.75635	0.93306
15	55180000	55200000	8513	109	14810	8622	0.0128039	0.7405	0.987358
15	55200000	55220000	5850	89	16621	6017	0.0152137	0.83105	0.972245
15	55220000	55240000	7395	79	16093	7473	0.0106829	0.80465	0.989562
15	55240000	55260000	12915	94	6876	13084	0.00727836	0.3438	0.987083
15	55260000	55280000	11091	79	12176	11989	0.00712289	0.6088	0.925098
15	55280000	55300000	8296	50	12450	8375	0.006027	0.6225	0.990567
15	55300000	55320000	12357	114	11759	12516	0.00922554	0.58795	0.987296
15	55320000	55340000	11559	81	10636	11669	0.00700753	0.5318	0.990573
15	55340000	55360000	9475	74	12321	9763	0.00781003	0.61605	0.970501
15	55360000	55380000	6746	62	16959	6829	0.00919063	0.84795	0.987846
15	55380000	55400000	12246	81	10731	12371	0.0066144	0.53655	0.989896
15	55400000	55420000	10512	78	10206	10608	0.00742009	0.5103	0.99095
15	55420000	55440000	5507	39	16343	5572	0.0070819	0.81715	0.988335
15	55440000	55460000	5858	48	11019	9545	0.00819392	0.55095	0.613724
15	55460000	55480000	0	0	7519	11905		0.37595	0
15	55480000	55500000	9980	56	7398	10914	0.00561122	0.3699	0.914422
15	55500000	55520000	9617	57	11883	10171	0.005927	0.59415	0.945531
15	55520000	55540000	12246	92	7312	12364	0.00751266	0.3656	0.990456
15	55540000	55560000	11059	77	8773	11141	0.00696265	0.43865	0.99264
15	55560000	55580000	10301	63	11902	10385	0.00611591	0.5951	0.991911
15	55580000	55600000	4038	24	15943	4110	0.00594354	0.79715	0.982482
15	55600000	55620000	6106	23	13437	6165	0.00376679	0.67185	0.99043
15	55620000	55640000	10343	33	10487	10405	0.00319056	0.52435	0.994041
15	55640000	55660000	10347	44	7153	10399	0.00425244	0.35765	0.995
15	55660000	55680000	7949	38	9452	8153	0.00478048	0.4726	0.974979
15	55680000	55700000	8458	40	11438	8545	0.00472925	0.5719	0.989819
15	55700000	55720000	6376	26	13386	6473	0.00407779	0.6693	0.985015
15	55720000	55740000	4053	27	14206	4111	0.00666173	0.7103	0.985892
15	55740000	55760000	4120	16	16312	4285	0.0038835	0.8156	0.961494
15	55760000	55780000	6099	36	16079	6334	0.00590261	0.80395	0.962899
15	55780000	55800000	6748	45	14411	6815	0.00666864	0.72055	0.990169
15	55800000	55820000	5000	44	16427	5070	0.0088	0.82135	0.986193
15	55820000	55840000	10060	60	8774	11844	0.00596421	0.4387	0.849375
15	55840000	55860000	4461	35	18438	4510	0.00784577	0.9219	0.989135
15	55860000	55880000	9231	48	13360	9347	0.00519987	0.668	0.98759
15	55880000	55900000	6801	62	15158	8080	0.00911631	0.7579	0.841708
15	55900000	55920000	10163	61	7346	10258	0.00600216	0.3673	0.990739
15	55920000	55940000	10192	67	8381	10297	0.00657378	0.41905	0.989803
15	55940000	55960000	11082	67	7823	11232	0.00604584	0.39115	0.986645
15	55960000	55980000	13129	60	4418	13223	0.00457004	0.2209	0.992891
15	55980000	56000000	11271	45	9781	11392	0.00399255	0.48905	0.989379
15	56000000	56020000	9409	55	11154	9517	0.00584547	0.5577	0.988652
15	56020000	56040000	8191	28	7367	9909	0.00341839	0.36835	0.826622
15	56040000	56060000	7706	40	12760	8267	0.00519076	0.638	0.93214
15	56060000	56080000	9282	46	9185	9716	0.00495583	0.45925	0.955331
15	56080000	56100000	8323	48	10507	9441	0.00576715	0.52535	0.88158
15	56100000	56120000	9815	46	11626	10092	0.0046867	0.5813	0.972553
15	56120000	56140000	10926	70	7417	11069	0.00640674	0.37085	0.987081
15	56140000	56160000	10969	57	8749	11084	0.00519646	0.43745	0.989625
15	56160000	56180000	9007	44	14778	9070	0.00488509	0.7389	0.993054
15	56180000	56200000	9607	36	9854	9692	0.00374727	0.4927	0.99123
15	56200000	56220000	11760	49	5849	12123	0.00416667	0.29245	0.970057
15	56220000	56240000	5613	35	16800	5681	0.00623552	0.84	0.98803
15	56240000	56260000	7802	61	16627	7932	0.00781851	0.83135	0.983611
15	56260000	56280000	7572	43	15506	7652	0.00567882	0.7753	0.989545
15	56280000	56300000	8329	44	7802	8401	0.00528275	0.3901	0.99143
15	56300000	56320000	6152	37	18143	6399	0.0060143	0.90715	0.9614
15	56320000	56340000	10679	73	10398	10782	0.00683585	0.5199	0.990447
15	56340000	56360000	8832	53	14199	8923	0.00600091	0.70995	0.989802
15	56360000	56380000	7233	47	14116	7313	0.006498	0.7058	0.989061
15	56380000	56400000	14058	49	3058	14124	0.00348556	0.1529	0.995327
15	56400000	56420000	4561	22	17434	4607	0.0048235	0.8717	0.990015
15	56420000	56440000	8746	43	11771	8804	0.00491653	0.58855	0.993412
15	56440000	56460000	8726	32	10604	8774	0.0036672	0.5302	0.994529
15	56460000	56480000	11957	55	13935	12062	0.00459982	0.69675	0.991295
15	56480000	56500000	11696	51	10874	11829	0.00436047	0.5437	0.988756
15	56500000	56520000	10516	54	15100	10685	0.00513503	0.755	0.984183
15	56520000	56540000	10267	51	7041	10408	0.00496737	0.35205	0.986453
15	56540000	56560000	10304	52	14163	10632	0.00504658	0.70815	0.96915
15	56560000	56580000	8969	32	15198	9058	0.00356784	0.7599	0.990174
15	56580000	56600000	8987	41	14082	9145	0.00456215	0.7041	0.982723
15	56600000	56620000	7486	31	13973	7672	0.00414106	0.69865	0.975756
15	56620000	56640000	8595	26	15978	8676	0.00302501	0.7989	0.990664
15	56640000	56660000	11592	42	13212	11692	0.00362319	0.6606	0.991447
15	56660000	56680000	7838	43	15376	8077	0.00548609	0.7688	0.97041
15	56680000	56700000	8097	35	12894	8182	0.00432259	0.6447	0.989611
15	56700000	56720000	9090	43	16324	9155	0.00473047	0.8162	0.9929
15	56720000	56740000	10183	40	11079	10305	0.00392812	0.55395	0.988161
15	56740000	56760000	10620	58	14655	10704	0.00546139	0.73275	0.992152
15	56760000	56780000	10295	51	10791	10404	0.00495386	0.53955	0.989523
15	56780000	56800000	11641	64	10826	11821	0.00549781	0.5413	0.984773
15	56800000	56820000	4909	31	17605	4955	0.00631493	0.88025	0.990716
15	56820000	56840000	11400	74	10098	11500	0.00649123	0.5049	0.991304
15	56840000	56860000	6821	78	16006	6894	0.0114353	0.8003	0.989411
15	56860000	56880000	5671	47	19667	5774	0.00828778	0.98335	0.982161
15	56880000	56900000	8411	49	17542	9416	0.0058257	0.8771	0.893267
15	56900000	56920000	10483	35	15833	10562	0.00333874	0.79165	0.99252
15	56920000	56940000	12308	43	7428	12391	0.00349366	0.3714	0.993302
15	56940000	56960000	13075	45	5397	13176	0.00344168	0.26985	0.992335
15	56960000	56980000	11119	47	8711	11206	0.004227	0.43555	0.992236
15	56980000	57000000	10981	39	6829	11106	0.00355159	0.34145	0.988745
15	57000000	57020000	8854	37	11970	9047	0.0041789	0.5985	0.978667
15	57020000	57040000	11886	72	12976	11977	0.00605755	0.6488	0.992402
15	57040000	57060000	10736	52	13536	11169	0.00484352	0.6768	0.961232
15	57060000	57080000	9234	61	13046	9344	0.00660602	0.6523	0.988228
15	57080000	57100000	8936	89	12346	9002	0.00995971	0.6173	0.992668
15	57100000	57120000	12623	76	11976	12726	0.00602076	0.5988	0.991906
15	57120000	57140000	12274	65	12107	12372	0.00529575	0.60535	0.992079
15	57140000	57160000	8756	55	17260	8887	0.00628141	0.863	0.985259
15	57160000	57180000	10899	51	11559	11292	0.00467933	0.57795	0.965197
15	57180000	57200000	9519	48	12972	9581	0.00504255	0.6486	0.993529
15	57200000	57220000	10118	55	6780	10258	0.00543586	0.339	0.986352
15	57220000	57240000	10668	48	9704	10772	0.00449944	0.4852	0.990345
15	57240000	57260000	10133	43	11166	10414	0.00424356	0.5583	0.973017
15	57260000	57280000	11354	50	11013	11445	0.00440373	0.55065	0.992049
15	57280000	57300000	9771	57	12130	9876	0.00583359	0.6065	0.989368
15	57300000	57320000	9125	43	11120	11126	0.00471233	0.556	0.820151
15	57320000	57340000	11777	54	8659	11864	0.00458521	0.43295	0.992667
15	57340000	57360000	11368	59	9148	11461	0.00519001	0.4574	0.991886
15	57360000	57380000	12728	67	6948	12838	0.00526398	0.3474	0.991432
15	57380000	57400000	11511	51	6792	11617	0.00443054	0.3396	0.990875
15	57400000	57420000	12210	63	5632	12309	0.00515971	0.2816	0.991957
15	57420000	57440000	12833	61	6919	13026	0.00475337	0.34595	0.985183
15	57440000	57460000	10515	52	9975	10598	0.00494532	0.49875	0.992168
15	57460000	57480000	10982	53	10063	11064	0.00482608	0.50315	0.992589
15	57480000	57500000	10363	61	8923	10449	0.00588633	0.44615	0.99177
15	57500000	57520000	12351	73	4238	12475	0.00591045	0.2119	0.99006
15	57520000	57540000	11467	70	4483	11565	0.00610447	0.22415	0.991526
15	57540000	57560000	10907	62	6023	10959	0.00568442	0.30115	0.995255
15	57560000	57580000	9974	49	9461	10135	0.00491277	0.47305	0.984114
15	57580000	57600000	10792	88	9384	10938	0.00815419	0.4692	0.986652
15	57600000	57620000	9601	91	8694	10145	0.00947818	0.4347	0.946378
15	57620000	57640000	11726	98	8099	11851	0.0083575	0.40495	0.989452
15	57640000	57660000	9539	75	12188	9741	0.00786246	0.6094	0.979263
15	57660000	57680000	10440	73	7674	10841	0.00699234	0.3837	0.963011
15	57680000	57700000	12342	93	8407	12455	0.00753525	0.42035	0.990927
15	57700000	57720000	11373	96	8873	11686	0.00844104	0.44365	0.973216
15	57720000	57740000	12472	85	7822	12701	0.00681527	0.3911	0.98197
15	57740000	57760000	13114	79	8607	13240	0.0060241	0.43035	0.990483
15	57760000	57780000	11113	95	8292	12177	0.00854855	0.4146	0.912622
15	57780000	57800000	13818	98	7318	13943	0.0070922	0.3659	0.991035
15	57800000	57820000	13442	102	5285	13563	0.00758816	0.26425	0.991079
15	57820000	57840000	14882	114	4372	15041	0.00766026	0.2186	0.989429
15	57840000	57860000	12173	89	5795	13220	0.00731126	0.28975	0.920802
15	57860000	57880000	13245	97	10362	14360	0.00732352	0.5181	0.922354
15	57880000	57900000	13368	89	6485	13575	0.00665769	0.32425	0.984751
15	57900000	57920000	12083	76	7546	12839	0.00628983	0.3773	0.941117
15	57920000	57940000	13157	81	3985	13548	0.00615642	0.19925	0.97114
15	57940000	57960000	13930	117	7375	14052	0.00839914	0.36875	0.991318
15	57960000	57980000	12624	107	10883	12719	0.00847592	0.54415	0.992531
15	57980000	58000000	11134	58	9170	11247	0.00520927	0.4585	0.989953
15	58000000	58020000	7847	45	9561	7924	0.00573468	0.47805	0.990283
15	58020000	58040000	11851	62	7207	13808	0.00523163	0.36035	0.858271
15	58040000	58060000	13437	141	6029	13580	0.0104934	0.30145	0.98947
15	58060000	58080000	12088	105	7904	12290	0.0086863	0.3952	0.983564
15	58080000	58100000	13304	129	8811	13455	0.00969633	0.44055	0.988777
15	58100000	58120000	9046	78	11731	9169	0.0086226	0.58655	0.986585
15	58120000	58140000	10146	90	12749	10381	0.00887049	0.63745	0.977362
15	58140000	58160000	13856	104	6070	14026	0.00750577	0.3035	0.98788
15	58160000	58180000	11806	96	13081	11962	0.00813146	0.65405	0.986959
15	58180000	58200000	10846	96	10066	11303	0.00885119	0.5033	0.959568
15	58200000	58220000	14732	83	5329	14919	0.00563399	0.26645	0.987466
15	58220000	58240000	8567	73	11606	8655	0.00852107	0.5803	0.989832
15	58240000	58260000	14393	88	2656	14573	0.00611408	0.1328	0.987648
15	58260000	58280000	10657	54	9908	10859	0.00506709	0.4954	0.981398
15	58280000	58300000	11211	70	10031	11320	0.00624387	0.50155	0.990371
15	58300000	58320000	11550	69	11678	11706	0.00597403	0.5839	0.986674
15	58320000	58340000	9198	49	11952	9370	0.00532725	0.5976	0.981644
15	58340000	58360000	13422	87	3410	13563	0.0064819	0.1705	0.989604
15	58360000	58380000	12048	85	8420	12260	0.00705511	0.421	0.982708
15	58380000	58400000	10973	87	16387	11091	0.00792855	0.81935	0.989361
15	58400000	58420000	11065	67	11800	11169	0.00605513	0.59	0.990689
15	58420000	58440000	10557	58	9525	10627	0.00549399	0.47625	0.993413
15	58440000	58460000	10832	93	5132	11626	0.00858567	0.2566	0.931705
15	58460000	58480000	13104	90	5557	13197	0.00686813	0.27785	0.992953
15	58480000	58500000	8137	73	15332	8243	0.00897137	0.7666	0.987141
15	58500000	58520000	9399	69	12427	9482	0.00734121	0.62135	0.991247
15	58520000	58540000	11821	77	7606	12615	0.00651383	0.3803	0.937059
15	58540000	58560000	12834	94	10074	13121	0.00732429	0.5037	0.978127
15	58560000	58580000	12443	105	10890	12685	0.00843848	0.5445	0.980922
15	58580000	58600000	13323	141	10372	13467	0.0105832	0.5186	0.989307
15	58600000	58620000	8217	73	15541	8313	0.00888402	0.77705	0.988452
15	58620000	58640000	9662	95	12772	9767	0.00983233	0.6386	0.98925
15	58640000	58660000	8238	45	11135	8943	0.00546249	0.55675	0.921167
15	58660000	58680000	9582	64	13544	10195	0.00667919	0.6772	0.939872
15	58680000	58700000	13882	111	6947	14030	0.00799597	0.34735	0.989451
15	58700000	58720000	11236	90	9957	11348	0.00800997	0.49785	0.99013
15	58720000	58740000	12458	75	8503	12913	0.00602023	0.42515	0.964764
15	58740000	58760000	14178	102	6174	14363	0.00719424	0.3087	0.98712
15	58760000	58780000	12282	77	8919	12429	0.00626934	0.44595	0.988173
15	58780000	58800000	13745	71	6690	13892	0.00516551	0.3345	0.989418
15	58800000	58820000	13151	92	9159	13281	0.00699567	0.45795	0.990212
15	58820000	58840000	13826	122	7197	14005	0.00882395	0.35985	0.987219
15	58840000	58860000	12261	84	7826	12407	0.00685099	0.3913	0.988232
15	58860000	58880000	10395	78	11040	10727	0.00750361	0.552	0.96905
15	58880000	58900000	13119	74	7511	13315	0.00564067	0.37555	0.98528
15	58900000	58920000	9339	70	13176	9434	0.00749545	0.6588	0.98993
15	58920000	58940000	10646	59	5854	12623	0.00554199	0.2927	0.843381
15	58940000	58960000	8783	62	16429	9032	0.00705909	0.82145	0.972431
15	58960000	58980000	11131	63	6459	11221	0.00565987	0.32295	0.991979
15	58980000	59000000	8194	48	13528	8507	0.00585794	0.6764	0.963207
15	59000000	59020000	9085	53	11044	9168	0.00583379	0.5522	0.990947
15	59020000	59040000	10585	75	7523	10668	0.0070855	0.37615	0.99222
15	59040000	59060000	7996	35	10414	8222	0.00437719	0.5207	0.972513
15	59060000	59080000	8695	36	8801	8782	0.00414031	0.44005	0.990093
15	59080000	59100000	6724	32	13385	7749	0.00475907	0.66925	0.867725
15	59100000	59120000	8219	51	14391	8286	0.00620513	0.71955	0.991914
15	59120000	59140000	7500	38	11433	7752	0.00506667	0.57165	0.967492
15	59140000	59160000	7624	55	9395	8303	0.00721406	0.46975	0.918222
15	59160000	59180000	7981	37	10645	8398	0.00463601	0.53225	0.950345
15	59180000	59200000	12014	48	5366	12073	0.00399534	0.2683	0.995113
15	59200000	59220000	9208	54	9343	9295	0.00586447	0.46715	0.99064
15	59220000	59240000	7689	25	13216	7865	0.0032514	0.6608	0.977622
15	59240000	59260000	9062	56	15186	9190	0.00617965	0.7593	0.986072
15	59260000	59280000	8161	37	15564	8233	0.00453376	0.7782	0.991255
15	59280000	59300000	9534	55	12554	9615	0.00576883	0.6277	0.991576
15	59300000	59320000	9070	45	10880	9156	0.00496141	0.544	0.990607
15	59320000	59340000	9306	39	12204	9403	0.00419084	0.6102	0.989684
15	59340000	59360000	11289	58	8149	11397	0.00513774	0.40745	0.990524
15	59360000	59380000	9727	51	8988	9826	0.00524314	0.4494	0.989925
15	59380000	59400000	9886	38	7103	10006	0.00384382	0.35515	0.988007
15	59400000	59420000	9292	37	10174	9416	0.00398192	0.5087	0.986831
15	59420000	59440000	8012	42	9470	9524	0.00524214	0.4735	0.841243
15	59440000	59460000	11834	80	6427	11968	0.00676018	0.32135	0.988803
15	59460000	59480000	10326	76	8324	10427	0.00736006	0.4162	0.990314
15	59480000	59500000	10671	79	6992	10770	0.00740324	0.3496	0.990808
15	59500000	59520000	11295	59	6972	11453	0.00522355	0.3486	0.986204
15	59520000	59540000	11730	79	7152	11864	0.00673487	0.3576	0.988705
15	59540000	59560000	9703	86	10799	9813	0.00886324	0.53995	0.98879
15	59560000	59580000	11975	76	6226	12149	0.00634656	0.3113	0.985678
15	59580000	59600000	12362	87	6503	12493	0.0070377	0.32515	0.989514
15	59600000	59620000	9363	61	9835	9496	0.00651501	0.49175	0.985994
15	59620000	59640000	9912	81	9272	10001	0.00817191	0.4636	0.991101
15	59640000	59660000	7449	48	7100	11565	0.00644382	0.355	0.644099
15	59660000	59680000	8042	58	10540	8545	0.00721214	0.527	0.941135
15	59680000	59700000	10048	87	8444	10163	0.00865844	0.4222	0.988684
15	59700000	59720000	8914	57	11772	9826	0.00639444	0.5886	0.907185
15	59720000	59740000	11173	54	6048	11293	0.00483308	0.3024	0.989374
15	59740000	59760000	8377	51	12887	8450	0.0060881	0.64435	0.991361
15	59760000	59780000	7541	67	12896	7633	0.00888476	0.6448	0.987947
15	59780000	59800000	7318	52	15761	7632	0.00710577	0.78805	0.958857
15	59800000	59820000	9997	77	10927	10068	0.00770231	0.54635	0.992948
15	59820000	59840000	8619	82	12653	8840	0.00951386	0.63265	0.975
15	59840000	59860000	9049	135	14179	9293	0.0149188	0.70895	0.973744
15	59860000	59880000	6985	76	11610	9429	0.0108805	0.5805	0.7408
15	59880000	59900000	6851	84	14473	7359	0.012261	0.72365	0.930969
15	59900000	59920000	7451	63	11428	9492	0.00845524	0.5714	0.784977
15	59920000	59940000	5937	42	12291	7620	0.00707428	0.61455	0.779134
15	59940000	59960000	11540	48	7146	11667	0.00415945	0.3573	0.989115
15	59960000	59980000	9854	54	6326	9955	0.00548001	0.3163	0.989854
15	59980000	60000000	10212	65	7220	10305	0.00636506	0.361	0.990975
15	60000000	60020000	10174	76	8643	10285	0.00747002	0.43215	0.989208
15	60020000	60040000	11644	84	10063	11809	0.00721402	0.50315	0.986028
15	60040000	60060000	9815	72	11349	9954	0.00733571	0.56745	0.986036
15	60060000	60080000	7977	72	11013	8082	0.00902595	0.55065	0.987008
15	60080000	60100000	8526	73	15058	8704	0.00856205	0.7529	0.97955
15	60100000	60120000	11059	66	11367	11185	0.00596799	0.56835	0.988735
15	60120000	60140000	13333	107	7826	13460	0.0080252	0.3913	0.990565
15	60140000	60160000	11937	85	9441	12063	0.00712072	0.47205	0.989555
15	60160000	60180000	9949	59	6691	10664	0.00593024	0.33455	0.932952
15	60180000	60200000	12066	75	6182	12175	0.00621581	0.3091	0.991047
15	60200000	60220000	11121	68	8599	11240	0.00611456	0.42995	0.989413
15	60220000	60240000	13083	102	4765	13211	0.00779638	0.23825	0.990311
15	60240000	60260000	10874	90	13507	11020	0.00827662	0.67535	0.986751
15	60260000	60280000	10319	74	12257	10607	0.00717124	0.61285	0.972848
15	60280000	60300000	12887	56	2675	12959	0.00434546	0.13375	0.994444
15	60300000	60320000	11987	64	7049	12073	0.00533912	0.35245	0.992877
15	60320000	60340000	11781	75	11235	11860	0.00636618	0.56175	0.993339
15	60340000	60360000	11761	78	9797	11878	0.00663209	0.48985	0.99015
15	60360000	60380000	12312	104	5042	12416	0.00844704	0.2521	0.991624
15	60380000	60400000	12624	83	8787	12755	0.00657478	0.43935	0.98973
15	60400000	60420000	11728	65	9566	11816	0.00554229	0.4783	0.992552
15	60420000	60440000	12759	111	10034	12889	0.00869974	0.5017	0.989914
15	60440000	60460000	13259	119	7026	13433	0.00897504	0.3513	0.987047
15	60460000	60480000	11624	86	9832	11764	0.00739849	0.4916	0.988099
15	60480000	60500000	13420	99	6893	13757	0.00737705	0.34465	0.975503
15	60500000	60520000	12075	119	7489	12236	0.00985507	0.37445	0.986842
15	60520000	60540000	9526	80	13487	9661	0.00839807	0.67435	0.986026
15	60540000	60560000	12106	111	9568	12234	0.00916901	0.4784	0.989537
15	60560000	60580000	9357	88	12170	9474	0.00940472	0.6085	0.98765
15	60580000	60600000	9635	89	12271	9793	0.00923716	0.61355	0.983866
15	60600000	60620000	10459	78	8422	11443	0.00745769	0.4211	0.914009
15	60620000	60640000	8611	83	10179	8729	0.00963883	0.50895	0.986482
15	60640000	60660000	11000	84	6056	11131	0.00763636	0.3028	0.988231
15	60660000	60680000	11202	98	6664	11376	0.00874844	0.3332	0.984705
15	60680000	60700000	10558	61	5831	10785	0.00577761	0.29155	0.978952
15	60700000	60720000	8577	44	8764	8938	0.00513	0.4382	0.959611
15	60720000	60740000	9139	42	9134	9261	0.00459569	0.4567	0.986826
15	60740000	60760000	10529	72	10393	10695	0.00683826	0.51965	0.984479
15	60760000	60780000	10819	58	7545	10908	0.00536094	0.37725	0.991841
15	60780000	60800000	12576	57	3796	12751	0.00453244	0.1898	0.986276
15	60800000	60820000	12785	61	7597	12890	0.00477122	0.37985	0.991854
15	60820000	60840000	13922	60	4288	14106	0.00430973	0.2144	0.986956
15	60840000	60860000	11845	64	5726	11949	0.00540312	0.2863	0.991296
15	60860000	60880000	13662	71	5724	13784	0.0051969	0.2862	0.991149
15	60880000	60900000	12645	73	5338	13172	0.00577303	0.2669	0.959991
15	60900000	60920000	13288	70	4347	13398	0.00526791	0.21735	0.99179
15	60920000	60940000	12291	76	7381	12385	0.00618339	0.36905	0.99241
15	60940000	60960000	13876	67	4242	13958	0.00482848	0.2121	0.994125
15	60960000	60980000	12974	65	3925	13100	0.00501002	0.19625	0.990382
15	60980000	61000000	12762	83	6369	12867	0.00650368	0.31845	0.99184
15	61000000	61020000	13090	79	5438	13196	0.00603514	0.2719	0.991967
15	61020000	61040000	14220	94	4793	14323	0.00661041	0.23965	0.992809
15	61040000	61060000	14376	74	5859	14499	0.00514747	0.29295	0.991517
15	61060000	61080000	14642	94	4331	14777	0.00641989	0.21655	0.990864
15	61080000	61100000	14378	89	7439	14498	0.00619001	0.37195	0.991723
15	61100000	61120000	12274	63	9167	12377	0.0051328	0.45835	0.991678
15	61120000	61140000	14050	102	4091	14151	0.00725979	0.20455	0.992863
15	61140000	61160000	12967	96	6535	13339	0.00740341	0.32675	0.972112
15	61160000	61180000	13487	106	4906	13623	0.00785942	0.2453	0.990017
15	61180000	61200000	14333	83	3921	14560	0.00579083	0.19605	0.984409
15	61200000	61220000	13042	82	6343	13161	0.00628738	0.31715	0.990958
15	61220000	61240000	13244	83	6202	13641	0.00626699	0.3101	0.970897
15	61240000	61260000	11066	69	7411	11477	0.00623532	0.37055	0.964189
15	61260000	61280000	12491	81	10497	12756	0.00648467	0.52485	0.979225
15	61280000	61300000	11798	82	7147	11942	0.00695033	0.35735	0.987942
15	61300000	61320000	13500	86	6275	13632	0.00637037	0.31375	0.990317
15	61320000	61340000	13253	62	6583	13359	0.00467819	0.32915	0.992065
15	61340000	61360000	13179	108	4346	13280	0.00819486	0.2173	0.992395
15	61360000	61380000	13019	81	5182	13137	0.00622168	0.2591	0.991018
15	61380000	61400000	14643	98	4618	14778	0.00669262	0.2309	0.990865
15	61400000	61420000	13078	91	6719	13198	0.00695825	0.33595	0.990908
15	61420000	61440000	13705	65	4878	13803	0.00474279	0.2439	0.9929
15	61440000	61460000	14805	82	3811	14939	0.00553867	0.19055	0.99103
15	61460000	61480000	12618	83	7415	12783	0.0065779	0.37075	0.987092
15	61480000	61500000	12995	96	5721	13129	0.00738746	0.28605	0.989794
15	61500000	61520000	13375	67	3741	13770	0.00500935	0.18705	0.971314
15	61520000	61540000	12063	87	8525	12152	0.00721214	0.42625	0.992676
15	61540000	61560000	10660	79	14696	10786	0.00741088	0.7348	0.988318
15	61560000	61580000	12195	70	9977	12422	0.00574006	0.49885	0.981726
15	61580000	61600000	10642	68	12603	11503	0.00638978	0.63015	0.92515
15	61600000	61620000	12277	105	6249	14132	0.00855258	0.31245	0.868738
15	61620000	61640000	11818	109	13238	11956	0.00922322	0.6619	0.988458
15	61640000	61660000	9398	65	14274	9473	0.00691637	0.7137	0.992083
15	61660000	61680000	13974	104	10363	14125	0.00744239	0.51815	0.98931
15	61680000	61700000	13354	89	10343	13497	0.00666467	0.51715	0.989405
15	61700000	61720000	12448	87	11126	12588	0.00698907	0.5563	0.988878
15	61720000	61740000	9880	64	13492	9998	0.00647773	0.6746	0.988198
15	61740000	61760000	12019	84	11151	12127	0.00698893	0.55755	0.991094
15	61760000	61780000	13414	114	7822	13599	0.00849858	0.3911	0.986396
15	61780000	61800000	13324	97	5908	13714	0.0072801	0.2954	0.971562
15	61800000	61820000	13938	95	8254	14064	0.0068159	0.4127	0.991041
15	61820000	61840000	11907	99	10697	12036	0.00831444	0.53485	0.989282
15	61840000	61860000	13388	103	7926	13511	0.00769346	0.3963	0.990896
15	61860000	61880000	10222	70	9606	11601	0.00684797	0.4803	0.881131
15	61880000	61900000	12747	100	8110	12882	0.00784498	0.4055	0.98952
15	61900000	61920000	12393	67	8568	12505	0.00540628	0.4284	0.991044
15	61920000	61940000	14127	89	6298	14259	0.00629999	0.3149	0.990743
15	61940000	61960000	14157	90	6730	14289	0.00635728	0.3365	0.990762
15	61960000	61980000	13745	84	8869	13874	0.00611131	0.44345	0.990702
15	61980000	62000000	13116	63	10745	13220	0.00480329	0.53725	0.992133
15	62000000	62020000	11250	92	10819	11370	0.00817778	0.54095	0.989446
15	62020000	62040000	12897	80	7278	13021	0.00620299	0.3639	0.990477
15	62040000	62060000	14493	80	6248	14627	0.00551991	0.3124	0.990839
15	62060000	62080000	11072	67	13673	11293	0.0060513	0.68365	0.98043
15	62080000	62100000	13077	95	11160	13204	0.00726466	0.558	0.990382
15	62100000	62120000	13480	87	9824	13631	0.00645401	0.4912	0.988922
15	62120000	62140000	13944	68	7716	14094	0.00487665	0.3858	0.989357
15	62140000	62160000	12969	48	6388	13085	0.00370113	0.3194	0.991135
15	62160000	62180000	12377	79	8107	12521	0.00638281	0.40535	0.988499
15	62180000	62200000	6273	86	16423	6347	0.0137095	0.82115	0.988341
15	62200000	62220000	11648	88	6122	11745	0.00755495	0.3061	0.991741
15	62220000	62240000	11653	75	6179	11804	0.00643611	0.30895	0.987208
15	62240000	62260000	12144	72	7125	12295	0.00592885	0.35625	0.987719
15	62260000	62280000	11986	71	9939	12110	0.00592358	0.49695	0.989761
15	62280000	62300000	8473	54	14287	8574	0.00637319	0.71435	0.98822
15	62300000	62320000	9925	44	9425	9993	0.00443325	0.47125	0.993195
15	62320000	62340000	10705	102	7169	11275	0.00952826	0.35845	0.949446
15	62340000	62360000	10481	94	8063	10572	0.00896861	0.40315	0.991392
15	62360000	62380000	10582	73	10075	11079	0.00689851	0.50375	0.95514
15	62380000	62400000	11165	94	9559	11270	0.00841917	0.47795	0.990683
15	62400000	62420000	12491	90	7403	12591	0.00720519	0.37015	0.992058
15	62420000	62440000	10490	68	11134	10574	0.00648236	0.5567	0.992056
15	62440000	62460000	12043	67	8530	12155	0.0055634	0.4265	0.990786
15	62460000	62480000	10601	88	9384	10754	0.0083011	0.4692	0.985773
15	62480000	62500000	6032	60	11660	11331	0.00994695	0.583	0.532345
15	62500000	62520000	7257	76	13185	7354	0.0104726	0.65925	0.98681
15	62520000	62540000	8375	51	4934	10262	0.00608955	0.2467	0.816118
15	62540000	62560000	0	0	5931	6364		0.29655	0
15	62560000	62580000	0	0	8127	6189		0.40635	0
15	62580000	62600000	6548	39	9450	8510	0.00595602	0.4725	0.769448
15	62600000	62620000	9567	80	13474	9674	0.00836208	0.6737	0.988939
15	62620000	62640000	8690	89	11604	8788	0.0102417	0.5802	0.988848
15	62640000	62660000	10373	90	9894	10493	0.00867637	0.4947	0.988564
15	62660000	62680000	9922	56	10045	10091	0.00564402	0.50225	0.983252
15	62680000	62700000	10681	73	8737	10777	0.00683457	0.43685	0.991092
15	62700000	62720000	11139	52	8151	11240	0.00466828	0.40755	0.991014
15	62720000	62740000	11750	79	7469	11869	0.0067234	0.37345	0.989974
15	62740000	62760000	11532	68	6033	11798	0.00589664	0.30165	0.977454
15	62760000	62780000	12242	73	6985	12392	0.00596308	0.34925	0.987895
15	62780000	62800000	12354	74	5987	12463	0.00598996	0.29935	0.991254
15	62800000	62820000	13251	90	4244	13392	0.00679194	0.2122	0.989471
15	62820000	62840000	11069	63	7979	11169	0.00569157	0.39895	0.991047
15	62840000	62860000	11166	67	8480	11273	0.00600036	0.424	0.990508
15	62860000	62880000	12208	79	6388	12352	0.00647117	0.3194	0.988342
15	62880000	62900000	11213	55	9490	11322	0.00490502	0.4745	0.990373
15	62900000	62920000	14020	105	6069	14145	0.0074893	0.30345	0.991163
15	62920000	62940000	12481	110	5017	13080	0.0088134	0.25085	0.954205
15	62940000	62960000	11472	73	7641	11588	0.00636332	0.38205	0.98999
15	62960000	62980000	12140	79	9331	12261	0.00650741	0.46655	0.990131
15	62980000	63000000	12173	105	8652	12469	0.00862565	0.4326	0.976261
15	63000000	63020000	12969	67	5386	13095	0.00516617	0.2693	0.990378
15	63020000	63040000	14136	83	7532	14257	0.00587153	0.3766	0.991513
15	63040000	63060000	14415	86	3170	14532	0.00596601	0.1585	0.991949
15	63060000	63080000	13351	80	5179	13524	0.00599206	0.25895	0.987208
15	63080000	63100000	13173	87	6392	13311	0.00660442	0.3196	0.989633
15	63100000	63120000	13060	88	3660	13180	0.00673813	0.183	0.990895
15	63120000	63140000	13894	116	4444	14146	0.00834893	0.2222	0.982186
15	63140000	63160000	9925	76	10817	10075	0.00765743	0.54085	0.985112
15	63160000	63180000	11895	84	9512	12007	0.00706179	0.4756	0.990672
15	63180000	63200000	12777	130	8175	12907	0.0101745	0.40875	0.989928
15	63200000	63220000	9472	48	11526	9864	0.00506757	0.5763	0.96026
15	63220000	63240000	8554	50	11567	12313	0.00584522	0.57835	0.694713
15	63240000	63260000	0	0	8181	12118		0.40905	0
15	63260000	63280000	11583	76	9294	12387	0.00656134	0.4647	0.935093
15	63280000	63300000	12405	93	8654	12526	0.00749698	0.4327	0.99034
15	63300000	63320000	13263	81	8709	13746	0.00610722	0.43545	0.964863
15	63320000	63340000	13807	66	5503	13907	0.00478018	0.27515	0.992809
15	63340000	63360000	13059	68	2720	13151	0.00520714	0.136	0.993004
15	63360000	63380000	12361	81	5135	12466	0.00655287	0.25675	0.991577
15	63380000	63400000	8516	62	11517	8786	0.00728041	0.57585	0.969269
15	63400000	63420000	9508	36	10251	9687	0.00378629	0.51255	0.981522
15	63420000	63440000	9599	39	11712	9670	0.00406292	0.5856	0.992658
15	63440000	63460000	9214	40	10010	9296	0.00434122	0.5005	0.991179
15	63460000	63480000	10782	30	8433	10851	0.00278242	0.42165	0.993641
15	63480000	63500000	12237	43	6552	12350	0.00351393	0.3276	0.99085
15	63500000	63520000	10351	51	6824	10576	0.00492706	0.3412	0.978725
15	63520000	63540000	10141	52	9295	10195	0.0051277	0.46475	0.994703
15	63540000	63560000	12003	38	6135	12068	0.00316588	0.30675	0.994614
15	63560000	63580000	9396	53	10277	9447	0.0056407	0.51385	0.994601
15	63580000	63600000	11501	64	8389	11598	0.00556473	0.41945	0.991636
15	63600000	63620000	11178	64	9253	11289	0.00572553	0.46265	0.990167
15	63620000	63640000	12374	82	5033	12487	0.0066268	0.25165	0.990951
15	63640000	63660000	12362	75	8191	13564	0.00606698	0.40955	0.911383
15	63660000	63680000	12116	90	7113	12234	0.00742819	0.35565	0.990355
15	63680000	63700000	11012	53	10006	11119	0.00481293	0.5003	0.990377
15	63700000	63720000	10757	85	11916	10857	0.00790183	0.5958	0.990789
15	63720000	63740000	11687	70	10368	11837	0.00598956	0.5184	0.987328
15	63740000	63760000	10454	63	11470	10543	0.0060264	0.5735	0.991558
15	63760000	63780000	10333	63	11095	10437	0.00609697	0.55475	0.990035
15	63780000	63800000	11045	59	6635	12048	0.00534178	0.33175	0.91675
15	63800000	63820000	13295	70	8177	13409	0.00526514	0.40885	0.991498
15	63820000	63840000	12106	45	6139	12189	0.00371717	0.30695	0.993191
15	63840000	63860000	11708	49	7793	11802	0.00418517	0.38965	0.992035
15	63860000	63880000	11100	52	8283	11201	0.00468468	0.41415	0.990983
15	63880000	63900000	12288	74	4255	13271	0.00602214	0.21275	0.925929
15	63900000	63920000	9386	50	8675	9447	0.00532708	0.43375	0.993543
15	63920000	63940000	12710	72	5633	12797	0.00566483	0.28165	0.993202
15	63940000	63960000	12386	66	6825	12485	0.0053286	0.34125	0.99207
15	63960000	63980000	11800	60	10790	11896	0.00508475	0.5395	0.99193
15	63980000	64000000	10632	54	7616	10692	0.00507901	0.3808	0.994388
15	64000000	64020000	11711	74	8294	12075	0.00631885	0.4147	0.969855
15	64020000	64040000	9177	68	13560	9248	0.00740983	0.678	0.992323
15	64040000	64060000	10123	59	9658	10310	0.00582831	0.4829	0.981862
15	64060000	64080000	9694	55	12489	9780	0.00567361	0.62445	0.991207
15	64080000	64100000	9438	64	12343	9920	0.0067811	0.61715	0.951411
15	64100000	64120000	10176	73	11094	10260	0.00717374	0.5547	0.991813
15	64120000	64140000	9141	63	11152	9233	0.00689202	0.5576	0.990036
15	64140000	64160000	8640	50	13441	8962	0.00578704	0.67205	0.964071
15	64160000	64180000	10649	60	8959	10715	0.00563433	0.44795	0.99384
15	64180000	64200000	11818	66	7960	12259	0.0055847	0.398	0.964026
15	64200000	64220000	13053	92	6212	13170	0.00704819	0.3106	0.991116
15	64220000	64240000	11246	66	10718	11323	0.00586875	0.5359	0.9932
15	64240000	64260000	3335	25	17365	3394	0.00749625	0.86825	0.982616
15	64260000	64280000	12099	73	8925	12205	0.00603356	0.44625	0.991315
15	64280000	64300000	11559	73	8161	12187	0.00631543	0.40805	0.94847
15	64300000	64320000	14070	52	8253	14178	0.00369581	0.41265	0.992383
15	64320000	64340000	11934	74	8474	12049	0.00620077	0.4237	0.990456
15	64340000	64360000	9172	49	12600	9330	0.00534235	0.63	0.983065
15	64360000	64380000	7843	55	13350	7899	0.00701262	0.6675	0.99291
15	64380000	64400000	9730	48	9377	9949	0.0049332	0.46885	0.977988
15	64400000	64420000	10250	55	8976	10332	0.00536585	0.4488	0.992063
15	64420000	64440000	11836	43	6338	11916	0.00363298	0.3169	0.993286
15	64440000	64460000	10721	42	5959	10807	0.00391755	0.29795	0.992042
15	64460000	64480000	11727	32	5383	11797	0.00272875	0.26915	0.994066
15	64480000	64500000	9712	32	7690	9766	0.00329489	0.3845	0.994471
15	64500000	64520000	9626	31	8608	9668	0.00322044	0.4304	0.995656
15	64520000	64540000	8230	37	12729	8295	0.00449575	0.63645	0.992164
15	64540000	64560000	8464	32	10816	8539	0.00378072	0.5408	0.991217
15	64560000	64580000	7171	30	14025	7217	0.00418352	0.70125	0.993626
15	64580000	64600000	8259	24	11185	8400	0.00290592	0.55925	0.983214
15	64600000	64620000	5691	30	13143	6268	0.00527148	0.65715	0.907945
15	64620000	64640000	6833	20	14211	6880	0.00292697	0.71055	0.993169
15	64640000	64660000	6612	18	9912	6924	0.00272232	0.4956	0.954939
15	64660000	64680000	6705	32	10434	6856	0.00477256	0.5217	0.977975
15	64680000	64700000	7059	34	11661	7114	0.00481655	0.58305	0.992269
15	64700000	64720000	8242	42	10400	8329	0.00509585	0.52	0.989555
15	64720000	64740000	8039	34	10564	8277	0.00422938	0.5282	0.971246
15	64740000	64760000	10370	29	6098	10429	0.00279653	0.3049	0.994343
15	64760000	64780000	6946	28	12772	7392	0.0040311	0.6386	0.939665
15	64780000	64800000	9965	38	8073	11023	0.00381335	0.40365	0.904019
15	64800000	64820000	9584	33	9806	10046	0.00344324	0.4903	0.954012
15	64820000	64840000	6739	32	13525	6913	0.00474848	0.67625	0.97483
15	64840000	64860000	7285	52	12052	7381	0.00713795	0.6026	0.986994
15	64860000	64880000	8237	123	13348	8371	0.0149326	0.6674	0.983992
15	64880000	64900000	7157	54	12384	7694	0.00754506	0.6192	0.930205
15	64900000	64920000	7355	37	10741	7399	0.00503059	0.53705	0.994053
15	64920000	64940000	8443	32	11315	8501	0.00379012	0.56575	0.993177
15	64940000	64960000	7927	29	11781	8592	0.00365838	0.58905	0.922602
15	64960000	64980000	11433	37	5620	11490	0.00323625	0.281	0.995039
15	64980000	65000000	10316	35	6010	11149	0.00339279	0.3005	0.925285
15	65000000	65020000	4989	28	15693	5326	0.00561235	0.78465	0.936725
15	65020000	65040000	10090	52	7628	10260	0.00515362	0.3814	0.983431
15	65040000	65060000	9743	45	7649	9809	0.0046187	0.38245	0.993271
15	65060000	65080000	8326	45	10384	8403	0.00540476	0.5192	0.990837
15	65080000	65100000	5168	30	15302	5220	0.00580495	0.7651	0.990038
15	65100000	65120000	10022	35	8831	10113	0.00349232	0.44155	0.991002
15	65120000	65140000	7110	26	11647	7953	0.00365682	0.58235	0.894002
15	65140000	65160000	12404	42	5946	12673	0.003386	0.2973	0.978774
15	65160000	65180000	9331	40	11839	9470	0.00428679	0.59195	0.985322
15	65180000	65200000	10758	46	11425	10831	0.00427589	0.57125	0.99326
15	65200000	65220000	11268	50	10605	11394	0.00443734	0.53025	0.988942
15	65220000	65240000	10529	66	10931	10618	0.0062684	0.54655	0.991618
15	65240000	65260000	8369	43	11942	8452	0.00513801	0.5971	0.99018
15	65260000	65280000	7814	39	10695	7880	0.00499104	0.53475	0.991624
15	65280000	65300000	8307	59	9767	8667	0.00710244	0.48835	0.958463
15	65300000	65320000	9088	43	13029	9406	0.00473151	0.65145	0.966192
15	65320000	65340000	9561	55	10388	9684	0.00575254	0.5194	0.987299
15	65340000	65360000	12768	63	5903	12862	0.00493421	0.29515	0.992692
15	65360000	65380000	12097	46	7970	12247	0.0038026	0.3985	0.987752
15	65380000	65400000	11934	33	8077	12019	0.00276521	0.40385	0.992928
15	65400000	65420000	9226	27	11836	9303	0.00292651	0.5918	0.991723
15	65420000	65440000	5317	22	15264	5623	0.00413767	0.7632	0.945581
15	65440000	65460000	10984	28	6354	11083	0.00254916	0.3177	0.991067
15	65460000	65480000	6696	32	11968	6813	0.00477897	0.5984	0.982827
15	65480000	65500000	11615	37	9074	11814	0.00318554	0.4537	0.983156
15	65500000	65520000	10562	56	9514	10663	0.00530203	0.4757	0.990528
15	65520000	65540000	7452	28	15238	7545	0.00375738	0.7619	0.987674
15	65540000	65560000	10686	64	8079	10783	0.00598914	0.40395	0.991004
15	65560000	65580000	10008	43	10817	10117	0.00429656	0.54085	0.989226
15	65580000	65600000	7085	67	15286	7346	0.0094566	0.7643	0.96447
15	65600000	65620000	6643	43	13383	6928	0.00647298	0.66915	0.958863
15	65620000	65640000	12073	43	4711	12549	0.00356167	0.23555	0.962069
15	65640000	65660000	7449	21	11330	7503	0.00281917	0.5665	0.992803
15	65660000	65680000	12270	38	4889	13077	0.00309698	0.24445	0.938289
15	65680000	65700000	12149	49	7530	12227	0.00403325	0.3765	0.993621
15	65700000	65720000	10339	39	9772	11361	0.00377212	0.4886	0.910043
15	65720000	65740000	9301	41	10166	9628	0.00440813	0.5083	0.966037
15	65740000	65760000	7408	33	11511	7471	0.00445464	0.57555	0.991567
15	65760000	65780000	5662	20	11675	5747	0.00353232	0.58375	0.98521
15	65780000	65800000	6402	24	13163	6439	0.00374883	0.65815	0.994254
15	65800000	65820000	7420	30	11170	7500	0.00404313	0.5585	0.989333
15	65820000	65840000	8143	29	15073	8451	0.00356134	0.75365	0.963555
15	65840000	65860000	9500	52	11214	9570	0.00547368	0.5607	0.992685
15	65860000	65880000	11442	43	9277	11592	0.00375808	0.46385	0.98706
15	65880000	65900000	10222	43	8823	10292	0.00420661	0.44115	0.993199
15	65900000	65920000	10621	33	7501	11030	0.00310705	0.37505	0.962919
15	65920000	65940000	10863	32	9054	12251	0.00294578	0.4527	0.886703
15	65940000	65960000	10416	40	6800	11701	0.00384025	0.34	0.89018
15	65960000	65980000	9114	32	13231	9185	0.00351108	0.66155	0.99227
15	65980000	66000000	12023	34	7899	12127	0.00282791	0.39495	0.991424
15	66000000	66020000	9546	47	9890	9619	0.00492353	0.4945	0.992411
15	66020000	66040000	10068	28	10364	10148	0.00278109	0.5182	0.992117
15	66040000	66060000	8835	44	13400	8881	0.00498019	0.67	0.99482
15	66060000	66080000	8386	26	11234	8466	0.00310041	0.5617	0.99055
15	66080000	66100000	8742	36	7227	8921	0.00411805	0.36135	0.979935
15	66100000	66120000	5301	28	14528	5891	0.00528202	0.7264	0.899847
15	66120000	66140000	6926	26	12400	7450	0.00375397	0.62	0.929664
15	66140000	66160000	6993	26	15336	7343	0.003718	0.7668	0.952336
15	66160000	66180000	9690	33	7237	9760	0.00340557	0.36185	0.992828
15	66180000	66200000	11928	66	3695	11998	0.0055332	0.18475	0.994166
15	66200000	66220000	13938	56	4448	14166	0.00401779	0.2224	0.983905
15	66220000	66240000	12901	89	8914	13117	0.00689869	0.4457	0.983533
15	66240000	66260000	13247	74	7874	13384	0.00558617	0.3937	0.989764
15	66260000	66280000	12050	80	9453	12139	0.006639	0.47265	0.992668
15	66280000	66300000	13075	77	8004	13176	0.0058891	0.4002	0.992335
15	66300000	66320000	12356	85	7557	12472	0.00687925	0.37785	0.990699
15	66320000	66340000	12821	103	10187	12970	0.00803369	0.50935	0.988512
15	66340000	66360000	13944	101	6508	14095	0.00724326	0.3254	0.989287
15	66360000	66380000	11730	96	9746	11852	0.00818414	0.4873	0.989706
15	66380000	66400000	13549	83	6462	13722	0.00612591	0.3231	0.987393
15	66400000	66420000	14165	98	8478	14296	0.00691846	0.4239	0.990837
15	66420000	66440000	14757	91	5555	14875	0.00616657	0.27775	0.992067
15	66440000	66460000	14158	98	6761	14280	0.00692188	0.33805	0.991457
15	66460000	66480000	12409	82	8039	12528	0.00660811	0.40195	0.990501
15	66480000	66500000	899	4	11497	10789	0.00444939	0.57485	0.0833256
15	66500000	66520000	8014	54	11021	11148	0.00673821	0.55105	0.718873
15	66520000	66540000	13787	104	7980	13915	0.00754334	0.399	0.990801
15	66540000	66560000	11981	69	7441	12140	0.00575912	0.37205	0.986903
15	66560000	66580000	9808	68	10637	9885	0.00693312	0.53185	0.99221
15	66580000	66600000	9507	79	8982	9632	0.00830967	0.4491	0.987022
15	66600000	66620000	10820	55	9080	11056	0.00508318	0.454	0.978654
15	66620000	66640000	7215	31	11500	7508	0.0042966	0.575	0.960975
15	66640000	66660000	4855	29	13713	5038	0.00597322	0.68565	0.963676
15	66660000	66680000	3497	28	13668	5118	0.00800686	0.6834	0.683275
15	66680000	66700000	9971	54	9887	10169	0.00541571	0.49435	0.980529
15	66700000	66720000	9497	50	9188	9777	0.00526482	0.4594	0.971361
15	66720000	66740000	9474	62	9369	9559	0.00654423	0.46845	0.991108
15	66740000	66760000	7269	51	14187	7507	0.0070161	0.70935	0.968296
15	66760000	66780000	9366	43	10311	9435	0.00459107	0.51555	0.992687
15	66780000	66800000	10127	54	4391	10571	0.00533228	0.21955	0.957998
15	66800000	66820000	7699	40	11265	8650	0.00519548	0.56325	0.890058
15	66820000	66840000	9221	38	11216	9341	0.00412103	0.5608	0.987153
15	66840000	66860000	10770	47	8100	10837	0.00436397	0.405	0.993817
15	66860000	66880000	7985	49	12858	8775	0.00613651	0.6429	0.909972
15	66880000	66900000	10955	71	10942	11113	0.00648106	0.5471	0.985782
15	66900000	66920000	10213	55	9999	10642	0.00538529	0.49995	0.959688
15	66920000	66940000	12664	84	8911	12851	0.00663298	0.44555	0.985449
15	66940000	66960000	11416	58	10544	11522	0.00508059	0.5272	0.9908
15	66960000	66980000	11967	51	11483	12552	0.00426172	0.57415	0.953394
15	66980000	67000000	10667	53	8545	10758	0.00496859	0.42725	0.991541
15	67000000	67020000	13378	78	6157	13533	0.00583047	0.30785	0.988547
15	67020000	67040000	12572	80	9533	12829	0.00636335	0.47665	0.979967
15	67040000	67060000	13558	60	5620	13654	0.00442543	0.281	0.992969
15	67060000	67080000	13539	79	5967	13701	0.005835	0.29835	0.988176
15	67080000	67100000	10695	83	12324	10817	0.00776064	0.6162	0.988721
15	67100000	67120000	9765	91	10849	10414	0.009319	0.54245	0.93768
15	67120000	67140000	11529	83	11393	11635	0.00719924	0.56965	0.99089
15	67140000	67160000	11709	93	8780	11871	0.00794261	0.439	0.986353
15	67160000	67180000	12486	88	11978	12644	0.00704789	0.5989	0.987504
15	67180000	67200000	7850	66	13502	7974	0.00840764	0.6751	0.984449
15	67200000	67220000	13607	101	9460	13734	0.00742265	0.473	0.990753
15	67220000	67240000	12261	104	10699	12366	0.00848218	0.53495	0.991509
15	67240000	67260000	11569	90	11894	11702	0.00777941	0.5947	0.988634
15	67260000	67280000	6551	36	15452	6608	0.00549534	0.7726	0.991374
15	67280000	67300000	8563	58	15332	8640	0.00677333	0.7666	0.991088
15	67300000	67320000	10936	67	11153	11024	0.00612655	0.55765	0.992017
15	67320000	67340000	10243	72	10863	10700	0.00702919	0.54315	0.95729
15	67340000	67360000	10615	57	9651	10685	0.00536976	0.48255	0.993449
15	67360000	67380000	12601	68	6063	12923	0.0053964	0.30315	0.975083
15	67380000	67400000	13413	95	6328	13941	0.00708268	0.3164	0.962126
15	67400000	67420000	12094	71	7971	12195	0.00587068	0.39855	0.991718
15	67420000	67440000	13179	78	6148	13291	0.00591851	0.3074	0.991573
15	67440000	67460000	12044	88	7535	12262	0.00730654	0.37675	0.982221
15	67460000	67480000	13757	88	4603	13827	0.00639674	0.23015	0.994937
15	67480000	67500000	13464	45	5246	13548	0.00334225	0.2623	0.9938
15	67500000	67520000	12425	51	9483	12474	0.00410463	0.47415	0.996072
15	67520000	67540000	10476	38	7375	10589	0.00362734	0.36875	0.989329
15	67540000	67560000	11648	39	7679	11952	0.00334821	0.38395	0.974565
15	67560000	67580000	7260	29	16191	7321	0.00399449	0.80955	0.991668
15	67580000	67600000	12256	49	11194	12353	0.00399804	0.5597	0.992148
15	67600000	67620000	11614	47	9365	11687	0.00404684	0.46825	0.993754
15	67620000	67640000	11456	42	12253	12853	0.0036662	0.61265	0.891309
15	67640000	67660000	10643	37	11755	10720	0.00347646	0.58775	0.992817
15	67660000	67680000	12807	39	3984	12901	0.00304521	0.1992	0.992714
15	67680000	67700000	13397	40	4994	13487	0.00298574	0.2497	0.993327
15	67700000	67720000	12235	50	7956	12324	0.00408664	0.3978	0.992778
15	67720000	67740000	6355	27	13380	6396	0.00424862	0.669	0.99359
15	67740000	67760000	9055	28	11485	9114	0.00309221	0.57425	0.993526
15	67760000	67780000	11164	23	10907	11474	0.00206019	0.54535	0.972982
15	67780000	67800000	11010	33	9661	11077	0.00299728	0.48305	0.993951
15	67800000	67820000	10537	51	7568	10627	0.00484009	0.3784	0.991531
15	67820000	67840000	9542	36	9949	9643	0.00377279	0.49745	0.989526
15	67840000	67860000	12360	67	7171	12451	0.00542071	0.35855	0.992691
15	67860000	67880000	11260	53	8142	11400	0.00470693	0.4071	0.987719
15	67880000	67900000	11901	35	5278	11986	0.00294093	0.2639	0.992908
15	67900000	67920000	11074	48	8823	11774	0.00433448	0.44115	0.940547
15	67920000	67940000	9710	50	10974	9783	0.00514933	0.5487	0.992538
15	67940000	67960000	10747	61	10534	10814	0.005676	0.5267	0.993804
15	67960000	67980000	11138	73	10650	11226	0.00655414	0.5325	0.992161
15	67980000	68000000	12456	50	7948	12548	0.00401413	0.3974	0.992668
15	68000000	68020000	12292	55	6623	12425	0.00447445	0.33115	0.989296
15	68020000	68040000	13471	51	4642	13537	0.00378591	0.2321	0.995124
15	68040000	68060000	12371	43	6158	12449	0.00347587	0.3079	0.993734
15	68060000	68080000	14870	45	2832	14958	0.00302623	0.1416	0.994117
15	68080000	68100000	13880	63	6270	13970	0.0045389	0.3135	0.993558
15	68100000	68120000	12213	47	6706	12332	0.00384836	0.3353	0.99035
15	68120000	68140000	12042	62	3741	12602	0.00514865	0.18705	0.955563
15	68140000	68160000	7730	49	14203	9234	0.00633894	0.71015	0.837124
15	68160000	68180000	9575	46	14340	9695	0.00480418	0.717	0.987622
15	68180000	68200000	9193	59	17804	9276	0.00641793	0.8902	0.991052
15	68200000	68220000	9463	74	14626	9546	0.00781993	0.7313	0.991305
15	68220000	68240000	10352	65	11947	11307	0.00627898	0.59735	0.915539
15	68240000	68260000	9155	52	14108	9239	0.00567996	0.7054	0.990908
15	68260000	68280000	9627	56	12540	9712	0.00581697	0.627	0.991248
15	68280000	68300000	10605	72	11187	10788	0.00678925	0.55935	0.983037
15	68300000	68320000	8866	57	11754	9472	0.00642905	0.5877	0.936022
15	68320000	68340000	7576	38	17735	7633	0.00501584	0.88675	0.992532
15	68340000	68360000	9819	53	11398	9913	0.0053977	0.5699	0.990518
15	68360000	68380000	11133	60	10109	11399	0.00538938	0.50545	0.976665
15	68380000	68400000	10052	53	10844	10131	0.00527258	0.5422	0.992202
15	68400000	68420000	10328	59	13861	10413	0.00571263	0.69305	0.991837
15	68420000	68440000	9925	43	9366	10013	0.00433249	0.4683	0.991211
15	68440000	68460000	11781	55	10243	11847	0.00466853	0.51215	0.994429
15	68460000	68480000	9485	49	9143	9548	0.00516605	0.45715	0.993402
15	68480000	68500000	13026	91	4048	13170	0.00698603	0.2024	0.989066
15	68500000	68520000	9864	74	9612	10246	0.00750203	0.4806	0.962717
15	68520000	68540000	8600	59	14712	8674	0.00686047	0.7356	0.991469
15	68540000	68560000	7084	37	16322	7169	0.00522304	0.8161	0.988143
15	68560000	68580000	10779	55	9690	11022	0.00510251	0.4845	0.977953
15	68580000	68600000	12761	55	5220	12957	0.00431001	0.261	0.984873
15	68600000	68620000	13662	108	6201	13814	0.00790514	0.31005	0.988997
15	68620000	68640000	14652	104	4482	14791	0.00709801	0.2241	0.990602
15	68640000	68660000	12406	95	7241	12539	0.00765759	0.36205	0.989393
15	68660000	68680000	12949	75	7182	13479	0.00579195	0.3591	0.96068
15	68680000	68700000	10204	69	13432	11073	0.00676205	0.6716	0.921521
15	68700000	68720000	14059	115	7501	14251	0.00817981	0.37505	0.986527
15	68720000	68740000	13763	105	8303	13929	0.00762915	0.41515	0.988082
15	68740000	68760000	12453	80	13859	12556	0.00642415	0.69295	0.991797
15	68760000	68780000	12389	85	11923	12536	0.00686093	0.59615	0.988274
15	68780000	68800000	11709	83	10063	12216	0.00708856	0.50315	0.958497
15	68800000	68820000	11946	61	12779	12109	0.00510631	0.63895	0.986539
15	68820000	68840000	12087	58	11800	12202	0.00479854	0.59	0.990575
15	68840000	68860000	12863	83	10016	13016	0.00645262	0.5008	0.988245
15	68860000	68880000	11812	60	7962	12054	0.00507958	0.3981	0.979924
15	68880000	68900000	13378	75	7709	13491	0.00560622	0.38545	0.991624
15	68900000	68920000	12748	77	8734	12853	0.00604016	0.4367	0.991831
15	68920000	68940000	13994	76	8245	14457	0.0054309	0.41225	0.967974
15	68940000	68960000	10931	64	11925	11022	0.00585491	0.59625	0.991744
15	68960000	68980000	12223	77	8714	12349	0.0062996	0.4357	0.989797
15	68980000	69000000	10543	50	9680	10972	0.00474248	0.484	0.9609
15	69000000	69020000	12214	59	9613	12340	0.00483052	0.48065	0.989789
15	69020000	69040000	9710	47	13039	9840	0.00484037	0.65195	0.986789
15	69040000	69060000	6926	41	15850	7024	0.00591972	0.7925	0.986048
15	69060000	69080000	11047	73	8151	11793	0.00660813	0.40755	0.936742
15	69080000	69100000	12856	87	6249	13318	0.00676727	0.31245	0.96531
15	69100000	69120000	11492	55	5105	11952	0.00478594	0.25525	0.961513
15	69120000	69140000	9633	47	11043	9761	0.00487906	0.55215	0.986887
15	69140000	69160000	9477	70	14315	9555	0.0073863	0.71575	0.991837
15	69160000	69180000	10124	55	11990	10234	0.00543264	0.5995	0.989252
15	69180000	69200000	10551	54	14635	10651	0.005118	0.73175	0.990611
15	69200000	69220000	8771	46	13616	9534	0.00524456	0.6808	0.919971
15	69220000	69240000	11651	23	9027	12146	0.00197408	0.45135	0.959246
15	69240000	69260000	7195	45	18994	7238	0.00625434	0.9497	0.994059
15	69260000	69280000	10568	50	16241	10640	0.00473126	0.81205	0.993233
15	69280000	69300000	9439	46	13614	9520	0.0048734	0.6807	0.991492
15	69300000	69320000	11644	46	9443	11725	0.00395053	0.47215	0.993092
15	69320000	69340000	13030	51	9674	13125	0.00391404	0.4837	0.992762
15	69340000	69360000	13824	71	6784	13930	0.005136	0.3392	0.992391
15	69360000	69380000	11831	72	9314	11939	0.00608571	0.4657	0.990954
15	69380000	69400000	14341	77	9480	14466	0.00536922	0.474	0.991359
15	69400000	69420000	12721	80	9494	12854	0.00628881	0.4747	0.989653
15	69420000	69440000	12910	73	9518	13085	0.00565453	0.4759	0.986626
15	69440000	69460000	12243	55	6592	12330	0.00449236	0.3296	0.992944
15	69460000	69480000	10873	46	12563	10929	0.00423066	0.62815	0.994876
15	69480000	69500000	11904	34	13237	12022	0.00285618	0.66185	0.990185
15	69500000	69520000	11940	38	12385	12001	0.00318258	0.61925	0.994917
15	69520000	69540000	10248	25	10921	10361	0.0024395	0.54605	0.989094
15	69540000	69560000	11953	39	9440	12036	0.00326278	0.472	0.993104
15	69560000	69580000	11784	55	6769	11853	0.00466735	0.33845	0.994179
15	69580000	69600000	11992	97	7082	12120	0.00808873	0.3541	0.989439
15	69600000	69620000	11657	77	8715	11776	0.00660547	0.43575	0.989895
15	69620000	69640000	5651	40	16167	5710	0.00707839	0.80835	0.989667
15	69640000	69660000	10080	57	14731	10215	0.00565476	0.73655	0.986784
15	69660000	69680000	10886	92	10238	11028	0.00845122	0.5119	0.987124
15	69680000	69700000	12965	78	5970	13089	0.0060162	0.2985	0.990526
15	69700000	69720000	11710	44	8900	11757	0.00375747	0.445	0.996002
15	69720000	69740000	11234	43	6496	11306	0.00382767	0.3248	0.993632
15	69740000	69760000	7421	51	8372	7934	0.00687239	0.4186	0.935342
15	69760000	69780000	10389	83	10246	11317	0.00798922	0.5123	0.917999
15	69780000	69800000	11904	65	10417	12025	0.00546035	0.52085	0.989938
15	69800000	69820000	11039	60	12901	11168	0.00543527	0.64505	0.988449
15	69820000	69840000	13480	79	9268	13580	0.00586053	0.4634	0.992636
15	69840000	69860000	13033	73	8819	13149	0.00560117	0.44095	0.991178
15	69860000	69880000	12823	75	7906	13236	0.00584887	0.3953	0.968797
15	69880000	69900000	14157	103	7847	14291	0.00727555	0.39235	0.990623
15	69900000	69920000	8846	43	11520	8939	0.00486095	0.576	0.989596
15	69920000	69940000	11268	54	13208	12053	0.00479233	0.6604	0.934871
15	69940000	69960000	11887	86	11157	13315	0.00723479	0.55785	0.892753
15	69960000	69980000	11294	60	9288	11409	0.00531256	0.4644	0.98992
15	69980000	70000000	13456	92	10820	13579	0.0068371	0.541	0.990942
15	70000000	70020000	12078	65	9798	12179	0.00538169	0.4899	0.991707
15	70020000	70040000	13361	72	8710	13530	0.00538882	0.4355	0.987509
15	70040000	70060000	12550	72	10202	12641	0.00573705	0.5101	0.992801
15	70060000	70080000	8528	67	15860	8619	0.00785647	0.793	0.989442
15	70080000	70100000	14632	124	5996	14808	0.00847458	0.2998	0.988115
15	70100000	70120000	13621	87	6594	13733	0.0063872	0.3297	0.991844
15	70120000	70140000	10907	77	8027	13450	0.00705969	0.40135	0.810929
15	70140000	70160000	14098	93	6152	14276	0.00659668	0.3076	0.987532
15	70160000	70180000	13825	64	6185	13926	0.00462929	0.30925	0.992747
15	70180000	70200000	13787	72	7793	13898	0.00522231	0.38965	0.992013
15	70200000	70220000	14437	76	7892	14533	0.00526425	0.3946	0.993394
15	70220000	70240000	11576	66	11360	11668	0.00570145	0.568	0.992115
15	70240000	70260000	11783	77	12160	11898	0.00653484	0.608	0.990335
15	70260000	70280000	14284	109	6474	14411	0.00763092	0.3237	0.991187
15	70280000	70300000	13205	95	9321	13437	0.00719424	0.46605	0.982734
15	70300000	70320000	14259	89	7158	14405	0.00624167	0.3579	0.989865
15	70320000	70340000	13975	56	9531	14091	0.00400716	0.47655	0.991768
15	70340000	70360000	14252	75	3256	14336	0.00526242	0.1628	0.994141
15	70360000	70380000	14364	63	4020	15100	0.00438596	0.201	0.951258
15	70380000	70400000	10879	42	3800	12003	0.00386065	0.19	0.906357
15	70400000	70420000	11724	62	10282	12048	0.0052883	0.5141	0.973108
15	70420000	70440000	12443	65	8279	12567	0.00522382	0.41395	0.990133
15	70440000	70460000	13565	82	8464	13677	0.00604497	0.4232	0.991811
15	70460000	70480000	12648	81	10443	12850	0.00640417	0.52215	0.98428
15	70480000	70500000	14614	108	5457	14749	0.00739017	0.27285	0.990847
15	70500000	70520000	14038	72	8248	14294	0.00512894	0.4124	0.98209
15	70520000	70540000	11678	80	9741	13295	0.00685049	0.48705	0.878375
15	70540000	70560000	14090	95	5735	14370	0.00674237	0.28675	0.980515
15	70560000	70580000	11842	62	9869	13191	0.0052356	0.49345	0.897733
15	70580000	70600000	12959	101	11470	13106	0.00779381	0.5735	0.988784
15	70600000	70620000	12966	94	10384	13104	0.00724973	0.5192	0.989469
15	70620000	70640000	12975	63	10887	13079	0.00485549	0.54435	0.992048
15	70640000	70660000	11716	74	9881	11806	0.00631615	0.49405	0.992377
15	70660000	70680000	9996	71	9391	10078	0.00710284	0.46955	0.991863
15	70680000	70700000	12789	75	8545	12897	0.00586441	0.42725	0.991626
15	70700000	70720000	13596	85	7350	13957	0.00625184	0.3675	0.974135
15	70720000	70740000	13529	54	6657	13632	0.00399143	0.33285	0.992444
15	70740000	70760000	11189	56	10741	11488	0.00500492	0.53705	0.973973
15	70760000	70780000	12391	93	7683	12995	0.00750545	0.38415	0.953521
15	70780000	70800000	13333	83	5589	14828	0.00622516	0.27945	0.899177
15	70800000	70820000	11753	76	7885	11847	0.00646643	0.39425	0.992066
15	70820000	70840000	10738	86	9212	13286	0.00800894	0.4606	0.808219
15	70840000	70860000	7486	45	13133	11611	0.00601122	0.65665	0.644733
15	70860000	70880000	11351	70	10150	12143	0.00616686	0.5075	0.934777
15	70880000	70900000	10830	62	12645	11311	0.00572484	0.63225	0.957475
15	70900000	70920000	8720	46	15574	8802	0.00527523	0.7787	0.990684
15	70920000	70940000	11780	55	8382	12928	0.00466893	0.4191	0.9112
15	70940000	70960000	11477	30	7663	11571	0.00261392	0.38315	0.991876
15	70960000	70980000	12158	32	5482	12268	0.00263201	0.2741	0.991034
15	70980000	71000000	13164	42	6679	13257	0.00319052	0.33395	0.992985
15	71000000	71020000	11703	43	10189	11864	0.00367427	0.50945	0.98643
15	71020000	71040000	5739	24	13378	5984	0.00418191	0.6689	0.959057
15	71040000	71060000	8796	39	8288	9931	0.00443383	0.4144	0.885711
15	71060000	71080000	9713	51	11757	10212	0.00525069	0.58785	0.951136
15	71080000	71100000	9850	62	9666	9953	0.00629442	0.4833	0.989651
15	71100000	71120000	9626	73	10153	9699	0.00758363	0.50765	0.992473
15	71120000	71140000	10915	62	10738	10985	0.00568026	0.5369	0.993628
15	71140000	71160000	9906	62	9726	9979	0.00625883	0.4863	0.992685
15	71160000	71180000	11046	50	11292	11121	0.00452653	0.5646	0.993256
15	71180000	71200000	13626	50	6146	13706	0.00366946	0.3073	0.994163
15	71200000	71220000	11548	35	11931	11605	0.00303083	0.59655	0.995088
15	71220000	71240000	10645	33	10004	10733	0.00310005	0.5002	0.991801
15	71240000	71260000	10572	36	13666	10635	0.00340522	0.6833	0.994076
15	71260000	71280000	6424	17	13987	6462	0.00264633	0.69935	0.994119
15	71280000	71300000	8636	40	13505	8709	0.00463177	0.67525	0.991618
15	71300000	71320000	10638	36	12707	10723	0.00338409	0.63535	0.992073
15	71320000	71340000	5425	20	15605	6066	0.00368664	0.78025	0.894329
15	71340000	71360000	3282	12	12397	9864	0.00365631	0.61985	0.332725
15	71360000	71380000	12009	50	10153	12075	0.00416354	0.50765	0.994534
15	71380000	71400000	9896	61	13545	9962	0.00616411	0.67725	0.993375
15	71400000	71420000	13651	82	5560	13760	0.00600689	0.278	0.992078
15	71420000	71440000	12876	58	8506	12965	0.0045045	0.4253	0.993135
15	71440000	71460000	9827	49	11803	9905	0.00498626	0.59015	0.992125
15	71460000	71480000	8412	65	13439	8522	0.00772706	0.67195	0.987092
15	71480000	71500000	12332	70	5907	13230	0.00567629	0.29535	0.932124
15	71500000	71520000	12059	71	9161	12157	0.00588772	0.45805	0.991939
15	71520000	71540000	12672	70	7623	12764	0.00552399	0.38115	0.992792
15	71540000	71560000	10554	59	9878	10627	0.0055903	0.4939	0.993131
15	71560000	71580000	9899	52	9151	10349	0.00525306	0.45755	0.956518
15	71580000	71600000	13337	61	8567	13442	0.00457374	0.42835	0.992189
15	71600000	71620000	11190	66	10388	11294	0.00589812	0.5194	0.990792
15	71620000	71640000	12671	92	6356	12911	0.00726067	0.3178	0.981411
15	71640000	71660000	13728	106	8500	13842	0.00772145	0.425	0.991764
15	71660000	71680000	9762	60	13073	9869	0.00614628	0.65365	0.989158
15	71680000	71700000	11305	63	11043	11401	0.00557276	0.55215	0.99158
15	71700000	71720000	8652	70	12491	8735	0.00809061	0.62455	0.990498
15	71720000	71740000	11047	59	14680	11166	0.00534082	0.734	0.989343
15	71740000	71760000	12556	89	7480	12673	0.00708824	0.374	0.990768
15	71760000	71780000	12202	105	8660	12281	0.00860515	0.433	0.993567
15	71780000	71800000	12667	91	8917	12764	0.00718402	0.44585	0.992401
15	71800000	71820000	14262	100	7352	14426	0.00701164	0.3676	0.988632
15	71820000	71840000	12265	84	12464	12357	0.00684876	0.6232	0.992555
15	71840000	71860000	11724	88	11059	11833	0.00750597	0.55295	0.990788
15	71860000	71880000	10589	61	12126	10697	0.0057607	0.6063	0.989904
15	71880000	71900000	10641	84	9440	10813	0.00789399	0.472	0.984093
15	71900000	71920000	13404	81	7268	13497	0.00604297	0.3634	0.99311
15	71920000	71940000	11874	74	7567	12105	0.0062321	0.37835	0.980917
15	71940000	71960000	11319	77	7702	11429	0.00680272	0.3851	0.990375
15	71960000	71980000	9832	68	11886	10052	0.00691619	0.5943	0.978114
15	71980000	72000000	12062	77	9313	12320	0.00638368	0.46565	0.979058
15	72000000	72020000	11241	76	10331	11351	0.00676096	0.51655	0.990309
15	72020000	72040000	12063	87	9351	12167	0.00721214	0.46755	0.991452
15	72040000	72060000	12301	98	8150	12427	0.00796683	0.4075	0.989861
15	72060000	72080000	10685	64	11246	10807	0.00598971	0.5623	0.988711
15	72080000	72100000	6126	54	12591	7776	0.00881489	0.62955	0.787809
15	72100000	72120000	12866	49	4123	12992	0.00380849	0.20615	0.990302
15	72120000	72140000	12874	49	12095	12975	0.00380612	0.60475	0.992216
15	72140000	72160000	10799	35	9832	10870	0.00324104	0.4916	0.993468
15	72160000	72180000	12550	48	9945	12622	0.0038247	0.49725	0.994296
15	72180000	72200000	12793	32	6010	12864	0.00250137	0.3005	0.994481
15	72200000	72220000	9966	34	13759	10162	0.0034116	0.68795	0.980712
15	72220000	72240000	10478	46	14111	10578	0.00439015	0.70555	0.990546
15	72240000	72260000	10937	50	10981	10991	0.00457164	0.54905	0.995087
15	72260000	72280000	10357	53	14391	10607	0.00511731	0.71955	0.976431
15	72280000	72300000	9385	48	11232	9629	0.00511454	0.5616	0.97466
15	72300000	72320000	9138	50	11553	10191	0.00547166	0.57765	0.896674
15	72320000	72340000	9435	45	12252	9500	0.00476948	0.6126	0.993158
15	72340000	72360000	6639	40	14298	6714	0.006025	0.7149	0.988829
15	72360000	72380000	6702	41	15665	6740	0.00611758	0.78325	0.994362
15	72380000	72400000	5792	30	15308	5848	0.00517956	0.7654	0.990424
15	72400000	72420000	10077	51	9268	10433	0.00506103	0.4634	0.965878
15	72420000	72440000	9130	51	10042	9609	0.00558598	0.5021	0.950151
15	72440000	72460000	9847	38	9128	10892	0.00385904	0.4564	0.904058
15	72460000	72480000	11395	58	9042	11584	0.00508995	0.4521	0.983684
15	72480000	72500000	10955	52	5860	11058	0.00474669	0.293	0.990685
15	72500000	72520000	10437	38	6756	10501	0.00364089	0.3378	0.993905
15	72520000	72540000	10799	39	7790	10857	0.00361145	0.3895	0.994658
15	72540000	72560000	10255	30	6737	12469	0.0029254	0.33685	0.82244
15	72560000	72580000	11166	38	8093	11431	0.00340319	0.40465	0.976817
15	72580000	72600000	11151	36	8042	11326	0.00322841	0.4021	0.984549
15	72600000	72620000	10300	50	11734	10492	0.00485437	0.5867	0.9817
15	72620000	72640000	8169	36	12429	8230	0.0044069	0.62145	0.992588
15	72640000	72660000	11991	43	8377	12556	0.00358602	0.41885	0.955002
15	72660000	72680000	9155	26	8263	10292	0.00283998	0.41315	0.889526
15	72680000	72700000	9461	49	10605	9548	0.00517916	0.53025	0.990888
15	72700000	72720000	8699	55	13865	8771	0.00632257	0.69325	0.991791
15	72720000	72740000	4294	30	17498	4327	0.00698649	0.8749	0.992373
15	72740000	72760000	8800	29	11794	8899	0.00329545	0.5897	0.988875
15	72760000	72780000	7539	29	11249	7616	0.00384666	0.56245	0.98989
15	72780000	72800000	10761	45	9819	10900	0.00418177	0.49095	0.987248
15	72800000	72820000	8737	40	13722	9357	0.00457823	0.6861	0.933739
15	72820000	72840000	10666	71	8344	10761	0.00665667	0.4172	0.991172
15	72840000	72860000	10460	52	10313	10534	0.00497132	0.51565	0.992975
15	72860000	72880000	10772	56	7899	11177	0.00519866	0.39495	0.963765
15	72880000	72900000	9127	54	10881	9738	0.00591651	0.54405	0.937256
15	72900000	72920000	0	0	13721	1240		0.68605	0
15	72920000	72940000	0	0	6075	375		0.30375	0
15	72940000	72960000	0	0	3866	0		0.1933	
15	72960000	72980000	4761	34	8507	4816	0.00714136	0.42535	0.98858
15	72980000	73000000	9244	65	13160	9326	0.00703159	0.658	0.991207
15	73000000	73020000	9777	54	9597	9995	0.00552317	0.47985	0.978189
15	73020000	73040000	9615	57	10592	9716	0.00592824	0.5296	0.989605
15	73040000	73060000	9223	51	10082	10087	0.00552965	0.5041	0.914345
15	73060000	73080000	11884	66	7651	11981	0.00555369	0.38255	0.991904
15	73080000	73100000	10038	53	13808	10136	0.00527994	0.6904	0.990331
15	73100000	73120000	12106	86	10007	13004	0.00710392	0.50035	0.930944
15	73120000	73140000	10658	69	15097	10740	0.00647401	0.75485	0.992365
15	73140000	73160000	12115	75	9922	12847	0.00619067	0.4961	0.943022
15	73160000	73180000	11770	77	13636	11862	0.00654206	0.6818	0.992244
15	73180000	73200000	11152	61	11955	11348	0.00546987	0.59775	0.982728
15	73200000	73220000	12198	70	14345	12298	0.00573865	0.71725	0.991869
15	73220000	73240000	11776	67	10892	11831	0.00568954	0.5446	0.995351
15	73240000	73260000	10312	51	10663	10617	0.00494569	0.53315	0.971272
15	73260000	73280000	11695	86	11486	11787	0.00735357	0.5743	0.992195
15	73280000	73300000	12495	90	10355	12619	0.00720288	0.51775	0.990174
15	73300000	73320000	11749	68	8654	12007	0.00578773	0.4327	0.978513
15	73320000	73340000	12762	63	7642	12867	0.00493653	0.3821	0.99184
15	73340000	73360000	12274	49	8850	12365	0.00399218	0.4425	0.992641
15	73360000	73380000	90	0	9668	11332	0	0.4834	0.00794211
15	73380000	73400000	9330	54	12499	11360	0.00578778	0.62495	0.821303
15	73400000	73420000	12751	93	7804	12870	0.00729355	0.3902	0.990754
15	73420000	73440000	12796	55	10490	12876	0.00429822	0.5245	0.993787
15	73440000	73460000	9770	39	14281	9852	0.00399181	0.71405	0.991677
15	73460000	73480000	11589	49	10869	11662	0.00422815	0.54345	0.99374
15	73480000	73500000	11210	41	11558	11284	0.00365745	0.5779	0.993442
15	73500000	73520000	4626	22	15519	4661	0.00475573	0.77595	0.992491
15	73520000	73540000	12109	48	9301	12213	0.00396399	0.46505	0.991484
15	73540000	73560000	12015	70	9349	12116	0.00582605	0.46745	0.991664
15	73560000	73580000	12335	70	6270	12653	0.00567491	0.3135	0.974868
15	73580000	73600000	12245	81	5326	12348	0.00661494	0.2663	0.991659
15	73600000	73620000	11357	44	9378	11620	0.00387426	0.4689	0.977367
15	73620000	73640000	14528	68	6153	14652	0.00468062	0.30765	0.991537
15	73640000	73660000	13282	79	5729	15519	0.0059479	0.28645	0.855854
15	73660000	73680000	11572	45	9039	11796	0.0038887	0.45195	0.981011
15	73680000	73700000	10955	51	11911	11060	0.00465541	0.59555	0.990506
15	73700000	73720000	11087	76	13047	11232	0.00685488	0.65235	0.98709
15	73720000	73740000	11046	43	13086	11131	0.00389281	0.6543	0.992364
15	73740000	73760000	7904	66	14371	7996	0.0083502	0.71855	0.988494
15	73760000	73780000	10547	62	14591	10636	0.00587845	0.72955	0.991632
15	73780000	73800000	10648	40	11574	10736	0.00375657	0.5787	0.991803
15	73800000	73820000	7673	40	17188	7740	0.00521308	0.8594	0.991344
15	73820000	73840000	8735	34	12953	8811	0.00389239	0.64765	0.991374
15	73840000	73860000	11815	59	6165	11903	0.00499365	0.30825	0.992607
15	73860000	73880000	11442	30	7719	11499	0.00262192	0.38595	0.995043
15	73880000	73900000	12543	38	4831	12667	0.00302958	0.24155	0.990211
15	73900000	73920000	12208	52	6331	12283	0.0042595	0.31655	0.993894
15	73920000	73940000	9642	44	10965	10639	0.00456337	0.54825	0.906288
15	73940000	73960000	9023	48	16363	9245	0.00531974	0.81815	0.975987
15	73960000	73980000	11252	70	10418	11599	0.00622112	0.5209	0.970084
15	73980000	74000000	12858	58	7954	12963	0.00451081	0.3977	0.9919
15	74000000	74020000	12441	65	6335	12905	0.00522466	0.31675	0.964045
15	74020000	74040000	12912	74	6731	13057	0.0057311	0.33655	0.988895
15	74040000	74060000	12450	51	8875	13234	0.00409639	0.44375	0.940759
15	74060000	74080000	13441	96	6489	13552	0.00714233	0.32445	0.991809
15	74080000	74100000	14335	90	6493	14410	0.00627834	0.32465	0.994795
15	74100000	74120000	12195	97	7486	13286	0.00795408	0.3743	0.917883
15	74120000	74140000	13387	92	8672	13520	0.00687234	0.4336	0.990163
15	74140000	74160000	14003	73	8226	14127	0.00521317	0.4113	0.991222
15	74160000	74180000	13124	86	7486	13239	0.00655288	0.3743	0.991314
15	74180000	74200000	13345	93	6681	13697	0.0069689	0.33405	0.974301
15	74200000	74220000	11492	64	10144	11555	0.00556909	0.5072	0.994548
15	74220000	74240000	14089	74	5566	14215	0.00525232	0.2783	0.991136
15	74240000	74260000	10285	61	9618	10743	0.00593097	0.4809	0.957368
15	74260000	74280000	10101	53	14418	10182	0.00524701	0.7209	0.992045
15	74280000	74300000	9305	33	10028	9375	0.00354648	0.5014	0.992533
15	74300000	74320000	9125	43	10226	9176	0.00471233	0.5113	0.994442
15	74320000	74340000	11319	53	4944	13895	0.00468239	0.2472	0.81461
15	74340000	74360000	0	0	9366	3750		0.4683	0
15	74360000	74380000	0	0	3975	0		0.19875	
15	74380000	74400000	0	0	6376	196		0.3188	0
15	74400000	74420000	4032	13	13073	5114	0.00322421	0.65365	0.788424
15	74420000	74440000	11603	56	5877	11765	0.00482634	0.29385	0.98623
15	74440000	74460000	9641	62	13362	9755	0.00643087	0.6681	0.988314
15	74460000	74480000	13982	76	3916	14100	0.00543556	0.1958	0.991631
15	74480000	74500000	13972	94	5186	14070	0.00672774	0.2593	0.993035
15	74500000	74520000	12683	72	5596	14116	0.00567689	0.2798	0.898484
15	74520000	74540000	11922	54	7972	12503	0.00452944	0.3986	0.953531
15	74540000	74560000	12376	90	7130	12597	0.00727214	0.3565	0.982456
15	74560000	74580000	11074	58	5401	13437	0.00523749	0.27005	0.824142
15	74580000	74600000	13632	80	6644	13780	0.00586854	0.3322	0.98926
15	74600000	74620000	10990	64	6378	12683	0.00582348	0.3189	0.866514
15	74620000	74640000	12376	55	5302	14043	0.00444409	0.2651	0.881293
15	74640000	74660000	3301	27	15420	3941	0.00817934	0.771	0.837605
15	74660000	74680000	12032	84	6212	12703	0.00698138	0.3106	0.947178
15	74680000	74700000	12826	82	7582	13574	0.00639326	0.3791	0.944895
15	74700000	74720000	13981	53	2714	14488	0.00379086	0.1357	0.965006
15	74720000	74740000	12987	46	5886	13400	0.003542	0.2943	0.969179
15	74740000	74760000	10693	74	10075	10752	0.00692042	0.50375	0.994513
15	74760000	74780000	6713	26	16475	6760	0.00387308	0.82375	0.993047
15	74780000	74800000	7470	23	17899	7952	0.00307898	0.89495	0.939386
15	74800000	74820000	6346	32	15772	6412	0.00504255	0.7886	0.989707
15	74820000	74840000	7887	28	10354	7924	0.00355015	0.5177	0.995331
15	74840000	74860000	8833	35	13216	8906	0.00396241	0.6608	0.991803
15	74860000	74880000	11037	51	7717	11112	0.00462082	0.38585	0.993251
15	74880000	74900000	11016	43	4413	11107	0.00390341	0.22065	0.991807
15	74900000	74920000	13175	39	1889	13983	0.00296015	0.09445	0.942216
15	74920000	74940000	9997	37	6000	12965	0.00370111	0.3	0.771076
15	74940000	74960000	10133	66	9872	10252	0.00651337	0.4936	0.988393
15	74960000	74980000	6334	39	16127	6615	0.00615725	0.80635	0.957521
15	74980000	75000000	8839	58	14096	8902	0.00656183	0.7048	0.992923
15	75000000	75020000	9800	49	9366	9869	0.005	0.4683	0.993008
15	75020000	75040000	6391	36	14897	7102	0.00563292	0.74485	0.899887
15	75040000	75060000	5818	35	9884	8777	0.00601581	0.4942	0.662869
15	75060000	75080000	10781	47	7974	11142	0.00435952	0.3987	0.9676
15	75080000	75100000	12185	60	8026	12316	0.00492409	0.4013	0.989363
15	75100000	75120000	11343	62	7977	11523	0.00546593	0.39885	0.984379
15	75120000	75140000	12868	64	3386	12979	0.00497358	0.1693	0.991448
15	75140000	75160000	8943	50	8461	9270	0.00559097	0.42305	0.964725
15	75160000	75180000	5752	40	14675	6036	0.0069541	0.73375	0.952949
15	75180000	75200000	11173	50	6239	11471	0.00447507	0.31195	0.974021
15	75200000	75220000	5364	16	12543	6199	0.00298285	0.62715	0.865301
15	75220000	75240000	5843	28	12956	5892	0.00479206	0.6478	0.991684
15	75240000	75260000	8766	68	9650	9864	0.00775724	0.4825	0.888686
15	75260000	75280000	4570	40	16331	5765	0.00875274	0.81655	0.792715
15	75280000	75300000	8199	51	12151	8586	0.00622027	0.60755	0.954927
15	75300000	75320000	11779	47	6462	12463	0.00399015	0.3231	0.945118
15	75320000	75340000	12174	55	8255	12245	0.00451782	0.41275	0.994202
15	75340000	75360000	7842	49	12912	7913	0.00624841	0.6456	0.991027
15	75360000	75380000	7101	47	17049	7175	0.00661879	0.85245	0.989686
15	75380000	75400000	5956	31	16401	6759	0.00520484	0.82005	0.881195
15	75400000	75420000	7655	44	13457	8184	0.00574788	0.67285	0.935362
15	75420000	75440000	6873	28	16388	6926	0.00407391	0.8194	0.992348
15	75440000	75460000	7245	32	13842	7957	0.00441684	0.6921	0.910519
15	75460000	75480000	8591	34	11759	8648	0.00395763	0.58795	0.993409
15	75480000	75500000	11395	84	5725	11485	0.00737165	0.28625	0.992164
15	75500000	75520000	7146	50	3229	7209	0.00699692	0.16145	0.991261
15	75520000	75540000	10184	68	9328	10263	0.00667714	0.4664	0.992302
15	75540000	75560000	181	2	6270	428	0.0110497	0.3135	0.422897
15	75560000	75580000	0	0	3487	0		0.17435	
15	75580000	75600000	360	2	5235	385	0.00555556	0.26175	0.935065
15	75600000	75620000	1482	23	14297	1494	0.0155196	0.71485	0.991968
15	75620000	75640000	4014	21	10438	4174	0.00523169	0.5219	0.961667
15	75640000	75660000	11802	50	4630	12648	0.00423657	0.2315	0.933112
15	75660000	75680000	8056	31	8442	8094	0.00384806	0.4221	0.995305
15	75680000	75700000	10478	40	7775	10812	0.00381752	0.38875	0.969108
15	75700000	75720000	8102	32	8761	8164	0.00394964	0.43805	0.992406
15	75720000	75740000	6824	43	15174	7127	0.00630129	0.7587	0.957486
15	75740000	75760000	9626	38	6107	9768	0.00394764	0.30535	0.985463
15	75760000	75780000	5473	9	11853	7971	0.00164444	0.59265	0.686614
15	75780000	75800000	3769	12	14769	5155	0.00318387	0.73845	0.731135
15	75800000	75820000	6441	25	10925	6619	0.00388138	0.54625	0.973108
15	75820000	75840000	6627	35	12014	7098	0.00528142	0.6007	0.933643
15	75840000	75860000	5715	24	14270	5767	0.00419948	0.7135	0.990983
15	75860000	75880000	5772	25	13205	5853	0.00433125	0.66025	0.986161
15	75880000	75900000	5235	20	12874	7843	0.00382044	0.6437	0.667474
15	75900000	75920000	5642	25	11043	7541	0.00443105	0.55215	0.748177
15	75920000	75940000	6078	25	13575	6715	0.0041132	0.67875	0.905138
15	75940000	75960000	12863	74	5588	13376	0.00575293	0.2794	0.961648
15	75960000	75980000	7986	46	4244	8832	0.00576008	0.2122	0.904212
15	75980000	76000000	3132	36	3417	3155	0.0114943	0.17085	0.99271
15	76000000	76020000	6875	55	5738	6930	0.008	0.2869	0.992063
15	76020000	76040000	686	6	8912	4061	0.00874636	0.4456	0.168924
15	76040000	76060000	0	0	6670	1755		0.3335	0
15	76060000	76080000	0	0	5497	1044		0.27485	0
15	76080000	76100000	0	0	10080	1793		0.504	0
15	76100000	76120000	0	0	11389	7862		0.56945	0
15	76120000	76140000	0	0	9827	10847		0.49135	0
15	76140000	76160000	2240	16	10224	5137	0.00714286	0.5112	0.436052
15	76160000	76180000	2562	23	8133	6405	0.00897736	0.40665	0.4
15	76180000	76200000	2222	6	8690	9356	0.00270027	0.4345	0.237495
15	76200000	76220000	9418	45	11769	9494	0.00477808	0.58845	0.991995
15	76220000	76240000	10352	58	10869	10563	0.00560278	0.54345	0.980025
15	76240000	76260000	10050	49	12629	10134	0.00487562	0.63145	0.991711
15	76260000	76280000	7922	54	14560	7987	0.00681646	0.728	0.991862
15	76280000	76300000	10810	44	15222	10883	0.00407031	0.7611	0.993292
15	76300000	76320000	7204	26	14413	7251	0.00360911	0.72065	0.993518
15	76320000	76340000	6036	26	17482	6106	0.00430749	0.8741	0.988536
15	76340000	76360000	11044	41	7205	11294	0.00371242	0.36025	0.977864
15	76360000	76380000	9079	50	12632	9840	0.00550721	0.6316	0.922663
15	76380000	76400000	5443	42	16784	6567	0.00771633	0.8392	0.828841
15	76400000	76420000	9679	83	12183	9749	0.00857527	0.60915	0.99282
15	76420000	76440000	10924	53	9173	11595	0.0048517	0.45865	0.94213
15	76440000	76460000	13794	87	4668	13918	0.00630709	0.2334	0.991091
15	76460000	76480000	14534	95	8293	14652	0.0065364	0.41465	0.991946
15	76480000	76500000	12865	62	8169	13165	0.00481928	0.40845	0.977212
15	76500000	76520000	8345	31	6829	12119	0.0037148	0.34145	0.688588
15	76520000	76540000	10160	38	8577	11318	0.00374016	0.42885	0.897685
15	76540000	76560000	6664	57	14837	6832	0.00855342	0.74185	0.97541
15	76560000	76580000	3457	31	14482	9264	0.00896731	0.7241	0.373165
15	76580000	76600000	9573	50	10946	9871	0.00522302	0.5473	0.969811
15	76600000	76620000	9894	56	14187	10016	0.00566	0.70935	0.987819
15	76620000	76640000	12624	65	2814	12699	0.00514892	0.1407	0.994094
15	76640000	76660000	13985	69	4697	14061	0.00493386	0.23485	0.994595
15	76660000	76680000	12796	59	7392	13344	0.00461082	0.3696	0.958933
15	76680000	76700000	8584	47	11310	10185	0.0054753	0.5655	0.842808
15	76700000	76720000	7027	38	17124	7710	0.00540771	0.8562	0.911414
15	76720000	76740000	9524	50	12996	9591	0.0052499	0.6498	0.993014
15	76740000	76760000	10684	60	14844	11129	0.00561587	0.7422	0.960014
15	76760000	76780000	10301	57	11668	10434	0.00553344	0.5834	0.987253
15	76780000	76800000	10649	76	9093	10710	0.00713682	0.45465	0.994304
15	76800000	76820000	11357	64	8294	11468	0.00563529	0.4147	0.990321
15	76820000	76840000	10716	71	12212	10791	0.00662561	0.6106	0.99305
15	76840000	76860000	5935	42	17324	6881	0.00707666	0.8662	0.86252
15	76860000	76880000	8912	66	14788	8988	0.00740575	0.7394	0.991544
15	76880000	76900000	3166	35	18715	3196	0.011055	0.93575	0.990613
15	76900000	76920000	6919	66	16075	6962	0.00953895	0.80375	0.993824
15	76920000	76940000	7317	58	15608	7375	0.00792675	0.7804	0.992136
15	76940000	76960000	8513	78	17776	8588	0.00916246	0.8888	0.991267
15	76960000	76980000	11766	52	12183	12234	0.00441951	0.60915	0.961746
15	76980000	77000000	9284	50	13331	9855	0.00538561	0.66655	0.94206
15	77000000	77020000	6229	32	19518	6354	0.00513726	0.9759	0.980327
15	77020000	77040000	8972	35	12984	9078	0.00390103	0.6492	0.988323
15	77040000	77060000	10750	51	15174	10815	0.00474419	0.7587	0.99399
15	77060000	77080000	7557	38	15251	7621	0.00502845	0.76255	0.991602
15	77080000	77100000	11803	47	12853	11860	0.00398204	0.64265	0.995194
15	77100000	77120000	6695	29	15810	7825	0.00433159	0.7905	0.855591
15	77120000	77140000	7269	33	15039	7704	0.00453983	0.75195	0.943536
15	77140000	77160000	7802	39	13831	7886	0.00499872	0.69155	0.989348
15	77160000	77180000	7416	38	17561	8079	0.00512406	0.87805	0.917935
15	77180000	77200000	5490	24	15648	5552	0.00437158	0.7824	0.988833
15	77200000	77220000	10394	51	17260	10518	0.00490668	0.863	0.988211
15	77220000	77240000	10083	40	8202	10146	0.00396707	0.4101	0.993791
15	77240000	77260000	11071	43	9811	11349	0.00388402	0.49055	0.975504
15	77260000	77280000	8222	32	11508	9248	0.003892	0.5754	0.889057
15	77280000	77300000	12965	69	8458	13093	0.00532202	0.4229	0.990224
15	77300000	77320000	12969	75	6331	14160	0.00578302	0.31655	0.91589
15	77320000	77340000	12490	63	5101	14372	0.00504404	0.25505	0.869051
15	77340000	77360000	12662	43	5021	12742	0.00339599	0.25105	0.993722
15	77360000	77380000	9873	33	11507	10114	0.00334245	0.57535	0.976172
15	77380000	77400000	12042	67	9424	12207	0.00556386	0.4712	0.986483
15	77400000	77420000	15030	84	3786	15109	0.00558882	0.1893	0.994771
15	77420000	77440000	9258	35	12556	9307	0.00378051	0.6278	0.994735
15	77440000	77460000	8013	40	10404	8069	0.00499189	0.5202	0.99306
15	77460000	77480000	11178	47	9825	11242	0.00420469	0.49125	0.994307
15	77480000	77500000	10031	35	9562	10802	0.00348918	0.4781	0.928624
15	77500000	77520000	11807	36	9911	11884	0.00304904	0.49555	0.993521
15	77520000	77540000	10084	40	12658	10148	0.00396668	0.6329	0.993693
15	77540000	77560000	5166	22	15136	6217	0.00425861	0.7568	0.830947
15	77560000	77580000	6651	29	13654	6710	0.00436025	0.6827	0.991207
15	77580000	77600000	11839	45	10912	11942	0.003801	0.5456	0.991375
15	77600000	77620000	9631	35	10582	9685	0.0036341	0.5291	0.994424
15	77620000	77640000	11335	63	10713	11443	0.00555801	0.53565	0.990562
15	77640000	77660000	10073	47	12033	10153	0.00466594	0.60165	0.992121
15	77660000	77680000	12927	62	6411	13034	0.00479616	0.32055	0.991791
15	77680000	77700000	8428	88	12075	8508	0.0104414	0.60375	0.990597
15	77700000	77720000	10949	56	8810	11407	0.00511462	0.4405	0.959849
15	77720000	77740000	10546	57	13226	10954	0.00540489	0.6613	0.962753
15	77740000	77760000	10300	46	10984	12210	0.00446602	0.5492	0.843571
15	77760000	77780000	12628	46	5006	12710	0.0036427	0.2503	0.993548
15	77780000	77800000	13403	71	9854	13539	0.00529732	0.4927	0.989955
15	77800000	77820000	11843	85	11895	12003	0.00717724	0.59475	0.98667
15	77820000	77840000	12998	84	7891	13113	0.00646253	0.39455	0.99123
15	77840000	77860000	10603	87	7389	12097	0.00820522	0.36945	0.876498
15	77860000	77880000	14235	71	7488	14370	0.00498771	0.3744	0.990605
15	77880000	77900000	13428	86	6452	13912	0.00640453	0.3226	0.96521
15	77900000	77920000	11780	61	5573	13838	0.00517827	0.27865	0.851279
15	77920000	77940000	13900	74	4971	14014	0.00532374	0.24855	0.991865
15	77940000	77960000	15040	105	4162	15161	0.00698138	0.2081	0.992019
15	77960000	77980000	13606	83	9277	13729	0.00610025	0.46385	0.991041
15	77980000	78000000	9828	63	6815	13941	0.00641026	0.34075	0.704971
15	78000000	78020000	12083	72	8484	12949	0.00595879	0.4242	0.933122
15	78020000	78040000	13611	61	7445	13766	0.00448167	0.37225	0.98874
15	78040000	78060000	13041	65	8015	13579	0.00498428	0.40075	0.96038
15	78060000	78080000	11759	95	7243	13266	0.00807892	0.36215	0.886401
15	78080000	78100000	13079	204	8841	13418	0.0155975	0.44205	0.974735
15	78100000	78120000	13925	180	5434	14239	0.0129264	0.2717	0.977948
15	78120000	78140000	10878	75	11077	11050	0.00689465	0.55385	0.984434
15	78140000	78160000	7389	67	8109	7646	0.00906753	0.40545	0.966388
15	78160000	78180000	1587	25	4691	1750	0.015753	0.23455	0.906857
15	78180000	78200000	1065	12	2924	1455	0.0112676	0.1462	0.731959
15	78200000	78220000	302	7	2493	460	0.0231788	0.12465	0.656522
15	78220000	78240000	8	0	6450	570	0	0.3225	0.0140351
15	78240000	78260000	1516	16	10746	1791	0.0105541	0.5373	0.846454
15	78260000	78280000	1098	25	6565	1688	0.0227687	0.32825	0.650474
15	78280000	78300000	5203	40	3625	5852	0.00768787	0.18125	0.889098
15	78300000	78320000	12389	50	7597	12515	0.00403584	0.37985	0.989932
15	78320000	78340000	9972	58	9754	10045	0.00581629	0.4877	0.992733
15	78340000	78360000	12768	72	5558	13442	0.0056391	0.2779	0.949859
15	78360000	78380000	9915	71	10091	10176	0.00716087	0.50455	0.974351
15	78380000	78400000	11059	64	8700	12447	0.00578714	0.435	0.888487
15	78400000	78420000	11248	71	9409	11366	0.00631223	0.47045	0.989618
15	78420000	78440000	10695	56	11017	10781	0.00523609	0.55085	0.992023
15	78440000	78460000	9727	50	8841	9806	0.00514033	0.44205	0.991944
15	78460000	78480000	10526	39	9085	10830	0.00370511	0.45425	0.97193
15	78480000	78500000	10897	58	9163	11096	0.00532257	0.45815	0.982066
15	78500000	78520000	10380	70	11557	10464	0.00674374	0.57785	0.991972
15	78520000	78540000	10002	81	11039	10112	0.00809838	0.55195	0.989122
15	78540000	78560000	10133	56	10592	10271	0.0055265	0.5296	0.986564
15	78560000	78580000	13577	98	5085	13686	0.00721809	0.25425	0.992036
15	78580000	78600000	11378	72	8288	11485	0.006328	0.4144	0.990684
15	78600000	78620000	12345	102	7608	12499	0.00826245	0.3804	0.987679
15	78620000	78640000	11032	47	8301	12479	0.00426033	0.41505	0.884045
15	78640000	78660000	11351	69	12463	11459	0.00607876	0.62315	0.990575
15	78660000	78680000	7661	45	13792	7733	0.00587391	0.6896	0.990689
15	78680000	78700000	11503	70	10889	11735	0.00608537	0.54445	0.98023
15	78700000	78720000	9142	56	14221	9215	0.00612557	0.71105	0.992078
15	78720000	78740000	9507	56	10235	9564	0.0058904	0.51175	0.99404
15	78740000	78760000	11379	49	12033	11468	0.00430618	0.60165	0.992239
15	78760000	78780000	9240	37	9796	9362	0.00400433	0.4898	0.986969
15	78780000	78800000	9327	42	8312	9370	0.00450306	0.4156	0.995411
15	78800000	78820000	6815	28	12197	7721	0.00410858	0.60985	0.882658
15	78820000	78840000	9953	59	10361	10023	0.00592786	0.51805	0.993016
15	78840000	78860000	11178	64	10147	11275	0.00572553	0.50735	0.991397
15	78860000	78880000	9700	48	10402	9770	0.00494845	0.5201	0.992835
15	78880000	78900000	10516	50	7297	10760	0.00475466	0.36485	0.977323
15	78900000	78920000	8389	54	11116	8478	0.006437	0.5558	0.989502
15	78920000	78940000	5064	29	10435	9866	0.0057267	0.52175	0.513278
15	78940000	78960000	9197	56	13495	9672	0.00608894	0.67475	0.950889
15	78960000	78980000	11154	79	9084	11765	0.00708266	0.4542	0.948066
15	78980000	79000000	4573	34	13713	4618	0.00743494	0.68565	0.990256
15	79000000	79020000	1160	12	13145	1282	0.0103448	0.65725	0.904836
15	79020000	79040000	196	4	4129	329	0.0204082	0.20645	0.595745
15	79040000	79060000	357	15	3671	1052	0.0420168	0.18355	0.339354
15	79060000	79080000	960	21	8710	991	0.021875	0.4355	0.968718
15	79080000	79100000	5022	42	9862	5259	0.0083632	0.4931	0.954934
15	79100000	79120000	8918	50	11361	8969	0.00560664	0.56805	0.994314
15	79120000	79140000	8598	47	10861	9533	0.00546639	0.54305	0.90192
15	79140000	79160000	6883	45	13899	6951	0.00653785	0.69495	0.990217
15	79160000	79180000	8025	38	7943	8126	0.0047352	0.39715	0.987571
15	79180000	79200000	9029	50	9577	9188	0.00553771	0.47885	0.982695
15	79200000	79220000	10983	55	9399	11149	0.00500774	0.46995	0.985111
15	79220000	79240000	9590	54	8340	10504	0.00563087	0.417	0.912986
15	79240000	79260000	8801	53	11668	10014	0.00602204	0.5834	0.87887
15	79260000	79280000	11742	77	7720	11851	0.00655766	0.386	0.990802
15	79280000	79300000	12805	101	5645	13568	0.00788754	0.28225	0.943765
15	79300000	79320000	11921	50	8091	12037	0.00419428	0.40455	0.990363
15	79320000	79340000	13686	72	8711	13787	0.00526085	0.43555	0.992674
15	79340000	79360000	11731	70	8527	14696	0.0059671	0.42635	0.798244
15	79360000	79380000	14794	115	5473	14926	0.00777342	0.27365	0.991156
15	79380000	79400000	12325	80	9319	13110	0.00649087	0.46595	0.940122
15	79400000	79420000	14231	97	11375	14473	0.00681611	0.56875	0.983279
15	79420000	79440000	11783	91	12883	11896	0.00772299	0.64415	0.990501
15	79440000	79460000	10377	69	12361	10967	0.00664932	0.61805	0.946202
15	79460000	79480000	13656	118	9195	14058	0.00864089	0.45975	0.971404
15	79480000	79500000	13042	78	8092	13314	0.00598068	0.4046	0.97957
15	79500000	79520000	14418	77	7999	14662	0.00534055	0.39995	0.983358
15	79520000	79540000	11610	70	7008	11923	0.00602929	0.3504	0.973748
15	79540000	79560000	12256	87	11383	12412	0.00709856	0.56915	0.987432
15	79560000	79580000	11023	54	11828	11122	0.00489885	0.5914	0.991099
15	79580000	79600000	13864	67	8973	13980	0.00483266	0.44865	0.991702
15	79600000	79620000	12850	62	9746	12961	0.0048249	0.4873	0.991436
15	79620000	79640000	9187	46	13598	10730	0.00500708	0.6799	0.856198
15	79640000	79660000	9888	85	12267	10038	0.00859628	0.61335	0.985057
15	79660000	79680000	11571	52	12506	11661	0.00449399	0.6253	0.992282
15	79680000	79700000	10148	80	16362	10236	0.00788333	0.8181	0.991403
15	79700000	79720000	13817	99	7216	14069	0.00716509	0.3608	0.982088
15	79720000	79740000	11518	55	10134	11980	0.00477513	0.5067	0.961436
15	79740000	79760000	13958	62	5296	14148	0.0044419	0.2648	0.986571
15	79760000	79780000	11762	69	11847	11905	0.00586635	0.59235	0.987988
15	79780000	79800000	10481	61	11978	10582	0.00582006	0.5989	0.990455
15	79800000	79820000	13792	82	6624	14375	0.00594548	0.3312	0.959443
15	79820000	79840000	13596	87	10213	13738	0.00639894	0.51065	0.989664
15	79840000	79860000	9581	58	10136	9653	0.00605365	0.5068	0.992541
15	79860000	79880000	12023	85	12786	12216	0.00706978	0.6393	0.984201
15	79880000	79900000	14173	95	7598	14311	0.00670289	0.3799	0.990357
15	79900000	79920000	11606	81	13521	11742	0.00697915	0.67605	0.988418
15	79920000	79940000	13372	97	9787	13540	0.00725396	0.48935	0.987592
15	79940000	79960000	11460	56	11959	11679	0.00488656	0.59795	0.981248
15	79960000	79980000	11967	89	10739	12098	0.00743712	0.53695	0.989172
15	79980000	80000000	9913	81	14605	10011	0.00817109	0.73025	0.990211
15	80000000	80020000	8582	60	13268	8659	0.00699138	0.6634	0.991108
15	80020000	80040000	9558	83	9664	9659	0.00868383	0.4832	0.989543
15	80040000	80060000	6405	74	10797	6464	0.0115535	0.53985	0.990873
15	80060000	80080000	9364	90	11732	9487	0.00961128	0.5866	0.987035
15	80080000	80100000	10355	70	12344	10764	0.00676002	0.6172	0.962003
15	80100000	80120000	12924	88	9496	13258	0.00680904	0.4748	0.974808
15	80120000	80140000	12863	88	10726	12983	0.00684133	0.5363	0.990757
15	80140000	80160000	11868	48	9496	11963	0.00404449	0.4748	0.992059
15	80160000	80180000	10334	58	10962	10448	0.00561254	0.5481	0.989089
15	80180000	80200000	8221	44	9133	8286	0.00535215	0.45665	0.992155
15	80200000	80220000	4997	38	11753	6102	0.00760456	0.58765	0.818912
15	80220000	80240000	6877	58	12111	6958	0.00843391	0.60555	0.988359
15	80240000	80260000	6628	60	13144	7159	0.0090525	0.6572	0.925828
15	80260000	80280000	9009	55	10513	9174	0.00610501	0.52565	0.982014
15	80280000	80300000	8291	52	13733	8512	0.00627186	0.68665	0.974037
15	80300000	80320000	6550	41	16124	6714	0.00625954	0.8062	0.975573
15	80320000	80340000	10477	63	12132	10563	0.00601317	0.6066	0.991858
15	80340000	80360000	7669	45	12932	7724	0.00586778	0.6466	0.992879
15	80360000	80380000	10811	80	8846	10930	0.00739987	0.4423	0.989113
15	80380000	80400000	10988	95	9321	11076	0.0086458	0.46605	0.992055
15	80400000	80420000	10957	102	8964	11526	0.00930912	0.4482	0.950633
15	80420000	80440000	8518	60	13614	8738	0.00704391	0.6807	0.974823
15	80440000	80460000	11587	69	7824	11724	0.00595495	0.3912	0.988315
15	80460000	80480000	10793	71	8643	13134	0.00657834	0.43215	0.82176
15	80480000	80500000	14043	67	12222	14182	0.00477106	0.6111	0.990199
15	80500000	80520000	12318	59	12713	12434	0.00478974	0.63565	0.990671
15	80520000	80540000	11336	78	9475	11468	0.00688073	0.47375	0.98849
15	80540000	80560000	12585	92	8691	12699	0.00731029	0.43455	0.991023
15	80560000	80580000	12768	71	9922	13361	0.00556078	0.4961	0.955617
15	80580000	80600000	7252	45	14189	8755	0.00620518	0.70945	0.828327
15	80600000	80620000	12062	63	11005	12171	0.00522301	0.55025	0.991044
15	80620000	80640000	13354	85	7915	13476	0.00636513	0.39575	0.990947
15	80640000	80660000	12633	95	14227	12748	0.00751999	0.71135	0.990979
15	80660000	80680000	10252	62	10998	10320	0.0060476	0.5499	0.993411
15	80680000	80700000	12558	64	5341	12702	0.00509635	0.26705	0.988663
15	80700000	80720000	12955	70	8698	13048	0.00540332	0.4349	0.992872
15	80720000	80740000	13362	78	6072	13675	0.00583745	0.3036	0.977112
15	80740000	80760000	13948	103	1952	14812	0.00738457	0.0976	0.941669
15	80760000	80780000	12169	51	7227	13039	0.00419098	0.36135	0.933277
15	80780000	80800000	10928	55	7718	13866	0.00503294	0.3859	0.788115
15	80800000	80820000	9668	69	11902	10637	0.00713695	0.5951	0.908903
15	80820000	80840000	11952	99	11279	12117	0.00828313	0.56395	0.986383
15	80840000	80860000	13140	55	10520	13258	0.00418569	0.526	0.9911
15	80860000	80880000	14506	93	4451	14695	0.00641114	0.22255	0.987138
15	80880000	80900000	13706	95	7166	13822	0.00693127	0.3583	0.991608
15	80900000	80920000	8234	49	10038	10586	0.00595094	0.5019	0.77782
15	80920000	80940000	11766	114	9238	11919	0.00968893	0.4619	0.987163
15	80940000	80960000	9705	75	12825	9795	0.00772798	0.64125	0.990812
15	80960000	80980000	9686	55	12609	9786	0.0056783	0.63045	0.989781
15	80980000	81000000	11625	59	7441	11888	0.00507527	0.37205	0.977877
15	81000000	81020000	11145	78	9607	11271	0.00699865	0.48035	0.988821
15	81020000	81040000	13049	106	5661	13173	0.00812323	0.28305	0.990587
15	81040000	81060000	11441	62	9174	11535	0.00541911	0.4587	0.991851
15	81060000	81080000	11176	77	7106	11279	0.00688976	0.3553	0.990868
15	81080000	81100000	13193	81	7256	13309	0.00613962	0.3628	0.991284
15	81100000	81120000	11888	63	6931	13601	0.00529946	0.34655	0.874053
15	81120000	81140000	11033	63	5583	12734	0.00571014	0.27915	0.866421
15	81140000	81160000	13204	79	7970	13319	0.00598304	0.3985	0.991366
15	81160000	81180000	14373	93	7872	14482	0.00647047	0.3936	0.992473
15	81180000	81200000	13258	56	6404	13368	0.00422386	0.3202	0.991771
15	81200000	81220000	13253	75	7643	13882	0.0056591	0.38215	0.95469
15	81220000	81240000	14154	69	5542	14318	0.00487495	0.2771	0.988546
15	81240000	81260000	9929	37	10620	10009	0.00372646	0.531	0.992007
15	81260000	81280000	11109	65	10762	11204	0.00585111	0.5381	0.991521
15	81280000	81300000	10723	45	5760	11488	0.00419659	0.288	0.933409
15	81300000	81320000	11766	81	8100	11883	0.00688424	0.405	0.990154
15	81320000	81340000	12078	77	9424	12324	0.00637523	0.4712	0.980039
15	81340000	81360000	9498	70	13353	9560	0.00736997	0.66765	0.993515
15	81360000	81380000	9804	50	12785	10467	0.00509996	0.63925	0.936658
15	81380000	81400000	11446	68	9625	11524	0.00594094	0.48125	0.993232
15	81400000	81420000	7928	40	15426	8001	0.00504541	0.7713	0.990876
15	81420000	81440000	9332	65	11795	9403	0.00696528	0.58975	0.992449
15	81440000	81460000	11023	78	12134	11214	0.00707611	0.6067	0.982968
15	81460000	81480000	11829	67	9224	11916	0.00566405	0.4612	0.992699
15	81480000	81500000	11087	70	10572	11376	0.0063137	0.5286	0.974596
15	81500000	81520000	9917	59	12666	9999	0.00594938	0.6333	0.991799
15	81520000	81540000	11080	61	15608	11242	0.00550542	0.7804	0.98559
15	81540000	81560000	12739	58	8557	12842	0.00455295	0.42785	0.991979
15	81560000	81580000	13143	68	9023	13313	0.00517386	0.45115	0.987231
15	81580000	81600000	14646	88	5533	14745	0.00600847	0.27665	0.993286
15	81600000	81620000	13441	84	6424	13576	0.00624954	0.3212	0.990056
15	81620000	81640000	13247	78	6939	13377	0.00588813	0.34695	0.990282
15	81640000	81660000	11771	65	8548	11869	0.00552205	0.4274	0.991743
15	81660000	81680000	11586	55	7159	11701	0.00474711	0.35795	0.990172
15	81680000	81700000	13134	72	10497	13279	0.00548196	0.52485	0.989081
15	81700000	81720000	12438	82	10287	12611	0.0065927	0.51435	0.986282
15	81720000	81740000	11407	69	12422	11500	0.00604892	0.6211	0.991913
15	81740000	81760000	7021	62	18304	7081	0.00883065	0.9152	0.991527
15	81760000	81780000	13806	66	9083	13926	0.00478053	0.45415	0.991383
15	81780000	81800000	12707	85	8540	12817	0.00668923	0.427	0.991418
15	81800000	81820000	13044	75	7115	13152	0.00574977	0.35575	0.991788
15	81820000	81840000	10317	57	12799	10415	0.00552486	0.63995	0.99059
15	81840000	81860000	10829	59	12106	11105	0.00544833	0.6053	0.975146
15	81860000	81880000	10353	40	13510	10473	0.00386361	0.6755	0.988542
15	81880000	81900000	11512	57	11478	11607	0.00495136	0.5739	0.991815
15	81900000	81920000	11191	92	12229	11562	0.00822089	0.61145	0.967912
15	81920000	81940000	10825	46	11283	10906	0.00424942	0.56415	0.992573
15	81940000	81960000	6367	35	12108	6420	0.00549709	0.6054	0.991745
15	81960000	81980000	5127	30	16424	5183	0.00585138	0.8212	0.989195
15	81980000	82000000	6171	43	14448	6225	0.00696808	0.7224	0.991325
15	82000000	82020000	7253	32	13360	7321	0.00441197	0.668	0.990712
15	82020000	82040000	8590	47	11128	8644	0.00547148	0.5564	0.993753
15	82040000	82060000	13085	57	7695	13199	0.00435613	0.38475	0.991363
15	82060000	82080000	12904	76	11341	13017	0.00588965	0.56705	0.991319
15	82080000	82100000	8165	50	11514	8234	0.0061237	0.5757	0.99162
15	82100000	82120000	10614	80	8558	10719	0.00753721	0.4279	0.990204
15	82120000	82140000	11774	57	11121	11869	0.00484118	0.55605	0.991996
15	82140000	82160000	12410	83	9066	12517	0.00668815	0.4533	0.991452
15	82160000	82180000	8914	69	12146	8991	0.00774063	0.6073	0.991436
15	82180000	82200000	12239	66	9771	12447	0.0053926	0.48855	0.983289
15	82200000	82220000	10332	60	12988	10466	0.0058072	0.6494	0.987197
15	82220000	82240000	10861	48	11563	11028	0.00441948	0.57815	0.984857
15	82240000	82260000	11061	60	10013	11535	0.00542446	0.50065	0.958908
15	82260000	82280000	10709	67	13654	10815	0.00625642	0.6827	0.990199
15	82280000	82300000	7186	28	17175	7233	0.00389647	0.85875	0.993502
15	82300000	82320000	10693	69	9071	12939	0.00645282	0.45355	0.826416
15	82320000	82340000	11185	57	7125	11795	0.00509611	0.35625	0.948283
15	82340000	82360000	12142	87	9508	12548	0.00716521	0.4754	0.967644
15	82360000	82380000	11079	81	10729	11194	0.00731113	0.53645	0.989727
15	82380000	82400000	9191	63	9463	10681	0.00685453	0.47315	0.8605
15	82400000	82420000	12522	62	7750	12641	0.00495129	0.3875	0.990586
15	82420000	82440000	11633	48	6610	12273	0.00412619	0.3305	0.947853
15	82440000	82460000	13073	63	8376	13206	0.00481909	0.4188	0.989929
15	82460000	82480000	12594	67	7912	12704	0.00531999	0.3956	0.991341
15	82480000	82500000	3249	45	6315	3298	0.0138504	0.31575	0.985143
15	82500000	82520000	1533	31	7188	1610	0.0202218	0.3594	0.952174
15	82520000	82540000	3249	26	8364	3401	0.00800246	0.4182	0.955307
15	82540000	82560000	2576	27	8923	2805	0.0104814	0.44615	0.91836
15	82560000	82580000	3379	22	10664	3795	0.0065108	0.5332	0.890382
15	82580000	82600000	0	0	12211	333		0.61055	0
15	82600000	82620000	0	0	7663	0		0.38315	
15	82620000	82640000	0	0	2845	0		0.14225	
15	82640000	82660000	0	0	6445	0		0.32225	
15	82660000	82680000	0	0	12752	0		0.6376	
15	82680000	82700000	0	0	9907	0		0.49535	
15	82700000	82720000	0	0	8576	0		0.4288	
15	82720000	82740000	0	0	2734	0		0.1367	
15	82740000	82760000	0	0	7397	0		0.36985	
15	82760000	82780000	0	0	6186	0		0.3093	
15	82780000	82800000	0	0	10998	0		0.5499	
15	82800000	82820000	0	0	4408	0		0.2204	
15	82820000	82840000	0	0	2462	0		0.1231	
15	82840000	82860000	0	0	0	0		0	
15	82860000	82880000	0	0	355	0		0.01775	
15	82880000	82900000	0	0	12066	0		0.6033	
15	82900000	82920000	0	0	5651	0		0.28255	
15	82920000	82940000	0	0	3126	0		0.1563	
15	82940000	82960000	0	0	12004	0		0.6002	
15	82960000	82980000	0	0	6480	0		0.324	
15	82980000	83000000	0	0	7248	0		0.3624	
15	83000000	83020000	0	0	2490	0		0.1245	
15	83020000	83040000	0	0	7981	0		0.39905	
15	83040000	83060000	0	0	13174	0		0.6587	
15	83060000	83080000	0	0	9795	0		0.48975	
15	83080000	83100000	0	0	7518	0		0.3759	
15	83100000	83120000	0	0	3925	0		0.19625	
15	83120000	83140000	0	0	5549	0		0.27745	
15	83140000	83160000	0	0	9733	0		0.48665	
15	83160000	83180000	0	0	11550	0		0.5775	
15	83180000	83200000	0	0	4136	0		0.2068	
15	83200000	83220000	1445	6	5595	3762	0.00415225	0.27975	0.384104
15	83220000	83240000	13147	43	4307	13239	0.00327071	0.21535	0.993051
15	83240000	83260000	8897	40	11669	9532	0.0044959	0.58345	0.933382
15	83260000	83280000	6263	38	17809	6342	0.00606738	0.89045	0.987543
15	83280000	83300000	9957	38	13735	10052	0.00381641	0.68675	0.990549
15	83300000	83320000	11742	54	8017	11851	0.00459888	0.40085	0.990802
15	83320000	83340000	12608	55	7336	12689	0.00436231	0.3668	0.993617
15	83340000	83360000	8901	29	10373	8981	0.00325806	0.51865	0.991092
15	83360000	83380000	6731	40	11647	6919	0.00594265	0.58235	0.972828
15	83380000	83400000	7764	42	11989	8860	0.00540958	0.59945	0.876298
15	83400000	83420000	5786	26	14933	6608	0.00449361	0.74665	0.875605
15	83420000	83440000	11928	54	7106	12186	0.00452716	0.3553	0.978828
15	83440000	83460000	8343	26	12003	8485	0.00311638	0.60015	0.983265
15	83460000	83480000	9402	48	9902	9491	0.0051053	0.4951	0.990623
15	83480000	83500000	2973	27	10628	3011	0.00908174	0.5314	0.98738
15	83500000	83520000	12608	62	6436	12699	0.00491751	0.3218	0.992834
15	83520000	83540000	9282	54	10039	10520	0.00581771	0.50195	0.882319
15	83540000	83560000	9130	48	10756	9197	0.00525739	0.5378	0.992715
15	83560000	83580000	10115	57	12618	10194	0.0056352	0.6309	0.99225
15	83580000	83600000	11161	73	9212	11701	0.00654063	0.4606	0.95385
15	83600000	83620000	6944	29	11367	11945	0.00417627	0.56835	0.581331
15	83620000	83640000	10652	44	9577	10794	0.00413068	0.47885	0.986845
15	83640000	83660000	8513	40	11577	8565	0.0046987	0.57885	0.993929
15	83660000	83680000	8625	46	10213	8697	0.00533333	0.51065	0.991721
15	83680000	83700000	9554	35	10331	9613	0.00366339	0.51655	0.993862
15	83700000	83720000	8165	33	15065	8201	0.00404164	0.75325	0.99561
15	83720000	83740000	9672	45	11269	10208	0.00465261	0.56345	0.947492
15	83740000	83760000	8909	44	13635	9201	0.00493883	0.68175	0.968264
15	83760000	83780000	11391	50	11415	11476	0.00438943	0.57075	0.992593
15	83780000	83800000	13160	59	6101	13260	0.00448328	0.30505	0.992459
15	83800000	83820000	12065	52	9364	12118	0.00430999	0.4682	0.995626
15	83820000	83840000	8619	29	13467	8749	0.00336466	0.67335	0.985141
15	83840000	83860000	10968	41	12340	11120	0.00373815	0.617	0.986331
15	83860000	83880000	11105	45	8134	11482	0.00405223	0.4067	0.967166
15	83880000	83900000	5193	18	17919	5635	0.0034662	0.89595	0.921562
15	83900000	83920000	7612	24	16746	7689	0.00315292	0.8373	0.989986
15	83920000	83940000	12455	43	8383	12887	0.00345243	0.41915	0.966478
15	83940000	83960000	12039	65	5496	12158	0.00539912	0.2748	0.990212
15	83960000	83980000	12201	53	7994	12267	0.00434391	0.3997	0.99462
15	83980000	84000000	11901	37	9470	12003	0.00310898	0.4735	0.991502
15	84000000	84020000	9718	41	12063	9849	0.00421898	0.60315	0.986699
15	84020000	84040000	11288	61	7057	11709	0.00540397	0.35285	0.964045
15	84040000	84060000	9204	36	11724	9283	0.00391134	0.5862	0.99149
15	84060000	84080000	11044	45	10329	11226	0.00407461	0.51645	0.983788
15	84080000	84100000	10034	63	11562	10104	0.00627865	0.5781	0.993072
15	84100000	84120000	10747	58	7040	10841	0.00539685	0.352	0.991329
15	84120000	84140000	6781	39	17692	7351	0.00575136	0.8846	0.92246
15	84140000	84160000	12187	72	9665	12285	0.00590793	0.48325	0.992023
15	84160000	84180000	10213	65	11330	11891	0.00636444	0.5665	0.858885
15	84180000	84200000	8834	39	12517	10236	0.00441476	0.62585	0.863032
15	84200000	84220000	10444	72	15646	10525	0.00689391	0.7823	0.992304
15	84220000	84240000	12702	60	10206	12810	0.00472367	0.5103	0.991569
15	84240000	84260000	13225	76	5495	13333	0.00574669	0.27475	0.9919
15	84260000	84280000	9827	52	12838	9888	0.00529154	0.6419	0.993831
15	84280000	84300000	10479	51	10574	10678	0.00486688	0.5287	0.981364
15	84300000	84320000	11002	48	12606	11098	0.00436284	0.6303	0.99135
15	84320000	84340000	11260	75	8425	11493	0.00666075	0.42125	0.979727
15	84340000	84360000	12644	83	11640	12734	0.00656438	0.582	0.992932
15	84360000	84380000	11616	58	9001	11891	0.00499311	0.45005	0.976873
15	84380000	84400000	9066	66	11395	9123	0.00727995	0.56975	0.993752
15	84400000	84420000	12091	61	9828	12247	0.00504507	0.4914	0.987262
15	84420000	84440000	10505	46	11611	10929	0.00437887	0.58055	0.961204
15	84440000	84460000	8382	42	16150	8439	0.00501074	0.8075	0.993246
15	84460000	84480000	9006	62	14092	9866	0.0068843	0.7046	0.912832
15	84480000	84500000	7676	57	12507	8401	0.00742574	0.62535	0.913701
15	84500000	84520000	13094	75	9663	13261	0.00572781	0.48315	0.987407
15	84520000	84540000	7975	44	13022	8032	0.00551724	0.6511	0.992903
15	84540000	84560000	10806	65	11833	10943	0.00601518	0.59165	0.987481
15	84560000	84580000	11511	67	10657	11600	0.00582052	0.53285	0.992328
15	84580000	84600000	13725	108	6889	13843	0.00786885	0.34445	0.991476
15	84600000	84620000	9568	42	11359	9646	0.00438963	0.56795	0.991914
15	84620000	84640000	6085	50	16298	6123	0.00821693	0.8149	0.993794
15	84640000	84660000	13361	80	7460	13513	0.00598758	0.373	0.988752
15	84660000	84680000	13242	68	9590	13414	0.00513518	0.4795	0.987178
15	84680000	84700000	11263	51	12387	11360	0.0045281	0.61935	0.991461
15	84700000	84720000	7956	43	11277	8010	0.00540473	0.56385	0.993258
15	84720000	84740000	3812	21	13488	3857	0.00550892	0.6744	0.988333
15	84740000	84760000	2421	20	11099	2507	0.00826105	0.55495	0.965696
15	84760000	84780000	1860	23	9194	1873	0.0123656	0.4597	0.993059
15	84780000	84800000	1802	33	5750	1827	0.018313	0.2875	0.986316
15	84800000	84820000	790	9	6329	1445	0.0113924	0.31645	0.546713
15	84820000	84840000	0	0	6517	157		0.32585	0
15	84840000	84860000	0	0	7132	0		0.3566	
15	84860000	84880000	0	0	5680	0		0.284	
15	84880000	84900000	0	0	12342	0		0.6171	
15	84900000	84920000	0	0	3249	16		0.16245	0
15	84920000	84940000	0	0	14651	50		0.73255	0
15	84940000	84960000	0	0	3947	92		0.19735	0
15	84960000	84980000	0	0	7310	0		0.3655	
15	84980000	85000000	0	0	276	0		0.0138	
15	85000000	85020000	0	0	0	0		0	
15	85020000	85040000	0	0	3535	0		0.17675	
15	85040000	85060000	0	0	3146	0		0.1573	
15	85060000	85080000	0	0	7833	100		0.39165	0
15	85080000	85100000	0	0	9627	358		0.48135	0
15	85100000	85120000	0	0	10015	948		0.50075	0
15	85120000	85140000	0	0	11966	1332		0.5983	0
15	85140000	85160000	6079	29	10667	8853	0.00477052	0.53335	0.68666
15	85160000	85180000	7374	36	8375	7529	0.00488202	0.41875	0.979413
15	85180000	85200000	9381	39	9300	9772	0.00415734	0.465	0.959988
15	85200000	85220000	10730	34	7455	10804	0.00316869	0.37275	0.993151
15	85220000	85240000	7191	30	11131	7238	0.00417188	0.55655	0.993506
15	85240000	85260000	7883	28	13676	8041	0.00355195	0.6838	0.980351
15	85260000	85280000	5432	17	14023	5549	0.0031296	0.70115	0.978915
15	85280000	85300000	9481	28	11163	9581	0.00295327	0.55815	0.989563
15	85300000	85320000	9700	42	10572	9809	0.0043299	0.5286	0.988888
15	85320000	85340000	10522	51	9212	10595	0.00484699	0.4606	0.99311
15	85340000	85360000	11452	41	6845	11516	0.00358016	0.34225	0.994443
15	85360000	85380000	13222	61	7534	13843	0.00461352	0.3767	0.95514
15	85380000	85400000	10596	39	12475	10694	0.00368063	0.62375	0.990836
15	85400000	85420000	12674	64	6752	13272	0.00504971	0.3376	0.954943
15	85420000	85440000	11772	55	9347	11929	0.0046721	0.46735	0.986839
15	85440000	85460000	9301	72	12489	9406	0.0077411	0.62445	0.988837
15	85460000	85480000	9738	49	11237	10097	0.00503183	0.56185	0.964445
15	85480000	85500000	10569	59	10079	10912	0.00558236	0.50395	0.968567
15	85500000	85520000	10824	84	12733	11238	0.00776053	0.63665	0.963161
15	85520000	85540000	10964	58	8780	11202	0.00529004	0.439	0.978754
15	85540000	85560000	11326	70	10439	11434	0.00618047	0.52195	0.990554
15	85560000	85580000	11609	58	10860	11685	0.00499612	0.543	0.993496
15	85580000	85600000	6692	31	13882	6741	0.0046324	0.6941	0.992731
15	85600000	85620000	10603	63	11732	11294	0.00594171	0.5866	0.938817
15	85620000	85640000	11571	74	8354	11922	0.0063953	0.4177	0.970559
15	85640000	85660000	14480	78	6093	14595	0.00538674	0.30465	0.992121
15	85660000	85680000	11671	65	10307	11771	0.00556936	0.51535	0.991505
15	85680000	85700000	8388	58	14738	8501	0.00691464	0.7369	0.986707
15	85700000	85720000	5363	32	16009	5719	0.00596681	0.80045	0.937751
15	85720000	85740000	0	0	7144	418		0.3572	0
15	85740000	85760000	0	0	6025	0		0.30125	
15	85760000	85780000	0	0	12643	0		0.63215	
15	85780000	85800000	0	0	3165	1		0.15825	0
15	85800000	85820000	951	8	4295	979	0.0084122	0.21475	0.971399
15	85820000	85840000	1596	16	9898	4678	0.0100251	0.4949	0.341171
15	85840000	85860000	353	0	15704	8695	0	0.7852	0.040598
15	85860000	85880000	10247	77	11120	10345	0.00751439	0.556	0.990527
15	85880000	85900000	5948	37	9402	6049	0.00622058	0.4701	0.983303
15	85900000	85920000	9924	52	12912	10309	0.00523982	0.6456	0.962654
15	85920000	85940000	8311	47	9452	8377	0.00565516	0.4726	0.992121
15	85940000	85960000	10598	62	8423	11356	0.00585016	0.42115	0.933251
15	85960000	85980000	10011	62	9655	10096	0.00619319	0.48275	0.991581
15	85980000	86000000	6619	44	13991	6817	0.00664753	0.69955	0.970955
15	86000000	86020000	11488	64	9657	11590	0.00557103	0.48285	0.991199
15	86020000	86040000	9283	65	7104	9415	0.00700205	0.3552	0.98598
15	86040000	86060000	10464	70	6774	13088	0.0066896	0.3387	0.799511
15	86060000	86080000	10765	60	5485	11911	0.00557362	0.27425	0.903786
15	86080000	86100000	12960	71	6969	13064	0.0054784	0.34845	0.992039
15	86100000	86120000	9536	49	8815	10463	0.00513842	0.44075	0.911402
15	86120000	86140000	12175	49	4448	12291	0.00402464	0.2224	0.990562
15	86140000	86160000	12382	49	7926	12580	0.00395736	0.3963	0.984261
15	86160000	86180000	12351	66	7448	12488	0.0053437	0.3724	0.989029
15	86180000	86200000	10224	71	9484	10335	0.00694444	0.4742	0.98926
15	86200000	86220000	10957	56	7034	11045	0.00511089	0.3517	0.992033
15	86220000	86240000	12130	51	6159	12226	0.00420445	0.30795	0.992148
15	86240000	86260000	11176	69	7842	11342	0.00617394	0.3921	0.985364
15	86260000	86280000	11815	51	6527	11904	0.00431655	0.32635	0.992524
15	86280000	86300000	12568	64	4325	12710	0.0050923	0.21625	0.988828
15	86300000	86320000	13503	72	4488	13647	0.00533215	0.2244	0.989448
15	86320000	86340000	11458	54	7761	11608	0.00471286	0.38805	0.987078
15	86340000	86360000	7769	47	14567	7852	0.00604968	0.72835	0.989429
15	86360000	86380000	8918	83	10591	10423	0.00930702	0.52955	0.855608
15	86380000	86400000	9402	65	10708	9508	0.00691342	0.5354	0.988851
15	86400000	86420000	10550	87	11445	10686	0.00824645	0.57225	0.987273
15	86420000	86440000	10873	86	7959	11345	0.0079095	0.39795	0.958396
15	86440000	86460000	10643	67	7470	11508	0.00629522	0.3735	0.924835
15	86460000	86480000	12618	65	10755	12852	0.00515137	0.53775	0.981793
15	86480000	86500000	12574	89	9571	12705	0.0070781	0.47855	0.989689
15	86500000	86520000	7604	63	9204	7689	0.00828511	0.4602	0.988945
15	86520000	86540000	10672	115	10040	11266	0.0107759	0.502	0.947275
15	86540000	86560000	12289	123	8858	12528	0.010009	0.4429	0.980923
15	86560000	86580000	11482	78	8890	12126	0.00679324	0.4445	0.946891
15	86580000	86600000	11385	62	9921	11499	0.00544576	0.49605	0.990086
15	86600000	86620000	12261	95	10637	12390	0.00774814	0.53185	0.989588
15	86620000	86640000	14313	125	7619	14469	0.00873332	0.38095	0.989218
15	86640000	86660000	10227	85	12816	10351	0.00831133	0.6408	0.98802
15	86660000	86680000	12579	97	8532	12722	0.00771126	0.4266	0.98876
15	86680000	86700000	8255	59	12243	8334	0.00714718	0.61215	0.990521
15	86700000	86720000	11406	81	11529	11524	0.00710153	0.57645	0.98976
15	86720000	86740000	11810	103	10129	11945	0.00872142	0.50645	0.988698
15	86740000	86760000	8301	40	13124	8403	0.0048187	0.6562	0.987861
15	86760000	86780000	13551	118	6903	14355	0.00870784	0.34515	0.943992
15	86780000	86800000	12092	85	8607	12325	0.00702944	0.43035	0.981095
15	86800000	86820000	13849	80	6083	14008	0.00577659	0.30415	0.988649
15	86820000	86840000	12001	85	7627	12289	0.00708274	0.38135	0.976564
15	86840000	86860000	12210	88	8110	12325	0.00720721	0.4055	0.990669
15	86860000	86880000	10393	56	12760	10498	0.00538824	0.638	0.989998
15	86880000	86900000	12757	87	9133	12882	0.00681979	0.45665	0.990297
15	86900000	86920000	12658	86	11518	12861	0.00679412	0.5759	0.984216
15	86920000	86940000	13098	114	8336	13582	0.00870362	0.4168	0.964365
15	86940000	86960000	12174	84	7698	12295	0.00689995	0.3849	0.990159
15	86960000	86980000	10061	60	10254	10174	0.00596362	0.5127	0.988893
15	86980000	87000000	13749	116	6561	13902	0.00843698	0.32805	0.988994
15	87000000	87020000	7276	57	13219	7361	0.00783397	0.66095	0.988453
15	87020000	87040000	10888	110	8573	11005	0.0101029	0.42865	0.989368
15	87040000	87060000	12604	70	12525	13434	0.00555379	0.62625	0.938216
15	87060000	87080000	8780	43	11041	8860	0.00489749	0.55205	0.990971
15	87080000	87100000	13575	107	9776	13725	0.00788214	0.4888	0.989071
15	87100000	87120000	8290	55	13361	8458	0.0066345	0.66805	0.980137
15	87120000	87140000	9465	90	14807	9588	0.00950872	0.74035	0.987171
15	87140000	87160000	13435	96	7792	13563	0.00714552	0.3896	0.990563
15	87160000	87180000	11914	93	8022	12024	0.00780594	0.4011	0.990852
15	87180000	87200000	13741	97	8564	14057	0.00705917	0.4282	0.97752
15	87200000	87220000	14123	82	4587	14264	0.00580613	0.22935	0.990115
15	87220000	87240000	11179	80	10666	11318	0.00715628	0.5333	0.987719
15	87240000	87260000	11591	89	9344	11929	0.00767837	0.4672	0.971666
15	87260000	87280000	10002	93	11792	10184	0.00929814	0.5896	0.982129
15	87280000	87300000	10813	83	7345	10924	0.00767595	0.36725	0.989839
15	87300000	87320000	13999	90	8247	14144	0.00642903	0.41235	0.989748
15	87320000	87340000	11904	86	9461	12034	0.00722446	0.47305	0.989197
15	87340000	87360000	14355	112	4454	14530	0.00780216	0.2227	0.987956
15	87360000	87380000	7901	61	16270	9419	0.00772054	0.8135	0.838836
15	87380000	87400000	12626	90	8376	13147	0.00712815	0.4188	0.960371
15	87400000	87420000	13141	101	6594	13432	0.00768587	0.3297	0.978335
15	87420000	87440000	9806	89	5699	9931	0.00907608	0.28495	0.987413
15	87440000	87460000	12472	101	9554	12709	0.00809814	0.4777	0.981352
15	87460000	87480000	12369	76	7188	12494	0.00614439	0.3594	0.989995
15	87480000	87500000	10146	71	13895	10268	0.00699783	0.69475	0.988118
15	87500000	87520000	9737	72	11478	9867	0.00739447	0.5739	0.986825
15	87520000	87540000	10612	72	11438	11638	0.00678477	0.5719	0.911841
15	87540000	87560000	6437	52	14085	6520	0.0080783	0.70425	0.98727
15	87560000	87580000	6681	62	14720	6796	0.00928005	0.736	0.983078
15	87580000	87600000	9844	70	15478	9948	0.00711093	0.7739	0.989546
15	87600000	87620000	12216	95	12566	12336	0.00777669	0.6283	0.990272
15	87620000	87640000	13473	101	6882	13659	0.00749647	0.3441	0.986383
15	87640000	87660000	9572	71	18646	9677	0.00741747	0.9323	0.98915
15	87660000	87680000	13299	82	8086	13423	0.00616588	0.4043	0.990762
15	87680000	87700000	11344	58	10969	11441	0.00511283	0.54845	0.991522
15	87700000	87720000	11580	63	10106	11692	0.00544041	0.5053	0.990421
15	87720000	87740000	13284	97	11285	13453	0.00730202	0.56425	0.987438
15	87740000	87760000	13586	114	7090	13730	0.00839099	0.3545	0.989512
15	87760000	87780000	9690	57	10769	9812	0.00588235	0.53845	0.987566
15	87780000	87800000	9650	53	10462	9734	0.00549223	0.5231	0.99137
15	87800000	87820000	8246	44	13989	8363	0.00533592	0.69945	0.98601
15	87820000	87840000	9467	70	16444	9689	0.00739411	0.8222	0.977087
15	87840000	87860000	13762	85	9278	13886	0.00617643	0.4639	0.99107
15	87860000	87880000	9806	65	13453	9936	0.00662859	0.67265	0.986916
15	87880000	87900000	12989	59	8304	13131	0.00454231	0.4152	0.989186
15	87900000	87920000	9900	56	14976	10001	0.00565657	0.7488	0.989901
15	87920000	87940000	9248	51	13386	9332	0.00551471	0.6693	0.990999
15	87940000	87960000	13279	72	10942	13415	0.0054221	0.5471	0.989862
15	87960000	87980000	12997	107	8998	13137	0.00823267	0.4499	0.989343
15	87980000	88000000	11916	112	12857	12039	0.00939913	0.64285	0.989783
15	88000000	88020000	8746	97	14889	8889	0.0110908	0.74445	0.983913
15	88020000	88040000	12378	100	8221	12507	0.00807885	0.41105	0.989686
15	88040000	88060000	9355	106	10225	9483	0.0113308	0.51125	0.986502
15	88060000	88080000	11009	92	8103	12295	0.0083568	0.40515	0.895405
15	88080000	88100000	10782	71	12774	10890	0.00658505	0.6387	0.990083
15	88100000	88120000	12404	79	9161	12517	0.00636891	0.45805	0.990972
15	88120000	88140000	13185	103	7368	13922	0.00781191	0.3684	0.947062
15	88140000	88160000	14008	89	10446	14141	0.00635351	0.5223	0.990595
15	88160000	88180000	13528	96	9741	13672	0.00709639	0.48705	0.989468
15	88180000	88200000	13860	102	8468	14026	0.00735931	0.4234	0.988165
15	88200000	88220000	9460	55	15176	9548	0.00581395	0.7588	0.990783
15	88220000	88240000	12257	76	10688	12374	0.00620054	0.5344	0.990545
15	88240000	88260000	12806	60	7718	12938	0.0046853	0.3859	0.989797
15	88260000	88280000	14433	102	5518	14589	0.00706714	0.2759	0.989307
15	88280000	88300000	12779	102	7131	12879	0.00798185	0.35655	0.992235
15	88300000	88320000	9184	73	11361	9333	0.00794861	0.56805	0.984035
15	88320000	88340000	13235	97	7605	13362	0.00732905	0.38025	0.990495
15	88340000	88360000	13015	87	12786	13151	0.00668459	0.6393	0.989659
15	88360000	88380000	8806	69	12016	8947	0.00783557	0.6008	0.984241
15	88380000	88400000	8250	144	10798	11350	0.0174545	0.5399	0.726872
15	88400000	88420000	14124	79	2013	14235	0.00559332	0.10065	0.992202
15	88420000	88440000	12498	78	10366	12589	0.006241	0.5183	0.992771
15	88440000	88460000	14347	89	4192	14468	0.00620339	0.2096	0.991637
15	88460000	88480000	14221	83	5290	14368	0.00583644	0.2645	0.989769
15	88480000	88500000	14205	88	5267	14342	0.006195	0.26335	0.990448
15	88500000	88520000	14289	93	5103	14440	0.0065085	0.25515	0.989543
15	88520000	88540000	12445	55	6146	13179	0.00441945	0.3073	0.944305
15	88540000	88560000	14401	86	6429	14532	0.00597181	0.32145	0.990985
15	88560000	88580000	13930	107	6882	14091	0.00768126	0.3441	0.988574
15	88580000	88600000	14325	90	5762	14541	0.00628272	0.2881	0.985145
15	88600000	88620000	13019	75	7065	13146	0.00576081	0.35325	0.990339
15	88620000	88640000	13570	90	8608	13705	0.00663228	0.4304	0.99015
15	88640000	88660000	11486	56	7735	12855	0.0048755	0.38675	0.893504
15	88660000	88680000	14304	74	5539	14543	0.00517338	0.27695	0.983566
15	88680000	88700000	12897	92	7246	13568	0.00713344	0.3623	0.950545
15	88700000	88720000	14718	72	5678	14876	0.00489197	0.2839	0.989379
15	88720000	88740000	14362	87	7571	14480	0.00605765	0.37855	0.991851
15	88740000	88760000	13596	88	7834	13721	0.00647249	0.3917	0.99089
15	88760000	88780000	12889	93	6699	14562	0.00721546	0.33495	0.885112
15	88780000	88800000	13830	81	4303	14847	0.00585683	0.21515	0.931501
15	88800000	88820000	13151	78	4412	13694	0.00593111	0.2206	0.960348
15	88820000	88840000	13637	72	5825	14313	0.00527975	0.29125	0.95277
15	88840000	88860000	13316	71	8826	13436	0.00533193	0.4413	0.991069
15	88860000	88880000	13749	95	9529	13917	0.00690959	0.47645	0.987928
15	88880000	88900000	12220	70	12465	12325	0.00572831	0.62325	0.991481
15	88900000	88920000	7447	65	12187	8667	0.00872835	0.60935	0.859236
15	88920000	88940000	12956	95	9144	13082	0.00733251	0.4572	0.990368
15	88940000	88960000	13276	71	12932	13400	0.005348	0.6466	0.990746
15	88960000	88980000	11901	89	15171	12007	0.00747836	0.75855	0.991172
15	88980000	89000000	14006	78	9443	14152	0.00556904	0.47215	0.989683
15	89000000	89020000	12507	59	9328	12595	0.00471736	0.4664	0.993013
15	89020000	89040000	13418	74	7449	13592	0.00551498	0.37245	0.987198
15	89040000	89060000	12756	60	11201	12936	0.00470367	0.56005	0.986085
15	89060000	89080000	9863	63	12537	10645	0.00638751	0.62685	0.926538
15	89080000	89100000	2284	26	18775	2360	0.0113835	0.93875	0.967797
15	89100000	89120000	8718	54	11655	8807	0.00619408	0.58275	0.989894
15	89120000	89140000	8055	39	16969	8154	0.00484171	0.84845	0.987859
15	89140000	89160000	11879	125	6992	11989	0.0105228	0.3496	0.990825
15	89160000	89180000	9915	77	9767	9984	0.00776601	0.48835	0.993089
15	89180000	89200000	11606	65	9056	11867	0.00560055	0.4528	0.978006
15	89200000	89220000	7411	46	16428	7487	0.00620699	0.8214	0.989849
15	89220000	89240000	11105	93	9894	11932	0.00837461	0.4947	0.930691
15	89240000	89260000	13470	82	9153	13629	0.0060876	0.45765	0.988334
15	89260000	89280000	9921	62	11682	10308	0.00624937	0.5841	0.962456
15	89280000	89300000	11669	65	10112	11806	0.00557031	0.5056	0.988396
15	89300000	89320000	11904	61	12601	12139	0.00512433	0.63005	0.980641
15	89320000	89340000	9470	71	11394	10576	0.00749736	0.5697	0.895424
15	89340000	89360000	12980	78	7063	13104	0.00600924	0.35315	0.990537
15	89360000	89380000	11719	75	8119	11838	0.00639986	0.40595	0.989948
15	89380000	89400000	11085	66	5984	11318	0.00595399	0.2992	0.979413
15	89400000	89420000	13152	111	3225	13507	0.00843978	0.16125	0.973717
15	89420000	89440000	10278	76	9950	11008	0.00739443	0.4975	0.933685
15	89440000	89460000	10417	67	6412	10848	0.00643179	0.3206	0.960269
15	89460000	89480000	4913	53	16167	4958	0.0107877	0.80835	0.990924
15	89480000	89500000	6027	45	14687	6080	0.0074664	0.73435	0.991283
15	89500000	89520000	4254	50	17279	4364	0.0117536	0.86395	0.974794
15	89520000	89540000	6652	45	13793	7122	0.00676488	0.68965	0.934007
15	89540000	89560000	6084	45	16483	6457	0.00739645	0.82415	0.942233
15	89560000	89580000	8052	68	14737	8135	0.00844511	0.73685	0.989797
15	89580000	89600000	5782	45	14424	5842	0.00778277	0.7212	0.98973
15	89600000	89620000	9609	47	12171	9684	0.00489125	0.60855	0.992255
15	89620000	89640000	9661	49	8745	11395	0.00507194	0.43725	0.847828
15	89640000	89660000	11384	65	6001	13285	0.00570977	0.30005	0.856906
15	89660000	89680000	12029	63	6824	12120	0.00523734	0.3412	0.992492
15	89680000	89700000	10823	51	7992	11597	0.00471219	0.3996	0.933259
15	89700000	89720000	11555	70	8187	11669	0.00605798	0.40935	0.990231
15	89720000	89740000	12180	85	7259	12417	0.00697865	0.36295	0.980913
15	89740000	89760000	10846	52	7053	10941	0.00479439	0.35265	0.991317
15	89760000	89780000	8614	37	13010	8848	0.00429533	0.6505	0.973553
15	89780000	89800000	8828	39	14627	8907	0.00441776	0.73135	0.991131
15	89800000	89820000	9758	47	11162	9883	0.00481656	0.5581	0.987352
15	89820000	89840000	10053	44	8396	10123	0.0043768	0.4198	0.993085
15	89840000	89860000	11400	53	8968	11504	0.00464912	0.4484	0.99096
15	89860000	89880000	13857	57	4160	14055	0.00411344	0.208	0.985912
15	89880000	89900000	10622	52	10705	10750	0.0048955	0.53525	0.988093
15	89900000	89920000	14140	68	1697	14269	0.00480905	0.08485	0.990959
15	89920000	89940000	13593	70	3659	14091	0.00514971	0.18295	0.964658
15	89940000	89960000	14216	54	2939	14357	0.00379854	0.14695	0.990179
15	89960000	89980000	13377	69	7135	13504	0.00515811	0.35675	0.990595
15	89980000	90000000	11169	72	8630	12486	0.00644641	0.4315	0.894522
15	90000000	90020000	9926	57	12343	10023	0.00574249	0.61715	0.990322
15	90020000	90040000	11872	51	6681	13075	0.00429582	0.33405	0.907992
15	90040000	90060000	10796	69	12160	10896	0.00639126	0.608	0.990822
15	90060000	90080000	9980	61	13693	10081	0.00611222	0.68465	0.989981
15	90080000	90100000	9280	48	12597	9625	0.00517241	0.62985	0.964156
15	90100000	90120000	6199	40	15702	7876	0.00645265	0.7851	0.787075
15	90120000	90140000	5889	21	10539	12010	0.00356597	0.52695	0.490341
15	90140000	90160000	9744	34	12932	9794	0.00348933	0.6466	0.994895
15	90160000	90180000	10097	47	6812	10183	0.00465485	0.3406	0.991555
15	90180000	90200000	5584	22	11022	8823	0.00393983	0.5511	0.632891
15	90200000	90220000	11915	94	8993	12021	0.00788922	0.44965	0.991182
15	90220000	90240000	8921	66	8781	10313	0.00739827	0.43905	0.865025
15	90240000	90260000	9258	50	11777	10401	0.00540073	0.58885	0.890107
15	90260000	90280000	10911	75	11868	11011	0.0068738	0.5934	0.990918
15	90280000	90300000	9322	59	8588	9405	0.00632911	0.4294	0.991175
15	90300000	90320000	10326	52	8966	10405	0.00503583	0.4483	0.992407
15	90320000	90340000	9344	67	11537	9426	0.00717038	0.57685	0.991301
15	90340000	90360000	12524	111	6161	12644	0.00886298	0.30805	0.990509
15	90360000	90380000	11753	92	8949	11856	0.00782779	0.44745	0.991312
15	90380000	90400000	8864	32	12658	8963	0.00361011	0.6329	0.988955
15	90400000	90420000	8730	39	11066	8778	0.00446735	0.5533	0.994532
15	90420000	90440000	7993	33	10809	8062	0.00412861	0.54045	0.991441
15	90440000	90460000	11028	78	9768	11132	0.00707291	0.4884	0.990658
15	90460000	90480000	7481	74	15144	7561	0.00989173	0.7572	0.989419
15	90480000	90500000	6254	51	15289	6313	0.00815478	0.76445	0.990654
15	90500000	90520000	7770	52	13798	7946	0.00669241	0.6899	0.97785
15	90520000	90540000	6292	37	15198	6405	0.00588048	0.7599	0.982358
15	90540000	90560000	9733	74	10766	10445	0.007603	0.5383	0.931833
15	90560000	90580000	10604	68	9077	11351	0.00641267	0.45385	0.934191
15	90580000	90600000	13100	66	6779	13192	0.00503817	0.33895	0.993026
15	90600000	90620000	10901	60	8582	11044	0.00550408	0.4291	0.987052
15	90620000	90640000	10403	76	7152	10519	0.00730558	0.3576	0.988972
15	90640000	90660000	7137	57	12919	7557	0.00798655	0.64595	0.944422
15	90660000	90680000	4896	28	16663	5001	0.00571895	0.83315	0.979004
15	90680000	90700000	6573	73	13867	6949	0.011106	0.69335	0.945891
15	90700000	90720000	7098	72	14134	7170	0.0101437	0.7067	0.989958
15	90720000	90740000	8367	50	12230	8452	0.00597586	0.6115	0.989943
15	90740000	90760000	11145	52	8835	11247	0.00466577	0.44175	0.990931
15	90760000	90780000	11112	106	6436	11568	0.00953924	0.3218	0.960581
15	90780000	90800000	6246	27	10188	7494	0.00432277	0.5094	0.833467
15	90800000	90820000	8687	57	7669	8933	0.00656153	0.38345	0.972462
15	90820000	90840000	1099	28	7859	1301	0.0254777	0.39295	0.844735
15	90840000	90860000	5067	40	9226	5732	0.00789422	0.4613	0.883985
15	90860000	90880000	5845	30	14956	6130	0.00513259	0.7478	0.953507
15	90880000	90900000	7241	42	11085	7569	0.0058003	0.55425	0.956665
15	90900000	90920000	1386	3	11643	8486	0.0021645	0.58215	0.163328
15	90920000	90940000	0	0	10506	8487		0.5253	0
15	90940000	90960000	5841	45	10725	9825	0.00770416	0.53625	0.594504
15	90960000	90980000	9220	52	9512	9302	0.00563991	0.4756	0.991185
15	90980000	91000000	10997	47	8699	11089	0.00427389	0.43495	0.991703
15	91000000	91020000	10145	45	9553	10300	0.00443568	0.47765	0.984951
15	91020000	91040000	11290	31	7188	11375	0.00274579	0.3594	0.992527
15	91040000	91060000	7572	46	12925	7645	0.00607501	0.64625	0.990451
15	91060000	91080000	8033	31	14498	8090	0.00385908	0.7249	0.992954
15	91080000	91100000	10580	64	11423	10814	0.00604915	0.57115	0.978361
15	91100000	91120000	10064	43	14013	10149	0.00427266	0.70065	0.991625
15	91120000	91140000	10080	48	9263	10170	0.0047619	0.46315	0.99115
15	91140000	91160000	12137	55	6439	12399	0.0045316	0.32195	0.978869
15	91160000	91180000	9646	42	10160	10065	0.00435414	0.508	0.958371
15	91180000	91200000	8410	54	8110	10574	0.00642093	0.4055	0.795347
15	91200000	91220000	8453	42	10703	8533	0.00496865	0.53515	0.990625
15	91220000	91240000	6549	44	12528	6605	0.00671858	0.6264	0.991522
15	91240000	91260000	7410	35	15785	7726	0.00472335	0.78925	0.959099
15	91260000	91280000	8076	45	16380	8160	0.00557207	0.819	0.989706
15	91280000	91300000	9609	58	11734	9937	0.00603601	0.5867	0.966992
15	91300000	91320000	9994	57	11094	10213	0.00570342	0.5547	0.978557
15	91320000	91340000	9770	68	12656	9851	0.00696008	0.6328	0.991777
15	91340000	91360000	10869	60	8542	11016	0.00552029	0.4271	0.986656
15	91360000	91380000	7533	58	11641	7656	0.00769946	0.58205	0.983934
15	91380000	91400000	6627	42	12209	7360	0.00633771	0.61045	0.900408
15	91400000	91420000	10242	46	7045	10383	0.00449131	0.35225	0.98642
15	91420000	91440000	12315	61	4322	12488	0.00495331	0.2161	0.986147
15	91440000	91460000	10855	50	7725	11297	0.00460617	0.38625	0.960875
15	91460000	91480000	10734	67	8283	10849	0.00624185	0.41415	0.9894
15	91480000	91500000	9301	60	8631	9770	0.00645092	0.43155	0.951996
15	91500000	91520000	10052	54	9575	10251	0.00537207	0.47875	0.980587
15	91520000	91540000	8727	40	9969	8918	0.00458348	0.49845	0.978583
15	91540000	91560000	10855	70	8476	10946	0.00644864	0.4238	0.991686
15	91560000	91580000	5471	49	8931	5654	0.00895632	0.44655	0.967634
15	91580000	91600000	6628	62	10420	6724	0.00935425	0.521	0.985723
15	91600000	91620000	10765	87	11693	10889	0.00808175	0.58465	0.988612
15	91620000	91640000	7547	56	16707	7634	0.00742017	0.83535	0.988604
15	91640000	91660000	12367	64	9185	12472	0.00517506	0.45925	0.991581
15	91660000	91680000	10777	82	9543	11253	0.0076088	0.47715	0.9577
15	91680000	91700000	12313	103	9896	12437	0.00836514	0.4948	0.99003
15	91700000	91720000	10686	97	12971	11005	0.0090773	0.64855	0.971013
15	91720000	91740000	9494	91	10272	9589	0.009585	0.5136	0.990093
15	91740000	91760000	11827	80	8942	11939	0.00676418	0.4471	0.990619
15	91760000	91780000	11948	98	9174	12091	0.00820221	0.4587	0.988173
15	91780000	91800000	13249	86	10639	13386	0.00649106	0.53195	0.989765
15	91800000	91820000	11672	85	8950	12289	0.00728239	0.4475	0.949792
15	91820000	91840000	13567	92	6616	13684	0.00678116	0.3308	0.99145
15	91840000	91860000	12232	81	8694	12427	0.00662198	0.4347	0.984308
15	91860000	91880000	10414	93	12693	10553	0.00893029	0.63465	0.986828
15	91880000	91900000	12154	104	8551	12848	0.00855685	0.42755	0.945984
15	91900000	91920000	9285	80	12863	9401	0.00861605	0.64315	0.987661
15	91920000	91940000	8560	64	15439	8945	0.00747664	0.77195	0.956959
15	91940000	91960000	11057	84	11876	11208	0.007597	0.5938	0.986527
15	91960000	91980000	11080	84	10694	11251	0.00758123	0.5347	0.984801
15	91980000	92000000	7051	41	15652	7863	0.00581478	0.7826	0.896732
15	92000000	92020000	12401	100	14070	12531	0.00806387	0.7035	0.989626
15	92020000	92040000	11168	122	12175	11318	0.0109241	0.60875	0.986747
15	92040000	92060000	9827	73	11903	9928	0.00742851	0.59515	0.989827
15	92060000	92080000	11533	104	11160	12889	0.0090176	0.558	0.894794
15	92080000	92100000	14199	114	7600	14338	0.00802873	0.38	0.990305
15	92100000	92120000	12177	101	10447	12293	0.00829433	0.52235	0.990564
15	92120000	92140000	9906	85	13570	10031	0.00858066	0.6785	0.987539
15	92140000	92160000	13286	93	11135	13585	0.00699985	0.55675	0.97799
15	92160000	92180000	10715	90	10323	12601	0.00839944	0.51615	0.850329
15	92180000	92200000	11104	63	9578	11225	0.00567363	0.4789	0.98922
15	92200000	92220000	14106	75	8682	14277	0.00531689	0.4341	0.988023
15	92220000	92240000	12849	89	9090	12971	0.00692661	0.4545	0.990594
15	92240000	92260000	12951	110	10142	13102	0.00849355	0.5071	0.988475
15	92260000	92280000	12584	101	13225	12848	0.00802606	0.66125	0.979452
15	92280000	92300000	11493	84	8804	11891	0.0073088	0.4402	0.966529
15	92300000	92320000	12169	98	7748	12288	0.00805325	0.3874	0.990316
15	92320000	92340000	13018	110	8167	13174	0.00844984	0.40835	0.988158
15	92340000	92360000	10665	54	12367	10780	0.00506329	0.61835	0.989332
15	92360000	92380000	13975	73	7138	14114	0.00522361	0.3569	0.990152
15	92380000	92400000	11841	75	7576	12008	0.00633392	0.3788	0.986093
15	92400000	92420000	12091	68	6580	12408	0.00562402	0.329	0.974452
15	92420000	92440000	11349	62	7122	12970	0.00546304	0.3561	0.875019
15	92440000	92460000	12951	75	8915	13064	0.00579106	0.44575	0.99135
15	92460000	92480000	13222	96	6224	13352	0.00726063	0.3112	0.990264
15	92480000	92500000	13261	95	7463	13385	0.00716386	0.37315	0.990736
15	92500000	92520000	11133	79	9535	11255	0.00709602	0.47675	0.98916
15	92520000	92540000	14132	105	7569	14329	0.00742995	0.37845	0.986252
15	92540000	92560000	12610	129	7027	12954	0.01023	0.35135	0.973444
15	92560000	92580000	12635	85	6698	13548	0.00672734	0.3349	0.93261
15	92580000	92600000	11463	95	9730	11703	0.00828753	0.4865	0.979492
15	92600000	92620000	12888	100	8046	13036	0.00775916	0.4023	0.988647
15	92620000	92640000	13104	112	9986	13269	0.00854701	0.4993	0.987565
15	92640000	92660000	13822	130	4653	14022	0.0094053	0.23265	0.985737
15	92660000	92680000	14065	107	6839	14237	0.00760754	0.34195	0.987919
15	92680000	92700000	10753	113	8810	11134	0.0105087	0.4405	0.96578
15	92700000	92720000	13127	97	3887	13677	0.00738935	0.19435	0.959787
15	92720000	92740000	14265	135	6165	14430	0.00946372	0.30825	0.988565
15	92740000	92760000	4019	50	18925	4093	0.0124409	0.94625	0.98192
15	92760000	92780000	11634	95	11763	11743	0.00816572	0.58815	0.990718
15	92780000	92800000	7142	68	14425	7287	0.00952114	0.72125	0.980102
15	92800000	92820000	11186	92	12547	11384	0.00822457	0.62735	0.982607
15	92820000	92840000	11917	76	11682	12091	0.00637744	0.5841	0.985609
15	92840000	92860000	10665	83	10825	10763	0.00778247	0.54125	0.990895
15	92860000	92880000	13691	89	7426	13809	0.00650062	0.3713	0.991455
15	92880000	92900000	13064	81	8599	13189	0.00620024	0.42995	0.990522
15	92900000	92920000	12435	72	8687	12921	0.00579011	0.43435	0.962387
15	92920000	92940000	12910	98	7416	13172	0.00759101	0.3708	0.980109
15	92940000	92960000	13831	68	6868	13979	0.00491649	0.3434	0.989413
15	92960000	92980000	12268	64	6512	12442	0.00521682	0.3256	0.986015
15	92980000	93000000	12891	93	9249	13028	0.00721434	0.46245	0.989484
15	93000000	93020000	14900	90	4637	15072	0.00604027	0.23185	0.988588
15	93020000	93040000	11376	88	9434	11466	0.00773558	0.4717	0.992151
15	93040000	93060000	9104	77	14096	9514	0.00845782	0.7048	0.956906
15	93060000	93080000	11183	81	9894	11285	0.00724314	0.4947	0.990961
15	93080000	93100000	12052	78	13418	12157	0.00647195	0.6709	0.991363
15	93100000	93120000	9042	49	10801	9171	0.00541916	0.54005	0.985934
15	93120000	93140000	14230	85	5303	14759	0.0059733	0.26515	0.964157
15	93140000	93160000	5800	35	4996	13836	0.00603448	0.2498	0.419196
15	93160000	93180000	0	0	7544	10555		0.3772	0
15	93180000	93200000	11261	91	8053	12554	0.00808099	0.40265	0.897005
15	93200000	93220000	11075	78	9856	11693	0.00704289	0.4928	0.947148
15	93220000	93240000	10959	85	10542	11096	0.00775618	0.5271	0.987653
15	93240000	93260000	8808	69	11154	8940	0.00783379	0.5577	0.985235
15	93260000	93280000	7596	59	14724	7684	0.00776725	0.7362	0.988548
15	93280000	93300000	6275	30	15065	6341	0.00478088	0.75325	0.989592
15	93300000	93320000	4838	52	15926	4970	0.0107482	0.7963	0.973441
15	93320000	93340000	5656	54	13265	5722	0.00954738	0.66325	0.988466
15	93340000	93360000	5508	40	12039	5738	0.00726216	0.60195	0.959916
15	93360000	93380000	7644	41	10939	7718	0.00536368	0.54695	0.990412
15	93380000	93400000	6924	53	11170	7027	0.00765453	0.5585	0.985342
15	93400000	93420000	6131	60	15611	6200	0.00978633	0.78055	0.988871
15	93420000	93440000	10891	37	5137	11273	0.0033973	0.25685	0.966114
15	93440000	93460000	10120	54	5692	10615	0.00533597	0.2846	0.953368
15	93460000	93480000	10577	55	6804	10703	0.00519996	0.3402	0.988228
15	93480000	93500000	12030	80	6080	12165	0.00665004	0.304	0.988903
15	93500000	93520000	11025	76	11105	11169	0.00689342	0.55525	0.987107
15	93520000	93540000	12091	72	7686	12204	0.00595484	0.3843	0.990741
15	93540000	93560000	11498	75	8429	11596	0.00652287	0.42145	0.991549
15	93560000	93580000	11613	104	7473	12666	0.00895548	0.37365	0.916864
15	93580000	93600000	11368	110	5960	13215	0.00967628	0.298	0.860235
15	93600000	93620000	11134	115	3491	11286	0.0103287	0.17455	0.986532
15	93620000	93640000	13150	84	8076	13272	0.00638783	0.4038	0.990808
15	93640000	93660000	10660	66	12075	10861	0.00619137	0.60375	0.981493
15	93660000	93680000	10986	82	8712	11087	0.00746405	0.4356	0.99089
15	93680000	93700000	12119	110	8134	12373	0.00907666	0.4067	0.979471
15	93700000	93720000	10451	73	11091	10921	0.00698498	0.55455	0.956964
15	93720000	93740000	8816	79	11997	9261	0.00896098	0.59985	0.951949
15	93740000	93760000	12140	105	9445	12275	0.00864909	0.47225	0.989002
15	93760000	93780000	9686	61	13072	10499	0.00629775	0.6536	0.922564
15	93780000	93800000	10257	77	10626	11588	0.00750707	0.5313	0.88514
15	93800000	93820000	10786	81	10396	10905	0.00750973	0.5198	0.989088
15	93820000	93840000	11087	77	9997	11207	0.00694507	0.49985	0.989292
15	93840000	93860000	10517	66	8824	11295	0.00627555	0.4412	0.93112
15	93860000	93880000	11758	73	8317	11852	0.00620854	0.41585	0.992069
15	93880000	93900000	9302	77	9089	9586	0.00827779	0.45445	0.970373
15	93900000	93920000	12583	111	9450	12746	0.00882143	0.4725	0.987212
15	93920000	93940000	7496	69	11039	7794	0.00920491	0.55195	0.961765
15	93940000	93960000	9339	104	10849	9440	0.0111361	0.54245	0.989301
15	93960000	93980000	11720	89	6340	11901	0.00759386	0.317	0.984791
15	93980000	94000000	11771	125	14516	11975	0.0106193	0.7258	0.982965
15	94000000	94020000	9887	74	8442	10973	0.00748458	0.4221	0.90103
15	94020000	94040000	11735	79	6123	12256	0.006732	0.30615	0.95749
15	94040000	94060000	11044	78	10255	11174	0.00706266	0.51275	0.988366
15	94060000	94080000	12151	100	8974	12270	0.00822978	0.4487	0.990302
15	94080000	94100000	12318	96	9674	12437	0.00779347	0.4837	0.990432
15	94100000	94120000	13114	97	7372	13497	0.00739668	0.3686	0.971623
15	94120000	94140000	11591	90	9855	11870	0.00776464	0.49275	0.976495
15	94140000	94160000	13312	143	8538	13455	0.0107422	0.4269	0.989372
15	94160000	94180000	8169	93	13242	9918	0.0113845	0.6621	0.823654
15	94180000	94200000	12495	115	9556	12651	0.00920368	0.4778	0.987669
15	94200000	94220000	12227	96	7492	12453	0.00785148	0.3746	0.981852
15	94220000	94240000	8445	55	13064	8797	0.00651273	0.6532	0.959986
15	94240000	94260000	12822	92	10514	12953	0.00717517	0.5257	0.989887
15	94260000	94280000	9386	68	13768	9525	0.00724483	0.6884	0.985407
15	94280000	94300000	5490	46	18119	5584	0.00837887	0.90595	0.983166
15	94300000	94320000	12012	77	7318	12955	0.00641026	0.3659	0.92721
15	94320000	94340000	9836	67	9306	9941	0.00681171	0.4653	0.989438
15	94340000	94360000	10271	66	10851	10430	0.00642586	0.54255	0.984756
15	94360000	94380000	11477	100	8825	11631	0.00871308	0.44125	0.98676
15	94380000	94400000	10349	101	13387	11238	0.0097594	0.66935	0.920893
15	94400000	94420000	11665	80	11335	11766	0.00685812	0.56675	0.991416
15	94420000	94440000	13768	106	7827	13895	0.00769901	0.39135	0.99086
15	94440000	94460000	12173	109	9037	12333	0.00895424	0.45185	0.987027
15	94460000	94480000	11507	91	11031	11622	0.00790823	0.55155	0.990105
15	94480000	94500000	11449	82	8963	11550	0.0071622	0.44815	0.991255
15	94500000	94520000	12902	91	11640	13020	0.00705317	0.582	0.990937
15	94520000	94540000	12667	74	7706	12813	0.00584195	0.3853	0.988605
15	94540000	94560000	11532	79	8514	11715	0.0068505	0.4257	0.984379
15	94560000	94580000	2817	45	7879	11913	0.0159744	0.39395	0.236464
15	94580000	94600000	9365	84	12673	9526	0.00896957	0.63365	0.983099
15	94600000	94620000	13277	109	8424	13412	0.00820969	0.4212	0.989934
15	94620000	94640000	12272	102	6658	12435	0.0083116	0.3329	0.986892
15	94640000	94660000	11677	91	9824	11793	0.0077931	0.4912	0.990164
15	94660000	94680000	10497	76	12728	10618	0.00724016	0.6364	0.988604
15	94680000	94700000	10181	76	13293	10299	0.00746489	0.66465	0.988543
15	94700000	94720000	10064	85	11338	10165	0.00844595	0.5669	0.990064
15	94720000	94740000	8594	69	17364	8688	0.00802886	0.8682	0.98918
15	94740000	94760000	8418	46	13955	8528	0.00546448	0.69775	0.987101
15	94760000	94780000	11660	60	9045	12145	0.0051458	0.45225	0.960066
15	94780000	94800000	11144	78	7282	11259	0.00699928	0.3641	0.989786
15	94800000	94820000	12215	98	8982	12414	0.00802292	0.4491	0.98397
15	94820000	94840000	11307	102	15275	11425	0.00902096	0.76375	0.989672
15	94840000	94860000	12216	97	6451	12603	0.00794041	0.32255	0.969293
15	94860000	94880000	11573	76	7210	11832	0.00656701	0.3605	0.97811
15	94880000	94900000	13059	81	2795	13273	0.00620262	0.13975	0.983877
15	94900000	94920000	14106	104	3418	14243	0.00737275	0.1709	0.990381
15	94920000	94940000	11590	101	4883	12347	0.00871441	0.24415	0.93869
15	94940000	94960000	13698	88	2683	13838	0.0064243	0.13415	0.989883
15	94960000	94980000	12080	79	12060	12209	0.00653974	0.603	0.989434
15	94980000	95000000	13819	89	7165	13942	0.00644041	0.35825	0.991178
15	95000000	95020000	13648	90	6642	13921	0.00659437	0.3321	0.980389
15	95020000	95040000	10477	62	11723	10568	0.00591772	0.58615	0.991389
15	95040000	95060000	9395	104	15601	9601	0.0110697	0.78005	0.978544
15	95060000	95080000	12749	86	11251	12881	0.00674563	0.56255	0.989752
15	95080000	95100000	13750	92	6469	13919	0.00669091	0.32345	0.987858
15	95100000	95120000	12400	110	8818	12533	0.00887097	0.4409	0.989388
15	95120000	95140000	14812	127	6554	14949	0.00857413	0.3277	0.990836
15	95140000	95160000	14351	115	4479	14480	0.00801338	0.22395	0.991091
15	95160000	95180000	13347	89	5321	14014	0.00666817	0.26605	0.952405
15	95180000	95200000	11907	75	11099	12030	0.00629882	0.55495	0.989776
15	95200000	95220000	13551	94	4042	13698	0.00693676	0.2021	0.989269
15	95220000	95240000	12431	72	6867	12583	0.00579197	0.34335	0.98792
15	95240000	95260000	13992	98	6440	14105	0.007004	0.322	0.991989
15	95260000	95280000	13701	68	5849	13835	0.00496314	0.29245	0.990314
15	95280000	95300000	8879	58	10911	9034	0.00653227	0.54555	0.982843
15	95300000	95320000	10260	57	8374	11139	0.00555556	0.4187	0.921088
15	95320000	95340000	13332	86	8902	13486	0.00645065	0.4451	0.988581
15	95340000	95360000	10766	100	11052	10870	0.0092885	0.5526	0.990432
15	95360000	95380000	11882	85	11363	12012	0.00715368	0.56815	0.989177
15	95380000	95400000	8343	57	11880	8410	0.00683207	0.594	0.992033
15	95400000	95420000	11368	61	13230	11502	0.00536594	0.6615	0.98835
15	95420000	95440000	11783	82	12133	11921	0.00695918	0.60665	0.988424
15	95440000	95460000	11845	91	13641	11956	0.00768257	0.68205	0.990716
15	95460000	95480000	12159	56	5960	12257	0.00460564	0.298	0.992005
15	95480000	95500000	10431	48	14847	11101	0.00460167	0.74235	0.939645
15	95500000	95520000	11688	61	10462	11795	0.00521903	0.5231	0.990928
15	95520000	95540000	10791	91	15455	10892	0.00843295	0.77275	0.990727
15	95540000	95560000	12247	80	8524	12384	0.00653221	0.4262	0.988937
15	95560000	95580000	13078	82	5745	13196	0.00627007	0.28725	0.991058
15	95580000	95600000	8294	74	15439	8406	0.00892211	0.77195	0.986676
15	95600000	95620000	9725	52	13374	9782	0.00534704	0.6687	0.994173
15	95620000	95640000	12746	79	6544	12890	0.00619802	0.3272	0.988829
15	95640000	95660000	9051	70	14942	9229	0.00773395	0.7471	0.980713
15	95660000	95680000	13108	96	7021	13228	0.00732377	0.35105	0.990928
15	95680000	95700000	11950	81	10118	12057	0.00677824	0.5059	0.991125
15	95700000	95720000	13174	106	5829	13308	0.00804615	0.29145	0.989931
15	95720000	95740000	9917	81	12070	10031	0.00816779	0.6035	0.988635
15	95740000	95760000	8357	49	11400	8428	0.00586335	0.57	0.991576
15	95760000	95780000	11422	96	12872	11529	0.00840483	0.6436	0.990719
15	95780000	95800000	11107	73	9227	11226	0.00657243	0.46135	0.9894
15	95800000	95820000	13348	113	3565	13505	0.00846569	0.17825	0.988375
15	95820000	95840000	13630	67	1868	14203	0.00491563	0.0934	0.959656
15	95840000	95860000	11828	90	7915	11929	0.00760906	0.39575	0.991533
15	95860000	95880000	11308	76	9017	11425	0.00672091	0.45085	0.989759
15	95880000	95900000	12949	83	7705	13500	0.00640976	0.38525	0.959185
15	95900000	95920000	13311	74	5436	13457	0.00555931	0.2718	0.989151
15	95920000	95940000	11549	85	12185	11656	0.00735994	0.60925	0.99082
15	95940000	95960000	13862	96	6070	13990	0.00692541	0.3035	0.990851
15	95960000	95980000	10779	68	12756	10885	0.00630856	0.6378	0.990262
15	95980000	96000000	12989	90	5658	13099	0.00692894	0.2829	0.991602
15	96000000	96020000	14035	99	3392	14154	0.00705379	0.1696	0.991592
15	96020000	96040000	13272	123	7281	13456	0.00926763	0.36405	0.986326
15	96040000	96060000	12389	83	8348	12585	0.00669949	0.4174	0.984426
15	96060000	96080000	10745	89	7901	10853	0.00828292	0.39505	0.990049
15	96080000	96100000	12667	107	6290	12813	0.00844715	0.3145	0.988605
15	96100000	96120000	11741	109	7311	11898	0.00928371	0.36555	0.986805
15	96120000	96140000	14656	106	4651	14852	0.00723253	0.23255	0.986803
15	96140000	96160000	13324	78	3087	13488	0.0058541	0.15435	0.987841
15	96160000	96180000	13624	75	6751	13733	0.00550499	0.33755	0.992063
15	96180000	96200000	12657	75	5640	12781	0.00592557	0.282	0.990298
15	96200000	96220000	12932	56	5251	13039	0.00433034	0.26255	0.991794
15	96220000	96240000	11374	48	9142	11518	0.00422015	0.4571	0.987498
15	96240000	96260000	12868	77	7240	12996	0.00598384	0.362	0.990151
15	96260000	96280000	13110	69	12370	13210	0.00526316	0.6185	0.99243
15	96280000	96300000	12912	85	6832	13036	0.00658302	0.3416	0.990488
15	96300000	96320000	10769	66	10446	10871	0.0061287	0.5223	0.990617
15	96320000	96340000	12313	64	6735	12433	0.00519776	0.33675	0.990348
15	96340000	96360000	11864	63	11758	12306	0.00531018	0.5879	0.964083
15	96360000	96380000	12829	94	6542	12913	0.00732715	0.3271	0.993495
15	96380000	96400000	13140	104	6925	13293	0.00791476	0.34625	0.98849
15	96400000	96420000	13449	81	4685	13559	0.00602275	0.23425	0.991887
15	96420000	96440000	12898	82	4254	13009	0.00635757	0.2127	0.991467
15	96440000	96460000	13504	94	3477	13629	0.0069609	0.17385	0.990828
15	96460000	96480000	12697	90	3984	12975	0.00708829	0.1992	0.978574
15	96480000	96500000	12514	103	5497	12659	0.00823078	0.27485	0.988546
15	96500000	96520000	11931	86	8602	12044	0.00720811	0.4301	0.990618
15	96520000	96540000	12707	92	6805	14252	0.0072401	0.34025	0.891594
15	96540000	96560000	12272	75	4534	12396	0.00611147	0.2267	0.989997
15	96560000	96580000	10479	66	6711	13004	0.00629831	0.33555	0.805829
15	96580000	96600000	13567	98	4581	13737	0.00722341	0.22905	0.987625
15	96600000	96620000	12239	85	8286	12329	0.00694501	0.4143	0.9927
15	96620000	96640000	12416	82	3681	13083	0.00660438	0.18405	0.949018
15	96640000	96660000	12673	87	4942	12821	0.00686499	0.2471	0.988456
15	96660000	96680000	10940	86	7544	11109	0.00786106	0.3772	0.984787
15	96680000	96700000	12430	62	6909	12555	0.00498793	0.34545	0.990044
15	96700000	96720000	12828	84	5917	12936	0.00654818	0.29585	0.991651
15	96720000	96740000	11871	86	10169	11963	0.00724455	0.50845	0.99231
15	96740000	96760000	11249	52	9601	11341	0.00462263	0.48005	0.991888
15	96760000	96780000	12425	89	7136	12614	0.00716298	0.3568	0.985017
15	96780000	96800000	11646	78	8103	11826	0.00669758	0.40515	0.984779
15	96800000	96820000	12970	97	4951	13093	0.0074788	0.24755	0.990606
15	96820000	96840000	11587	94	8362	11860	0.00811254	0.4181	0.976981
15	96840000	96860000	13310	94	4207	13428	0.00706236	0.21035	0.991212
15	96860000	96880000	12633	51	832	12829	0.00403705	0.0416	0.984722
15	96880000	96900000	12376	65	544	12474	0.0052521	0.0272	0.992144
15	96900000	96920000	12853	60	3260	12988	0.00466817	0.163	0.989606
15	96920000	96940000	10469	68	10024	10586	0.00649537	0.5012	0.988948
15	96940000	96960000	12141	73	3920	12612	0.00601268	0.196	0.962655
15	96960000	96980000	12473	92	6266	12635	0.00737593	0.3133	0.987178
15	96980000	97000000	9859	83	6212	9965	0.0084187	0.3106	0.989363
15	97000000	97020000	13780	115	5753	13915	0.00834543	0.28765	0.990298
15	97020000	97040000	10215	69	12452	10540	0.00675477	0.6226	0.969165
15	97040000	97060000	13260	64	7530	13803	0.00482655	0.3765	0.960661
15	97060000	97080000	11912	70	8350	12007	0.00587643	0.4175	0.992088
15	97080000	97100000	12723	63	6916	12841	0.00495166	0.3458	0.990811
15	97100000	97120000	13113	79	8198	13233	0.00602456	0.4099	0.990932
15	97120000	97140000	14011	52	1314	14123	0.00371137	0.0657	0.99207
15	97140000	97160000	11448	72	7656	13574	0.00628931	0.3828	0.843377
15	97160000	97180000	12804	64	3423	12998	0.00499844	0.17115	0.985075
15	97180000	97200000	11197	83	8302	12860	0.0074127	0.4151	0.870684
15	97200000	97220000	9688	61	11853	10012	0.00629645	0.59265	0.967639
15	97220000	97240000	13291	70	7155	13431	0.00526672	0.35775	0.989576
15	97240000	97260000	14258	67	1285	14416	0.00469912	0.06425	0.98904
15	97260000	97280000	13442	86	6476	13625	0.00639786	0.3238	0.986569
15	97280000	97300000	12589	78	7867	12896	0.00619589	0.39335	0.976194
15	97300000	97320000	12004	68	3255	12249	0.00566478	0.16275	0.979998
15	97320000	97340000	14067	102	5007	14290	0.00725101	0.25035	0.984395
15	97340000	97360000	12808	80	6752	12942	0.0062461	0.3376	0.989646
15	97360000	97380000	11523	77	9540	11769	0.00668229	0.477	0.979098
15	97380000	97400000	10649	72	12408	10810	0.0067612	0.6204	0.985106
15	97400000	97420000	9999	48	9385	10107	0.00480048	0.46925	0.989314
15	97420000	97440000	12342	46	3898	13202	0.00372711	0.1949	0.934858
15	97440000	97460000	10724	51	9006	11154	0.00475569	0.4503	0.961449
15	97460000	97480000	11592	81	13348	11714	0.00698758	0.6674	0.989585
15	97480000	97500000	10653	73	10164	10769	0.00685253	0.5082	0.989228
15	97500000	97520000	12922	85	7549	13048	0.00657793	0.37745	0.990343
15	97520000	97540000	11323	76	13801	11397	0.006712	0.69005	0.993507
15	97540000	97560000	12749	73	5653	12858	0.00572594	0.28265	0.991523
15	97560000	97580000	12006	65	15898	12134	0.00541396	0.7949	0.989451
15	97580000	97600000	12118	50	10675	12342	0.00412609	0.53375	0.981851
15	97600000	97620000	11007	59	8705	11273	0.00536023	0.43525	0.976404
15	97620000	97640000	7747	43	6579	9959	0.00555054	0.32895	0.777889
15	97640000	97660000	9712	61	12171	9793	0.00628089	0.60855	0.991729
15	97660000	97680000	11279	59	14493	11395	0.00523096	0.72465	0.98982
15	97680000	97700000	13363	104	5943	13476	0.00778268	0.29715	0.991615
15	97700000	97720000	14518	113	6724	14637	0.00778344	0.3362	0.99187
15	97720000	97740000	12941	76	9267	13095	0.00587281	0.46335	0.98824
15	97740000	97760000	14340	96	10558	14438	0.00669456	0.5279	0.993212
15	97760000	97780000	11326	61	11005	11418	0.00538584	0.55025	0.991943
15	97780000	97800000	10007	95	12122	10112	0.00949335	0.6061	0.989616
15	97800000	97820000	6296	41	14568	6356	0.00651207	0.7284	0.99056
15	97820000	97840000	148	0	16155	149	0	0.80775	0.993289
15	97840000	97860000	11114	132	14568	11273	0.0118769	0.7284	0.985896
15	97860000	97880000	12149	74	9181	12279	0.00609104	0.45905	0.989413
15	97880000	97900000	12432	99	7857	12560	0.00796332	0.39285	0.989809
15	97900000	97920000	5979	44	10726	6167	0.00735909	0.5363	0.969515
15	97920000	97940000	12255	89	6668	12378	0.00726234	0.3334	0.990063
15	97940000	97960000	11070	80	7140	11219	0.00722674	0.357	0.986719
15	97960000	97980000	8828	48	12241	8965	0.00543725	0.61205	0.984718
15	97980000	98000000	11975	77	7799	12095	0.00643006	0.38995	0.990079
15	98000000	98020000	11655	76	8279	11788	0.00652081	0.41395	0.988717
15	98020000	98040000	11706	100	9222	11795	0.00854263	0.4611	0.992454
15	98040000	98060000	12956	106	12521	13102	0.00818154	0.62605	0.988857
15	98060000	98080000	14158	111	6597	14339	0.00784009	0.32985	0.987377
15	98080000	98100000	11195	76	13871	11326	0.00678874	0.69355	0.988434
15	98100000	98120000	13273	82	6857	13405	0.00617796	0.34285	0.990153
15	98120000	98140000	8857	83	13478	8938	0.00937112	0.6739	0.990938
15	98140000	98160000	10257	74	12027	10620	0.00721459	0.60135	0.965819
15	98160000	98180000	12174	94	9046	12259	0.00772137	0.4523	0.993066
15	98180000	98200000	9988	69	11437	10509	0.00690829	0.57185	0.950423
15	98200000	98220000	10376	83	14452	10478	0.00799923	0.7226	0.990265
15	98220000	98240000	12678	80	8303	12818	0.00631014	0.41515	0.989078
15	98240000	98260000	14326	104	8532	14479	0.00725953	0.4266	0.989433
15	98260000	98280000	13292	90	9374	13380	0.00677099	0.4687	0.993423
15	98280000	98300000	13608	70	4416	13751	0.00514403	0.2208	0.989601
15	98300000	98320000	11465	98	11953	11567	0.00854775	0.59765	0.991182
15	98320000	98340000	12020	81	7666	12116	0.00673877	0.3833	0.992077
15	98340000	98360000	13248	89	6106	13376	0.006718	0.3053	0.990431
15	98360000	98380000	10247	64	13873	10559	0.00624573	0.69365	0.970452
15	98380000	98400000	12147	96	11088	12265	0.00790319	0.5544	0.990379
15	98400000	98420000	9170	67	9046	9235	0.00730643	0.4523	0.992962
15	98420000	98440000	12882	84	6164	13015	0.00652073	0.3082	0.989781
15	98440000	98460000	12772	95	6233	12932	0.00743815	0.31165	0.987628
15	98460000	98480000	12120	88	11331	12221	0.00726073	0.56655	0.991736
15	98480000	98500000	11808	107	9953	11930	0.00906165	0.49765	0.989774
15	98500000	98520000	11737	78	2996	12275	0.00664565	0.1498	0.956171
15	98520000	98540000	10844	74	7885	10970	0.00682405	0.39425	0.988514
15	98540000	98560000	8919	59	11278	10634	0.00661509	0.5639	0.838725
15	98560000	98580000	11632	102	10963	11854	0.00876891	0.54815	0.981272
15	98580000	98600000	11652	64	12177	11838	0.00549262	0.60885	0.984288
15	98600000	98620000	10518	67	12547	11216	0.00637003	0.62735	0.937767
15	98620000	98640000	7536	56	13323	7710	0.007431	0.66615	0.977432
15	98640000	98660000	6729	72	9188	7093	0.0107	0.4594	0.948682
15	98660000	98680000	12479	95	8924	12912	0.00761279	0.4462	0.966465
15	98680000	98700000	12592	82	11746	12738	0.00651207	0.5873	0.988538
15	98700000	98720000	12705	120	9373	12879	0.0094451	0.46865	0.98649
15	98720000	98740000	12827	93	7836	12951	0.00725033	0.3918	0.990425
15	98740000	98760000	12244	85	7998	12400	0.00694218	0.3999	0.987419
15	98760000	98780000	13579	95	4817	13734	0.0069961	0.24085	0.988714
15	98780000	98800000	10024	62	11983	10144	0.00618516	0.59915	0.98817
15	98800000	98820000	13377	96	9702	13499	0.0071765	0.4851	0.990962
15	98820000	98840000	12197	109	7940	12357	0.00893662	0.397	0.987052
15	98840000	98860000	9678	77	8832	9791	0.00795619	0.4416	0.988459
15	98860000	98880000	11961	77	8842	12065	0.00643759	0.4421	0.99138
15	98880000	98900000	12651	118	9613	12795	0.00932733	0.48065	0.988746
15	98900000	98920000	11050	102	12689	11146	0.00923077	0.63445	0.991387
15	98920000	98940000	12075	103	9527	12196	0.00853002	0.47635	0.990079
15	98940000	98960000	13379	110	6738	13528	0.00822184	0.3369	0.988986
15	98960000	98980000	10451	124	9330	10632	0.0118649	0.4665	0.982976
15	98980000	99000000	10786	68	8921	11065	0.00630447	0.44605	0.974785
15	99000000	99020000	7470	61	15846	7552	0.008166	0.7923	0.989142
15	99020000	99040000	10102	73	10203	10201	0.00722629	0.51015	0.990295
15	99040000	99060000	10246	96	11297	10412	0.00936951	0.56485	0.984057
15	99060000	99080000	8441	74	9432	9331	0.00876673	0.4716	0.904619
15	99080000	99100000	9772	75	10655	9942	0.00767499	0.53275	0.982901
15	99100000	99120000	10107	75	12700	10333	0.0074206	0.635	0.978128
15	99120000	99140000	8440	57	8384	8680	0.00675355	0.4192	0.97235
15	99140000	99160000	9336	69	9345	9615	0.00739075	0.46725	0.970983
15	99160000	99180000	9724	85	8764	9961	0.00874126	0.4382	0.976207
15	99180000	99200000	10294	62	6518	10527	0.00602293	0.3259	0.977866
15	99200000	99220000	12239	68	4750	12416	0.00555601	0.2375	0.985744
15	99220000	99240000	10556	55	9214	10674	0.00521031	0.4607	0.988945
15	99240000	99260000	12580	66	5668	13007	0.00524642	0.2834	0.967172
15	99260000	99280000	14256	73	3092	14476	0.00512065	0.1546	0.984802
15	99280000	99300000	12422	66	5674	12566	0.00531315	0.2837	0.988541
15	99300000	99320000	10820	79	5627	12005	0.00730129	0.28135	0.901291
15	99320000	99340000	13931	83	3456	14082	0.00595794	0.1728	0.989277
15	99340000	99360000	11781	68	6331	12005	0.00577201	0.31655	0.981341
15	99360000	99380000	12097	90	6131	12227	0.00743986	0.30655	0.989368
15	99380000	99400000	12716	95	4954	12827	0.0074709	0.2477	0.991346
15	99400000	99420000	12384	101	5346	12506	0.00815568	0.2673	0.990245
15	99420000	99440000	11995	78	6377	12192	0.00650271	0.31885	0.983842
15	99440000	99460000	13875	117	4189	14017	0.00843243	0.20945	0.989869
15	99460000	99480000	13163	108	3864	13325	0.00820482	0.1932	0.987842
15	99480000	99500000	14053	120	4431	14253	0.0085391	0.22155	0.985968
15	99500000	99520000	9863	72	6661	10587	0.00730001	0.33305	0.931614
15	99520000	99540000	6829	64	14575	6958	0.0093718	0.72875	0.98146
15	99540000	99560000	4549	51	10649	4627	0.0112113	0.53245	0.983142
15	99560000	99580000	10252	66	8473	10380	0.00643777	0.42365	0.987669
15	99580000	99600000	10278	60	16426	10457	0.00583771	0.8213	0.982882
15	99600000	99620000	11042	72	9763	11332	0.00652056	0.48815	0.974409
15	99620000	99640000	8115	56	14955	10290	0.0069008	0.74775	0.78863
15	99640000	99660000	11562	96	7237	11754	0.00830306	0.36185	0.983665
15	99660000	99680000	13682	102	2087	13849	0.00745505	0.10435	0.987941
15	99680000	99700000	12176	81	9415	12314	0.00665243	0.47075	0.988793
15	99700000	99720000	12026	92	6923	12893	0.00765009	0.34615	0.932754
15	99720000	99740000	7736	59	14952	8137	0.00762668	0.7476	0.950719
15	99740000	99760000	10274	59	11642	10371	0.00574265	0.5821	0.990647
15	99760000	99780000	9950	61	15450	10118	0.00613065	0.7725	0.983396
15	99780000	99800000	8457	73	8792	9165	0.0086319	0.4396	0.92275
15	99800000	99820000	11134	66	10227	11230	0.00592779	0.51135	0.991451
15	99820000	99840000	9517	68	10120	9634	0.00714511	0.506	0.987856
15	99840000	99860000	10985	83	8765	11089	0.00755576	0.43825	0.990621
15	99860000	99880000	10849	85	9107	10951	0.00783482	0.45535	0.990686
15	99880000	99900000	11751	70	9741	11917	0.00595694	0.48705	0.98607
15	99900000	99920000	10058	61	11876	10158	0.00606482	0.5938	0.990156
15	99920000	99940000	10062	71	12197	10153	0.00705625	0.60985	0.991037
15	99940000	99960000	10852	98	8661	10965	0.00903059	0.43305	0.989694
15	99960000	99980000	10648	85	7308	11477	0.00798272	0.3654	0.927769
15	99980000	100000000	11413	77	7595	11804	0.00674669	0.37975	0.966876
15	100000000	100020000	11450	96	11568	11593	0.00838428	0.5784	0.987665
15	100020000	100040000	10477	90	10503	10613	0.00859025	0.52515	0.987186
15	100040000	100060000	12138	80	7883	12346	0.00659087	0.39415	0.983152
15	100060000	100080000	8760	51	16153	8843	0.00582192	0.80765	0.990614
15	100080000	100100000	11387	83	11051	11529	0.00728901	0.55255	0.987683
15	100100000	100120000	6064	32	9492	11821	0.00527704	0.4746	0.512985
15	100120000	100140000	11374	50	11628	11836	0.00439599	0.5814	0.960967
15	100140000	100160000	11820	51	12818	11934	0.00431472	0.6409	0.990447
15	100160000	100180000	10140	50	14027	10226	0.00493097	0.70135	0.99159
15	100180000	100200000	13004	83	6099	13123	0.00638265	0.30495	0.990932
15	100200000	100220000	11897	47	9598	11993	0.00395058	0.4799	0.991995
15	100220000	100240000	8962	37	13747	9044	0.00412854	0.68735	0.990933
15	100240000	100260000	13152	75	5459	13396	0.00570255	0.27295	0.981786
15	100260000	100280000	12040	91	8660	12204	0.00755814	0.433	0.986562
15	100280000	100300000	5869	57	12865	9068	0.00971205	0.64325	0.647221
15	100300000	100320000	4882	61	7895	5799	0.0124949	0.39475	0.841869
15	100320000	100340000	0	0	3515	298		0.17575	0
15	100340000	100360000	0	0	8432	918		0.4216	0
15	100360000	100380000	1185	31	9569	2093	0.0261603	0.47845	0.566173
15	100380000	100400000	3175	51	10861	3307	0.016063	0.54305	0.960085
15	100400000	100420000	4628	73	7531	4728	0.0157736	0.37655	0.978849
15	100420000	100440000	3864	38	12085	4401	0.00983437	0.60425	0.877982
15	100440000	100460000	9383	98	8903	9507	0.0104444	0.44515	0.986957
15	100460000	100480000	10656	109	14581	10780	0.010229	0.72905	0.988497
15	100480000	100500000	10441	91	14247	10602	0.00871564	0.71235	0.984814
15	100500000	100520000	11152	98	10174	11827	0.00878766	0.5087	0.942927
15	100520000	100540000	13040	128	5359	13304	0.00981595	0.26795	0.980156
15	100540000	100560000	7969	85	12792	8075	0.0106663	0.6396	0.986873
15	100560000	100580000	13488	112	7969	13693	0.00830368	0.39845	0.985029
15	100580000	100600000	12806	95	6145	12973	0.0074184	0.30725	0.987127
15	100600000	100620000	4556	34	13613	4645	0.00746269	0.68065	0.98084
15	100620000	100640000	7166	62	11073	7280	0.00865197	0.55365	0.984341
15	100640000	100660000	13353	138	4700	13550	0.0103348	0.235	0.985461
15	100660000	100680000	11271	101	9695	12752	0.00896105	0.48475	0.883861
15	100680000	100700000	11643	117	9477	11821	0.010049	0.47385	0.984942
15	100700000	100720000	12470	153	8524	13029	0.0122694	0.4262	0.957096
15	100720000	100740000	12328	117	8027	12515	0.00949059	0.40135	0.985058
15	100740000	100760000	11894	131	6508	12180	0.011014	0.3254	0.976519
15	100760000	100780000	13054	144	5597	13355	0.0110311	0.27985	0.977462
15	100780000	100800000	11481	99	6985	11921	0.00862294	0.34925	0.96309
15	100800000	100820000	10414	91	10147	11367	0.00873824	0.50735	0.916161
15	100820000	100840000	10532	77	10038	10656	0.00731105	0.5019	0.988363
15	100840000	100860000	12393	89	9393	12596	0.00718147	0.46965	0.983884
15	100860000	100880000	13187	117	7306	13360	0.00887237	0.3653	0.987051
15	100880000	100900000	9238	76	12306	9583	0.00822689	0.6153	0.963999
15	100900000	100920000	2746	32	17807	3893	0.0116533	0.89035	0.705369
15	100920000	100940000	9586	54	15555	11248	0.00563322	0.77775	0.85224
15	100940000	100960000	8596	60	13379	8694	0.00697999	0.66895	0.988728
15	100960000	100980000	8163	59	12576	8285	0.00722773	0.6288	0.985275
15	100980000	101000000	5869	42	17253	5927	0.00715624	0.86265	0.990214
15	101000000	101020000	13482	75	8204	13623	0.00556297	0.4102	0.98965
15	101020000	101040000	12649	93	9746	12757	0.00735236	0.4873	0.991534
15	101040000	101060000	12229	90	6018	12357	0.00735956	0.3009	0.989641
15	101060000	101080000	11226	75	8147	11449	0.00668092	0.40735	0.980522
15	101080000	101100000	5310	66	5468	5484	0.0124294	0.2734	0.968271
15	101100000	101120000	8957	58	9844	9231	0.00647538	0.4922	0.970317
15	101120000	101140000	8294	48	11718	8360	0.00578732	0.5859	0.992105
15	101140000	101160000	11237	53	7013	11359	0.00471656	0.35065	0.98926
15	101160000	101180000	11603	89	10309	11730	0.00767043	0.51545	0.989173
15	101180000	101200000	12432	94	4924	12593	0.00756113	0.2462	0.987215
15	101200000	101220000	8444	73	11270	8551	0.00864519	0.5635	0.987487
15	101220000	101240000	13330	107	7264	13477	0.00802701	0.3632	0.989093
15	101240000	101260000	12060	90	9254	12453	0.00746269	0.4627	0.968441
15	101260000	101280000	13257	123	7825	13477	0.00927812	0.39125	0.983676
15	101280000	101300000	9619	70	16617	9732	0.00727726	0.83085	0.988389
15	101300000	101320000	12028	106	6820	12379	0.00881277	0.341	0.971646
15	101320000	101340000	10477	87	12456	10797	0.0083039	0.6228	0.970362
15	101340000	101360000	10685	71	14108	10792	0.00664483	0.7054	0.990085
15	101360000	101380000	11656	77	7962	12275	0.00660604	0.3981	0.949572
15	101380000	101400000	11798	121	7067	11941	0.010256	0.35335	0.988024
15	101400000	101420000	14231	117	5300	14383	0.00822149	0.265	0.989432
15	101420000	101440000	13454	136	2565	13647	0.0101085	0.12825	0.985858
15	101440000	101460000	13354	135	4649	13536	0.0101093	0.23245	0.986554
15	101460000	101480000	12344	125	7454	12650	0.0101264	0.3727	0.97581
15	101480000	101500000	9383	77	13544	9967	0.00820633	0.6772	0.941407
15	101500000	101520000	10972	122	11428	11136	0.0111192	0.5714	0.985273
15	101520000	101540000	12375	75	9465	12524	0.00606061	0.47325	0.988103
15	101540000	101560000	12175	107	6630	12390	0.0087885	0.3315	0.982647
15	101560000	101580000	11096	104	11847	11232	0.00937275	0.59235	0.987892
15	101580000	101600000	12769	126	6076	13931	0.00986765	0.3038	0.916589
15	101600000	101620000	8658	72	8185	10057	0.00831601	0.40925	0.860893
15	101620000	101640000	10138	97	7472	11314	0.00956796	0.3736	0.896058
15	101640000	101660000	9838	91	7504	11733	0.00924985	0.3752	0.83849
15	101660000	101680000	11404	88	9538	12339	0.00771659	0.4769	0.924224
15	101680000	101700000	8172	84	9337	11777	0.010279	0.46685	0.693895
15	101700000	101720000	12126	121	6321	12276	0.00997856	0.31605	0.987781
15	101720000	101740000	11744	159	5954	11968	0.0135388	0.2977	0.981283
15	101740000	101760000	11702	109	9935	11852	0.00931465	0.49675	0.987344
15	101760000	101780000	10800	102	9928	10989	0.00944444	0.4964	0.982801
15	101780000	101800000	10810	99	6213	11652	0.00915819	0.31065	0.927738
15	101800000	101820000	10845	77	9211	10982	0.00710005	0.46055	0.987525
15	101820000	101840000	10610	88	10070	10733	0.00829406	0.5035	0.98854
15	101840000	101860000	11847	89	6244	12363	0.00751245	0.3122	0.958263
15	101860000	101880000	13699	108	3901	14076	0.00788379	0.19505	0.973217
15	101880000	101900000	11745	111	9531	11921	0.00945083	0.47655	0.985236
15	101900000	101920000	12239	125	7558	12419	0.0102133	0.3779	0.985506
15	101920000	101940000	13640	142	4141	13836	0.0104106	0.20705	0.985834
15	101940000	101960000	10540	75	12537	10689	0.00711575	0.62685	0.98606
15	101960000	101980000	13000	121	7714	13198	0.00930769	0.3857	0.984998
15	101980000	102000000	14191	114	4301	14659	0.00803326	0.21505	0.968074
15	102000000	102020000	12942	106	9356	13465	0.00819039	0.4678	0.961159
15	102020000	102040000	12023	109	7097	12936	0.00906596	0.35485	0.929422
15	102040000	102060000	10357	124	12489	10511	0.0119726	0.62445	0.985349
15	102060000	102080000	12588	128	5678	13693	0.0101684	0.2839	0.919302
15	102080000	102100000	12057	143	9021	13091	0.0118603	0.45105	0.921014
15	102100000	102120000	11891	94	9558	12062	0.00790514	0.4779	0.985823
15	102120000	102140000	7179	56	17632	7262	0.00780053	0.8816	0.988571
15	102140000	102160000	13150	100	7632	13511	0.00760456	0.3816	0.973281
15	102160000	102180000	7820	51	16742	7979	0.00652174	0.8371	0.980073
15	102180000	102200000	11752	121	6485	12026	0.0102961	0.32425	0.977216
15	102200000	102220000	10360	92	12966	10511	0.00888031	0.6483	0.985634
15	102220000	102240000	11796	90	15329	11916	0.0076297	0.76645	0.98993
15	102240000	102260000	11408	70	10913	11609	0.00613604	0.54565	0.982686
15	102260000	102280000	6572	37	11477	7472	0.00562995	0.57385	0.87955
15	102280000	102300000	0	0	5384	119		0.2692	0
15	102300000	102320000	0	0	1668	1042		0.0834	0
15	102320000	102340000	0	0	6414	3589		0.3207	0
15	102340000	102360000	5230	14	6179	13067	0.00267686	0.30895	0.400245
15	102360000	102380000	11279	93	12201	11473	0.00824541	0.61005	0.983091
15	102380000	102400000	9621	71	12856	10222	0.00737969	0.6428	0.941205
15	102400000	102420000	190	2	9852	197	0.0105263	0.4926	0.964467
15	102420000	102440000	2	2	17680	2	1	0.884	1
15	102440000	102460000	0	0	17212	0		0.8606	
15	102460000	102480000	0	0	4319	0		0.21595	
15	102480000	102500000	0	0	11450	0		0.5725	
15	102500000	102520000	0	0	4245	0		0.21225	
15	102520000	102540000	0	0	1392	0		0.0696	
