chrom	start	end	anc_valid_bp	hum_sub	repeat_bp	mask_bp	sub_rate	repeat_frac	anc_cov
22	0	20000	0	0	0	0		0	
22	20000	40000	0	0	0	0		0	
22	40000	60000	0	0	0	0		0	
22	60000	80000	0	0	0	0		0	
22	80000	100000	0	0	0	0		0	
22	100000	120000	0	0	0	0		0	
22	120000	140000	0	0	0	0		0	
22	140000	160000	0	0	0	0		0	
22	160000	180000	0	0	0	0		0	
22	180000	200000	0	0	0	0		0	
22	200000	220000	0	0	0	0		0	
22	220000	240000	0	0	0	0		0	
22	240000	260000	0	0	0	0		0	
22	260000	280000	0	0	0	0		0	
22	280000	300000	0	0	0	0		0	
22	300000	320000	0	0	0	0		0	
22	320000	340000	0	0	0	0		0	
22	340000	360000	0	0	0	0		0	
22	360000	380000	0	0	0	0		0	
22	380000	400000	0	0	0	0		0	
22	400000	420000	0	0	0	0		0	
22	420000	440000	0	0	0	0		0	
22	440000	460000	0	0	0	0		0	
22	460000	480000	0	0	0	0		0	
22	480000	500000	0	0	0	0		0	
22	500000	520000	0	0	0	0		0	
22	520000	540000	0	0	0	0		0	
22	540000	560000	0	0	0	0		0	
22	560000	580000	0	0	0	0		0	
22	580000	600000	0	0	0	0		0	
22	600000	620000	0	0	0	0		0	
22	620000	640000	0	0	0	0		0	
22	640000	660000	0	0	0	0		0	
22	660000	680000	0	0	0	0		0	
22	680000	700000	0	0	0	0		0	
22	700000	720000	0	0	0	0		0	
22	720000	740000	0	0	0	0		0	
22	740000	760000	0	0	0	0		0	
22	760000	780000	0	0	0	0		0	
22	780000	800000	0	0	0	0		0	
22	800000	820000	0	0	0	0		0	
22	820000	840000	0	0	0	0		0	
22	840000	860000	0	0	0	0		0	
22	860000	880000	0	0	0	0		0	
22	880000	900000	0	0	0	0		0	
22	900000	920000	0	0	0	0		0	
22	920000	940000	0	0	0	0		0	
22	940000	960000	0	0	0	0		0	
22	960000	980000	0	0	0	0		0	
22	980000	1000000	0	0	0	0		0	
22	1000000	1020000	0	0	0	0		0	
22	1020000	1040000	0	0	0	0		0	
22	1040000	1060000	0	0	0	0		0	
22	1060000	1080000	0	0	0	0		0	
22	1080000	1100000	0	0	0	0		0	
22	1100000	1120000	0	0	0	0		0	
22	1120000	1140000	0	0	0	0		0	
22	1140000	1160000	0	0	0	0		0	
22	1160000	1180000	0	0	0	0		0	
22	1180000	1200000	0	0	0	0		0	
22	1200000	1220000	0	0	0	0		0	
22	1220000	1240000	0	0	0	0		0	
22	1240000	1260000	0	0	0	0		0	
22	1260000	1280000	0	0	0	0		0	
22	1280000	1300000	0	0	0	0		0	
22	1300000	1320000	0	0	0	0		0	
22	1320000	1340000	0	0	0	0		0	
22	1340000	1360000	0	0	0	0		0	
22	1360000	1380000	0	0	0	0		0	
22	1380000	1400000	0	0	0	0		0	
22	1400000	1420000	0	0	0	0		0	
22	1420000	1440000	0	0	0	0		0	
22	1440000	1460000	0	0	0	0		0	
22	1460000	1480000	0	0	0	0		0	
22	1480000	1500000	0	0	0	0		0	
22	1500000	1520000	0	0	0	0		0	
22	1520000	1540000	0	0	0	0		0	
22	1540000	1560000	0	0	0	0		0	
22	1560000	1580000	0	0	0	0		0	
22	1580000	1600000	0	0	0	0		0	
22	1600000	1620000	0	0	0	0		0	
22	1620000	1640000	0	0	0	0		0	
22	1640000	1660000	0	0	0	0		0	
22	1660000	1680000	0	0	0	0		0	
22	1680000	1700000	0	0	0	0		0	
22	1700000	1720000	0	0	0	0		0	
22	1720000	1740000	0	0	0	0		0	
22	1740000	1760000	0	0	0	0		0	
22	1760000	1780000	0	0	0	0		0	
22	1780000	1800000	0	0	0	0		0	
22	1800000	1820000	0	0	0	0		0	
22	1820000	1840000	0	0	0	0		0	
22	1840000	1860000	0	0	0	0		0	
22	1860000	1880000	0	0	0	0		0	
22	1880000	1900000	0	0	0	0		0	
22	1900000	1920000	0	0	0	0		0	
22	1920000	1940000	0	0	0	0		0	
22	1940000	1960000	0	0	0	0		0	
22	1960000	1980000	0	0	0	0		0	
22	1980000	2000000	0	0	0	0		0	
22	2000000	2020000	0	0	0	0		0	
22	2020000	2040000	0	0	0	0		0	
22	2040000	2060000	0	0	0	0		0	
22	2060000	2080000	0	0	0	0		0	
22	2080000	2100000	0	0	0	0		0	
22	2100000	2120000	0	0	0	0		0	
22	2120000	2140000	0	0	0	0		0	
22	2140000	2160000	0	0	0	0		0	
22	2160000	2180000	0	0	0	0		0	
22	2180000	2200000	0	0	0	0		0	
22	2200000	2220000	0	0	0	0		0	
22	2220000	2240000	0	0	0	0		0	
22	2240000	2260000	0	0	0	0		0	
22	2260000	2280000	0	0	0	0		0	
22	2280000	2300000	0	0	0	0		0	
22	2300000	2320000	0	0	0	0		0	
22	2320000	2340000	0	0	0	0		0	
22	2340000	2360000	0	0	0	0		0	
22	2360000	2380000	0	0	0	0		0	
22	2380000	2400000	0	0	0	0		0	
22	2400000	2420000	0	0	0	0		0	
22	2420000	2440000	0	0	0	0		0	
22	2440000	2460000	0	0	0	0		0	
22	2460000	2480000	0	0	0	0		0	
22	2480000	2500000	0	0	0	0		0	
22	2500000	2520000	0	0	0	0		0	
22	2520000	2540000	0	0	0	0		0	
22	2540000	2560000	0	0	0	0		0	
22	2560000	2580000	0	0	0	0		0	
22	2580000	2600000	0	0	0	0		0	
22	2600000	2620000	0	0	0	0		0	
22	2620000	2640000	0	0	0	0		0	
22	2640000	2660000	0	0	0	0		0	
22	2660000	2680000	0	0	0	0		0	
22	2680000	2700000	0	0	0	0		0	
22	2700000	2720000	0	0	0	0		0	
22	2720000	2740000	0	0	0	0		0	
22	2740000	2760000	0	0	0	0		0	
22	2760000	2780000	0	0	0	0		0	
22	2780000	2800000	0	0	0	0		0	
22	2800000	2820000	0	0	0	0		0	
22	2820000	2840000	0	0	0	0		0	
22	2840000	2860000	0	0	0	0		0	
22	2860000	2880000	0	0	0	0		0	
22	2880000	2900000	0	0	0	0		0	
22	2900000	2920000	0	0	0	0		0	
22	2920000	2940000	0	0	0	0		0	
22	2940000	2960000	0	0	0	0		0	
22	2960000	2980000	0	0	0	0		0	
22	2980000	3000000	0	0	0	0		0	
22	3000000	3020000	0	0	0	0		0	
22	3020000	3040000	0	0	0	0		0	
22	3040000	3060000	0	0	0	0		0	
22	3060000	3080000	0	0	0	0		0	
22	3080000	3100000	0	0	0	0		0	
22	3100000	3120000	0	0	0	0		0	
22	3120000	3140000	0	0	0	0		0	
22	3140000	3160000	0	0	0	0		0	
22	3160000	3180000	0	0	0	0		0	
22	3180000	3200000	0	0	0	0		0	
22	3200000	3220000	0	0	0	0		0	
22	3220000	3240000	0	0	0	0		0	
22	3240000	3260000	0	0	0	0		0	
22	3260000	3280000	0	0	0	0		0	
22	3280000	3300000	0	0	0	0		0	
22	3300000	3320000	0	0	0	0		0	
22	3320000	3340000	0	0	0	0		0	
22	3340000	3360000	0	0	0	0		0	
22	3360000	3380000	0	0	0	0		0	
22	3380000	3400000	0	0	0	0		0	
22	3400000	3420000	0	0	0	0		0	
22	3420000	3440000	0	0	0	0		0	
22	3440000	3460000	0	0	0	0		0	
22	3460000	3480000	0	0	0	0		0	
22	3480000	3500000	0	0	0	0		0	
22	3500000	3520000	0	0	0	0		0	
22	3520000	3540000	0	0	0	0		0	
22	3540000	3560000	0	0	0	0		0	
22	3560000	3580000	0	0	0	0		0	
22	3580000	3600000	0	0	0	0		0	
22	3600000	3620000	0	0	0	0		0	
22	3620000	3640000	0	0	0	0		0	
22	3640000	3660000	0	0	0	0		0	
22	3660000	3680000	0	0	0	0		0	
22	3680000	3700000	0	0	0	0		0	
22	3700000	3720000	0	0	0	0		0	
22	3720000	3740000	0	0	0	0		0	
22	3740000	3760000	0	0	0	0		0	
22	3760000	3780000	0	0	0	0		0	
22	3780000	3800000	0	0	0	0		0	
22	3800000	3820000	0	0	0	0		0	
22	3820000	3840000	0	0	0	0		0	
22	3840000	3860000	0	0	0	0		0	
22	3860000	3880000	0	0	0	0		0	
22	3880000	3900000	0	0	0	0		0	
22	3900000	3920000	0	0	0	0		0	
22	3920000	3940000	0	0	0	0		0	
22	3940000	3960000	0	0	0	0		0	
22	3960000	3980000	0	0	0	0		0	
22	3980000	4000000	0	0	0	0		0	
22	4000000	4020000	0	0	0	0		0	
22	4020000	4040000	0	0	0	0		0	
22	4040000	4060000	0	0	0	0		0	
22	4060000	4080000	0	0	0	0		0	
22	4080000	4100000	0	0	0	0		0	
22	4100000	4120000	0	0	0	0		0	
22	4120000	4140000	0	0	0	0		0	
22	4140000	4160000	0	0	0	0		0	
22	4160000	4180000	0	0	0	0		0	
22	4180000	4200000	0	0	0	0		0	
22	4200000	4220000	0	0	0	0		0	
22	4220000	4240000	0	0	0	0		0	
22	4240000	4260000	0	0	0	0		0	
22	4260000	4280000	0	0	0	0		0	
22	4280000	4300000	0	0	0	0		0	
22	4300000	4320000	0	0	0	0		0	
22	4320000	4340000	0	0	0	0		0	
22	4340000	4360000	0	0	0	0		0	
22	4360000	4380000	0	0	0	0		0	
22	4380000	4400000	0	0	0	0		0	
22	4400000	4420000	0	0	0	0		0	
22	4420000	4440000	0	0	0	0		0	
22	4440000	4460000	0	0	0	0		0	
22	4460000	4480000	0	0	0	0		0	
22	4480000	4500000	0	0	0	0		0	
22	4500000	4520000	0	0	0	0		0	
22	4520000	4540000	0	0	0	0		0	
22	4540000	4560000	0	0	0	0		0	
22	4560000	4580000	0	0	0	0		0	
22	4580000	4600000	0	0	0	0		0	
22	4600000	4620000	0	0	0	0		0	
22	4620000	4640000	0	0	0	0		0	
22	4640000	4660000	0	0	0	0		0	
22	4660000	4680000	0	0	0	0		0	
22	4680000	4700000	0	0	0	0		0	
22	4700000	4720000	0	0	0	0		0	
22	4720000	4740000	0	0	0	0		0	
22	4740000	4760000	0	0	0	0		0	
22	4760000	4780000	0	0	0	0		0	
22	4780000	4800000	0	0	0	0		0	
22	4800000	4820000	0	0	0	0		0	
22	4820000	4840000	0	0	0	0		0	
22	4840000	4860000	0	0	0	0		0	
22	4860000	4880000	0	0	0	0		0	
22	4880000	4900000	0	0	0	0		0	
22	4900000	4920000	0	0	0	0		0	
22	4920000	4940000	0	0	0	0		0	
22	4940000	4960000	0	0	0	0		0	
22	4960000	4980000	0	0	0	0		0	
22	4980000	5000000	0	0	0	0		0	
22	5000000	5020000	0	0	0	0		0	
22	5020000	5040000	0	0	0	0		0	
22	5040000	5060000	0	0	0	0		0	
22	5060000	5080000	0	0	0	0		0	
22	5080000	5100000	0	0	0	0		0	
22	5100000	5120000	0	0	0	0		0	
22	5120000	5140000	0	0	0	0		0	
22	5140000	5160000	0	0	0	0		0	
22	5160000	5180000	0	0	0	0		0	
22	5180000	5200000	0	0	0	0		0	
22	5200000	5220000	0	0	0	0		0	
22	5220000	5240000	0	0	0	0		0	
22	5240000	5260000	0	0	0	0		0	
22	5260000	5280000	0	0	0	0		0	
22	5280000	5300000	0	0	0	0		0	
22	5300000	5320000	0	0	0	0		0	
22	5320000	5340000	0	0	0	0		0	
22	5340000	5360000	0	0	0	0		0	
22	5360000	5380000	0	0	0	0		0	
22	5380000	5400000	0	0	0	0		0	
22	5400000	5420000	0	0	0	0		0	
22	5420000	5440000	0	0	0	0		0	
22	5440000	5460000	0	0	0	0		0	
22	5460000	5480000	0	0	0	0		0	
22	5480000	5500000	0	0	0	0		0	
22	5500000	5520000	0	0	0	0		0	
22	5520000	5540000	0	0	0	0		0	
22	5540000	5560000	0	0	0	0		0	
22	5560000	5580000	0	0	0	0		0	
22	5580000	5600000	0	0	0	0		0	
22	5600000	5620000	0	0	0	0		0	
22	5620000	5640000	0	0	0	0		0	
22	5640000	5660000	0	0	0	0		0	
22	5660000	5680000	0	0	0	0		0	
22	5680000	5700000	0	0	0	0		0	
22	5700000	5720000	0	0	0	0		0	
22	5720000	5740000	0	0	0	0		0	
22	5740000	5760000	0	0	0	0		0	
22	5760000	5780000	0	0	0	0		0	
22	5780000	5800000	0	0	0	0		0	
22	5800000	5820000	0	0	0	0		0	
22	5820000	5840000	0	0	0	0		0	
22	5840000	5860000	0	0	0	0		0	
22	5860000	5880000	0	0	0	0		0	
22	5880000	5900000	0	0	0	0		0	
22	5900000	5920000	0	0	0	0		0	
22	5920000	5940000	0	0	0	0		0	
22	5940000	5960000	0	0	0	0		0	
22	5960000	5980000	0	0	0	0		0	
22	5980000	6000000	0	0	0	0		0	
22	6000000	6020000	0	0	0	0		0	
22	6020000	6040000	0	0	0	0		0	
22	6040000	6060000	0	0	0	0		0	
22	6060000	6080000	0	0	0	0		0	
22	6080000	6100000	0	0	0	0		0	
22	6100000	6120000	0	0	0	0		0	
22	6120000	6140000	0	0	0	0		0	
22	6140000	6160000	0	0	0	0		0	
22	6160000	6180000	0	0	0	0		0	
22	6180000	6200000	0	0	0	0		0	
22	6200000	6220000	0	0	0	0		0	
22	6220000	6240000	0	0	0	0		0	
22	6240000	6260000	0	0	0	0		0	
22	6260000	6280000	0	0	0	0		0	
22	6280000	6300000	0	0	0	0		0	
22	6300000	6320000	0	0	0	0		0	
22	6320000	6340000	0	0	0	0		0	
22	6340000	6360000	0	0	0	0		0	
22	6360000	6380000	0	0	0	0		0	
22	6380000	6400000	0	0	0	0		0	
22	6400000	6420000	0	0	0	0		0	
22	6420000	6440000	0	0	0	0		0	
22	6440000	6460000	0	0	0	0		0	
22	6460000	6480000	0	0	0	0		0	
22	6480000	6500000	0	0	0	0		0	
22	6500000	6520000	0	0	0	0		0	
22	6520000	6540000	0	0	0	0		0	
22	6540000	6560000	0	0	0	0		0	
22	6560000	6580000	0	0	0	0		0	
22	6580000	6600000	0	0	0	0		0	
22	6600000	6620000	0	0	0	0		0	
22	6620000	6640000	0	0	0	0		0	
22	6640000	6660000	0	0	0	0		0	
22	6660000	6680000	0	0	0	0		0	
22	6680000	6700000	0	0	0	0		0	
22	6700000	6720000	0	0	0	0		0	
22	6720000	6740000	0	0	0	0		0	
22	6740000	6760000	0	0	0	0		0	
22	6760000	6780000	0	0	0	0		0	
22	6780000	6800000	0	0	0	0		0	
22	6800000	6820000	0	0	0	0		0	
22	6820000	6840000	0	0	0	0		0	
22	6840000	6860000	0	0	0	0		0	
22	6860000	6880000	0	0	0	0		0	
22	6880000	6900000	0	0	0	0		0	
22	6900000	6920000	0	0	0	0		0	
22	6920000	6940000	0	0	0	0		0	
22	6940000	6960000	0	0	0	0		0	
22	6960000	6980000	0	0	0	0		0	
22	6980000	7000000	0	0	0	0		0	
22	7000000	7020000	0	0	0	0		0	
22	7020000	7040000	0	0	0	0		0	
22	7040000	7060000	0	0	0	0		0	
22	7060000	7080000	0	0	0	0		0	
22	7080000	7100000	0	0	0	0		0	
22	7100000	7120000	0	0	0	0		0	
22	7120000	7140000	0	0	0	0		0	
22	7140000	7160000	0	0	0	0		0	
22	7160000	7180000	0	0	0	0		0	
22	7180000	7200000	0	0	0	0		0	
22	7200000	7220000	0	0	0	0		0	
22	7220000	7240000	0	0	0	0		0	
22	7240000	7260000	0	0	0	0		0	
22	7260000	7280000	0	0	0	0		0	
22	7280000	7300000	0	0	0	0		0	
22	7300000	7320000	0	0	0	0		0	
22	7320000	7340000	0	0	0	0		0	
22	7340000	7360000	0	0	0	0		0	
22	7360000	7380000	0	0	0	0		0	
22	7380000	7400000	0	0	0	0		0	
22	7400000	7420000	0	0	0	0		0	
22	7420000	7440000	0	0	0	0		0	
22	7440000	7460000	0	0	0	0		0	
22	7460000	7480000	0	0	0	0		0	
22	7480000	7500000	0	0	0	0		0	
22	7500000	7520000	0	0	0	0		0	
22	7520000	7540000	0	0	0	0		0	
22	7540000	7560000	0	0	0	0		0	
22	7560000	7580000	0	0	0	0		0	
22	7580000	7600000	0	0	0	0		0	
22	7600000	7620000	0	0	0	0		0	
22	7620000	7640000	0	0	0	0		0	
22	7640000	7660000	0	0	0	0		0	
22	7660000	7680000	0	0	0	0		0	
22	7680000	7700000	0	0	0	0		0	
22	7700000	7720000	0	0	0	0		0	
22	7720000	7740000	0	0	0	0		0	
22	7740000	7760000	0	0	0	0		0	
22	7760000	7780000	0	0	0	0		0	
22	7780000	7800000	0	0	0	0		0	
22	7800000	7820000	0	0	0	0		0	
22	7820000	7840000	0	0	0	0		0	
22	7840000	7860000	0	0	0	0		0	
22	7860000	7880000	0	0	0	0		0	
22	7880000	7900000	0	0	0	0		0	
22	7900000	7920000	0	0	0	0		0	
22	7920000	7940000	0	0	0	0		0	
22	7940000	7960000	0	0	0	0		0	
22	7960000	7980000	0	0	0	0		0	
22	7980000	8000000	0	0	0	0		0	
22	8000000	8020000	0	0	0	0		0	
22	8020000	8040000	0	0	0	0		0	
22	8040000	8060000	0	0	0	0		0	
22	8060000	8080000	0	0	0	0		0	
22	8080000	8100000	0	0	0	0		0	
22	8100000	8120000	0	0	0	0		0	
22	8120000	8140000	0	0	0	0		0	
22	8140000	8160000	0	0	0	0		0	
22	8160000	8180000	0	0	0	0		0	
22	8180000	8200000	0	0	0	0		0	
22	8200000	8220000	0	0	0	0		0	
22	8220000	8240000	0	0	0	0		0	
22	8240000	8260000	0	0	0	0		0	
22	8260000	8280000	0	0	0	0		0	
22	8280000	8300000	0	0	0	0		0	
22	8300000	8320000	0	0	0	0		0	
22	8320000	8340000	0	0	0	0		0	
22	8340000	8360000	0	0	0	0		0	
22	8360000	8380000	0	0	0	0		0	
22	8380000	8400000	0	0	0	0		0	
22	8400000	8420000	0	0	0	0		0	
22	8420000	8440000	0	0	0	0		0	
22	8440000	8460000	0	0	0	0		0	
22	8460000	8480000	0	0	0	0		0	
22	8480000	8500000	0	0	0	0		0	
22	8500000	8520000	0	0	0	0		0	
22	8520000	8540000	0	0	0	0		0	
22	8540000	8560000	0	0	0	0		0	
22	8560000	8580000	0	0	0	0		0	
22	8580000	8600000	0	0	0	0		0	
22	8600000	8620000	0	0	0	0		0	
22	8620000	8640000	0	0	0	0		0	
22	8640000	8660000	0	0	0	0		0	
22	8660000	8680000	0	0	0	0		0	
22	8680000	8700000	0	0	0	0		0	
22	8700000	8720000	0	0	0	0		0	
22	8720000	8740000	0	0	0	0		0	
22	8740000	8760000	0	0	0	0		0	
22	8760000	8780000	0	0	0	0		0	
22	8780000	8800000	0	0	0	0		0	
22	8800000	8820000	0	0	0	0		0	
22	8820000	8840000	0	0	0	0		0	
22	8840000	8860000	0	0	0	0		0	
22	8860000	8880000	0	0	0	0		0	
22	8880000	8900000	0	0	0	0		0	
22	8900000	8920000	0	0	0	0		0	
22	8920000	8940000	0	0	0	0		0	
22	8940000	8960000	0	0	0	0		0	
22	8960000	8980000	0	0	0	0		0	
22	8980000	9000000	0	0	0	0		0	
22	9000000	9020000	0	0	0	0		0	
22	9020000	9040000	0	0	0	0		0	
22	9040000	9060000	0	0	0	0		0	
22	9060000	9080000	0	0	0	0		0	
22	9080000	9100000	0	0	0	0		0	
22	9100000	9120000	0	0	0	0		0	
22	9120000	9140000	0	0	0	0		0	
22	9140000	9160000	0	0	0	0		0	
22	9160000	9180000	0	0	0	0		0	
22	9180000	9200000	0	0	0	0		0	
22	9200000	9220000	0	0	0	0		0	
22	9220000	9240000	0	0	0	0		0	
22	9240000	9260000	0	0	0	0		0	
22	9260000	9280000	0	0	0	0		0	
22	9280000	9300000	0	0	0	0		0	
22	9300000	9320000	0	0	0	0		0	
22	9320000	9340000	0	0	0	0		0	
22	9340000	9360000	0	0	0	0		0	
22	9360000	9380000	0	0	0	0		0	
22	9380000	9400000	0	0	0	0		0	
22	9400000	9420000	0	0	0	0		0	
22	9420000	9440000	0	0	0	0		0	
22	9440000	9460000	0	0	0	0		0	
22	9460000	9480000	0	0	0	0		0	
22	9480000	9500000	0	0	0	0		0	
22	9500000	9520000	0	0	0	0		0	
22	9520000	9540000	0	0	0	0		0	
22	9540000	9560000	0	0	0	0		0	
22	9560000	9580000	0	0	0	0		0	
22	9580000	9600000	0	0	0	0		0	
22	9600000	9620000	0	0	0	0		0	
22	9620000	9640000	0	0	0	0		0	
22	9640000	9660000	0	0	0	0		0	
22	9660000	9680000	0	0	0	0		0	
22	9680000	9700000	0	0	0	0		0	
22	9700000	9720000	0	0	0	0		0	
22	9720000	9740000	0	0	0	0		0	
22	9740000	9760000	0	0	0	0		0	
22	9760000	9780000	0	0	0	0		0	
22	9780000	9800000	0	0	0	0		0	
22	9800000	9820000	0	0	0	0		0	
22	9820000	9840000	0	0	0	0		0	
22	9840000	9860000	0	0	0	0		0	
22	9860000	9880000	0	0	0	0		0	
22	9880000	9900000	0	0	0	0		0	
22	9900000	9920000	0	0	0	0		0	
22	9920000	9940000	0	0	0	0		0	
22	9940000	9960000	0	0	0	0		0	
22	9960000	9980000	0	0	0	0		0	
22	9980000	10000000	0	0	0	0		0	
22	10000000	10020000	0	0	0	0		0	
22	10020000	10040000	0	0	0	0		0	
22	10040000	10060000	0	0	0	0		0	
22	10060000	10080000	0	0	0	0		0	
22	10080000	10100000	0	0	0	0		0	
22	10100000	10120000	0	0	0	0		0	
22	10120000	10140000	0	0	0	0		0	
22	10140000	10160000	0	0	0	0		0	
22	10160000	10180000	0	0	0	0		0	
22	10180000	10200000	0	0	0	0		0	
22	10200000	10220000	0	0	0	0		0	
22	10220000	10240000	0	0	0	0		0	
22	10240000	10260000	0	0	0	0		0	
22	10260000	10280000	0	0	0	0		0	
22	10280000	10300000	0	0	0	0		0	
22	10300000	10320000	0	0	0	0		0	
22	10320000	10340000	0	0	0	0		0	
22	10340000	10360000	0	0	0	0		0	
22	10360000	10380000	0	0	0	0		0	
22	10380000	10400000	0	0	0	0		0	
22	10400000	10420000	0	0	0	0		0	
22	10420000	10440000	0	0	0	0		0	
22	10440000	10460000	0	0	0	0		0	
22	10460000	10480000	0	0	0	0		0	
22	10480000	10500000	0	0	0	0		0	
22	10500000	10520000	0	0	0	0		0	
22	10520000	10540000	0	0	0	0		0	
22	10540000	10560000	0	0	0	0		0	
22	10560000	10580000	0	0	0	0		0	
22	10580000	10600000	0	0	0	0		0	
22	10600000	10620000	0	0	0	0		0	
22	10620000	10640000	0	0	0	0		0	
22	10640000	10660000	0	0	0	0		0	
22	10660000	10680000	0	0	0	0		0	
22	10680000	10700000	0	0	0	0		0	
22	10700000	10720000	0	0	0	0		0	
22	10720000	10740000	0	0	0	0		0	
22	10740000	10760000	0	0	0	0		0	
22	10760000	10780000	0	0	0	0		0	
22	10780000	10800000	0	0	0	0		0	
22	10800000	10820000	0	0	0	0		0	
22	10820000	10840000	0	0	0	0		0	
22	10840000	10860000	0	0	0	0		0	
22	10860000	10880000	0	0	0	0		0	
22	10880000	10900000	0	0	0	0		0	
22	10900000	10920000	0	0	0	0		0	
22	10920000	10940000	0	0	0	0		0	
22	10940000	10960000	0	0	0	0		0	
22	10960000	10980000	0	0	0	0		0	
22	10980000	11000000	0	0	0	0		0	
22	11000000	11020000	0	0	0	0		0	
22	11020000	11040000	0	0	0	0		0	
22	11040000	11060000	0	0	0	0		0	
22	11060000	11080000	0	0	0	0		0	
22	11080000	11100000	0	0	0	0		0	
22	11100000	11120000	0	0	0	0		0	
22	11120000	11140000	0	0	0	0		0	
22	11140000	11160000	0	0	0	0		0	
22	11160000	11180000	0	0	0	0		0	
22	11180000	11200000	0	0	0	0		0	
22	11200000	11220000	0	0	0	0		0	
22	11220000	11240000	0	0	0	0		0	
22	11240000	11260000	0	0	0	0		0	
22	11260000	11280000	0	0	0	0		0	
22	11280000	11300000	0	0	0	0		0	
22	11300000	11320000	0	0	0	0		0	
22	11320000	11340000	0	0	0	0		0	
22	11340000	11360000	0	0	0	0		0	
22	11360000	11380000	0	0	0	0		0	
22	11380000	11400000	0	0	0	0		0	
22	11400000	11420000	0	0	0	0		0	
22	11420000	11440000	0	0	0	0		0	
22	11440000	11460000	0	0	0	0		0	
22	11460000	11480000	0	0	0	0		0	
22	11480000	11500000	0	0	0	0		0	
22	11500000	11520000	0	0	0	0		0	
22	11520000	11540000	0	0	0	0		0	
22	11540000	11560000	0	0	0	0		0	
22	11560000	11580000	0	0	0	0		0	
22	11580000	11600000	0	0	0	0		0	
22	11600000	11620000	0	0	0	0		0	
22	11620000	11640000	0	0	0	0		0	
22	11640000	11660000	0	0	0	0		0	
22	11660000	11680000	0	0	0	0		0	
22	11680000	11700000	0	0	0	0		0	
22	11700000	11720000	0	0	0	0		0	
22	11720000	11740000	0	0	0	0		0	
22	11740000	11760000	0	0	0	0		0	
22	11760000	11780000	0	0	0	0		0	
22	11780000	11800000	0	0	0	0		0	
22	11800000	11820000	0	0	0	0		0	
22	11820000	11840000	0	0	0	0		0	
22	11840000	11860000	0	0	0	0		0	
22	11860000	11880000	0	0	0	0		0	
22	11880000	11900000	0	0	0	0		0	
22	11900000	11920000	0	0	0	0		0	
22	11920000	11940000	0	0	0	0		0	
22	11940000	11960000	0	0	0	0		0	
22	11960000	11980000	0	0	0	0		0	
22	11980000	12000000	0	0	0	0		0	
22	12000000	12020000	0	0	0	0		0	
22	12020000	12040000	0	0	0	0		0	
22	12040000	12060000	0	0	0	0		0	
22	12060000	12080000	0	0	0	0		0	
22	12080000	12100000	0	0	0	0		0	
22	12100000	12120000	0	0	0	0		0	
22	12120000	12140000	0	0	0	0		0	
22	12140000	12160000	0	0	0	0		0	
22	12160000	12180000	0	0	0	0		0	
22	12180000	12200000	0	0	0	0		0	
22	12200000	12220000	0	0	0	0		0	
22	12220000	12240000	0	0	0	0		0	
22	12240000	12260000	0	0	0	0		0	
22	12260000	12280000	0	0	0	0		0	
22	12280000	12300000	0	0	0	0		0	
22	12300000	12320000	0	0	0	0		0	
22	12320000	12340000	0	0	0	0		0	
22	12340000	12360000	0	0	0	0		0	
22	12360000	12380000	0	0	0	0		0	
22	12380000	12400000	0	0	0	0		0	
22	12400000	12420000	0	0	0	0		0	
22	12420000	12440000	0	0	0	0		0	
22	12440000	12460000	0	0	0	0		0	
22	12460000	12480000	0	0	0	0		0	
22	12480000	12500000	0	0	0	0		0	
22	12500000	12520000	0	0	0	0		0	
22	12520000	12540000	0	0	0	0		0	
22	12540000	12560000	0	0	0	0		0	
22	12560000	12580000	0	0	0	0		0	
22	12580000	12600000	0	0	0	0		0	
22	12600000	12620000	0	0	0	0		0	
22	12620000	12640000	0	0	0	0		0	
22	12640000	12660000	0	0	0	0		0	
22	12660000	12680000	0	0	0	0		0	
22	12680000	12700000	0	0	0	0		0	
22	12700000	12720000	0	0	0	0		0	
22	12720000	12740000	0	0	0	0		0	
22	12740000	12760000	0	0	0	0		0	
22	12760000	12780000	0	0	0	0		0	
22	12780000	12800000	0	0	0	0		0	
22	12800000	12820000	0	0	0	0		0	
22	12820000	12840000	0	0	0	0		0	
22	12840000	12860000	0	0	0	0		0	
22	12860000	12880000	0	0	0	0		0	
22	12880000	12900000	0	0	0	0		0	
22	12900000	12920000	0	0	0	0		0	
22	12920000	12940000	0	0	0	0		0	
22	12940000	12960000	0	0	0	0		0	
22	12960000	12980000	0	0	0	0		0	
22	12980000	13000000	0	0	0	0		0	
22	13000000	13020000	0	0	0	0		0	
22	13020000	13040000	0	0	0	0		0	
22	13040000	13060000	0	0	0	0		0	
22	13060000	13080000	0	0	0	0		0	
22	13080000	13100000	0	0	0	0		0	
22	13100000	13120000	0	0	0	0		0	
22	13120000	13140000	0	0	0	0		0	
22	13140000	13160000	0	0	0	0		0	
22	13160000	13180000	0	0	0	0		0	
22	13180000	13200000	0	0	0	0		0	
22	13200000	13220000	0	0	0	0		0	
22	13220000	13240000	0	0	0	0		0	
22	13240000	13260000	0	0	0	0		0	
22	13260000	13280000	0	0	0	0		0	
22	13280000	13300000	0	0	0	0		0	
22	13300000	13320000	0	0	0	0		0	
22	13320000	13340000	0	0	0	0		0	
22	13340000	13360000	0	0	0	0		0	
22	13360000	13380000	0	0	0	0		0	
22	13380000	13400000	0	0	0	0		0	
22	13400000	13420000	0	0	0	0		0	
22	13420000	13440000	0	0	0	0		0	
22	13440000	13460000	0	0	0	0		0	
22	13460000	13480000	0	0	0	0		0	
22	13480000	13500000	0	0	0	0		0	
22	13500000	13520000	0	0	0	0		0	
22	13520000	13540000	0	0	0	0		0	
22	13540000	13560000	0	0	0	0		0	
22	13560000	13580000	0	0	0	0		0	
22	13580000	13600000	0	0	0	0		0	
22	13600000	13620000	0	0	0	0		0	
22	13620000	13640000	0	0	0	0		0	
22	13640000	13660000	0	0	0	0		0	
22	13660000	13680000	0	0	0	0		0	
22	13680000	13700000	0	0	0	0		0	
22	13700000	13720000	0	0	0	0		0	
22	13720000	13740000	0	0	0	0		0	
22	13740000	13760000	0	0	0	0		0	
22	13760000	13780000	0	0	0	0		0	
22	13780000	13800000	0	0	0	0		0	
22	13800000	13820000	0	0	0	0		0	
22	13820000	13840000	0	0	0	0		0	
22	13840000	13860000	0	0	0	0		0	
22	13860000	13880000	0	0	0	0		0	
22	13880000	13900000	0	0	0	0		0	
22	13900000	13920000	0	0	0	0		0	
22	13920000	13940000	0	0	0	0		0	
22	13940000	13960000	0	0	0	0		0	
22	13960000	13980000	0	0	0	0		0	
22	13980000	14000000	0	0	0	0		0	
22	14000000	14020000	0	0	0	0		0	
22	14020000	14040000	0	0	0	0		0	
22	14040000	14060000	0	0	0	0		0	
22	14060000	14080000	0	0	0	0		0	
22	14080000	14100000	0	0	0	0		0	
22	14100000	14120000	0	0	0	0		0	
22	14120000	14140000	0	0	0	0		0	
22	14140000	14160000	0	0	0	0		0	
22	14160000	14180000	0	0	0	0		0	
22	14180000	14200000	0	0	0	0		0	
22	14200000	14220000	0	0	0	0		0	
22	14220000	14240000	0	0	0	0		0	
22	14240000	14260000	0	0	0	0		0	
22	14260000	14280000	0	0	0	0		0	
22	14280000	14300000	0	0	0	0		0	
22	14300000	14320000	0	0	0	0		0	
22	14320000	14340000	0	0	0	0		0	
22	14340000	14360000	0	0	0	0		0	
22	14360000	14380000	0	0	0	0		0	
22	14380000	14400000	0	0	0	0		0	
22	14400000	14420000	0	0	0	0		0	
22	14420000	14440000	0	0	0	0		0	
22	14440000	14460000	0	0	0	0		0	
22	14460000	14480000	0	0	0	0		0	
22	14480000	14500000	0	0	0	0		0	
22	14500000	14520000	0	0	0	0		0	
22	14520000	14540000	0	0	0	0		0	
22	14540000	14560000	0	0	0	0		0	
22	14560000	14580000	0	0	0	0		0	
22	14580000	14600000	0	0	0	0		0	
22	14600000	14620000	0	0	0	0		0	
22	14620000	14640000	0	0	0	0		0	
22	14640000	14660000	0	0	0	0		0	
22	14660000	14680000	0	0	0	0		0	
22	14680000	14700000	0	0	0	0		0	
22	14700000	14720000	0	0	0	0		0	
22	14720000	14740000	0	0	0	0		0	
22	14740000	14760000	0	0	0	0		0	
22	14760000	14780000	0	0	0	0		0	
22	14780000	14800000	0	0	0	0		0	
22	14800000	14820000	0	0	0	0		0	
22	14820000	14840000	0	0	0	0		0	
22	14840000	14860000	0	0	0	0		0	
22	14860000	14880000	0	0	0	0		0	
22	14880000	14900000	0	0	0	0		0	
22	14900000	14920000	0	0	0	0		0	
22	14920000	14940000	0	0	0	0		0	
22	14940000	14960000	0	0	0	0		0	
22	14960000	14980000	0	0	0	0		0	
22	14980000	15000000	0	0	0	0		0	
22	15000000	15020000	0	0	0	0		0	
22	15020000	15040000	0	0	0	0		0	
22	15040000	15060000	0	0	0	0		0	
22	15060000	15080000	0	0	0	0		0	
22	15080000	15100000	0	0	0	0		0	
22	15100000	15120000	0	0	0	0		0	
22	15120000	15140000	0	0	0	0		0	
22	15140000	15160000	0	0	0	0		0	
22	15160000	15180000	0	0	0	0		0	
22	15180000	15200000	0	0	0	0		0	
22	15200000	15220000	0	0	0	0		0	
22	15220000	15240000	0	0	0	0		0	
22	15240000	15260000	0	0	0	0		0	
22	15260000	15280000	0	0	0	0		0	
22	15280000	15300000	0	0	0	0		0	
22	15300000	15320000	0	0	0	0		0	
22	15320000	15340000	0	0	0	0		0	
22	15340000	15360000	0	0	0	0		0	
22	15360000	15380000	0	0	0	0		0	
22	15380000	15400000	0	0	0	0		0	
22	15400000	15420000	0	0	0	0		0	
22	15420000	15440000	0	0	0	0		0	
22	15440000	15460000	0	0	0	0		0	
22	15460000	15480000	0	0	0	0		0	
22	15480000	15500000	0	0	0	0		0	
22	15500000	15520000	0	0	0	0		0	
22	15520000	15540000	0	0	0	0		0	
22	15540000	15560000	0	0	0	0		0	
22	15560000	15580000	0	0	0	0		0	
22	15580000	15600000	0	0	0	0		0	
22	15600000	15620000	0	0	0	0		0	
22	15620000	15640000	0	0	0	0		0	
22	15640000	15660000	0	0	0	0		0	
22	15660000	15680000	0	0	0	0		0	
22	15680000	15700000	0	0	0	0		0	
22	15700000	15720000	0	0	0	0		0	
22	15720000	15740000	0	0	0	0		0	
22	15740000	15760000	0	0	0	0		0	
22	15760000	15780000	0	0	0	0		0	
22	15780000	15800000	0	0	0	0		0	
22	15800000	15820000	0	0	0	0		0	
22	15820000	15840000	0	0	0	0		0	
22	15840000	15860000	0	0	0	0		0	
22	15860000	15880000	0	0	0	0		0	
22	15880000	15900000	0	0	0	0		0	
22	15900000	15920000	0	0	0	0		0	
22	15920000	15940000	0	0	0	0		0	
22	15940000	15960000	0	0	0	0		0	
22	15960000	15980000	0	0	0	0		0	
22	15980000	16000000	0	0	0	0		0	
22	16000000	16020000	0	0	0	0		0	
22	16020000	16040000	0	0	0	0		0	
22	16040000	16060000	0	0	4636	0		0.2318	
22	16060000	16080000	0	0	10671	0		0.53355	
22	16080000	16100000	0	0	6582	0		0.3291	
22	16100000	16120000	0	0	8943	0		0.44715	
22	16120000	16140000	0	0	8745	0		0.43725	
22	16140000	16160000	0	0	7053	0		0.35265	
22	16160000	16180000	0	0	12307	0		0.61535	
22	16180000	16200000	0	0	9581	0		0.47905	
22	16200000	16220000	0	0	6736	0		0.3368	
22	16220000	16240000	1	1	8849	1	1	0.44245	1
22	16240000	16260000	0	0	6488	0		0.3244	
22	16260000	16280000	0	0	7158	0		0.3579	
22	16280000	16300000	0	0	8619	0		0.43095	
22	16300000	16320000	0	0	15533	0		0.77665	
22	16320000	16340000	0	0	13632	0		0.6816	
22	16340000	16360000	0	0	5602	0		0.2801	
22	16360000	16380000	0	0	10222	0		0.5111	
22	16380000	16400000	0	0	10797	0		0.53985	
22	16400000	16420000	0	0	4606	0		0.2303	
22	16420000	16440000	0	0	7071	0		0.35355	
22	16440000	16460000	0	0	10355	0		0.51775	
22	16460000	16480000	0	0	9649	0		0.48245	
22	16480000	16500000	0	0	13272	1		0.6636	0
22	16500000	16520000	0	0	16951	0		0.84755	
22	16520000	16540000	0	0	20000	0		1	
22	16540000	16560000	0	0	20000	0		1	
22	16560000	16580000	0	0	20000	0		1	
22	16580000	16600000	0	0	20000	0		1	
22	16600000	16620000	0	0	19971	0		0.99855	
22	16620000	16640000	0	0	13315	0		0.66575	
22	16640000	16660000	0	0	11884	0		0.5942	
22	16660000	16680000	0	0	13510	0		0.6755	
22	16680000	16700000	0	0	14806	0		0.7403	
22	16700000	16720000	0	0	0	0		0	
22	16720000	16740000	0	0	0	0		0	
22	16740000	16760000	0	0	0	0		0	
22	16760000	16780000	0	0	0	0		0	
22	16780000	16800000	0	0	0	0		0	
22	16800000	16820000	0	0	0	0		0	
22	16820000	16840000	0	0	0	0		0	
22	16840000	16860000	0	0	11907	0		0.59535	
22	16860000	16880000	0	0	9587	28		0.47935	0
22	16880000	16900000	0	0	13695	31		0.68475	0
22	16900000	16920000	0	0	9064	14		0.4532	0
22	16920000	16940000	10	2	18098	11	0.2	0.9049	0.909091
22	16940000	16960000	16	5	14295	22	0.3125	0.71475	0.727273
22	16960000	16980000	0	0	16271	0		0.81355	
22	16980000	17000000	0	0	13313	0		0.66565	
22	17000000	17020000	0	0	13125	0		0.65625	
22	17020000	17040000	0	0	10535	58		0.52675	0
22	17040000	17060000	0	0	11957	63		0.59785	0
22	17060000	17080000	0	0	9092	365		0.4546	0
22	17080000	17100000	0	0	7879	414		0.39395	0
22	17100000	17120000	0	0	8980	73		0.449	0
22	17120000	17140000	0	0	12175	174		0.60875	0
22	17140000	17160000	0	0	11749	278		0.58745	0
22	17160000	17180000	0	0	11711	0		0.58555	
22	17180000	17200000	0	0	6890	303		0.3445	0
22	17200000	17220000	1319	122	4916	1466	0.0924943	0.2458	0.899727
22	17220000	17240000	287	30	12002	368	0.10453	0.6001	0.779891
22	17240000	17260000	0	0	16331	0		0.81655	
22	17260000	17280000	0	0	15212	463		0.7606	0
22	17280000	17300000	0	0	10333	10614		0.51665	0
22	17300000	17320000	0	0	6771	11094		0.33855	0
22	17320000	17340000	0	0	11525	4127		0.57625	0
22	17340000	17360000	0	0	9809	694		0.49045	0
22	17360000	17380000	0	0	12256	24		0.6128	0
22	17380000	17400000	2532	22	8011	4091	0.00868878	0.40055	0.61892
22	17400000	17420000	7886	52	8591	8682	0.00659396	0.42955	0.908316
22	17420000	17440000	10121	50	11127	10187	0.00494022	0.55635	0.993521
22	17440000	17460000	11489	65	6660	11802	0.00565759	0.333	0.973479
22	17460000	17480000	8330	40	13603	8996	0.00480192	0.68015	0.925967
22	17480000	17500000	5234	35	12906	5272	0.00668705	0.6453	0.992792
22	17500000	17520000	81	2	11633	81	0.0246914	0.58165	1
22	17520000	17540000	8898	48	12855	8983	0.00539447	0.64275	0.990538
22	17540000	17560000	7170	37	14448	7336	0.00516039	0.7224	0.977372
22	17560000	17580000	8270	43	9980	10432	0.00519952	0.499	0.792753
22	17580000	17600000	12455	70	5169	12752	0.00562023	0.25845	0.97671
22	17600000	17620000	8285	39	12067	8680	0.0047073	0.60335	0.954493
22	17620000	17640000	9148	63	9558	9272	0.00688675	0.4779	0.986626
22	17640000	17660000	8407	48	12179	8466	0.00570953	0.60895	0.993031
22	17660000	17680000	8498	38	10349	8605	0.00447164	0.51745	0.987565
22	17680000	17700000	6749	36	12775	6812	0.00533412	0.63875	0.990752
22	17700000	17720000	8208	56	11277	9037	0.00682261	0.56385	0.908266
22	17720000	17740000	6944	39	11768	8295	0.00561636	0.5884	0.837131
22	17740000	17760000	8252	56	10256	8456	0.00678623	0.5128	0.975875
22	17760000	17780000	6343	33	12838	6619	0.00520259	0.6419	0.958302
22	17780000	17800000	9118	54	11399	9259	0.00592235	0.56995	0.984772
22	17800000	17820000	7256	61	14575	7775	0.00840684	0.72875	0.933248
22	17820000	17840000	5880	29	14741	6045	0.00493197	0.73705	0.972705
22	17840000	17860000	7990	31	9347	8201	0.00387985	0.46735	0.974271
22	17860000	17880000	8163	51	13969	8254	0.0062477	0.69845	0.988975
22	17880000	17900000	9501	69	9771	9635	0.00726239	0.48855	0.986092
22	17900000	17920000	10445	58	9952	10529	0.0055529	0.4976	0.992022
22	17920000	17940000	9220	58	10896	9301	0.00629067	0.5448	0.991291
22	17940000	17960000	9869	59	8256	10918	0.00597832	0.4128	0.90392
22	17960000	17980000	8615	50	12356	8715	0.00580383	0.6178	0.988526
22	17980000	18000000	9203	54	8091	9282	0.00586765	0.40455	0.991489
22	18000000	18020000	6507	37	12623	6671	0.00568618	0.63115	0.975416
22	18020000	18040000	10115	63	7386	10204	0.00622837	0.3693	0.991278
22	18040000	18060000	5916	35	11938	6122	0.00591616	0.5969	0.966351
22	18060000	18080000	9112	46	8755	9177	0.00504829	0.43775	0.992917
22	18080000	18100000	6077	34	12317	7071	0.00559487	0.61585	0.859426
22	18100000	18120000	5504	33	13391	5650	0.00599564	0.66955	0.974159
22	18120000	18140000	5666	29	12794	5716	0.00511825	0.6397	0.991253
22	18140000	18160000	5107	27	14397	5190	0.00528686	0.71985	0.984008
22	18160000	18180000	3363	21	11629	7764	0.00624442	0.58145	0.433153
22	18180000	18200000	5453	28	9891	9365	0.00513479	0.49455	0.582274
22	18200000	18220000	10365	63	7669	10472	0.00607815	0.38345	0.989782
22	18220000	18240000	9256	67	8850	9361	0.00723855	0.4425	0.988783
22	18240000	18260000	8017	60	9085	8180	0.0074841	0.45425	0.980073
22	18260000	18280000	13941	93	2566	14080	0.00667097	0.1283	0.990128
22	18280000	18300000	12120	104	4384	12651	0.00858086	0.2192	0.958027
22	18300000	18320000	13686	87	3401	13794	0.00635686	0.17005	0.992171
22	18320000	18340000	2049	12	5954	12085	0.00585652	0.2977	0.169549
22	18340000	18360000	10963	74	1764	14481	0.00674998	0.0882	0.757061
22	18360000	18380000	13014	92	3860	13508	0.00706931	0.193	0.963429
22	18380000	18400000	12423	67	5946	12501	0.00539322	0.2973	0.99376
22	18400000	18420000	9213	52	12083	9353	0.0056442	0.60415	0.985032
22	18420000	18440000	12460	72	6390	12586	0.00577849	0.3195	0.989989
22	18440000	18460000	11219	81	7205	11364	0.00721989	0.36025	0.98724
22	18460000	18480000	4878	33	9978	5433	0.00676507	0.4989	0.897846
22	18480000	18500000	7025	50	9666	7443	0.00711744	0.4833	0.94384
22	18500000	18520000	9742	57	8126	10045	0.00585095	0.4063	0.969836
22	18520000	18540000	7050	31	13315	7163	0.00439716	0.66575	0.984224
22	18540000	18560000	12140	42	8891	12223	0.00345964	0.44455	0.99321
22	18560000	18580000	9216	50	8603	9308	0.00542535	0.43015	0.990116
22	18580000	18600000	10313	57	7509	10766	0.005527	0.37545	0.957923
22	18600000	18620000	5071	23	7760	10698	0.00453559	0.388	0.474014
22	18620000	18640000	0	0	14122	7211		0.7061	0
22	18640000	18660000	0	0	11926	1300		0.5963	0
22	18660000	18680000	0	0	5922	0		0.2961	
22	18680000	18700000	0	0	14732	0		0.7366	
22	18700000	18720000	0	0	13913	0		0.69565	
22	18720000	18740000	0	0	6593	0		0.32965	
22	18740000	18760000	0	0	10042	0		0.5021	
22	18760000	18780000	0	0	9548	0		0.4774	
22	18780000	18800000	0	0	5853	0		0.29265	
22	18800000	18820000	0	0	6312	0		0.3156	
22	18820000	18840000	0	0	6684	0		0.3342	
22	18840000	18860000	0	0	4479	0		0.22395	
22	18860000	18880000	0	0	7466	3		0.3733	0
22	18880000	18900000	805	16	12097	1410	0.0198758	0.60485	0.570922
22	18900000	18920000	0	0	2749	6126		0.13745	0
22	18920000	18940000	0	0	13324	1988		0.6662	0
22	18940000	18960000	0	0	2599	1690		0.12995	0
22	18960000	18980000	2781	30	7993	4555	0.0107875	0.39965	0.610538
22	18980000	19000000	5656	52	11098	5710	0.00919378	0.5549	0.990543
22	19000000	19020000	3688	25	8165	3767	0.00677874	0.40825	0.979028
22	19020000	19040000	10930	55	5834	11363	0.00503202	0.2917	0.961894
22	19040000	19060000	12997	60	7015	13703	0.00461645	0.35075	0.948478
22	19060000	19080000	7738	40	16575	9094	0.00516929	0.82875	0.850891
22	19080000	19100000	7184	44	12484	8367	0.00612472	0.6242	0.858611
22	19100000	19120000	6834	36	5967	11455	0.00526778	0.29835	0.596595
22	19120000	19140000	10758	84	5490	12035	0.00780814	0.2745	0.893893
22	19140000	19160000	6402	40	14069	7350	0.00624805	0.70345	0.87102
22	19160000	19180000	10771	48	4461	10882	0.00445641	0.22305	0.9898
22	19180000	19200000	11452	46	9035	11545	0.00401677	0.45175	0.991945
22	19200000	19220000	12236	51	7720	12323	0.00416803	0.386	0.99294
22	19220000	19240000	9588	26	9583	9708	0.00271172	0.47915	0.987639
22	19240000	19260000	5318	18	15177	6215	0.00338473	0.75885	0.855672
22	19260000	19280000	8986	44	9674	9933	0.00489651	0.4837	0.904661
22	19280000	19300000	7479	35	17593	7538	0.00467977	0.87965	0.992173
22	19300000	19320000	6422	27	16970	6470	0.0042043	0.8485	0.992581
22	19320000	19340000	6649	27	16195	6700	0.00406076	0.80975	0.992388
22	19340000	19360000	10789	50	8507	10875	0.00463435	0.42535	0.992092
22	19360000	19380000	12038	52	8679	12109	0.00431965	0.43395	0.994137
22	19380000	19400000	13755	50	7283	13841	0.00363504	0.36415	0.993787
22	19400000	19420000	10485	38	10317	10574	0.00362423	0.51585	0.991583
22	19420000	19440000	9286	38	8963	9754	0.00409218	0.44815	0.95202
22	19440000	19460000	12257	40	7378	12321	0.00326344	0.3689	0.994806
22	19460000	19480000	10307	51	11223	10453	0.00494809	0.56115	0.986033
22	19480000	19500000	10531	60	9872	10634	0.00569746	0.4936	0.990314
22	19500000	19520000	12203	74	6603	12323	0.00606408	0.33015	0.990262
22	19520000	19540000	6530	39	17051	6712	0.00597243	0.85255	0.972884
22	19540000	19560000	8179	43	11642	10310	0.00525737	0.5821	0.793307
22	19560000	19580000	8215	60	12333	8449	0.00730371	0.61665	0.972304
22	19580000	19600000	9876	81	11187	9973	0.0082017	0.55935	0.990274
22	19600000	19620000	9488	77	9550	9645	0.00811551	0.4775	0.983722
22	19620000	19640000	11497	70	12628	11626	0.00608854	0.6314	0.988904
22	19640000	19660000	9315	104	9787	9543	0.0111648	0.48935	0.976108
22	19660000	19680000	9026	57	13183	9133	0.00631509	0.65915	0.988284
22	19680000	19700000	10099	79	10066	10200	0.00782256	0.5033	0.990098
22	19700000	19720000	10269	60	4013	10544	0.00584283	0.20065	0.973919
22	19720000	19740000	13641	98	1273	14224	0.00718422	0.06365	0.959013
22	19740000	19760000	12031	76	2628	12402	0.00631701	0.1314	0.970085
22	19760000	19780000	10791	61	9615	11094	0.00565286	0.48075	0.972688
22	19780000	19800000	12220	82	4769	12440	0.00671031	0.23845	0.982315
22	19800000	19820000	12237	87	10929	12599	0.00710959	0.54645	0.971268
22	19820000	19840000	12177	83	10509	12438	0.00681613	0.52545	0.979016
22	19840000	19860000	8821	58	12064	10083	0.00657522	0.6032	0.874839
22	19860000	19880000	12952	77	1958	13640	0.00594503	0.0979	0.94956
22	19880000	19900000	11132	72	4899	11225	0.00646784	0.24495	0.991715
22	19900000	19920000	8983	61	11308	9634	0.0067906	0.5654	0.932427
22	19920000	19940000	5735	34	15477	6341	0.00592851	0.77385	0.904431
22	19940000	19960000	10190	53	4901	11197	0.00520118	0.24505	0.910065
22	19960000	19980000	14352	63	670	15071	0.00438963	0.0335	0.952292
22	19980000	20000000	11758	91	7107	11899	0.00773941	0.35535	0.98815
22	20000000	20020000	10192	64	5482	10319	0.00627943	0.2741	0.987693
22	20020000	20040000	8250	47	10728	9234	0.00569697	0.5364	0.893437
22	20040000	20060000	11359	68	7962	11842	0.00598644	0.3981	0.959213
22	20060000	20080000	10580	47	9731	10652	0.00444234	0.48655	0.993241
22	20080000	20100000	11872	71	8358	12051	0.00598046	0.4179	0.985146
22	20100000	20120000	10528	54	3387	10637	0.00512918	0.16935	0.989753
22	20120000	20140000	7882	44	2083	8364	0.00558234	0.10415	0.942372
22	20140000	20160000	6540	73	4537	7386	0.0111621	0.22685	0.885459
22	20160000	20180000	11829	84	4249	11966	0.00710119	0.21245	0.988551
22	20180000	20200000	13570	103	2216	14175	0.00759027	0.1108	0.957319
22	20200000	20220000	12444	68	3049	13246	0.00546448	0.15245	0.939453
22	20220000	20240000	13138	88	2506	14510	0.00669813	0.1253	0.905445
22	20240000	20260000	6941	68	2693	7864	0.00979686	0.13465	0.88263
22	20260000	20280000	0	0	2967	3929		0.14835	0
22	20280000	20300000	0	0	6037	3965		0.30185	0
22	20300000	20320000	0	0	9901	2129		0.49505	0
22	20320000	20340000	0	0	10390	0		0.5195	
22	20340000	20360000	0	0	8932	0		0.4466	
22	20360000	20380000	0	0	9561	0		0.47805	
22	20380000	20400000	0	0	6448	0		0.3224	
22	20400000	20420000	0	0	8326	0		0.4163	
22	20420000	20440000	0	0	10294	0		0.5147	
22	20440000	20460000	0	0	10254	0		0.5127	
22	20460000	20480000	0	0	8881	0		0.44405	
22	20480000	20500000	0	0	7864	0		0.3932	
22	20500000	20520000	0	0	5045	0		0.25225	
22	20520000	20540000	0	0	0	0		0	
22	20540000	20560000	0	0	0	0		0	
22	20560000	20580000	0	0	0	0		0	
22	20580000	20600000	0	0	0	0		0	
22	20600000	20620000	0	0	3610	0		0.1805	
22	20620000	20640000	0	0	9381	0		0.46905	
22	20640000	20660000	0	0	7939	0		0.39695	
22	20660000	20680000	0	0	11796	0		0.5898	
22	20680000	20700000	0	0	13816	0		0.6908	
22	20700000	20720000	11	1	4708	21	0.0909091	0.2354	0.52381
22	20720000	20740000	36	3	14730	2022	0.0833333	0.7365	0.0178042
22	20740000	20760000	5724	41	9650	9300	0.00716282	0.4825	0.615484
22	20760000	20780000	7577	61	9771	8118	0.00805068	0.48855	0.933358
22	20780000	20800000	11146	42	5384	11840	0.00376817	0.2692	0.941385
22	20800000	20820000	9751	62	8488	9815	0.00635832	0.4244	0.993479
22	20820000	20840000	4542	26	12826	7055	0.00572435	0.6413	0.643799
22	20840000	20860000	5670	40	11604	7767	0.00705467	0.5802	0.730012
22	20860000	20880000	8393	32	9256	9418	0.0038127	0.4628	0.891166
22	20880000	20900000	8481	38	12668	8570	0.0044806	0.6334	0.989615
22	20900000	20920000	11550	48	8839	11621	0.00415584	0.44195	0.99389
22	20920000	20940000	11917	59	3304	12019	0.00495091	0.1652	0.991513
22	20940000	20960000	8353	54	8644	8413	0.00646474	0.4322	0.992868
22	20960000	20980000	6891	62	7127	8104	0.00899724	0.35635	0.850321
22	20980000	21000000	0	0	8215	10430		0.41075	0
22	21000000	21020000	0	0	14004	7614		0.7002	0
22	21020000	21040000	0	0	10466	2399		0.5233	0
22	21040000	21060000	0	0	7637	110		0.38185	0
22	21060000	21080000	2099	8	8136	2262	0.00381134	0.4068	0.92794
22	21080000	21100000	7365	42	7273	7454	0.00570265	0.36365	0.98806
22	21100000	21120000	10166	74	8012	10295	0.00727917	0.4006	0.98747
22	21120000	21140000	10088	38	9342	10184	0.00376685	0.4671	0.990573
22	21140000	21160000	12359	59	6395	12630	0.00477385	0.31975	0.978543
22	21160000	21180000	8989	54	10179	9128	0.00600734	0.50895	0.984772
22	21180000	21200000	6520	34	14186	6654	0.00521472	0.7093	0.979862
22	21200000	21220000	7296	43	11474	7573	0.00589364	0.5737	0.963423
22	21220000	21240000	8989	35	10315	9051	0.00389365	0.51575	0.99315
22	21240000	21260000	6234	27	12826	6283	0.00433109	0.6413	0.992201
22	21260000	21280000	6401	24	13137	6487	0.00374941	0.65685	0.986743
22	21280000	21300000	6962	33	12246	6996	0.00474002	0.6123	0.99514
22	21300000	21320000	9637	38	7463	9712	0.00394314	0.37315	0.992278
22	21320000	21340000	12821	77	4412	12922	0.00600577	0.2206	0.992184
22	21340000	21360000	11852	68	3568	11953	0.00573743	0.1784	0.99155
22	21360000	21380000	7893	42	7917	7979	0.00532117	0.39585	0.989222
22	21380000	21400000	8689	31	8492	9615	0.00356773	0.4246	0.903692
22	21400000	21420000	0	0	10338	6335		0.5169	0
22	21420000	21440000	0	0	7129	8118		0.35645	0
22	21440000	21460000	0	0	12867	7786		0.64335	0
22	21460000	21480000	0	0	8112	2612		0.4056	0
22	21480000	21500000	0	0	6390	0		0.3195	
22	21500000	21520000	0	0	13918	0		0.6959	
22	21520000	21540000	0	0	6629	0		0.33145	
22	21540000	21560000	0	0	8643	0		0.43215	
22	21560000	21580000	0	0	9435	0		0.47175	
22	21580000	21600000	0	0	6145	0		0.30725	
22	21600000	21620000	0	0	6337	0		0.31685	
22	21620000	21640000	0	0	6919	0		0.34595	
22	21640000	21660000	0	0	5272	0		0.2636	
22	21660000	21680000	0	0	5844	0		0.2922	
22	21680000	21700000	0	0	13816	0		0.6908	
22	21700000	21720000	0	0	7859	0		0.39295	
22	21720000	21740000	0	0	8765	0		0.43825	
22	21740000	21760000	0	0	10500	0		0.525	
22	21760000	21780000	0	0	10474	0		0.5237	
22	21780000	21800000	535	1	6978	2086	0.00186916	0.3489	0.256472
22	21800000	21820000	5848	38	9821	5886	0.00649795	0.49105	0.993544
22	21820000	21840000	0	0	7291	0		0.36455	
22	21840000	21860000	0	0	5538	0		0.2769	
22	21860000	21880000	0	0	10551	0		0.52755	
22	21880000	21900000	0	0	13543	0		0.67715	
22	21900000	21920000	780	16	9442	865	0.0205128	0.4721	0.901734
22	21920000	21940000	6797	32	11408	7739	0.00470796	0.5704	0.878279
22	21940000	21960000	7615	45	11122	7732	0.00590939	0.5561	0.984868
22	21960000	21980000	9112	62	9333	9391	0.00680421	0.46665	0.970291
22	21980000	22000000	8669	45	7122	10164	0.00519091	0.3561	0.852912
22	22000000	22020000	8079	44	10856	8146	0.00544622	0.5428	0.991775
22	22020000	22040000	8688	51	9530	8763	0.00587017	0.4765	0.991441
22	22040000	22060000	11027	63	5048	11394	0.00571325	0.2524	0.96779
22	22060000	22080000	5804	31	13572	5907	0.00534114	0.6786	0.982563
22	22080000	22100000	5690	29	10750	8522	0.00509666	0.5375	0.667684
22	22100000	22120000	10493	45	8161	11254	0.00428857	0.40805	0.93238
22	22120000	22140000	9068	42	10552	9126	0.00463167	0.5276	0.993645
22	22140000	22160000	7673	35	11818	7897	0.00456145	0.5909	0.971635
22	22160000	22180000	9074	42	12162	9207	0.00462861	0.6081	0.985554
22	22180000	22200000	9026	29	12315	9130	0.00321294	0.61575	0.988609
22	22200000	22220000	9531	38	11970	9615	0.00398699	0.5985	0.991264
22	22220000	22240000	4649	14	14254	5077	0.0030114	0.7127	0.915698
22	22240000	22260000	4805	14	19214	4962	0.00291363	0.9607	0.96836
22	22260000	22280000	7943	33	9803	8189	0.0041546	0.49015	0.96996
22	22280000	22300000	12436	50	7232	12539	0.00402059	0.3616	0.991786
22	22300000	22320000	10387	47	3598	10532	0.00452489	0.1799	0.986232
22	22320000	22340000	6209	35	7463	11557	0.00563698	0.37315	0.53725
22	22340000	22360000	0	0	11042	11035		0.5521	0
22	22360000	22380000	0	0	12373	10039		0.61865	0
22	22380000	22400000	9648	61	4367	12848	0.00632255	0.21835	0.750934
22	22400000	22420000	8755	48	11152	8820	0.00548258	0.5576	0.99263
22	22420000	22440000	8902	52	6647	12297	0.00584138	0.33235	0.723916
22	22440000	22460000	0	0	9214	11162		0.4607	0
22	22460000	22480000	1325	17	9572	6798	0.0128302	0.4786	0.19491
22	22480000	22500000	9232	74	11842	9444	0.0080156	0.5921	0.977552
22	22500000	22520000	11008	91	5431	11127	0.00826672	0.27155	0.989305
22	22520000	22540000	6648	59	7556	11780	0.00887485	0.3778	0.564346
22	22540000	22560000	7057	52	9007	9132	0.00736857	0.45035	0.772777
22	22560000	22580000	0	0	4624	10447		0.2312	0
22	22580000	22600000	0	0	12002	8601		0.6001	0
22	22600000	22620000	0	0	12079	2624		0.60395	0
22	22620000	22640000	3	2	11243	14	0.666667	0.56215	0.214286
22	22640000	22660000	25	6	14379	29	0.24	0.71895	0.862069
22	22660000	22680000	0	0	9445	3248		0.47225	0
22	22680000	22700000	0	0	10078	7827		0.5039	0
22	22700000	22720000	0	0	6225	7037		0.31125	0
22	22720000	22740000	3267	60	5515	4688	0.0183655	0.27575	0.696886
22	22740000	22760000	0	0	7603	8097		0.38015	0
22	22760000	22780000	0	0	8798	8394		0.4399	0
22	22780000	22800000	2049	17	10697	5222	0.00829673	0.53485	0.392378
22	22800000	22820000	5758	0	13617	6987	0	0.68085	0.824102
22	22820000	22840000	6835	62	12278	7555	0.00907096	0.6139	0.904699
22	22840000	22860000	8742	26	11768	9468	0.00297415	0.5884	0.923321
22	22860000	22880000	10029	56	12244	10298	0.00558381	0.6122	0.973878
22	22880000	22900000	7896	39	9528	9342	0.00493921	0.4764	0.845215
22	22900000	22920000	10905	72	9007	11606	0.00660248	0.45035	0.9396
22	22920000	22940000	4483	24	10265	9151	0.00535356	0.51325	0.489892
22	22940000	22960000	0	0	10467	12492		0.52335	0
22	22960000	22980000	0	0	8479	2320		0.42395	0
22	22980000	23000000	0	0	6461	1485		0.32305	0
22	23000000	23020000	0	0	7279	7797		0.36395	0
22	23020000	23040000	0	0	5677	7441		0.28385	0
22	23040000	23060000	0	0	5286	5927		0.2643	0
22	23060000	23080000	0	0	7458	7591		0.3729	0
22	23080000	23100000	0	0	6895	6188		0.34475	0
22	23100000	23120000	0	0	6136	6305		0.3068	0
22	23120000	23140000	0	0	9177	5731		0.45885	0
22	23140000	23160000	0	0	8910	13044		0.4455	0
22	23160000	23180000	0	0	10320	9927		0.516	0
22	23180000	23200000	0	0	9628	12720		0.4814	0
22	23200000	23220000	1960	13	11321	11060	0.00663265	0.56605	0.177215
22	23220000	23240000	13432	79	5261	13630	0.00588148	0.26305	0.985473
22	23240000	23260000	7286	52	2093	8295	0.00713698	0.10465	0.87836
22	23260000	23280000	9483	85	2601	10096	0.00896341	0.13005	0.939283
22	23280000	23300000	10084	53	10502	12714	0.00525585	0.5251	0.793141
22	23300000	23320000	6105	57	16597	6198	0.00933661	0.82985	0.984995
22	23320000	23340000	9845	67	12295	9977	0.00680549	0.61475	0.98677
22	23340000	23360000	6870	57	16165	6957	0.00829694	0.80825	0.987495
22	23360000	23380000	7396	37	15492	7574	0.0050027	0.7746	0.976499
22	23380000	23400000	6849	49	16072	6917	0.00715433	0.8036	0.990169
22	23400000	23420000	13676	68	4846	14363	0.00497221	0.2423	0.952169
22	23420000	23440000	13438	57	5935	13573	0.0042417	0.29675	0.990054
22	23440000	23460000	15194	78	1293	15340	0.00513361	0.06465	0.990482
22	23460000	23480000	12145	64	6613	12615	0.00526966	0.33065	0.962743
22	23480000	23500000	11854	60	7919	11947	0.00506158	0.39595	0.992216
22	23500000	23520000	10534	78	9509	10668	0.00740459	0.47545	0.987439
22	23520000	23540000	9146	44	7916	9641	0.00481085	0.3958	0.948657
22	23540000	23560000	10700	83	8976	10959	0.00775701	0.4488	0.976366
22	23560000	23580000	13817	83	5721	13965	0.00600709	0.28605	0.989402
22	23580000	23600000	12351	68	8114	12532	0.00550563	0.4057	0.985557
22	23600000	23620000	11502	75	5523	11638	0.00652061	0.27615	0.988314
22	23620000	23640000	13332	176	4461	13624	0.0132013	0.22305	0.978567
22	23640000	23660000	2919	58	4739	5572	0.0198698	0.23695	0.523869
22	23660000	23680000	41	9	11310	364	0.219512	0.5655	0.112637
22	23680000	23700000	1	1	13192	1986	1	0.6596	0.000503525
22	23700000	23720000	0	0	11075	5636		0.55375	0
22	23720000	23740000	0	0	3099	4862		0.15495	0
22	23740000	23760000	0	0	9692	6844		0.4846	0
22	23760000	23780000	0	0	9065	1442		0.45325	0
22	23780000	23800000	0	0	13434	516		0.6717	0
22	23800000	23820000	0	0	5864	3020		0.2932	0
22	23820000	23840000	0	0	10466	4169		0.5233	0
22	23840000	23860000	3006	40	10345	4956	0.0133067	0.51725	0.606538
22	23860000	23880000	4906	519	7522	6712	0.105789	0.3761	0.73093
22	23880000	23900000	325	9	15179	3184	0.0276923	0.75895	0.102073
22	23900000	23920000	3095	38	10837	3488	0.0122779	0.54185	0.887328
22	23920000	23940000	7903	50	11226	7981	0.00632671	0.5613	0.990227
22	23940000	23960000	8020	65	6948	8199	0.00810474	0.3474	0.978168
22	23960000	23980000	2922	49	8221	2971	0.0167693	0.41105	0.983507
22	23980000	24000000	3435	21	11112	3755	0.00611354	0.5556	0.91478
22	24000000	24020000	860	10	11998	1583	0.0116279	0.5999	0.543272
22	24020000	24040000	0	0	5130	13575		0.2565	0
22	24040000	24060000	7036	67	13854	9716	0.00952246	0.6927	0.724166
22	24060000	24080000	0	0	16824	1833		0.8412	0
22	24080000	24100000	5188	21	10245	8630	0.0040478	0.51225	0.601159
22	24100000	24120000	8837	33	8698	9069	0.0037343	0.4349	0.974418
22	24120000	24140000	10626	41	7209	10722	0.00385846	0.36045	0.991046
22	24140000	24160000	7845	35	13162	8780	0.00446144	0.6581	0.893508
22	24160000	24180000	11441	67	7081	11554	0.00585613	0.35405	0.99022
22	24180000	24200000	8770	41	10132	9021	0.00467503	0.5066	0.972176
22	24200000	24220000	9267	53	12461	9445	0.00571922	0.62305	0.981154
22	24220000	24240000	9468	70	9907	10969	0.00739332	0.49535	0.86316
22	24240000	24260000	11428	86	9530	11548	0.00752538	0.4765	0.989609
22	24260000	24280000	3123	23	15366	4128	0.00736471	0.7683	0.756541
22	24280000	24300000	0	0	11185	28		0.55925	0
22	24300000	24320000	0	0	6241	1428		0.31205	0
22	24320000	24340000	0	0	9610	64		0.4805	0
22	24340000	24360000	0	0	9798	0		0.4899	
22	24360000	24380000	0	0	12054	0		0.6027	
22	24380000	24400000	0	0	10879	44		0.54395	0
22	24400000	24420000	6183	24	12561	6331	0.00388161	0.62805	0.976623
22	24420000	24440000	11461	53	10641	11540	0.00462438	0.53205	0.993154
22	24440000	24460000	12172	45	8162	12277	0.00369701	0.4081	0.991447
22	24460000	24480000	12881	52	9068	12973	0.00403695	0.4534	0.992908
22	24480000	24500000	13420	59	3622	13517	0.00439642	0.1811	0.992824
22	24500000	24520000	11703	40	6140	12948	0.00341793	0.307	0.903846
22	24520000	24540000	11320	48	6183	13321	0.00424028	0.30915	0.849786
22	24540000	24560000	13976	59	2386	14274	0.00422152	0.1193	0.979123
22	24560000	24580000	11282	49	2031	11995	0.0043432	0.10155	0.940559
22	24580000	24600000	7105	48	11442	7873	0.00675581	0.5721	0.902451
22	24600000	24620000	6018	26	15467	6077	0.00432037	0.77335	0.990291
22	24620000	24640000	6005	27	11413	6059	0.00449625	0.57065	0.991088
22	24640000	24660000	143	1	4224	473	0.00699301	0.2112	0.302326
22	24660000	24680000	1071	10	10539	1080	0.00933707	0.52695	0.991667
22	24680000	24700000	5634	14	9331	5681	0.00248491	0.46655	0.991727
22	24700000	24720000	8432	46	11777	8472	0.00545541	0.58885	0.995279
22	24720000	24740000	11212	50	10544	11269	0.00445951	0.5272	0.994942
22	24740000	24760000	9886	44	13053	11628	0.00445074	0.65265	0.850189
22	24760000	24780000	5559	24	13010	5748	0.00431732	0.6505	0.967119
22	24780000	24800000	9915	48	10817	9962	0.00484115	0.54085	0.995282
22	24800000	24820000	13145	82	3311	13224	0.00623811	0.16555	0.994026
22	24820000	24840000	14389	65	2895	14476	0.00451734	0.14475	0.99399
22	24840000	24860000	11756	45	10885	11839	0.00382783	0.54425	0.992989
22	24860000	24880000	9255	34	12142	9321	0.00367369	0.6071	0.992919
22	24880000	24900000	11387	51	8446	11477	0.00447879	0.4223	0.992158
22	24900000	24920000	10757	35	8516	10844	0.0032537	0.4258	0.991977
22	24920000	24940000	10049	45	13093	10144	0.00447806	0.65465	0.990635
22	24940000	24960000	11438	52	8335	11571	0.00454625	0.41675	0.988506
22	24960000	24980000	9352	35	13391	9450	0.00374251	0.66955	0.98963
22	24980000	25000000	3060	13	5391	8434	0.00424837	0.26955	0.362817
22	25000000	25020000	0	0	9977	85		0.49885	0
22	25020000	25040000	0	0	11243	3		0.56215	0
22	25040000	25060000	0	0	5406	21		0.2703	0
22	25060000	25080000	865	11	14693	1103	0.0127168	0.73465	0.784225
22	25080000	25100000	0	0	3800	7052		0.19	0
22	25100000	25120000	0	0	10886	9515		0.5443	0
22	25120000	25140000	5826	54	13870	8178	0.0092688	0.6935	0.712399
22	25140000	25160000	9878	55	11242	10015	0.00556793	0.5621	0.986321
22	25160000	25180000	4516	37	14600	6733	0.00819309	0.73	0.670726
22	25180000	25200000	6827	48	15035	7410	0.00703091	0.75175	0.921323
22	25200000	25220000	11101	81	11034	11210	0.00729664	0.5517	0.990277
22	25220000	25240000	9779	89	13992	9972	0.00910114	0.6996	0.980646
22	25240000	25260000	9336	58	11438	9416	0.00621251	0.5719	0.991504
22	25260000	25280000	11343	71	12583	11515	0.00625937	0.62915	0.985063
22	25280000	25300000	8500	64	13582	8667	0.00752941	0.6791	0.980732
22	25300000	25320000	6818	45	16826	6908	0.00660018	0.8413	0.986972
22	25320000	25340000	10139	67	10624	10240	0.00660815	0.5312	0.990137
22	25340000	25360000	8446	47	11373	9779	0.00556476	0.56865	0.863687
22	25360000	25380000	5108	21	13289	9818	0.0041112	0.66445	0.520269
22	25380000	25400000	8356	47	12623	8955	0.0056247	0.63115	0.93311
22	25400000	25420000	4480	25	12944	4546	0.00558036	0.6472	0.985482
22	25420000	25440000	0	0	9022	0		0.4511	
22	25440000	25460000	2888	16	11877	2916	0.00554017	0.59385	0.990398
22	25460000	25480000	11703	79	10646	11821	0.00675041	0.5323	0.990018
22	25480000	25500000	12122	69	10750	12245	0.00569213	0.5375	0.989955
22	25500000	25520000	10756	61	11303	10843	0.00567125	0.56515	0.991976
22	25520000	25540000	12649	64	8733	13136	0.00505969	0.43665	0.962926
22	25540000	25560000	12354	66	9995	12450	0.0053424	0.49975	0.992289
22	25560000	25580000	10251	50	7597	11207	0.00487757	0.37985	0.914696
22	25580000	25600000	12306	80	8145	12417	0.00650089	0.40725	0.991061
22	25600000	25620000	10668	85	12087	11288	0.00796775	0.60435	0.945074
22	25620000	25640000	4011	38	11893	4048	0.00947395	0.59465	0.99086
22	25640000	25660000	1195	24	13608	1221	0.0200837	0.6804	0.978706
22	25660000	25680000	1822	30	10210	2010	0.0164654	0.5105	0.906468
22	25680000	25700000	952	12	11785	1442	0.012605	0.58925	0.660194
22	25700000	25720000	1015	12	10672	1241	0.0118227	0.5336	0.817889
22	25720000	25740000	2848	40	10785	2933	0.0140449	0.53925	0.971019
22	25740000	25760000	5179	87	8312	5556	0.0167986	0.4156	0.932145
22	25760000	25780000	6814	52	7479	6872	0.00763135	0.37395	0.99156
22	25780000	25800000	5858	53	6445	5968	0.00904746	0.32225	0.981568
22	25800000	25820000	2877	36	9961	2917	0.012513	0.49805	0.986287
22	25820000	25840000	512	58	10212	4197	0.113281	0.5106	0.121992
22	25840000	25860000	4332	35	13362	4564	0.00807941	0.6681	0.949167
22	25860000	25880000	7254	56	12747	7327	0.00771988	0.63735	0.990037
22	25880000	25900000	10707	54	12973	10796	0.00504343	0.64865	0.991756
22	25900000	25920000	4851	48	10889	5086	0.00989487	0.54445	0.953795
22	25920000	25940000	6478	48	12549	6547	0.00740969	0.62745	0.989461
22	25940000	25960000	8616	63	9409	8825	0.00731198	0.47045	0.976317
22	25960000	25980000	6902	42	6614	7154	0.00608519	0.3307	0.964775
22	25980000	26000000	4313	31	15363	4434	0.00718757	0.76815	0.972711
22	26000000	26020000	3669	36	11623	3717	0.00981194	0.58115	0.987086
22	26020000	26040000	12548	56	11889	12717	0.00446286	0.59445	0.986711
22	26040000	26060000	8679	19	9132	10657	0.00218919	0.4566	0.814394
22	26060000	26080000	12468	59	6607	12549	0.00473211	0.33035	0.993545
22	26080000	26100000	12976	50	5983	13165	0.00385327	0.29915	0.985644
22	26100000	26120000	11765	82	5666	11946	0.00696983	0.2833	0.984848
22	26120000	26140000	10346	79	8732	10629	0.0076358	0.4366	0.973375
22	26140000	26160000	9604	81	11865	10763	0.00843399	0.59325	0.892316
22	26160000	26180000	11564	66	8141	13906	0.00570737	0.40705	0.831583
22	26180000	26200000	10772	89	11277	10877	0.00826216	0.56385	0.990347
22	26200000	26220000	11792	92	11055	12460	0.0078019	0.55275	0.946388
22	26220000	26240000	12085	89	10626	12217	0.0073645	0.5313	0.989195
22	26240000	26260000	12404	85	11483	12512	0.00685263	0.57415	0.991368
22	26260000	26280000	12401	70	9602	12646	0.00564471	0.4801	0.980626
22	26280000	26300000	14972	93	5534	15108	0.00621159	0.2767	0.990998
22	26300000	26320000	12913	80	10890	13037	0.00619531	0.5445	0.990489
22	26320000	26340000	10613	61	11048	10748	0.00574767	0.5524	0.98744
22	26340000	26360000	10947	68	9137	12220	0.00621175	0.45685	0.895827
22	26360000	26380000	13402	66	9727	13537	0.00492464	0.48635	0.990027
22	26380000	26400000	12519	100	8754	12634	0.00798786	0.4377	0.990898
22	26400000	26420000	12731	66	10470	13308	0.0051842	0.5235	0.956643
22	26420000	26440000	12764	93	9780	12912	0.00728612	0.489	0.988538
22	26440000	26460000	13423	67	8737	14138	0.00499143	0.43685	0.949427
22	26460000	26480000	14213	96	9159	14324	0.00675438	0.45795	0.992251
22	26480000	26500000	11617	60	10182	12088	0.00516484	0.5091	0.961036
22	26500000	26520000	11074	90	13706	11185	0.00812714	0.6853	0.990076
22	26520000	26540000	11421	68	10968	12095	0.00595394	0.5484	0.944274
22	26540000	26560000	12907	58	10706	13032	0.00449369	0.5353	0.990408
22	26560000	26580000	13542	62	6644	14050	0.00457835	0.3322	0.963843
22	26580000	26600000	12444	86	10415	12608	0.00691096	0.52075	0.986992
22	26600000	26620000	11986	70	9119	12090	0.00584015	0.45595	0.991398
22	26620000	26640000	13759	104	9724	13946	0.00755869	0.4862	0.986591
22	26640000	26660000	11812	76	9993	12207	0.00643413	0.49965	0.967642
22	26660000	26680000	12967	75	9219	13093	0.00578391	0.46095	0.990377
22	26680000	26700000	12230	86	10137	12566	0.00703189	0.50685	0.973261
22	26700000	26720000	12360	94	10490	12550	0.00760518	0.5245	0.984861
22	26720000	26740000	12186	68	10035	12341	0.00558017	0.50175	0.98744
22	26740000	26760000	9605	56	10853	10236	0.0058303	0.54265	0.938355
22	26760000	26780000	11734	87	9335	11830	0.00741435	0.46675	0.991885
22	26780000	26800000	9409	73	12730	9507	0.00775853	0.6365	0.989692
22	26800000	26820000	10765	66	10381	10874	0.00613098	0.51905	0.989976
22	26820000	26840000	10045	44	7844	10561	0.00438029	0.3922	0.951141
22	26840000	26860000	12278	100	7639	12381	0.00814465	0.38195	0.991681
22	26860000	26880000	12024	72	7733	12165	0.00598802	0.38665	0.988409
22	26880000	26900000	11731	64	7982	11817	0.00545563	0.3991	0.992722
22	26900000	26920000	9030	42	11161	9116	0.00465116	0.55805	0.990566
22	26920000	26940000	10491	67	10968	10618	0.00638643	0.5484	0.988039
22	26940000	26960000	9406	72	11844	9517	0.00765469	0.5922	0.988337
22	26960000	26980000	10549	67	12406	10631	0.00635131	0.6203	0.992287
22	26980000	27000000	9740	64	11245	9818	0.00657084	0.56225	0.992055
22	27000000	27020000	11243	76	11069	12075	0.00675976	0.55345	0.931097
22	27020000	27040000	7283	64	13870	8462	0.00878759	0.6935	0.860671
22	27040000	27060000	10322	67	9835	11122	0.00649099	0.49175	0.92807
22	27060000	27080000	12599	63	7873	12832	0.0050004	0.39365	0.981842
22	27080000	27100000	11239	80	12077	11359	0.00711807	0.60385	0.989436
22	27100000	27120000	11042	98	11487	11173	0.0088752	0.57435	0.988275
22	27120000	27140000	12033	83	11295	12505	0.0068977	0.56475	0.962255
22	27140000	27160000	11777	87	10881	11923	0.00738728	0.54405	0.987755
22	27160000	27180000	12232	77	10547	12351	0.00629496	0.52735	0.990365
22	27180000	27200000	12179	83	10582	12306	0.00681501	0.5291	0.98968
22	27200000	27220000	14102	98	10077	14345	0.00694937	0.50385	0.98306
22	27220000	27240000	11862	73	10507	13138	0.00615411	0.52535	0.902877
22	27240000	27260000	13505	86	8598	13649	0.00636801	0.4299	0.98945
22	27260000	27280000	10159	103	17449	10289	0.0101388	0.87245	0.987365
22	27280000	27300000	11848	91	9874	11992	0.00768062	0.4937	0.987992
22	27300000	27320000	12612	81	10567	12718	0.00642245	0.52835	0.991665
22	27320000	27340000	12031	100	10094	12150	0.00831186	0.5047	0.990206
22	27340000	27360000	13849	110	9362	14010	0.00794281	0.4681	0.988508
22	27360000	27380000	12846	79	11549	13307	0.00614977	0.57745	0.965357
22	27380000	27400000	13375	116	9140	13692	0.0086729	0.457	0.976848
22	27400000	27420000	12232	73	11067	13221	0.00596795	0.55335	0.925195
22	27420000	27440000	12041	81	9601	12672	0.00672702	0.48005	0.950205
22	27440000	27460000	14525	99	9187	14629	0.00681583	0.45935	0.992891
22	27460000	27480000	13165	94	10470	14076	0.00714014	0.5235	0.93528
22	27480000	27500000	12134	86	9710	12890	0.00708752	0.4855	0.94135
22	27500000	27520000	12096	113	10883	12271	0.00934193	0.54415	0.985739
22	27520000	27540000	13041	97	9665	13185	0.00743808	0.48325	0.989078
22	27540000	27560000	10634	97	10382	12501	0.00912169	0.5191	0.850652
22	27560000	27580000	13142	83	8927	13731	0.00631563	0.44635	0.957104
22	27580000	27600000	13007	102	9923	13127	0.00784193	0.49615	0.990859
22	27600000	27620000	13324	97	8594	13539	0.0072801	0.4297	0.98412
22	27620000	27640000	10337	75	12833	10851	0.00725549	0.64165	0.952631
22	27640000	27660000	12877	61	8734	14154	0.00473713	0.4367	0.909778
22	27660000	27680000	13612	84	9201	14101	0.00617103	0.46005	0.965322
22	27680000	27700000	13325	81	7669	13521	0.0060788	0.38345	0.985504
22	27700000	27720000	13837	109	9147	13987	0.00787743	0.45735	0.989276
22	27720000	27740000	13085	65	12252	13481	0.00496752	0.6126	0.970625
22	27740000	27760000	11458	69	12676	11558	0.00602199	0.6338	0.991348
22	27760000	27780000	9759	71	13190	9856	0.00727534	0.6595	0.990158
22	27780000	27800000	12791	107	10119	12978	0.00836526	0.50595	0.985591
22	27800000	27820000	12357	79	8619	13232	0.00639314	0.43095	0.933872
22	27820000	27840000	13628	115	7782	14107	0.00843851	0.3891	0.966045
22	27840000	27860000	11961	88	9967	13512	0.00735724	0.49835	0.885213
22	27860000	27880000	12900	100	8892	13040	0.00775194	0.4446	0.989264
22	27880000	27900000	12061	90	11701	12235	0.00746207	0.58505	0.985779
22	27900000	27920000	13333	84	8664	13477	0.00630016	0.4332	0.989315
22	27920000	27940000	13132	72	8165	13253	0.00548279	0.40825	0.99087
22	27940000	27960000	11353	50	11663	11660	0.00440412	0.58315	0.973671
22	27960000	27980000	13482	76	7322	13613	0.00563715	0.3661	0.990377
22	27980000	28000000	12675	102	8367	13805	0.00804734	0.41835	0.918146
22	28000000	28020000	11353	79	8391	12452	0.00695851	0.41955	0.911741
22	28020000	28040000	12408	78	10377	12523	0.00628627	0.51885	0.990817
22	28040000	28060000	9017	64	11301	11298	0.0070977	0.56505	0.798106
22	28060000	28080000	12615	70	9758	13294	0.00554895	0.4879	0.948924
22	28080000	28100000	12161	76	11381	12301	0.00624949	0.56905	0.988619
22	28100000	28120000	11072	64	11389	12141	0.00578035	0.56945	0.911951
22	28120000	28140000	6487	58	12053	10268	0.00894096	0.60265	0.631769
22	28140000	28160000	12624	59	7084	12919	0.00467364	0.3542	0.977165
22	28160000	28180000	12811	85	8036	12897	0.00663492	0.4018	0.993332
22	28180000	28200000	12028	34	656	12281	0.00282674	0.0328	0.979399
22	28200000	28220000	8484	52	10618	8899	0.00612918	0.5309	0.953366
22	28220000	28240000	0	0	9814	0		0.4907	
22	28240000	28260000	3224	11	3062	3246	0.00341191	0.1531	0.993222
22	28260000	28280000	13560	43	3517	13652	0.00317109	0.17585	0.993261
22	28280000	28300000	11328	48	6958	11402	0.00423729	0.3479	0.99351
22	28300000	28320000	12176	54	7101	12286	0.00443495	0.35505	0.991047
22	28320000	28340000	9087	38	16802	9150	0.0041818	0.8401	0.993115
22	28340000	28360000	9685	37	13870	9752	0.00382034	0.6935	0.99313
22	28360000	28380000	12861	49	9794	12982	0.00380997	0.4897	0.990679
22	28380000	28400000	14459	66	2940	14592	0.00456463	0.147	0.990885
22	28400000	28420000	12590	54	4016	14585	0.00428912	0.2008	0.863216
22	28420000	28440000	9402	63	9817	9476	0.0067007	0.49085	0.992191
22	28440000	28460000	11462	65	10920	11542	0.00567091	0.546	0.993069
22	28460000	28480000	11536	58	9571	11620	0.00502774	0.47855	0.992771
22	28480000	28500000	10059	35	9800	10136	0.00347947	0.49	0.992403
22	28500000	28520000	12673	60	6912	12886	0.00473447	0.3456	0.98347
22	28520000	28540000	11773	56	9339	11869	0.00475665	0.46695	0.991912
22	28540000	28560000	10600	42	9573	10656	0.00396226	0.47865	0.994745
22	28560000	28580000	8045	33	12236	8122	0.00410193	0.6118	0.99052
22	28580000	28600000	8913	35	13492	8973	0.00392685	0.6746	0.993313
22	28600000	28620000	9666	36	11260	10071	0.00372439	0.563	0.959786
22	28620000	28640000	11672	49	13819	11807	0.00419808	0.69095	0.988566
22	28640000	28660000	13754	48	8106	13839	0.00348989	0.4053	0.993858
22	28660000	28680000	12113	55	8907	12244	0.00454058	0.44535	0.989301
22	28680000	28700000	11462	37	9501	11568	0.00322806	0.47505	0.990837
22	28700000	28720000	10138	37	11508	10220	0.00364964	0.5754	0.991977
22	28720000	28740000	7604	26	11845	7669	0.00341925	0.59225	0.991524
22	28740000	28760000	10373	36	9321	10945	0.00347055	0.46605	0.947739
22	28760000	28780000	9535	30	12540	9625	0.0031463	0.627	0.990649
22	28780000	28800000	8579	32	11073	8660	0.00373004	0.55365	0.990647
22	28800000	28820000	11430	38	5747	11527	0.00332458	0.28735	0.991585
22	28820000	28840000	12662	37	5473	12721	0.00292213	0.27365	0.995362
22	28840000	28860000	11508	38	10448	11565	0.00330205	0.5224	0.995071
22	28860000	28880000	12394	44	9873	12454	0.0035501	0.49365	0.995182
22	28880000	28900000	11932	39	11633	12053	0.00326852	0.58165	0.989961
22	28900000	28920000	6570	31	14338	6597	0.00471842	0.7169	0.995907
22	28920000	28940000	5482	31	16665	5533	0.00565487	0.83325	0.990783
22	28940000	28960000	7872	30	15352	8057	0.00381098	0.7676	0.977039
22	28960000	28980000	6749	21	14061	6781	0.00311157	0.70305	0.995281
22	28980000	29000000	10508	45	9698	10574	0.00428245	0.4849	0.993758
22	29000000	29020000	6034	23	16233	6374	0.00381173	0.81165	0.946658
22	29020000	29040000	8600	34	14134	8657	0.00395349	0.7067	0.993416
22	29040000	29060000	7045	29	15257	7089	0.00411639	0.76285	0.993793
22	29060000	29080000	2485	6	14543	2529	0.00241449	0.72715	0.982602
22	29080000	29100000	3022	14	9758	3046	0.00463269	0.4879	0.992121
22	29100000	29120000	7957	44	12699	8022	0.00552972	0.63495	0.991897
22	29120000	29140000	6711	36	13905	7126	0.00536433	0.69525	0.941763
22	29140000	29160000	5439	40	14773	5520	0.00735429	0.73865	0.985326
22	29160000	29180000	6330	28	13323	6400	0.00442338	0.66615	0.989062
22	29180000	29200000	9208	31	6537	9380	0.00336664	0.32685	0.981663
22	29200000	29220000	6885	25	12069	7179	0.00363108	0.60345	0.959047
22	29220000	29240000	5969	36	14284	6214	0.00603116	0.7142	0.960573
22	29240000	29260000	4694	23	15460	5625	0.00489987	0.773	0.834489
22	29260000	29280000	5920	30	13297	7699	0.00506757	0.66485	0.768931
22	29280000	29300000	10888	51	7094	10952	0.00468406	0.3547	0.994156
22	29300000	29320000	11134	40	6660	11198	0.0035926	0.333	0.994285
22	29320000	29340000	12189	57	5691	12272	0.00467635	0.28455	0.993237
22	29340000	29360000	11141	49	9184	11349	0.00439817	0.4592	0.981672
22	29360000	29380000	11209	39	10445	11288	0.00347935	0.52225	0.993001
22	29380000	29400000	11160	52	8113	11233	0.0046595	0.40565	0.993501
22	29400000	29420000	11527	48	7174	11764	0.00416414	0.3587	0.979854
22	29420000	29440000	11614	38	6143	11786	0.00327191	0.30715	0.985406
22	29440000	29460000	12021	52	5813	12098	0.00432576	0.29065	0.993635
22	29460000	29480000	9466	60	8272	9528	0.00633847	0.4136	0.993493
22	29480000	29500000	10807	69	8912	11162	0.00638475	0.4456	0.968196
22	29500000	29520000	9179	43	12414	10155	0.00468461	0.6207	0.90389
22	29520000	29540000	10668	58	10689	11065	0.00543682	0.53445	0.964121
22	29540000	29560000	9451	62	10243	9512	0.00656015	0.51215	0.993587
22	29560000	29580000	6816	46	16845	8011	0.00674883	0.84225	0.85083
22	29580000	29600000	9490	39	10709	9761	0.00410959	0.53545	0.972236
22	29600000	29620000	12120	53	6945	12289	0.00437294	0.34725	0.986248
22	29620000	29640000	8219	40	13140	8422	0.00486677	0.657	0.975896
22	29640000	29660000	9224	32	10792	9387	0.00346921	0.5396	0.982636
22	29660000	29680000	10077	39	5456	10633	0.0038702	0.2728	0.94771
22	29680000	29700000	9086	37	6824	9185	0.0040722	0.3412	0.989222
22	29700000	29720000	8230	40	7833	8865	0.00486027	0.39165	0.92837
22	29720000	29740000	13523	47	5276	14406	0.00347556	0.2638	0.938706
22	29740000	29760000	9001	40	9749	9096	0.00444395	0.48745	0.989556
22	29760000	29780000	2418	17	10443	7852	0.0070306	0.52215	0.307947
22	29780000	29800000	7149	41	10799	7668	0.00573507	0.53995	0.932316
22	29800000	29820000	465	8	9991	534	0.0172043	0.49955	0.870787
22	29820000	29840000	1586	8	9552	5126	0.00504414	0.4776	0.309403
22	29840000	29860000	8350	47	12032	8441	0.00562874	0.6016	0.989219
22	29860000	29880000	11325	56	8100	11396	0.00494481	0.405	0.99377
22	29880000	29900000	5941	34	14723	6079	0.00572294	0.73615	0.977299
22	29900000	29920000	8718	33	9299	9210	0.00378527	0.46495	0.94658
22	29920000	29940000	9749	35	10976	10020	0.00359011	0.5488	0.972954
22	29940000	29960000	7765	25	13001	7835	0.00321958	0.65005	0.991066
22	29960000	29980000	6456	26	13854	6494	0.00402726	0.6927	0.994148
22	29980000	30000000	5308	48	14612	5496	0.00904295	0.7306	0.965793
22	30000000	30020000	6507	34	14594	7036	0.00522514	0.7297	0.924815
22	30020000	30040000	11241	33	5732	11428	0.00293568	0.2866	0.983637
22	30040000	30060000	10584	58	9249	10925	0.00547997	0.46245	0.968787
22	30060000	30080000	10515	50	7655	11351	0.00475511	0.38275	0.92635
22	30080000	30100000	12651	76	3629	13201	0.00600743	0.18145	0.958336
22	30100000	30120000	9477	52	4950	10414	0.00548697	0.2475	0.910025
22	30120000	30140000	12970	67	5567	13298	0.00516577	0.27835	0.975335
22	30140000	30160000	9038	37	12667	9213	0.00409383	0.63335	0.981005
22	30160000	30180000	8416	34	11483	8880	0.00403992	0.57415	0.947748
22	30180000	30200000	10931	45	8980	11442	0.00411673	0.449	0.95534
22	30200000	30220000	10820	51	8067	10981	0.00471349	0.40335	0.985338
22	30220000	30240000	9911	33	11537	9996	0.00332963	0.57685	0.991497
22	30240000	30260000	7794	45	14482	8000	0.00577367	0.7241	0.97425
22	30260000	30280000	7134	42	14143	7261	0.0058873	0.70715	0.982509
22	30280000	30300000	2954	24	10019	2997	0.00812458	0.50095	0.985652
22	30300000	30320000	10767	55	10016	10961	0.0051082	0.5008	0.982301
22	30320000	30340000	8067	34	12437	8133	0.0042147	0.62185	0.991885
22	30340000	30360000	9846	48	8418	10062	0.00487508	0.4209	0.978533
22	30360000	30380000	11101	53	9914	11185	0.00477434	0.4957	0.99249
22	30380000	30400000	11424	45	6806	11516	0.00393908	0.3403	0.992011
22	30400000	30420000	13278	46	4082	13351	0.00346438	0.2041	0.994532
22	30420000	30440000	13034	48	4494	13134	0.00368268	0.2247	0.992386
22	30440000	30460000	6414	20	13947	7689	0.00311818	0.69735	0.834179
22	30460000	30480000	7187	24	13586	8008	0.00333936	0.6793	0.897478
22	30480000	30500000	8157	41	14379	8211	0.00502636	0.71895	0.993423
22	30500000	30520000	11494	51	9029	11563	0.0044371	0.45145	0.994033
22	30520000	30540000	9085	32	14536	9135	0.00352229	0.7268	0.994527
22	30540000	30560000	11572	49	13465	11753	0.00423436	0.67325	0.9846
22	30560000	30580000	13532	39	9142	13605	0.00288206	0.4571	0.994634
22	30580000	30600000	12031	62	6645	12109	0.00515335	0.33225	0.993559
22	30600000	30620000	11081	78	9459	11171	0.00703908	0.47295	0.991943
22	30620000	30640000	11645	75	8166	12341	0.00644053	0.4083	0.943603
22	30640000	30660000	13279	67	4079	13540	0.00504556	0.20395	0.980724
22	30660000	30680000	10693	44	9184	10762	0.00411484	0.4592	0.993589
22	30680000	30700000	13864	39	3222	14031	0.00281304	0.1611	0.988098
22	30700000	30720000	11670	33	9150	12379	0.00282776	0.4575	0.942726
22	30720000	30740000	12737	49	5467	13153	0.00384706	0.27335	0.968372
22	30740000	30760000	10312	42	9904	10391	0.00407292	0.4952	0.992397
22	30760000	30780000	12939	63	6601	13052	0.004869	0.33005	0.991342
22	30780000	30800000	9958	56	8402	10110	0.00562362	0.4201	0.984965
22	30800000	30820000	11259	50	9321	11479	0.00444089	0.46605	0.980835
22	30820000	30840000	9535	68	9088	9627	0.00713162	0.4544	0.990444
22	30840000	30860000	6675	33	10019	9625	0.00494382	0.50095	0.693506
22	30860000	30880000	10672	64	10794	10835	0.005997	0.5397	0.984956
22	30880000	30900000	9701	49	10489	9829	0.00505103	0.52445	0.986977
22	30900000	30920000	7989	42	13090	8193	0.00525723	0.6545	0.975101
22	30920000	30940000	3431	23	10116	8094	0.00670358	0.5058	0.423894
22	30940000	30960000	9092	52	9758	9154	0.00571931	0.4879	0.993227
22	30960000	30980000	12073	77	5385	12168	0.00637787	0.26925	0.992193
22	30980000	31000000	8438	65	12385	8635	0.00770325	0.61925	0.977186
22	31000000	31020000	9480	104	9277	9707	0.0109705	0.46385	0.976615
22	31020000	31040000	3319	74	11360	7513	0.0222959	0.568	0.441768
22	31040000	31060000	7778	90	11506	8132	0.0115711	0.5753	0.956468
22	31060000	31080000	6499	37	10926	6580	0.00569318	0.5463	0.98769
22	31080000	31100000	7393	38	12375	7496	0.00514	0.61875	0.986259
22	31100000	31120000	7531	46	13374	7929	0.00610809	0.6687	0.949805
22	31120000	31140000	8068	55	13053	8343	0.00681706	0.65265	0.967038
22	31140000	31160000	7778	43	13535	8857	0.00552841	0.67675	0.878175
22	31160000	31180000	9462	74	9241	9622	0.00782076	0.46205	0.983371
22	31180000	31200000	7759	48	11000	8612	0.00618636	0.55	0.900952
22	31200000	31220000	10977	62	7891	11076	0.00564817	0.39455	0.991062
22	31220000	31240000	9432	53	10586	10131	0.00561917	0.5293	0.931004
22	31240000	31260000	8536	62	13057	8749	0.00726336	0.65285	0.975654
22	31260000	31280000	13130	63	3815	13261	0.00479817	0.19075	0.990121
22	31280000	31300000	10527	72	9728	10631	0.00683956	0.4864	0.990217
22	31300000	31320000	9416	51	13281	9505	0.00541631	0.66405	0.990637
22	31320000	31340000	13145	51	3994	13689	0.0038798	0.1997	0.96026
22	31340000	31360000	11199	69	4932	12148	0.00616126	0.2466	0.92188
22	31360000	31380000	10625	40	5852	11729	0.00376471	0.2926	0.905874
22	31380000	31400000	9672	54	12407	9741	0.00558313	0.62035	0.992917
22	31400000	31420000	4261	17	18599	4304	0.00398967	0.92995	0.990009
22	31420000	31440000	6346	39	16314	6444	0.0061456	0.8157	0.984792
22	31440000	31460000	7267	49	12841	7343	0.00674281	0.64205	0.98965
22	31460000	31480000	4367	13	11527	4419	0.00297687	0.57635	0.988233
22	31480000	31500000	13096	33	4112	13495	0.00251985	0.2056	0.970433
22	31500000	31520000	8749	47	9927	8820	0.00537204	0.49635	0.99195
22	31520000	31540000	13706	90	5672	13809	0.00656647	0.2836	0.992541
22	31540000	31560000	8651	59	13079	8717	0.00682002	0.65395	0.992429
22	31560000	31580000	6971	44	13210	7026	0.00631186	0.6605	0.992172
22	31580000	31600000	8962	44	10008	9053	0.00490962	0.5004	0.989948
22	31600000	31620000	9151	43	8704	9511	0.00469894	0.4352	0.962149
22	31620000	31640000	11155	32	11484	11213	0.00286867	0.5742	0.994827
22	31640000	31660000	12000	51	8368	12070	0.00425	0.4184	0.9942
22	31660000	31680000	10994	63	5273	11073	0.0057304	0.26365	0.992866
22	31680000	31700000	9668	36	8228	9726	0.00372362	0.4114	0.994037
22	31700000	31720000	6403	33	14492	7104	0.00515383	0.7246	0.901323
22	31720000	31740000	13938	45	3324	14014	0.00322858	0.1662	0.994577
22	31740000	31760000	5334	17	12573	6569	0.0031871	0.62865	0.811996
22	31760000	31780000	3924	19	17073	4020	0.004842	0.85365	0.976119
22	31780000	31800000	4820	30	14203	4867	0.00622407	0.71015	0.990343
22	31800000	31820000	5277	13	16146	5328	0.00246352	0.8073	0.990428
22	31820000	31840000	9410	36	8849	9481	0.00382572	0.44245	0.992511
22	31840000	31860000	10393	35	6856	10451	0.00336765	0.3428	0.99445
22	31860000	31880000	7092	33	12540	7760	0.00465313	0.627	0.913918
22	31880000	31900000	7047	55	11950	7145	0.00780474	0.5975	0.986284
22	31900000	31920000	5263	39	16324	5308	0.00741022	0.8162	0.991522
22	31920000	31940000	6708	34	15129	6750	0.00506857	0.75645	0.993778
22	31940000	31960000	6336	52	13316	6409	0.00820707	0.6658	0.98861
22	31960000	31980000	8157	51	13719	8213	0.0062523	0.68595	0.993182
22	31980000	32000000	7628	29	12162	7699	0.00380178	0.6081	0.990778
22	32000000	32020000	13510	75	4107	13617	0.00555144	0.20535	0.992142
22	32020000	32040000	9429	66	7785	9510	0.00699968	0.38925	0.991483
22	32040000	32060000	6358	40	13175	7024	0.00629129	0.65875	0.905182
22	32060000	32080000	4117	26	12881	6001	0.00631528	0.64405	0.686052
22	32080000	32100000	6097	25	14978	6192	0.00410038	0.7489	0.984658
22	32100000	32120000	8424	35	9139	8569	0.0041548	0.45695	0.983079
22	32120000	32140000	7273	28	13900	7333	0.00384986	0.695	0.991818
22	32140000	32160000	7016	36	10572	7090	0.00513113	0.5286	0.989563
22	32160000	32180000	6458	35	13446	6771	0.00541963	0.6723	0.953773
22	32180000	32200000	4433	22	14155	6000	0.00496278	0.70775	0.738833
22	32200000	32220000	8762	44	9447	8829	0.00502168	0.47235	0.992411
22	32220000	32240000	11372	55	9937	11450	0.00483644	0.49685	0.993188
22	32240000	32260000	8501	44	11294	8574	0.00517586	0.5647	0.991486
22	32260000	32280000	10324	68	10185	10394	0.00658659	0.50925	0.993265
22	32280000	32300000	9348	58	10428	9480	0.00620454	0.5214	0.986076
22	32300000	32320000	9085	58	11409	9135	0.00638415	0.57045	0.994527
22	32320000	32340000	11048	78	10957	11136	0.0070601	0.54785	0.992098
22	32340000	32360000	10276	62	6134	10352	0.00603348	0.3067	0.992658
22	32360000	32380000	7564	29	13315	7652	0.00383395	0.66575	0.9885
22	32380000	32400000	7748	43	14228	7812	0.00554982	0.7114	0.991807
22	32400000	32420000	7885	43	15054	7936	0.00545339	0.7527	0.993574
22	32420000	32440000	8283	36	10270	11008	0.00434625	0.5135	0.752453
22	32440000	32460000	11191	59	8501	11314	0.00527209	0.42505	0.989129
22	32460000	32480000	11218	43	8007	11681	0.00383313	0.40035	0.960363
22	32480000	32500000	8523	52	11737	8582	0.00610114	0.58685	0.993125
22	32500000	32520000	9854	76	10285	9934	0.0077126	0.51425	0.991947
22	32520000	32540000	2176	20	9265	4147	0.00919118	0.46325	0.524717
22	32540000	32560000	0	0	8324	2601		0.4162	0
22	32560000	32580000	0	0	10405	6262		0.52025	0
22	32580000	32600000	0	0	7210	4526		0.3605	0
22	32600000	32620000	3556	14	11043	11443	0.00393701	0.55215	0.310758
22	32620000	32640000	11834	59	8657	12125	0.00498563	0.43285	0.976
22	32640000	32660000	3935	27	11115	9046	0.0068615	0.55575	0.434999
22	32660000	32680000	0	0	8099	6689		0.40495	0
22	32680000	32700000	0	0	18246	1444		0.9123	0
22	32700000	32720000	0	0	11425	4068		0.57125	0
22	32720000	32740000	0	0	8221	6087		0.41105	0
22	32740000	32760000	0	0	8448	4673		0.4224	0
22	32760000	32780000	0	0	7437	10217		0.37185	0
22	32780000	32800000	7968	42	9441	10542	0.00527108	0.47205	0.755834
22	32800000	32820000	11313	69	8152	11402	0.00609918	0.4076	0.992194
22	32820000	32840000	8944	53	10496	9498	0.00592576	0.5248	0.941672
22	32840000	32860000	8321	43	11167	11507	0.00516765	0.55835	0.723125
22	32860000	32880000	11380	62	8664	11485	0.00544815	0.4332	0.990858
22	32880000	32900000	10725	62	7353	10805	0.00578089	0.36765	0.992596
22	32900000	32920000	9111	61	12392	9191	0.0066952	0.6196	0.991296
22	32920000	32940000	12060	55	8471	12172	0.00456053	0.42355	0.990799
22	32940000	32960000	10880	53	14549	10966	0.00487132	0.72745	0.992158
22	32960000	32980000	11196	91	12131	11281	0.0081279	0.60655	0.992465
22	32980000	33000000	11237	86	11792	11394	0.00765329	0.5896	0.986221
22	33000000	33020000	11513	74	10715	11678	0.00642752	0.53575	0.985871
22	33020000	33040000	10430	52	10878	10526	0.00498562	0.5439	0.99088
22	33040000	33060000	6767	40	8601	6836	0.00591104	0.43005	0.989906
22	33060000	33080000	0	0	10145	0		0.50725	
22	33080000	33100000	6677	37	9915	6732	0.00554141	0.49575	0.99183
22	33100000	33120000	11260	64	11157	11338	0.00568384	0.55785	0.99312
22	33120000	33140000	12367	81	10767	12487	0.00654969	0.53835	0.99039
22	33140000	33160000	11784	83	9942	11890	0.00704345	0.4971	0.991085
22	33160000	33180000	12012	82	11929	12122	0.00682651	0.59645	0.990926
22	33180000	33200000	12962	64	8257	13069	0.00493751	0.41285	0.991813
22	33200000	33220000	12954	78	6098	13154	0.00602131	0.3049	0.984795
22	33220000	33240000	13262	89	6714	13372	0.0067109	0.3357	0.991774
22	33240000	33260000	14453	80	4912	14545	0.00553518	0.2456	0.993675
22	33260000	33280000	12742	95	9409	12876	0.00745566	0.47045	0.989593
22	33280000	33300000	12244	59	11438	12453	0.00481869	0.5719	0.983217
22	33300000	33320000	13009	72	12406	13199	0.00553463	0.6203	0.985605
22	33320000	33340000	9140	61	15178	9230	0.00667396	0.7589	0.990249
22	33340000	33360000	9583	78	11554	9662	0.00813941	0.5777	0.991824
22	33360000	33380000	12377	82	9607	12563	0.00662519	0.48035	0.985195
22	33380000	33400000	10980	71	9501	11789	0.0064663	0.47505	0.931377
22	33400000	33420000	9796	53	14414	10216	0.00541037	0.7207	0.958888
22	33420000	33440000	9049	49	13958	9209	0.00541496	0.6979	0.982626
22	33440000	33460000	12012	80	9282	12165	0.00666001	0.4641	0.987423
22	33460000	33480000	13412	69	8669	13652	0.00514465	0.43345	0.98242
22	33480000	33500000	8597	57	14555	8815	0.00663022	0.72775	0.975269
22	33500000	33520000	10642	64	13588	10778	0.00601391	0.6794	0.987382
22	33520000	33540000	6526	42	12798	8233	0.0064358	0.6399	0.792664
22	33540000	33560000	10181	43	12727	10247	0.00422355	0.63635	0.993559
22	33560000	33580000	7404	51	13235	7572	0.00688817	0.66175	0.977813
22	33580000	33600000	10869	53	13189	10942	0.00487625	0.65945	0.993328
22	33600000	33620000	11006	57	11458	11151	0.00517899	0.5729	0.986997
22	33620000	33640000	11522	77	11429	12682	0.00668287	0.57145	0.908532
22	33640000	33660000	10483	69	14990	10596	0.00658209	0.7495	0.989336
22	33660000	33680000	12440	111	8288	12564	0.00892283	0.4144	0.990131
22	33680000	33700000	11981	121	9915	12138	0.0100993	0.49575	0.987065
22	33700000	33720000	10169	79	10456	10893	0.00776871	0.5228	0.933535
22	33720000	33740000	12112	113	10359	12220	0.00932959	0.51795	0.991162
22	33740000	33760000	10958	63	11979	11084	0.00574922	0.59895	0.988632
22	33760000	33780000	9688	88	15540	9812	0.0090834	0.777	0.987362
22	33780000	33800000	9502	68	10320	10693	0.00715639	0.516	0.888619
22	33800000	33820000	10243	94	12547	10363	0.009177	0.62735	0.98842
22	33820000	33840000	12086	87	8726	12224	0.00719841	0.4363	0.988711
22	33840000	33860000	9296	80	12464	10676	0.00860585	0.6232	0.870738
22	33860000	33880000	11816	80	10457	11939	0.00677048	0.52285	0.989698
22	33880000	33900000	11817	85	9172	11930	0.00719303	0.4586	0.990528
22	33900000	33920000	11046	69	9494	11163	0.00624661	0.4747	0.989519
22	33920000	33940000	11600	102	10877	11731	0.0087931	0.54385	0.988833
22	33940000	33960000	9747	78	10362	10589	0.00800246	0.5181	0.920484
22	33960000	33980000	12655	96	7884	12753	0.00758593	0.3942	0.992316
22	33980000	34000000	11478	132	9656	11613	0.0115003	0.4828	0.988375
22	34000000	34020000	11104	88	10444	11357	0.00792507	0.5222	0.977723
22	34020000	34040000	10327	69	11354	10496	0.00668151	0.5677	0.983899
22	34040000	34060000	9798	53	8391	10784	0.00540927	0.41955	0.908568
22	34060000	34080000	10948	75	8604	12655	0.00685057	0.4302	0.865113
22	34080000	34100000	11933	82	10478	12041	0.0068717	0.5239	0.991031
22	34100000	34120000	12427	80	6545	12562	0.0064376	0.32725	0.989253
22	34120000	34140000	13459	106	9541	13596	0.00787577	0.47705	0.989924
22	34140000	34160000	11556	86	9502	12763	0.00744202	0.4751	0.90543
22	34160000	34180000	7863	71	11269	11086	0.00902963	0.56345	0.709273
22	34180000	34200000	10436	61	9627	10549	0.00584515	0.48135	0.989288
22	34200000	34220000	12784	87	8907	12898	0.00680538	0.44535	0.991161
22	34220000	34240000	11589	92	9986	11714	0.00793856	0.4993	0.989329
22	34240000	34260000	10088	83	10090	10328	0.0082276	0.5045	0.976762
22	34260000	34280000	12081	92	7784	12559	0.00761526	0.3892	0.96194
22	34280000	34300000	12423	76	8917	12524	0.00611768	0.44585	0.991935
22	34300000	34320000	11507	68	5543	11711	0.00590945	0.27715	0.98258
22	34320000	34340000	10466	68	11006	10592	0.00649723	0.5503	0.988104
22	34340000	34360000	9986	41	11699	10192	0.00410575	0.58495	0.979788
22	34360000	34380000	11366	84	10062	11461	0.00739046	0.5031	0.991711
22	34380000	34400000	10784	73	12014	10958	0.00676929	0.6007	0.984121
22	34400000	34420000	9877	83	13976	10085	0.00840336	0.6988	0.979375
22	34420000	34440000	11988	61	13273	12109	0.00508842	0.66365	0.990007
22	34440000	34460000	12896	85	11018	12987	0.00659119	0.5509	0.992993
22	34460000	34480000	12774	72	12072	12895	0.00563645	0.6036	0.990617
22	34480000	34500000	9672	54	11740	9772	0.00558313	0.587	0.989767
22	34500000	34520000	11222	89	12288	11407	0.00793085	0.6144	0.983782
22	34520000	34540000	11088	76	13840	11204	0.00685426	0.692	0.989647
22	34540000	34560000	10530	66	11835	10625	0.00626781	0.59175	0.991059
22	34560000	34580000	12677	90	11847	12855	0.00709947	0.59235	0.986153
22	34580000	34600000	12626	97	11960	12733	0.00768256	0.598	0.991597
22	34600000	34620000	11743	91	11417	11846	0.0077493	0.57085	0.991305
22	34620000	34640000	10187	64	13287	10904	0.00628252	0.66435	0.934244
22	34640000	34660000	9816	67	16065	9980	0.00682559	0.80325	0.983567
22	34660000	34680000	11332	76	12547	11449	0.00670667	0.62735	0.989781
22	34680000	34700000	13493	98	9428	13623	0.00726303	0.4714	0.990457
22	34700000	34720000	10593	100	10272	10788	0.0094402	0.5136	0.981924
22	34720000	34740000	8876	90	15943	10107	0.0101397	0.79715	0.878203
22	34740000	34760000	11834	96	11021	11957	0.00811222	0.55105	0.989713
22	34760000	34780000	10644	71	11647	11043	0.00667042	0.58235	0.963869
22	34780000	34800000	7127	60	12837	8733	0.00841869	0.64185	0.8161
22	34800000	34820000	10663	79	13727	11289	0.0074088	0.68635	0.944548
22	34820000	34840000	10731	74	12405	10859	0.00689591	0.62025	0.988213
22	34840000	34860000	13077	108	8667	13229	0.00825877	0.43335	0.98851
22	34860000	34880000	11008	74	10050	11819	0.00672238	0.5025	0.931382
22	34880000	34900000	11916	106	10736	12774	0.0088956	0.5368	0.932832
22	34900000	34920000	10864	98	14275	11001	0.00902062	0.71375	0.987547
22	34920000	34940000	11711	88	12565	12235	0.0075143	0.62825	0.957172
22	34940000	34960000	5192	53	16642	5257	0.010208	0.8321	0.987636
22	34960000	34980000	9363	84	17325	9558	0.00897148	0.86625	0.979598
22	34980000	35000000	11640	106	10203	11795	0.00910653	0.51015	0.986859
22	35000000	35020000	7543	74	12656	8392	0.00981042	0.6328	0.898832
22	35020000	35040000	9171	69	11878	9295	0.00752372	0.5939	0.986659
22	35040000	35060000	11543	83	12310	11665	0.00719051	0.6155	0.989541
22	35060000	35080000	8207	55	17107	8421	0.0067016	0.85535	0.974587
22	35080000	35100000	12634	90	10668	12751	0.00712363	0.5334	0.990824
22	35100000	35120000	11936	60	11161	12059	0.00502681	0.55805	0.9898
22	35120000	35140000	13053	71	13205	13151	0.00543936	0.66025	0.992548
22	35140000	35160000	10357	68	12968	10510	0.00656561	0.6484	0.985442
22	35160000	35180000	11511	96	10814	11625	0.00833985	0.5407	0.990194
22	35180000	35200000	8456	80	13027	8521	0.00946074	0.65135	0.992372
22	35200000	35220000	8095	61	12876	8152	0.00753552	0.6438	0.993008
22	35220000	35240000	8829	65	13715	9335	0.0073621	0.68575	0.945795
22	35240000	35260000	11832	71	12961	11952	0.00600068	0.64805	0.98996
22	35260000	35280000	12947	92	8414	13309	0.00710589	0.4207	0.9728
22	35280000	35300000	11868	98	12553	12684	0.0082575	0.62765	0.935667
22	35300000	35320000	11852	94	10302	12045	0.00793115	0.5151	0.983977
22	35320000	35340000	11326	103	12226	11435	0.00909412	0.6113	0.990468
22	35340000	35360000	11918	103	12469	12016	0.00864239	0.62345	0.991844
22	35360000	35380000	12933	100	9937	13029	0.00773216	0.49685	0.992632
22	35380000	35400000	12898	80	11118	13008	0.00620251	0.5559	0.991544
22	35400000	35420000	12707	91	9458	13341	0.00716141	0.4729	0.952477
22	35420000	35440000	7494	50	14432	7922	0.006672	0.7216	0.945973
22	35440000	35460000	9322	70	14218	9467	0.00750912	0.7109	0.984684
22	35460000	35480000	14588	94	6591	14731	0.00644365	0.32955	0.990293
22	35480000	35500000	10983	80	13285	12588	0.00728398	0.66425	0.872498
22	35500000	35520000	12466	109	12009	12714	0.00874378	0.60045	0.980494
22	35520000	35540000	12503	106	10702	13610	0.00847797	0.5351	0.918663
22	35540000	35560000	11253	67	10008	12672	0.00595397	0.5004	0.888021
22	35560000	35580000	8942	71	12746	9022	0.00794006	0.6373	0.991133
22	35580000	35600000	9337	99	14260	9557	0.010603	0.713	0.97698
22	35600000	35620000	11852	78	12265	12063	0.00658117	0.61325	0.982508
22	35620000	35640000	7121	54	15824	7188	0.0075832	0.7912	0.990679
22	35640000	35660000	10352	53	10447	10432	0.00511978	0.52235	0.992331
22	35660000	35680000	11180	49	10855	11249	0.00438283	0.54275	0.993866
22	35680000	35700000	9545	55	8362	9818	0.00576218	0.4181	0.972194
22	35700000	35720000	12316	107	7742	12431	0.00868789	0.3871	0.990749
22	35720000	35740000	11573	87	7669	11710	0.0075175	0.38345	0.988301
22	35740000	35760000	9947	58	9144	10665	0.0058309	0.4572	0.932677
22	35760000	35780000	6096	42	13761	7941	0.00688976	0.68805	0.767662
22	35780000	35800000	7850	45	11878	7919	0.00573248	0.5939	0.991287
22	35800000	35820000	13030	93	9899	13183	0.00713738	0.49495	0.988394
22	35820000	35840000	9858	61	9719	10838	0.00618787	0.48595	0.909577
22	35840000	35860000	9857	85	10524	10477	0.00862331	0.5262	0.940823
22	35860000	35880000	9717	66	10160	10851	0.00679222	0.508	0.895494
22	35880000	35900000	9340	88	9634	9827	0.00942184	0.4817	0.950443
22	35900000	35920000	10720	71	11687	11859	0.00662313	0.58435	0.903955
22	35920000	35940000	10627	56	9915	11508	0.0052696	0.49575	0.923445
22	35940000	35960000	13130	99	8731	13303	0.00753998	0.43655	0.986995
22	35960000	35980000	11815	93	10475	12511	0.00787135	0.52375	0.944369
22	35980000	36000000	7278	53	11555	10788	0.00728222	0.57775	0.674638
22	36000000	36020000	13340	81	7144	13566	0.00607196	0.3572	0.983341
22	36020000	36040000	10815	77	11187	10933	0.00711974	0.55935	0.989207
22	36040000	36060000	9269	70	12608	9345	0.00755206	0.6304	0.991867
22	36060000	36080000	5165	44	17884	5304	0.00851888	0.8942	0.973793
22	36080000	36100000	4546	45	16199	4885	0.00989881	0.80995	0.930604
22	36100000	36120000	6985	42	11349	8529	0.00601288	0.56745	0.818971
22	36120000	36140000	11081	76	7873	11525	0.00685859	0.39365	0.961475
22	36140000	36160000	12967	56	2053	13110	0.00431866	0.10265	0.989092
22	36160000	36180000	12209	61	4366	12310	0.00499631	0.2183	0.991795
22	36180000	36200000	10418	71	8888	10501	0.00681513	0.4444	0.992096
22	36200000	36220000	10513	54	10801	10864	0.0051365	0.54005	0.967691
22	36220000	36240000	10913	42	8541	11209	0.00384862	0.42705	0.973593
22	36240000	36260000	10979	54	7584	11120	0.00491848	0.3792	0.98732
22	36260000	36280000	11182	63	10835	11394	0.00563405	0.54175	0.981394
22	36280000	36300000	11202	40	9279	11348	0.00357079	0.46395	0.987134
22	36300000	36320000	11575	52	8270	11932	0.00449244	0.4135	0.97008
22	36320000	36340000	11221	52	9330	11404	0.00463417	0.4665	0.983953
22	36340000	36360000	10763	65	12160	10857	0.00603921	0.608	0.991342
22	36360000	36380000	12251	76	8669	12379	0.00620358	0.43345	0.98966
22	36380000	36400000	11679	68	8479	11790	0.00582242	0.42395	0.990585
22	36400000	36420000	11344	66	6422	11442	0.00581805	0.3211	0.991435
22	36420000	36440000	7980	57	11456	8110	0.00714286	0.5728	0.98397
22	36440000	36460000	5516	41	16434	6080	0.00743292	0.8217	0.907237
22	36460000	36480000	6717	64	14609	7066	0.00952806	0.73045	0.950609
22	36480000	36500000	3045	31	15719	6877	0.0101806	0.78595	0.44278
22	36500000	36520000	8344	72	13234	8483	0.00862895	0.6617	0.983614
22	36520000	36540000	6550	71	7117	9425	0.0108397	0.35585	0.69496
22	36540000	36560000	9805	126	9138	9904	0.0128506	0.4569	0.990004
22	36560000	36580000	11339	117	9809	11773	0.0103184	0.49045	0.963136
22	36580000	36600000	5412	71	9879	6083	0.013119	0.49395	0.889693
22	36600000	36620000	0	0	14477	9757		0.72385	0
22	36620000	36640000	0	0	10393	6341		0.51965	0
22	36640000	36660000	986	258	11535	7665	0.261663	0.57675	0.128637
22	36660000	36680000	2286	17	11939	6534	0.00743657	0.59695	0.349862
22	36680000	36700000	9295	81	4764	12507	0.00871436	0.2382	0.743184
22	36700000	36720000	12389	126	5095	12475	0.0101703	0.25475	0.993106
22	36720000	36740000	13958	94	3599	14195	0.00673449	0.17995	0.983304
22	36740000	36760000	10333	77	7552	10497	0.00745185	0.3776	0.984376
22	36760000	36780000	10342	101	8575	10674	0.009766	0.42875	0.968896
22	36780000	36800000	6089	32	13549	6157	0.00525538	0.67745	0.988956
22	36800000	36820000	6831	60	13506	7016	0.00878349	0.6753	0.973632
22	36820000	36840000	7573	69	13149	7974	0.00911132	0.65745	0.949712
22	36840000	36860000	7543	56	11305	8489	0.0074241	0.56525	0.888562
22	36860000	36880000	6985	38	10307	9299	0.00544023	0.51535	0.751156
22	36880000	36900000	7334	60	12476	7808	0.00818107	0.6238	0.939293
22	36900000	36920000	9942	57	8241	10349	0.00573325	0.41205	0.960673
22	36920000	36940000	8151	60	11205	8201	0.00736106	0.56025	0.993903
22	36940000	36960000	11921	92	9936	12030	0.00771747	0.4968	0.990939
22	36960000	36980000	10544	70	12086	10832	0.00663885	0.6043	0.973412
22	36980000	37000000	9812	59	13078	10482	0.00601305	0.6539	0.936081
22	37000000	37020000	11997	72	10561	12199	0.0060015	0.52805	0.983441
22	37020000	37040000	13075	91	10529	13205	0.00695985	0.52645	0.990155
22	37040000	37060000	6106	31	10038	11693	0.00507697	0.5019	0.522193
22	37060000	37080000	2276	14	7972	11599	0.00615114	0.3986	0.196224
22	37080000	37100000	12327	95	6837	13424	0.00770666	0.34185	0.918281
22	37100000	37120000	13353	85	9960	13510	0.00636561	0.498	0.988379
22	37120000	37140000	10897	72	11871	11536	0.00660732	0.59355	0.944608
22	37140000	37160000	13027	75	7670	13153	0.00575727	0.3835	0.99042
22	37160000	37180000	13417	83	6578	13742	0.00618618	0.3289	0.97635
22	37180000	37200000	11334	109	11337	11606	0.00961708	0.56685	0.976564
22	37200000	37220000	13787	117	6368	14241	0.00848626	0.3184	0.96812
22	37220000	37240000	9352	101	11241	10500	0.0107998	0.56205	0.890667
22	37240000	37260000	13252	121	9020	13452	0.0091307	0.451	0.985132
22	37260000	37280000	11503	83	9744	12920	0.00721551	0.4872	0.890325
22	37280000	37300000	11446	77	13653	11680	0.00672724	0.68265	0.979966
22	37300000	37320000	9644	75	12002	10724	0.00777686	0.6001	0.899291
22	37320000	37340000	12444	115	7261	13054	0.0092414	0.36305	0.953271
22	37340000	37360000	8343	97	12785	9840	0.0116265	0.63925	0.847866
22	37360000	37380000	9367	87	13361	9618	0.00928793	0.66805	0.973903
22	37380000	37400000	11806	98	10953	12037	0.00830086	0.54765	0.980809
22	37400000	37420000	12119	72	9175	12320	0.00594108	0.45875	0.983685
22	37420000	37440000	10516	95	11177	10880	0.00903385	0.55885	0.966544
22	37440000	37460000	12702	74	6928	12793	0.00582585	0.3464	0.992887
22	37460000	37480000	12577	78	7202	12821	0.0062018	0.3601	0.980969
22	37480000	37500000	12846	96	7510	13281	0.00747314	0.3755	0.967246
22	37500000	37520000	11093	86	9742	12265	0.00775264	0.4871	0.904444
22	37520000	37540000	13479	99	8921	14238	0.00734476	0.44605	0.946692
22	37540000	37560000	11712	88	8371	11957	0.00751366	0.41855	0.97951
22	37560000	37580000	12147	111	6672	13616	0.00913806	0.3336	0.892112
22	37580000	37600000	9072	49	11872	9622	0.00540123	0.5936	0.942839
22	37600000	37620000	12460	50	8754	12568	0.00401284	0.4377	0.991407
22	37620000	37640000	12988	72	8166	13149	0.00554358	0.4083	0.987756
22	37640000	37660000	9987	73	14051	10109	0.0073095	0.70255	0.987932
22	37660000	37680000	11564	74	12422	11658	0.00639917	0.6211	0.991937
22	37680000	37700000	13288	95	9413	13537	0.00714931	0.47065	0.981606
22	37700000	37720000	13605	76	7627	13853	0.00558618	0.38135	0.982098
22	37720000	37740000	11986	74	7789	12325	0.00617387	0.38945	0.972495
22	37740000	37760000	13847	93	7893	14018	0.00671626	0.39465	0.987801
22	37760000	37780000	13612	70	3302	13985	0.00514252	0.1651	0.973329
22	37780000	37800000	11720	82	6938	13949	0.00699659	0.3469	0.840204
22	37800000	37820000	11194	80	7212	12563	0.00714669	0.3606	0.891029
22	37820000	37840000	12387	90	9877	12626	0.00726568	0.49385	0.981071
22	37840000	37860000	10533	66	10829	11116	0.00626602	0.54145	0.947553
22	37860000	37880000	10114	47	10651	12948	0.00464702	0.53255	0.781124
22	37880000	37900000	13692	60	5545	14510	0.00438212	0.27725	0.943625
22	37900000	37920000	11578	73	8353	11669	0.00630506	0.41765	0.992202
22	37920000	37940000	7060	64	15622	7210	0.00906516	0.7811	0.979196
22	37940000	37960000	8625	48	8507	9531	0.00556522	0.42535	0.904942
22	37960000	37980000	9080	49	10599	9247	0.00539648	0.52995	0.98194
22	37980000	38000000	6198	33	15083	6300	0.0053243	0.75415	0.98381
22	38000000	38020000	9121	31	8785	9499	0.00339875	0.43925	0.960206
22	38020000	38040000	12648	89	4876	13438	0.00703669	0.2438	0.941211
22	38040000	38060000	8357	56	9807	8603	0.00670097	0.49035	0.971405
22	38060000	38080000	8680	48	10402	8917	0.00552995	0.5201	0.973422
22	38080000	38100000	6762	42	10315	8273	0.00621118	0.51575	0.817358
22	38100000	38120000	7432	44	12716	7520	0.00592034	0.6358	0.988298
22	38120000	38140000	10411	56	8016	10502	0.00537893	0.4008	0.991335
22	38140000	38160000	11523	60	8035	11629	0.00520698	0.40175	0.990885
22	38160000	38180000	8377	32	10843	10906	0.00381998	0.54215	0.768109
22	38180000	38200000	4589	24	14961	5822	0.0052299	0.74805	0.788217
22	38200000	38220000	7052	41	6446	9646	0.00581395	0.3223	0.73108
22	38220000	38240000	8376	50	10924	8532	0.00596944	0.5462	0.981716
22	38240000	38260000	7911	59	12346	8253	0.00745797	0.6173	0.958561
22	38260000	38280000	5205	32	14183	6093	0.00614793	0.70915	0.854259
22	38280000	38300000	8051	36	12100	8259	0.00447149	0.605	0.974815
22	38300000	38320000	7691	52	9784	8571	0.00676115	0.4892	0.897328
22	38320000	38340000	10892	39	8005	11271	0.00358061	0.40025	0.966374
22	38340000	38360000	5829	28	13815	6587	0.00480357	0.69075	0.884925
22	38360000	38380000	10604	51	6908	12401	0.00480951	0.3454	0.855092
22	38380000	38400000	11692	79	7894	11812	0.00675676	0.3947	0.989841
22	38400000	38420000	6728	49	12980	8709	0.007283	0.649	0.772534
22	38420000	38440000	13382	86	7883	14144	0.00642654	0.39415	0.946126
22	38440000	38460000	9227	65	12446	9402	0.00704454	0.6223	0.981387
22	38460000	38480000	11278	76	4036	12757	0.00673878	0.2018	0.884064
22	38480000	38500000	8894	59	9542	9340	0.00663369	0.4771	0.952248
22	38500000	38520000	11688	88	7987	11790	0.00752909	0.39935	0.991349
22	38520000	38540000	10732	52	8951	10846	0.00484532	0.44755	0.989489
22	38540000	38560000	7390	52	17188	7438	0.00703654	0.8594	0.993547
22	38560000	38580000	10038	54	9427	10194	0.00537956	0.47135	0.984697
22	38580000	38600000	7542	38	13629	7604	0.00503845	0.68145	0.991846
22	38600000	38620000	10939	39	7860	11001	0.00356523	0.393	0.994364
22	38620000	38640000	11407	52	7061	11502	0.0045586	0.35305	0.991741
22	38640000	38660000	10440	67	11343	10543	0.00641762	0.56715	0.99023
22	38660000	38680000	8911	45	10790	8977	0.00504994	0.5395	0.992648
22	38680000	38700000	11562	69	6376	11697	0.00596783	0.3188	0.988459
22	38700000	38720000	9417	41	10049	9545	0.00435383	0.50245	0.98659
22	38720000	38740000	5991	34	13890	6426	0.00567518	0.6945	0.932306
22	38740000	38760000	2389	24	10099	5842	0.010046	0.50495	0.408935
22	38760000	38780000	0	0	11505	347		0.57525	0
22	38780000	38800000	346	2	5278	1996	0.00578035	0.2639	0.173347
22	38800000	38820000	7946	46	11360	8103	0.00578908	0.568	0.980624
22	38820000	38840000	10947	85	9089	11048	0.00776468	0.45445	0.990858
22	38840000	38860000	11280	74	7628	12087	0.00656028	0.3814	0.933234
22	38860000	38880000	8721	49	10239	8816	0.00561862	0.51195	0.989224
22	38880000	38900000	10433	41	5862	10482	0.00392984	0.2931	0.995325
22	38900000	38920000	7771	40	12077	8082	0.00514734	0.60385	0.961519
22	38920000	38940000	6694	38	12891	6925	0.00567673	0.64455	0.966643
22	38940000	38960000	6405	37	12540	6689	0.00577674	0.627	0.957542
22	38960000	38980000	8817	43	10763	8887	0.00487694	0.53815	0.992123
22	38980000	39000000	9384	57	13104	9608	0.00607417	0.6552	0.976686
22	39000000	39020000	9523	71	13781	9646	0.00745563	0.68905	0.987249
22	39020000	39040000	8046	48	11586	9282	0.0059657	0.5793	0.866839
22	39040000	39060000	6077	50	14661	6290	0.00822774	0.73305	0.966137
22	39060000	39080000	7445	43	12485	7648	0.00577569	0.62425	0.973457
22	39080000	39100000	9373	42	8019	9438	0.00448096	0.40095	0.993113
22	39100000	39120000	9984	45	7220	10525	0.00450721	0.361	0.948599
22	39120000	39140000	13954	65	3112	14030	0.00465816	0.1556	0.994583
22	39140000	39160000	10386	54	7335	10587	0.00519931	0.36675	0.981014
22	39160000	39180000	12984	93	7510	13103	0.00716266	0.3755	0.990918
22	39180000	39200000	8963	86	12421	9605	0.009595	0.62105	0.93316
22	39200000	39220000	9002	67	14931	9293	0.00744279	0.74655	0.968686
22	39220000	39240000	12108	59	8863	12240	0.00487281	0.44315	0.989216
22	39240000	39260000	9830	56	9506	10949	0.00569685	0.4753	0.897799
22	39260000	39280000	11309	74	8111	11472	0.00654346	0.40555	0.985791
22	39280000	39300000	6240	36	13947	6313	0.00576923	0.69735	0.988437
22	39300000	39320000	6245	41	16000	7291	0.00656525	0.8	0.856535
22	39320000	39340000	9375	78	11579	9635	0.00832	0.57895	0.973015
22	39340000	39360000	8235	75	5286	8824	0.00910747	0.2643	0.93325
22	39360000	39380000	7322	80	9560	7449	0.010926	0.478	0.982951
22	39380000	39400000	5001	47	9027	5212	0.00939812	0.45135	0.959517
22	39400000	39420000	2569	25	11891	3830	0.00973141	0.59455	0.670757
22	39420000	39440000	1012	7	11069	1954	0.006917	0.55345	0.517912
22	39440000	39460000	1335	41	13526	1418	0.0307116	0.6763	0.941467
22	39460000	39480000	2821	37	13360	2927	0.0131159	0.668	0.963785
22	39480000	39500000	7997	76	7772	8841	0.00950356	0.3886	0.904536
22	39500000	39520000	4578	46	17075	4617	0.0100481	0.85375	0.991553
22	39520000	39540000	10826	86	10149	10909	0.00794384	0.50745	0.992392
22	39540000	39560000	8914	43	11990	9311	0.00482387	0.5995	0.957362
22	39560000	39580000	8732	59	10779	10860	0.00675676	0.53895	0.804052
22	39580000	39600000	6605	65	16469	7850	0.00984103	0.82345	0.841401
22	39600000	39620000	9205	61	10570	9371	0.00662683	0.5285	0.982286
22	39620000	39640000	12899	78	5464	13128	0.00604698	0.2732	0.982556
22	39640000	39660000	10313	58	8724	12010	0.00562397	0.4362	0.858701
22	39660000	39680000	10773	82	11755	11105	0.00761162	0.58775	0.970104
22	39680000	39700000	11232	86	9874	11360	0.0076567	0.4937	0.988732
22	39700000	39720000	9145	65	7645	9532	0.00710771	0.38225	0.9594
22	39720000	39740000	3807	31	15787	5452	0.00814289	0.78935	0.698276
22	39740000	39760000	7992	49	12453	8775	0.00613113	0.62265	0.910769
22	39760000	39780000	10601	57	8941	11788	0.00537685	0.44705	0.899304
22	39780000	39800000	7052	38	13007	8085	0.00538854	0.65035	0.872233
22	39800000	39820000	10633	63	9269	10734	0.00592495	0.46345	0.990591
22	39820000	39840000	9929	56	9694	10027	0.00564004	0.4847	0.990226
22	39840000	39860000	9893	58	8606	11244	0.00586273	0.4303	0.879847
22	39860000	39880000	14045	81	6383	14160	0.00576718	0.31915	0.991879
22	39880000	39900000	11250	63	9266	11405	0.0056	0.4633	0.986409
22	39900000	39920000	10151	48	5219	10235	0.0047286	0.26095	0.991793
22	39920000	39940000	11128	47	8569	11380	0.00422358	0.42845	0.977856
22	39940000	39960000	10818	53	8719	11234	0.00489924	0.43595	0.96297
22	39960000	39980000	11331	89	10075	12315	0.00785456	0.50375	0.920097
22	39980000	40000000	8839	73	12117	10680	0.00825885	0.60585	0.827622
22	40000000	40020000	9527	60	10104	11276	0.00629789	0.5052	0.844892
22	40020000	40040000	12553	71	8438	13854	0.00565602	0.4219	0.906092
22	40040000	40060000	13121	94	6485	13229	0.00716409	0.32425	0.991836
22	40060000	40080000	9737	66	4197	13939	0.00677827	0.20985	0.698544
22	40080000	40100000	11960	93	8498	12199	0.00777592	0.4249	0.980408
22	40100000	40120000	13159	106	6436	13319	0.00805532	0.3218	0.987987
22	40120000	40140000	13062	72	8616	13194	0.00551217	0.4308	0.989995
22	40140000	40160000	12294	72	11897	12386	0.00585652	0.59485	0.992572
22	40160000	40180000	10521	40	11358	10589	0.00380192	0.5679	0.993578
22	40180000	40200000	8525	49	16882	8596	0.0057478	0.8441	0.99174
22	40200000	40220000	12116	74	14458	12230	0.00610763	0.7229	0.990679
22	40220000	40240000	9152	48	14099	9206	0.00524476	0.70495	0.994134
22	40240000	40260000	9397	51	13463	9492	0.00542726	0.67315	0.989992
22	40260000	40280000	10203	52	12397	10280	0.00509654	0.61985	0.99251
22	40280000	40300000	11321	55	9627	11409	0.00485823	0.48135	0.992287
22	40300000	40320000	13489	88	6642	13594	0.00652383	0.3321	0.992276
22	40320000	40340000	12977	76	7274	13334	0.00585652	0.3637	0.973226
22	40340000	40360000	12308	58	8916	12380	0.00471238	0.4458	0.994184
22	40360000	40380000	10997	52	8807	11589	0.00472856	0.44035	0.948917
22	40380000	40400000	12817	85	6846	12966	0.00663182	0.3423	0.988508
22	40400000	40420000	10504	96	9837	11133	0.00913938	0.49185	0.943501
22	40420000	40440000	12984	73	6802	13121	0.0056223	0.3401	0.989559
22	40440000	40460000	8791	61	12186	8924	0.00693891	0.6093	0.985096
22	40460000	40480000	9275	32	14008	9409	0.00345013	0.7004	0.985758
22	40480000	40500000	9164	38	13064	9385	0.00414666	0.6532	0.976452
22	40500000	40520000	12154	47	8862	12557	0.00386704	0.4431	0.967906
22	40520000	40540000	8359	46	12478	8577	0.00550305	0.6239	0.974583
22	40540000	40560000	7658	29	15289	7783	0.00378689	0.76445	0.983939
22	40560000	40580000	8728	29	11696	8789	0.00332264	0.5848	0.99306
22	40580000	40600000	11622	51	8887	11723	0.00438823	0.44435	0.991384
22	40600000	40620000	12164	53	9592	12263	0.00435712	0.4796	0.991927
22	40620000	40640000	10391	42	12233	10465	0.00404196	0.61165	0.992929
22	40640000	40660000	10847	72	5862	10936	0.00663778	0.2931	0.991862
22	40660000	40680000	11393	46	5784	11936	0.00403757	0.2892	0.954507
22	40680000	40700000	9702	65	11571	9772	0.00669965	0.57855	0.992837
22	40700000	40720000	11973	48	5627	12064	0.00400902	0.28135	0.992457
22	40720000	40740000	9510	34	5554	10909	0.00357518	0.2777	0.871757
22	40740000	40760000	7764	33	10612	8207	0.00425039	0.5306	0.946022
22	40760000	40780000	9770	33	11276	9962	0.00337769	0.5638	0.980727
22	40780000	40800000	10244	46	10625	11019	0.00449043	0.53125	0.929667
22	40800000	40820000	12688	63	4287	13048	0.00496532	0.21435	0.97241
22	40820000	40840000	12475	53	7614	12641	0.0042485	0.3807	0.986868
22	40840000	40860000	9997	40	9511	10085	0.0040012	0.47555	0.991274
22	40860000	40880000	9406	45	10900	9477	0.00478418	0.545	0.992508
22	40880000	40900000	8174	35	10340	8226	0.00428187	0.517	0.993679
22	40900000	40920000	9303	43	9675	9440	0.00462216	0.48375	0.985487
22	40920000	40940000	8841	33	9993	8911	0.00373261	0.49965	0.992145
22	40940000	40960000	6745	35	13337	8104	0.00518903	0.66685	0.832305
22	40960000	40980000	8006	58	12325	8332	0.00724457	0.61625	0.960874
22	40980000	41000000	9062	48	8367	9140	0.00529684	0.41835	0.991466
22	41000000	41020000	7116	38	15144	8327	0.00534008	0.7572	0.854569
22	41020000	41040000	8697	35	11124	8768	0.00402438	0.5562	0.991902
22	41040000	41060000	6971	58	14184	7175	0.00832018	0.7092	0.971568
22	41060000	41080000	8792	64	12288	9019	0.00727934	0.6144	0.974831
22	41080000	41100000	6701	57	14162	6911	0.00850619	0.7081	0.969614
22	41100000	41120000	6846	52	14780	7127	0.00759568	0.739	0.960572
22	41120000	41140000	5788	41	13926	6366	0.00708362	0.6963	0.909205
22	41140000	41160000	5297	30	17156	5357	0.00566358	0.8578	0.9888
22	41160000	41180000	9522	34	9865	9709	0.00357068	0.49325	0.98074
22	41180000	41200000	8299	41	12415	8881	0.00494035	0.62075	0.934467
22	41200000	41220000	8684	39	12159	8742	0.00449102	0.60795	0.993365
22	41220000	41240000	8523	45	8122	8608	0.00527983	0.4061	0.990125
22	41240000	41260000	9859	55	8071	10244	0.00557866	0.40355	0.962417
22	41260000	41280000	8362	44	10738	8463	0.0052619	0.5369	0.988066
22	41280000	41300000	7249	32	13286	7322	0.0044144	0.6643	0.99003
22	41300000	41320000	7674	33	13949	7862	0.00430023	0.69745	0.976088
22	41320000	41340000	6700	28	12553	7167	0.0041791	0.62765	0.93484
22	41340000	41360000	5534	26	12692	5745	0.00469823	0.6346	0.963272
22	41360000	41380000	7387	38	12988	7494	0.00514417	0.6494	0.985722
22	41380000	41400000	7656	43	15887	7831	0.00561651	0.79435	0.977653
22	41400000	41420000	6447	52	14582	6493	0.00806577	0.7291	0.992915
22	41420000	41440000	4615	24	16420	6115	0.00520043	0.821	0.754702
22	41440000	41460000	4808	16	16797	6072	0.00332779	0.83985	0.791831
22	41460000	41480000	5959	38	13473	6051	0.00637691	0.67365	0.984796
22	41480000	41500000	6659	25	10356	6748	0.00375432	0.5178	0.986811
22	41500000	41520000	8075	43	10180	8139	0.00532508	0.509	0.992137
22	41520000	41540000	8174	31	8785	8261	0.00379251	0.43925	0.989469
22	41540000	41560000	10651	45	6949	10726	0.00422496	0.34745	0.993008
22	41560000	41580000	10571	32	6648	10650	0.00302715	0.3324	0.992582
22	41580000	41600000	4958	30	15967	5172	0.00605083	0.79835	0.958623
22	41600000	41620000	8967	42	10618	9241	0.00468384	0.5309	0.97035
22	41620000	41640000	11113	61	7274	11196	0.00548907	0.3637	0.992587
22	41640000	41660000	11629	78	8072	12010	0.00670737	0.4036	0.968276
22	41660000	41680000	8363	48	12186	8423	0.00573957	0.6093	0.992877
22	41680000	41700000	4909	15	13569	4969	0.00305561	0.67845	0.987925
22	41700000	41720000	6823	31	15070	6943	0.00454346	0.7535	0.982716
22	41720000	41740000	7295	25	8419	11102	0.003427	0.42095	0.657089
22	41740000	41760000	11591	57	7291	11697	0.00491761	0.36455	0.990938
22	41760000	41780000	9170	55	8211	9231	0.00599782	0.41055	0.993392
22	41780000	41800000	8791	24	10579	8851	0.00273006	0.52895	0.993221
22	41800000	41820000	6810	26	13533	6864	0.00381791	0.67665	0.992133
22	41820000	41840000	6929	20	9441	6985	0.00288642	0.47205	0.991983
22	41840000	41860000	5392	31	10440	6077	0.00574926	0.522	0.88728
22	41860000	41880000	7397	53	9592	9299	0.00716507	0.4796	0.795462
22	41880000	41900000	7707	45	14118	8154	0.00583885	0.7059	0.94518
22	41900000	41920000	10768	42	7697	10942	0.00390045	0.38485	0.984098
22	41920000	41940000	8481	52	7519	10790	0.00613135	0.37595	0.786006
22	41940000	41960000	6248	31	11792	8408	0.00496159	0.5896	0.743102
22	41960000	41980000	8840	44	10686	10512	0.00497738	0.5343	0.840944
22	41980000	42000000	9054	34	9058	9122	0.00375525	0.4529	0.992545
22	42000000	42020000	8319	36	10984	8470	0.00432744	0.5492	0.982172
22	42020000	42040000	4154	17	15443	4300	0.00409244	0.77215	0.966047
22	42040000	42060000	5498	26	12336	6065	0.00472899	0.6168	0.906513
22	42060000	42080000	7470	35	11752	7739	0.00468541	0.5876	0.965241
22	42080000	42100000	8904	26	9716	9014	0.00292004	0.4858	0.987797
22	42100000	42120000	7194	35	14269	7254	0.00486517	0.71345	0.991729
22	42120000	42140000	7122	40	14357	7200	0.0056164	0.71785	0.989167
22	42140000	42160000	8534	48	13195	8600	0.00562456	0.65975	0.992326
22	42160000	42180000	9386	49	11408	9536	0.00522054	0.5704	0.98427
22	42180000	42200000	7384	31	12010	7937	0.00419827	0.6005	0.930326
22	42200000	42220000	9712	41	14777	10146	0.00422158	0.73885	0.957225
22	42220000	42240000	10345	45	9687	10964	0.00434993	0.48435	0.943543
22	42240000	42260000	9505	47	11379	9577	0.00494477	0.56895	0.992482
22	42260000	42280000	10348	42	8370	10772	0.00405876	0.4185	0.960639
22	42280000	42300000	11333	61	8458	11503	0.00538251	0.4229	0.985221
22	42300000	42320000	10167	40	4163	11124	0.0039343	0.20815	0.91397
22	42320000	42340000	10139	62	8890	10410	0.006115	0.4445	0.973967
22	42340000	42360000	8619	47	11358	8851	0.00545307	0.5679	0.973788
22	42360000	42380000	10723	51	9363	11433	0.00475613	0.46815	0.937899
22	42380000	42400000	10249	39	6724	10559	0.00380525	0.3362	0.970641
22	42400000	42420000	5790	30	16397	6240	0.00518135	0.81985	0.927885
22	42420000	42440000	8110	47	15649	8195	0.00579531	0.78245	0.989628
22	42440000	42460000	7057	37	13817	7105	0.00524302	0.69085	0.993244
22	42460000	42480000	10063	34	8413	10569	0.00337871	0.42065	0.952124
22	42480000	42500000	5342	19	15716	5605	0.00355672	0.7858	0.953078
22	42500000	42520000	4708	30	16551	4746	0.00637213	0.82755	0.991993
22	42520000	42540000	229	6	5142	655	0.0262009	0.2571	0.349618
22	42540000	42560000	2894	23	8216	7701	0.00794748	0.4108	0.375795
22	42560000	42580000	10652	57	8425	10849	0.00535111	0.42125	0.981842
22	42580000	42600000	12047	60	6280	12139	0.00498049	0.314	0.992421
22	42600000	42620000	12419	41	7018	12498	0.00330139	0.3509	0.993679
22	42620000	42640000	8633	44	13935	8700	0.00509672	0.69675	0.992299
22	42640000	42660000	9450	48	12142	9550	0.00507937	0.6071	0.989529
22	42660000	42680000	11952	65	6205	12408	0.00543842	0.31025	0.96325
22	42680000	42700000	13685	79	7294	14152	0.00577274	0.3647	0.967001
22	42700000	42720000	12795	62	6847	13494	0.00484564	0.34235	0.948199
22	42720000	42740000	13679	77	7423	13824	0.00562907	0.37115	0.989511
22	42740000	42760000	10678	57	11272	11003	0.00533808	0.5636	0.970463
22	42760000	42780000	9897	34	7329	11349	0.00343538	0.36645	0.872059
22	42780000	42800000	9501	54	11026	10841	0.00568361	0.5513	0.876395
22	42800000	42820000	9154	52	9329	9810	0.00568058	0.46645	0.933129
22	42820000	42840000	11849	96	7738	12331	0.00810195	0.3869	0.960912
22	42840000	42860000	7152	51	12462	7419	0.00713087	0.6231	0.964011
22	42860000	42880000	4606	32	16255	5593	0.00694746	0.81275	0.823529
22	42880000	42900000	1558	13	12326	3236	0.00834403	0.6163	0.481459
22	42900000	42920000	1730	7	9310	1776	0.00404624	0.4655	0.974099
22	42920000	42940000	1762	17	15679	1827	0.00964813	0.78395	0.964423
22	42940000	42960000	4845	88	11413	5177	0.0181631	0.57065	0.93587
22	42960000	42980000	1457	58	9428	2188	0.0398078	0.4714	0.665905
22	42980000	43000000	8977	59	9970	10245	0.00657235	0.4985	0.876232
22	43000000	43020000	9046	98	9043	9283	0.0108335	0.45215	0.974469
22	43020000	43040000	9225	79	9718	9491	0.00856369	0.4859	0.971973
22	43040000	43060000	7228	54	11037	7541	0.00747095	0.55185	0.958494
22	43060000	43080000	5766	27	15883	5846	0.00468262	0.79415	0.986315
22	43080000	43100000	11490	69	8177	11740	0.00600522	0.40885	0.978705
22	43100000	43120000	8318	49	13417	8614	0.00589084	0.67085	0.965637
22	43120000	43140000	5892	42	13770	6070	0.00712831	0.6885	0.970675
22	43140000	43160000	5726	51	14910	6030	0.00890674	0.7455	0.949585
22	43160000	43180000	4953	43	11055	7341	0.00868161	0.55275	0.674704
22	43180000	43200000	9825	61	5299	9911	0.00620865	0.26495	0.991323
22	43200000	43220000	11433	83	8032	11555	0.00725969	0.4016	0.989442
22	43220000	43240000	7284	38	11482	7576	0.00521691	0.5741	0.961457
22	43240000	43260000	7079	25	11979	7629	0.00353157	0.59895	0.927907
22	43260000	43280000	11626	65	5549	11787	0.00559092	0.27745	0.986341
22	43280000	43300000	11992	53	5828	13003	0.00441961	0.2914	0.922249
22	43300000	43320000	11843	47	5924	11940	0.00396859	0.2962	0.991876
22	43320000	43340000	11879	64	8177	11961	0.00538766	0.40885	0.993144
22	43340000	43360000	9949	45	7369	12478	0.00452307	0.36845	0.797323
22	43360000	43380000	8790	33	10883	9291	0.00375427	0.54415	0.946077
22	43380000	43400000	10727	46	8999	11075	0.00428824	0.44995	0.968578
22	43400000	43420000	9322	36	8748	9394	0.00386183	0.4374	0.992336
22	43420000	43440000	5626	57	11456	5878	0.0101315	0.5728	0.957128
22	43440000	43460000	7371	48	12652	7566	0.00651201	0.6326	0.974227
22	43460000	43480000	5913	40	13071	6437	0.00676476	0.65355	0.918596
22	43480000	43500000	7029	67	12742	7115	0.00953194	0.6371	0.987913
22	43500000	43520000	8398	54	10680	8484	0.0064301	0.534	0.989863
22	43520000	43540000	9506	50	8421	9644	0.00525984	0.42105	0.985691
22	43540000	43560000	9303	58	10254	9631	0.00623455	0.5127	0.965943
22	43560000	43580000	11986	61	5479	12557	0.00508927	0.27395	0.954527
22	43580000	43600000	9147	56	10406	9439	0.00612223	0.5203	0.969065
22	43600000	43620000	11899	92	6614	12153	0.00773174	0.3307	0.9791
22	43620000	43640000	13016	76	5455	13684	0.00583897	0.27275	0.951184
22	43640000	43660000	14241	115	2377	14526	0.00807528	0.11885	0.98038
22	43660000	43680000	12045	85	6648	12998	0.00705687	0.3324	0.926681
22	43680000	43700000	13792	121	4964	13912	0.0087732	0.2482	0.991374
22	43700000	43720000	8309	49	10028	11904	0.00589722	0.5014	0.698001
22	43720000	43740000	9280	70	6137	12326	0.0075431	0.30685	0.75288
22	43740000	43760000	8917	68	11287	9148	0.00762588	0.56435	0.974749
22	43760000	43780000	9843	54	14108	10263	0.00548613	0.7054	0.959076
22	43780000	43800000	12193	92	7857	12880	0.00754531	0.39285	0.946661
22	43800000	43820000	12762	64	5795	12858	0.00501489	0.28975	0.992534
22	43820000	43840000	13332	114	5856	13983	0.00855086	0.2928	0.953443
22	43840000	43860000	8984	52	14998	9056	0.00578807	0.7499	0.992049
22	43860000	43880000	11369	108	7462	13080	0.00949952	0.3731	0.86919
22	43880000	43900000	3938	40	8781	11087	0.0101574	0.43905	0.355191
22	43900000	43920000	9005	51	13572	10706	0.00566352	0.6786	0.841117
22	43920000	43940000	12757	94	7287	12906	0.0073685	0.36435	0.988455
22	43940000	43960000	10205	71	11614	10372	0.00695737	0.5807	0.983899
22	43960000	43980000	11144	82	5552	12035	0.00735822	0.2776	0.925966
22	43980000	44000000	10061	65	11861	10443	0.00646059	0.59305	0.96342
22	44000000	44020000	10724	53	12645	10815	0.00494219	0.63225	0.991586
22	44020000	44040000	12984	62	8126	13116	0.00477511	0.4063	0.989936
22	44040000	44060000	10132	58	14102	10220	0.00572444	0.7051	0.991389
22	44060000	44080000	12113	61	10649	12217	0.00503591	0.53245	0.991487
22	44080000	44100000	13205	66	14610	13320	0.00499811	0.7305	0.991366
22	44100000	44120000	10970	51	14051	11058	0.00464904	0.70255	0.992042
22	44120000	44140000	9013	52	11757	10400	0.00576944	0.58785	0.866635
22	44140000	44160000	12566	48	9271	12662	0.00381983	0.46355	0.992418
22	44160000	44180000	11229	60	10958	11330	0.00534331	0.5479	0.991086
22	44180000	44200000	10080	66	13141	10498	0.00654762	0.65705	0.960183
22	44200000	44220000	10186	58	8814	11557	0.00569409	0.4407	0.881371
22	44220000	44240000	11324	80	4655	12607	0.00706464	0.23275	0.898231
22	44240000	44260000	0	0	8523	13334		0.42615	0
22	44260000	44280000	0	0	14853	8657		0.74265	0
22	44280000	44300000	8553	43	8532	11692	0.00502748	0.4266	0.731526
22	44300000	44320000	6844	50	12093	10070	0.00730567	0.60465	0.679643
22	44320000	44340000	10983	80	8803	11282	0.00728398	0.44015	0.973498
22	44340000	44360000	9010	61	9004	9164	0.00677026	0.4502	0.983195
22	44360000	44380000	12096	79	7395	12330	0.00653108	0.36975	0.981022
22	44380000	44400000	12012	70	8683	12236	0.00582751	0.43415	0.981693
22	44400000	44420000	8132	55	12097	8272	0.0067634	0.60485	0.983075
22	44420000	44440000	9169	58	10996	9378	0.00632566	0.5498	0.977714
22	44440000	44460000	9194	61	11974	9428	0.00663476	0.5987	0.97518
22	44460000	44480000	11417	83	7311	12197	0.00726986	0.36555	0.93605
22	44480000	44500000	11771	96	7811	11898	0.00815564	0.39055	0.989326
22	44500000	44520000	9504	67	9624	9629	0.00704966	0.4812	0.987018
22	44520000	44540000	12326	80	6261	12419	0.00649035	0.31305	0.992511
22	44540000	44560000	9828	87	7898	11003	0.00885226	0.3949	0.893211
22	44560000	44580000	11925	84	8111	12237	0.00704403	0.40555	0.974504
22	44580000	44600000	13602	86	7747	13761	0.0063226	0.38735	0.988446
22	44600000	44620000	9539	91	10537	10646	0.00953978	0.52685	0.896017
22	44620000	44640000	2240	28	16789	2435	0.0125	0.83945	0.919918
22	44640000	44660000	4563	66	10349	4687	0.0144642	0.51745	0.973544
22	44660000	44680000	8422	81	7548	8584	0.00961767	0.3774	0.981128
22	44680000	44700000	13094	89	8179	13213	0.00679701	0.40895	0.990994
22	44700000	44720000	12316	90	6495	14328	0.00730757	0.32475	0.859576
22	44720000	44740000	9562	68	7406	13058	0.00711148	0.3703	0.732271
22	44740000	44760000	13234	116	7446	13371	0.0087653	0.3723	0.989754
22	44760000	44780000	13527	96	11182	13662	0.00709692	0.5591	0.990119
22	44780000	44800000	13287	102	5782	13700	0.00767668	0.2891	0.969854
22	44800000	44820000	11266	80	11179	11660	0.00710101	0.55895	0.966209
22	44820000	44840000	12130	114	7640	12277	0.00939819	0.382	0.988026
22	44840000	44860000	12645	86	8228	12811	0.00680111	0.4114	0.987042
22	44860000	44880000	9029	58	17335	9116	0.00642375	0.86675	0.990456
22	44880000	44900000	10721	103	8847	10871	0.00960731	0.44235	0.986202
22	44900000	44920000	9753	51	16821	10226	0.00522916	0.84105	0.953745
22	44920000	44940000	11722	71	11101	11915	0.00605699	0.55505	0.983802
22	44940000	44960000	9187	78	16461	9383	0.00849026	0.82305	0.979111
22	44960000	44980000	12062	92	10647	12266	0.00762726	0.53235	0.983369
22	44980000	45000000	12008	112	9744	12172	0.00932712	0.4872	0.986526
22	45000000	45020000	9752	91	8863	9871	0.00933142	0.44315	0.987944
22	45020000	45040000	9949	103	10981	10100	0.0103528	0.54905	0.98505
22	45040000	45060000	8498	70	13724	8594	0.00823723	0.6862	0.988829
22	45060000	45080000	11386	95	9268	11706	0.00834358	0.4634	0.972664
22	45080000	45100000	8779	73	10347	9342	0.0083153	0.51735	0.939735
22	45100000	45120000	10886	106	9610	11002	0.00973728	0.4805	0.989456
22	45120000	45140000	10498	143	6130	10966	0.0136216	0.3065	0.957323
22	45140000	45160000	5944	131	11506	8240	0.022039	0.5753	0.721359
22	45160000	45180000	7706	68	12804	8580	0.00882429	0.6402	0.898135
22	45180000	45200000	9336	67	8880	9627	0.00717652	0.444	0.969773
22	45200000	45220000	11233	104	10047	11504	0.00925843	0.50235	0.976443
22	45220000	45240000	9071	88	12557	9658	0.00970125	0.62785	0.939221
22	45240000	45260000	8140	93	10796	9812	0.0114251	0.5398	0.829596
22	45260000	45280000	7860	69	10730	9554	0.00877863	0.5365	0.822692
22	45280000	45300000	10553	73	7851	11250	0.00691746	0.39255	0.938044
22	45300000	45320000	10637	89	9723	10888	0.00836702	0.48615	0.976947
22	45320000	45340000	12925	130	5325	13306	0.010058	0.26625	0.971366
22	45340000	45360000	11629	95	10440	11769	0.00816923	0.522	0.988104
22	45360000	45380000	11275	94	8356	12156	0.00833703	0.4178	0.927526
22	45380000	45400000	11544	69	7349	13082	0.00597713	0.36745	0.882434
22	45400000	45420000	9033	62	8224	9446	0.00686372	0.4112	0.956278
22	45420000	45440000	10595	69	8489	10772	0.00651251	0.42445	0.983569
22	45440000	45460000	9948	77	9253	10660	0.00774025	0.46265	0.933208
22	45460000	45480000	378	1	10897	11389	0.0026455	0.54485	0.0331899
22	45480000	45500000	0	0	12466	10304		0.6233	0
22	45500000	45520000	0	0	15157	8539		0.75785	0
22	45520000	45540000	1495	14	13651	9809	0.00936455	0.68255	0.152411
22	45540000	45560000	8215	84	13004	10151	0.0102252	0.6502	0.80928
22	45560000	45580000	7775	75	6317	9452	0.0096463	0.31585	0.822577
22	45580000	45600000	9547	91	3737	11204	0.00953179	0.18685	0.852106
22	45600000	45620000	9523	109	10132	10408	0.011446	0.5066	0.914969
22	45620000	45640000	9409	106	5925	11147	0.0112658	0.29625	0.844084
22	45640000	45660000	5802	57	14673	7114	0.0098242	0.73365	0.815575
22	45660000	45680000	6522	62	12713	7184	0.00950629	0.63565	0.907851
22	45680000	45700000	8360	77	11125	9766	0.00921053	0.55625	0.856031
22	45700000	45720000	11152	53	8029	11347	0.00475251	0.40145	0.982815
22	45720000	45740000	11010	74	8052	11128	0.00672116	0.4026	0.989396
22	45740000	45760000	10685	39	9695	10759	0.00364998	0.48475	0.993122
22	45760000	45780000	9408	57	14556	9569	0.00605867	0.7278	0.983175
22	45780000	45800000	10305	38	11806	10369	0.00368753	0.5903	0.993828
22	45800000	45820000	9590	56	12259	9673	0.00583942	0.61295	0.991419
22	45820000	45840000	10323	108	12285	10473	0.0104621	0.61425	0.985677
22	45840000	45860000	9811	75	12081	9900	0.00764448	0.60405	0.99101
22	45860000	45880000	7213	36	14325	7641	0.00499099	0.71625	0.943986
22	45880000	45900000	6660	55	14322	8186	0.00825826	0.7161	0.813584
22	45900000	45920000	11167	77	7697	11397	0.00689532	0.38485	0.979819
22	45920000	45940000	11921	106	5919	12366	0.00889187	0.29595	0.964014
22	45940000	45960000	8679	66	10337	8768	0.00760456	0.51685	0.989849
22	45960000	45980000	12385	99	10369	12508	0.00799354	0.51845	0.990166
22	45980000	46000000	12298	119	4715	12463	0.00967637	0.23575	0.986761
22	46000000	46020000	8542	60	14134	9090	0.00702412	0.7067	0.939714
22	46020000	46040000	10741	90	7639	11171	0.00837911	0.38195	0.961507
22	46040000	46060000	8435	70	15148	9507	0.00829876	0.7574	0.887241
22	46060000	46080000	11190	70	12801	11360	0.00625559	0.64005	0.985035
22	46080000	46100000	10997	74	9568	11092	0.00672911	0.4784	0.991435
22	46100000	46120000	11142	92	10597	11502	0.00825705	0.52985	0.968701
22	46120000	46140000	9815	61	11143	9910	0.00621498	0.55715	0.990414
22	46140000	46160000	11930	62	6179	12373	0.00519698	0.30895	0.964196
22	46160000	46180000	12918	78	10013	13329	0.00603809	0.50065	0.969165
22	46180000	46200000	12090	91	10658	12415	0.00752688	0.5329	0.973822
22	46200000	46220000	12784	148	9891	13202	0.011577	0.49455	0.968338
22	46220000	46240000	13443	141	9898	13702	0.0104887	0.4949	0.981098
22	46240000	46260000	11475	83	13696	11636	0.00723312	0.6848	0.986164
22	46260000	46280000	9530	96	8663	11675	0.0100735	0.43315	0.816274
22	46280000	46300000	10485	121	8121	11601	0.0115403	0.40605	0.903801
22	46300000	46320000	13058	108	4001	13187	0.00827079	0.20005	0.990218
22	46320000	46340000	9953	98	7321	12087	0.00984628	0.36605	0.823447
22	46340000	46360000	12922	128	5715	13459	0.00990559	0.28575	0.960101
22	46360000	46380000	9529	61	4999	11222	0.00640151	0.24995	0.849136
22	46380000	46400000	11334	95	6862	12888	0.00838186	0.3431	0.879423
22	46400000	46420000	11377	75	9183	11482	0.00659225	0.45915	0.990855
22	46420000	46440000	10481	82	7246	10604	0.00782368	0.3623	0.988401
22	46440000	46460000	11523	68	4895	11749	0.00590124	0.24475	0.980764
22	46460000	46480000	11584	55	1102	11754	0.00474793	0.0551	0.985537
22	46480000	46500000	12976	96	2756	13500	0.00739827	0.1378	0.961185
22	46500000	46520000	11592	80	3424	12447	0.00690131	0.1712	0.931309
22	46520000	46540000	11081	87	5353	11882	0.00785128	0.26765	0.932587
22	46540000	46560000	9171	63	6830	9732	0.00686948	0.3415	0.942355
22	46560000	46580000	8195	56	15353	8549	0.00683344	0.76765	0.958592
22	46580000	46600000	9495	93	10826	9593	0.00979463	0.5413	0.989784
22	46600000	46620000	6466	47	14455	6550	0.00726879	0.72275	0.987176
22	46620000	46640000	11430	82	4828	11535	0.0071741	0.2414	0.990897
22	46640000	46660000	12151	72	4621	12466	0.00592544	0.23105	0.974731
22	46660000	46680000	9896	53	9554	10008	0.0053557	0.4777	0.988809
22	46680000	46700000	9862	50	10291	10149	0.00506997	0.51455	0.971721
22	46700000	46720000	10699	82	10305	10907	0.00766427	0.51525	0.98093
22	46720000	46740000	9843	80	7523	10685	0.0081276	0.37615	0.921198
22	46740000	46760000	13201	117	4887	13693	0.00886296	0.24435	0.964069
22	46760000	46780000	6361	64	4768	10455	0.0100613	0.2384	0.608417
22	46780000	46800000	9578	97	7906	10100	0.0101274	0.3953	0.948317
22	46800000	46820000	11206	121	6698	11671	0.0107978	0.3349	0.960158
22	46820000	46840000	10109	89	8840	11183	0.00880404	0.442	0.903961
22	46840000	46860000	11733	94	5952	12276	0.00801159	0.2976	0.955767
22	46860000	46880000	10021	92	8751	10590	0.00918072	0.43755	0.94627
22	46880000	46900000	5601	47	11169	8671	0.00839136	0.55845	0.645946
22	46900000	46920000	10420	114	8279	10570	0.0109405	0.41395	0.985809
22	46920000	46940000	10310	90	5554	10785	0.00872939	0.2777	0.955957
22	46940000	46960000	10184	72	10003	10363	0.00706991	0.50015	0.982727
22	46960000	46980000	9189	85	7981	10678	0.00925019	0.39905	0.860554
22	46980000	47000000	11253	89	5917	11472	0.007909	0.29585	0.98091
22	47000000	47020000	8411	103	5776	8899	0.0122459	0.2888	0.945162
22	47020000	47040000	9614	115	6039	11750	0.0119617	0.30195	0.818213
22	47040000	47060000	6436	63	3499	13995	0.00978869	0.17495	0.459879
22	47060000	47080000	9713	92	4056	11974	0.00947184	0.2028	0.811174
22	47080000	47100000	10942	89	5688	11195	0.0081338	0.2844	0.977401
22	47100000	47120000	9650	92	10962	10443	0.00953368	0.5481	0.924064
22	47120000	47140000	10290	98	7901	10578	0.00952381	0.39505	0.972774
22	47140000	47160000	10658	95	8142	11651	0.00891349	0.4071	0.914771
22	47160000	47180000	10107	82	9515	10291	0.00811319	0.47575	0.98212
22	47180000	47200000	11337	79	7740	12674	0.00696833	0.387	0.894508
22	47200000	47220000	7151	56	10282	9672	0.00783107	0.5141	0.739351
22	47220000	47240000	11187	74	11305	11514	0.00661482	0.56525	0.9716
22	47240000	47260000	12625	108	2944	12807	0.00855446	0.1472	0.985789
22	47260000	47280000	11709	94	10578	12188	0.00802801	0.5289	0.960699
22	47280000	47300000	12556	80	9198	12882	0.00637146	0.4599	0.974693
22	47300000	47320000	11237	98	7393	11867	0.00872119	0.36965	0.946912
22	47320000	47340000	10573	70	10055	10927	0.00662064	0.50275	0.967603
22	47340000	47360000	12667	88	5444	12822	0.00694719	0.2722	0.987911
22	47360000	47380000	12720	85	5149	12930	0.00668239	0.25745	0.983759
22	47380000	47400000	11698	84	8786	11844	0.00718071	0.4393	0.987673
22	47400000	47420000	10936	90	6700	12745	0.0082297	0.335	0.858062
22	47420000	47440000	13125	105	5854	13275	0.008	0.2927	0.988701
22	47440000	47460000	13295	147	2659	13503	0.0110568	0.13295	0.984596
22	47460000	47480000	11200	97	7932	11328	0.00866071	0.3966	0.988701
22	47480000	47500000	11826	135	7662	11999	0.0114155	0.3831	0.985582
22	47500000	47520000	12505	135	8972	12640	0.0107957	0.4486	0.98932
22	47520000	47540000	11409	116	4277	12759	0.0101674	0.21385	0.894192
22	47540000	47560000	13104	127	2563	13475	0.0096917	0.12815	0.972468
22	47560000	47580000	10135	108	6913	10469	0.0106561	0.34565	0.968096
22	47580000	47600000	10474	106	7981	12098	0.0101203	0.39905	0.865763
22	47600000	47620000	10021	94	9218	10279	0.0093803	0.4609	0.9749
22	47620000	47640000	11440	100	14753	11572	0.00874126	0.73765	0.988593
22	47640000	47660000	12398	102	10252	12544	0.00822713	0.5126	0.988361
22	47660000	47680000	14180	98	9093	14399	0.00691114	0.45465	0.984791
22	47680000	47700000	12105	133	5419	13527	0.0109872	0.27095	0.894877
22	47700000	47720000	11561	73	15972	11806	0.00631433	0.7986	0.979248
22	47720000	47740000	11647	97	9863	11998	0.00832832	0.49315	0.970745
22	47740000	47760000	8341	83	12902	8604	0.00995085	0.6451	0.969433
22	47760000	47780000	10651	73	6309	12239	0.00685382	0.31545	0.870251
22	47780000	47800000	13077	134	5509	13533	0.010247	0.27545	0.966305
22	47800000	47820000	11366	86	12858	11494	0.00756643	0.6429	0.988864
22	47820000	47840000	12030	96	11284	12176	0.00798005	0.5642	0.988009
22	47840000	47860000	12597	110	9176	12999	0.00873224	0.4588	0.969075
22	47860000	47880000	10720	92	15499	10867	0.00858209	0.77495	0.986473
22	47880000	47900000	12110	87	12907	12308	0.00718415	0.64535	0.983913
22	47900000	47920000	11924	75	14251	12027	0.00628984	0.71255	0.991436
22	47920000	47940000	10712	113	13384	10854	0.0105489	0.6692	0.986917
22	47940000	47960000	12380	97	8521	12508	0.00783522	0.42605	0.989767
22	47960000	47980000	9180	85	11613	9861	0.00925926	0.58065	0.93094
22	47980000	48000000	10530	105	9868	10727	0.00997151	0.4934	0.981635
22	48000000	48020000	13049	110	7924	13229	0.00842976	0.3962	0.986394
22	48020000	48040000	11536	104	9406	12916	0.00901526	0.4703	0.893156
22	48040000	48060000	9713	69	10354	12334	0.00710388	0.5177	0.787498
22	48060000	48080000	10375	85	9630	12153	0.00819277	0.4815	0.853699
22	48080000	48100000	10082	77	13426	10943	0.00763737	0.6713	0.92132
22	48100000	48120000	11417	105	13440	11551	0.00919681	0.672	0.988399
22	48120000	48140000	9461	86	10292	12206	0.00908995	0.5146	0.775111
22	48140000	48160000	11810	83	13014	11931	0.00702794	0.6507	0.989858
22	48160000	48180000	12055	89	12043	12190	0.00738283	0.60215	0.988925
22	48180000	48200000	13317	125	9549	13466	0.0093865	0.47745	0.988935
22	48200000	48220000	12406	118	7483	12565	0.00951153	0.37415	0.987346
22	48220000	48240000	12774	109	10944	12905	0.00853296	0.5472	0.989849
22	48240000	48260000	10981	98	11034	11101	0.00892451	0.5517	0.98919
22	48260000	48280000	13012	119	14830	13147	0.0091454	0.7415	0.989731
22	48280000	48300000	11878	108	11074	12139	0.00909244	0.5537	0.978499
22	48300000	48320000	12137	99	10844	12293	0.00815688	0.5422	0.98731
22	48320000	48340000	11109	84	12772	11232	0.00756144	0.6386	0.989049
22	48340000	48360000	12540	100	11999	12676	0.00797448	0.59995	0.989271
22	48360000	48380000	11727	104	12985	12146	0.00886842	0.64925	0.965503
22	48380000	48400000	12523	116	9172	12717	0.00926296	0.4586	0.984745
22	48400000	48420000	12650	116	14259	12811	0.00916996	0.71295	0.987433
22	48420000	48440000	11190	92	13961	11638	0.00822163	0.69805	0.961505
22	48440000	48460000	9084	79	7735	11030	0.00869661	0.38675	0.823572
22	48460000	48480000	10285	90	7586	12861	0.00875061	0.3793	0.799705
22	48480000	48500000	10092	90	7706	13288	0.00891795	0.3853	0.759482
22	48500000	48520000	12385	94	10057	12838	0.00758983	0.50285	0.964714
22	48520000	48540000	8870	91	11621	12184	0.0102593	0.58105	0.728004
22	48540000	48560000	11403	139	6648	11993	0.0121898	0.3324	0.950805
22	48560000	48580000	11482	106	5049	14191	0.00923184	0.25245	0.809104
22	48580000	48600000	12694	127	13083	12840	0.0100047	0.65415	0.988629
22	48600000	48620000	13021	100	9871	13213	0.0076799	0.49355	0.985469
22	48620000	48640000	9340	100	9796	12963	0.0107066	0.4898	0.720512
22	48640000	48660000	11848	108	6217	11973	0.00911546	0.31085	0.98956
22	48660000	48680000	12697	139	8246	12859	0.0109475	0.4123	0.987402
22	48680000	48700000	10925	107	12466	11068	0.00979405	0.6233	0.98708
22	48700000	48720000	13574	121	5322	13758	0.0089141	0.2661	0.986626
22	48720000	48740000	12193	138	5926	13594	0.011318	0.2963	0.89694
22	48740000	48760000	11599	106	9056	12013	0.00913872	0.4528	0.965537
22	48760000	48780000	12085	102	7968	12454	0.00844022	0.3984	0.970371
22	48780000	48800000	5820	36	10516	11666	0.00618557	0.5258	0.498886
22	48800000	48820000	11753	109	9630	12029	0.00927423	0.4815	0.977055
22	48820000	48840000	13556	154	4173	14144	0.0113603	0.20865	0.958428
22	48840000	48860000	12147	122	8643	12318	0.0100436	0.43215	0.986118
22	48860000	48880000	10733	90	12290	10887	0.00838535	0.6145	0.985855
22	48880000	48900000	11179	65	3037	12365	0.00581447	0.15185	0.904084
22	48900000	48920000	12714	88	4232	12985	0.0069215	0.2116	0.97913
22	48920000	48940000	9949	101	2454	13287	0.0101518	0.1227	0.748777
22	48940000	48960000	13854	137	2357	14381	0.00988884	0.11785	0.963354
22	48960000	48980000	8577	64	5162	11881	0.00746182	0.2581	0.721909
22	48980000	49000000	11931	121	5808	12771	0.0101416	0.2904	0.934226
22	49000000	49020000	11097	78	4423	12011	0.00702893	0.22115	0.923903
22	49020000	49040000	12081	100	4198	12837	0.00827746	0.2099	0.941108
22	49040000	49060000	14040	93	3543	14202	0.00662393	0.17715	0.988593
22	49060000	49080000	12049	107	4517	12196	0.00888041	0.22585	0.987947
22	49080000	49100000	9982	90	4592	12438	0.00901623	0.2296	0.802541
22	49100000	49120000	11850	92	4032	12633	0.00776371	0.2016	0.938019
22	49120000	49140000	11022	121	8355	11217	0.010978	0.41775	0.982616
22	49140000	49160000	11980	128	5588	13214	0.0106845	0.2794	0.906614
22	49160000	49180000	12554	89	14015	12679	0.00708937	0.70075	0.990141
22	49180000	49200000	11151	107	12216	11350	0.00959555	0.6108	0.982467
22	49200000	49220000	11269	98	8791	11823	0.00869642	0.43955	0.953142
22	49220000	49240000	10103	97	7535	12360	0.00960111	0.37675	0.817395
22	49240000	49260000	6370	51	7096	11068	0.00800628	0.3548	0.575533
22	49260000	49280000	11712	121	10335	12294	0.0103313	0.51675	0.95266
22	49280000	49300000	10857	143	4097	12696	0.0131712	0.20485	0.855151
22	49300000	49320000	10341	98	9618	10499	0.00947684	0.4809	0.984951
22	49320000	49340000	11357	151	11201	12709	0.0132958	0.56005	0.893619
22	49340000	49360000	8479	114	7310	12048	0.013445	0.3655	0.703768
22	49360000	49380000	6894	70	11839	12208	0.0101538	0.59195	0.564712
22	49380000	49400000	7507	69	16991	7790	0.00919142	0.84955	0.963671
22	49400000	49420000	13405	156	4428	13593	0.0116374	0.2214	0.986169
22	49420000	49440000	13575	151	4484	13839	0.0111234	0.2242	0.980923
22	49440000	49460000	12419	217	5675	12816	0.0174732	0.28375	0.969023
22	49460000	49480000	10901	125	7416	12371	0.0114668	0.3708	0.881174
22	49480000	49500000	10412	85	4684	13147	0.00816366	0.2342	0.791968
22	49500000	49520000	12839	133	5552	13480	0.0103591	0.2776	0.952448
22	49520000	49540000	10703	138	12365	11491	0.0128936	0.61825	0.931425
22	49540000	49560000	10989	134	4392	13249	0.012194	0.2196	0.829421
22	49560000	49580000	12214	152	8238	12563	0.0124447	0.4119	0.97222
22	49580000	49600000	10786	129	4881	12429	0.0119599	0.24405	0.867809
22	49600000	49620000	10035	119	10102	12341	0.0118585	0.5051	0.813143
22	49620000	49640000	13058	152	6851	13387	0.0116404	0.34255	0.975424
22	49640000	49660000	12812	118	8330	12965	0.00921012	0.4165	0.988199
22	49660000	49680000	11431	103	8948	12077	0.00901059	0.4474	0.94651
22	49680000	49700000	8334	78	5731	14263	0.00935925	0.28655	0.584309
22	49700000	49720000	10139	116	10509	12267	0.011441	0.52545	0.826526
22	49720000	49740000	11152	122	11301	11325	0.0109397	0.56505	0.984724
22	49740000	49760000	12036	82	8838	12193	0.00681289	0.4419	0.987124
22	49760000	49780000	12813	153	5522	13060	0.011941	0.2761	0.981087
22	49780000	49800000	10444	116	7809	11370	0.0111069	0.39045	0.918558
22	49800000	49820000	5190	42	8084	11895	0.00809249	0.4042	0.436318
22	49820000	49840000	8419	72	10325	10799	0.00855208	0.51625	0.779609
22	49840000	49860000	4058	30	7488	12098	0.0073928	0.3744	0.335427
22	49860000	49880000	11640	105	8665	11822	0.00902062	0.43325	0.984605
22	49880000	49900000	7714	54	7354	11255	0.00700026	0.3677	0.685384
22	49900000	49920000	12609	110	9683	12839	0.00872393	0.48415	0.982086
22	49920000	49940000	11647	117	5660	12706	0.0100455	0.283	0.916654
22	49940000	49960000	7993	96	7662	8713	0.0120105	0.3831	0.917365
22	49960000	49980000	4864	55	6801	11838	0.0113076	0.34005	0.41088
22	49980000	50000000	0	0	6400	12479		0.32	0
22	50000000	50020000	0	0	6093	12920		0.30465	0
22	50020000	50040000	7391	61	2537	11821	0.00825328	0.12685	0.625243
22	50040000	50060000	12133	120	6527	12553	0.00989038	0.32635	0.966542
22	50060000	50080000	1791	21	10169	10103	0.0117253	0.50845	0.177274
22	50080000	50100000	11540	81	6716	12370	0.00701906	0.3358	0.932902
22	50100000	50120000	11333	99	9877	12181	0.00873555	0.49385	0.930383
22	50120000	50140000	8824	87	13583	9201	0.00985947	0.67915	0.959026
22	50140000	50160000	6416	66	9295	9889	0.0102868	0.46475	0.648802
22	50160000	50180000	11620	85	2507	11932	0.00731497	0.12535	0.973852
22	50180000	50200000	12613	79	1959	13170	0.00626338	0.09795	0.957707
22	50200000	50220000	9880	58	8321	10118	0.00587045	0.41605	0.976478
22	50220000	50240000	7334	56	14577	7700	0.00763567	0.72885	0.952468
22	50240000	50260000	7698	59	9239	7912	0.00766433	0.46195	0.972952
22	50260000	50280000	7805	79	13982	8297	0.0101217	0.6991	0.940701
22	50280000	50300000	9539	57	12076	9658	0.00597547	0.6038	0.987679
22	50300000	50320000	10564	77	5369	10715	0.00728891	0.26845	0.985908
22	50320000	50340000	8793	77	6665	9176	0.00875697	0.33325	0.958261
22	50340000	50360000	10769	108	984	11496	0.0100288	0.0492	0.936761
22	50360000	50380000	3078	36	343	3147	0.0116959	0.01715	0.978074
22	50380000	50400000	0	0	0	0		0	
22	50400000	50420000	0	0	4997	2027		0.24985	0
22	50420000	50440000	5733	66	10907	8864	0.0115123	0.54535	0.646773
22	50440000	50460000	9965	115	6924	10313	0.0115404	0.3462	0.966256
22	50460000	50480000	8702	109	8938	8960	0.0125259	0.4469	0.971205
22	50480000	50500000	9092	91	8613	9966	0.0100088	0.43065	0.912302
22	50500000	50520000	8312	67	7349	9324	0.00806064	0.36745	0.891463
22	50520000	50540000	8840	55	9579	9851	0.00622172	0.47895	0.897371
22	50540000	50560000	9564	75	9557	10136	0.00784191	0.47785	0.943567
22	50560000	50580000	8720	52	13998	8803	0.0059633	0.6999	0.990571
22	50580000	50600000	10240	63	6547	11622	0.00615234	0.32735	0.881088
22	50600000	50620000	9017	46	5221	9637	0.00510147	0.26105	0.935665
22	50620000	50640000	9784	67	3023	10630	0.00684791	0.15115	0.920414
22	50640000	50660000	9766	53	7604	10459	0.00542699	0.3802	0.933741
22	50660000	50680000	8155	38	6409	9094	0.00465972	0.32045	0.896745
22	50680000	50700000	10991	59	3089	11424	0.00536803	0.15445	0.962097
22	50700000	50720000	7343	37	2510	11460	0.00503881	0.1255	0.64075
22	50720000	50740000	10886	86	2312	11669	0.00790006	0.1156	0.932899
22	50740000	50760000	10482	72	2332	12170	0.00686892	0.1166	0.861298
22	50760000	50780000	2950	18	16960	3714	0.00610169	0.848	0.794292
22	50780000	50800000	2857	20	12697	5456	0.00700035	0.63485	0.523644
22	50800000	50820000	5332	36	14711	6394	0.00675169	0.73555	0.833907
22	50820000	50840000	6814	24	12693	7058	0.00352216	0.63465	0.965429
22	50840000	50860000	7762	40	9506	8934	0.00515331	0.4753	0.868816
22	50860000	50880000	7599	73	6297	7828	0.00960653	0.31485	0.970746
22	50880000	50900000	9622	57	5558	9777	0.00592392	0.2779	0.984146
22	50900000	50920000	10873	73	3580	11602	0.00671388	0.179	0.937166
22	50920000	50940000	3811	32	9803	7159	0.00839675	0.49015	0.532337
22	50940000	50960000	2976	17	6894	9416	0.00571237	0.3447	0.316058
22	50960000	50980000	8500	60	6850	8754	0.00705882	0.3425	0.970985
22	50980000	51000000	8507	64	9501	9162	0.00752322	0.47505	0.928509
22	51000000	51020000	10245	45	6068	11601	0.00439239	0.3034	0.883114
22	51020000	51040000	7120	46	13564	8955	0.00646067	0.6782	0.795087
22	51040000	51060000	8758	46	7495	9810	0.00525234	0.37475	0.892762
22	51060000	51080000	4282	26	13739	4448	0.00607193	0.68695	0.96268
22	51080000	51100000	4491	57	15880	5391	0.0126921	0.794	0.833055
22	51100000	51120000	8153	68	9015	8646	0.00834049	0.45075	0.942979
22	51120000	51140000	10123	70	7203	10430	0.00691495	0.36015	0.970566
22	51140000	51160000	12523	81	4224	13200	0.0064681	0.2112	0.948712
22	51160000	51180000	12819	70	1873	13048	0.00546064	0.09365	0.982449
22	51180000	51200000	30	3	12041	38	0.1	0.60205	0.789474
22	51200000	51220000	15	1	9790	17	0.0666667	0.4895	0.882353
22	51220000	51240000	0	0	10741	9		0.53705	0
22	51240000	51260000	0	0	3772	0		0.1886	
22	51260000	51280000	0	0	0	0		0	
22	51280000	51300000	0	0	0	0		0	
22	51300000	51320000	0	0	0	0		0	
