chrom	start	end	anc_valid_bp	hum_sub	repeat_bp	mask_bp	sub_rate	repeat_frac	anc_cov
20	0	20000	0	0	0	0		0	
20	20000	40000	0	0	0	0		0	
20	40000	60000	0	0	0	0		0	
20	60000	80000	0	0	12711	9732		0.63555	0
20	80000	100000	7830	55	16641	9204	0.00702427	0.83205	0.850717
20	100000	120000	6662	33	17492	6784	0.00495347	0.8746	0.982017
20	120000	140000	12060	83	10692	12262	0.00688226	0.5346	0.983526
20	140000	160000	5620	36	17185	5831	0.00640569	0.85925	0.963814
20	160000	180000	122	2	14679	5934	0.0163934	0.73395	0.0205595
20	180000	200000	6811	45	12857	10888	0.00660696	0.64285	0.625551
20	200000	220000	9134	47	12947	9299	0.00514561	0.64735	0.982256
20	220000	240000	8494	58	14675	9053	0.00682835	0.73375	0.938253
20	240000	260000	10894	86	12254	11155	0.00789425	0.6127	0.976602
20	260000	280000	9819	72	12486	10237	0.00733272	0.6243	0.959168
20	280000	300000	7163	43	14226	8851	0.00600307	0.7113	0.809287
20	300000	320000	7370	52	11815	8724	0.00705563	0.59075	0.844796
20	320000	340000	8490	81	12388	9845	0.00954064	0.6194	0.862367
20	340000	360000	9377	56	13213	10013	0.00597206	0.66065	0.936483
20	360000	380000	8286	61	11713	9789	0.00736182	0.58565	0.84646
20	380000	400000	9316	49	14920	9420	0.00525977	0.746	0.98896
20	400000	420000	12012	80	7545	12257	0.00666001	0.37725	0.980011
20	420000	440000	7174	51	10042	8018	0.007109	0.5021	0.894737
20	440000	460000	7071	59	13761	7181	0.00834394	0.68805	0.984682
20	460000	480000	9225	53	7068	11366	0.00574526	0.3534	0.811631
20	480000	500000	10194	69	8921	10320	0.00676869	0.44605	0.987791
20	500000	520000	8534	46	12620	8644	0.0053902	0.631	0.987274
20	520000	540000	10769	67	14539	11123	0.00622156	0.72695	0.968174
20	540000	560000	11161	71	11276	11443	0.00636144	0.5638	0.975356
20	560000	580000	8798	59	14462	9316	0.00670607	0.7231	0.944397
20	580000	600000	11834	91	9905	12414	0.00768971	0.49525	0.953279
20	600000	620000	12108	71	13322	12240	0.00586389	0.6661	0.989216
20	620000	640000	10736	121	12398	11085	0.0112705	0.6199	0.968516
20	640000	660000	11402	88	5870	12676	0.00771794	0.2935	0.899495
20	660000	680000	12617	93	13271	12749	0.00737101	0.66355	0.989646
20	680000	700000	11924	80	11200	12210	0.00670916	0.56	0.976577
20	700000	720000	9394	103	11759	10402	0.0109644	0.58795	0.903096
20	720000	740000	8561	79	15553	8673	0.00922789	0.77765	0.987086
20	740000	760000	10976	101	10357	11288	0.0092019	0.51785	0.97236
20	760000	780000	115	0	19705	1912	0	0.98525	0.0601464
20	780000	800000	0	0	17435	4876		0.87175	0
20	800000	820000	9499	65	12138	10268	0.00684283	0.6069	0.925107
20	820000	840000	11902	92	8718	12036	0.00772979	0.4359	0.988867
20	840000	860000	12380	74	8818	12978	0.00597738	0.4409	0.953922
20	860000	880000	8421	59	10364	12329	0.00700629	0.5182	0.683024
20	880000	900000	12075	93	10678	12891	0.00770186	0.5339	0.9367
20	900000	920000	11038	93	14576	11185	0.00842544	0.7288	0.986857
20	920000	940000	10806	69	11837	11365	0.00638534	0.59185	0.950814
20	940000	960000	12013	92	9371	13850	0.00765837	0.46855	0.867365
20	960000	980000	12852	105	10744	12984	0.00816993	0.5372	0.989834
20	980000	1000000	12293	63	10632	12879	0.00512487	0.5316	0.9545
20	1000000	1020000	12238	88	12350	12356	0.00719072	0.6175	0.99045
20	1020000	1040000	13826	87	11048	14003	0.00629249	0.5524	0.98736
20	1040000	1060000	7758	61	14210	12331	0.00786285	0.7105	0.629146
20	1060000	1080000	10186	59	11401	12556	0.00579226	0.57005	0.811246
20	1080000	1100000	10318	62	13830	10412	0.00600892	0.6915	0.990972
20	1100000	1120000	12107	91	11591	12193	0.00751631	0.57955	0.992947
20	1120000	1140000	10680	76	15004	10767	0.0071161	0.7502	0.99192
20	1140000	1160000	12756	102	5727	14076	0.00799624	0.28635	0.906223
20	1160000	1180000	12054	81	10507	12262	0.00671976	0.52535	0.983037
20	1180000	1200000	10132	61	13787	10373	0.00602053	0.68935	0.976767
20	1200000	1220000	9136	57	11697	9201	0.00623905	0.58485	0.992936
20	1220000	1240000	11471	61	9007	11568	0.00531776	0.45035	0.991615
20	1240000	1260000	11732	60	10886	11829	0.00511422	0.5443	0.9918
20	1260000	1280000	14271	73	6946	14403	0.00511527	0.3473	0.990835
20	1280000	1300000	12608	84	6339	12862	0.00666244	0.31695	0.980252
20	1300000	1320000	12934	97	8999	13837	0.00749961	0.44995	0.93474
20	1320000	1340000	6355	51	17757	6423	0.00802518	0.88785	0.989413
20	1340000	1360000	11681	82	7009	11843	0.00701995	0.35045	0.986321
20	1360000	1380000	11374	72	11022	11473	0.00633023	0.5511	0.991371
20	1380000	1400000	8648	70	15309	9477	0.00809436	0.76545	0.912525
20	1400000	1420000	10356	83	15157	10481	0.00801468	0.75785	0.988074
20	1420000	1440000	14128	92	4740	14228	0.00651189	0.237	0.992972
20	1440000	1460000	13276	97	9735	13404	0.00730642	0.48675	0.990451
20	1460000	1480000	9444	81	15920	9672	0.00857687	0.796	0.976427
20	1480000	1500000	12441	93	12581	12703	0.00747528	0.62905	0.979375
20	1500000	1520000	11431	85	13622	11754	0.00743592	0.6811	0.97252
20	1520000	1540000	8841	85	13598	8997	0.0096143	0.6799	0.982661
20	1540000	1560000	2711	31	8999	7600	0.0114349	0.44995	0.356711
20	1560000	1580000	2990	17	10243	3026	0.00568562	0.51215	0.988103
20	1580000	1600000	1100	4	10760	3732	0.00363636	0.538	0.294748
20	1600000	1620000	0	0	9199	11268		0.45995	0
20	1620000	1640000	0	0	13560	7228		0.678	0
20	1640000	1660000	4695	49	9529	10901	0.0104366	0.47645	0.430694
20	1660000	1680000	8463	53	11144	9839	0.00626255	0.5572	0.860148
20	1680000	1700000	5537	48	15074	9481	0.00866895	0.7537	0.58401
20	1700000	1720000	1427	9	14373	7275	0.00630694	0.71865	0.196151
20	1720000	1740000	8488	58	13000	8579	0.00683318	0.65	0.989393
20	1740000	1760000	4779	51	10741	11693	0.0106717	0.53705	0.408706
20	1760000	1780000	12198	93	14704	12338	0.0076242	0.7352	0.988653
20	1780000	1800000	12246	98	11060	13774	0.00800261	0.553	0.889066
20	1800000	1820000	13986	67	11008	14159	0.0047905	0.5504	0.987782
20	1820000	1840000	12572	74	11765	12682	0.0058861	0.58825	0.991326
20	1840000	1860000	13211	83	9286	13366	0.00628264	0.4643	0.988403
20	1860000	1880000	12970	91	7997	13496	0.00701619	0.39985	0.961025
20	1880000	1900000	12358	115	8724	12581	0.00930571	0.4362	0.982275
20	1900000	1920000	12621	81	6672	12743	0.00641787	0.3336	0.990426
20	1920000	1940000	13125	95	10925	13259	0.0072381	0.54625	0.989894
20	1940000	1960000	12979	100	10622	13273	0.00770475	0.5311	0.97785
20	1960000	1980000	14365	116	7864	14525	0.00807518	0.3932	0.988985
20	1980000	2000000	12890	88	15440	13045	0.006827	0.772	0.988118
20	2000000	2020000	12701	94	11811	12862	0.00740099	0.59055	0.987483
20	2020000	2040000	11779	65	15643	11899	0.0055183	0.78215	0.989915
20	2040000	2060000	7234	69	16904	7699	0.00953829	0.8452	0.939603
20	2060000	2080000	10950	81	13273	11960	0.00739726	0.66365	0.915552
20	2080000	2100000	12222	71	5938	12332	0.0058092	0.2969	0.99108
20	2100000	2120000	13071	72	6882	13192	0.00550838	0.3441	0.990828
20	2120000	2140000	13738	80	7708	13895	0.00582326	0.3854	0.988701
20	2140000	2160000	12301	102	12115	12438	0.00829201	0.60575	0.988985
20	2160000	2180000	11014	75	11389	11935	0.00680952	0.56945	0.922832
20	2180000	2200000	10343	91	11707	10480	0.00879822	0.58535	0.986927
20	2200000	2220000	10595	87	12112	10716	0.00821142	0.6056	0.988708
20	2220000	2240000	7634	79	14306	8742	0.0103484	0.7153	0.873256
20	2240000	2260000	7137	52	13432	7248	0.00728597	0.6716	0.984685
20	2260000	2280000	12182	83	8097	12299	0.00681333	0.40485	0.990487
20	2280000	2300000	11495	71	9407	12252	0.0061766	0.47035	0.938214
20	2300000	2320000	11985	106	6942	13574	0.00884439	0.3471	0.882938
20	2320000	2340000	12674	95	12829	12789	0.00749566	0.64145	0.991008
20	2340000	2360000	10030	76	15337	10412	0.00757727	0.76685	0.963312
20	2360000	2380000	12598	91	9522	13449	0.00722337	0.4761	0.936724
20	2380000	2400000	10730	82	13325	10837	0.00764212	0.66625	0.990126
20	2400000	2420000	7649	61	14647	8764	0.0079749	0.73235	0.872775
20	2420000	2440000	9723	70	16110	9853	0.00719942	0.8055	0.986806
20	2440000	2460000	11360	86	9052	11478	0.00757042	0.4526	0.989719
20	2460000	2480000	11599	89	9246	11735	0.00767308	0.4623	0.988411
20	2480000	2500000	7443	65	13511	7511	0.00873304	0.67555	0.990947
20	2500000	2520000	11359	78	8250	11482	0.0068668	0.4125	0.989288
20	2520000	2540000	8103	68	15843	8198	0.00839195	0.79215	0.988412
20	2540000	2560000	9920	66	12367	9994	0.00665323	0.61835	0.992596
20	2560000	2580000	9866	74	12375	10445	0.00750051	0.61875	0.944567
20	2580000	2600000	11124	60	9985	11533	0.00539374	0.49925	0.964537
20	2600000	2620000	10066	73	14345	10182	0.00725214	0.71725	0.988607
20	2620000	2640000	10203	55	6953	10281	0.00539057	0.34765	0.992413
20	2640000	2660000	10781	49	12750	10878	0.00454503	0.6375	0.991083
20	2660000	2680000	9160	78	8467	9521	0.00851528	0.42335	0.962084
20	2680000	2700000	10940	87	12003	11298	0.00795247	0.60015	0.968313
20	2700000	2720000	10786	84	15499	10895	0.00778787	0.77495	0.989995
20	2720000	2740000	9669	62	5103	12628	0.00641225	0.25515	0.765679
20	2740000	2760000	8930	56	12941	9383	0.006271	0.64705	0.951721
20	2760000	2780000	4632	21	13048	10262	0.00453368	0.6524	0.451374
20	2780000	2800000	10263	78	11369	10418	0.00760012	0.56845	0.985122
20	2800000	2820000	7013	34	11992	8161	0.00484814	0.5996	0.859331
20	2820000	2840000	7966	35	14411	8164	0.00439367	0.72055	0.975747
20	2840000	2860000	12260	60	5297	12436	0.00489396	0.26485	0.985848
20	2860000	2880000	8620	34	14918	9069	0.00394432	0.7459	0.950491
20	2880000	2900000	8310	48	14767	8393	0.00577617	0.73835	0.990111
20	2900000	2920000	8663	31	13471	8702	0.00357844	0.67355	0.995518
20	2920000	2940000	8802	27	14519	9023	0.00306748	0.72595	0.975507
20	2940000	2960000	9658	51	11905	9739	0.0052806	0.59525	0.991683
20	2960000	2980000	10600	51	11608	11611	0.00481132	0.5804	0.912927
20	2980000	3000000	9768	51	10802	9850	0.00522113	0.5401	0.991675
20	3000000	3020000	11396	69	8110	11500	0.00605476	0.4055	0.990957
20	3020000	3040000	9549	89	8470	9655	0.00932035	0.4235	0.989021
20	3040000	3060000	6024	36	15425	7368	0.0059761	0.77125	0.81759
20	3060000	3080000	8531	60	11186	8970	0.00703317	0.5593	0.951059
20	3080000	3100000	9352	54	10028	9880	0.00577417	0.5014	0.946559
20	3100000	3120000	8267	41	11800	8311	0.00495948	0.59	0.994706
20	3120000	3140000	8174	40	11081	8237	0.00489356	0.55405	0.992352
20	3140000	3160000	10743	48	6566	10835	0.00446803	0.3283	0.991509
20	3160000	3180000	8657	52	10862	8983	0.0060067	0.5431	0.963709
20	3180000	3200000	7581	57	10832	7659	0.0075188	0.5416	0.989816
20	3200000	3220000	10806	107	5262	11203	0.00990191	0.2631	0.964563
20	3220000	3240000	10713	74	6151	10876	0.0069075	0.30755	0.985013
20	3240000	3260000	8596	36	10822	8661	0.00418799	0.5411	0.992495
20	3260000	3280000	8986	40	8971	9296	0.00445137	0.44855	0.966652
20	3280000	3300000	9623	50	10547	10313	0.00519588	0.52735	0.933094
20	3300000	3320000	10455	34	9306	10561	0.00325203	0.4653	0.989963
20	3320000	3340000	10768	53	11193	10883	0.00492199	0.55965	0.989433
20	3340000	3360000	7596	53	11044	7857	0.00697736	0.5522	0.966781
20	3360000	3380000	8659	32	13548	8749	0.00369558	0.6774	0.989713
20	3380000	3400000	8331	42	12105	8504	0.00504141	0.60525	0.979657
20	3400000	3420000	7761	53	15370	7876	0.00682902	0.7685	0.985399
20	3420000	3440000	7882	64	15590	8469	0.00811977	0.7795	0.930688
20	3440000	3460000	8782	63	11018	9373	0.00717376	0.5509	0.936947
20	3460000	3480000	7178	33	13948	8761	0.00459738	0.6974	0.819313
20	3480000	3500000	7587	40	17768	7655	0.00527218	0.8884	0.991117
20	3500000	3520000	7442	34	16821	7502	0.00456866	0.84105	0.992002
20	3520000	3540000	12050	49	10359	12137	0.00406639	0.51795	0.992832
20	3540000	3560000	11119	39	8067	11199	0.00350751	0.40335	0.992857
20	3560000	3580000	12098	50	9437	12178	0.00413291	0.47185	0.993431
20	3580000	3600000	9586	66	11647	9804	0.00688504	0.58235	0.977764
20	3600000	3620000	11415	83	9090	12389	0.00727113	0.4545	0.921382
20	3620000	3640000	12387	94	9495	12710	0.0075886	0.47475	0.974587
20	3640000	3660000	11531	76	4323	12598	0.00659093	0.21615	0.915304
20	3660000	3680000	12741	96	4724	12844	0.00753473	0.2362	0.991981
20	3680000	3700000	9926	76	9280	10230	0.00765666	0.464	0.970283
20	3700000	3720000	8998	55	10283	9613	0.00611247	0.51415	0.936024
20	3720000	3740000	12953	65	4069	13050	0.00501814	0.20345	0.992567
20	3740000	3760000	8823	59	8920	9969	0.00668707	0.446	0.885044
20	3760000	3780000	6180	54	7879	9515	0.00873786	0.39395	0.649501
20	3780000	3800000	10442	51	7553	10605	0.00488412	0.37765	0.98463
20	3800000	3820000	6803	51	13599	7447	0.00749669	0.67995	0.913522
20	3820000	3840000	5607	41	13228	6144	0.00731229	0.6614	0.912598
20	3840000	3860000	9193	48	10121	9485	0.00522136	0.50605	0.969215
20	3860000	3880000	4400	18	11451	6342	0.00409091	0.57255	0.693787
20	3880000	3900000	5817	26	11970	5966	0.00446966	0.5985	0.975025
20	3900000	3920000	11159	65	5380	11388	0.00582489	0.269	0.979891
20	3920000	3940000	7603	31	15929	7971	0.00407734	0.79645	0.953833
20	3940000	3960000	8534	46	14328	8681	0.0053902	0.7164	0.983066
20	3960000	3980000	8728	44	11223	9011	0.00504125	0.56115	0.968594
20	3980000	4000000	9139	40	8934	9807	0.00437685	0.4467	0.931885
20	4000000	4020000	6331	32	13600	8290	0.00505449	0.68	0.763691
20	4020000	4040000	3565	33	12390	11012	0.00925666	0.6195	0.323738
20	4040000	4060000	12083	101	11111	12220	0.00835885	0.55555	0.988789
20	4060000	4080000	9041	59	14963	9655	0.00652583	0.74815	0.936406
20	4080000	4100000	10948	83	14328	11164	0.00758129	0.7164	0.980652
20	4100000	4120000	8284	41	14833	8825	0.0049493	0.74165	0.938697
20	4120000	4140000	9944	58	11158	10105	0.00583266	0.5579	0.984067
20	4140000	4160000	11424	47	5447	12099	0.00411415	0.27235	0.94421
20	4160000	4180000	11789	68	10198	11911	0.00576809	0.5099	0.989757
20	4180000	4200000	7951	65	13852	8047	0.00817507	0.6926	0.98807
20	4200000	4220000	11974	103	8917	12299	0.00860197	0.44585	0.973575
20	4220000	4240000	8414	72	7132	13848	0.00855717	0.3566	0.607597
20	4240000	4260000	8781	45	13712	10870	0.0051247	0.6856	0.80782
20	4260000	4280000	7314	41	13034	7557	0.00560569	0.6517	0.967844
20	4280000	4300000	12471	99	9675	12573	0.00793842	0.48375	0.991887
20	4300000	4320000	14140	117	7195	14274	0.0082744	0.35975	0.990612
20	4320000	4340000	10408	58	14262	10492	0.00557264	0.7131	0.991994
20	4340000	4360000	11699	81	10379	11797	0.00692367	0.51895	0.991693
20	4360000	4380000	8816	86	17109	8906	0.00975499	0.85545	0.989894
20	4380000	4400000	13037	119	10813	13207	0.00912787	0.54065	0.987128
20	4400000	4420000	11151	81	10412	11544	0.00726392	0.5206	0.965956
20	4420000	4440000	11798	79	10043	11933	0.00669605	0.50215	0.988687
20	4440000	4460000	12866	65	10586	12985	0.00505208	0.5293	0.990836
20	4460000	4480000	9953	81	10397	11403	0.00813825	0.51985	0.87284
20	4480000	4500000	12267	84	11626	12415	0.00684764	0.5813	0.988079
20	4500000	4520000	8967	81	16498	9080	0.00903312	0.8249	0.987555
20	4520000	4540000	12853	90	12308	12976	0.00700226	0.6154	0.990521
20	4540000	4560000	12812	93	14395	13323	0.00725882	0.71975	0.961645
20	4560000	4580000	9848	83	12402	9939	0.00842811	0.6201	0.990844
20	4580000	4600000	10519	75	9980	11479	0.00712996	0.499	0.916369
20	4600000	4620000	6470	31	15216	6523	0.00479134	0.7608	0.991875
20	4620000	4640000	8523	44	16637	8627	0.0051625	0.83185	0.987945
20	4640000	4660000	9248	64	13604	9352	0.00692042	0.6802	0.988879
20	4660000	4680000	10870	80	10726	10999	0.00735971	0.5363	0.988272
20	4680000	4700000	11882	94	9296	12000	0.00791113	0.4648	0.990167
20	4700000	4720000	12467	106	6275	12678	0.00850245	0.31375	0.983357
20	4720000	4740000	8073	66	15093	8146	0.0081754	0.75465	0.991039
20	4740000	4760000	10795	88	10331	10951	0.00815192	0.51655	0.985755
20	4760000	4780000	11760	105	5703	11877	0.00892857	0.28515	0.990149
20	4780000	4800000	9491	89	9179	11799	0.0093773	0.45895	0.80439
20	4800000	4820000	11889	64	9611	12006	0.00538313	0.48055	0.990255
20	4820000	4840000	9015	61	9412	10545	0.0067665	0.4706	0.854908
20	4840000	4860000	13339	102	7198	13488	0.00764675	0.3599	0.988953
20	4860000	4880000	13576	78	4761	13741	0.00574543	0.23805	0.987992
20	4880000	4900000	10990	84	8550	11092	0.00764331	0.4275	0.990804
20	4900000	4920000	10938	47	6879	11626	0.00429695	0.34395	0.940822
20	4920000	4940000	10165	64	9045	10241	0.00629611	0.45225	0.992579
20	4940000	4960000	8390	65	10042	8479	0.00774732	0.5021	0.989503
20	4960000	4980000	6885	44	13809	7059	0.0063907	0.69045	0.975351
20	4980000	5000000	6748	39	12714	7687	0.00577949	0.6357	0.877846
20	5000000	5020000	4407	33	16160	4774	0.00748809	0.808	0.923125
20	5020000	5040000	6193	32	15093	6454	0.00516712	0.75465	0.95956
20	5040000	5060000	7775	51	14386	8062	0.00655949	0.7193	0.964401
20	5060000	5080000	6827	47	12959	6950	0.00688443	0.64795	0.982302
20	5080000	5100000	6704	46	9822	6786	0.00686158	0.4911	0.987916
20	5100000	5120000	7231	42	10083	7425	0.00580833	0.50415	0.973872
20	5120000	5140000	10558	69	10459	10732	0.00653533	0.52295	0.983787
20	5140000	5160000	12184	85	6582	12459	0.00697636	0.3291	0.977928
20	5160000	5180000	12981	67	6049	13156	0.00516139	0.30245	0.986698
20	5180000	5200000	10177	100	12548	10353	0.00982608	0.6274	0.983
20	5200000	5220000	8949	77	14131	9037	0.00860431	0.70655	0.990262
20	5220000	5240000	5265	39	18156	5292	0.00740741	0.9078	0.994898
20	5240000	5260000	10298	71	12193	10604	0.00689454	0.60965	0.971143
20	5260000	5280000	7013	71	11752	7465	0.0101241	0.5876	0.939451
20	5280000	5300000	7346	46	8994	9671	0.00626191	0.4497	0.759591
20	5300000	5320000	10715	72	11786	10821	0.00671955	0.5893	0.990204
20	5320000	5340000	11721	72	11348	11836	0.00614282	0.5674	0.990284
20	5340000	5360000	12568	63	10965	12684	0.00501273	0.54825	0.990855
20	5360000	5380000	8188	45	13641	8262	0.00549585	0.68205	0.991043
20	5380000	5400000	10786	72	11194	11241	0.00667532	0.5597	0.959523
20	5400000	5420000	10234	87	11206	10906	0.00850107	0.5603	0.938383
20	5420000	5440000	6784	63	14666	6859	0.00928656	0.7333	0.989065
20	5440000	5460000	6051	55	11610	6159	0.00908941	0.5805	0.982465
20	5460000	5480000	10917	96	9644	11483	0.00879362	0.4822	0.95071
20	5480000	5500000	5568	60	10521	5657	0.0107759	0.52605	0.984267
20	5500000	5520000	7127	67	14823	8351	0.00940087	0.74115	0.853431
20	5520000	5540000	4238	34	11110	9377	0.00802265	0.5555	0.451957
20	5540000	5560000	9583	74	5979	9700	0.00772201	0.29895	0.987938
20	5560000	5580000	9589	56	7111	9653	0.00584003	0.35555	0.99337
20	5580000	5600000	6630	30	9647	6701	0.00452489	0.48235	0.989405
20	5600000	5620000	4645	36	15347	4908	0.00775027	0.76735	0.946414
20	5620000	5640000	7364	48	13143	7486	0.0065182	0.65715	0.983703
20	5640000	5660000	7679	49	12815	8515	0.00638104	0.64075	0.90182
20	5660000	5680000	8595	75	13608	8727	0.008726	0.6804	0.984875
20	5680000	5700000	7539	54	12851	7626	0.00716275	0.64255	0.988592
20	5700000	5720000	9135	47	11022	9250	0.00514505	0.5511	0.987568
20	5720000	5740000	4445	35	16352	5092	0.00787402	0.8176	0.872938
20	5740000	5760000	6240	43	13160	7297	0.00689103	0.658	0.855146
20	5760000	5780000	6915	47	11563	8272	0.00679682	0.57815	0.835953
20	5780000	5800000	7092	36	11003	8628	0.00507614	0.55015	0.821975
20	5800000	5820000	11376	49	9455	11496	0.00430731	0.47275	0.989562
20	5820000	5840000	10665	52	10373	10763	0.00487576	0.51865	0.990895
20	5840000	5860000	11107	87	12725	11214	0.0078329	0.63625	0.990458
20	5860000	5880000	10952	97	11710	11097	0.00885683	0.5855	0.986933
20	5880000	5900000	11582	68	7875	11716	0.00587118	0.39375	0.988563
20	5900000	5920000	12187	82	7785	12311	0.00672848	0.38925	0.989928
20	5920000	5940000	12569	57	5374	12689	0.00453497	0.2687	0.990543
20	5940000	5960000	10517	67	10317	10596	0.00637064	0.51585	0.992544
20	5960000	5980000	11524	73	9095	11691	0.00633461	0.45475	0.985716
20	5980000	6000000	10577	57	8132	10657	0.00538905	0.4066	0.992493
20	6000000	6020000	9701	51	11417	9768	0.00525719	0.57085	0.993141
20	6020000	6040000	11686	63	7918	11888	0.00539107	0.3959	0.983008
20	6040000	6060000	11020	73	10819	11210	0.00662432	0.54095	0.983051
20	6060000	6080000	8629	82	9346	10347	0.00950284	0.4673	0.833962
20	6080000	6100000	9657	80	10216	9857	0.00828415	0.5108	0.97971
20	6100000	6120000	11954	84	9770	12070	0.00702694	0.4885	0.990389
20	6120000	6140000	8254	58	15000	8327	0.0070269	0.75	0.991233
20	6140000	6160000	12247	73	12244	12358	0.00596064	0.6122	0.991018
20	6160000	6180000	9840	62	14241	9947	0.00630081	0.71205	0.989243
20	6180000	6200000	7713	58	13110	8014	0.00751977	0.6555	0.962441
20	6200000	6220000	10716	74	10025	11994	0.00690556	0.50125	0.893447
20	6220000	6240000	11366	74	10549	11502	0.00651065	0.52745	0.988176
20	6240000	6260000	12032	65	6888	12411	0.00540226	0.3444	0.969463
20	6260000	6280000	11322	68	10019	11479	0.00600601	0.50095	0.986323
20	6280000	6300000	9024	47	12190	10131	0.00520833	0.6095	0.890731
20	6300000	6320000	4771	48	16686	5245	0.0100608	0.8343	0.909628
20	6320000	6340000	11638	90	8815	11759	0.00773329	0.44075	0.98971
20	6340000	6360000	9290	74	13914	9730	0.00796555	0.6957	0.954779
20	6360000	6380000	12198	87	8118	12313	0.00713232	0.4059	0.99066
20	6380000	6400000	13532	67	9922	13653	0.00495123	0.4961	0.991137
20	6400000	6420000	12000	70	10444	12125	0.00583333	0.5222	0.989691
20	6420000	6440000	10638	79	8323	10757	0.00742621	0.41615	0.988937
20	6440000	6460000	12074	95	9920	12184	0.00786815	0.496	0.990972
20	6460000	6480000	13820	84	3678	13938	0.00607815	0.1839	0.991534
20	6480000	6500000	12689	89	8839	12821	0.00701395	0.44195	0.989704
20	6500000	6520000	11504	62	12763	11644	0.00538943	0.63815	0.987977
20	6520000	6540000	10702	63	13435	10849	0.00588675	0.67175	0.98645
20	6540000	6560000	12822	88	10014	12957	0.0068632	0.5007	0.989581
20	6560000	6580000	13806	86	5665	13917	0.00622918	0.28325	0.992024
20	6580000	6600000	12344	103	10830	12516	0.00834413	0.5415	0.986258
20	6600000	6620000	13764	80	8085	13894	0.00581226	0.40425	0.990643
20	6620000	6640000	12620	116	7794	12744	0.00919176	0.3897	0.99027
20	6640000	6660000	13183	71	6877	13278	0.00538572	0.34385	0.992845
20	6660000	6680000	11875	85	7962	11962	0.00715789	0.3981	0.992727
20	6680000	6700000	13624	81	4287	14114	0.00594539	0.21435	0.965283
20	6700000	6720000	14113	103	7248	14248	0.00729824	0.3624	0.990525
20	6720000	6740000	13182	85	8534	13304	0.00644819	0.4267	0.99083
20	6740000	6760000	12415	75	3238	12507	0.00604108	0.1619	0.992644
20	6760000	6780000	12841	72	9052	12956	0.00560704	0.4526	0.991124
20	6780000	6800000	10506	96	10252	10605	0.00913764	0.5126	0.990665
20	6800000	6820000	12880	65	7256	13016	0.00504658	0.3628	0.989551
20	6820000	6840000	12114	76	7731	12272	0.00627373	0.38655	0.987125
20	6840000	6860000	12943	75	7251	13045	0.00579464	0.36255	0.992181
20	6860000	6880000	13112	80	5207	13253	0.00610128	0.26035	0.989361
20	6880000	6900000	13203	96	9553	13304	0.00727107	0.47765	0.992408
20	6900000	6920000	11185	85	8957	11494	0.00759946	0.44785	0.973116
20	6920000	6940000	13484	120	8219	13709	0.00889944	0.41095	0.983587
20	6940000	6960000	12381	91	6602	12474	0.00734997	0.3301	0.992544
20	6960000	6980000	10280	76	10431	10408	0.007393	0.52155	0.987702
20	6980000	7000000	12347	115	9201	12453	0.009314	0.46005	0.991488
20	7000000	7020000	11068	75	9237	11180	0.00677629	0.46185	0.989982
20	7020000	7040000	13230	117	13902	13364	0.00884354	0.6951	0.989973
20	7040000	7060000	12359	79	11880	12493	0.0063921	0.594	0.989274
20	7060000	7080000	11902	107	14364	12171	0.00899009	0.7182	0.977898
20	7080000	7100000	8340	71	12421	8434	0.00851319	0.62105	0.988855
20	7100000	7120000	11344	67	5270	11479	0.00590621	0.2635	0.988239
20	7120000	7140000	13558	90	5857	13656	0.00663815	0.29285	0.992824
20	7140000	7160000	11064	83	8006	11175	0.00750181	0.4003	0.990067
20	7160000	7180000	11455	85	7053	11716	0.00742034	0.35265	0.977723
20	7180000	7200000	13400	105	10534	13528	0.00783582	0.5267	0.990538
20	7200000	7220000	11659	96	10207	11867	0.00823398	0.51035	0.982472
20	7220000	7240000	13107	77	6230	13209	0.00587472	0.3115	0.992278
20	7240000	7260000	11294	76	8727	11488	0.00672924	0.43635	0.983113
20	7260000	7280000	11380	85	10228	11503	0.00746924	0.5114	0.989307
20	7280000	7300000	12907	85	8411	13050	0.00658557	0.42055	0.989042
20	7300000	7320000	12202	109	11273	12396	0.00893296	0.56365	0.98435
20	7320000	7340000	13245	98	9756	13378	0.00739902	0.4878	0.990058
20	7340000	7360000	11059	94	9533	11422	0.00849986	0.47665	0.968219
20	7360000	7380000	12774	96	11203	12898	0.00751527	0.56015	0.990386
20	7380000	7400000	11886	75	10508	11997	0.00630994	0.5254	0.990748
20	7400000	7420000	12293	74	11826	12435	0.00601969	0.5913	0.988581
20	7420000	7440000	11256	86	11967	11373	0.00764037	0.59835	0.989712
20	7440000	7460000	4325	35	12614	10279	0.00809249	0.6307	0.420761
20	7460000	7480000	11472	97	10024	11571	0.00845537	0.5012	0.991444
20	7480000	7500000	13198	96	7524	13356	0.00727383	0.3762	0.98817
20	7500000	7520000	12136	111	12437	12301	0.00914634	0.62185	0.986586
20	7520000	7540000	8305	52	15972	8518	0.00626129	0.7986	0.974994
20	7540000	7560000	8453	58	15387	11221	0.00686147	0.76935	0.75332
20	7560000	7580000	10741	76	11701	11629	0.00707569	0.58505	0.923639
20	7580000	7600000	9420	60	17758	9503	0.00636943	0.8879	0.991266
20	7600000	7620000	9332	56	12463	9437	0.00600086	0.62315	0.988874
20	7620000	7640000	13414	95	6087	13512	0.00708215	0.30435	0.992747
20	7640000	7660000	12216	60	9582	12301	0.00491159	0.4791	0.99309
20	7660000	7680000	11968	58	8556	12067	0.00484626	0.4278	0.991796
20	7680000	7700000	12006	84	8936	12128	0.0069965	0.4468	0.989941
20	7700000	7720000	13692	86	12396	13809	0.00628104	0.6198	0.991527
20	7720000	7740000	13505	105	8907	13621	0.0077749	0.44535	0.991484
20	7740000	7760000	12781	73	10458	12903	0.0057116	0.5229	0.990545
20	7760000	7780000	9903	58	14109	10355	0.00585681	0.70545	0.95635
20	7780000	7800000	7451	53	16331	7516	0.00711314	0.81655	0.991352
20	7800000	7820000	11336	51	7513	11436	0.00449894	0.37565	0.991256
20	7820000	7840000	14346	84	5948	14429	0.00585529	0.2974	0.994248
20	7840000	7860000	11708	72	7663	11805	0.00614964	0.38315	0.991783
20	7860000	7880000	13141	67	7707	13270	0.00509855	0.38535	0.990279
20	7880000	7900000	11844	85	7457	11984	0.00717663	0.37285	0.988318
20	7900000	7920000	12478	108	7141	12582	0.00865523	0.35705	0.991734
20	7920000	7940000	5216	48	15909	5626	0.00920245	0.79545	0.927124
20	7940000	7960000	12567	88	6960	12689	0.00700247	0.348	0.990385
20	7960000	7980000	12964	67	5305	13053	0.00516816	0.26525	0.993182
20	7980000	8000000	13247	84	6113	13357	0.00634106	0.30565	0.991765
20	8000000	8020000	10704	46	9972	11922	0.00429746	0.4986	0.897836
20	8020000	8040000	11818	95	10410	12015	0.00803859	0.5205	0.983604
20	8040000	8060000	14399	86	5855	14533	0.00597264	0.29275	0.99078
20	8060000	8080000	13253	60	10915	13397	0.00452728	0.54575	0.989251
20	8080000	8100000	7589	42	15057	7662	0.00553433	0.75285	0.990472
20	8100000	8120000	12889	73	7633	13105	0.00566374	0.38165	0.983518
20	8120000	8140000	13651	78	6424	13770	0.00571387	0.3212	0.991358
20	8140000	8160000	12057	95	12680	12170	0.00787924	0.634	0.990715
20	8160000	8180000	11338	79	9720	11459	0.00696772	0.486	0.989441
20	8180000	8200000	14042	88	7292	14174	0.00626691	0.3646	0.990687
20	8200000	8220000	13312	89	8256	13456	0.0066857	0.4128	0.989298
20	8220000	8240000	14368	88	6858	14509	0.00612472	0.3429	0.990282
20	8240000	8260000	11847	78	9647	11948	0.00658395	0.48235	0.991547
20	8260000	8280000	13331	67	8375	13421	0.00502588	0.41875	0.993294
20	8280000	8300000	13816	97	6841	13917	0.00702085	0.34205	0.992743
20	8300000	8320000	13234	85	6323	13375	0.00642285	0.31615	0.989458
20	8320000	8340000	12926	81	7911	13030	0.00626644	0.39555	0.992018
20	8340000	8360000	12803	60	6621	12925	0.0046864	0.33105	0.990561
20	8360000	8380000	8653	56	13247	8739	0.00647174	0.66235	0.990159
20	8380000	8400000	12999	67	9368	13117	0.00515424	0.4684	0.991004
20	8400000	8420000	12052	93	8284	12287	0.00771656	0.4142	0.980874
20	8420000	8440000	9712	60	9534	11536	0.00617792	0.4767	0.841886
20	8440000	8460000	13019	87	9152	13143	0.00668254	0.4576	0.990565
20	8460000	8480000	11737	63	6922	11830	0.00536764	0.3461	0.992139
20	8480000	8500000	11595	75	8782	11688	0.00646831	0.4391	0.992043
20	8500000	8520000	12404	93	7028	12666	0.00749758	0.3514	0.979315
20	8520000	8540000	11753	77	11113	11861	0.00655152	0.55565	0.990895
20	8540000	8560000	12566	80	9327	12730	0.00636639	0.46635	0.987117
20	8560000	8580000	9090	60	12471	9197	0.00660066	0.62355	0.988366
20	8580000	8600000	11236	66	8935	11314	0.00587398	0.44675	0.993106
20	8600000	8620000	12948	74	6545	13044	0.00571517	0.32725	0.99264
20	8620000	8640000	12716	87	6068	12844	0.00684177	0.3034	0.990034
20	8640000	8660000	13348	92	7225	13472	0.00689242	0.36125	0.990796
20	8660000	8680000	11493	74	9860	11612	0.0064387	0.493	0.989752
20	8680000	8700000	13438	72	8007	13555	0.00535794	0.40035	0.991368
20	8700000	8720000	11404	71	5755	12466	0.00622589	0.28775	0.914808
20	8720000	8740000	12290	91	7784	12464	0.00740439	0.3892	0.98604
20	8740000	8760000	10656	68	10769	11055	0.00638138	0.53845	0.963908
20	8760000	8780000	12353	85	7442	12483	0.00688092	0.3721	0.989586
20	8780000	8800000	12714	68	7875	12885	0.00534843	0.39375	0.986729
20	8800000	8820000	11720	89	11203	12580	0.00759386	0.56015	0.931638
20	8820000	8840000	10762	53	9466	11860	0.00492474	0.4733	0.90742
20	8840000	8860000	13831	69	5733	13947	0.00498879	0.28665	0.991683
20	8860000	8880000	11517	57	9511	11608	0.00494921	0.47555	0.992161
20	8880000	8900000	12900	54	10155	13014	0.00418605	0.50775	0.99124
20	8900000	8920000	10958	84	10613	11082	0.00766563	0.53065	0.988811
20	8920000	8940000	12907	63	9140	13001	0.00488107	0.457	0.99277
20	8940000	8960000	12484	76	8702	12592	0.00608779	0.4351	0.991423
20	8960000	8980000	10467	73	10689	10808	0.0069743	0.53445	0.968449
20	8980000	9000000	12151	83	8796	12250	0.00683071	0.4398	0.991918
20	9000000	9020000	10768	84	12148	10952	0.00780089	0.6074	0.983199
20	9020000	9040000	9716	77	13169	9808	0.00792507	0.65845	0.99062
20	9040000	9060000	11317	72	7735	11396	0.00636211	0.38675	0.993068
20	9060000	9080000	13098	68	4370	13192	0.00519163	0.2185	0.992874
20	9080000	9100000	12250	52	8142	12814	0.0042449	0.4071	0.955986
20	9100000	9120000	13565	49	6590	13659	0.00361224	0.3295	0.993118
20	9120000	9140000	11806	45	9851	11955	0.00381162	0.49255	0.987537
20	9140000	9160000	12645	54	5190	12751	0.00427046	0.2595	0.991687
20	9160000	9180000	12376	64	7216	12480	0.0051713	0.3608	0.991667
20	9180000	9200000	11566	67	9270	11636	0.00579284	0.4635	0.993984
20	9200000	9220000	13249	65	7665	13379	0.00490603	0.38325	0.990283
20	9220000	9240000	12273	59	9049	12382	0.0048073	0.45245	0.991197
20	9240000	9260000	13664	73	6968	13802	0.00534251	0.3484	0.990001
20	9260000	9280000	12630	51	5621	12720	0.004038	0.28105	0.992925
20	9280000	9300000	12536	98	8678	12636	0.00781749	0.4339	0.992086
20	9300000	9320000	12471	81	10037	12562	0.00649507	0.50185	0.992756
20	9320000	9340000	11572	66	8252	11661	0.00570342	0.4126	0.992368
20	9340000	9360000	14512	90	2970	14690	0.00620176	0.1485	0.987883
20	9360000	9380000	12134	65	9313	12205	0.00535685	0.46565	0.994183
20	9380000	9400000	12282	77	7919	12423	0.00626934	0.39595	0.98865
20	9400000	9420000	12213	53	5653	12465	0.00433964	0.28265	0.979783
20	9420000	9440000	13356	58	6900	13462	0.00434262	0.345	0.992126
20	9440000	9460000	8722	41	9547	8819	0.00470076	0.47735	0.989001
20	9460000	9480000	11142	65	12086	13500	0.00583378	0.6043	0.825333
20	9480000	9500000	13538	97	5327	13669	0.00716502	0.26635	0.990416
20	9500000	9520000	13653	80	7268	13779	0.00585952	0.3634	0.990856
20	9520000	9540000	13584	70	9897	13701	0.00515312	0.49485	0.99146
20	9540000	9560000	14189	79	6267	14428	0.00556769	0.31335	0.983435
20	9560000	9580000	12156	89	8840	12410	0.00732149	0.442	0.979533
20	9580000	9600000	12189	79	12466	12301	0.00648125	0.6233	0.990895
20	9600000	9620000	13562	96	9537	13684	0.0070786	0.47685	0.991084
20	9620000	9640000	12324	68	9412	12485	0.00551769	0.4706	0.987105
20	9640000	9660000	11016	51	9198	11135	0.00462963	0.4599	0.989313
20	9660000	9680000	14215	60	8175	14332	0.00422089	0.40875	0.991836
20	9680000	9700000	11043	81	10880	11133	0.00733496	0.544	0.991916
20	9700000	9720000	11583	100	12592	11666	0.00863334	0.6296	0.992885
20	9720000	9740000	12292	87	8710	12404	0.00707777	0.4355	0.990971
20	9740000	9760000	11339	75	11756	11458	0.00661434	0.5878	0.989614
20	9760000	9780000	13107	78	8477	13214	0.00595102	0.42385	0.991903
20	9780000	9800000	12195	71	10998	12291	0.00582206	0.5499	0.992189
20	9800000	9820000	12863	90	7850	12985	0.00699681	0.3925	0.990605
20	9820000	9840000	10256	54	14691	10369	0.00526521	0.73455	0.989102
20	9840000	9860000	11442	55	11556	11530	0.00480685	0.5778	0.992368
20	9860000	9880000	9581	69	12459	9677	0.00720175	0.62295	0.99008
20	9880000	9900000	11320	65	9490	11960	0.00574205	0.4745	0.946488
20	9900000	9920000	6865	55	13399	10626	0.00801165	0.66995	0.646057
20	9920000	9940000	0	0	15363	10320		0.76815	0
20	9940000	9960000	9322	66	12122	12596	0.00708003	0.6061	0.740076
20	9960000	9980000	11417	71	8302	11506	0.0062188	0.4151	0.992265
20	9980000	10000000	11796	72	8737	11896	0.00610376	0.43685	0.991594
20	10000000	10020000	11779	74	8985	11885	0.00628237	0.44925	0.991081
20	10020000	10040000	12847	66	5080	12949	0.00513739	0.254	0.992123
20	10040000	10060000	13157	91	9013	13306	0.00691647	0.45065	0.988802
20	10060000	10080000	12120	73	9705	12263	0.0060231	0.48525	0.988339
20	10080000	10100000	11674	64	11306	11762	0.00548227	0.5653	0.992518
20	10100000	10120000	10865	71	10741	10936	0.00653474	0.53705	0.993508
20	10120000	10140000	12569	90	9838	12675	0.00716047	0.4919	0.991637
20	10140000	10160000	9712	49	10012	9787	0.0050453	0.5006	0.992337
20	10160000	10180000	13800	78	9924	13899	0.00565217	0.4962	0.992877
20	10180000	10200000	12475	76	10302	12800	0.00609218	0.5151	0.974609
20	10200000	10220000	13651	78	4211	13742	0.00571387	0.21055	0.993378
20	10220000	10240000	13577	80	8502	13697	0.00589232	0.4251	0.991239
20	10240000	10260000	11111	73	8125	13356	0.00657007	0.40625	0.831911
20	10260000	10280000	14105	51	4460	14215	0.00361574	0.223	0.992262
20	10280000	10300000	13991	70	7868	14091	0.00500322	0.3934	0.992903
20	10300000	10320000	11664	61	9912	11756	0.00522977	0.4956	0.992174
20	10320000	10340000	10727	78	11997	10836	0.00727137	0.59985	0.989941
20	10340000	10360000	10838	59	12391	10927	0.00544381	0.61955	0.991855
20	10360000	10380000	7385	41	11621	7487	0.00555179	0.58105	0.986376
20	10380000	10400000	12026	53	6633	12126	0.00440712	0.33165	0.991753
20	10400000	10420000	10827	53	8026	10991	0.00489517	0.4013	0.985079
20	10420000	10440000	8211	48	13614	8285	0.00584582	0.6807	0.991068
20	10440000	10460000	12800	78	7578	12885	0.00609375	0.3789	0.993403
20	10460000	10480000	11931	60	10729	12056	0.00502892	0.53645	0.989632
20	10480000	10500000	11092	62	8049	12260	0.00558961	0.40245	0.904731
20	10500000	10520000	13185	46	7678	13270	0.00348881	0.3839	0.993595
20	10520000	10540000	14018	80	6765	14148	0.00570695	0.33825	0.990811
20	10540000	10560000	11778	66	9905	11859	0.00560367	0.49525	0.99317
20	10560000	10580000	11850	67	8230	11980	0.00565401	0.4115	0.989149
20	10580000	10600000	12680	70	5301	12807	0.0055205	0.26505	0.990084
20	10600000	10620000	14445	84	2221	14576	0.00581516	0.11105	0.991013
20	10620000	10640000	14558	67	3180	14654	0.00460228	0.159	0.993449
20	10640000	10660000	12205	46	2540	12513	0.00376895	0.127	0.975386
20	10660000	10680000	13954	70	8469	14092	0.00501648	0.42345	0.990207
20	10680000	10700000	12713	79	8546	12787	0.00621411	0.4273	0.994213
20	10700000	10720000	12853	79	6743	14037	0.00614642	0.33715	0.915651
20	10720000	10740000	13393	93	6862	13494	0.00694393	0.3431	0.992515
20	10740000	10760000	11284	83	10098	11396	0.00735555	0.5049	0.990172
20	10760000	10780000	13042	73	7896	13164	0.0055973	0.3948	0.990732
20	10780000	10800000	12843	94	8110	13223	0.00731916	0.4055	0.971262
20	10800000	10820000	12586	68	9298	12693	0.00540283	0.4649	0.99157
20	10820000	10840000	12962	87	8564	13100	0.00671193	0.4282	0.989466
20	10840000	10860000	14523	82	7919	14674	0.00564622	0.39595	0.98971
20	10860000	10880000	12655	54	8159	12749	0.00426709	0.40795	0.992627
20	10880000	10900000	12029	69	11181	12113	0.00573614	0.55905	0.993065
20	10900000	10920000	12051	66	8409	12140	0.00547672	0.42045	0.992669
20	10920000	10940000	14345	92	6139	14490	0.00641338	0.30695	0.989993
20	10940000	10960000	13339	91	7482	13492	0.0068221	0.3741	0.98866
20	10960000	10980000	13294	81	7299	13401	0.00609297	0.36495	0.992016
20	10980000	11000000	13553	60	6410	13690	0.00442706	0.3205	0.989993
20	11000000	11020000	9521	50	10053	11024	0.00525155	0.50265	0.863661
20	11020000	11040000	14602	70	6219	14724	0.00479386	0.31095	0.991714
20	11040000	11060000	13873	68	4009	14168	0.00490161	0.20045	0.979178
20	11060000	11080000	12560	86	9326	12870	0.00684713	0.4663	0.975913
20	11080000	11100000	11192	63	10776	11288	0.00562902	0.5388	0.991495
20	11100000	11120000	13058	83	7548	13171	0.00635626	0.3774	0.991421
20	11120000	11140000	10030	82	10355	10119	0.00817547	0.51775	0.991205
20	11140000	11160000	13672	78	5753	13835	0.00570509	0.28765	0.988218
20	11160000	11180000	13171	117	8960	13311	0.00888315	0.448	0.989482
20	11180000	11200000	14616	104	5173	14760	0.00711549	0.25865	0.990244
20	11200000	11220000	14805	109	6691	14926	0.00736238	0.33455	0.991893
20	11220000	11240000	13065	97	7311	13288	0.00742442	0.36555	0.983218
20	11240000	11260000	13152	85	7229	13997	0.0064629	0.36145	0.93963
20	11260000	11280000	8263	67	9564	13178	0.00810844	0.4782	0.62703
20	11280000	11300000	12096	71	13085	12608	0.00586971	0.65425	0.959391
20	11300000	11320000	12166	74	8805	14092	0.00608253	0.44025	0.863327
20	11320000	11340000	12902	86	7559	12988	0.00666563	0.37795	0.993379
20	11340000	11360000	10545	55	11324	10655	0.00521574	0.5662	0.989676
20	11360000	11380000	9795	54	14821	9852	0.00551302	0.74105	0.994214
20	11380000	11400000	12128	64	15141	12265	0.00527704	0.75705	0.98883
20	11400000	11420000	10013	80	12084	10111	0.00798961	0.6042	0.990308
20	11420000	11440000	13899	91	5739	14051	0.00654723	0.28695	0.989182
20	11440000	11460000	10161	50	15499	10241	0.00492078	0.77495	0.992188
20	11460000	11480000	11902	90	8843	12007	0.00756175	0.44215	0.991255
20	11480000	11500000	8452	76	12260	8523	0.00899195	0.613	0.99167
20	11500000	11520000	10291	57	9679	10687	0.00553882	0.48395	0.962946
20	11520000	11540000	12525	89	7838	12638	0.00710579	0.3919	0.991059
20	11540000	11560000	11414	86	10963	11544	0.00753461	0.54815	0.988739
20	11560000	11580000	3878	25	13157	11976	0.00644662	0.65785	0.323814
20	11580000	11600000	9662	64	10626	10579	0.00662389	0.5313	0.913319
20	11600000	11620000	9640	56	9565	9749	0.00580913	0.47825	0.988819
20	11620000	11640000	12963	75	10138	13084	0.0057857	0.5069	0.990752
20	11640000	11660000	11733	78	11624	11849	0.00664792	0.5812	0.99021
20	11660000	11680000	12625	65	9212	12716	0.00514851	0.4606	0.992844
20	11680000	11700000	11191	64	11076	11300	0.00571888	0.5538	0.990354
20	11700000	11720000	10641	61	11656	10730	0.00573254	0.5828	0.991705
20	11720000	11740000	13045	77	9728	13159	0.00590264	0.4864	0.991337
20	11740000	11760000	10095	57	15867	10174	0.00564636	0.79335	0.992235
20	11760000	11780000	12212	53	9568	12743	0.00433999	0.4784	0.95833
20	11780000	11800000	11456	63	13416	11545	0.0054993	0.6708	0.992291
20	11800000	11820000	12042	69	9679	12166	0.00572995	0.48395	0.989808
20	11820000	11840000	12413	81	12633	12505	0.00652542	0.63165	0.992643
20	11840000	11860000	13094	86	13134	13203	0.00656789	0.6567	0.991744
20	11860000	11880000	10726	52	10309	10819	0.00484803	0.51545	0.991404
20	11880000	11900000	13052	59	5598	13186	0.00452038	0.2799	0.989838
20	11900000	11920000	14809	48	3342	14900	0.00324127	0.1671	0.993893
20	11920000	11940000	14323	84	9010	14621	0.00586469	0.4505	0.979618
20	11940000	11960000	14005	87	8784	14545	0.00621207	0.4392	0.962874
20	11960000	11980000	12882	90	8614	13020	0.00698649	0.4307	0.989401
20	11980000	12000000	12144	82	9103	12282	0.00675231	0.45515	0.988764
20	12000000	12020000	12565	101	7452	12706	0.0080382	0.3726	0.988903
20	12020000	12040000	12138	69	8779	12249	0.00568463	0.43895	0.990938
20	12040000	12060000	13088	79	10941	13211	0.00603606	0.54705	0.99069
20	12060000	12080000	13920	66	8595	14046	0.00474138	0.42975	0.991029
20	12080000	12100000	11163	58	13539	11265	0.00519574	0.67695	0.990945
20	12100000	12120000	7015	51	16606	7104	0.00727014	0.8303	0.987472
20	12120000	12140000	10014	70	14649	10110	0.00699021	0.73245	0.990504
20	12140000	12160000	13704	82	9417	13830	0.00598365	0.47085	0.990889
20	12160000	12180000	10435	84	14392	10611	0.00804983	0.7196	0.983413
20	12180000	12200000	14077	78	10003	14215	0.00554095	0.50015	0.990292
20	12200000	12220000	13354	77	11838	13488	0.00576606	0.5919	0.990065
20	12220000	12240000	12598	90	10500	12746	0.00714399	0.525	0.988389
20	12240000	12260000	10425	71	12619	10532	0.00681055	0.63095	0.98984
20	12260000	12280000	10447	86	12396	10596	0.00823203	0.6198	0.985938
20	12280000	12300000	12640	88	9580	12764	0.00696203	0.479	0.990285
20	12300000	12320000	12479	99	9352	12600	0.00793333	0.4676	0.990397
20	12320000	12340000	9659	58	13305	9766	0.00600476	0.66525	0.989044
20	12340000	12360000	9178	66	14649	9293	0.00719111	0.73245	0.987625
20	12360000	12380000	12429	93	7440	12543	0.0074825	0.372	0.990911
20	12380000	12400000	12237	78	7985	13629	0.00637411	0.39925	0.897865
20	12400000	12420000	10490	74	8940	10633	0.00705434	0.447	0.986551
20	12420000	12440000	7088	34	13962	7244	0.00479684	0.6981	0.978465
20	12440000	12460000	10679	65	14654	10811	0.00608671	0.7327	0.98779
20	12460000	12480000	6636	65	13601	7967	0.00979506	0.68005	0.832936
20	12480000	12500000	12315	80	7866	14005	0.00649614	0.3933	0.879329
20	12500000	12520000	10798	67	12689	10896	0.00620485	0.63445	0.991006
20	12520000	12540000	10336	77	14378	10555	0.00744969	0.7189	0.979252
20	12540000	12560000	13122	109	10172	13356	0.00830666	0.5086	0.98248
20	12560000	12580000	8423	62	12793	8533	0.0073608	0.63965	0.987109
20	12580000	12600000	12943	101	16634	13120	0.00780345	0.8317	0.986509
20	12600000	12620000	10152	61	11965	10266	0.00600867	0.59825	0.988895
20	12620000	12640000	12870	110	7299	13050	0.00854701	0.36495	0.986207
20	12640000	12660000	10328	95	9184	10475	0.0091983	0.4592	0.985967
20	12660000	12680000	13434	86	7682	13560	0.00640167	0.3841	0.990708
20	12680000	12700000	12078	75	14679	12236	0.00620964	0.73395	0.987087
20	12700000	12720000	13530	102	7883	13669	0.0075388	0.39415	0.989831
20	12720000	12740000	8424	54	11909	8867	0.00641026	0.59545	0.950039
20	12740000	12760000	11600	48	10675	11678	0.00413793	0.53375	0.993321
20	12760000	12780000	12753	68	8825	12886	0.00533208	0.44125	0.989679
20	12780000	12800000	6553	33	16272	6611	0.00503586	0.8136	0.991227
20	12800000	12820000	13652	106	7882	13781	0.00776443	0.3941	0.990639
20	12820000	12840000	11987	94	11263	12108	0.00784183	0.56315	0.990007
20	12840000	12860000	14353	74	6226	14474	0.00515572	0.3113	0.99164
20	12860000	12880000	13766	126	8126	13919	0.00915299	0.4063	0.989008
20	12880000	12900000	12462	96	10402	12603	0.00770342	0.5201	0.988812
20	12900000	12920000	11722	83	9786	11835	0.0070807	0.4893	0.990452
20	12920000	12940000	7737	60	14694	7804	0.00775494	0.7347	0.991415
20	12940000	12960000	10813	54	10164	10927	0.00499399	0.5082	0.989567
20	12960000	12980000	12767	72	9856	12919	0.00563954	0.4928	0.988234
20	12980000	13000000	14227	91	7163	14345	0.00639629	0.35815	0.991774
20	13000000	13020000	12996	104	9914	13108	0.00800246	0.4957	0.991456
20	13020000	13040000	10585	53	13191	10854	0.00500709	0.65955	0.975217
20	13040000	13060000	12433	68	9029	12543	0.00546932	0.45145	0.99123
20	13060000	13080000	13708	53	8945	13814	0.00386636	0.44725	0.992327
20	13080000	13100000	13594	90	4757	13875	0.00662057	0.23785	0.979748
20	13100000	13120000	10748	65	6722	13499	0.00604764	0.3361	0.796207
20	13120000	13140000	13356	62	6169	13496	0.00464211	0.30845	0.989627
20	13140000	13160000	11972	53	8876	12097	0.004427	0.4438	0.989667
20	13160000	13180000	11321	72	12448	11447	0.00635986	0.6224	0.988993
20	13180000	13200000	14137	77	9208	14262	0.0054467	0.4604	0.991235
20	13200000	13220000	10979	54	8487	11178	0.00491848	0.42435	0.982197
20	13220000	13240000	13099	74	7518	13193	0.00564929	0.3759	0.992875
20	13240000	13260000	13887	87	5586	13984	0.00626485	0.2793	0.993064
20	13260000	13280000	12874	100	8991	12998	0.00776759	0.44955	0.99046
20	13280000	13300000	10981	69	12624	11086	0.00628358	0.6312	0.990529
20	13300000	13320000	11531	59	11161	11615	0.00511664	0.55805	0.992768
20	13320000	13340000	11771	55	9232	11854	0.0046725	0.4616	0.992998
20	13340000	13360000	8191	43	15606	8272	0.00524966	0.7803	0.990208
20	13360000	13380000	10707	63	9652	10799	0.005884	0.4826	0.991481
20	13380000	13400000	12380	88	11080	12486	0.00710824	0.554	0.99151
20	13400000	13420000	12014	82	7999	12134	0.00682537	0.39995	0.99011
20	13420000	13440000	11706	74	9809	11795	0.00632154	0.49045	0.992454
20	13440000	13460000	9720	58	12839	9789	0.00596708	0.64195	0.992951
20	13460000	13480000	9900	60	9639	9966	0.00606061	0.48195	0.993377
20	13480000	13500000	10451	54	13436	10558	0.00516697	0.6718	0.989866
20	13500000	13520000	11783	56	7811	11872	0.00475261	0.39055	0.992503
20	13520000	13540000	12527	65	9872	12612	0.00518879	0.4936	0.99326
20	13540000	13560000	10464	47	14784	11038	0.00449159	0.7392	0.947998
20	13560000	13580000	6929	25	16834	6981	0.00360802	0.8417	0.992551
20	13580000	13600000	8244	27	11014	8299	0.00327511	0.5507	0.993373
20	13600000	13620000	6605	40	7574	6665	0.00605602	0.3787	0.990998
20	13620000	13640000	6617	42	13741	8412	0.00634729	0.68705	0.786614
20	13640000	13660000	8453	64	14655	8679	0.00757128	0.73275	0.97396
20	13660000	13680000	10591	68	9557	10867	0.00642055	0.47785	0.974602
20	13680000	13700000	9427	49	12485	9536	0.00519784	0.62425	0.98857
20	13700000	13720000	11722	72	8275	11818	0.0061423	0.41375	0.991877
20	13720000	13740000	10939	44	12514	11299	0.00402231	0.6257	0.968139
20	13740000	13760000	10334	27	7428	10631	0.00261273	0.3714	0.972063
20	13760000	13780000	11545	58	7200	11651	0.00502382	0.36	0.990902
20	13780000	13800000	12357	49	8104	12706	0.00396536	0.4052	0.972533
20	13800000	13820000	10638	66	10431	10712	0.00620417	0.52155	0.993092
20	13820000	13840000	12016	48	9131	12119	0.00399467	0.45655	0.991501
20	13840000	13860000	11745	42	7251	11830	0.00357599	0.36255	0.992815
20	13860000	13880000	8959	35	13329	9048	0.00390669	0.66645	0.990164
20	13880000	13900000	10961	45	9998	11068	0.00410546	0.4999	0.990332
20	13900000	13920000	10192	38	12734	10331	0.00372841	0.6367	0.986545
20	13920000	13940000	8667	43	14391	8736	0.00496135	0.71955	0.992102
20	13940000	13960000	10478	46	11160	10602	0.00439015	0.558	0.988304
20	13960000	13980000	8857	47	11663	8927	0.00530654	0.58315	0.992159
20	13980000	14000000	9192	49	13918	9252	0.00533072	0.6959	0.993515
20	14000000	14020000	7696	23	14415	7866	0.00298857	0.72075	0.978388
20	14020000	14040000	10875	39	11080	10975	0.00358621	0.554	0.990888
20	14040000	14060000	11346	57	13243	11432	0.0050238	0.66215	0.992477
20	14060000	14080000	10678	47	11833	10938	0.00440157	0.59165	0.97623
20	14080000	14100000	8696	38	10440	8777	0.00436983	0.522	0.990771
20	14100000	14120000	9476	42	11906	9841	0.00443225	0.5953	0.96291
20	14120000	14140000	10778	52	6993	10850	0.00482464	0.34965	0.993364
20	14140000	14160000	7354	46	16485	7471	0.0062551	0.82425	0.984339
20	14160000	14180000	11456	54	9258	11528	0.00471369	0.4629	0.993754
20	14180000	14200000	7471	58	12208	9230	0.00776335	0.6104	0.809426
20	14200000	14220000	6826	50	14568	7691	0.00732493	0.7284	0.887531
20	14220000	14240000	10851	49	8107	10936	0.00451571	0.40535	0.992228
20	14240000	14260000	8610	36	11005	8890	0.00418118	0.55025	0.968504
20	14260000	14280000	8684	31	9781	9134	0.00356978	0.48905	0.950734
20	14280000	14300000	12082	44	7241	12876	0.00364178	0.36205	0.938335
20	14300000	14320000	13968	37	2648	14064	0.00264891	0.1324	0.993174
20	14320000	14340000	10320	75	9843	10423	0.00726744	0.49215	0.990118
20	14340000	14360000	12758	86	10295	12832	0.00674087	0.51475	0.994233
20	14360000	14380000	8761	58	13582	9722	0.00662025	0.6791	0.901152
20	14380000	14400000	13198	84	8397	13300	0.0063646	0.41985	0.992331
20	14400000	14420000	12355	84	12123	12520	0.00679887	0.60615	0.986821
20	14420000	14440000	12458	80	9611	12575	0.00642158	0.48055	0.990696
20	14440000	14460000	5045	34	16825	5099	0.00673935	0.84125	0.98941
20	14460000	14480000	12489	75	5259	12620	0.00600528	0.26295	0.98962
20	14480000	14500000	12813	71	7885	12906	0.00554125	0.39425	0.992794
20	14500000	14520000	12283	85	7441	12437	0.00692013	0.37205	0.987618
20	14520000	14540000	12849	81	8233	12974	0.00630399	0.41165	0.990365
20	14540000	14560000	13351	60	7352	13470	0.00449405	0.3676	0.991166
20	14560000	14580000	12203	65	6979	13453	0.00532656	0.34895	0.907084
20	14580000	14600000	14542	54	6325	14656	0.00371338	0.31625	0.992222
20	14600000	14620000	13197	55	9459	13363	0.00416761	0.47295	0.987578
20	14620000	14640000	12629	59	6188	12715	0.00467179	0.3094	0.993236
20	14640000	14660000	10947	43	7844	11204	0.00392802	0.3922	0.977062
20	14660000	14680000	14549	95	7974	14664	0.00652966	0.3987	0.992158
20	14680000	14700000	12692	91	5416	12880	0.00716987	0.2708	0.985404
20	14700000	14720000	12240	52	9619	12344	0.00424837	0.48095	0.991575
20	14720000	14740000	12772	70	7428	12872	0.00548074	0.3714	0.992231
20	14740000	14760000	13273	109	7552	13388	0.00821216	0.3776	0.99141
20	14760000	14780000	13057	81	7377	13328	0.00620357	0.36885	0.979667
20	14780000	14800000	8888	63	10419	8951	0.00708821	0.52095	0.992962
20	14800000	14820000	13344	86	4504	13852	0.00644484	0.2252	0.963327
20	14820000	14840000	12139	68	5742	12243	0.00560178	0.2871	0.991505
20	14840000	14860000	10052	74	10484	10234	0.00736172	0.5242	0.982216
20	14860000	14880000	12265	84	8670	12374	0.00684876	0.4335	0.991191
20	14880000	14900000	12938	96	7443	13141	0.00742	0.37215	0.984552
20	14900000	14920000	11399	67	8142	11503	0.00587771	0.4071	0.990959
20	14920000	14940000	11643	61	6564	11745	0.0052392	0.3282	0.991315
20	14940000	14960000	11435	73	8539	11542	0.00638391	0.42695	0.99073
20	14960000	14980000	10372	89	9887	10436	0.00858079	0.49435	0.993867
20	14980000	15000000	10713	71	8759	10821	0.00662746	0.43795	0.990019
20	15000000	15020000	10895	89	9828	11979	0.00816888	0.4914	0.909508
20	15020000	15040000	10698	74	9115	10812	0.00691718	0.45575	0.989456
20	15040000	15060000	12444	79	8094	12545	0.00634844	0.4047	0.991949
20	15060000	15080000	11653	78	8845	12947	0.00669356	0.44225	0.900054
20	15080000	15100000	12427	113	7808	12877	0.0090931	0.3904	0.965054
20	15100000	15120000	11042	59	8652	11173	0.00534323	0.4326	0.988275
20	15120000	15140000	7983	57	12176	8524	0.00714017	0.6088	0.936532
20	15140000	15160000	11081	82	10970	11170	0.00740005	0.5485	0.992032
20	15160000	15180000	12376	63	8771	12513	0.0050905	0.43855	0.989051
20	15180000	15200000	12358	76	9106	12468	0.00614986	0.4553	0.991177
20	15200000	15220000	13357	71	4852	13757	0.00531556	0.2426	0.970924
20	15220000	15240000	13212	83	9355	13356	0.00628217	0.46775	0.989218
20	15240000	15260000	11927	78	8761	12392	0.00653978	0.43805	0.962476
20	15260000	15280000	12191	69	8539	12298	0.00565991	0.42695	0.991299
20	15280000	15300000	12921	76	11888	13061	0.0058819	0.5944	0.989281
20	15300000	15320000	13333	79	6455	13452	0.00592515	0.32275	0.991154
20	15320000	15340000	11891	87	8155	12012	0.00731646	0.40775	0.989927
20	15340000	15360000	11362	70	7859	11584	0.00616089	0.39295	0.980836
20	15360000	15380000	14336	87	7355	14462	0.00606864	0.36775	0.991288
20	15380000	15400000	13967	106	5778	14097	0.00758932	0.2889	0.990778
20	15400000	15420000	10344	50	10746	10843	0.00483372	0.5373	0.95398
20	15420000	15440000	13637	114	3043	13781	0.00835961	0.15215	0.989551
20	15440000	15460000	13357	102	7326	13493	0.00763645	0.3663	0.989921
20	15460000	15480000	13225	61	7257	13325	0.00461248	0.36285	0.992495
20	15480000	15500000	13709	106	5489	13846	0.00773215	0.27445	0.990105
20	15500000	15520000	12041	88	5208	13262	0.00730836	0.2604	0.907932
20	15520000	15540000	13408	89	7161	13508	0.00663783	0.35805	0.992597
20	15540000	15560000	13577	70	5472	13688	0.00515578	0.2736	0.991891
20	15560000	15580000	11545	73	11194	11690	0.00632308	0.5597	0.987596
20	15580000	15600000	13384	93	5289	13501	0.0069486	0.26445	0.991334
20	15600000	15620000	11434	67	6529	12441	0.00585972	0.32645	0.919058
20	15620000	15640000	13685	80	6254	13794	0.00584582	0.3127	0.992098
20	15640000	15660000	11962	79	8962	12076	0.00660425	0.4481	0.99056
20	15660000	15680000	9854	57	10725	9975	0.00578445	0.53625	0.98787
20	15680000	15700000	11517	90	8523	11640	0.00781454	0.42615	0.989433
20	15700000	15720000	9064	72	14361	9125	0.00794351	0.71805	0.993315
20	15720000	15740000	11443	96	10635	11680	0.00838941	0.53175	0.979709
20	15740000	15760000	12575	75	7626	12685	0.00596421	0.3813	0.991328
20	15760000	15780000	12743	71	8101	12859	0.00557169	0.40505	0.990979
20	15780000	15800000	10791	94	10227	10924	0.00871096	0.51135	0.987825
20	15800000	15820000	14183	76	5103	14315	0.00535853	0.25515	0.990779
20	15820000	15840000	14033	70	8087	14190	0.00498824	0.40435	0.988936
20	15840000	15860000	12123	88	7856	12221	0.00725893	0.3928	0.991981
20	15860000	15880000	13477	83	10093	13811	0.00615864	0.50465	0.975816
20	15880000	15900000	13748	82	7627	13859	0.0059645	0.38135	0.991991
20	15900000	15920000	12497	79	7129	12603	0.00632152	0.35645	0.991589
20	15920000	15940000	12320	85	7957	12429	0.00689935	0.39785	0.99123
20	15940000	15960000	14033	84	9320	14155	0.00598589	0.466	0.991381
20	15960000	15980000	7388	45	12314	7628	0.00609096	0.6157	0.968537
20	15980000	16000000	13914	63	6323	14058	0.00452781	0.31615	0.989757
20	16000000	16020000	13182	107	8301	13606	0.00811713	0.41505	0.968837
20	16020000	16040000	13818	75	6858	13929	0.0054277	0.3429	0.992031
20	16040000	16060000	10481	75	12352	12229	0.00715581	0.6176	0.857061
20	16060000	16080000	7315	62	14982	10503	0.00847573	0.7491	0.696468
20	16080000	16100000	12185	85	7960	12602	0.00697579	0.398	0.96691
20	16100000	16120000	12661	83	10801	12777	0.00655556	0.54005	0.990921
20	16120000	16140000	11122	72	13563	11516	0.00647366	0.67815	0.965787
20	16140000	16160000	13036	96	7385	13655	0.00736422	0.36925	0.954669
20	16160000	16180000	12595	70	8255	12709	0.00555776	0.41275	0.99103
20	16180000	16200000	12100	68	8954	12218	0.00561983	0.4477	0.990342
20	16200000	16220000	11297	77	8707	11421	0.00681597	0.43535	0.989143
20	16220000	16240000	12367	86	9462	12507	0.00695399	0.4731	0.988806
20	16240000	16260000	13696	107	3430	13842	0.0078125	0.1715	0.989452
20	16260000	16280000	12710	93	7965	12838	0.00731707	0.39825	0.99003
20	16280000	16300000	13818	64	7906	13950	0.00463164	0.3953	0.990538
20	16300000	16320000	11590	65	9611	12452	0.00560828	0.48055	0.930774
20	16320000	16340000	14078	85	5329	14209	0.00603779	0.26645	0.99078
20	16340000	16360000	14256	89	2829	14463	0.00624299	0.14145	0.985688
20	16360000	16380000	12951	71	5067	13635	0.0054822	0.25335	0.949835
20	16380000	16400000	13182	73	9746	13322	0.00553785	0.4873	0.989491
20	16400000	16420000	13638	82	7846	13761	0.00601261	0.3923	0.991062
20	16420000	16440000	13544	76	6505	13661	0.00561134	0.32525	0.991435
20	16440000	16460000	11457	73	11234	11565	0.00637165	0.5617	0.990661
20	16460000	16480000	13138	77	6160	13245	0.00586086	0.308	0.991921
20	16480000	16500000	13368	77	6125	13495	0.00576002	0.30625	0.990589
20	16500000	16520000	7747	55	13968	7814	0.00709952	0.6984	0.991426
20	16520000	16540000	10795	98	10816	10895	0.00907828	0.5408	0.990821
20	16540000	16560000	10715	73	8191	10817	0.00681288	0.40955	0.99057
20	16560000	16580000	11664	97	10097	11806	0.00831619	0.50485	0.987972
20	16580000	16600000	13464	123	9093	13640	0.00913547	0.45465	0.987097
20	16600000	16620000	10649	88	11320	10794	0.00826369	0.566	0.986567
20	16620000	16640000	11628	105	11564	11733	0.00902993	0.5782	0.991051
20	16640000	16660000	11329	70	9915	11443	0.00617883	0.49575	0.990038
20	16660000	16680000	13224	106	9978	13333	0.00801573	0.4989	0.991825
20	16680000	16700000	11333	74	9568	11466	0.0065296	0.4784	0.9884
20	16700000	16720000	12462	87	7562	12763	0.00698122	0.3781	0.976416
20	16720000	16740000	12079	86	8184	12215	0.00711979	0.4092	0.988866
20	16740000	16760000	12326	89	10689	12437	0.00722051	0.53445	0.991075
20	16760000	16780000	4884	44	16697	4928	0.00900901	0.83485	0.991071
20	16780000	16800000	13378	78	6696	13488	0.00583047	0.3348	0.991845
20	16800000	16820000	9111	55	15453	9189	0.00603666	0.77265	0.991512
20	16820000	16840000	9324	83	15792	9423	0.00890176	0.7896	0.989494
20	16840000	16860000	9371	91	14639	9477	0.00971081	0.73195	0.988815
20	16860000	16880000	9180	65	15972	9276	0.00708061	0.7986	0.989651
20	16880000	16900000	8522	64	13865	8591	0.00750997	0.69325	0.991968
20	16900000	16920000	8629	66	13915	8773	0.00764863	0.69575	0.983586
20	16920000	16940000	12487	87	10916	12798	0.00696725	0.5458	0.975699
20	16940000	16960000	9735	54	12907	9825	0.005547	0.64535	0.99084
20	16960000	16980000	8485	82	10359	10310	0.00966411	0.51795	0.822987
20	16980000	17000000	12586	89	12126	12749	0.00707135	0.6063	0.987215
20	17000000	17020000	13212	123	6713	13353	0.00930972	0.33565	0.989441
20	17020000	17040000	11512	79	9484	11643	0.0068624	0.4742	0.988749
20	17040000	17060000	11685	81	8201	12424	0.00693196	0.41005	0.940518
20	17060000	17080000	12753	82	6286	12868	0.00642986	0.3143	0.991063
20	17080000	17100000	8699	50	13817	8772	0.00574779	0.69085	0.991678
20	17100000	17120000	10173	87	13883	10291	0.00855205	0.69415	0.988534
20	17120000	17140000	11381	56	11424	11484	0.00492048	0.5712	0.991031
20	17140000	17160000	12014	69	9501	12144	0.0057433	0.47505	0.989295
20	17160000	17180000	8618	28	14379	8715	0.00324901	0.71895	0.98887
20	17180000	17200000	13834	103	6480	13971	0.00744542	0.324	0.990194
20	17200000	17220000	13230	79	6607	13765	0.00597128	0.33035	0.961133
20	17220000	17240000	12292	71	11692	12398	0.00577611	0.5846	0.99145
20	17240000	17260000	13446	74	8376	13562	0.0055035	0.4188	0.991447
20	17260000	17280000	12936	71	8458	13066	0.00548856	0.4229	0.990051
20	17280000	17300000	11230	69	7095	11323	0.00614426	0.35475	0.991787
20	17300000	17320000	12608	69	8342	12729	0.00547272	0.4171	0.990494
20	17320000	17340000	10053	79	9792	10529	0.00785835	0.4896	0.954792
20	17340000	17360000	13667	92	7166	13769	0.00673154	0.3583	0.992592
20	17360000	17380000	12986	40	9280	13101	0.00308024	0.464	0.991222
20	17380000	17400000	9692	45	9933	9780	0.004643	0.49665	0.991002
20	17400000	17420000	12668	71	8346	13307	0.00560467	0.4173	0.95198
20	17420000	17440000	12698	98	8522	12812	0.00771775	0.4261	0.991102
20	17440000	17460000	9671	56	7112	11911	0.00579051	0.3556	0.811939
20	17460000	17480000	12732	46	7618	12836	0.00361294	0.3809	0.991898
20	17480000	17500000	11797	78	9008	11968	0.00661185	0.4504	0.985712
20	17500000	17520000	12200	55	8100	12326	0.0045082	0.405	0.989778
20	17520000	17540000	9501	45	12646	9577	0.00473634	0.6323	0.992064
20	17540000	17560000	8549	53	9727	8646	0.00619956	0.48635	0.988781
20	17560000	17580000	11060	66	11769	11165	0.00596745	0.58845	0.990596
20	17580000	17600000	11903	73	3185	12311	0.00613291	0.15925	0.966859
20	17600000	17620000	14141	107	1963	14366	0.00756665	0.09815	0.984338
20	17620000	17640000	13204	94	2783	14275	0.00711905	0.13915	0.924974
20	17640000	17660000	11899	89	10017	12428	0.00747962	0.50085	0.957435
20	17660000	17680000	11848	62	9257	11997	0.00523295	0.46285	0.98758
20	17680000	17700000	12274	82	10499	12453	0.00668079	0.52495	0.985626
20	17700000	17720000	12217	83	9478	12338	0.00679381	0.4739	0.990193
20	17720000	17740000	11308	83	13547	13153	0.00733994	0.67735	0.859728
20	17740000	17760000	11406	87	11855	11518	0.00762756	0.59275	0.990276
20	17760000	17780000	11739	74	10868	12902	0.00630377	0.5434	0.909859
20	17780000	17800000	12291	106	10245	12448	0.0086242	0.51225	0.987388
20	17800000	17820000	12073	88	11178	12223	0.00728899	0.5589	0.987728
20	17820000	17840000	9509	69	11046	10499	0.00725628	0.5523	0.905705
20	17840000	17860000	12849	71	8761	13008	0.00552572	0.43805	0.987777
20	17860000	17880000	10251	63	12573	10359	0.00614574	0.62865	0.989574
20	17880000	17900000	9027	62	15454	9126	0.00686828	0.7727	0.989152
20	17900000	17920000	12192	67	10655	12539	0.00549541	0.53275	0.972326
20	17920000	17940000	11280	64	5130	11385	0.00567376	0.2565	0.990777
20	17940000	17960000	9551	59	6521	9692	0.00617736	0.32605	0.985452
20	17960000	17980000	6602	47	12967	6769	0.00711905	0.64835	0.975329
20	17980000	18000000	8036	53	14313	8199	0.00659532	0.71565	0.98012
20	18000000	18020000	9257	58	9385	9787	0.00626553	0.46925	0.945847
20	18020000	18040000	10711	41	8867	10914	0.00382784	0.44335	0.9814
20	18040000	18060000	7458	55	15273	7528	0.00737463	0.76365	0.990701
20	18060000	18080000	9628	68	14260	9777	0.00706273	0.713	0.98476
20	18080000	18100000	6575	42	17210	6628	0.00638783	0.8605	0.992004
20	18100000	18120000	6211	44	15368	6738	0.00708421	0.7684	0.921787
20	18120000	18140000	9326	59	9271	9868	0.0063264	0.46355	0.945075
20	18140000	18160000	8020	45	14496	9017	0.00561097	0.7248	0.889431
20	18160000	18180000	9286	46	8853	9362	0.00495369	0.44265	0.991882
20	18180000	18200000	8520	66	12794	8654	0.00774648	0.6397	0.984516
20	18200000	18220000	8295	73	13825	8390	0.00880048	0.69125	0.988677
20	18220000	18240000	6506	49	15086	6575	0.00753151	0.7543	0.989506
20	18240000	18260000	10368	67	11923	10443	0.00646219	0.59615	0.992818
20	18260000	18280000	12753	105	10538	12906	0.00823336	0.5269	0.988145
20	18280000	18300000	11169	60	10263	11308	0.00537201	0.51315	0.987708
20	18300000	18320000	5463	30	17448	5813	0.00549149	0.8724	0.93979
20	18320000	18340000	10095	60	10354	10181	0.00594354	0.5177	0.991553
20	18340000	18360000	9438	66	11158	9702	0.00699301	0.5579	0.972789
20	18360000	18380000	12771	95	7296	12871	0.00743873	0.3648	0.992231
20	18380000	18400000	10120	60	15105	10192	0.00592885	0.75525	0.992936
20	18400000	18420000	9888	79	11689	9977	0.00798948	0.58445	0.991079
20	18420000	18440000	11891	93	12930	12377	0.00782104	0.6465	0.960734
20	18440000	18460000	10326	42	10092	10412	0.0040674	0.5046	0.99174
20	18460000	18480000	8951	59	8861	9062	0.00659144	0.44305	0.987751
20	18480000	18500000	7934	40	10827	8013	0.00504159	0.54135	0.990141
20	18500000	18520000	8048	25	12754	8320	0.00310636	0.6377	0.967308
20	18520000	18540000	9981	35	11358	10111	0.00350666	0.5679	0.987143
20	18540000	18560000	9527	44	11741	10031	0.00461845	0.58705	0.949756
20	18560000	18580000	8536	60	11705	8899	0.00702905	0.58525	0.959209
20	18580000	18600000	6310	43	14119	6406	0.00681458	0.70595	0.985014
20	18600000	18620000	12254	68	7542	12584	0.00554921	0.3771	0.973776
20	18620000	18640000	11020	40	8052	11116	0.00362976	0.4026	0.991364
20	18640000	18660000	11732	43	6538	11890	0.00366519	0.3269	0.986712
20	18660000	18680000	10900	51	11161	11140	0.0046789	0.55805	0.978456
20	18680000	18700000	12437	94	6197	12721	0.00755809	0.30985	0.977675
20	18700000	18720000	14286	84	5609	14623	0.00587988	0.28045	0.976954
20	18720000	18740000	9109	44	9670	9171	0.00483039	0.4835	0.99324
20	18740000	18760000	8395	67	13296	8472	0.00798094	0.6648	0.990911
20	18760000	18780000	11554	73	9678	11634	0.00631816	0.4839	0.993124
20	18780000	18800000	12066	87	12797	12159	0.00721034	0.63985	0.992351
20	18800000	18820000	12970	89	9973	13074	0.00686199	0.49865	0.992045
20	18820000	18840000	10191	78	11439	13761	0.00765381	0.57195	0.740571
20	18840000	18860000	874	11	19956	890	0.0125858	0.9978	0.982022
20	18860000	18880000	9804	79	16515	9922	0.00805794	0.82575	0.988107
20	18880000	18900000	12718	83	11531	12838	0.00652618	0.57655	0.990653
20	18900000	18920000	6973	41	13511	7040	0.00587982	0.67555	0.990483
20	18920000	18940000	7494	40	13571	7570	0.0053376	0.67855	0.98996
20	18940000	18960000	11397	60	13217	11522	0.00526454	0.66085	0.989151
20	18960000	18980000	2346	13	8520	12270	0.00554135	0.426	0.191198
20	18980000	19000000	10896	74	7038	11972	0.00679148	0.3519	0.910124
20	19000000	19020000	9207	66	12711	9575	0.00716846	0.63555	0.961567
20	19020000	19040000	10836	55	11954	10925	0.00507567	0.5977	0.991854
20	19040000	19060000	10036	80	12964	10132	0.0079713	0.6482	0.990525
20	19060000	19080000	9688	69	11402	9858	0.00712221	0.5701	0.982755
20	19080000	19100000	13053	61	8921	13186	0.00467326	0.44605	0.989914
20	19100000	19120000	11277	97	11071	11437	0.00860158	0.55355	0.98601
20	19120000	19140000	10603	46	15719	10699	0.00433839	0.78595	0.991027
20	19140000	19160000	7144	73	17768	7241	0.0102184	0.8884	0.986604
20	19160000	19180000	8292	79	16544	8379	0.00952726	0.8272	0.989617
20	19180000	19200000	11432	65	9117	11516	0.00568579	0.45585	0.992706
20	19200000	19220000	12000	57	9403	13396	0.00475	0.47015	0.89579
20	19220000	19240000	12452	66	7902	14158	0.00530035	0.3951	0.879503
20	19240000	19260000	11542	55	7994	12224	0.00476521	0.3997	0.944208
20	19260000	19280000	12236	83	8427	12353	0.00678326	0.42135	0.990529
20	19280000	19300000	12102	65	6869	12265	0.00537101	0.34345	0.98671
20	19300000	19320000	12501	48	9351	12600	0.00383969	0.46755	0.992143
20	19320000	19340000	12985	75	10602	13110	0.0057759	0.5301	0.990465
20	19340000	19360000	13488	82	5956	14172	0.00607948	0.2978	0.951736
20	19360000	19380000	11312	76	12666	11420	0.00671853	0.6333	0.990543
20	19380000	19400000	14200	99	10294	14319	0.00697183	0.5147	0.991689
20	19400000	19420000	12282	87	7205	12429	0.00708354	0.36025	0.988173
20	19420000	19440000	12962	98	8388	13085	0.00756056	0.4194	0.9906
20	19440000	19460000	13289	127	7047	14198	0.00955678	0.35235	0.935977
20	19460000	19480000	14790	93	6286	14881	0.00628803	0.3143	0.993885
20	19480000	19500000	14422	77	7205	14530	0.00533907	0.36025	0.992567
20	19500000	19520000	13719	101	8272	13817	0.00736205	0.4136	0.992907
20	19520000	19540000	12813	77	6996	13079	0.00600952	0.3498	0.979662
20	19540000	19560000	13759	87	9286	13881	0.00632313	0.4643	0.991211
20	19560000	19580000	13834	108	5747	14370	0.00780685	0.28735	0.9627
20	19580000	19600000	12838	82	7394	13706	0.00638729	0.3697	0.93667
20	19600000	19620000	9268	52	9385	11526	0.0056107	0.46925	0.804095
20	19620000	19640000	13042	68	7367	13133	0.00521392	0.36835	0.993071
20	19640000	19660000	11650	72	7688	11983	0.00618026	0.3844	0.972211
20	19660000	19680000	12323	77	6759	12790	0.00624848	0.33795	0.963487
20	19680000	19700000	12647	96	8170	13412	0.00759073	0.4085	0.942962
20	19700000	19720000	11653	70	7033	11776	0.00600704	0.35165	0.989555
20	19720000	19740000	10007	47	12319	10179	0.00469671	0.61595	0.983102
20	19740000	19760000	12260	67	7667	12376	0.00546493	0.38335	0.990627
20	19760000	19780000	12812	89	7897	13179	0.00694661	0.39485	0.972153
20	19780000	19800000	10257	83	10146	10535	0.00809203	0.5073	0.973612
20	19800000	19820000	13007	104	7231	13627	0.00799569	0.36155	0.954502
20	19820000	19840000	8243	70	12352	8763	0.00849205	0.6176	0.94066
20	19840000	19860000	9277	49	11933	10693	0.00528188	0.59665	0.867577
20	19860000	19880000	10387	46	7342	10748	0.00442861	0.3671	0.966412
20	19880000	19900000	10434	73	11140	10605	0.00699636	0.557	0.983876
20	19900000	19920000	9830	55	10408	10499	0.00559512	0.5204	0.93628
20	19920000	19940000	11659	107	8056	11744	0.00917746	0.4028	0.992762
20	19940000	19960000	12057	86	5670	12152	0.00713279	0.2835	0.992182
20	19960000	19980000	11450	52	6989	11557	0.00454148	0.34945	0.990742
20	19980000	20000000	10728	58	8758	10805	0.00540641	0.4379	0.992874
20	20000000	20020000	12729	67	8185	12861	0.00526357	0.40925	0.989736
20	20020000	20040000	12378	70	7958	12540	0.00565519	0.3979	0.987081
20	20040000	20060000	11699	59	11116	11812	0.00504317	0.5558	0.990433
20	20060000	20080000	11253	56	7435	11374	0.00497645	0.37175	0.989362
20	20080000	20100000	10652	50	13386	10712	0.00469395	0.6693	0.994399
20	20100000	20120000	5318	29	19252	5387	0.00545318	0.9626	0.987191
20	20120000	20140000	4730	44	15942	7012	0.00930233	0.7971	0.674558
20	20140000	20160000	12137	86	8845	12247	0.00708577	0.44225	0.991018
20	20160000	20180000	11385	75	10825	11513	0.00658762	0.54125	0.988882
20	20180000	20200000	13814	83	4504	13918	0.0060084	0.2252	0.992528
20	20200000	20220000	14460	90	4376	14581	0.00622407	0.2188	0.991702
20	20220000	20240000	11434	64	9350	11837	0.00559734	0.4675	0.965954
20	20240000	20260000	12692	60	6312	12785	0.00472739	0.3156	0.992726
20	20260000	20280000	12831	85	11143	12943	0.00662458	0.55715	0.991347
20	20280000	20300000	10872	78	11424	10989	0.00717439	0.5712	0.989353
20	20300000	20320000	11726	99	10441	12429	0.00844278	0.52205	0.943439
20	20320000	20340000	6548	45	10843	6776	0.00687233	0.54215	0.966352
20	20340000	20360000	10960	49	3042	12748	0.0044708	0.1521	0.859743
20	20360000	20380000	12870	79	4685	13010	0.00613831	0.23425	0.989239
20	20380000	20400000	14431	79	4015	14529	0.00547433	0.20075	0.993255
20	20400000	20420000	14154	124	4377	14305	0.00876077	0.21885	0.989444
20	20420000	20440000	14147	52	4802	14253	0.00367569	0.2401	0.992563
20	20440000	20460000	13176	75	8406	13351	0.00569217	0.4203	0.986892
20	20460000	20480000	13860	49	6010	13941	0.00353535	0.3005	0.99419
20	20480000	20500000	11326	48	9249	11538	0.00423804	0.46245	0.981626
20	20500000	20520000	13954	76	7363	14047	0.00544647	0.36815	0.993379
20	20520000	20540000	9566	47	9303	9630	0.00491323	0.46515	0.993354
20	20540000	20560000	14016	58	4916	14129	0.00413813	0.2458	0.992002
20	20560000	20580000	12977	40	6282	13232	0.00308238	0.3141	0.980729
20	20580000	20600000	13101	35	5274	13964	0.00267155	0.2637	0.938198
20	20600000	20620000	13606	49	6567	13717	0.00360135	0.32835	0.991908
20	20620000	20640000	12938	48	6319	13015	0.00371	0.31595	0.994084
20	20640000	20660000	12214	65	8207	12313	0.00532176	0.41035	0.99196
20	20660000	20680000	13059	65	8519	13413	0.00497741	0.42595	0.973608
20	20680000	20700000	9776	42	9656	9856	0.00429624	0.4828	0.991883
20	20700000	20720000	10349	54	9018	10423	0.0052179	0.4509	0.9929
20	20720000	20740000	12195	85	8749	12369	0.00697007	0.43745	0.985933
20	20740000	20760000	9917	43	10231	10603	0.00433599	0.51155	0.935301
20	20760000	20780000	196	1	10960	12710	0.00510204	0.548	0.0154209
20	20780000	20800000	103	0	11879	10985	0	0.59395	0.00937642
20	20800000	20820000	10200	79	12727	10601	0.0077451	0.63635	0.962173
20	20820000	20840000	10607	72	7629	10730	0.00678797	0.38145	0.988537
20	20840000	20860000	13173	68	7107	13254	0.00516207	0.35535	0.993889
20	20860000	20880000	13405	82	6289	13540	0.00611712	0.31445	0.99003
20	20880000	20900000	12761	78	12194	12857	0.00611237	0.6097	0.992533
20	20900000	20920000	14060	91	9540	14168	0.00647226	0.477	0.992377
20	20920000	20940000	12051	73	10768	12152	0.00605759	0.5384	0.991689
20	20940000	20960000	12821	67	6926	13116	0.0052258	0.3463	0.977508
20	20960000	20980000	11873	90	9051	12470	0.00758022	0.45255	0.952125
20	20980000	21000000	12408	83	9208	12529	0.00668923	0.4604	0.990342
20	21000000	21020000	11781	80	7558	11884	0.0067906	0.3779	0.991333
20	21020000	21040000	12843	74	10496	13837	0.00576189	0.5248	0.928164
20	21040000	21060000	9091	67	15487	9176	0.00736993	0.77435	0.990737
20	21060000	21080000	12077	56	9869	13225	0.00463691	0.49345	0.913195
20	21080000	21100000	13038	83	5956	13130	0.00636601	0.2978	0.992993
20	21100000	21120000	1562	8	9214	11213	0.00512164	0.4607	0.139303
20	21120000	21140000	9502	62	5603	12929	0.00652494	0.28015	0.734937
20	21140000	21160000	8366	69	13721	8837	0.00824767	0.68605	0.946701
20	21160000	21180000	11346	84	7511	11423	0.00740349	0.37555	0.993259
20	21180000	21200000	11565	97	7032	11644	0.00838738	0.3516	0.993215
20	21200000	21220000	12279	51	5012	12368	0.00415343	0.2506	0.992804
20	21220000	21240000	9172	67	11550	9637	0.00730484	0.5775	0.951748
20	21240000	21260000	9397	66	10560	10120	0.00702352	0.528	0.928557
20	21260000	21280000	8583	30	13095	8642	0.00349528	0.65475	0.993173
20	21280000	21300000	8493	40	15092	8584	0.00470976	0.7546	0.989399
20	21300000	21320000	12441	48	6691	12835	0.00385821	0.33455	0.969303
20	21320000	21340000	12605	56	5538	12693	0.00444268	0.2769	0.993067
20	21340000	21360000	11154	60	8475	11245	0.00537924	0.42375	0.991908
20	21360000	21380000	13189	52	872	13264	0.00394268	0.0436	0.994346
20	21380000	21400000	6962	36	13595	7014	0.00517093	0.67975	0.992586
20	21400000	21420000	8507	59	13020	9184	0.00693546	0.651	0.926285
20	21420000	21440000	9475	43	12926	9850	0.00453826	0.6463	0.961929
20	21440000	21460000	11772	72	10288	11912	0.00611621	0.5144	0.988247
20	21460000	21480000	9880	70	10720	9962	0.00708502	0.536	0.991769
20	21480000	21500000	12933	83	2115	13030	0.00641769	0.10575	0.992556
20	21500000	21520000	13736	85	5442	13857	0.00618812	0.2721	0.991268
20	21520000	21540000	11219	99	11199	11513	0.00882432	0.55995	0.974464
20	21540000	21560000	11903	74	8650	12975	0.00621692	0.4325	0.91738
20	21560000	21580000	12958	61	10644	13058	0.00470752	0.5322	0.992342
20	21580000	21600000	13030	74	10599	13142	0.0056792	0.52995	0.991478
20	21600000	21620000	10415	95	13210	10554	0.00912146	0.6605	0.98683
20	21620000	21640000	6541	61	15733	6627	0.00932579	0.78665	0.987023
20	21640000	21660000	10738	67	10553	12620	0.00623952	0.52765	0.850872
20	21660000	21680000	13106	104	5161	13477	0.0079353	0.25805	0.972472
20	21680000	21700000	14033	72	400	14122	0.00513076	0.02	0.993698
20	21700000	21720000	8843	67	12126	8927	0.00757661	0.6063	0.99059
20	21720000	21740000	8381	43	15152	8453	0.00513065	0.7576	0.991482
20	21740000	21760000	12158	85	9318	12282	0.00699128	0.4659	0.989904
20	21760000	21780000	13227	78	8780	13872	0.00589703	0.439	0.953503
20	21780000	21800000	12375	89	7553	13409	0.00719192	0.37765	0.922888
20	21800000	21820000	13382	84	8141	13520	0.00627709	0.40705	0.989793
20	21820000	21840000	8204	36	15760	8285	0.0043881	0.788	0.990223
20	21840000	21860000	11106	64	7958	11217	0.00576265	0.3979	0.990104
20	21860000	21880000	6308	31	15598	6817	0.00491439	0.7799	0.925334
20	21880000	21900000	9089	71	11964	9241	0.00781164	0.5982	0.983552
20	21900000	21920000	9344	81	12978	9725	0.00866866	0.6489	0.960823
20	21920000	21940000	11630	101	10862	11733	0.00868444	0.5431	0.991221
20	21940000	21960000	10597	52	11705	10692	0.00490705	0.58525	0.991115
20	21960000	21980000	12880	109	10298	12998	0.00846273	0.5149	0.990922
20	21980000	22000000	8070	62	10954	8150	0.00768278	0.5477	0.990184
20	22000000	22020000	9183	52	11260	9284	0.00566264	0.563	0.989121
20	22020000	22040000	8336	50	13258	8421	0.00599808	0.6629	0.989906
20	22040000	22060000	12858	76	8015	13544	0.00591072	0.40075	0.94935
20	22060000	22080000	10048	87	12635	10157	0.00865844	0.63175	0.989268
20	22080000	22100000	8136	50	13170	8234	0.00614553	0.6585	0.988098
20	22100000	22120000	5963	34	16398	7971	0.00570183	0.8199	0.748087
20	22120000	22140000	12886	62	7154	12988	0.00481142	0.3577	0.992147
20	22140000	22160000	9102	49	10190	11195	0.00538343	0.5095	0.813042
20	22160000	22180000	133	0	18975	4755	0	0.94875	0.0279706
20	22180000	22200000	10202	47	11270	10290	0.00460694	0.5635	0.991448
20	22200000	22220000	14092	71	5744	14260	0.00503832	0.2872	0.988219
20	22220000	22240000	13803	116	6300	13950	0.00840397	0.315	0.989462
20	22240000	22260000	11613	54	6882	11768	0.00464996	0.3441	0.986829
20	22260000	22280000	12641	81	6546	13319	0.00640772	0.3273	0.949095
20	22280000	22300000	12802	105	8207	13625	0.00820184	0.41035	0.939596
20	22300000	22320000	11966	103	6053	13136	0.00860772	0.30265	0.910932
20	22320000	22340000	11830	100	10071	11946	0.00845309	0.50355	0.99029
20	22340000	22360000	12735	63	9193	12857	0.004947	0.45965	0.990511
20	22360000	22380000	13764	69	5343	13896	0.00501308	0.26715	0.990501
20	22380000	22400000	12493	68	7830	12603	0.00544305	0.3915	0.991272
20	22400000	22420000	14397	72	8204	14548	0.00500104	0.4102	0.989621
20	22420000	22440000	14038	59	5871	14166	0.00420288	0.29355	0.990964
20	22440000	22460000	11716	66	6875	12046	0.00563332	0.34375	0.972605
20	22460000	22480000	12400	80	9265	12515	0.00645161	0.46325	0.990811
20	22480000	22500000	11798	87	6282	13120	0.00737413	0.3141	0.899238
20	22500000	22520000	12609	112	7911	12838	0.00888254	0.39555	0.982162
20	22520000	22540000	10902	79	10079	11095	0.00724638	0.50395	0.982605
20	22540000	22560000	13807	64	401	13927	0.00463533	0.02005	0.991384
20	22560000	22580000	11451	63	3403	12385	0.0055017	0.17015	0.924586
20	22580000	22600000	13442	71	7448	13553	0.00528195	0.3724	0.99181
20	22600000	22620000	13015	83	9259	13127	0.00637726	0.46295	0.991468
20	22620000	22640000	10731	63	10361	11005	0.00587084	0.51805	0.975102
20	22640000	22660000	11918	117	10369	12070	0.00981708	0.51845	0.987407
20	22660000	22680000	13305	95	8434	13486	0.00714017	0.4217	0.986579
20	22680000	22700000	11412	81	13357	11550	0.00709779	0.66785	0.988052
20	22700000	22720000	7304	69	11395	7387	0.00944688	0.56975	0.988764
20	22720000	22740000	12207	93	9662	12358	0.00761858	0.4831	0.987781
20	22740000	22760000	13141	62	4890	13259	0.00471806	0.2445	0.9911
20	22760000	22780000	13535	117	10738	13799	0.00864426	0.5369	0.980868
20	22780000	22800000	14334	108	4777	14475	0.00753453	0.23885	0.990259
20	22800000	22820000	11871	138	8902	12025	0.011625	0.4451	0.987193
20	22820000	22840000	9912	84	12533	10013	0.00847458	0.62665	0.989913
20	22840000	22860000	8635	72	11820	10121	0.00833816	0.591	0.853177
20	22860000	22880000	9728	55	11148	11086	0.00565378	0.5574	0.877503
20	22880000	22900000	9081	47	13209	9691	0.00517564	0.66045	0.937055
20	22900000	22920000	12669	98	9654	13704	0.00773542	0.4827	0.924475
20	22920000	22940000	14012	91	8549	14157	0.00649443	0.42745	0.989758
20	22940000	22960000	8644	68	13813	8725	0.00786673	0.69065	0.990716
20	22960000	22980000	8633	62	11057	9041	0.00718174	0.55285	0.954872
20	22980000	23000000	12752	109	8074	13621	0.00854768	0.4037	0.936201
20	23000000	23020000	13122	89	6569	13414	0.0067825	0.32845	0.978232
20	23020000	23040000	13447	66	5240	13645	0.00490816	0.262	0.985489
20	23040000	23060000	12981	69	8506	13243	0.00531546	0.4253	0.980216
20	23060000	23080000	13297	107	4036	13587	0.00804693	0.2018	0.978656
20	23080000	23100000	13484	92	5903	14435	0.0068229	0.29515	0.934118
20	23100000	23120000	13210	72	4919	14166	0.00545042	0.24595	0.932514
20	23120000	23140000	13037	69	4677	13645	0.00529263	0.23385	0.955442
20	23140000	23160000	10056	53	9484	10448	0.00527049	0.4742	0.962481
20	23160000	23180000	9441	55	11803	9558	0.00582565	0.59015	0.987759
20	23180000	23200000	10465	42	9432	13067	0.00401338	0.4716	0.800872
20	23200000	23220000	10260	48	11178	10348	0.00467836	0.5589	0.991496
20	23220000	23240000	11725	98	8828	11864	0.00835821	0.4414	0.988284
20	23240000	23260000	10510	83	10078	11177	0.00789724	0.5039	0.940324
20	23260000	23280000	11860	68	7254	12026	0.00573356	0.3627	0.986197
20	23280000	23300000	11186	59	7638	11628	0.00527445	0.3819	0.961988
20	23300000	23320000	11510	67	10455	11602	0.00582103	0.52275	0.99207
20	23320000	23340000	11351	56	7225	11437	0.00493349	0.36125	0.992481
20	23340000	23360000	12820	44	3750	12915	0.00343214	0.1875	0.992644
20	23360000	23380000	10915	39	13363	11002	0.00357306	0.66815	0.992092
20	23380000	23400000	11786	47	10086	11864	0.00398778	0.5043	0.993425
20	23400000	23420000	7615	47	11393	7703	0.00617203	0.56965	0.988576
20	23420000	23440000	12663	88	7055	13585	0.00694938	0.35275	0.932131
20	23440000	23460000	6077	68	15046	6222	0.0111897	0.7523	0.976696
20	23460000	23480000	11146	114	9104	11433	0.0102279	0.4552	0.974897
20	23480000	23500000	13459	104	6988	13619	0.00772717	0.3494	0.988252
20	23500000	23520000	10129	54	13111	10437	0.00533123	0.65555	0.97049
20	23520000	23540000	10426	69	8629	10549	0.00661807	0.43145	0.98834
20	23540000	23560000	9237	56	14202	9328	0.00606257	0.7101	0.990244
20	23560000	23580000	6511	47	13892	6866	0.00721855	0.6946	0.948296
20	23580000	23600000	11477	71	7118	11648	0.00618629	0.3559	0.985319
20	23600000	23620000	8990	95	9226	9523	0.0105673	0.4613	0.94403
20	23620000	23640000	8050	67	9850	10723	0.00832298	0.4925	0.750723
20	23640000	23660000	0	0	12045	3746		0.60225	0
20	23660000	23680000	0	0	9355	2411		0.46775	0
20	23680000	23700000	428	60	10896	3269	0.140187	0.5448	0.130927
20	23700000	23720000	914	125	14002	940	0.136761	0.7001	0.97234
20	23720000	23740000	1201	123	10610	1601	0.102415	0.5305	0.750156
20	23740000	23760000	2554	70	10172	3717	0.027408	0.5086	0.687113
20	23760000	23780000	1567	88	11651	2114	0.0561583	0.58255	0.741249
20	23780000	23800000	474	15	16186	572	0.0316456	0.8093	0.828671
20	23800000	23820000	650	6	10029	4112	0.00923077	0.50145	0.158074
20	23820000	23840000	0	0	10717	3095		0.53585	0
20	23840000	23860000	0	0	10652	7394		0.5326	0
20	23860000	23880000	0	0	11094	6977		0.5547	0
20	23880000	23900000	0	0	13865	6065		0.69325	0
20	23900000	23920000	0	0	10709	10475		0.53545	0
20	23920000	23940000	0	0	11940	10272		0.597	0
20	23940000	23960000	0	0	12472	10329		0.6236	0
20	23960000	23980000	0	0	6476	2069		0.3238	0
20	23980000	24000000	0	0	8018	13992		0.4009	0
20	24000000	24020000	12376	49	8781	13385	0.00395928	0.43905	0.924617
20	24020000	24040000	13503	103	7734	13680	0.00762793	0.3867	0.987061
20	24040000	24060000	12478	91	10918	12626	0.00729284	0.5459	0.988278
20	24060000	24080000	12848	77	9664	13007	0.00599315	0.4832	0.987776
20	24080000	24100000	13159	93	6971	13301	0.00706741	0.34855	0.989324
20	24100000	24120000	13425	91	8799	13580	0.0067784	0.43995	0.988586
20	24120000	24140000	14438	131	4788	14766	0.00907328	0.2394	0.977787
20	24140000	24160000	11945	104	11798	12079	0.00870657	0.5899	0.988906
20	24160000	24180000	12965	127	14055	13122	0.0097956	0.70275	0.988035
20	24180000	24200000	11153	109	11706	11291	0.00977316	0.5853	0.987778
20	24200000	24220000	9258	179	16023	9364	0.0193346	0.80115	0.98868
20	24220000	24240000	13297	78	8998	13587	0.00586598	0.4499	0.978656
20	24240000	24260000	10237	49	11142	11476	0.00478656	0.5571	0.892036
20	24260000	24280000	11116	89	10609	11237	0.00800648	0.53045	0.989232
20	24280000	24300000	14259	96	7430	14392	0.00673259	0.3715	0.990759
20	24300000	24320000	13315	117	11566	13472	0.00878708	0.5783	0.988346
20	24320000	24340000	11755	94	12443	11864	0.0079966	0.62215	0.990813
20	24340000	24360000	13500	67	9168	13615	0.00496296	0.4584	0.991553
20	24360000	24380000	12657	113	7370	12813	0.00892787	0.3685	0.987825
20	24380000	24400000	11396	69	8905	11505	0.00605476	0.44525	0.990526
20	24400000	24420000	11811	59	8982	11947	0.00499534	0.4491	0.988616
20	24420000	24440000	14430	66	7617	14580	0.0045738	0.38085	0.989712
20	24440000	24460000	14146	94	3807	14265	0.00664499	0.19035	0.991658
20	24460000	24480000	13001	105	6847	13315	0.0080763	0.34235	0.976418
20	24480000	24500000	9195	62	10993	9302	0.00674279	0.54965	0.988497
20	24500000	24520000	9817	53	10518	11189	0.0053988	0.5259	0.87738
20	24520000	24540000	8435	45	13010	8609	0.00533491	0.6505	0.979789
20	24540000	24560000	12661	88	8378	12779	0.00695048	0.4189	0.990766
20	24560000	24580000	10783	98	7271	10932	0.00908838	0.36355	0.98637
20	24580000	24600000	12762	80	6327	12874	0.00626861	0.31635	0.9913
20	24600000	24620000	11851	113	9277	11991	0.00953506	0.46385	0.988325
20	24620000	24640000	13463	74	9117	13848	0.00549655	0.45585	0.972198
20	24640000	24660000	14347	147	2613	14695	0.010246	0.13065	0.976318
20	24660000	24680000	10900	101	8604	11782	0.00926606	0.4302	0.92514
20	24680000	24700000	11635	89	12326	12334	0.00764933	0.6163	0.943327
20	24700000	24720000	12836	98	9921	13020	0.00763478	0.49605	0.985868
20	24720000	24740000	11880	108	11310	12088	0.00909091	0.5655	0.982793
20	24740000	24760000	14571	150	4914	14733	0.0102944	0.2457	0.989004
20	24760000	24780000	14337	104	6213	14540	0.00725396	0.31065	0.986039
20	24780000	24800000	10335	77	4649	13303	0.00745041	0.23245	0.776892
20	24800000	24820000	13685	108	8282	14494	0.00789185	0.4141	0.944184
20	24820000	24840000	8239	53	14091	8320	0.00643282	0.70455	0.990264
20	24840000	24860000	12578	76	9248	12700	0.0060423	0.4624	0.990394
20	24860000	24880000	11585	77	14712	11722	0.00664653	0.7356	0.988313
20	24880000	24900000	8282	55	12607	8482	0.00664091	0.63035	0.976421
20	24900000	24920000	4450	46	17011	4731	0.0103371	0.85055	0.940605
20	24920000	24940000	9913	107	9471	10046	0.0107939	0.47355	0.986761
20	24940000	24960000	11993	67	5998	12100	0.00558659	0.2999	0.991157
20	24960000	24980000	13549	112	5208	13762	0.00826629	0.2604	0.984523
20	24980000	25000000	12903	96	7498	13076	0.00744013	0.3749	0.98677
20	25000000	25020000	12935	51	8021	13046	0.00394279	0.40105	0.991492
20	25020000	25040000	13697	135	4319	13849	0.00985617	0.21595	0.989024
20	25040000	25060000	13341	65	7669	13505	0.0048722	0.38345	0.987856
20	25060000	25080000	11198	77	10365	11313	0.00687623	0.51825	0.989835
20	25080000	25100000	5943	29	14048	6005	0.00487969	0.7024	0.989675
20	25100000	25120000	12001	76	12833	12106	0.00633281	0.64165	0.991327
20	25120000	25140000	11314	56	10847	11516	0.00494962	0.54235	0.982459
20	25140000	25160000	5403	34	14895	5451	0.0062928	0.74475	0.991194
20	25160000	25180000	7446	57	12659	7516	0.00765512	0.63295	0.990687
20	25180000	25200000	11367	44	9342	11457	0.00387085	0.4671	0.992145
20	25200000	25220000	10025	52	8017	10180	0.00518703	0.40085	0.984774
20	25220000	25240000	11148	65	8502	11248	0.00583064	0.4251	0.99111
20	25240000	25260000	9439	49	8662	9785	0.00519123	0.4331	0.96464
20	25260000	25280000	12566	77	3237	13317	0.00612765	0.16185	0.943606
20	25280000	25300000	11039	63	5800	11210	0.00570704	0.29	0.984746
20	25300000	25320000	7954	28	10935	8019	0.00352024	0.54675	0.991894
20	25320000	25340000	9023	51	11650	9316	0.00565222	0.5825	0.968549
20	25340000	25360000	8110	55	12773	8172	0.00678175	0.63865	0.992413
20	25360000	25380000	3109	19	14127	3335	0.00611129	0.70635	0.932234
20	25380000	25400000	3399	16	14046	4547	0.00470727	0.7023	0.747526
20	25400000	25420000	5081	35	17173	5119	0.00688841	0.85865	0.992577
20	25420000	25440000	9930	73	10676	10041	0.00735146	0.5338	0.988945
20	25440000	25460000	10653	68	7370	10909	0.00638318	0.3685	0.976533
20	25460000	25480000	12804	83	4734	13512	0.00648235	0.2367	0.947602
20	25480000	25500000	11174	89	7678	11291	0.00796492	0.3839	0.989638
20	25500000	25520000	11003	67	10604	11201	0.00608925	0.5302	0.982323
20	25520000	25540000	9574	55	10988	9776	0.00574473	0.5494	0.979337
20	25540000	25560000	7234	46	14060	7705	0.00635886	0.703	0.938871
20	25560000	25580000	7007	43	12778	7102	0.00613672	0.6389	0.986623
20	25580000	25600000	8519	51	9158	9518	0.00598662	0.4579	0.895041
20	25600000	25620000	6521	40	12316	6594	0.00613403	0.6158	0.988929
20	25620000	25640000	5282	23	18951	5418	0.00435441	0.94755	0.974898
20	25640000	25660000	8292	35	13586	8348	0.00422094	0.6793	0.993292
20	25660000	25680000	10160	47	12609	10254	0.00462598	0.63045	0.990833
20	25680000	25700000	384	3	19933	1107	0.0078125	0.99665	0.346883
20	25700000	25720000	7701	28	13810	7758	0.00363589	0.6905	0.992653
20	25720000	25740000	5366	19	8588	9288	0.00354081	0.4294	0.577735
20	25740000	25760000	0	0	7388	6		0.3694	0
20	25760000	25780000	0	0	10861	0		0.54305	
20	25780000	25800000	0	0	13808	0		0.6904	
20	25800000	25820000	0	0	12256	0		0.6128	
20	25820000	25840000	0	0	11529	451		0.57645	0
20	25840000	25860000	0	0	15365	1094		0.76825	0
20	25860000	25880000	0	0	9880	125		0.494	0
20	25880000	25900000	0	0	11561	131		0.57805	0
20	25900000	25920000	0	0	10908	96		0.5454	0
20	25920000	25940000	0	0	12270	139		0.6135	0
20	25940000	25960000	0	0	16694	356		0.8347	0
20	25960000	25980000	0	0	13028	581		0.6514	0
20	25980000	26000000	0	0	14581	43		0.72905	0
20	26000000	26020000	0	0	11588	0		0.5794	
20	26020000	26040000	0	0	14980	0		0.749	
20	26040000	26060000	0	0	11146	0		0.5573	
20	26060000	26080000	0	0	6025	50		0.30125	0
20	26080000	26100000	227	9	14026	307	0.0396476	0.7013	0.739414
20	26100000	26120000	630	26	11544	641	0.0412698	0.5772	0.982839
20	26120000	26140000	192	8	8812	194	0.0416667	0.4406	0.989691
20	26140000	26160000	307	7	5536	309	0.0228013	0.2768	0.993528
20	26160000	26180000	392	4	7232	396	0.0102041	0.3616	0.989899
20	26180000	26200000	402	5	7604	506	0.0124378	0.3802	0.794466
20	26200000	26220000	0	0	9036	369		0.4518	0
20	26220000	26240000	0	0	10257	532		0.51285	0
20	26240000	26260000	0	0	13347	217		0.66735	0
20	26260000	26280000	0	0	19972	0		0.9986	
20	26280000	26300000	0	0	20000	0		1	
20	26300000	26320000	0	0	19564	0		0.9782	
20	26320000	26340000	0	0	0	0		0	
20	26340000	26360000	0	0	0	0		0	
20	26360000	26380000	0	0	0	0		0	
20	26380000	26400000	0	0	0	0		0	
20	26400000	26420000	0	0	0	0		0	
20	26420000	26440000	0	0	0	0		0	
20	26440000	26460000	0	0	0	0		0	
20	26460000	26480000	0	0	0	0		0	
20	26480000	26500000	0	0	0	0		0	
20	26500000	26520000	0	0	0	0		0	
20	26520000	26540000	0	0	0	0		0	
20	26540000	26560000	0	0	0	0		0	
20	26560000	26580000	0	0	0	0		0	
20	26580000	26600000	0	0	0	0		0	
20	26600000	26620000	0	0	0	0		0	
20	26620000	26640000	0	0	0	0		0	
20	26640000	26660000	0	0	0	0		0	
20	26660000	26680000	0	0	0	0		0	
20	26680000	26700000	0	0	0	0		0	
20	26700000	26720000	0	0	0	0		0	
20	26720000	26740000	0	0	0	0		0	
20	26740000	26760000	0	0	0	0		0	
20	26760000	26780000	0	0	0	0		0	
20	26780000	26800000	0	0	0	0		0	
20	26800000	26820000	0	0	0	0		0	
20	26820000	26840000	0	0	0	0		0	
20	26840000	26860000	0	0	0	0		0	
20	26860000	26880000	0	0	0	0		0	
20	26880000	26900000	0	0	0	0		0	
20	26900000	26920000	0	0	0	0		0	
20	26920000	26940000	0	0	0	0		0	
20	26940000	26960000	0	0	0	0		0	
20	26960000	26980000	0	0	0	0		0	
20	26980000	27000000	0	0	0	0		0	
20	27000000	27020000	0	0	0	0		0	
20	27020000	27040000	0	0	0	0		0	
20	27040000	27060000	0	0	0	0		0	
20	27060000	27080000	0	0	0	0		0	
20	27080000	27100000	0	0	0	0		0	
20	27100000	27120000	0	0	0	0		0	
20	27120000	27140000	0	0	0	0		0	
20	27140000	27160000	0	0	0	0		0	
20	27160000	27180000	0	0	0	0		0	
20	27180000	27200000	0	0	0	0		0	
20	27200000	27220000	0	0	0	0		0	
20	27220000	27240000	0	0	0	0		0	
20	27240000	27260000	0	0	0	0		0	
20	27260000	27280000	0	0	0	0		0	
20	27280000	27300000	0	0	0	0		0	
20	27300000	27320000	0	0	0	0		0	
20	27320000	27340000	0	0	0	0		0	
20	27340000	27360000	0	0	0	0		0	
20	27360000	27380000	0	0	0	0		0	
20	27380000	27400000	0	0	0	0		0	
20	27400000	27420000	0	0	0	0		0	
20	27420000	27440000	0	0	0	0		0	
20	27440000	27460000	0	0	0	0		0	
20	27460000	27480000	0	0	0	0		0	
20	27480000	27500000	0	0	0	0		0	
20	27500000	27520000	0	0	0	0		0	
20	27520000	27540000	0	0	0	0		0	
20	27540000	27560000	0	0	0	0		0	
20	27560000	27580000	0	0	0	0		0	
20	27580000	27600000	0	0	0	0		0	
20	27600000	27620000	0	0	0	0		0	
20	27620000	27640000	0	0	0	0		0	
20	27640000	27660000	0	0	0	0		0	
20	27660000	27680000	0	0	0	0		0	
20	27680000	27700000	0	0	0	0		0	
20	27700000	27720000	0	0	0	0		0	
20	27720000	27740000	0	0	0	0		0	
20	27740000	27760000	0	0	0	0		0	
20	27760000	27780000	0	0	0	0		0	
20	27780000	27800000	0	0	0	0		0	
20	27800000	27820000	0	0	0	0		0	
20	27820000	27840000	0	0	0	0		0	
20	27840000	27860000	0	0	0	0		0	
20	27860000	27880000	0	0	0	0		0	
20	27880000	27900000	0	0	0	0		0	
20	27900000	27920000	0	0	0	0		0	
20	27920000	27940000	0	0	0	0		0	
20	27940000	27960000	0	0	0	0		0	
20	27960000	27980000	0	0	0	0		0	
20	27980000	28000000	0	0	0	0		0	
20	28000000	28020000	0	0	0	0		0	
20	28020000	28040000	0	0	0	0		0	
20	28040000	28060000	0	0	0	0		0	
20	28060000	28080000	0	0	0	0		0	
20	28080000	28100000	0	0	0	0		0	
20	28100000	28120000	0	0	0	0		0	
20	28120000	28140000	0	0	0	0		0	
20	28140000	28160000	0	0	0	0		0	
20	28160000	28180000	0	0	0	0		0	
20	28180000	28200000	0	0	0	0		0	
20	28200000	28220000	0	0	0	0		0	
20	28220000	28240000	0	0	0	0		0	
20	28240000	28260000	0	0	0	0		0	
20	28260000	28280000	0	0	0	0		0	
20	28280000	28300000	0	0	0	0		0	
20	28300000	28320000	0	0	0	0		0	
20	28320000	28340000	0	0	0	0		0	
20	28340000	28360000	0	0	0	0		0	
20	28360000	28380000	0	0	0	0		0	
20	28380000	28400000	0	0	0	0		0	
20	28400000	28420000	0	0	0	0		0	
20	28420000	28440000	0	0	0	0		0	
20	28440000	28460000	0	0	0	0		0	
20	28460000	28480000	0	0	0	0		0	
20	28480000	28500000	0	0	0	0		0	
20	28500000	28520000	0	0	0	0		0	
20	28520000	28540000	0	0	0	0		0	
20	28540000	28560000	0	0	0	0		0	
20	28560000	28580000	0	0	0	0		0	
20	28580000	28600000	0	0	0	0		0	
20	28600000	28620000	0	0	0	0		0	
20	28620000	28640000	0	0	0	0		0	
20	28640000	28660000	0	0	0	0		0	
20	28660000	28680000	0	0	0	0		0	
20	28680000	28700000	0	0	0	0		0	
20	28700000	28720000	0	0	0	0		0	
20	28720000	28740000	0	0	0	0		0	
20	28740000	28760000	0	0	0	0		0	
20	28760000	28780000	0	0	0	0		0	
20	28780000	28800000	0	0	0	0		0	
20	28800000	28820000	0	0	0	0		0	
20	28820000	28840000	0	0	0	0		0	
20	28840000	28860000	0	0	0	0		0	
20	28860000	28880000	0	0	0	0		0	
20	28880000	28900000	0	0	0	0		0	
20	28900000	28920000	0	0	0	0		0	
20	28920000	28940000	0	0	0	0		0	
20	28940000	28960000	0	0	0	0		0	
20	28960000	28980000	0	0	0	0		0	
20	28980000	29000000	0	0	0	0		0	
20	29000000	29020000	0	0	0	0		0	
20	29020000	29040000	0	0	0	0		0	
20	29040000	29060000	0	0	0	0		0	
20	29060000	29080000	0	0	0	0		0	
20	29080000	29100000	0	0	0	0		0	
20	29100000	29120000	0	0	0	0		0	
20	29120000	29140000	0	0	0	0		0	
20	29140000	29160000	0	0	0	0		0	
20	29160000	29180000	0	0	0	0		0	
20	29180000	29200000	0	0	0	0		0	
20	29200000	29220000	0	0	0	0		0	
20	29220000	29240000	0	0	0	0		0	
20	29240000	29260000	0	0	0	0		0	
20	29260000	29280000	0	0	0	0		0	
20	29280000	29300000	0	0	0	0		0	
20	29300000	29320000	0	0	0	0		0	
20	29320000	29340000	0	0	0	0		0	
20	29340000	29360000	0	0	0	0		0	
20	29360000	29380000	0	0	0	0		0	
20	29380000	29400000	0	0	0	0		0	
20	29400000	29420000	0	0	431	0		0.02155	
20	29420000	29440000	0	0	10193	86		0.50965	0
20	29440000	29460000	0	0	10191	102		0.50955	0
20	29460000	29480000	0	0	11303	140		0.56515	0
20	29480000	29500000	0	0	15153	86		0.75765	0
20	29500000	29520000	0	0	16079	336		0.80395	0
20	29520000	29540000	0	0	5821	339		0.29105	0
20	29540000	29560000	0	0	6544	121		0.3272	0
20	29560000	29580000	0	0	10395	81		0.51975	0
20	29580000	29600000	0	0	10723	150		0.53615	0
20	29600000	29620000	0	0	12791	95		0.63955	0
20	29620000	29640000	0	0	6031	151		0.30155	0
20	29640000	29660000	0	0	12968	241		0.6484	0
20	29660000	29680000	0	0	0	0		0	
20	29680000	29700000	0	0	0	0		0	
20	29700000	29720000	0	0	0	0		0	
20	29720000	29740000	0	0	0	0		0	
20	29740000	29760000	0	0	0	0		0	
20	29760000	29780000	0	0	0	0		0	
20	29780000	29800000	0	0	0	0		0	
20	29800000	29820000	0	0	14863	23		0.74315	0
20	29820000	29840000	0	0	18611	3554		0.93055	0
20	29840000	29860000	0	0	13490	9124		0.6745	0
20	29860000	29880000	6337	42	14038	7554	0.00662774	0.7019	0.838893
20	29880000	29900000	8413	52	12524	8475	0.00618091	0.6262	0.992684
20	29900000	29920000	11804	49	10463	11987	0.00415114	0.52315	0.984733
20	29920000	29940000	7745	34	10933	7807	0.00438993	0.54665	0.992058
20	29940000	29960000	8760	41	12969	8848	0.00468037	0.64845	0.990054
20	29960000	29980000	9907	52	12103	10743	0.00524881	0.60515	0.922182
20	29980000	30000000	9889	39	10770	10514	0.00394378	0.5385	0.940555
20	30000000	30020000	8889	33	14582	8990	0.00371245	0.7291	0.988765
20	30020000	30040000	9841	34	14063	9899	0.00345493	0.70315	0.994141
20	30040000	30060000	7045	16	14401	7093	0.00227111	0.72005	0.993233
20	30060000	30080000	11496	51	9277	11575	0.00443633	0.46385	0.993175
20	30080000	30100000	9160	36	13236	9219	0.00393013	0.6618	0.9936
20	30100000	30120000	7800	25	12153	7840	0.00320513	0.60765	0.994898
20	30120000	30140000	11189	49	10723	11251	0.0043793	0.53615	0.994489
20	30140000	30160000	10642	43	8794	10710	0.00404059	0.4397	0.993651
20	30160000	30180000	5088	28	14138	5131	0.00550314	0.7069	0.99162
20	30180000	30200000	7614	29	11097	7686	0.00380877	0.55485	0.990632
20	30200000	30220000	5169	24	17460	5216	0.00464306	0.873	0.990989
20	30220000	30240000	7596	23	12975	7663	0.00302791	0.64875	0.991257
20	30240000	30260000	8602	36	12577	8661	0.00418507	0.62885	0.993188
20	30260000	30280000	11147	40	11506	11312	0.00358841	0.5753	0.985414
20	30280000	30300000	9891	26	12361	9952	0.00262865	0.61805	0.993871
20	30300000	30320000	9164	35	9876	9207	0.00381929	0.4938	0.99533
20	30320000	30340000	7510	27	12111	7712	0.00359521	0.60555	0.973807
20	30340000	30360000	7780	23	12746	8430	0.0029563	0.6373	0.922894
20	30360000	30380000	9581	42	10988	9650	0.00438368	0.5494	0.99285
20	30380000	30400000	10672	31	7687	10944	0.0029048	0.38435	0.975146
20	30400000	30420000	13602	52	6537	13728	0.00382297	0.32685	0.990822
20	30420000	30440000	13234	64	5963	13431	0.00483603	0.29815	0.985332
20	30440000	30460000	12411	52	9389	12724	0.00418983	0.46945	0.975401
20	30460000	30480000	9208	35	14528	9286	0.00380104	0.7264	0.9916
20	30480000	30500000	9852	35	14892	9942	0.00355258	0.7446	0.990947
20	30500000	30520000	11410	58	13482	11507	0.00508326	0.6741	0.99157
20	30520000	30540000	12331	43	9224	12429	0.00348715	0.4612	0.992115
20	30540000	30560000	11598	32	11088	12518	0.0027591	0.5544	0.926506
20	30560000	30580000	9437	50	12164	10866	0.00529829	0.6082	0.868489
20	30580000	30600000	11317	55	8389	12697	0.00485995	0.41945	0.891313
20	30600000	30620000	10139	38	12075	10272	0.0037479	0.60375	0.987052
20	30620000	30640000	10683	66	12991	10792	0.00617804	0.64955	0.9899
20	30640000	30660000	10796	41	12664	10869	0.0037977	0.6332	0.993284
20	30660000	30680000	10118	52	10645	11097	0.00513936	0.53225	0.911778
20	30680000	30700000	7378	22	13262	9110	0.00298184	0.6631	0.809879
20	30700000	30720000	8206	40	12075	9053	0.00487448	0.60375	0.90644
20	30720000	30740000	11976	48	9209	12117	0.00400802	0.46045	0.988363
20	30740000	30760000	10292	29	9772	10381	0.00281772	0.4886	0.991427
20	30760000	30780000	7797	34	12541	8062	0.00436065	0.62705	0.96713
20	30780000	30800000	10516	40	6293	10563	0.00380373	0.31465	0.995551
20	30800000	30820000	10423	48	12616	10494	0.0046052	0.6308	0.993234
20	30820000	30840000	8579	35	14131	8660	0.00407973	0.70655	0.990647
20	30840000	30860000	5266	28	15896	6658	0.00531713	0.7948	0.790928
20	30860000	30880000	9226	43	13866	9284	0.00466074	0.6933	0.993753
20	30880000	30900000	5732	30	12569	7298	0.00523378	0.62845	0.785421
20	30900000	30920000	8353	48	12141	8418	0.00574644	0.60705	0.992278
20	30920000	30940000	10000	34	12080	10065	0.0034	0.604	0.993542
20	30940000	30960000	9816	56	8555	9950	0.00570497	0.42775	0.986533
20	30960000	30980000	7225	32	13566	7509	0.00442907	0.6783	0.962179
20	30980000	31000000	6789	31	18751	6847	0.00456621	0.93755	0.991529
20	31000000	31020000	9957	43	13057	10036	0.00431857	0.65285	0.992128
20	31020000	31040000	15044	53	1298	15181	0.003523	0.0649	0.990976
20	31040000	31060000	11700	57	4196	12284	0.00487179	0.2098	0.952458
20	31060000	31080000	10976	36	6203	11574	0.00327988	0.31015	0.948332
20	31080000	31100000	10318	55	10207	10701	0.00533049	0.51035	0.964209
20	31100000	31120000	12080	54	5656	13076	0.0044702	0.2828	0.92383
20	31120000	31140000	9484	48	10552	9679	0.00506116	0.5276	0.979853
20	31140000	31160000	12633	75	10027	12892	0.00593683	0.50135	0.97991
20	31160000	31180000	10850	74	8313	11481	0.00682028	0.41565	0.94504
20	31180000	31200000	11333	65	13127	12263	0.00573546	0.65635	0.924162
20	31200000	31220000	9733	61	11119	9852	0.00626734	0.55595	0.987921
20	31220000	31240000	10810	66	10986	10932	0.00610546	0.5493	0.98884
20	31240000	31260000	7248	42	13487	7573	0.0057947	0.67435	0.957084
20	31260000	31280000	7833	51	9343	8274	0.00651092	0.46715	0.946701
20	31280000	31300000	6379	31	12001	7122	0.0048597	0.60005	0.895675
20	31300000	31320000	4464	33	15226	4540	0.00739247	0.7613	0.98326
20	31320000	31340000	5692	31	14354	5863	0.00544624	0.7177	0.970834
20	31340000	31360000	8168	58	11582	8353	0.00710088	0.5791	0.977852
20	31360000	31380000	9232	44	7333	10491	0.00476603	0.36665	0.879992
20	31380000	31400000	12119	55	4807	12223	0.00453833	0.24035	0.991491
20	31400000	31420000	6601	16	11063	7873	0.00242388	0.55315	0.838435
20	31420000	31440000	9401	52	7024	9463	0.00553133	0.3512	0.993448
20	31440000	31460000	9183	56	10175	9339	0.00609822	0.50875	0.983296
20	31460000	31480000	9574	64	11500	9697	0.00668477	0.575	0.987316
20	31480000	31500000	11526	46	8517	11632	0.00399098	0.42585	0.990887
20	31500000	31520000	9312	43	12128	9384	0.0046177	0.6064	0.992327
20	31520000	31540000	6850	27	17685	6896	0.00394161	0.88425	0.993329
20	31540000	31560000	11908	47	10199	12039	0.00394693	0.50995	0.989119
20	31560000	31580000	11906	69	9344	12385	0.0057954	0.4672	0.961324
20	31580000	31600000	13169	78	10239	13612	0.005923	0.51195	0.967455
20	31600000	31620000	14426	54	6924	14813	0.00374324	0.3462	0.973874
20	31620000	31640000	13235	64	8489	13605	0.00483566	0.42445	0.972804
20	31640000	31660000	13401	54	7029	13850	0.00402955	0.35145	0.967581
20	31660000	31680000	12433	90	8668	12895	0.0072388	0.4334	0.964172
20	31680000	31700000	12071	61	10177	12314	0.00505343	0.50885	0.980266
20	31700000	31720000	5021	24	15466	5298	0.00477992	0.7733	0.947716
20	31720000	31740000	9707	73	9261	10238	0.00752035	0.46305	0.948134
20	31740000	31760000	11701	92	10274	11957	0.00786258	0.5137	0.97859
20	31760000	31780000	10333	70	9480	10567	0.00677441	0.474	0.977856
20	31780000	31800000	12040	75	9851	13031	0.00622924	0.49255	0.923951
20	31800000	31820000	11962	53	11646	12555	0.0044307	0.5823	0.952768
20	31820000	31840000	12036	110	9559	13665	0.00913925	0.47795	0.88079
20	31840000	31860000	9988	49	17126	10062	0.00490589	0.8563	0.992646
20	31860000	31880000	13328	104	8732	13941	0.00780312	0.4366	0.956029
20	31880000	31900000	11719	81	9573	11841	0.00691185	0.47865	0.989697
20	31900000	31920000	11742	72	9546	11840	0.00613183	0.4773	0.991723
20	31920000	31940000	10278	66	9717	11041	0.00642148	0.48585	0.930894
20	31940000	31960000	8582	54	11366	8863	0.00629224	0.5683	0.968295
20	31960000	31980000	6793	48	13361	6884	0.0070661	0.66805	0.986781
20	31980000	32000000	9093	49	13379	9215	0.00538876	0.66895	0.986761
20	32000000	32020000	6113	26	14400	6657	0.00425323	0.72	0.918282
20	32020000	32040000	7513	25	12234	7671	0.00332757	0.6117	0.979403
20	32040000	32060000	5476	26	14716	5527	0.00474799	0.7358	0.990773
20	32060000	32080000	6253	22	13802	6312	0.00351831	0.6901	0.990653
20	32080000	32100000	6154	25	14338	6183	0.0040624	0.7169	0.99531
20	32100000	32120000	6818	38	12373	6993	0.00557348	0.61865	0.974975
20	32120000	32140000	7682	23	12139	7942	0.00299401	0.60695	0.967263
20	32140000	32160000	9980	30	11581	10203	0.00300601	0.57905	0.978144
20	32160000	32180000	9193	40	9032	9624	0.00435114	0.4516	0.955216
20	32180000	32200000	10067	41	10578	10141	0.00407271	0.5289	0.992703
20	32200000	32220000	10316	35	9582	10391	0.00339279	0.4791	0.992782
20	32220000	32240000	10085	42	9038	10161	0.0041646	0.4519	0.99252
20	32240000	32260000	12398	65	5033	12498	0.00524278	0.25165	0.991999
20	32260000	32280000	11196	51	7686	11258	0.0045552	0.3843	0.994493
20	32280000	32300000	6306	30	14381	6872	0.00475737	0.71905	0.917637
20	32300000	32320000	7294	36	13010	7324	0.00493556	0.6505	0.995904
20	32320000	32340000	7028	34	14152	7080	0.00483779	0.7076	0.992655
20	32340000	32360000	8316	25	12944	8366	0.00300625	0.6472	0.994023
20	32360000	32380000	8031	41	12917	8093	0.00510522	0.64585	0.992339
20	32380000	32400000	7826	38	14638	7908	0.00485561	0.7319	0.989631
20	32400000	32420000	12023	81	9305	12115	0.00673709	0.46525	0.992406
20	32420000	32440000	12310	45	8869	12397	0.00365556	0.44345	0.992982
20	32440000	32460000	13060	67	8936	13167	0.00513017	0.4468	0.991874
20	32460000	32480000	9456	66	12954	9552	0.0069797	0.6477	0.98995
20	32480000	32500000	9314	48	13766	9387	0.00515353	0.6883	0.992223
20	32500000	32520000	10328	65	12064	10679	0.00629357	0.6032	0.967132
20	32520000	32540000	9971	58	14666	10080	0.00581687	0.7333	0.989187
20	32540000	32560000	9213	43	12298	9494	0.00466732	0.6149	0.970402
20	32560000	32580000	11036	41	12745	11115	0.00371511	0.63725	0.992892
20	32580000	32600000	10741	43	8447	10847	0.00400335	0.42235	0.990228
20	32600000	32620000	9143	28	7819	9692	0.00306245	0.39095	0.943355
20	32620000	32640000	13303	40	10308	13389	0.00300684	0.5154	0.993577
20	32640000	32660000	12813	58	8407	12961	0.00452665	0.42035	0.988581
20	32660000	32680000	13068	52	5935	13315	0.00397919	0.29675	0.981449
20	32680000	32700000	10232	32	7545	10310	0.00312744	0.37725	0.992435
20	32700000	32720000	6247	34	14943	6307	0.00544261	0.74715	0.990487
20	32720000	32740000	4172	39	18511	5106	0.00934803	0.92555	0.817078
20	32740000	32760000	4218	15	15383	4369	0.00355619	0.76915	0.965438
20	32760000	32780000	10544	64	9577	10693	0.0060698	0.47885	0.986066
20	32780000	32800000	6970	35	13292	7033	0.00502152	0.6646	0.991042
20	32800000	32820000	2809	11	13252	4903	0.00391598	0.6626	0.572915
20	32820000	32840000	8264	39	13152	8378	0.00471926	0.6576	0.986393
20	32840000	32860000	6439	33	13832	7055	0.00512502	0.6916	0.912686
20	32860000	32880000	9553	40	9951	9606	0.00418717	0.49755	0.994483
20	32880000	32900000	8654	41	13879	9168	0.00473769	0.69395	0.943935
20	32900000	32920000	7008	49	14954	7271	0.00699201	0.7477	0.963829
20	32920000	32940000	5844	28	16563	5885	0.00479124	0.82815	0.993033
20	32940000	32960000	5674	34	13473	6469	0.00599225	0.67365	0.877106
20	32960000	32980000	6336	28	12323	6410	0.00441919	0.61615	0.988456
20	32980000	33000000	7454	27	11098	7512	0.00362222	0.5549	0.992279
20	33000000	33020000	8655	34	11107	8725	0.00392837	0.55535	0.991977
20	33020000	33040000	9615	27	8135	9699	0.00280811	0.40675	0.991339
20	33040000	33060000	7471	25	12677	8143	0.00334627	0.63385	0.917475
20	33060000	33080000	7451	37	11686	7532	0.00496578	0.5843	0.989246
20	33080000	33100000	7777	26	12791	7962	0.00334319	0.63955	0.976765
20	33100000	33120000	10228	45	10242	10294	0.00439969	0.5121	0.993588
20	33120000	33140000	9184	46	9841	10792	0.00500871	0.49205	0.851001
20	33140000	33160000	10121	75	10205	10248	0.00741033	0.51025	0.987607
20	33160000	33180000	11436	52	9143	11522	0.00454704	0.45715	0.992536
20	33180000	33200000	8159	51	16352	8225	0.00625077	0.8176	0.991976
20	33200000	33220000	6424	35	11835	6493	0.00544832	0.59175	0.989373
20	33220000	33240000	7566	24	12308	7609	0.00317209	0.6154	0.994349
20	33240000	33260000	5191	30	17902	5447	0.00577923	0.8951	0.953002
20	33260000	33280000	6039	23	14803	6618	0.00380858	0.74015	0.912511
20	33280000	33300000	8443	28	8905	8589	0.00331636	0.44525	0.983002
20	33300000	33320000	9693	25	9785	9958	0.00257918	0.48925	0.973388
20	33320000	33340000	11897	40	5265	11959	0.00336219	0.26325	0.994816
20	33340000	33360000	9889	26	11772	10027	0.00262918	0.5886	0.986237
20	33360000	33380000	7173	31	11938	7215	0.00432176	0.5969	0.994179
20	33380000	33400000	5640	19	15554	5881	0.00336879	0.7777	0.959021
20	33400000	33420000	7498	35	12793	7647	0.00466791	0.63965	0.980515
20	33420000	33440000	8786	38	14315	9319	0.00432506	0.71575	0.942805
20	33440000	33460000	10677	32	9645	11282	0.0029971	0.48225	0.946375
20	33460000	33480000	10317	29	10454	10398	0.00281089	0.5227	0.99221
20	33480000	33500000	8105	36	15447	8161	0.0044417	0.77235	0.993138
20	33500000	33520000	13877	44	6467	13986	0.00317071	0.32335	0.992206
20	33520000	33540000	11585	40	9844	11668	0.00345274	0.4922	0.992887
20	33540000	33560000	9832	40	11717	9993	0.00406835	0.58585	0.983889
20	33560000	33580000	12268	52	6737	12384	0.00423867	0.33685	0.990633
20	33580000	33600000	13877	60	4091	14030	0.0043237	0.20455	0.989095
20	33600000	33620000	9663	40	14120	10073	0.0041395	0.706	0.959297
20	33620000	33640000	9833	37	11401	9920	0.00376284	0.57005	0.99123
20	33640000	33660000	9325	31	13308	9416	0.0033244	0.6654	0.990336
20	33660000	33680000	5814	32	16222	6115	0.00550396	0.8111	0.950777
20	33680000	33700000	7244	36	15332	7771	0.00496963	0.7666	0.932184
20	33700000	33720000	8693	48	13467	8771	0.00552168	0.67335	0.991107
20	33720000	33740000	10082	68	12019	10319	0.00674469	0.60095	0.977033
20	33740000	33760000	5605	24	16434	5632	0.00428189	0.8217	0.995206
20	33760000	33780000	8835	35	13995	8889	0.00396152	0.69975	0.993925
20	33780000	33800000	6388	31	17932	6460	0.00485285	0.8966	0.988854
20	33800000	33820000	9310	40	13115	9531	0.00429646	0.65575	0.976813
20	33820000	33840000	10162	45	12040	10238	0.00442826	0.602	0.992577
20	33840000	33860000	11681	50	9797	11757	0.00428046	0.48985	0.993536
20	33860000	33880000	11615	36	5637	11734	0.00309944	0.28185	0.989859
20	33880000	33900000	13212	55	6218	13310	0.00416288	0.3109	0.992637
20	33900000	33920000	11314	59	7388	12201	0.00521478	0.3694	0.927301
20	33920000	33940000	11087	34	8889	11157	0.00306665	0.44445	0.993726
20	33940000	33960000	10301	35	9384	10366	0.00339773	0.4692	0.99373
20	33960000	33980000	8671	23	11791	8733	0.00265252	0.58955	0.9929
20	33980000	34000000	7516	20	14056	7662	0.00266099	0.7028	0.980945
20	34000000	34020000	6445	41	15538	6523	0.00636152	0.7769	0.988042
20	34020000	34040000	9037	50	10319	9138	0.00553281	0.51595	0.988947
20	34040000	34060000	10757	44	9332	10833	0.00409036	0.4666	0.992984
20	34060000	34080000	9752	47	12161	9812	0.00481952	0.60805	0.993885
20	34080000	34100000	13066	61	7611	13140	0.00466861	0.38055	0.994368
20	34100000	34120000	10114	57	9109	10183	0.00563575	0.45545	0.993224
20	34120000	34140000	8018	41	14774	8581	0.00511349	0.7387	0.93439
20	34140000	34160000	10637	72	10255	10732	0.00676883	0.51275	0.991148
20	34160000	34180000	7441	39	13992	7509	0.00524123	0.6996	0.990944
20	34180000	34200000	9594	48	9820	9673	0.00500313	0.491	0.991833
20	34200000	34220000	9263	39	9733	9580	0.0042103	0.48665	0.96691
20	34220000	34240000	11641	52	6949	12247	0.00446697	0.34745	0.950518
20	34240000	34260000	11014	28	5396	11095	0.00254222	0.2698	0.992699
20	34260000	34280000	5604	19	13494	5678	0.00339044	0.6747	0.986967
20	34280000	34300000	9298	33	6107	9391	0.00354915	0.30535	0.990097
20	34300000	34320000	7223	38	10073	7282	0.00526097	0.50365	0.991898
20	34320000	34340000	7829	30	9236	7881	0.00383191	0.4618	0.993402
20	34340000	34360000	5127	17	14298	5162	0.00331578	0.7149	0.99322
20	34360000	34380000	6506	29	12418	6549	0.00445742	0.6209	0.993434
20	34380000	34400000	5507	26	14669	5587	0.00472126	0.73345	0.985681
20	34400000	34420000	6254	22	16019	6772	0.00351775	0.80095	0.923509
20	34420000	34440000	8139	31	9963	8197	0.00380882	0.49815	0.992924
20	34440000	34460000	9606	39	9491	9675	0.00405996	0.47455	0.992868
20	34460000	34480000	6700	30	11872	6756	0.00447761	0.5936	0.991711
20	34480000	34500000	9987	39	10670	10056	0.00390508	0.5335	0.993138
20	34500000	34520000	9711	57	10545	9923	0.00586963	0.52725	0.978635
20	34520000	34540000	9108	55	9581	9152	0.00603865	0.47905	0.995192
20	34540000	34560000	8597	44	12693	8780	0.00511806	0.63465	0.979157
20	34560000	34580000	11040	63	11181	11116	0.00570652	0.55905	0.993163
20	34580000	34600000	6473	45	16062	6607	0.00695195	0.8031	0.979718
20	34600000	34620000	9299	64	14842	9386	0.00688246	0.7421	0.990731
20	34620000	34640000	6290	24	10130	6345	0.00381558	0.5065	0.991332
20	34640000	34660000	7417	26	14049	7469	0.00350546	0.70245	0.993038
20	34660000	34680000	7119	32	14755	7170	0.00449501	0.73775	0.992887
20	34680000	34700000	10690	35	9529	11083	0.00327409	0.47645	0.96454
20	34700000	34720000	13055	51	8146	13156	0.00390655	0.4073	0.992323
20	34720000	34740000	10357	44	11163	10440	0.00424833	0.55815	0.99205
20	34740000	34760000	11063	54	9439	11974	0.00488114	0.47195	0.923918
20	34760000	34780000	12466	37	8049	13017	0.00296807	0.40245	0.957671
20	34780000	34800000	13277	45	5007	13916	0.00338932	0.25035	0.954082
20	34800000	34820000	13682	48	7431	13883	0.00350826	0.37155	0.985522
20	34820000	34840000	12047	51	9493	12165	0.00423342	0.47465	0.9903
20	34840000	34860000	12100	69	8931	12329	0.00570248	0.44655	0.981426
20	34860000	34880000	9246	37	13704	10423	0.00400173	0.6852	0.887077
20	34880000	34900000	8717	61	10604	9616	0.00699782	0.5302	0.90651
20	34900000	34920000	0	0	0	0		0	
20	34920000	34940000	0	0	0	0		0	
20	34940000	34960000	5753	39	9221	6026	0.00677907	0.46105	0.954696
20	34960000	34980000	13239	84	9237	13360	0.00634489	0.46185	0.990943
20	34980000	35000000	11445	51	11463	12035	0.00445609	0.57315	0.950976
20	35000000	35020000	12942	59	10132	13083	0.0045588	0.5066	0.989223
20	35020000	35040000	9543	48	12077	11745	0.00502986	0.60385	0.812516
20	35040000	35060000	9112	50	14902	9186	0.00548727	0.7451	0.991944
20	35060000	35080000	11031	55	9770	11411	0.00498595	0.4885	0.966699
20	35080000	35100000	9485	45	10368	9830	0.00474433	0.5184	0.964903
20	35100000	35120000	11134	57	9004	11472	0.00511945	0.4502	0.970537
20	35120000	35140000	9941	56	10476	10458	0.00563324	0.5238	0.950564
20	35140000	35160000	8562	54	13211	8739	0.00630694	0.66055	0.979746
20	35160000	35180000	9916	56	10018	9990	0.00564744	0.5009	0.992593
20	35180000	35200000	5785	32	14451	5888	0.00553155	0.72255	0.982507
20	35200000	35220000	8447	49	9181	8502	0.00580088	0.45905	0.993531
20	35220000	35240000	7395	35	11256	7455	0.00473293	0.5628	0.991952
20	35240000	35260000	7775	47	12066	8206	0.00604502	0.6033	0.947477
20	35260000	35280000	8765	51	11309	8913	0.0058186	0.56545	0.983395
20	35280000	35300000	10480	29	7760	10575	0.00276718	0.388	0.991017
20	35300000	35320000	6637	26	12180	7276	0.00391743	0.609	0.912177
20	35320000	35340000	5847	28	13570	5909	0.00478878	0.6785	0.989508
20	35340000	35360000	7270	32	11996	7363	0.00440165	0.5998	0.987369
20	35360000	35380000	8280	32	11312	8334	0.00386473	0.5656	0.993521
20	35380000	35400000	7192	36	12152	7505	0.00500556	0.6076	0.958294
20	35400000	35420000	8697	35	9376	9137	0.00402438	0.4688	0.951844
20	35420000	35440000	11236	52	9299	11299	0.00462798	0.46495	0.994424
20	35440000	35460000	10555	44	11413	10650	0.00416864	0.57065	0.99108
20	35460000	35480000	8438	44	12724	8518	0.00521451	0.6362	0.990608
20	35480000	35500000	10647	58	8426	10810	0.00544754	0.4213	0.984921
20	35500000	35520000	10217	57	10668	10312	0.00557894	0.5334	0.990787
20	35520000	35540000	6460	48	12838	7401	0.00743034	0.6419	0.872855
20	35540000	35560000	6111	36	13969	6714	0.00589102	0.69845	0.910188
20	35560000	35580000	6350	34	12830	6419	0.00535433	0.6415	0.989251
20	35580000	35600000	5355	47	15804	5402	0.00877684	0.7902	0.9913
20	35600000	35620000	3240	11	18069	3935	0.00339506	0.90345	0.82338
20	35620000	35640000	4321	15	13487	4764	0.00347142	0.67435	0.907011
20	35640000	35660000	6304	29	12943	6370	0.00460025	0.64715	0.989639
20	35660000	35680000	6531	31	13268	6560	0.00474659	0.6634	0.995579
20	35680000	35700000	6294	27	13237	6354	0.0042898	0.66185	0.990557
20	35700000	35720000	6355	25	16294	6392	0.00393391	0.8147	0.994212
20	35720000	35740000	6746	31	12269	6861	0.00459532	0.61345	0.983239
20	35740000	35760000	6268	36	12970	6319	0.00574346	0.6485	0.991929
20	35760000	35780000	7027	37	14199	7079	0.0052654	0.70995	0.992654
20	35780000	35800000	9245	56	11869	9436	0.00605733	0.59345	0.979758
20	35800000	35820000	8201	34	14139	8349	0.00414584	0.70695	0.982273
20	35820000	35840000	10702	74	10048	10828	0.0069146	0.5024	0.988364
20	35840000	35860000	11479	76	8950	11594	0.00662079	0.4475	0.990081
20	35860000	35880000	9292	69	9097	11058	0.00742574	0.45485	0.840297
20	35880000	35900000	10659	65	9909	10782	0.00609813	0.49545	0.988592
20	35900000	35920000	9897	67	12114	9997	0.00676973	0.6057	0.989997
20	35920000	35940000	11639	51	12150	11774	0.00438182	0.6075	0.988534
20	35940000	35960000	9491	59	12948	9607	0.00621642	0.6474	0.987925
20	35960000	35980000	10773	42	9127	11587	0.00389864	0.45635	0.929749
20	35980000	36000000	9444	51	11570	11719	0.00540025	0.5785	0.805871
20	36000000	36020000	9553	40	10881	10237	0.00418717	0.54405	0.933184
20	36020000	36040000	9078	32	7028	13228	0.00352501	0.3514	0.686272
20	36040000	36060000	978	4	7329	12541	0.00408998	0.36645	0.0779842
20	36060000	36080000	10829	66	5381	11408	0.00609475	0.26905	0.949246
20	36080000	36100000	11779	52	13493	11939	0.00441464	0.67465	0.986599
20	36100000	36120000	11590	50	11958	12397	0.00431406	0.5979	0.934904
20	36120000	36140000	12916	41	11936	13484	0.00317436	0.5968	0.957876
20	36140000	36160000	13186	53	3270	13274	0.00401941	0.1635	0.99337
20	36160000	36180000	7900	46	15976	7973	0.00582278	0.7988	0.990844
20	36180000	36200000	8354	60	14570	8416	0.00718219	0.7285	0.992633
20	36200000	36220000	10836	52	11386	10931	0.00479882	0.5693	0.991309
20	36220000	36240000	4540	25	11789	10537	0.00550661	0.58945	0.430863
20	36240000	36260000	12505	88	12751	12589	0.00703719	0.63755	0.993328
20	36260000	36280000	12766	95	11956	12867	0.00744164	0.5978	0.99215
20	36280000	36300000	8508	54	15468	8586	0.00634697	0.7734	0.990915
20	36300000	36320000	10789	63	12808	10880	0.00583928	0.6404	0.991636
20	36320000	36340000	11095	94	11158	11197	0.00847228	0.5579	0.99089
20	36340000	36360000	11912	58	8407	11997	0.00486904	0.42035	0.992915
20	36360000	36380000	12658	57	8357	12761	0.00450308	0.41785	0.991929
20	36380000	36400000	13728	66	5734	13846	0.00480769	0.2867	0.991478
20	36400000	36420000	11442	55	9386	11514	0.00480685	0.4693	0.993747
20	36420000	36440000	12347	61	10656	12444	0.00494047	0.5328	0.992205
20	36440000	36460000	12804	44	9102	12883	0.00343643	0.4551	0.993868
20	36460000	36480000	14003	83	6738	14102	0.0059273	0.3369	0.99298
20	36480000	36500000	12725	63	6912	12830	0.00495088	0.3456	0.991816
20	36500000	36520000	12062	103	9310	12586	0.00853921	0.4655	0.958366
20	36520000	36540000	12010	66	8517	12139	0.00549542	0.42585	0.989373
20	36540000	36560000	12803	86	9985	13140	0.00671718	0.49925	0.974353
20	36560000	36580000	11093	81	9818	11220	0.0073019	0.4909	0.988681
20	36580000	36600000	6831	35	16706	6880	0.0051237	0.8353	0.992878
20	36600000	36620000	12734	77	7476	12854	0.0060468	0.3738	0.990664
20	36620000	36640000	11966	48	7522	12475	0.00401137	0.3761	0.959198
20	36640000	36660000	12276	47	13447	12361	0.00382861	0.67235	0.993124
20	36660000	36680000	12240	56	8141	12346	0.00457516	0.40705	0.991414
20	36680000	36700000	12513	71	8771	12606	0.0056741	0.43855	0.992623
20	36700000	36720000	11117	74	7529	11191	0.00665647	0.37645	0.993388
20	36720000	36740000	10528	69	14870	10638	0.00655395	0.7435	0.98966
20	36740000	36760000	11803	91	12232	11914	0.0077099	0.6116	0.990683
20	36760000	36780000	13857	92	8144	14000	0.00663924	0.4072	0.989786
20	36780000	36800000	12901	111	7221	13016	0.00860398	0.36105	0.991165
20	36800000	36820000	11170	83	12215	11870	0.00743062	0.61075	0.941028
20	36820000	36840000	12164	75	11563	12800	0.00616573	0.57815	0.950313
20	36840000	36860000	13324	103	9007	13446	0.00773041	0.45035	0.990927
20	36860000	36880000	12229	72	11789	12544	0.00588764	0.58945	0.974888
20	36880000	36900000	8314	55	12049	9878	0.00661535	0.60245	0.841668
20	36900000	36920000	9264	70	15591	9563	0.00755613	0.77955	0.968734
20	36920000	36940000	13453	98	10216	13603	0.00728462	0.5108	0.988973
20	36940000	36960000	10155	82	12793	11213	0.00807484	0.63965	0.905645
20	36960000	36980000	12868	93	10968	12981	0.00722723	0.5484	0.991295
20	36980000	37000000	10159	69	11768	10269	0.00679201	0.5884	0.989288
20	37000000	37020000	9957	43	12580	10039	0.00431857	0.629	0.991832
20	37020000	37040000	9387	60	14863	9473	0.00639182	0.74315	0.990922
20	37040000	37060000	10767	71	9234	10849	0.00659422	0.4617	0.992442
20	37060000	37080000	10089	55	7353	10701	0.00545148	0.36765	0.942809
20	37080000	37100000	7750	37	13810	7815	0.00477419	0.6905	0.991683
20	37100000	37120000	8978	37	10854	9052	0.00412119	0.5427	0.991825
20	37120000	37140000	9036	41	10893	9102	0.00453741	0.54465	0.992749
20	37140000	37160000	11306	35	7146	11373	0.0030957	0.3573	0.994109
20	37160000	37180000	12837	46	6493	12917	0.00358339	0.32465	0.993807
20	37180000	37200000	12597	52	7001	12691	0.00412797	0.35005	0.992593
20	37200000	37220000	12836	65	5978	12953	0.00506388	0.2989	0.990967
20	37220000	37240000	8380	52	13479	9038	0.00620525	0.67395	0.927196
20	37240000	37260000	11015	85	9256	11162	0.00771675	0.4628	0.98683
20	37260000	37280000	10557	78	9761	11360	0.00738846	0.48805	0.929313
20	37280000	37300000	10353	62	10994	11994	0.0059886	0.5497	0.863182
20	37300000	37320000	12986	55	9805	13105	0.00423533	0.49025	0.990919
20	37320000	37340000	12448	75	9027	12550	0.00602506	0.45135	0.991873
20	37340000	37360000	13074	84	4425	13334	0.00642497	0.22125	0.980501
20	37360000	37380000	9235	44	13893	9313	0.00476448	0.69465	0.991625
20	37380000	37400000	12628	95	7005	12795	0.00752296	0.35025	0.986948
20	37400000	37420000	8290	39	13915	9361	0.00470446	0.69575	0.885589
20	37420000	37440000	9265	44	12389	9386	0.00474906	0.61945	0.987108
20	37440000	37460000	12549	78	9321	12637	0.00621563	0.46605	0.993036
20	37460000	37480000	11171	72	14247	11689	0.00644526	0.71235	0.955685
20	37480000	37500000	11298	86	10111	11399	0.00761197	0.50555	0.99114
20	37500000	37520000	12582	82	9777	12759	0.00651725	0.48885	0.986127
20	37520000	37540000	9718	68	10856	11039	0.00699732	0.5428	0.880333
20	37540000	37560000	10379	55	9975	10456	0.00529916	0.49875	0.992636
20	37560000	37580000	11685	81	8280	11953	0.00693196	0.414	0.977579
20	37580000	37600000	11107	81	8186	11203	0.0072927	0.4093	0.991431
20	37600000	37620000	10485	83	10326	10560	0.00791607	0.5163	0.992898
20	37620000	37640000	13433	90	6530	13574	0.00669992	0.3265	0.989612
20	37640000	37660000	10953	79	8193	11325	0.00721264	0.40965	0.967152
20	37660000	37680000	11846	97	6994	11969	0.00818842	0.3497	0.989723
20	37680000	37700000	10763	59	11096	11536	0.00548174	0.5548	0.932992
20	37700000	37720000	9119	63	12148	10699	0.00690865	0.6074	0.852323
20	37720000	37740000	5625	48	8502	12965	0.00853333	0.4251	0.43386
20	37740000	37760000	626	4	7520	13217	0.00638978	0.376	0.0473632
20	37760000	37780000	12201	72	9525	12715	0.00590116	0.47625	0.959575
20	37780000	37800000	12154	84	9883	12282	0.0069113	0.49415	0.989578
20	37800000	37820000	12797	70	12359	12927	0.00547003	0.61795	0.989944
20	37820000	37840000	13873	99	9950	14010	0.00713616	0.4975	0.990221
20	37840000	37860000	13751	81	7261	13889	0.00589048	0.36305	0.990064
20	37860000	37880000	10013	84	9475	13382	0.00838909	0.47375	0.748244
20	37880000	37900000	12375	67	9566	12491	0.00541414	0.4783	0.990713
20	37900000	37920000	13513	75	8798	13609	0.00555021	0.4399	0.992946
20	37920000	37940000	13198	66	10512	13308	0.00500076	0.5256	0.991734
20	37940000	37960000	15053	90	8375	15154	0.00597887	0.41875	0.993335
20	37960000	37980000	12270	80	13394	12353	0.00651997	0.6697	0.993281
20	37980000	38000000	9565	60	15320	9981	0.00627287	0.766	0.958321
20	38000000	38020000	11535	74	10450	11628	0.00641526	0.5225	0.992002
20	38020000	38040000	13045	88	9216	13147	0.00674588	0.4608	0.992242
20	38040000	38060000	13433	65	8735	13545	0.00483883	0.43675	0.991731
20	38060000	38080000	11701	89	13385	11808	0.00760619	0.66925	0.990938
20	38080000	38100000	13219	70	9240	13343	0.00529541	0.462	0.990707
20	38100000	38120000	8692	41	12309	9049	0.00471698	0.61545	0.960548
20	38120000	38140000	11983	41	12082	12658	0.00342151	0.6041	0.946674
20	38140000	38160000	12505	43	7562	12682	0.00343862	0.3781	0.986043
20	38160000	38180000	13175	78	9824	13294	0.0059203	0.4912	0.991049
20	38180000	38200000	13262	120	8921	13402	0.00904841	0.44605	0.989554
20	38200000	38220000	12264	80	10554	12373	0.00652316	0.5277	0.99119
20	38220000	38240000	12685	87	9181	12809	0.00685849	0.45905	0.990319
20	38240000	38260000	13058	66	11123	13173	0.00505437	0.55615	0.99127
20	38260000	38280000	12535	86	8925	12665	0.00686079	0.44625	0.989735
20	38280000	38300000	11854	59	9314	11978	0.00497722	0.4657	0.989648
20	38300000	38320000	14231	116	9601	14369	0.00815122	0.48005	0.990396
20	38320000	38340000	13475	81	6825	13837	0.00601113	0.34125	0.973838
20	38340000	38360000	8037	84	14440	8100	0.0104517	0.722	0.992222
20	38360000	38380000	11169	78	11776	11249	0.00698362	0.5888	0.992888
20	38380000	38400000	12733	77	11730	12850	0.00604728	0.5865	0.990895
20	38400000	38420000	12504	66	8826	12626	0.00527831	0.4413	0.990337
20	38420000	38440000	10145	56	9786	10648	0.00551996	0.4893	0.952761
20	38440000	38460000	13184	78	8271	13416	0.00591626	0.41355	0.982707
20	38460000	38480000	14689	73	7189	14824	0.00496971	0.35945	0.990893
20	38480000	38500000	13236	53	9304	13337	0.00400423	0.4652	0.992427
20	38500000	38520000	13208	77	7791	13327	0.0058298	0.38955	0.991071
20	38520000	38540000	13775	70	6422	13882	0.00508167	0.3211	0.992292
20	38540000	38560000	10628	40	9787	10730	0.00376364	0.48935	0.990494
20	38560000	38580000	12733	82	8817	12858	0.00643996	0.44085	0.990278
20	38580000	38600000	11783	96	7841	12675	0.00814733	0.39205	0.929625
20	38600000	38620000	9381	68	12673	9456	0.00724869	0.63365	0.992069
20	38620000	38640000	11322	80	9360	11428	0.00706589	0.468	0.990725
20	38640000	38660000	13178	98	8156	13296	0.00743664	0.4078	0.991125
20	38660000	38680000	12283	46	10830	12812	0.00374501	0.5415	0.958711
20	38680000	38700000	8080	60	13664	8680	0.00742574	0.6832	0.930876
20	38700000	38720000	11888	90	9571	12057	0.00757066	0.47855	0.985983
20	38720000	38740000	8611	41	11949	8755	0.00476135	0.59745	0.983552
20	38740000	38760000	13965	80	4694	14068	0.00572861	0.2347	0.992678
20	38760000	38780000	12529	89	10161	12888	0.00710352	0.50805	0.972145
20	38780000	38800000	13994	62	8034	14211	0.00443047	0.4017	0.98473
20	38800000	38820000	12386	84	9192	12499	0.00678185	0.4596	0.990959
20	38820000	38840000	12643	66	8812	12774	0.00522028	0.4406	0.989745
20	38840000	38860000	14333	87	7400	14485	0.00606991	0.37	0.989506
20	38860000	38880000	13093	66	6832	13182	0.00504086	0.3416	0.993248
20	38880000	38900000	11494	94	11086	11610	0.00817818	0.5543	0.990009
20	38900000	38920000	11464	47	8202	11548	0.00409979	0.4101	0.992726
20	38920000	38940000	12650	78	8290	12810	0.00616601	0.4145	0.98751
20	38940000	38960000	13301	73	8744	13710	0.00548831	0.4372	0.970168
20	38960000	38980000	10173	45	13376	10404	0.00442347	0.6688	0.977797
20	38980000	39000000	13310	74	8841	13414	0.00555973	0.44205	0.992247
20	39000000	39020000	12658	68	12266	12759	0.0053721	0.6133	0.992084
20	39020000	39040000	12787	49	7564	12861	0.00383202	0.3782	0.994246
20	39040000	39060000	11635	34	11315	11728	0.00292222	0.56575	0.99207
20	39060000	39080000	13268	69	6681	13395	0.00520048	0.33405	0.990519
20	39080000	39100000	12201	62	8373	12435	0.00508155	0.41865	0.981182
20	39100000	39120000	10889	75	8575	12011	0.00688768	0.42875	0.906586
20	39120000	39140000	14014	92	6932	14146	0.00656486	0.3466	0.990669
20	39140000	39160000	12728	73	8725	12834	0.00573539	0.43625	0.991741
20	39160000	39180000	14180	86	10063	14288	0.00606488	0.50315	0.992441
20	39180000	39200000	10556	57	11924	10643	0.00539977	0.5962	0.991826
20	39200000	39220000	13354	49	9714	13476	0.00366931	0.4857	0.990947
20	39220000	39240000	12780	56	11298	12877	0.00438185	0.5649	0.992467
20	39240000	39260000	8387	60	15565	8467	0.00715393	0.77825	0.990552
20	39260000	39280000	14028	133	6779	14910	0.00948104	0.33895	0.940845
20	39280000	39300000	13416	80	8623	13509	0.00596303	0.43115	0.993116
20	39300000	39320000	13559	69	3572	13668	0.00508887	0.1786	0.992025
20	39320000	39340000	14611	80	6875	14749	0.00547533	0.34375	0.990643
20	39340000	39360000	14425	81	6515	14544	0.00561525	0.32575	0.991818
20	39360000	39380000	12811	84	7075	13024	0.00655687	0.35375	0.983646
20	39380000	39400000	13761	98	8218	14019	0.00712158	0.4109	0.981596
20	39400000	39420000	13436	82	9002	13736	0.00610301	0.4501	0.97816
20	39420000	39440000	12716	69	10872	12929	0.00542623	0.5436	0.983525
20	39440000	39460000	13874	101	9055	15162	0.0072798	0.45275	0.915051
20	39460000	39480000	11844	79	8622	14658	0.00667004	0.4311	0.808023
20	39480000	39500000	15035	95	7955	15152	0.00631859	0.39775	0.992278
20	39500000	39520000	12351	74	10586	12444	0.00599142	0.5293	0.992527
20	39520000	39540000	11071	74	13452	11163	0.00668413	0.6726	0.991758
20	39540000	39560000	9597	69	13891	9690	0.00718975	0.69455	0.990402
20	39560000	39580000	11779	81	12230	11930	0.00687664	0.6115	0.987343
20	39580000	39600000	11012	80	9682	11141	0.0072648	0.4841	0.988421
20	39600000	39620000	6344	59	17176	6419	0.00930013	0.8588	0.988316
20	39620000	39640000	7864	51	15306	8371	0.00648525	0.7653	0.939434
20	39640000	39660000	7405	18	11461	9927	0.00243079	0.57305	0.745945
20	39660000	39680000	12322	49	5419	12395	0.00397663	0.27095	0.994111
20	39680000	39700000	11426	60	9746	11515	0.00525118	0.4873	0.992271
20	39700000	39720000	12187	43	5709	12262	0.00352835	0.28545	0.993884
20	39720000	39740000	12621	52	7608	12784	0.00412012	0.3804	0.98725
20	39740000	39760000	9561	31	7820	9621	0.00324234	0.391	0.993764
20	39760000	39780000	13096	63	5727	13177	0.00481063	0.28635	0.993853
20	39780000	39800000	14451	61	3389	14650	0.00422116	0.16945	0.986416
20	39800000	39820000	11716	43	6213	11820	0.00367019	0.31065	0.991201
20	39820000	39840000	7811	29	13321	7860	0.00371271	0.66605	0.993766
20	39840000	39860000	10683	41	12788	10838	0.00383787	0.6394	0.985698
20	39860000	39880000	8842	31	10346	10242	0.00350599	0.5173	0.863308
20	39880000	39900000	11578	38	9407	11671	0.00328209	0.47035	0.992032
20	39900000	39920000	11909	45	10303	11989	0.00377865	0.51515	0.993327
20	39920000	39940000	12956	41	9313	13030	0.00316456	0.46565	0.994321
20	39940000	39960000	8304	29	13069	8374	0.00349229	0.65345	0.991641
20	39960000	39980000	10931	51	9002	11017	0.00466563	0.4501	0.992194
20	39980000	40000000	11930	36	4328	12340	0.0030176	0.2164	0.966775
20	40000000	40020000	10563	52	9077	11011	0.00492284	0.45385	0.959313
20	40020000	40040000	12899	60	5167	12994	0.00465152	0.25835	0.992689
20	40040000	40060000	14195	52	4141	14287	0.00366326	0.20705	0.993561
20	40060000	40080000	12811	56	8464	12916	0.00437124	0.4232	0.991871
20	40080000	40100000	13166	67	8959	13315	0.00508887	0.44795	0.98881
20	40100000	40120000	13538	50	8946	13629	0.00369331	0.4473	0.993323
20	40120000	40140000	13452	82	9223	14161	0.00609575	0.46115	0.949933
20	40140000	40160000	12077	83	8562	12171	0.00687257	0.4281	0.992277
20	40160000	40180000	12017	56	7857	12097	0.00466006	0.39285	0.993387
20	40180000	40200000	11433	61	8302	11856	0.00533543	0.4151	0.964322
20	40200000	40220000	9627	69	12538	9717	0.00716734	0.6269	0.990738
20	40220000	40240000	9344	60	11140	9638	0.00642123	0.557	0.969496
20	40240000	40260000	10843	48	9504	11062	0.00442682	0.4752	0.980202
20	40260000	40280000	12061	39	9331	12147	0.00323356	0.46655	0.99292
20	40280000	40300000	11487	52	12139	12448	0.00452686	0.60695	0.922799
20	40300000	40320000	7469	57	17011	8141	0.00763154	0.85055	0.917455
20	40320000	40340000	10933	64	12301	11008	0.00585384	0.61505	0.993187
20	40340000	40360000	11266	66	11959	11655	0.00585833	0.59795	0.966624
20	40360000	40380000	10205	78	13226	10285	0.00764331	0.6613	0.992222
20	40380000	40400000	7921	52	13964	8004	0.00656483	0.6982	0.98963
20	40400000	40420000	11373	86	11389	11832	0.00756177	0.56945	0.961207
20	40420000	40440000	6267	34	13903	8274	0.00542524	0.69515	0.757433
20	40440000	40460000	10452	95	10967	11745	0.00908917	0.54835	0.889911
20	40460000	40480000	11470	81	13165	11807	0.0070619	0.65825	0.971458
20	40480000	40500000	11870	103	14029	11993	0.00867734	0.70145	0.989744
20	40500000	40520000	13238	94	10681	13358	0.00710077	0.53405	0.991017
20	40520000	40540000	13015	87	8475	13820	0.00668459	0.42375	0.941751
20	40540000	40560000	10714	81	11999	10923	0.0075602	0.59995	0.980866
20	40560000	40580000	12528	104	11363	12643	0.0083014	0.56815	0.990904
20	40580000	40600000	11217	91	10764	11465	0.00811269	0.5382	0.978369
20	40600000	40620000	13334	123	8938	13463	0.00922454	0.4469	0.990418
20	40620000	40640000	10359	72	12158	10492	0.00695048	0.6079	0.987324
20	40640000	40660000	13315	105	9081	13439	0.00788584	0.45405	0.990773
20	40660000	40680000	14887	95	7287	14994	0.00638141	0.36435	0.992864
20	40680000	40700000	14205	100	7020	14330	0.00703977	0.351	0.991277
20	40700000	40720000	13078	75	4636	13172	0.00573482	0.2318	0.992864
20	40720000	40740000	12734	100	7284	13032	0.00785299	0.3642	0.977133
20	40740000	40760000	14484	96	10304	14609	0.006628	0.5152	0.991444
20	40760000	40780000	12878	82	10283	13566	0.00636745	0.51415	0.949285
20	40780000	40800000	13980	88	8776	14110	0.00629471	0.4388	0.990787
20	40800000	40820000	14096	83	9828	14214	0.0058882	0.4914	0.991698
20	40820000	40840000	9986	49	10542	10082	0.00490687	0.5271	0.990478
20	40840000	40860000	11306	68	9429	11421	0.00601451	0.47145	0.989931
20	40860000	40880000	13085	95	5500	14444	0.00726022	0.275	0.905912
20	40880000	40900000	13937	100	8524	14262	0.00717515	0.4262	0.977212
20	40900000	40920000	12453	95	9510	12570	0.00762868	0.4755	0.990692
20	40920000	40940000	12913	62	14035	13027	0.00480136	0.70175	0.991249
20	40940000	40960000	12025	45	9763	12882	0.0037422	0.48815	0.933473
20	40960000	40980000	13366	96	8567	13491	0.0071824	0.42835	0.990735
20	40980000	41000000	12264	78	8207	13369	0.00636008	0.41035	0.917346
20	41000000	41020000	11898	95	10169	12014	0.00798454	0.50845	0.990345
20	41020000	41040000	13092	98	11790	13225	0.00748549	0.5895	0.989943
20	41040000	41060000	12067	114	10144	12199	0.00944725	0.5072	0.989179
20	41060000	41080000	13463	78	8328	13640	0.00579366	0.4164	0.987023
20	41080000	41100000	13039	74	13768	13193	0.00567528	0.6884	0.988327
20	41100000	41120000	13830	95	10107	13972	0.00686913	0.50535	0.989837
20	41120000	41140000	11876	98	13745	12006	0.00825194	0.68725	0.989172
20	41140000	41160000	12210	88	14071	12411	0.00720721	0.70355	0.983805
20	41160000	41180000	12759	82	11279	12906	0.00642684	0.56395	0.98861
20	41180000	41200000	13445	75	9233	13694	0.00557828	0.46165	0.981817
20	41200000	41220000	12556	72	10148	12740	0.00573431	0.5074	0.985557
20	41220000	41240000	14089	119	7182	14226	0.00844631	0.3591	0.99037
20	41240000	41260000	6849	51	10862	8787	0.00744634	0.5431	0.779447
20	41260000	41280000	12709	73	8414	12812	0.00574396	0.4207	0.991961
20	41280000	41300000	12039	94	9453	12116	0.00780796	0.47265	0.993645
20	41300000	41320000	12464	81	8955	12658	0.00649872	0.44775	0.984674
20	41320000	41340000	12534	74	10798	12660	0.00590394	0.5399	0.990047
20	41340000	41360000	11643	87	10373	13149	0.0074723	0.51865	0.885467
20	41360000	41380000	13552	104	7634	14081	0.00767414	0.3817	0.962432
20	41380000	41400000	13126	93	9242	13323	0.00708517	0.4621	0.985214
20	41400000	41420000	14914	117	5947	15067	0.00784498	0.29735	0.989845
20	41420000	41440000	13946	104	8756	14095	0.00745734	0.4378	0.989429
20	41440000	41460000	6638	43	16396	6703	0.00647785	0.8198	0.990303
20	41460000	41480000	11293	73	9930	11426	0.00646418	0.4965	0.98836
20	41480000	41500000	13204	85	10006	13324	0.00643744	0.5003	0.990994
20	41500000	41520000	13085	80	10095	13220	0.00611387	0.50475	0.989788
20	41520000	41540000	10770	54	10352	10864	0.00501393	0.5176	0.991348
20	41540000	41560000	12173	64	9619	12278	0.00525754	0.48095	0.991448
20	41560000	41580000	13280	73	9140	13723	0.00549699	0.457	0.967718
20	41580000	41600000	13604	85	9508	13716	0.00624816	0.4754	0.991834
20	41600000	41620000	13437	90	9003	13615	0.00669792	0.45015	0.986926
20	41620000	41640000	12752	79	9309	12898	0.00619511	0.46545	0.98868
20	41640000	41660000	12498	80	8622	12597	0.00640102	0.4311	0.992141
20	41660000	41680000	11968	82	7287	13560	0.0068516	0.36435	0.882596
20	41680000	41700000	11604	73	9170	12529	0.00629093	0.4585	0.926171
20	41700000	41720000	12153	59	10256	12330	0.00485477	0.5128	0.985645
20	41720000	41740000	11634	67	9342	13479	0.00575898	0.4671	0.86312
20	41740000	41760000	12102	74	7208	12170	0.00611469	0.3604	0.994412
20	41760000	41780000	13139	84	7350	13252	0.00639318	0.3675	0.991473
20	41780000	41800000	12053	95	10154	12152	0.00788186	0.5077	0.991853
20	41800000	41820000	11962	78	7105	12180	0.00652065	0.35525	0.982102
20	41820000	41840000	12803	93	8431	13421	0.00726392	0.42155	0.953953
20	41840000	41860000	12143	83	11053	12266	0.00683521	0.55265	0.989972
20	41860000	41880000	13817	97	10327	13932	0.00702034	0.51635	0.991746
20	41880000	41900000	11947	79	11809	12051	0.00661254	0.59045	0.99137
20	41900000	41920000	12470	79	11671	12570	0.0063352	0.58355	0.992045
20	41920000	41940000	12017	60	10023	12125	0.00499293	0.50115	0.991093
20	41940000	41960000	10885	83	10700	11597	0.00762517	0.535	0.938605
20	41960000	41980000	9790	71	12403	9906	0.0072523	0.62015	0.98829
20	41980000	42000000	9448	77	12046	9551	0.00814987	0.6023	0.989216
20	42000000	42020000	10035	58	11709	10701	0.00577977	0.58545	0.937763
20	42020000	42040000	7160	54	16478	7298	0.0075419	0.8239	0.981091
20	42040000	42060000	7032	50	17318	7204	0.00711035	0.8659	0.976124
20	42060000	42080000	8580	31	14393	8670	0.00361305	0.71965	0.989619
20	42080000	42100000	8267	29	9734	8370	0.00350792	0.4867	0.987694
20	42100000	42120000	5986	27	18176	6104	0.00451052	0.9088	0.980668
20	42120000	42140000	6138	37	14622	6723	0.00602802	0.7311	0.912985
20	42140000	42160000	10804	37	8445	10901	0.00342466	0.42225	0.991102
20	42160000	42180000	13676	76	6380	13749	0.00555718	0.319	0.994691
20	42180000	42200000	11246	54	11192	11338	0.00480171	0.5596	0.991886
20	42200000	42220000	9205	54	11860	9389	0.00586638	0.593	0.980403
20	42220000	42240000	7186	27	13716	7250	0.00375731	0.6858	0.991172
20	42240000	42260000	8223	30	12466	8293	0.0036483	0.6233	0.991559
20	42260000	42280000	5633	12	13578	5882	0.0021303	0.6789	0.957667
20	42280000	42300000	6401	27	12216	7265	0.00421809	0.6108	0.881074
20	42300000	42320000	7604	35	12388	7743	0.00460284	0.6194	0.982048
20	42320000	42340000	8611	42	10785	8746	0.00487748	0.53925	0.984564
20	42340000	42360000	10794	47	9551	10908	0.00435427	0.47755	0.989549
20	42360000	42380000	9104	44	12951	10359	0.00483304	0.64755	0.878849
20	42380000	42400000	7820	56	11134	10445	0.00716113	0.5567	0.748684
20	42400000	42420000	8449	49	15689	8682	0.0057995	0.78445	0.973163
20	42420000	42440000	9463	43	13563	10748	0.00454401	0.67815	0.880443
20	42440000	42460000	7713	47	15600	7900	0.00609361	0.78	0.976329
20	42460000	42480000	12654	92	11372	12932	0.00727043	0.5686	0.978503
20	42480000	42500000	10411	62	14495	10516	0.00595524	0.72475	0.990015
20	42500000	42520000	7029	36	15402	7999	0.00512164	0.7701	0.878735
20	42520000	42540000	11790	83	9179	11870	0.00703986	0.45895	0.99326
20	42540000	42560000	12730	70	8803	12847	0.00549882	0.44015	0.990893
20	42560000	42580000	13797	89	7760	13920	0.00645068	0.388	0.991164
20	42580000	42600000	12895	78	9563	13315	0.00604886	0.47815	0.968457
20	42600000	42620000	12652	62	10403	12825	0.00490041	0.52015	0.986511
20	42620000	42640000	11717	71	13555	11820	0.00605957	0.67775	0.991286
20	42640000	42660000	13436	46	8826	13534	0.00342364	0.4413	0.992759
20	42660000	42680000	10232	58	12544	11709	0.00566849	0.6272	0.873858
20	42680000	42700000	10126	66	11084	10238	0.00651787	0.5542	0.98906
20	42700000	42720000	11842	110	10892	12003	0.00928897	0.5446	0.986587
20	42720000	42740000	10293	57	13212	10380	0.00553774	0.6606	0.991618
20	42740000	42760000	12321	62	10825	12417	0.00503206	0.54125	0.992269
20	42760000	42780000	10937	83	12807	11037	0.00758892	0.64035	0.99094
20	42780000	42800000	11974	73	12267	13199	0.00609654	0.61335	0.90719
20	42800000	42820000	10668	72	11227	11174	0.00674916	0.56135	0.954716
20	42820000	42840000	10457	43	9708	10531	0.00411208	0.4854	0.992973
20	42840000	42860000	10741	76	11092	10851	0.00707569	0.5546	0.989863
20	42860000	42880000	10491	52	12892	10560	0.00495663	0.6446	0.993466
20	42880000	42900000	11481	45	11869	11624	0.00391952	0.59345	0.987698
20	42900000	42920000	11124	65	15214	11733	0.00584322	0.7607	0.948095
20	42920000	42940000	8868	34	11177	8970	0.00383401	0.55885	0.988629
20	42940000	42960000	5372	26	14697	6420	0.00483991	0.73485	0.83676
20	42960000	42980000	9092	46	11707	9300	0.00505939	0.58535	0.977634
20	42980000	43000000	8279	36	12021	9778	0.00434835	0.60105	0.846697
20	43000000	43020000	8011	51	15246	8081	0.00636625	0.7623	0.991338
20	43020000	43040000	11978	91	6782	13848	0.00759726	0.3391	0.864962
20	43040000	43060000	11881	87	10105	12339	0.00732262	0.50525	0.962882
20	43060000	43080000	10302	67	13080	10484	0.00650359	0.654	0.98264
20	43080000	43100000	8421	64	13674	9237	0.00760005	0.6837	0.91166
20	43100000	43120000	10553	52	11036	10763	0.00492751	0.5518	0.980489
20	43120000	43140000	10890	74	6874	11048	0.00679522	0.3437	0.985699
20	43140000	43160000	7682	47	14327	7835	0.0061182	0.71635	0.980472
20	43160000	43180000	8631	21	12820	8833	0.00243309	0.641	0.977131
20	43180000	43200000	10094	41	11508	10173	0.00406182	0.5754	0.992234
20	43200000	43220000	11641	43	7299	11834	0.00369384	0.36495	0.983691
20	43220000	43240000	11043	64	11041	11141	0.00579553	0.55205	0.991204
20	43240000	43260000	12117	69	8833	13119	0.00569448	0.44165	0.923622
20	43260000	43280000	11344	62	10967	12161	0.00546544	0.54835	0.932818
20	43280000	43300000	8879	49	15365	9019	0.00551864	0.76825	0.984477
20	43300000	43320000	6398	51	15781	6939	0.00797124	0.78905	0.922035
20	43320000	43340000	12670	66	11467	12763	0.00520916	0.57335	0.992713
20	43340000	43360000	11843	83	10438	11923	0.00700836	0.5219	0.99329
20	43360000	43380000	10877	69	10471	10980	0.00634366	0.52355	0.990619
20	43380000	43400000	10727	45	8298	14750	0.00419502	0.4149	0.727254
20	43400000	43420000	13090	42	10577	13432	0.00320856	0.52885	0.974538
20	43420000	43440000	13249	63	7994	13358	0.00475508	0.3997	0.99184
20	43440000	43460000	10720	39	12640	10804	0.00363806	0.632	0.992225
20	43460000	43480000	10536	49	13454	10622	0.00465072	0.6727	0.991904
20	43480000	43500000	9669	53	13954	9787	0.00548144	0.6977	0.987943
20	43500000	43520000	8311	48	13654	9034	0.00577548	0.6827	0.919969
20	43520000	43540000	11382	47	5148	11470	0.00412933	0.2574	0.992328
20	43540000	43560000	9188	58	10801	9264	0.00631258	0.54005	0.991796
20	43560000	43580000	12628	58	8790	12732	0.00459297	0.4395	0.991832
20	43580000	43600000	11236	45	8706	11785	0.00400498	0.4353	0.953415
20	43600000	43620000	11763	40	10574	11893	0.00340049	0.5287	0.989069
20	43620000	43640000	8852	45	11170	8919	0.0050836	0.5585	0.992488
20	43640000	43660000	10347	38	8674	10426	0.00367256	0.4337	0.992423
20	43660000	43680000	10979	69	11772	11069	0.00628473	0.5886	0.991869
20	43680000	43700000	10046	89	10649	10200	0.00885925	0.53245	0.984902
20	43700000	43720000	13378	71	10623	13474	0.00530722	0.53115	0.992875
20	43720000	43740000	13470	73	9070	13617	0.00541945	0.4535	0.989205
20	43740000	43760000	11179	93	12088	11306	0.00831917	0.6044	0.988767
20	43760000	43780000	10772	62	12637	10900	0.00575566	0.63185	0.988257
20	43780000	43800000	7828	63	16527	7924	0.00804803	0.82635	0.987885
20	43800000	43820000	12777	71	8414	12897	0.00555686	0.4207	0.990696
20	43820000	43840000	9216	32	11754	10758	0.00347222	0.5877	0.856665
20	43840000	43860000	9511	62	11903	9618	0.00651877	0.59515	0.988875
20	43860000	43880000	11289	47	16109	11573	0.00416334	0.80545	0.97546
20	43880000	43900000	10599	93	9528	10722	0.00877441	0.4764	0.988528
20	43900000	43920000	10104	66	10992	10194	0.00653207	0.5496	0.991171
20	43920000	43940000	11303	49	9116	11886	0.00433513	0.4558	0.950951
20	43940000	43960000	12051	66	7551	12140	0.00547672	0.37755	0.992669
20	43960000	43980000	11230	75	8330	11310	0.00667854	0.4165	0.992927
20	43980000	44000000	11270	52	10497	11331	0.00461402	0.52485	0.994617
20	44000000	44020000	9890	48	13125	10826	0.00485339	0.65625	0.913541
20	44020000	44040000	8968	41	14730	9040	0.00457181	0.7365	0.992035
20	44040000	44060000	12191	36	8265	12286	0.002953	0.41325	0.992268
20	44060000	44080000	8259	41	13992	8332	0.00496428	0.6996	0.991239
20	44080000	44100000	11797	71	12015	11884	0.00601848	0.60075	0.992679
20	44100000	44120000	5797	24	15585	5847	0.00414007	0.77925	0.991449
20	44120000	44140000	11920	55	11593	12019	0.00461409	0.57965	0.991763
20	44140000	44160000	10751	48	12229	10834	0.0044647	0.61145	0.992339
20	44160000	44180000	13212	61	9113	13340	0.00461701	0.45565	0.990405
20	44180000	44200000	11075	72	11221	11173	0.00650113	0.56105	0.991229
20	44200000	44220000	7661	40	15706	8091	0.00522125	0.7853	0.946855
20	44220000	44240000	10218	52	12633	10554	0.00508906	0.63165	0.968164
20	44240000	44260000	10053	67	12305	10186	0.00666468	0.61525	0.986943
20	44260000	44280000	7575	65	14143	7645	0.00858086	0.70715	0.990844
20	44280000	44300000	2919	24	17812	3083	0.00822199	0.8906	0.946805
20	44300000	44320000	6726	43	14834	6801	0.0063931	0.7417	0.988972
20	44320000	44340000	9199	52	13519	9286	0.00565279	0.67595	0.990631
20	44340000	44360000	6557	25	15333	6746	0.00381272	0.76665	0.971983
20	44360000	44380000	7307	28	13215	7441	0.00383194	0.66075	0.981992
20	44380000	44400000	4178	18	15096	4638	0.00430828	0.7548	0.900819
20	44400000	44420000	9602	41	9788	9676	0.00426994	0.4894	0.992352
20	44420000	44440000	9101	35	12509	9689	0.00384573	0.62545	0.939313
20	44440000	44460000	8731	31	9431	8932	0.00355057	0.47155	0.977497
20	44460000	44480000	9900	39	11499	10120	0.00393939	0.57495	0.978261
20	44480000	44500000	7530	27	11870	7563	0.00358566	0.5935	0.995637
20	44500000	44520000	9655	31	8977	9729	0.00321077	0.44885	0.992394
20	44520000	44540000	10273	39	8370	10922	0.00379636	0.4185	0.940579
20	44540000	44560000	7472	35	13944	7624	0.00468415	0.6972	0.980063
20	44560000	44580000	10931	24	6771	11593	0.00219559	0.33855	0.942897
20	44580000	44600000	11236	54	9253	12185	0.00480598	0.46265	0.922117
20	44600000	44620000	6739	23	11563	6933	0.00341297	0.57815	0.972018
20	44620000	44640000	9570	42	11849	9736	0.00438871	0.59245	0.98295
20	44640000	44660000	11423	45	7590	12885	0.00393942	0.3795	0.886535
20	44660000	44680000	13671	55	7799	13773	0.00402311	0.38995	0.992594
20	44680000	44700000	13086	46	4850	13622	0.00351521	0.2425	0.960652
20	44700000	44720000	12322	47	4504	13522	0.00381432	0.2252	0.911256
20	44720000	44740000	9908	54	13201	10090	0.00545014	0.66005	0.981962
20	44740000	44760000	12270	46	8942	12545	0.00374898	0.4471	0.978079
20	44760000	44780000	12063	59	10119	12168	0.00489099	0.50595	0.991371
20	44780000	44800000	13557	62	8430	13699	0.00457328	0.4215	0.989634
20	44800000	44820000	12339	62	9885	12653	0.00502472	0.49425	0.975184
20	44820000	44840000	11235	64	9980	13047	0.00569648	0.499	0.861117
20	44840000	44860000	8310	39	9919	14001	0.00469314	0.49595	0.593529
20	44860000	44880000	13761	73	8931	13886	0.00530485	0.44655	0.990998
20	44880000	44900000	14044	78	9326	14188	0.00555397	0.4663	0.989851
20	44900000	44920000	13572	70	11648	13656	0.00515768	0.5824	0.993849
20	44920000	44940000	12915	68	7771	13016	0.0052652	0.38855	0.99224
20	44940000	44960000	14631	58	8282	14754	0.00396419	0.4141	0.991663
20	44960000	44980000	12600	64	8255	12724	0.00507937	0.41275	0.990255
20	44980000	45000000	13438	55	6889	13552	0.00409287	0.34445	0.991588
20	45000000	45020000	8373	38	5940	8450	0.0045384	0.297	0.990888
20	45020000	45040000	6896	33	8819	7261	0.00478538	0.44095	0.949731
20	45040000	45060000	10044	50	14546	10229	0.0049781	0.7273	0.981914
20	45060000	45080000	9313	65	15521	11153	0.00697949	0.77605	0.835022
20	45080000	45100000	11678	57	8193	12001	0.00488097	0.40965	0.973086
20	45100000	45120000	12220	66	10972	12403	0.00540098	0.5486	0.985246
20	45120000	45140000	10519	65	9246	10678	0.00617929	0.4623	0.98511
20	45140000	45160000	11393	66	10230	13087	0.00579303	0.5115	0.870559
20	45160000	45180000	11672	73	14305	12121	0.00625428	0.71525	0.962957
20	45180000	45200000	12281	96	10542	12397	0.00781695	0.5271	0.990643
20	45200000	45220000	11757	54	12996	11998	0.00459301	0.6498	0.979913
20	45220000	45240000	12995	58	11441	13083	0.00446326	0.57205	0.993274
20	45240000	45260000	13265	66	11391	13390	0.0049755	0.56955	0.990665
20	45260000	45280000	12241	58	10768	12404	0.00473817	0.5384	0.986859
20	45280000	45300000	6375	42	15386	9281	0.00658824	0.7693	0.686887
20	45300000	45320000	10363	51	12629	10441	0.00492135	0.63145	0.992529
20	45320000	45340000	10325	80	14560	10432	0.00774818	0.728	0.989743
20	45340000	45360000	10894	88	11492	11841	0.00807784	0.5746	0.920024
20	45360000	45380000	12154	91	11363	12292	0.00748725	0.56815	0.988773
20	45380000	45400000	12208	95	11216	13048	0.00778178	0.5608	0.935622
20	45400000	45420000	10585	64	11555	11701	0.00604629	0.57775	0.904624
20	45420000	45440000	13641	90	12394	13780	0.00659776	0.6197	0.989913
20	45440000	45460000	10720	93	13092	10817	0.00867537	0.6546	0.991033
20	45460000	45480000	11693	64	11723	11893	0.00547336	0.58615	0.983183
20	45480000	45500000	11204	68	15312	11292	0.00606926	0.7656	0.992207
20	45500000	45520000	10960	86	12335	11056	0.00784672	0.61675	0.991317
20	45520000	45540000	13202	76	6298	13325	0.0057567	0.3149	0.990769
20	45540000	45560000	9626	51	12741	11369	0.00529815	0.63705	0.846688
20	45560000	45580000	10099	63	12056	10193	0.00623824	0.6028	0.990778
20	45580000	45600000	12018	81	12063	12132	0.00673989	0.60315	0.990603
20	45600000	45620000	12008	61	11855	12361	0.00507995	0.59275	0.971442
20	45620000	45640000	12256	79	11127	12372	0.00644582	0.55635	0.990624
20	45640000	45660000	12706	84	12240	12820	0.00661105	0.612	0.991108
20	45660000	45680000	12859	98	11138	12976	0.00762112	0.5569	0.990983
20	45680000	45700000	10525	60	13088	10939	0.00570071	0.6544	0.962154
20	45700000	45720000	9811	62	13226	9906	0.00631944	0.6613	0.99041
20	45720000	45740000	11445	61	12504	11539	0.00532984	0.6252	0.991854
20	45740000	45760000	11072	56	11946	11174	0.0050578	0.5973	0.990872
20	45760000	45780000	10770	68	12413	10852	0.00631383	0.62065	0.992444
20	45780000	45800000	9261	66	11908	10462	0.00712666	0.5954	0.885204
20	45800000	45820000	9775	55	11227	11037	0.0056266	0.56135	0.885657
20	45820000	45840000	8376	63	11720	8458	0.00752149	0.586	0.990305
20	45840000	45860000	10470	64	8975	10755	0.0061127	0.44875	0.973501
20	45860000	45880000	11272	52	8608	11391	0.0046132	0.4304	0.989553
20	45880000	45900000	8085	58	12270	9271	0.00717378	0.6135	0.872074
20	45900000	45920000	10586	83	8550	10677	0.00784054	0.4275	0.991477
20	45920000	45940000	8427	50	9861	9031	0.00593331	0.49305	0.933119
20	45940000	45960000	8678	40	9681	8749	0.00460936	0.48405	0.991885
20	45960000	45980000	8394	25	11001	8812	0.00297832	0.55005	0.952565
20	45980000	46000000	9307	22	8680	9417	0.00236381	0.434	0.988319
20	46000000	46020000	5273	24	16472	6051	0.00455149	0.8236	0.871426
20	46020000	46040000	5952	31	15876	6652	0.00520833	0.7938	0.894768
20	46040000	46060000	6467	37	13983	6867	0.00572135	0.69915	0.94175
20	46060000	46080000	4772	26	17767	4807	0.00544845	0.88835	0.992719
20	46080000	46100000	6369	39	14877	7583	0.00612341	0.74385	0.839905
20	46100000	46120000	3865	38	15716	5366	0.00983182	0.7858	0.720276
20	46120000	46140000	5072	31	10456	8180	0.00611199	0.5228	0.620049
20	46140000	46160000	4290	23	15999	4580	0.00536131	0.79995	0.936681
20	46160000	46180000	7167	50	14169	7257	0.00697642	0.70845	0.987598
20	46180000	46200000	6016	21	14694	6238	0.00349069	0.7347	0.964412
20	46200000	46220000	9290	32	11184	9408	0.00344456	0.5592	0.987457
20	46220000	46240000	9170	37	11883	9265	0.0040349	0.59415	0.989746
20	46240000	46260000	9000	36	7576	9239	0.004	0.3788	0.974131
20	46260000	46280000	11109	52	6947	11256	0.00468089	0.34735	0.98694
20	46280000	46300000	12713	123	3590	13353	0.00967514	0.1795	0.952071
20	46300000	46320000	9010	79	9427	13410	0.00876804	0.47135	0.671887
20	46320000	46340000	11209	103	12219	11488	0.00918904	0.61095	0.975714
20	46340000	46360000	10934	94	12832	11084	0.00859704	0.6416	0.986467
20	46360000	46380000	11718	82	10192	12052	0.00699778	0.5096	0.972287
20	46380000	46400000	11272	72	11293	11377	0.00638751	0.56465	0.990771
20	46400000	46420000	13012	76	7010	13112	0.00584076	0.3505	0.992373
20	46420000	46440000	3973	37	11643	4294	0.00931286	0.58215	0.925245
20	46440000	46460000	2590	20	9856	4673	0.00772201	0.4928	0.554248
20	46460000	46480000	0	0	8678	1253		0.4339	0
20	46480000	46500000	0	0	10215	11801		0.51075	0
20	46500000	46520000	6858	41	7855	9419	0.00597842	0.39275	0.728103
20	46520000	46540000	814	16	8439	822	0.019656	0.42195	0.990268
20	46540000	46560000	10487	67	11436	10567	0.00638886	0.5718	0.992429
20	46560000	46580000	13064	87	10767	13269	0.00665952	0.53835	0.98455
20	46580000	46600000	10175	79	7888	10434	0.00776413	0.3944	0.975177
20	46600000	46620000	7662	85	7249	7779	0.0110937	0.36245	0.98496
20	46620000	46640000	6678	50	12305	9733	0.00748727	0.61525	0.686119
20	46640000	46660000	10187	81	10640	11340	0.00795131	0.532	0.898325
20	46660000	46680000	10068	79	11622	10199	0.00784664	0.5811	0.987156
20	46680000	46700000	11368	79	9385	11470	0.00694933	0.46925	0.991107
20	46700000	46720000	10500	72	12489	10598	0.00685714	0.62445	0.990753
20	46720000	46740000	12519	78	11060	12635	0.00623053	0.553	0.990819
20	46740000	46760000	5505	42	10939	6239	0.00762943	0.54695	0.882353
20	46760000	46780000	11367	99	10509	12134	0.00870942	0.52545	0.936789
20	46780000	46800000	12243	122	9646	12714	0.00996488	0.4823	0.962954
20	46800000	46820000	13973	122	10253	14126	0.00873112	0.51265	0.989169
20	46820000	46840000	11107	105	9187	12725	0.0094535	0.45935	0.872849
20	46840000	46860000	9945	82	9654	10568	0.00824535	0.4827	0.941048
20	46860000	46880000	12325	93	10357	12426	0.00754564	0.51785	0.991872
20	46880000	46900000	12807	90	12068	12956	0.00702741	0.6034	0.9885
20	46900000	46920000	13126	87	10781	13301	0.00662807	0.53905	0.986843
20	46920000	46940000	12713	70	7910	12802	0.00550617	0.3955	0.993048
20	46940000	46960000	10547	93	10856	10652	0.00881767	0.5428	0.990143
20	46960000	46980000	11880	83	10613	12023	0.00698653	0.53065	0.988106
20	46980000	47000000	9033	54	8274	9140	0.00597808	0.4137	0.988293
20	47000000	47020000	9539	93	7685	9652	0.00974945	0.38425	0.988293
20	47020000	47040000	12336	70	8562	12771	0.00567445	0.4281	0.965938
20	47040000	47060000	11114	76	11737	11296	0.00683822	0.58685	0.983888
20	47060000	47080000	10101	65	11983	10306	0.00643501	0.59915	0.980109
20	47080000	47100000	9899	100	9446	10089	0.010102	0.4723	0.981168
20	47100000	47120000	5305	57	8144	5409	0.0107446	0.4072	0.980773
20	47120000	47140000	1399	20	9586	1649	0.0142959	0.4793	0.848393
20	47140000	47160000	5307	50	11408	10098	0.00942152	0.5704	0.52555
20	47160000	47180000	11805	85	8780	12022	0.00720034	0.439	0.98195
20	47180000	47200000	9238	88	11578	10137	0.00952587	0.5789	0.911315
20	47200000	47220000	8158	86	13501	8245	0.0105418	0.67505	0.989448
20	47220000	47240000	11049	95	8681	11662	0.00859806	0.43405	0.947436
20	47240000	47260000	6380	37	7398	13710	0.00579937	0.3699	0.465354
20	47260000	47280000	13336	88	9204	13909	0.00659868	0.4602	0.958804
20	47280000	47300000	11838	76	10292	12123	0.00642	0.5146	0.976491
20	47300000	47320000	12286	87	11097	12941	0.00708123	0.55485	0.949386
20	47320000	47340000	13033	90	12007	13182	0.00690555	0.60035	0.988697
20	47340000	47360000	11846	79	11126	13467	0.00666892	0.5563	0.879632
20	47360000	47380000	12820	55	10714	13270	0.00429017	0.5357	0.966089
20	47380000	47400000	11749	99	12725	12283	0.00842625	0.63625	0.956525
20	47400000	47420000	12645	69	8692	12747	0.0054567	0.4346	0.991998
20	47420000	47440000	13147	89	11487	13262	0.00676961	0.57435	0.991329
20	47440000	47460000	9512	53	11159	10534	0.00557191	0.55795	0.902981
20	47460000	47480000	10223	41	12230	10677	0.00401056	0.6115	0.957479
20	47480000	47500000	8261	60	13970	9013	0.00726304	0.6985	0.916565
20	47500000	47520000	7459	42	16873	8561	0.00563078	0.84365	0.871277
20	47520000	47540000	8978	37	14469	9077	0.00412119	0.72345	0.989093
20	47540000	47560000	6658	36	12261	9693	0.00540703	0.61305	0.686887
20	47560000	47580000	9686	39	10484	9826	0.00402643	0.5242	0.985752
20	47580000	47600000	7363	22	12443	7445	0.00298791	0.62215	0.988986
20	47600000	47620000	10986	32	9263	11055	0.0029128	0.46315	0.993758
20	47620000	47640000	10982	39	10169	11035	0.00355127	0.50845	0.995197
20	47640000	47660000	8023	26	10140	8060	0.00324068	0.507	0.995409
20	47660000	47680000	7702	26	11605	7750	0.00337575	0.58025	0.993806
20	47680000	47700000	8025	32	10080	8081	0.00398754	0.504	0.99307
20	47700000	47720000	10646	41	6967	10706	0.00385121	0.34835	0.994396
20	47720000	47740000	9212	43	9534	9304	0.00466782	0.4767	0.990112
20	47740000	47760000	7490	35	12441	7528	0.0046729	0.62205	0.994952
20	47760000	47780000	8925	40	10877	9184	0.00448179	0.54385	0.971799
20	47780000	47800000	8398	44	9051	8463	0.00523934	0.45255	0.99232
20	47800000	47820000	4920	29	15619	5416	0.00589431	0.78095	0.908419
20	47820000	47840000	5953	47	14406	6001	0.00789518	0.7203	0.992001
20	47840000	47860000	8811	40	12022	8879	0.00453978	0.6011	0.992341
20	47860000	47880000	9602	37	9745	9651	0.00385336	0.48725	0.994923
20	47880000	47900000	9218	39	9827	9889	0.00423085	0.49135	0.932147
20	47900000	47920000	7957	50	14202	8533	0.00628378	0.7101	0.932497
20	47920000	47940000	8975	73	13760	9228	0.0081337	0.688	0.972583
20	47940000	47960000	10953	71	13279	11051	0.00648224	0.66395	0.991132
20	47960000	47980000	10645	49	14168	11019	0.0046031	0.7084	0.966059
20	47980000	48000000	12045	40	6330	12141	0.00332088	0.3165	0.992093
20	48000000	48020000	11557	80	12814	12132	0.00692221	0.6407	0.952605
20	48020000	48040000	12854	96	11997	13128	0.00746849	0.59985	0.979129
20	48040000	48060000	12198	74	11638	12452	0.00606657	0.5819	0.979602
20	48060000	48080000	13313	68	10535	13420	0.00510779	0.52675	0.992027
20	48080000	48100000	11324	69	11362	12376	0.00609325	0.5681	0.914997
20	48100000	48120000	9752	66	14029	9915	0.00676784	0.70145	0.98356
20	48120000	48140000	11791	77	11802	12023	0.0065304	0.5901	0.980704
20	48140000	48160000	9161	67	14652	9338	0.00731361	0.7326	0.981045
20	48160000	48180000	8254	69	15285	8322	0.00835958	0.76425	0.991829
20	48180000	48200000	11730	68	10968	11843	0.0057971	0.5484	0.990458
20	48200000	48220000	10397	98	11964	10950	0.0094258	0.5982	0.949498
20	48220000	48240000	9111	87	14217	9784	0.0095489	0.71085	0.931214
20	48240000	48260000	9409	64	8449	10989	0.006802	0.42245	0.85622
20	48260000	48280000	11291	57	9352	11358	0.00504827	0.4676	0.994101
20	48280000	48300000	10933	37	8358	11010	0.00338425	0.4179	0.993006
20	48300000	48320000	9210	36	9688	9400	0.00390879	0.4844	0.979787
20	48320000	48340000	9233	51	10613	9317	0.00552367	0.53065	0.990984
20	48340000	48360000	4488	34	16650	5882	0.00757576	0.8325	0.763006
20	48360000	48380000	7968	59	14765	8098	0.00740462	0.73825	0.983947
20	48380000	48400000	7192	56	15128	7500	0.00778643	0.7564	0.958933
20	48400000	48420000	8449	57	14852	8518	0.00674636	0.7426	0.9919
20	48420000	48440000	8894	40	12253	8951	0.00449741	0.61265	0.993632
20	48440000	48460000	8598	75	9641	8663	0.00872296	0.48205	0.992497
20	48460000	48480000	11404	53	6924	11490	0.00464749	0.3462	0.992515
20	48480000	48500000	10503	42	8092	11572	0.00399886	0.4046	0.907622
20	48500000	48520000	11259	59	9309	11433	0.00524025	0.46545	0.984781
20	48520000	48540000	9645	35	9653	9803	0.00362882	0.48265	0.983882
20	48540000	48560000	6578	20	13211	6864	0.00304044	0.66055	0.958333
20	48560000	48580000	7030	42	10922	7086	0.0059744	0.5461	0.992097
20	48580000	48600000	7692	45	12654	7810	0.00585023	0.6327	0.984891
20	48600000	48620000	8158	47	10542	8889	0.00576122	0.5271	0.917764
20	48620000	48640000	8247	46	12070	8531	0.00557779	0.6035	0.96671
20	48640000	48660000	10569	64	11026	10667	0.00605545	0.5513	0.990813
20	48660000	48680000	9528	69	10619	9723	0.00724181	0.53095	0.979944
20	48680000	48700000	7973	46	10491	8108	0.00576947	0.52455	0.98335
20	48700000	48720000	10027	39	10729	10163	0.0038895	0.53645	0.986618
20	48720000	48740000	10406	41	10552	10500	0.00394003	0.5276	0.991048
20	48740000	48760000	11803	57	12589	11944	0.00482928	0.62945	0.988195
20	48760000	48780000	8186	45	11936	9006	0.00549719	0.5968	0.90895
20	48780000	48800000	6459	47	15081	6525	0.00727667	0.75405	0.989885
20	48800000	48820000	9936	75	9685	10022	0.00754831	0.48425	0.991419
20	48820000	48840000	7496	70	12399	12596	0.00933831	0.61995	0.59511
20	48840000	48860000	10921	85	11691	11943	0.00778317	0.58455	0.914427
20	48860000	48880000	10280	78	10542	12638	0.00758755	0.5271	0.81342
20	48880000	48900000	14344	105	9917	14507	0.00732013	0.49585	0.988764
20	48900000	48920000	12036	78	10453	13570	0.00648056	0.52265	0.886957
20	48920000	48940000	13081	89	11029	13695	0.00680376	0.55145	0.955166
20	48940000	48960000	11863	77	11992	11992	0.00649077	0.5996	0.989243
20	48960000	48980000	6984	76	11045	7451	0.010882	0.55225	0.937324
20	48980000	49000000	5846	65	12464	5929	0.0111187	0.6232	0.986001
20	49000000	49020000	4190	48	11651	4413	0.0114558	0.58255	0.949467
20	49020000	49040000	5614	58	12795	5663	0.0103313	0.63975	0.991347
20	49040000	49060000	10457	59	13177	10544	0.00564215	0.65885	0.991749
20	49060000	49080000	4396	47	13785	4526	0.0106915	0.68925	0.971277
20	49080000	49100000	7687	45	13939	7757	0.00585404	0.69695	0.990976
20	49100000	49120000	9742	62	12987	9821	0.0063642	0.64935	0.991956
20	49120000	49140000	11787	50	6792	11849	0.00424196	0.3396	0.994767
20	49140000	49160000	11020	41	6703	11090	0.00372051	0.33515	0.993688
20	49160000	49180000	11004	44	10077	11084	0.00399855	0.50385	0.992782
20	49180000	49200000	13773	63	2887	13914	0.00457417	0.14435	0.989866
20	49200000	49220000	11298	71	6782	11582	0.0062843	0.3391	0.975479
20	49220000	49240000	9099	77	10278	9721	0.00846247	0.5139	0.936015
20	49240000	49260000	8095	54	10038	8192	0.00667078	0.5019	0.988159
20	49260000	49280000	6762	40	13151	8284	0.00591541	0.65755	0.816272
20	49280000	49300000	5168	37	11542	9736	0.00715944	0.5771	0.530813
20	49300000	49320000	8576	63	11591	8641	0.00734608	0.57955	0.992478
20	49320000	49340000	7320	44	14181	7454	0.00601093	0.70905	0.982023
20	49340000	49360000	9781	42	7840	10868	0.00429404	0.392	0.899982
20	49360000	49380000	8921	37	10219	9213	0.00414752	0.51095	0.968306
20	49380000	49400000	4401	48	14275	4996	0.0109066	0.71375	0.880905
20	49400000	49420000	6800	52	13348	6899	0.00764706	0.6674	0.98565
20	49420000	49440000	7884	41	14525	8020	0.00520041	0.72625	0.983042
20	49440000	49460000	9259	58	12217	9445	0.00626418	0.61085	0.980307
20	49460000	49480000	10434	62	9488	10523	0.00594211	0.4744	0.991542
20	49480000	49500000	10482	57	10681	10586	0.00543789	0.53405	0.990176
20	49500000	49520000	11087	46	7431	11635	0.004149	0.37155	0.952901
20	49520000	49540000	10489	50	7316	10589	0.0047669	0.3658	0.990556
20	49540000	49560000	10133	34	4519	10280	0.00335537	0.22595	0.9857
20	49560000	49580000	9387	32	8090	9449	0.00340897	0.4045	0.993438
20	49580000	49600000	9814	51	12765	9877	0.00519666	0.63825	0.993622
20	49600000	49620000	10088	64	11565	11172	0.00634417	0.57825	0.902972
20	49620000	49640000	11165	76	8560	12662	0.00680699	0.428	0.881772
20	49640000	49660000	11553	72	9950	11648	0.00623215	0.4975	0.991844
20	49660000	49680000	10978	82	11391	11223	0.00746948	0.56955	0.97817
20	49680000	49700000	9507	65	12361	11183	0.00683707	0.61805	0.85013
20	49700000	49720000	12449	104	8508	12826	0.00835408	0.4254	0.970607
20	49720000	49740000	13039	98	11126	13154	0.00751591	0.5563	0.991257
20	49740000	49760000	11060	72	10988	11168	0.00650995	0.5494	0.99033
20	49760000	49780000	12719	67	13215	12825	0.00526771	0.66075	0.991735
20	49780000	49800000	11345	75	12119	11460	0.00661084	0.60595	0.989965
20	49800000	49820000	12458	69	10018	12556	0.00553861	0.5009	0.992195
20	49820000	49840000	12372	68	11923	12467	0.00549628	0.59615	0.99238
20	49840000	49860000	11159	81	12590	11256	0.00725871	0.6295	0.991382
20	49860000	49880000	12298	98	12451	12424	0.00796878	0.62255	0.989858
20	49880000	49900000	11957	80	11555	12081	0.00669064	0.57775	0.989736
20	49900000	49920000	11605	67	11422	11722	0.00577337	0.5711	0.990019
20	49920000	49940000	12467	74	12465	12627	0.00593567	0.62325	0.987329
20	49940000	49960000	12936	85	10985	13060	0.00657081	0.54925	0.990505
20	49960000	49980000	10497	82	11971	11103	0.00781176	0.59855	0.94542
20	49980000	50000000	11485	88	11998	12102	0.00766217	0.5999	0.949017
20	50000000	50020000	13429	70	3985	13604	0.0052126	0.19925	0.987136
20	50020000	50040000	12124	68	10129	12421	0.00560871	0.50645	0.976089
20	50040000	50060000	12461	64	6865	12631	0.00513602	0.34325	0.986541
20	50060000	50080000	11425	76	9727	11527	0.00665208	0.48635	0.991151
20	50080000	50100000	11422	72	10775	11542	0.00630362	0.53875	0.989603
20	50100000	50120000	11911	82	8798	12569	0.00688439	0.4399	0.947649
20	50120000	50140000	10882	79	9886	10972	0.00725969	0.4943	0.991797
20	50140000	50160000	12207	100	8834	12315	0.00819202	0.4417	0.99123
20	50160000	50180000	11478	57	10597	11578	0.00496602	0.52985	0.991363
20	50180000	50200000	12967	81	10683	13102	0.00624663	0.53415	0.989696
20	50200000	50220000	11317	66	7529	11443	0.00583193	0.37645	0.988989
20	50220000	50240000	10741	76	9022	10921	0.00707569	0.4511	0.983518
20	50240000	50260000	9353	52	11481	9441	0.00555971	0.57405	0.990679
20	50260000	50280000	9359	52	9557	9895	0.00555615	0.47785	0.945831
20	50280000	50300000	7921	61	10423	9825	0.00770105	0.52115	0.806209
20	50300000	50320000	8527	52	9834	8694	0.00609828	0.4917	0.980791
20	50320000	50340000	8619	57	10116	8682	0.0066133	0.5058	0.992744
20	50340000	50360000	7915	47	13310	7997	0.00593809	0.6655	0.989746
20	50360000	50380000	6542	29	13611	6635	0.0044329	0.68055	0.985983
20	50380000	50400000	5257	23	12828	5797	0.00437512	0.6414	0.906848
20	50400000	50420000	9029	47	7281	9170	0.00520545	0.36405	0.984624
20	50420000	50440000	7723	53	14583	7783	0.00686262	0.72915	0.992291
20	50440000	50460000	7769	36	14028	7848	0.0046338	0.7014	0.989934
20	50460000	50480000	7779	71	12932	7865	0.00912714	0.6466	0.989065
20	50480000	50500000	6853	50	14345	7084	0.00729607	0.71725	0.967391
20	50500000	50520000	7885	40	13816	7965	0.00507292	0.6908	0.989956
20	50520000	50540000	8072	49	13162	8235	0.00607037	0.6581	0.980206
20	50540000	50560000	6530	48	13421	6772	0.00735069	0.67105	0.964265
20	50560000	50580000	7503	43	11428	7724	0.00573104	0.5714	0.971388
20	50580000	50600000	6295	46	14776	6348	0.00730739	0.7388	0.991651
20	50600000	50620000	7244	44	13762	7649	0.00607399	0.6881	0.947052
20	50620000	50640000	9431	56	10179	9531	0.00593786	0.50895	0.989508
20	50640000	50660000	8605	24	11121	8677	0.00278908	0.55605	0.991702
20	50660000	50680000	8100	62	12605	8177	0.00765432	0.63025	0.990583
20	50680000	50700000	9561	55	11705	9649	0.00575254	0.58525	0.99088
20	50700000	50720000	9461	43	9491	10935	0.00454497	0.47455	0.865203
20	50720000	50740000	6856	47	13697	6948	0.00685531	0.68485	0.986759
20	50740000	50760000	6704	47	14519	6792	0.00701074	0.72595	0.987044
20	50760000	50780000	9680	52	10836	9766	0.0053719	0.5418	0.991194
20	50780000	50800000	9932	77	11910	10024	0.00775272	0.5955	0.990822
20	50800000	50820000	8248	54	10982	8931	0.00654704	0.5491	0.923525
20	50820000	50840000	8365	79	15517	8447	0.00944411	0.77585	0.990292
20	50840000	50860000	11093	87	11032	11180	0.00784278	0.5516	0.992218
20	50860000	50880000	11036	58	11956	11111	0.00525553	0.5978	0.99325
20	50880000	50900000	10898	63	10272	10966	0.00578088	0.5136	0.993799
20	50900000	50920000	12506	62	9782	12590	0.00495762	0.4891	0.993328
20	50920000	50940000	13009	64	8698	13132	0.00491967	0.4349	0.990634
20	50940000	50960000	11969	51	10332	12056	0.00426101	0.5166	0.992784
20	50960000	50980000	12160	69	13325	12421	0.00567434	0.66625	0.978987
20	50980000	51000000	13742	69	8835	13864	0.0050211	0.44175	0.9912
20	51000000	51020000	11178	50	13202	11898	0.00447307	0.6601	0.939486
20	51020000	51040000	11557	76	12166	12087	0.0065761	0.6083	0.956151
20	51040000	51060000	11793	84	8044	11878	0.00712287	0.4022	0.992844
20	51060000	51080000	11838	57	10774	12014	0.004815	0.5387	0.98535
20	51080000	51100000	10968	81	10497	12955	0.00738512	0.52485	0.846623
20	51100000	51120000	12673	95	7831	12769	0.00749625	0.39155	0.992482
20	51120000	51140000	8272	44	16500	8346	0.00531915	0.825	0.991133
20	51140000	51160000	13467	82	7113	13547	0.00608896	0.35565	0.994095
20	51160000	51180000	5571	20	17278	5633	0.00359002	0.8639	0.988993
20	51180000	51200000	11320	73	12517	11685	0.00644876	0.62585	0.968763
20	51200000	51220000	11144	89	10456	12057	0.00798636	0.5228	0.924276
20	51220000	51240000	11972	65	9244	12116	0.00542934	0.4622	0.988115
20	51240000	51260000	11351	67	12848	11463	0.00590256	0.6424	0.990229
20	51260000	51280000	13987	104	9173	14114	0.00743548	0.45865	0.991002
20	51280000	51300000	13675	76	9351	13772	0.00555759	0.46755	0.992957
20	51300000	51320000	11700	70	11490	11809	0.00598291	0.5745	0.99077
20	51320000	51340000	12110	87	9139	12248	0.00718415	0.45695	0.988733
20	51340000	51360000	12441	63	6528	12521	0.0050639	0.3264	0.993611
20	51360000	51380000	13293	101	8121	13414	0.00759798	0.40605	0.99098
20	51380000	51400000	12474	98	9605	12654	0.00785634	0.48025	0.985775
20	51400000	51420000	13196	69	7595	14685	0.00522886	0.37975	0.898604
20	51420000	51440000	14587	105	7390	14741	0.00719819	0.3695	0.989553
20	51440000	51460000	13006	117	9675	13131	0.00899585	0.48375	0.990481
20	51460000	51480000	13613	77	5725	13731	0.00565636	0.28625	0.991406
20	51480000	51500000	13255	85	9287	13372	0.00641267	0.46435	0.99125
20	51500000	51520000	11996	63	13032	12108	0.00525175	0.6516	0.99075
20	51520000	51540000	12536	81	8420	12647	0.00646139	0.421	0.991223
20	51540000	51560000	12516	90	7000	12640	0.0071908	0.35	0.99019
20	51560000	51580000	13300	77	8533	13412	0.00578947	0.42665	0.991649
20	51580000	51600000	11984	55	6979	12407	0.00458945	0.34895	0.965906
20	51600000	51620000	12319	71	7260	12435	0.00576345	0.363	0.990671
20	51620000	51640000	13034	84	7405	13173	0.00644468	0.37025	0.989448
20	51640000	51660000	12104	61	8753	12592	0.00503966	0.43765	0.961245
20	51660000	51680000	11854	78	8911	12151	0.00658006	0.44555	0.975558
20	51680000	51700000	12851	77	7409	13238	0.00599175	0.37045	0.970766
20	51700000	51720000	12380	67	7551	12492	0.00541195	0.37755	0.991034
20	51720000	51740000	12590	65	8465	12916	0.00516283	0.42325	0.97476
20	51740000	51760000	13081	90	6909	13196	0.00688021	0.34545	0.991285
20	51760000	51780000	13277	91	8841	13407	0.00685396	0.44205	0.990304
20	51780000	51800000	13051	62	6911	13161	0.00475059	0.34555	0.991642
20	51800000	51820000	13413	74	5983	13515	0.00551704	0.29915	0.992453
20	51820000	51840000	12342	86	7973	12468	0.00696808	0.39865	0.989894
20	51840000	51860000	12033	102	8249	12186	0.00847669	0.41245	0.987445
20	51860000	51880000	13642	67	3596	13749	0.0049113	0.1798	0.992218
20	51880000	51900000	12512	57	9352	12951	0.00455563	0.4676	0.966103
20	51900000	51920000	12146	70	7488	12262	0.00576321	0.3744	0.99054
20	51920000	51940000	12433	70	8549	12554	0.00563018	0.42745	0.990362
20	51940000	51960000	12448	78	8714	12580	0.00626607	0.4357	0.989507
20	51960000	51980000	12457	75	8912	12834	0.00602071	0.4456	0.970625
20	51980000	52000000	10982	78	9895	11086	0.00710253	0.49475	0.990619
20	52000000	52020000	9896	51	10430	9995	0.0051536	0.5215	0.990095
20	52020000	52040000	11584	73	8822	11746	0.0063018	0.4411	0.986208
20	52040000	52060000	9895	50	9197	9974	0.00505306	0.45985	0.992079
20	52060000	52080000	7519	40	12549	8217	0.00531986	0.62745	0.915054
20	52080000	52100000	6025	28	14282	6095	0.0046473	0.7141	0.988515
20	52100000	52120000	10604	64	8286	10687	0.00603546	0.4143	0.992234
20	52120000	52140000	5173	34	14586	5220	0.00657259	0.7293	0.990996
20	52140000	52160000	7324	69	13515	7729	0.00942108	0.67575	0.9476
20	52160000	52180000	5619	52	14137	6395	0.00925432	0.70685	0.878655
20	52180000	52200000	10363	48	7375	10454	0.00463186	0.36875	0.991295
20	52200000	52220000	3348	18	4746	3385	0.00537634	0.2373	0.989069
20	52220000	52240000	6427	27	10654	6863	0.00420103	0.5327	0.936471
20	52240000	52260000	5385	34	14348	6097	0.00631383	0.7174	0.883221
20	52260000	52280000	7647	42	9345	7710	0.00549235	0.46725	0.991829
20	52280000	52300000	6226	39	13121	6284	0.00626405	0.65605	0.99077
20	52300000	52320000	6052	49	14697	6115	0.0080965	0.73485	0.989697
20	52320000	52340000	6497	47	12466	7747	0.00723411	0.6233	0.838647
20	52340000	52360000	9337	62	11026	9405	0.00664025	0.5513	0.99277
20	52360000	52380000	8715	52	11307	8794	0.00596672	0.56535	0.991017
20	52380000	52400000	8083	46	12083	8144	0.00569096	0.60415	0.99251
20	52400000	52420000	7696	70	14120	8565	0.00909563	0.706	0.898541
20	52420000	52440000	6344	66	15298	6580	0.0104035	0.7649	0.964134
20	52440000	52460000	8996	55	12053	9281	0.00611383	0.60265	0.969292
20	52460000	52480000	6822	61	15113	6906	0.00894166	0.75565	0.987837
20	52480000	52500000	7292	48	8468	7429	0.00658256	0.4234	0.981559
20	52500000	52520000	10665	82	12302	10757	0.0076887	0.6151	0.991447
20	52520000	52540000	9459	50	9554	10199	0.00528597	0.4777	0.927444
20	52540000	52560000	12654	70	10005	12807	0.00553185	0.50025	0.988053
20	52560000	52580000	11067	62	9222	11557	0.00560224	0.4611	0.957601
20	52580000	52600000	12893	102	7006	13016	0.00791127	0.3503	0.99055
20	52600000	52620000	13240	102	8615	13348	0.00770393	0.43075	0.991909
20	52620000	52640000	12022	65	12023	12156	0.00540675	0.60115	0.988977
20	52640000	52660000	5896	36	10186	5943	0.00610583	0.5093	0.992092
20	52660000	52680000	11337	78	10847	11472	0.00688013	0.54235	0.988232
20	52680000	52700000	11495	73	10593	11734	0.00635059	0.52965	0.979632
20	52700000	52720000	11390	88	10502	11517	0.00772608	0.5251	0.988973
20	52720000	52740000	12538	103	10821	12796	0.00821503	0.54105	0.979837
20	52740000	52760000	12089	105	10591	12203	0.00868558	0.52955	0.990658
20	52760000	52780000	9016	67	9508	11851	0.00743123	0.4754	0.76078
20	52780000	52800000	12106	85	8082	12500	0.00702131	0.4041	0.96848
20	52800000	52820000	12503	103	8067	12655	0.00823802	0.40335	0.987989
20	52820000	52840000	12317	67	7662	12423	0.00543964	0.3831	0.991467
20	52840000	52860000	9318	61	11528	9437	0.00654647	0.5764	0.98739
20	52860000	52880000	10843	65	14496	11105	0.00599465	0.7248	0.976407
20	52880000	52900000	12317	97	9133	12445	0.00787529	0.45665	0.989715
20	52900000	52920000	12461	93	9182	12574	0.00746329	0.4591	0.991013
20	52920000	52940000	11977	101	10886	12090	0.00843283	0.5443	0.990653
20	52940000	52960000	11899	88	10482	11997	0.00739558	0.5241	0.991831
20	52960000	52980000	11925	75	10817	12048	0.00628931	0.54085	0.989791
20	52980000	53000000	9823	58	12945	10063	0.00590451	0.64725	0.97615
20	53000000	53020000	11364	65	10545	12476	0.00571982	0.52725	0.910869
20	53020000	53040000	11992	60	12076	12282	0.00500334	0.6038	0.976388
20	53040000	53060000	10729	68	10850	10853	0.00633796	0.5425	0.988575
20	53060000	53080000	8716	68	14086	9854	0.00780174	0.7043	0.884514
20	53080000	53100000	11730	66	10191	11846	0.0056266	0.50955	0.990208
20	53100000	53120000	11420	75	8962	11550	0.00656743	0.4481	0.988745
20	53120000	53140000	12375	77	10754	12479	0.00622222	0.5377	0.991666
20	53140000	53160000	12542	87	10579	12650	0.00693669	0.52895	0.991462
20	53160000	53180000	12116	66	8859	12235	0.00544734	0.44295	0.990274
20	53180000	53200000	10851	65	12001	11045	0.00599023	0.60005	0.982435
20	53200000	53220000	12083	82	8058	12238	0.00678639	0.4029	0.987335
20	53220000	53240000	10791	78	8910	10924	0.00722825	0.4455	0.987825
20	53240000	53260000	11643	96	8946	11756	0.0082453	0.4473	0.990388
20	53260000	53280000	11056	94	11054	11160	0.00850217	0.5527	0.990681
20	53280000	53300000	12167	80	9586	12302	0.00657516	0.4793	0.989026
20	53300000	53320000	11354	96	9050	11497	0.00845517	0.4525	0.987562
20	53320000	53340000	12351	102	6750	12499	0.00825844	0.3375	0.988159
20	53340000	53360000	10947	75	9428	11048	0.00685119	0.4714	0.990858
20	53360000	53380000	7021	49	16995	8177	0.00697906	0.84975	0.858628
20	53380000	53400000	10299	74	9675	12053	0.00718516	0.48375	0.854476
20	53400000	53420000	5902	62	17441	5978	0.0105049	0.87205	0.987287
20	53420000	53440000	8301	60	10586	8419	0.00722804	0.5293	0.985984
20	53440000	53460000	13112	92	6857	13268	0.00701647	0.34285	0.988242
20	53460000	53480000	13287	77	7434	13427	0.00579514	0.3717	0.989573
20	53480000	53500000	10381	80	9786	10564	0.00770639	0.4893	0.982677
20	53500000	53520000	7494	89	13802	7583	0.0118762	0.6901	0.988263
20	53520000	53540000	9010	92	14982	9525	0.0102109	0.7491	0.945932
20	53540000	53560000	10700	93	9954	10845	0.00869159	0.4977	0.98663
20	53560000	53580000	11618	97	11860	11766	0.00834911	0.593	0.987421
20	53580000	53600000	12082	122	11839	12206	0.0100977	0.59195	0.989841
20	53600000	53620000	12300	99	10859	12395	0.00804878	0.54295	0.992336
20	53620000	53640000	12622	91	7892	12741	0.00720963	0.3946	0.99066
20	53640000	53660000	8582	69	17292	11480	0.00804008	0.8646	0.747561
20	53660000	53680000	11523	63	9621	11647	0.00546733	0.48105	0.989353
20	53680000	53700000	8834	95	12216	8925	0.0107539	0.6108	0.989804
20	53700000	53720000	10603	94	12070	10924	0.00886542	0.6035	0.970615
20	53720000	53740000	11601	111	13573	11755	0.00956814	0.67865	0.986899
20	53740000	53760000	12338	108	8496	12944	0.00875344	0.4248	0.953183
20	53760000	53780000	12584	95	11494	12704	0.00754927	0.5747	0.990554
20	53780000	53800000	12628	124	10784	13080	0.00981945	0.5392	0.965443
20	53800000	53820000	10224	66	11254	11970	0.0064554	0.5627	0.854135
20	53820000	53840000	8369	68	14673	8467	0.00812522	0.73365	0.988426
20	53840000	53860000	9148	42	13041	9270	0.00459117	0.65205	0.986839
20	53860000	53880000	9273	63	9067	9417	0.00679392	0.45335	0.984709
20	53880000	53900000	10864	93	11742	10968	0.00856038	0.5871	0.990518
20	53900000	53920000	13214	89	9616	13353	0.00673528	0.4808	0.98959
20	53920000	53940000	8169	34	13646	8305	0.00416208	0.6823	0.983624
20	53940000	53960000	14181	106	8231	14324	0.00747479	0.41155	0.990017
20	53960000	53980000	10096	80	9240	10216	0.00792393	0.462	0.988254
20	53980000	54000000	11248	71	10418	12061	0.00631223	0.5209	0.932593
20	54000000	54020000	12131	63	11776	12280	0.00519331	0.5888	0.987866
20	54020000	54040000	10156	47	14167	10294	0.00462781	0.70835	0.986594
20	54040000	54060000	13549	64	8371	13698	0.0047236	0.41855	0.989122
20	54060000	54080000	13376	84	7328	13507	0.0062799	0.3664	0.990301
20	54080000	54100000	12358	84	9586	12533	0.00679722	0.4793	0.986037
20	54100000	54120000	6327	43	15640	6482	0.00679627	0.782	0.976088
20	54120000	54140000	11447	66	11626	11594	0.0057657	0.5813	0.987321
20	54140000	54160000	12172	84	8531	12301	0.00690108	0.42655	0.989513
20	54160000	54180000	13388	110	8804	13540	0.00821631	0.4402	0.988774
20	54180000	54200000	10512	92	10687	11152	0.0087519	0.53435	0.942611
20	54200000	54220000	11291	91	8381	11585	0.00805952	0.41905	0.974622
20	54220000	54240000	13321	88	8439	13455	0.00660611	0.42195	0.990041
20	54240000	54260000	14103	126	7624	14355	0.00893427	0.3812	0.982445
20	54260000	54280000	11047	96	9587	11247	0.00869014	0.47935	0.982217
20	54280000	54300000	11184	81	11295	11395	0.00724249	0.56475	0.981483
20	54300000	54320000	12196	84	9942	12338	0.0068875	0.4971	0.988491
20	54320000	54340000	11894	74	11703	12036	0.00622162	0.58515	0.988202
20	54340000	54360000	12558	90	7858	12681	0.00716675	0.3929	0.9903
20	54360000	54380000	12665	99	8155	13266	0.00781682	0.40775	0.954696
20	54380000	54400000	10571	74	12471	10687	0.00700028	0.62355	0.989146
20	54400000	54420000	11428	66	11899	11534	0.00577529	0.59495	0.99081
20	54420000	54440000	7097	61	12184	7157	0.00859518	0.6092	0.991617
20	54440000	54460000	10392	76	13470	10475	0.00731332	0.6735	0.992076
20	54460000	54480000	7941	70	13953	8037	0.00881501	0.69765	0.988055
20	54480000	54500000	11199	73	10352	11292	0.00651844	0.5176	0.991764
20	54500000	54520000	10003	59	12022	10086	0.00589823	0.6011	0.991771
20	54520000	54540000	12578	71	11240	12702	0.00564478	0.562	0.990238
20	54540000	54560000	12164	89	10035	12353	0.00731667	0.50175	0.9847
20	54560000	54580000	12926	98	4670	13030	0.00758162	0.2335	0.992018
20	54580000	54600000	12119	80	7691	12325	0.0066012	0.38455	0.983286
20	54600000	54620000	12748	80	11783	13174	0.00627549	0.58915	0.967664
20	54620000	54640000	7136	55	15011	7201	0.0077074	0.75055	0.990973
20	54640000	54660000	12040	93	12754	12167	0.00772425	0.6377	0.989562
20	54660000	54680000	12023	98	13082	12242	0.00815104	0.6541	0.982111
20	54680000	54700000	10030	74	13758	10117	0.00737787	0.6879	0.991401
20	54700000	54720000	13128	86	9784	13285	0.00655088	0.4892	0.988182
20	54720000	54740000	12828	92	8370	12975	0.00717181	0.4185	0.988671
20	54740000	54760000	12782	103	9858	12924	0.00805821	0.4929	0.989013
20	54760000	54780000	12520	112	10444	12645	0.00894569	0.5222	0.990115
20	54780000	54800000	8523	78	13447	8624	0.00915171	0.67235	0.988288
20	54800000	54820000	11449	62	11643	11556	0.00541532	0.58215	0.990741
20	54820000	54840000	12037	96	6690	14221	0.00797541	0.3345	0.846424
20	54840000	54860000	7648	81	14257	9225	0.010591	0.71285	0.829051
20	54860000	54880000	11496	95	10630	11780	0.00826374	0.5315	0.975891
20	54880000	54900000	8829	56	12768	8934	0.00634273	0.6384	0.988247
20	54900000	54920000	7449	41	14881	7517	0.00550409	0.74405	0.990954
20	54920000	54940000	10940	43	12272	11074	0.00393053	0.6136	0.9879
20	54940000	54960000	8182	63	7780	8441	0.00769983	0.389	0.969316
20	54960000	54980000	10974	79	8252	11074	0.00719883	0.4126	0.99097
20	54980000	55000000	10082	59	8025	10168	0.00585201	0.40125	0.991542
20	55000000	55020000	11904	91	9312	12089	0.00764449	0.4656	0.984697
20	55020000	55040000	10165	89	9909	10261	0.00875553	0.49545	0.990644
20	55040000	55060000	9190	64	11373	9482	0.00696409	0.56865	0.969205
20	55060000	55080000	11208	67	7353	11426	0.00597787	0.36765	0.980921
20	55080000	55100000	10094	68	7815	10221	0.00673668	0.39075	0.987575
20	55100000	55120000	5529	52	12750	5882	0.00940496	0.6375	0.939986
20	55120000	55140000	5948	41	16170	6771	0.00689307	0.8085	0.878452
20	55140000	55160000	6392	37	13145	8582	0.00578849	0.65725	0.744815
20	55160000	55180000	6606	34	13009	6751	0.00514684	0.65045	0.978522
20	55180000	55200000	7049	62	11397	7650	0.00879557	0.56985	0.921438
20	55200000	55220000	11661	86	3580	11770	0.00737501	0.179	0.990739
20	55220000	55240000	7006	44	13676	7263	0.00628033	0.6838	0.964615
20	55240000	55260000	7660	56	13871	7997	0.0073107	0.69355	0.957859
20	55260000	55280000	9462	82	12689	9581	0.00866624	0.63445	0.98758
20	55280000	55300000	8334	51	11109	10537	0.00611951	0.55545	0.790927
20	55300000	55320000	10149	69	11070	10278	0.0067987	0.5535	0.987449
20	55320000	55340000	9207	67	10915	11079	0.00727707	0.54575	0.831032
20	55340000	55360000	9257	58	13058	10699	0.00626553	0.6529	0.865221
20	55360000	55380000	9944	69	11659	10341	0.00693886	0.58295	0.961609
20	55380000	55400000	11082	88	11081	11535	0.0079408	0.55405	0.960728
20	55400000	55420000	12535	114	9924	12712	0.00909454	0.4962	0.986076
20	55420000	55440000	11879	101	10129	12472	0.0085024	0.50645	0.952453
20	55440000	55460000	9916	64	12036	9998	0.00645422	0.6018	0.991798
20	55460000	55480000	10164	47	11564	10550	0.00462416	0.5782	0.963412
20	55480000	55500000	10827	95	10660	10947	0.00877436	0.533	0.989038
20	55500000	55520000	10716	69	8982	10838	0.00643897	0.4491	0.988743
20	55520000	55540000	11895	90	10265	11998	0.0075662	0.51325	0.991415
20	55540000	55560000	12303	79	9529	12397	0.0064212	0.47645	0.992418
20	55560000	55580000	12820	80	9918	12970	0.00624025	0.4959	0.988435
20	55580000	55600000	12392	113	8578	12511	0.00911879	0.4289	0.990488
20	55600000	55620000	12032	73	9389	12999	0.00606715	0.46945	0.92561
20	55620000	55640000	10777	93	10706	10922	0.00862949	0.5353	0.986724
20	55640000	55660000	13768	84	9153	14288	0.0061011	0.45765	0.963606
20	55660000	55680000	12032	95	9470	12695	0.00789561	0.4735	0.947775
20	55680000	55700000	10553	98	10235	11857	0.00928646	0.51175	0.890023
20	55700000	55720000	12844	92	10392	12971	0.00716288	0.5196	0.990209
20	55720000	55740000	12473	94	10899	12639	0.00753628	0.54495	0.986866
20	55740000	55760000	13329	99	6418	13451	0.00742741	0.3209	0.99093
20	55760000	55780000	12000	77	9328	12403	0.00641667	0.4664	0.967508
20	55780000	55800000	11139	58	6229	12952	0.00520693	0.31145	0.860022
20	55800000	55820000	12276	76	7903	12403	0.00619094	0.39515	0.989761
20	55820000	55840000	12028	59	6437	12136	0.00490522	0.32185	0.991101
20	55840000	55860000	12161	57	8498	12239	0.00468711	0.4249	0.993627
20	55860000	55880000	9569	35	11546	11037	0.00365764	0.5773	0.866993
20	55880000	55900000	13596	62	10735	13724	0.00456016	0.53675	0.990673
20	55900000	55920000	12429	67	5065	12508	0.00539062	0.25325	0.993684
20	55920000	55940000	9928	86	6881	10096	0.00866237	0.34405	0.98336
20	55940000	55960000	12602	91	7430	12748	0.00722108	0.3715	0.988547
20	55960000	55980000	12211	84	6797	12362	0.00687904	0.33985	0.987785
20	55980000	56000000	12300	85	8747	12443	0.00691057	0.43735	0.988508
20	56000000	56020000	11123	78	8829	12103	0.0070125	0.44145	0.919028
20	56020000	56040000	12899	77	10774	13057	0.00596945	0.5387	0.987899
20	56040000	56060000	12683	94	8881	12853	0.0074115	0.44405	0.986774
20	56060000	56080000	8594	66	11633	8694	0.00767978	0.58165	0.988498
20	56080000	56100000	11653	74	8500	11811	0.0063503	0.425	0.986623
20	56100000	56120000	12295	63	7655	12619	0.00512403	0.38275	0.974324
20	56120000	56140000	14510	120	3125	14645	0.00827016	0.15625	0.990782
20	56140000	56160000	14211	115	5757	14366	0.00809232	0.28785	0.989211
20	56160000	56180000	13739	106	6922	13914	0.00771526	0.3461	0.987423
20	56180000	56200000	12354	103	8341	12461	0.00833738	0.41705	0.991413
20	56200000	56220000	9264	63	17162	9363	0.00680052	0.8581	0.989426
20	56220000	56240000	12030	91	4615	12402	0.00756442	0.23075	0.970005
20	56240000	56260000	14166	93	5822	14358	0.00656501	0.2911	0.986628
20	56260000	56280000	9736	65	3378	14455	0.00667625	0.1689	0.673539
20	56280000	56300000	0	0	7481	12248		0.37405	0
20	56300000	56320000	9321	76	11843	13109	0.00815363	0.59215	0.711038
20	56320000	56340000	11875	63	13519	12393	0.00530526	0.67595	0.958202
20	56340000	56360000	11405	81	12913	11553	0.00710215	0.64565	0.987189
20	56360000	56380000	12859	108	9241	13010	0.00839879	0.46205	0.988394
20	56380000	56400000	12796	114	11676	12929	0.00890903	0.5838	0.989713
20	56400000	56420000	13142	122	7566	13350	0.00928321	0.3783	0.984419
20	56420000	56440000	12315	86	13624	12454	0.00698335	0.6812	0.988839
20	56440000	56460000	13033	115	8343	13197	0.00882376	0.41715	0.987573
20	56460000	56480000	11493	100	11210	11626	0.00870095	0.5605	0.98856
20	56480000	56500000	13793	99	8080	13929	0.00717755	0.404	0.990236
20	56500000	56520000	11922	92	9902	13561	0.00771683	0.4951	0.879139
20	56520000	56540000	12836	118	9172	13229	0.00919289	0.4586	0.970293
20	56540000	56560000	11068	70	7270	13658	0.00632454	0.3635	0.810368
20	56560000	56580000	13553	92	8944	13984	0.00678816	0.4472	0.969179
20	56580000	56600000	14011	109	8656	14147	0.0077796	0.4328	0.990387
20	56600000	56620000	13146	78	9493	13262	0.00593336	0.47465	0.991253
20	56620000	56640000	12841	81	12760	12956	0.00630792	0.638	0.991124
20	56640000	56660000	13562	108	10178	13701	0.00796343	0.5089	0.989855
20	56660000	56680000	12863	99	9729	12977	0.00769649	0.48645	0.991215
20	56680000	56700000	12008	75	14656	12201	0.00624584	0.7328	0.984182
20	56700000	56720000	12005	73	7050	12113	0.0060808	0.3525	0.991084
20	56720000	56740000	13604	71	7034	13721	0.00521905	0.3517	0.991473
20	56740000	56760000	13575	92	9908	13700	0.00677716	0.4954	0.990876
20	56760000	56780000	11624	75	11156	11894	0.00645217	0.5578	0.977299
20	56780000	56800000	11568	71	8296	11711	0.00613762	0.4148	0.987789
20	56800000	56820000	13671	70	1624	13806	0.00512033	0.0812	0.990222
20	56820000	56840000	12069	64	8994	12167	0.00530284	0.4497	0.991945
20	56840000	56860000	11711	77	11903	11864	0.00657501	0.59515	0.987104
20	56860000	56880000	12381	58	8697	12474	0.0046846	0.43485	0.992544
20	56880000	56900000	9759	50	11582	10121	0.00512348	0.5791	0.964233
20	56900000	56920000	12213	77	10998	12418	0.00630476	0.5499	0.983492
20	56920000	56940000	12971	67	8229	13054	0.00516537	0.41145	0.993642
20	56940000	56960000	11269	72	10998	11387	0.00638921	0.5499	0.989637
20	56960000	56980000	10975	62	8996	11686	0.0056492	0.4498	0.939158
20	56980000	57000000	10474	57	8736	10587	0.00544205	0.4368	0.989327
20	57000000	57020000	10371	67	6836	11658	0.00646032	0.3418	0.889604
20	57020000	57040000	13313	78	5805	13406	0.00585893	0.29025	0.993063
20	57040000	57060000	13612	94	5812	13739	0.00690567	0.2906	0.990756
20	57060000	57080000	10637	57	11823	13365	0.00535865	0.59115	0.795885
20	57080000	57100000	12850	90	6463	13493	0.00700389	0.32315	0.952346
20	57100000	57120000	12214	71	12451	12297	0.005813	0.62255	0.99325
20	57120000	57140000	13025	62	9182	13131	0.00476008	0.4591	0.991927
20	57140000	57160000	13448	103	6504	13567	0.00765913	0.3252	0.991229
20	57160000	57180000	12909	92	10201	13052	0.00712681	0.51005	0.989044
20	57180000	57200000	14553	128	6853	14743	0.00879544	0.34265	0.987113
20	57200000	57220000	13788	102	6667	14147	0.00739774	0.33335	0.974624
20	57220000	57240000	12095	51	3470	12185	0.00421662	0.1735	0.992614
20	57240000	57260000	11518	59	4056	11606	0.00512242	0.2028	0.992418
20	57260000	57280000	10820	55	8656	12197	0.00508318	0.4328	0.887103
20	57280000	57300000	13570	74	5593	13772	0.00545321	0.27965	0.985333
20	57300000	57320000	9991	58	16903	10130	0.00580522	0.84515	0.986278
20	57320000	57340000	12754	82	3751	13518	0.00642936	0.18755	0.943483
20	57340000	57360000	13052	81	6154	13984	0.00620595	0.3077	0.933352
20	57360000	57380000	12057	76	4914	13213	0.00630339	0.2457	0.91251
20	57380000	57400000	13708	93	5152	13843	0.00678436	0.2576	0.990248
20	57400000	57420000	13001	59	4280	13619	0.00453811	0.214	0.954622
20	57420000	57440000	12370	83	3076	12465	0.00670978	0.1538	0.992379
20	57440000	57460000	12677	58	2187	12853	0.00457521	0.10935	0.986307
20	57460000	57480000	11547	55	1807	11745	0.00476314	0.09035	0.983142
20	57480000	57500000	11686	50	7643	11848	0.00427862	0.38215	0.986327
20	57500000	57520000	8585	38	16988	8664	0.00442632	0.8494	0.990882
20	57520000	57540000	7148	37	15655	7225	0.00517627	0.78275	0.989343
20	57540000	57560000	8001	49	13763	8104	0.00612423	0.68815	0.98729
20	57560000	57580000	12947	68	5857	13060	0.00525218	0.29285	0.991348
20	57580000	57600000	12397	79	4404	12546	0.00637251	0.2202	0.988124
20	57600000	57620000	11007	71	2169	11109	0.00645044	0.10845	0.990818
20	57620000	57640000	10516	78	10238	10724	0.00741727	0.5119	0.980604
20	57640000	57660000	11730	66	7758	11983	0.0056266	0.3879	0.978887
20	57660000	57680000	11172	46	10717	11232	0.00411744	0.53585	0.994658
20	57680000	57700000	12836	59	8306	12943	0.00459645	0.4153	0.991733
20	57700000	57720000	12566	72	10327	12674	0.00572975	0.51635	0.991479
20	57720000	57740000	12289	57	5489	12439	0.00463829	0.27445	0.987941
20	57740000	57760000	10961	60	14917	11051	0.00547395	0.74585	0.991856
20	57760000	57780000	7481	42	8661	13208	0.00561422	0.43305	0.566399
20	57780000	57800000	13912	56	4874	14065	0.0040253	0.2437	0.989122
20	57800000	57820000	12714	79	6469	13034	0.00621362	0.32345	0.975449
20	57820000	57840000	13247	66	5396	13374	0.00498226	0.2698	0.990504
20	57840000	57860000	12349	64	7868	12538	0.00518261	0.3934	0.984926
20	57860000	57880000	14054	89	7089	14203	0.00633272	0.35445	0.989509
20	57880000	57900000	13344	90	4998	13527	0.0067446	0.2499	0.986472
20	57900000	57920000	12049	103	7592	12255	0.00854843	0.3796	0.983191
20	57920000	57940000	12671	89	7536	12821	0.00702391	0.3768	0.9883
20	57940000	57960000	13685	71	8309	13813	0.00518816	0.41545	0.990733
20	57960000	57980000	12580	77	5270	12789	0.00612083	0.2635	0.983658
20	57980000	58000000	13921	94	4594	14052	0.00675239	0.2297	0.990677
20	58000000	58020000	12526	64	6879	12644	0.00510937	0.34395	0.990668
20	58020000	58040000	13237	76	7013	13407	0.00574148	0.35065	0.98732
20	58040000	58060000	11680	69	11462	11810	0.00590753	0.5731	0.988992
20	58060000	58080000	11601	80	10274	11782	0.00689596	0.5137	0.984638
20	58080000	58100000	4410	43	13953	9512	0.00975057	0.69765	0.463625
20	58100000	58120000	3292	37	17941	5681	0.0112394	0.89705	0.579475
20	58120000	58140000	6352	58	15997	6436	0.00913098	0.79985	0.986948
20	58140000	58160000	12800	105	7436	12978	0.00820313	0.3718	0.986284
20	58160000	58180000	12801	81	9536	12969	0.00632763	0.4768	0.987046
20	58180000	58200000	14194	84	6998	14336	0.00591799	0.3499	0.990095
20	58200000	58220000	12890	96	8156	13104	0.00744763	0.4078	0.983669
20	58220000	58240000	12377	64	11094	12499	0.00517088	0.5547	0.990239
20	58240000	58260000	11786	107	8153	12541	0.00907857	0.40765	0.939797
20	58260000	58280000	13522	110	9910	13674	0.00813489	0.4955	0.988884
20	58280000	58300000	12746	77	10591	12861	0.00604111	0.52955	0.991058
20	58300000	58320000	13109	113	7054	13225	0.00862003	0.3527	0.991229
20	58320000	58340000	13698	128	5963	13909	0.00934443	0.29815	0.98483
20	58340000	58360000	14318	135	6584	14446	0.00942869	0.3292	0.991139
20	58360000	58380000	11863	71	13798	11995	0.005985	0.6899	0.988995
20	58380000	58400000	13649	104	7073	13878	0.00761961	0.35365	0.983499
20	58400000	58420000	12429	67	5182	13152	0.00539062	0.2591	0.945027
20	58420000	58440000	10664	49	10650	10735	0.0045949	0.5325	0.993386
20	58440000	58460000	11914	45	5689	12049	0.00377707	0.28445	0.988796
20	58460000	58480000	11655	68	6553	11788	0.00583441	0.32765	0.988717
20	58480000	58500000	12750	95	8422	12920	0.00745098	0.4211	0.986842
20	58500000	58520000	12925	76	5185	13058	0.00588008	0.25925	0.989815
20	58520000	58540000	9934	55	8333	10371	0.00553654	0.41665	0.957863
20	58540000	58560000	11476	55	11571	11598	0.00479261	0.57855	0.989481
20	58560000	58580000	13139	76	7477	13254	0.00578431	0.37385	0.991323
20	58580000	58600000	11515	63	12327	11702	0.00547112	0.61635	0.98402
20	58600000	58620000	12343	100	11137	12508	0.00810176	0.55685	0.986808
20	58620000	58640000	13477	93	6768	13615	0.00690065	0.3384	0.989864
20	58640000	58660000	13819	103	8578	14162	0.00745351	0.4289	0.97578
20	58660000	58680000	13151	104	8056	13296	0.00790814	0.4028	0.989094
20	58680000	58700000	12778	65	6769	13038	0.00508687	0.33845	0.980058
20	58700000	58720000	12959	58	11134	13099	0.00447565	0.5567	0.989312
20	58720000	58740000	12390	76	11727	12569	0.00613398	0.58635	0.985759
20	58740000	58760000	13660	116	9904	13753	0.00849195	0.4952	0.993238
20	58760000	58780000	10062	61	13775	10138	0.00606241	0.68875	0.992503
20	58780000	58800000	12773	99	9435	13828	0.00775072	0.47175	0.923706
20	58800000	58820000	13816	116	10643	13946	0.00839606	0.53215	0.990678
20	58820000	58840000	13138	86	6042	13483	0.0065459	0.3021	0.974412
20	58840000	58860000	11660	73	8184	12276	0.00626072	0.4092	0.949821
20	58860000	58880000	10975	63	11033	11343	0.00574032	0.55165	0.967557
20	58880000	58900000	12933	109	8415	13095	0.00842805	0.42075	0.987629
20	58900000	58920000	12947	110	10008	13088	0.00849618	0.5004	0.989227
20	58920000	58940000	13286	99	9710	13430	0.00745145	0.4855	0.989278
20	58940000	58960000	10421	88	14425	10572	0.00844449	0.72125	0.985717
20	58960000	58980000	13324	106	12358	13462	0.00795557	0.6179	0.989749
20	58980000	59000000	9039	56	11708	9123	0.00619538	0.5854	0.990793
20	59000000	59020000	12538	61	11370	13007	0.00486521	0.5685	0.963942
20	59020000	59040000	12712	76	8871	12866	0.0059786	0.44355	0.98803
20	59040000	59060000	14591	105	4194	14783	0.00719622	0.2097	0.987012
20	59060000	59080000	11823	89	6170	12107	0.0075277	0.3085	0.976542
20	59080000	59100000	11350	86	11762	11712	0.00757709	0.5881	0.969092
20	59100000	59120000	11315	90	10053	11784	0.00795404	0.50265	0.9602
20	59120000	59140000	11024	95	10492	11170	0.00861756	0.5246	0.986929
20	59140000	59160000	13794	88	6119	13911	0.00637959	0.30595	0.991589
20	59160000	59180000	13081	105	6478	13875	0.00802691	0.3239	0.942775
20	59180000	59200000	10552	87	12517	10667	0.00824488	0.62585	0.989219
20	59200000	59220000	12823	109	7068	13658	0.00850035	0.3534	0.938864
20	59220000	59240000	13559	118	4954	13694	0.00870271	0.2477	0.990142
20	59240000	59260000	12164	74	7893	12283	0.00608353	0.39465	0.990312
20	59260000	59280000	12080	91	9393	12215	0.00753311	0.46965	0.988948
20	59280000	59300000	10546	80	14466	10644	0.00758581	0.7233	0.990793
20	59300000	59320000	11571	105	13046	12331	0.00907441	0.6523	0.938367
20	59320000	59340000	13577	102	8285	13782	0.00751271	0.41425	0.985126
20	59340000	59360000	14135	109	9901	15105	0.00771135	0.49505	0.935783
20	59360000	59380000	12658	123	7255	13019	0.00971717	0.36275	0.972271
20	59380000	59400000	13006	115	7600	13164	0.00884207	0.38	0.987998
20	59400000	59420000	12784	107	13852	12935	0.00836984	0.6926	0.988326
20	59420000	59440000	9577	79	7950	11167	0.00824893	0.3975	0.857616
20	59440000	59460000	13390	92	6719	13917	0.0068708	0.33595	0.962133
20	59460000	59480000	6637	38	6269	13219	0.00572548	0.31345	0.50208
20	59480000	59500000	8080	68	12815	10934	0.00841584	0.64075	0.738979
20	59500000	59520000	12662	119	5880	13422	0.0093982	0.294	0.943377
20	59520000	59540000	11723	78	9515	13487	0.00665359	0.47575	0.869207
20	59540000	59560000	10834	98	11561	10982	0.0090456	0.57805	0.986523
20	59560000	59580000	14004	123	7090	14211	0.0087832	0.3545	0.985434
20	59580000	59600000	11497	95	9219	11809	0.00826303	0.46095	0.973579
20	59600000	59620000	12582	100	9556	12730	0.00794786	0.4778	0.988374
20	59620000	59640000	12980	140	7216	13201	0.0107858	0.3608	0.983259
20	59640000	59660000	13490	104	6685	13703	0.00770941	0.33425	0.984456
20	59660000	59680000	11713	131	8393	11848	0.0111842	0.41965	0.988606
20	59680000	59700000	13550	123	7759	13731	0.00907749	0.38795	0.986818
20	59700000	59720000	13087	129	5434	13227	0.00985711	0.2717	0.989416
20	59720000	59740000	10478	77	8121	11653	0.00734873	0.40605	0.899168
20	59740000	59760000	10933	88	7157	13330	0.00804903	0.35785	0.82018
20	59760000	59780000	9677	72	8755	11427	0.00744032	0.43775	0.846854
20	59780000	59800000	12603	97	8435	13605	0.00769658	0.42175	0.926351
20	59800000	59820000	11658	100	7025	12141	0.0085778	0.35125	0.960217
20	59820000	59840000	13851	146	3068	13983	0.0105408	0.1534	0.99056
20	59840000	59860000	4517	37	3491	10648	0.00819128	0.17455	0.424211
20	59860000	59880000	9974	87	4472	12835	0.00872268	0.2236	0.777094
20	59880000	59900000	12403	116	6906	12557	0.00935258	0.3453	0.987736
20	59900000	59920000	11384	99	6315	12675	0.00869642	0.31575	0.898146
20	59920000	59940000	12845	104	5004	13269	0.00809654	0.2502	0.968046
20	59940000	59960000	11024	94	8784	11683	0.00852685	0.4392	0.943593
20	59960000	59980000	11524	77	6083	11860	0.00668171	0.30415	0.971669
20	59980000	60000000	10782	69	8434	11978	0.00639955	0.4217	0.90015
20	60000000	60020000	10202	63	7185	13057	0.00617526	0.35925	0.781343
20	60020000	60040000	11615	78	5730	12774	0.00671545	0.2865	0.909269
20	60040000	60060000	10588	86	9223	10694	0.0081224	0.46115	0.990088
20	60060000	60080000	11485	67	6569	12993	0.0058337	0.32845	0.883938
20	60080000	60100000	13247	122	3753	13433	0.00920963	0.18765	0.986154
20	60100000	60120000	12578	109	4501	12929	0.00866592	0.22505	0.972852
20	60120000	60140000	11599	86	6038	12353	0.00741443	0.3019	0.938962
20	60140000	60160000	10525	86	6373	12998	0.00817102	0.31865	0.80974
20	60160000	60180000	11477	86	6241	14110	0.00749325	0.31205	0.813395
20	60180000	60200000	12944	92	5731	13151	0.00710754	0.28655	0.98426
20	60200000	60220000	11559	96	5100	13341	0.00830522	0.255	0.866427
20	60220000	60240000	12270	131	4714	12482	0.0106764	0.2357	0.983016
20	60240000	60260000	11875	71	5192	13611	0.00597895	0.2596	0.872456
20	60260000	60280000	11855	125	4231	12626	0.0105441	0.21155	0.938936
20	60280000	60300000	12647	115	5080	12822	0.00909307	0.254	0.986352
20	60300000	60320000	12388	126	4904	13120	0.0101711	0.2452	0.944207
20	60320000	60340000	12681	106	8330	12825	0.00835896	0.4165	0.988772
20	60340000	60360000	11977	113	7276	12138	0.00943475	0.3638	0.986736
20	60360000	60380000	10079	89	6944	13344	0.00883024	0.3472	0.755321
20	60380000	60400000	11302	99	3157	13215	0.00875951	0.15785	0.85524
20	60400000	60420000	11148	100	8070	12112	0.00897022	0.4035	0.92041
20	60420000	60440000	12514	107	5545	12717	0.00855042	0.27725	0.984037
20	60440000	60460000	13948	122	3857	14157	0.00874677	0.19285	0.985237
20	60460000	60480000	12803	112	6127	12988	0.00874795	0.30635	0.985756
20	60480000	60500000	12101	105	5305	12268	0.00867697	0.26525	0.986387
20	60500000	60520000	11535	89	3890	11772	0.00771565	0.1945	0.979867
20	60520000	60540000	6349	45	10676	6417	0.00708773	0.5338	0.989403
20	60540000	60560000	9865	77	5645	10004	0.00780537	0.28225	0.986106
20	60560000	60580000	11049	60	8834	11194	0.00543036	0.4417	0.987047
20	60580000	60600000	12409	88	4908	12505	0.00709163	0.2454	0.992323
20	60600000	60620000	10861	74	12279	10966	0.00681337	0.61395	0.990425
20	60620000	60640000	12267	86	1726	12429	0.00701068	0.0863	0.986966
20	60640000	60660000	6139	38	15149	6345	0.00618993	0.75745	0.967533
20	60660000	60680000	8693	48	12122	9352	0.00552168	0.6061	0.929534
20	60680000	60700000	8695	59	10309	8759	0.00678551	0.51545	0.992693
20	60700000	60720000	12006	65	3292	12102	0.00541396	0.1646	0.992067
20	60720000	60740000	11880	85	4534	12308	0.00715488	0.2267	0.965226
20	60740000	60760000	9180	87	8164	9330	0.00947712	0.4082	0.983923
20	60760000	60780000	9472	83	10389	9642	0.00876267	0.51945	0.982369
20	60780000	60800000	12535	91	5371	13134	0.00725967	0.26855	0.954393
20	60800000	60820000	11578	51	4598	12807	0.00440491	0.2299	0.904037
20	60820000	60840000	10164	86	7365	10963	0.00846124	0.36825	0.927118
20	60840000	60860000	10307	92	6323	10410	0.00892597	0.31615	0.990106
20	60860000	60880000	10531	214	5097	10729	0.020321	0.25485	0.981545
20	60880000	60900000	3562	82	2048	12724	0.0230208	0.1024	0.279943
20	60900000	60920000	8946	66	6013	10348	0.0073776	0.30065	0.864515
20	60920000	60940000	10759	55	3925	12778	0.005112	0.19625	0.841994
20	60940000	60960000	9123	66	5502	10925	0.00723446	0.2751	0.835057
20	60960000	60980000	11699	89	4624	12370	0.00760749	0.2312	0.945756
20	60980000	61000000	10475	65	2923	12954	0.00620525	0.14615	0.808631
20	61000000	61020000	13169	118	6666	14057	0.00896044	0.3333	0.936829
20	61020000	61040000	9828	108	3722	12974	0.010989	0.1861	0.757515
20	61040000	61060000	12211	98	3098	12360	0.00802555	0.1549	0.987945
20	61060000	61080000	9123	69	5156	11702	0.0075633	0.2578	0.77961
20	61080000	61100000	3771	45	2813	7030	0.0119332	0.14065	0.536415
20	61100000	61120000	0	0	0	0		0	
20	61120000	61140000	0	0	0	0		0	
20	61140000	61160000	11771	64	1908	12677	0.00543709	0.0954	0.928532
20	61160000	61180000	12148	69	3659	13324	0.00567995	0.18295	0.911738
20	61180000	61200000	9676	85	8530	11627	0.00878462	0.4265	0.832201
20	61200000	61220000	0	0	4400	8936		0.22	0
20	61220000	61240000	0	0	0	0		0	
20	61240000	61260000	0	0	0	0		0	
20	61260000	61280000	8947	79	3097	10435	0.00882978	0.15485	0.857403
20	61280000	61300000	12255	152	1927	13839	0.0124031	0.09635	0.885541
20	61300000	61320000	12534	124	7782	12717	0.00989309	0.3891	0.98561
20	61320000	61340000	12411	107	4276	13373	0.00862138	0.2138	0.928064
20	61340000	61360000	13985	101	6834	14155	0.00722202	0.3417	0.98799
20	61360000	61380000	9971	83	7861	11790	0.00832414	0.39305	0.845717
20	61380000	61400000	11173	79	7442	11787	0.00707062	0.3721	0.947909
20	61400000	61420000	11333	117	5149	11981	0.0103238	0.25745	0.945914
20	61420000	61440000	11409	83	4435	11546	0.00727496	0.22175	0.988134
20	61440000	61460000	11409	90	1345	11787	0.00788851	0.06725	0.967931
20	61460000	61480000	9865	90	6620	10783	0.00912316	0.331	0.914866
20	61480000	61500000	7616	46	10253	8328	0.00603992	0.51265	0.914505
20	61500000	61520000	10211	54	7344	10319	0.00528841	0.3672	0.989534
20	61520000	61540000	13500	64	1636	13673	0.00474074	0.0818	0.987347
20	61540000	61560000	11938	60	5222	12047	0.00502597	0.2611	0.990952
20	61560000	61580000	11091	89	6169	11189	0.00802452	0.30845	0.991241
20	61580000	61600000	13225	93	1708	13405	0.00703214	0.0854	0.986572
20	61600000	61620000	7844	65	4981	11964	0.00828659	0.24905	0.655634
20	61620000	61640000	8268	80	5120	11857	0.00967586	0.256	0.69731
20	61640000	61660000	6070	57	8449	12199	0.00939044	0.42245	0.497582
20	61660000	61680000	10307	126	8206	10988	0.0122247	0.4103	0.938023
20	61680000	61700000	9968	85	5197	11339	0.00852729	0.25985	0.87909
20	61700000	61720000	11485	81	7293	11770	0.00705268	0.36465	0.975786
20	61720000	61740000	11703	128	3782	12572	0.0109374	0.1891	0.930878
20	61740000	61760000	11112	103	7641	12500	0.00926926	0.38205	0.88896
20	61760000	61780000	11094	100	10713	12216	0.00901388	0.53565	0.908153
20	61780000	61800000	13190	128	4057	13473	0.00970432	0.20285	0.978995
20	61800000	61820000	12386	117	1584	12718	0.00944615	0.0792	0.973895
20	61820000	61840000	10202	112	4070	11345	0.0109782	0.2035	0.899251
20	61840000	61860000	10344	91	7768	10674	0.00879737	0.3884	0.969084
20	61860000	61880000	12220	130	4807	12488	0.0106383	0.24035	0.978539
20	61880000	61900000	10997	102	5457	11161	0.00927526	0.27285	0.985306
20	61900000	61920000	13013	118	2599	13296	0.00906786	0.12995	0.978715
20	61920000	61940000	12004	101	5615	12170	0.00841386	0.28075	0.98636
20	61940000	61960000	12656	96	2924	12804	0.00758534	0.1462	0.988441
20	61960000	61980000	10371	104	5515	10549	0.010028	0.27575	0.983126
20	61980000	62000000	9692	98	1542	12113	0.0101114	0.0771	0.800132
20	62000000	62020000	10930	99	5669	11872	0.00905764	0.28345	0.920654
20	62020000	62040000	11823	115	5174	12258	0.0097268	0.2587	0.964513
20	62040000	62060000	11641	120	3452	13470	0.0103084	0.1726	0.864217
20	62060000	62080000	9973	103	4776	10948	0.0103279	0.2388	0.910943
20	62080000	62100000	11644	92	3321	12313	0.00790106	0.16605	0.945667
20	62100000	62120000	9766	72	3978	11001	0.00737252	0.1989	0.887737
20	62120000	62140000	8942	80	6217	11042	0.00894654	0.31085	0.809817
20	62140000	62160000	5815	59	13035	6832	0.0101462	0.65175	0.851142
20	62160000	62180000	8495	73	2640	12843	0.00859329	0.132	0.66145
20	62180000	62200000	10511	64	3347	12199	0.00608886	0.16735	0.861628
20	62200000	62220000	8627	69	7524	9148	0.00799815	0.3762	0.943048
20	62220000	62240000	8809	75	5965	9801	0.00851402	0.29825	0.898786
20	62240000	62260000	7929	45	9200	8037	0.00567537	0.46	0.986562
20	62260000	62280000	5521	46	12009	5861	0.00833182	0.60045	0.941989
20	62280000	62300000	9352	73	6003	9450	0.00780582	0.30015	0.98963
20	62300000	62320000	9464	84	6691	9618	0.00887574	0.33455	0.983988
20	62320000	62340000	12775	95	1867	12915	0.0074364	0.09335	0.98916
20	62340000	62360000	4522	28	17481	4581	0.00619195	0.87405	0.987121
20	62360000	62380000	10234	46	3973	10327	0.00449482	0.19865	0.990994
20	62380000	62400000	9457	72	10999	9822	0.00761341	0.54995	0.962839
20	62400000	62420000	9132	72	9294	9748	0.00788436	0.4647	0.936808
20	62420000	62440000	5300	36	10614	7282	0.00679245	0.5307	0.727822
20	62440000	62460000	7082	41	9597	7272	0.00578933	0.47985	0.973872
20	62460000	62480000	9949	60	6503	10238	0.00603076	0.32515	0.971772
20	62480000	62500000	9044	74	6744	9137	0.00818222	0.3372	0.989822
20	62500000	62520000	9588	61	5798	9695	0.00636212	0.2899	0.988963
20	62520000	62540000	8386	52	9425	8497	0.00620081	0.47125	0.986937
20	62540000	62560000	5896	50	13853	6044	0.00848033	0.69265	0.975513
20	62560000	62580000	9579	81	3037	10793	0.008456	0.15185	0.88752
20	62580000	62600000	10863	52	1362	11052	0.00478689	0.0681	0.982899
20	62600000	62620000	7972	43	8060	8937	0.00539388	0.403	0.892022
20	62620000	62640000	6587	47	12474	6688	0.00713527	0.6237	0.984898
20	62640000	62660000	8430	40	8488	8818	0.00474496	0.4244	0.955999
20	62660000	62680000	11405	69	3169	12048	0.00604998	0.15845	0.94663
20	62680000	62700000	10896	85	3533	11795	0.00780103	0.17665	0.923781
20	62700000	62720000	10562	155	1154	12441	0.0146753	0.0577	0.848967
20	62720000	62740000	9785	134	5062	11535	0.0136944	0.2531	0.848288
20	62740000	62760000	8289	81	6079	8498	0.00977199	0.30395	0.975406
20	62760000	62780000	9341	75	5559	9534	0.00802912	0.27795	0.979757
20	62780000	62800000	9942	63	3188	13303	0.00633675	0.1594	0.74735
20	62800000	62820000	9043	91	4349	9463	0.010063	0.21745	0.955617
20	62820000	62840000	12661	70	2267	13484	0.00552879	0.11335	0.938965
20	62840000	62860000	13042	78	1350	14901	0.00598068	0.0675	0.875243
20	62860000	62880000	12673	60	2397	12858	0.00473447	0.11985	0.985612
20	62880000	62900000	10752	64	8427	10882	0.00595238	0.42135	0.988054
20	62900000	62920000	2538	15	9070	6390	0.00591017	0.4535	0.397183
20	62920000	62940000	0	0	9243	0		0.46215	
20	62940000	62960000	0	0	5588	0		0.2794	
20	62960000	62980000	0	0	4572	0		0.2286	
20	62980000	63000000	0	0	0	0		0	
20	63000000	63020000	0	0	0	0		0	
20	63020000	63040000	0	0	0	0		0	
