chrom	start	end	anc_valid_bp	hum_sub	repeat_bp	mask_bp	sub_rate	repeat_frac	anc_cov
13	0	50000	0	0	0	0		0	
13	50000	100000	0	0	0	0		0	
13	100000	150000	0	0	0	0		0	
13	150000	200000	0	0	0	0		0	
13	200000	250000	0	0	0	0		0	
13	250000	300000	0	0	0	0		0	
13	300000	350000	0	0	0	0		0	
13	350000	400000	0	0	0	0		0	
13	400000	450000	0	0	0	0		0	
13	450000	500000	0	0	0	0		0	
13	500000	550000	0	0	0	0		0	
13	550000	600000	0	0	0	0		0	
13	600000	650000	0	0	0	0		0	
13	650000	700000	0	0	0	0		0	
13	700000	750000	0	0	0	0		0	
13	750000	800000	0	0	0	0		0	
13	800000	850000	0	0	0	0		0	
13	850000	900000	0	0	0	0		0	
13	900000	950000	0	0	0	0		0	
13	950000	1000000	0	0	0	0		0	
13	1000000	1050000	0	0	0	0		0	
13	1050000	1100000	0	0	0	0		0	
13	1100000	1150000	0	0	0	0		0	
13	1150000	1200000	0	0	0	0		0	
13	1200000	1250000	0	0	0	0		0	
13	1250000	1300000	0	0	0	0		0	
13	1300000	1350000	0	0	0	0		0	
13	1350000	1400000	0	0	0	0		0	
13	1400000	1450000	0	0	0	0		0	
13	1450000	1500000	0	0	0	0		0	
13	1500000	1550000	0	0	0	0		0	
13	1550000	1600000	0	0	0	0		0	
13	1600000	1650000	0	0	0	0		0	
13	1650000	1700000	0	0	0	0		0	
13	1700000	1750000	0	0	0	0		0	
13	1750000	1800000	0	0	0	0		0	
13	1800000	1850000	0	0	0	0		0	
13	1850000	1900000	0	0	0	0		0	
13	1900000	1950000	0	0	0	0		0	
13	1950000	2000000	0	0	0	0		0	
13	2000000	2050000	0	0	0	0		0	
13	2050000	2100000	0	0	0	0		0	
13	2100000	2150000	0	0	0	0		0	
13	2150000	2200000	0	0	0	0		0	
13	2200000	2250000	0	0	0	0		0	
13	2250000	2300000	0	0	0	0		0	
13	2300000	2350000	0	0	0	0		0	
13	2350000	2400000	0	0	0	0		0	
13	2400000	2450000	0	0	0	0		0	
13	2450000	2500000	0	0	0	0		0	
13	2500000	2550000	0	0	0	0		0	
13	2550000	2600000	0	0	0	0		0	
13	2600000	2650000	0	0	0	0		0	
13	2650000	2700000	0	0	0	0		0	
13	2700000	2750000	0	0	0	0		0	
13	2750000	2800000	0	0	0	0		0	
13	2800000	2850000	0	0	0	0		0	
13	2850000	2900000	0	0	0	0		0	
13	2900000	2950000	0	0	0	0		0	
13	2950000	3000000	0	0	0	0		0	
13	3000000	3050000	0	0	0	0		0	
13	3050000	3100000	0	0	0	0		0	
13	3100000	3150000	0	0	0	0		0	
13	3150000	3200000	0	0	0	0		0	
13	3200000	3250000	0	0	0	0		0	
13	3250000	3300000	0	0	0	0		0	
13	3300000	3350000	0	0	0	0		0	
13	3350000	3400000	0	0	0	0		0	
13	3400000	3450000	0	0	0	0		0	
13	3450000	3500000	0	0	0	0		0	
13	3500000	3550000	0	0	0	0		0	
13	3550000	3600000	0	0	0	0		0	
13	3600000	3650000	0	0	0	0		0	
13	3650000	3700000	0	0	0	0		0	
13	3700000	3750000	0	0	0	0		0	
13	3750000	3800000	0	0	0	0		0	
13	3800000	3850000	0	0	0	0		0	
13	3850000	3900000	0	0	0	0		0	
13	3900000	3950000	0	0	0	0		0	
13	3950000	4000000	0	0	0	0		0	
13	4000000	4050000	0	0	0	0		0	
13	4050000	4100000	0	0	0	0		0	
13	4100000	4150000	0	0	0	0		0	
13	4150000	4200000	0	0	0	0		0	
13	4200000	4250000	0	0	0	0		0	
13	4250000	4300000	0	0	0	0		0	
13	4300000	4350000	0	0	0	0		0	
13	4350000	4400000	0	0	0	0		0	
13	4400000	4450000	0	0	0	0		0	
13	4450000	4500000	0	0	0	0		0	
13	4500000	4550000	0	0	0	0		0	
13	4550000	4600000	0	0	0	0		0	
13	4600000	4650000	0	0	0	0		0	
13	4650000	4700000	0	0	0	0		0	
13	4700000	4750000	0	0	0	0		0	
13	4750000	4800000	0	0	0	0		0	
13	4800000	4850000	0	0	0	0		0	
13	4850000	4900000	0	0	0	0		0	
13	4900000	4950000	0	0	0	0		0	
13	4950000	5000000	0	0	0	0		0	
13	5000000	5050000	0	0	0	0		0	
13	5050000	5100000	0	0	0	0		0	
13	5100000	5150000	0	0	0	0		0	
13	5150000	5200000	0	0	0	0		0	
13	5200000	5250000	0	0	0	0		0	
13	5250000	5300000	0	0	0	0		0	
13	5300000	5350000	0	0	0	0		0	
13	5350000	5400000	0	0	0	0		0	
13	5400000	5450000	0	0	0	0		0	
13	5450000	5500000	0	0	0	0		0	
13	5500000	5550000	0	0	0	0		0	
13	5550000	5600000	0	0	0	0		0	
13	5600000	5650000	0	0	0	0		0	
13	5650000	5700000	0	0	0	0		0	
13	5700000	5750000	0	0	0	0		0	
13	5750000	5800000	0	0	0	0		0	
13	5800000	5850000	0	0	0	0		0	
13	5850000	5900000	0	0	0	0		0	
13	5900000	5950000	0	0	0	0		0	
13	5950000	6000000	0	0	0	0		0	
13	6000000	6050000	0	0	0	0		0	
13	6050000	6100000	0	0	0	0		0	
13	6100000	6150000	0	0	0	0		0	
13	6150000	6200000	0	0	0	0		0	
13	6200000	6250000	0	0	0	0		0	
13	6250000	6300000	0	0	0	0		0	
13	6300000	6350000	0	0	0	0		0	
13	6350000	6400000	0	0	0	0		0	
13	6400000	6450000	0	0	0	0		0	
13	6450000	6500000	0	0	0	0		0	
13	6500000	6550000	0	0	0	0		0	
13	6550000	6600000	0	0	0	0		0	
13	6600000	6650000	0	0	0	0		0	
13	6650000	6700000	0	0	0	0		0	
13	6700000	6750000	0	0	0	0		0	
13	6750000	6800000	0	0	0	0		0	
13	6800000	6850000	0	0	0	0		0	
13	6850000	6900000	0	0	0	0		0	
13	6900000	6950000	0	0	0	0		0	
13	6950000	7000000	0	0	0	0		0	
13	7000000	7050000	0	0	0	0		0	
13	7050000	7100000	0	0	0	0		0	
13	7100000	7150000	0	0	0	0		0	
13	7150000	7200000	0	0	0	0		0	
13	7200000	7250000	0	0	0	0		0	
13	7250000	7300000	0	0	0	0		0	
13	7300000	7350000	0	0	0	0		0	
13	7350000	7400000	0	0	0	0		0	
13	7400000	7450000	0	0	0	0		0	
13	7450000	7500000	0	0	0	0		0	
13	7500000	7550000	0	0	0	0		0	
13	7550000	7600000	0	0	0	0		0	
13	7600000	7650000	0	0	0	0		0	
13	7650000	7700000	0	0	0	0		0	
13	7700000	7750000	0	0	0	0		0	
13	7750000	7800000	0	0	0	0		0	
13	7800000	7850000	0	0	0	0		0	
13	7850000	7900000	0	0	0	0		0	
13	7900000	7950000	0	0	0	0		0	
13	7950000	8000000	0	0	0	0		0	
13	8000000	8050000	0	0	0	0		0	
13	8050000	8100000	0	0	0	0		0	
13	8100000	8150000	0	0	0	0		0	
13	8150000	8200000	0	0	0	0		0	
13	8200000	8250000	0	0	0	0		0	
13	8250000	8300000	0	0	0	0		0	
13	8300000	8350000	0	0	0	0		0	
13	8350000	8400000	0	0	0	0		0	
13	8400000	8450000	0	0	0	0		0	
13	8450000	8500000	0	0	0	0		0	
13	8500000	8550000	0	0	0	0		0	
13	8550000	8600000	0	0	0	0		0	
13	8600000	8650000	0	0	0	0		0	
13	8650000	8700000	0	0	0	0		0	
13	8700000	8750000	0	0	0	0		0	
13	8750000	8800000	0	0	0	0		0	
13	8800000	8850000	0	0	0	0		0	
13	8850000	8900000	0	0	0	0		0	
13	8900000	8950000	0	0	0	0		0	
13	8950000	9000000	0	0	0	0		0	
13	9000000	9050000	0	0	0	0		0	
13	9050000	9100000	0	0	0	0		0	
13	9100000	9150000	0	0	0	0		0	
13	9150000	9200000	0	0	0	0		0	
13	9200000	9250000	0	0	0	0		0	
13	9250000	9300000	0	0	0	0		0	
13	9300000	9350000	0	0	0	0		0	
13	9350000	9400000	0	0	0	0		0	
13	9400000	9450000	0	0	0	0		0	
13	9450000	9500000	0	0	0	0		0	
13	9500000	9550000	0	0	0	0		0	
13	9550000	9600000	0	0	0	0		0	
13	9600000	9650000	0	0	0	0		0	
13	9650000	9700000	0	0	0	0		0	
13	9700000	9750000	0	0	0	0		0	
13	9750000	9800000	0	0	0	0		0	
13	9800000	9850000	0	0	0	0		0	
13	9850000	9900000	0	0	0	0		0	
13	9900000	9950000	0	0	0	0		0	
13	9950000	10000000	0	0	0	0		0	
13	10000000	10050000	0	0	0	0		0	
13	10050000	10100000	0	0	0	0		0	
13	10100000	10150000	0	0	0	0		0	
13	10150000	10200000	0	0	0	0		0	
13	10200000	10250000	0	0	0	0		0	
13	10250000	10300000	0	0	0	0		0	
13	10300000	10350000	0	0	0	0		0	
13	10350000	10400000	0	0	0	0		0	
13	10400000	10450000	0	0	0	0		0	
13	10450000	10500000	0	0	0	0		0	
13	10500000	10550000	0	0	0	0		0	
13	10550000	10600000	0	0	0	0		0	
13	10600000	10650000	0	0	0	0		0	
13	10650000	10700000	0	0	0	0		0	
13	10700000	10750000	0	0	0	0		0	
13	10750000	10800000	0	0	0	0		0	
13	10800000	10850000	0	0	0	0		0	
13	10850000	10900000	0	0	0	0		0	
13	10900000	10950000	0	0	0	0		0	
13	10950000	11000000	0	0	0	0		0	
13	11000000	11050000	0	0	0	0		0	
13	11050000	11100000	0	0	0	0		0	
13	11100000	11150000	0	0	0	0		0	
13	11150000	11200000	0	0	0	0		0	
13	11200000	11250000	0	0	0	0		0	
13	11250000	11300000	0	0	0	0		0	
13	11300000	11350000	0	0	0	0		0	
13	11350000	11400000	0	0	0	0		0	
13	11400000	11450000	0	0	0	0		0	
13	11450000	11500000	0	0	0	0		0	
13	11500000	11550000	0	0	0	0		0	
13	11550000	11600000	0	0	0	0		0	
13	11600000	11650000	0	0	0	0		0	
13	11650000	11700000	0	0	0	0		0	
13	11700000	11750000	0	0	0	0		0	
13	11750000	11800000	0	0	0	0		0	
13	11800000	11850000	0	0	0	0		0	
13	11850000	11900000	0	0	0	0		0	
13	11900000	11950000	0	0	0	0		0	
13	11950000	12000000	0	0	0	0		0	
13	12000000	12050000	0	0	0	0		0	
13	12050000	12100000	0	0	0	0		0	
13	12100000	12150000	0	0	0	0		0	
13	12150000	12200000	0	0	0	0		0	
13	12200000	12250000	0	0	0	0		0	
13	12250000	12300000	0	0	0	0		0	
13	12300000	12350000	0	0	0	0		0	
13	12350000	12400000	0	0	0	0		0	
13	12400000	12450000	0	0	0	0		0	
13	12450000	12500000	0	0	0	0		0	
13	12500000	12550000	0	0	0	0		0	
13	12550000	12600000	0	0	0	0		0	
13	12600000	12650000	0	0	0	0		0	
13	12650000	12700000	0	0	0	0		0	
13	12700000	12750000	0	0	0	0		0	
13	12750000	12800000	0	0	0	0		0	
13	12800000	12850000	0	0	0	0		0	
13	12850000	12900000	0	0	0	0		0	
13	12900000	12950000	0	0	0	0		0	
13	12950000	13000000	0	0	0	0		0	
13	13000000	13050000	0	0	0	0		0	
13	13050000	13100000	0	0	0	0		0	
13	13100000	13150000	0	0	0	0		0	
13	13150000	13200000	0	0	0	0		0	
13	13200000	13250000	0	0	0	0		0	
13	13250000	13300000	0	0	0	0		0	
13	13300000	13350000	0	0	0	0		0	
13	13350000	13400000	0	0	0	0		0	
13	13400000	13450000	0	0	0	0		0	
13	13450000	13500000	0	0	0	0		0	
13	13500000	13550000	0	0	0	0		0	
13	13550000	13600000	0	0	0	0		0	
13	13600000	13650000	0	0	0	0		0	
13	13650000	13700000	0	0	0	0		0	
13	13700000	13750000	0	0	0	0		0	
13	13750000	13800000	0	0	0	0		0	
13	13800000	13850000	0	0	0	0		0	
13	13850000	13900000	0	0	0	0		0	
13	13900000	13950000	0	0	0	0		0	
13	13950000	14000000	0	0	0	0		0	
13	14000000	14050000	0	0	0	0		0	
13	14050000	14100000	0	0	0	0		0	
13	14100000	14150000	0	0	0	0		0	
13	14150000	14200000	0	0	0	0		0	
13	14200000	14250000	0	0	0	0		0	
13	14250000	14300000	0	0	0	0		0	
13	14300000	14350000	0	0	0	0		0	
13	14350000	14400000	0	0	0	0		0	
13	14400000	14450000	0	0	0	0		0	
13	14450000	14500000	0	0	0	0		0	
13	14500000	14550000	0	0	0	0		0	
13	14550000	14600000	0	0	0	0		0	
13	14600000	14650000	0	0	0	0		0	
13	14650000	14700000	0	0	0	0		0	
13	14700000	14750000	0	0	0	0		0	
13	14750000	14800000	0	0	0	0		0	
13	14800000	14850000	0	0	0	0		0	
13	14850000	14900000	0	0	0	0		0	
13	14900000	14950000	0	0	0	0		0	
13	14950000	15000000	0	0	0	0		0	
13	15000000	15050000	0	0	0	0		0	
13	15050000	15100000	0	0	0	0		0	
13	15100000	15150000	0	0	0	0		0	
13	15150000	15200000	0	0	0	0		0	
13	15200000	15250000	0	0	0	0		0	
13	15250000	15300000	0	0	0	0		0	
13	15300000	15350000	0	0	0	0		0	
13	15350000	15400000	0	0	0	0		0	
13	15400000	15450000	0	0	0	0		0	
13	15450000	15500000	0	0	0	0		0	
13	15500000	15550000	0	0	0	0		0	
13	15550000	15600000	0	0	0	0		0	
13	15600000	15650000	0	0	0	0		0	
13	15650000	15700000	0	0	0	0		0	
13	15700000	15750000	0	0	0	0		0	
13	15750000	15800000	0	0	0	0		0	
13	15800000	15850000	0	0	0	0		0	
13	15850000	15900000	0	0	0	0		0	
13	15900000	15950000	0	0	0	0		0	
13	15950000	16000000	0	0	0	0		0	
13	16000000	16050000	0	0	0	0		0	
13	16050000	16100000	0	0	0	0		0	
13	16100000	16150000	0	0	0	0		0	
13	16150000	16200000	0	0	0	0		0	
13	16200000	16250000	0	0	0	0		0	
13	16250000	16300000	0	0	0	0		0	
13	16300000	16350000	0	0	0	0		0	
13	16350000	16400000	0	0	0	0		0	
13	16400000	16450000	0	0	0	0		0	
13	16450000	16500000	0	0	0	0		0	
13	16500000	16550000	0	0	0	0		0	
13	16550000	16600000	0	0	0	0		0	
13	16600000	16650000	0	0	0	0		0	
13	16650000	16700000	0	0	0	0		0	
13	16700000	16750000	0	0	0	0		0	
13	16750000	16800000	0	0	0	0		0	
13	16800000	16850000	0	0	0	0		0	
13	16850000	16900000	0	0	0	0		0	
13	16900000	16950000	0	0	0	0		0	
13	16950000	17000000	0	0	0	0		0	
13	17000000	17050000	0	0	0	0		0	
13	17050000	17100000	0	0	0	0		0	
13	17100000	17150000	0	0	0	0		0	
13	17150000	17200000	0	0	0	0		0	
13	17200000	17250000	0	0	0	0		0	
13	17250000	17300000	0	0	0	0		0	
13	17300000	17350000	0	0	0	0		0	
13	17350000	17400000	0	0	0	0		0	
13	17400000	17450000	0	0	0	0		0	
13	17450000	17500000	0	0	0	0		0	
13	17500000	17550000	0	0	0	0		0	
13	17550000	17600000	0	0	0	0		0	
13	17600000	17650000	0	0	0	0		0	
13	17650000	17700000	0	0	0	0		0	
13	17700000	17750000	0	0	0	0		0	
13	17750000	17800000	0	0	0	0		0	
13	17800000	17850000	0	0	0	0		0	
13	17850000	17900000	0	0	0	0		0	
13	17900000	17950000	0	0	0	0		0	
13	17950000	18000000	0	0	0	0		0	
13	18000000	18050000	0	0	0	0		0	
13	18050000	18100000	0	0	0	0		0	
13	18100000	18150000	0	0	0	0		0	
13	18150000	18200000	0	0	0	0		0	
13	18200000	18250000	0	0	0	0		0	
13	18250000	18300000	0	0	0	0		0	
13	18300000	18350000	0	0	0	0		0	
13	18350000	18400000	0	0	0	0		0	
13	18400000	18450000	0	0	0	0		0	
13	18450000	18500000	0	0	0	0		0	
13	18500000	18550000	0	0	0	0		0	
13	18550000	18600000	0	0	0	0		0	
13	18600000	18650000	0	0	0	0		0	
13	18650000	18700000	0	0	0	0		0	
13	18700000	18750000	0	0	0	0		0	
13	18750000	18800000	0	0	0	0		0	
13	18800000	18850000	0	0	0	0		0	
13	18850000	18900000	0	0	0	0		0	
13	18900000	18950000	0	0	0	0		0	
13	18950000	19000000	0	0	0	0		0	
13	19000000	19050000	1	1	16745	1	1	0.3349	1
13	19050000	19100000	0	0	36047	0		0.72094	
13	19100000	19150000	0	0	27360	0		0.5472	
13	19150000	19200000	1	1	23793	6	1	0.47586	0.166667
13	19200000	19250000	38	9	22340	41	0.236842	0.4468	0.926829
13	19250000	19300000	76	9	17736	328	0.118421	0.35472	0.231707
13	19300000	19350000	0	0	34057	337		0.68114	0
13	19350000	19400000	0	0	36734	363		0.73468	0
13	19400000	19450000	0	0	16897	173		0.33794	0
13	19450000	19500000	0	0	27579	3210		0.55158	0
13	19500000	19550000	15833	234	16652	18113	0.0147793	0.33304	0.874124
13	19550000	19600000	19336	172	27025	20980	0.00889532	0.5405	0.92164
13	19600000	19650000	3476	34	19972	16451	0.00978136	0.39944	0.211294
13	19650000	19700000	11003	164	33295	12263	0.014905	0.6659	0.897252
13	19700000	19750000	7447	71	21300	18168	0.00953404	0.426	0.409897
13	19750000	19800000	4793	46	28707	4941	0.00959733	0.57414	0.970047
13	19800000	19850000	15620	94	32867	15728	0.00601793	0.65734	0.993133
13	19850000	19900000	11879	77	28745	19766	0.00648203	0.5749	0.600981
13	19900000	19950000	2012	8	21409	6487	0.00397614	0.42818	0.310159
13	19950000	20000000	0	0	22792	885		0.45584	0
13	20000000	20050000	0	0	29995	294		0.5999	0
13	20050000	20100000	428	21	30542	813	0.0490654	0.61084	0.526445
13	20100000	20150000	3004	55	28224	3029	0.0183089	0.56448	0.991746
13	20150000	20200000	11557	71	35741	11927	0.00614346	0.71482	0.968978
13	20200000	20250000	20661	94	24826	20919	0.00454963	0.49652	0.987667
13	20250000	20300000	21827	84	14707	22103	0.00384844	0.29414	0.987513
13	20300000	20350000	13690	64	30773	13895	0.00467495	0.61546	0.985246
13	20350000	20400000	11593	44	41419	11881	0.00379539	0.82838	0.97576
13	20400000	20450000	16723	61	33270	16990	0.00364767	0.6654	0.984285
13	20450000	20500000	13970	84	44058	14711	0.00601288	0.88116	0.94963
13	20500000	20550000	21142	90	30910	21563	0.00425693	0.6182	0.980476
13	20550000	20600000	21630	99	33685	21817	0.00457698	0.6737	0.991429
13	20600000	20650000	24182	84	21935	24510	0.00347366	0.4387	0.986618
13	20650000	20700000	25696	116	26864	27523	0.00451432	0.53728	0.933619
13	20700000	20750000	28686	159	18662	29144	0.00554277	0.37324	0.984285
13	20750000	20800000	30484	158	20574	30844	0.00518305	0.41148	0.988328
13	20800000	20850000	25262	189	21630	25788	0.00748159	0.4326	0.979603
13	20850000	20900000	25855	175	31596	26876	0.00676852	0.63192	0.962011
13	20900000	20950000	18189	150	27426	30630	0.00824674	0.54852	0.59383
13	20950000	21000000	11142	66	22187	28626	0.00592353	0.44374	0.389227
13	21000000	21050000	27750	186	23209	28249	0.0067027	0.46418	0.982336
13	21050000	21100000	22684	150	27676	23200	0.00661259	0.55352	0.977759
13	21100000	21150000	19922	113	35514	20410	0.00567212	0.71028	0.97609
13	21150000	21200000	22486	112	30926	22750	0.00498088	0.61852	0.988396
13	21200000	21250000	28018	72	23945	28320	0.00256978	0.4789	0.989336
13	21250000	21300000	22703	105	27159	22960	0.00462494	0.54318	0.988807
13	21300000	21350000	20962	142	34962	21420	0.00677416	0.69924	0.978618
13	21350000	21400000	29696	126	15262	30302	0.004243	0.30524	0.980001
13	21400000	21450000	27392	140	17352	27584	0.00511098	0.34704	0.993039
13	21450000	21500000	17973	111	37629	18130	0.00617593	0.75258	0.99134
13	21500000	21550000	16557	89	34614	16952	0.00537537	0.69228	0.976699
13	21550000	21600000	25238	125	20701	25750	0.00495285	0.41402	0.980117
13	21600000	21650000	23701	127	24628	23879	0.00535842	0.49256	0.992546
13	21650000	21700000	19086	137	33274	20011	0.00717804	0.66548	0.953775
13	21700000	21750000	20671	170	29967	22174	0.00822408	0.59934	0.932218
13	21750000	21800000	3458	55	35588	6872	0.0159051	0.71176	0.503201
13	21800000	21850000	5027	96	18493	8144	0.0190969	0.36986	0.617264
13	21850000	21900000	2266	32	25089	11630	0.0141218	0.50178	0.194841
13	21900000	21950000	10431	102	20177	10560	0.00977854	0.40354	0.987784
13	21950000	22000000	22955	136	26473	23190	0.00592464	0.52946	0.989866
13	22000000	22050000	20341	122	36922	20681	0.00599774	0.73844	0.98356
13	22050000	22100000	25792	132	28210	26014	0.00511787	0.5642	0.991466
13	22100000	22150000	25672	119	27270	25859	0.0046354	0.5454	0.992768
13	22150000	22200000	24619	127	23424	25336	0.00515862	0.46848	0.9717
13	22200000	22250000	27792	114	23139	28024	0.0041019	0.46278	0.991721
13	22250000	22300000	30753	170	15663	31418	0.00552792	0.31326	0.978834
13	22300000	22350000	32773	185	20770	33524	0.00564489	0.4154	0.977598
13	22350000	22400000	27255	132	22512	27642	0.00484315	0.45024	0.986
13	22400000	22450000	22465	165	27843	23084	0.00734476	0.55686	0.973185
13	22450000	22500000	27792	224	15528	33239	0.00805987	0.31056	0.836126
13	22500000	22550000	26627	209	20500	27355	0.00784918	0.41	0.973387
13	22550000	22600000	27974	254	24841	28361	0.00907986	0.49682	0.986355
13	22600000	22650000	31828	217	21935	32668	0.0068179	0.4387	0.974287
13	22650000	22700000	29987	168	13597	31227	0.00560243	0.27194	0.960291
13	22700000	22750000	33416	195	20235	33919	0.00583553	0.4047	0.985171
13	22750000	22800000	32629	197	17873	32934	0.00603757	0.35746	0.990739
13	22800000	22850000	33292	240	17094	33596	0.00720894	0.34188	0.990951
13	22850000	22900000	27988	188	26224	28297	0.00671716	0.52448	0.98908
13	22900000	22950000	19613	131	40384	19759	0.00667924	0.80768	0.992611
13	22950000	23000000	31233	194	23858	31951	0.00621138	0.47716	0.977528
13	23000000	23050000	30107	178	20487	30441	0.00591225	0.40974	0.989028
13	23050000	23100000	26695	174	26826	27030	0.00651807	0.53652	0.987606
13	23100000	23150000	24358	162	33228	24629	0.00665079	0.66456	0.988997
13	23150000	23200000	21645	137	31787	21916	0.00632941	0.63574	0.987635
13	23200000	23250000	27360	208	21141	28128	0.00760234	0.42282	0.972696
13	23250000	23300000	27597	220	24142	27893	0.00797188	0.48284	0.989388
13	23300000	23350000	27176	213	23479	27735	0.0078378	0.46958	0.979845
13	23350000	23400000	23628	172	30459	25337	0.0072795	0.60918	0.932549
13	23400000	23450000	18541	158	26068	20456	0.00852165	0.52136	0.906384
13	23450000	23500000	10105	128	41682	10479	0.012667	0.83364	0.96431
13	23500000	23550000	6227	296	24593	6925	0.0475349	0.49186	0.899206
13	23550000	23600000	23736	151	28379	24159	0.00636164	0.56758	0.982491
13	23600000	23650000	25703	203	31825	26164	0.00789791	0.6365	0.98238
13	23650000	23700000	26868	211	24754	27596	0.00785321	0.49508	0.973619
13	23700000	23750000	25449	185	26211	25858	0.00726944	0.52422	0.984183
13	23750000	23800000	29649	182	21087	30390	0.00613849	0.42174	0.975617
13	23800000	23850000	19051	146	33031	19478	0.00766364	0.66062	0.978078
13	23850000	23900000	23586	135	27277	24065	0.00572373	0.54554	0.980096
13	23900000	23950000	31475	109	12488	31663	0.00346307	0.24976	0.994062
13	23950000	24000000	20916	115	28455	22411	0.00549818	0.5691	0.933292
13	24000000	24050000	26577	167	25718	27798	0.00628363	0.51436	0.956076
13	24050000	24100000	26826	165	27120	27063	0.00615075	0.5424	0.991243
13	24100000	24150000	22606	151	30338	24160	0.00667964	0.60676	0.935679
13	24150000	24200000	26110	185	24493	26320	0.00708541	0.48986	0.992021
13	24200000	24250000	29429	191	17726	30946	0.0064902	0.35452	0.950979
13	24250000	24300000	24095	201	29525	24761	0.00834198	0.5905	0.973103
13	24300000	24350000	26441	141	18562	30596	0.00533263	0.37124	0.864198
13	24350000	24400000	27209	139	26381	27465	0.0051086	0.52762	0.990679
13	24400000	24450000	31443	136	18348	31659	0.00432529	0.36696	0.993177
13	24450000	24500000	16138	138	21196	16348	0.00855125	0.42392	0.987154
13	24500000	24550000	19880	203	24967	20334	0.0102113	0.49934	0.977673
13	24550000	24600000	27725	254	18683	28163	0.00916141	0.37366	0.984448
13	24600000	24650000	30110	231	21986	30486	0.00767187	0.43972	0.987666
13	24650000	24700000	29973	238	18347	30288	0.00794048	0.36694	0.9896
13	24700000	24750000	33009	248	18032	33347	0.0075131	0.36064	0.989864
13	24750000	24800000	23326	163	24096	26233	0.00698791	0.48192	0.889185
13	24800000	24850000	25713	174	18940	30005	0.00676701	0.3788	0.856957
13	24850000	24900000	22517	150	15890	22963	0.00666163	0.3178	0.980577
13	24900000	24950000	3032	78	30796	5889	0.0257256	0.61592	0.514858
13	24950000	25000000	1274	40	29926	3716	0.0313972	0.59852	0.342842
13	25000000	25050000	3324	18	25831	10770	0.00541516	0.51662	0.308635
13	25050000	25100000	0	0	23579	13599		0.47158	0
13	25100000	25150000	1074	29	23468	8256	0.0270019	0.46936	0.130087
13	25150000	25200000	3452	20	26775	10798	0.00579374	0.5355	0.319689
13	25200000	25250000	25471	147	26896	25775	0.00577127	0.53792	0.988206
13	25250000	25300000	28552	175	16173	29183	0.00612917	0.32346	0.978378
13	25300000	25350000	25474	113	19447	26026	0.0044359	0.38894	0.97879
13	25350000	25400000	23332	96	32817	23510	0.00411452	0.65634	0.992429
13	25400000	25450000	23468	94	26075	23701	0.00400545	0.5215	0.990169
13	25450000	25500000	27131	123	24326	28138	0.00453356	0.48652	0.964212
13	25500000	25550000	2206	40	27661	2408	0.0181324	0.55322	0.916113
13	25550000	25600000	5122	41	27418	8067	0.00800469	0.54836	0.634932
13	25600000	25650000	0	0	26305	20294		0.5261	0
13	25650000	25700000	7023	41	32555	23565	0.00583796	0.6511	0.298027
13	25700000	25750000	25658	142	18982	26038	0.00553434	0.37964	0.985406
13	25750000	25800000	30473	194	22117	30709	0.00636629	0.44234	0.992315
13	25800000	25850000	27914	127	22440	28585	0.00454969	0.4488	0.976526
13	25850000	25900000	28599	162	18773	29019	0.00566453	0.37546	0.985527
13	25900000	25950000	22558	118	25330	25020	0.00523096	0.5066	0.901599
13	25950000	26000000	28699	177	22904	29499	0.00616746	0.45808	0.97288
13	26000000	26050000	25286	203	22999	26024	0.00802816	0.45998	0.971642
13	26050000	26100000	25080	194	23567	26710	0.00773525	0.47134	0.938974
13	26100000	26150000	28415	170	18087	28912	0.00598276	0.36174	0.98281
13	26150000	26200000	27896	174	23080	28918	0.00623745	0.4616	0.964659
13	26200000	26250000	24672	137	28482	24943	0.00555285	0.56964	0.989135
13	26250000	26300000	27574	192	17076	32148	0.00696308	0.34152	0.857721
13	26300000	26350000	31646	163	11695	32619	0.00515073	0.2339	0.970171
13	26350000	26400000	28611	149	20151	28841	0.00520779	0.40302	0.992025
13	26400000	26450000	29281	182	19047	29835	0.00621563	0.38094	0.981431
13	26450000	26500000	26043	170	17418	27447	0.00652767	0.34836	0.948847
13	26500000	26550000	29434	183	17306	29934	0.0062173	0.34612	0.983297
13	26550000	26600000	22593	169	21918	22887	0.00748019	0.43836	0.987154
13	26600000	26650000	14954	113	18268	15255	0.00755651	0.36536	0.980269
13	26650000	26700000	22740	180	29585	23767	0.00791557	0.5917	0.956789
13	26700000	26750000	25463	181	33242	26096	0.00710835	0.66484	0.975743
13	26750000	26800000	28161	152	25047	28415	0.00539754	0.50094	0.991061
13	26800000	26850000	26613	124	26915	26865	0.00465938	0.5383	0.99062
13	26850000	26900000	24047	123	36404	24240	0.00511498	0.72808	0.992038
13	26900000	26950000	26811	121	26899	27411	0.00451307	0.53798	0.978111
13	26950000	27000000	28912	170	21363	29202	0.00587991	0.42726	0.990069
13	27000000	27050000	22632	146	33125	25443	0.00645104	0.6625	0.889518
13	27050000	27100000	26743	175	23896	29049	0.00654377	0.47792	0.920617
13	27100000	27150000	30466	179	21448	30715	0.0058754	0.42896	0.991893
13	27150000	27200000	29686	136	21200	29927	0.00458128	0.424	0.991947
13	27200000	27250000	26765	97	29136	27771	0.00362414	0.58272	0.963775
13	27250000	27300000	29418	176	22135	29759	0.00598273	0.4427	0.988541
13	27300000	27350000	30567	220	20275	30910	0.0071973	0.4055	0.988903
13	27350000	27400000	28541	195	23754	29154	0.00683228	0.47508	0.978974
13	27400000	27450000	29571	226	21866	31075	0.00764262	0.43732	0.951601
13	27450000	27500000	29399	258	22012	30578	0.00877581	0.44024	0.961443
13	27500000	27550000	30739	209	20256	31387	0.00679918	0.40512	0.979355
13	27550000	27600000	29572	207	22122	29889	0.00699986	0.44244	0.989394
13	27600000	27650000	27174	162	22697	27471	0.00596158	0.45394	0.989189
13	27650000	27700000	25953	110	25412	26369	0.00423843	0.50824	0.984224
13	27700000	27750000	25088	125	20903	25817	0.00498246	0.41806	0.971763
13	27750000	27800000	17375	87	36926	18459	0.00500719	0.73852	0.941275
13	27800000	27850000	24624	160	27952	25316	0.00649773	0.55904	0.972666
13	27850000	27900000	25034	191	29724	25290	0.00762962	0.59448	0.989877
13	27900000	27950000	22056	147	23467	25448	0.00666485	0.46934	0.866709
13	27950000	28000000	29334	188	23803	29650	0.00640895	0.47606	0.989342
13	28000000	28050000	26059	142	18280	27611	0.00544917	0.3656	0.943791
13	28050000	28100000	28489	192	24484	28727	0.00673944	0.48968	0.991715
13	28100000	28150000	32971	181	17986	33221	0.00548967	0.35972	0.992475
13	28150000	28200000	29235	166	21767	29661	0.00567813	0.43534	0.985638
13	28200000	28250000	32653	171	18331	32925	0.00523688	0.36662	0.991739
13	28250000	28300000	25441	163	36030	25843	0.00640698	0.7206	0.984445
13	28300000	28350000	26886	148	25304	27120	0.00550472	0.50608	0.991372
13	28350000	28400000	32809	184	16854	33131	0.00560822	0.33708	0.990281
13	28400000	28450000	23777	164	29875	27160	0.00689742	0.5975	0.875442
13	28450000	28500000	26296	168	28126	26689	0.0063888	0.56252	0.985275
13	28500000	28550000	24806	144	20973	25875	0.00580505	0.41946	0.958686
13	28550000	28600000	23765	152	25716	24023	0.00639596	0.51432	0.98926
13	28600000	28650000	23184	146	27697	23635	0.00629745	0.55394	0.980918
13	28650000	28700000	15168	74	37431	17001	0.00487869	0.74862	0.892183
13	28700000	28750000	19822	73	33371	20125	0.00368278	0.66742	0.984944
13	28750000	28800000	26882	135	18881	27089	0.00502195	0.37762	0.992359
13	28800000	28850000	28356	111	19903	28557	0.00391452	0.39806	0.992961
13	28850000	28900000	27768	143	18619	28278	0.00514981	0.37238	0.981965
13	28900000	28950000	28282	122	19978	29091	0.0043137	0.39956	0.972191
13	28950000	29000000	31932	167	12721	32159	0.00522986	0.25442	0.992941
13	29000000	29050000	30958	167	19976	31181	0.00539441	0.39952	0.992848
13	29050000	29100000	29802	199	21229	30115	0.0066774	0.42458	0.989607
13	29100000	29150000	28007	178	20158	28505	0.00635555	0.40316	0.982529
13	29150000	29200000	27535	188	23042	28433	0.00682767	0.46084	0.968417
13	29200000	29250000	27928	185	23666	28363	0.00662418	0.47332	0.984663
13	29250000	29300000	21202	120	26936	21388	0.00565984	0.53872	0.991304
13	29300000	29350000	21517	131	31994	21715	0.00608821	0.63988	0.990882
13	29350000	29400000	20094	150	34588	20291	0.00746491	0.69176	0.990291
13	29400000	29450000	31164	205	20550	31553	0.0065781	0.411	0.987672
13	29450000	29500000	18599	139	36591	19239	0.00747352	0.73182	0.966734
13	29500000	29550000	28082	175	26547	28345	0.00623175	0.53094	0.990721
13	29550000	29600000	29008	205	23633	29767	0.00706702	0.47266	0.974502
13	29600000	29650000	22826	150	32268	24491	0.00657145	0.64536	0.932016
13	29650000	29700000	30115	168	28984	30779	0.00557862	0.57968	0.978427
13	29700000	29750000	29766	199	24024	30119	0.00668548	0.48048	0.98828
13	29750000	29800000	18103	139	36749	18292	0.00767829	0.73498	0.989668
13	29800000	29850000	26840	159	24745	28810	0.00592399	0.4949	0.931621
13	29850000	29900000	27371	187	26621	28708	0.00683205	0.53242	0.953428
13	29900000	29950000	17297	135	31843	17659	0.00780482	0.63686	0.979501
13	29950000	30000000	26553	177	31616	26869	0.00666591	0.63232	0.988239
13	30000000	30050000	30920	255	19850	31303	0.00824709	0.397	0.987765
13	30050000	30100000	33750	202	9005	35066	0.00598519	0.1801	0.962471
13	30100000	30150000	32175	233	14983	32602	0.00724165	0.29966	0.986903
13	30150000	30200000	27620	198	24034	27916	0.00716872	0.48068	0.989397
13	30200000	30250000	11023	84	45741	11160	0.00762043	0.91482	0.987724
13	30250000	30300000	31258	224	24569	31723	0.00716617	0.49138	0.985342
13	30300000	30350000	27563	146	24996	28264	0.00529696	0.49992	0.975198
13	30350000	30400000	29466	107	20779	29655	0.0036313	0.41558	0.993627
13	30400000	30450000	28761	139	24309	28960	0.00483293	0.48618	0.993128
13	30450000	30500000	30998	213	17092	31274	0.00687141	0.34184	0.991175
13	30500000	30550000	28919	233	21816	29586	0.00805699	0.43632	0.977456
13	30550000	30600000	28595	225	26937	28904	0.00786851	0.53874	0.989309
13	30600000	30650000	29541	180	28005	29832	0.00609323	0.5601	0.990245
13	30650000	30700000	30005	186	26065	30313	0.00619897	0.5213	0.989839
13	30700000	30750000	31332	139	22611	31588	0.00443636	0.45222	0.991896
13	30750000	30800000	28956	125	24027	29233	0.00431689	0.48054	0.990524
13	30800000	30850000	22826	136	30184	23064	0.00595812	0.60368	0.989681
13	30850000	30900000	27516	139	26036	27746	0.00505161	0.52072	0.991711
13	30900000	30950000	29069	138	24716	29330	0.00474733	0.49432	0.991101
13	30950000	31000000	25397	139	25714	26296	0.00547309	0.51428	0.965812
13	31000000	31050000	16650	78	19173	21018	0.00468468	0.38346	0.792178
13	31050000	31100000	22819	112	26646	22974	0.00490819	0.53292	0.993253
13	31100000	31150000	26860	150	22474	27076	0.00558451	0.44948	0.992022
13	31150000	31200000	26487	161	26659	27115	0.00607845	0.53318	0.976839
13	31200000	31250000	26952	168	22816	27194	0.0062333	0.45632	0.991101
13	31250000	31300000	27173	154	26788	28466	0.00566739	0.53576	0.954577
13	31300000	31350000	31136	220	22877	31424	0.00706578	0.45754	0.990835
13	31350000	31400000	29913	231	22690	30714	0.00772239	0.4538	0.973921
13	31400000	31450000	26914	184	24071	28465	0.00683659	0.48142	0.945512
13	31450000	31500000	30939	222	18089	31205	0.00717541	0.36178	0.991476
13	31500000	31550000	27145	190	29759	27390	0.00699945	0.59518	0.991055
13	31550000	31600000	31089	251	24849	32259	0.0080736	0.49698	0.963731
13	31600000	31650000	31434	267	17619	33278	0.00849399	0.35238	0.944588
13	31650000	31700000	30896	190	18921	31694	0.00614966	0.37842	0.974822
13	31700000	31750000	31043	144	10523	32339	0.00463873	0.21046	0.959925
13	31750000	31800000	27612	186	22256	27914	0.0067362	0.44512	0.989181
13	31800000	31850000	26835	126	21844	27068	0.00469536	0.43688	0.991392
13	31850000	31900000	20275	125	32840	20711	0.00616523	0.6568	0.978948
13	31900000	31950000	23871	137	28973	24332	0.00573918	0.57946	0.981054
13	31950000	32000000	21073	149	30536	23506	0.00707066	0.61072	0.896495
13	32000000	32050000	30060	173	22387	30384	0.00575516	0.44774	0.989336
13	32050000	32100000	28137	192	26282	28734	0.00682376	0.52564	0.979223
13	32100000	32150000	29766	194	28029	30185	0.0065175	0.56058	0.986119
13	32150000	32200000	20776	139	33097	21793	0.00669041	0.66194	0.953334
13	32200000	32250000	20748	143	39677	21383	0.00689223	0.79354	0.970304
13	32250000	32300000	26754	158	28364	26999	0.00590566	0.56728	0.990926
13	32300000	32350000	31533	172	17185	31816	0.0054546	0.3437	0.991105
13	32350000	32400000	32008	120	20364	32267	0.00374906	0.40728	0.991973
13	32400000	32450000	29872	143	18282	30115	0.00478709	0.36564	0.991931
13	32450000	32500000	32916	197	19588	33256	0.00598493	0.39176	0.989776
13	32500000	32550000	30715	176	18045	31151	0.0057301	0.3609	0.986004
13	32550000	32600000	26516	168	26428	26989	0.0063358	0.52856	0.982474
13	32600000	32650000	31081	177	14390	31310	0.0056948	0.2878	0.992686
13	32650000	32700000	29701	163	19456	29946	0.00548803	0.38912	0.991819
13	32700000	32750000	33478	171	15295	33762	0.00510783	0.3059	0.991588
13	32750000	32800000	30626	165	19745	30954	0.00538758	0.3949	0.989404
13	32800000	32850000	30890	127	13381	31151	0.00411136	0.26762	0.991621
13	32850000	32900000	29786	150	21107	31453	0.00503592	0.42214	0.947
13	32900000	32950000	23549	75	27620	23790	0.00318485	0.5524	0.98987
13	32950000	33000000	28213	106	23677	28895	0.00375713	0.47354	0.976397
13	33000000	33050000	20627	72	33855	23161	0.00349057	0.6771	0.890592
13	33050000	33100000	24655	113	22831	25507	0.00458325	0.45662	0.966597
13	33100000	33150000	21324	142	32870	22135	0.00665916	0.6574	0.963361
13	33150000	33200000	21207	135	32388	21561	0.00636582	0.64776	0.983581
13	33200000	33250000	26955	110	25726	27208	0.00408088	0.51452	0.990701
13	33250000	33300000	26233	116	23236	26439	0.00442191	0.46472	0.992208
13	33300000	33350000	30465	169	19895	30716	0.00554735	0.3979	0.991828
13	33350000	33400000	27809	161	26765	28141	0.00578949	0.5353	0.988202
13	33400000	33450000	28860	183	31461	29501	0.00634096	0.62922	0.978272
13	33450000	33500000	32806	205	25261	33551	0.00624886	0.50522	0.977795
13	33500000	33550000	27812	204	27625	29524	0.00733496	0.5525	0.942013
13	33550000	33600000	30515	226	23343	31798	0.00740619	0.46686	0.959652
13	33600000	33650000	31649	184	21688	31880	0.00581377	0.43376	0.992754
13	33650000	33700000	31732	172	20817	32022	0.0054204	0.41634	0.990944
13	33700000	33750000	31540	207	19630	31838	0.00656309	0.3926	0.99064
13	33750000	33800000	32941	206	16486	33262	0.0062536	0.32972	0.990349
13	33800000	33850000	31801	219	17115	32170	0.00688658	0.3423	0.98853
13	33850000	33900000	30645	196	18780	30924	0.00639582	0.3756	0.990978
13	33900000	33950000	28401	172	20843	28943	0.00605612	0.41686	0.981274
13	33950000	34000000	26525	155	26365	26938	0.00584354	0.5273	0.984668
13	34000000	34050000	26684	149	27704	27167	0.00558387	0.55408	0.982221
13	34050000	34100000	27023	154	25892	27286	0.00569885	0.51784	0.990361
13	34100000	34150000	29068	226	20665	29324	0.00777487	0.4133	0.99127
13	34150000	34200000	24424	168	29078	25391	0.00687848	0.58156	0.961916
13	34200000	34250000	29693	181	19835	30251	0.00609571	0.3967	0.981554
13	34250000	34300000	25765	176	26424	25987	0.00683097	0.52848	0.991457
13	34300000	34350000	19958	137	23709	28388	0.00686442	0.47418	0.703044
13	34350000	34400000	29600	211	22690	30570	0.00712838	0.4538	0.96827
13	34400000	34450000	31464	220	23736	31725	0.00699212	0.47472	0.991773
13	34450000	34500000	28100	139	27790	28329	0.00494662	0.5558	0.991916
13	34500000	34550000	27047	156	24327	31162	0.00576774	0.48654	0.867948
13	34550000	34600000	29328	158	24542	30014	0.00538734	0.49084	0.977144
13	34600000	34650000	26318	194	30363	26896	0.00737138	0.60726	0.97851
13	34650000	34700000	31918	203	23425	32220	0.00636005	0.4685	0.990627
13	34700000	34750000	34024	220	20274	34356	0.00646602	0.40548	0.990336
13	34750000	34800000	31704	254	25687	32097	0.00801161	0.51374	0.987756
13	34800000	34850000	26677	190	29353	26936	0.00712224	0.58706	0.990385
13	34850000	34900000	30560	213	26442	30853	0.0069699	0.52884	0.990503
13	34900000	34950000	30892	197	19346	31325	0.00637706	0.38692	0.986177
13	34950000	35000000	31193	213	26036	31579	0.00682846	0.52072	0.987777
13	35000000	35050000	32972	244	20564	33367	0.00740022	0.41128	0.988162
13	35050000	35100000	24701	160	27480	24999	0.00647747	0.5496	0.98808
13	35100000	35150000	26148	158	24209	26403	0.00604253	0.48418	0.990342
13	35150000	35200000	32850	250	18578	33162	0.00761035	0.37156	0.990592
13	35200000	35250000	30002	239	25280	30391	0.00796614	0.5056	0.9872
13	35250000	35300000	29203	179	20744	29454	0.00612951	0.41488	0.991478
13	35300000	35350000	27570	208	27479	27874	0.00754443	0.54958	0.989094
13	35350000	35400000	26026	196	30938	26960	0.00753093	0.61876	0.965356
13	35400000	35450000	31794	243	24879	32212	0.00764295	0.49758	0.987023
13	35450000	35500000	27081	189	22931	27370	0.00697906	0.45862	0.989441
13	35500000	35550000	26290	128	21480	26541	0.00486877	0.4296	0.990543
13	35550000	35600000	20274	89	36781	20452	0.00438986	0.73562	0.991297
13	35600000	35650000	12784	80	24242	13005	0.00625782	0.48484	0.983007
13	35650000	35700000	14715	102	23642	15033	0.0069317	0.47284	0.978847
13	35700000	35750000	29249	153	23954	29488	0.00523095	0.47908	0.991895
13	35750000	35800000	31277	118	26857	32551	0.00377274	0.53714	0.960861
13	35800000	35850000	24243	108	32836	24450	0.00445489	0.65672	0.991534
13	35850000	35900000	20862	136	17787	25881	0.00651903	0.35574	0.806074
13	35900000	35950000	24475	167	30629	29758	0.00682329	0.61258	0.822468
13	35950000	36000000	22521	148	27584	23676	0.00657164	0.55168	0.951216
13	36000000	36050000	29369	159	16018	29631	0.00541387	0.32036	0.991158
13	36050000	36100000	33785	188	15220	34019	0.0055646	0.3044	0.993121
13	36100000	36150000	32352	169	18445	32670	0.00522379	0.3689	0.990266
13	36150000	36200000	30983	169	21427	32732	0.0054546	0.42854	0.946566
13	36200000	36250000	33195	198	11838	33475	0.00596475	0.23676	0.991636
13	36250000	36300000	30429	242	20540	31007	0.00795294	0.4108	0.981359
13	36300000	36350000	24144	145	30571	24506	0.00600563	0.61142	0.985228
13	36350000	36400000	34256	214	11127	34546	0.00624708	0.22254	0.991605
13	36400000	36450000	32626	158	10875	32939	0.00484276	0.2175	0.990498
13	36450000	36500000	31575	149	17642	31849	0.00471892	0.35284	0.991397
13	36500000	36550000	27776	118	19903	29870	0.00424827	0.39806	0.929896
13	36550000	36600000	25706	170	22565	27106	0.00661324	0.4513	0.948351
13	36600000	36650000	30014	186	18883	30314	0.00619711	0.37766	0.990104
13	36650000	36700000	32446	221	14227	32693	0.00681132	0.28454	0.992445
13	36700000	36750000	33784	184	21139	34042	0.00544637	0.42278	0.992421
13	36750000	36800000	30939	171	27955	31241	0.005527	0.5591	0.990333
13	36800000	36850000	24905	109	30836	25100	0.00437663	0.61672	0.992231
13	36850000	36900000	25247	144	28557	25983	0.00570365	0.57114	0.971674
13	36900000	36950000	29534	198	23041	29832	0.00670414	0.46082	0.990011
13	36950000	37000000	21697	166	30620	21896	0.00765083	0.6124	0.990912
13	37000000	37050000	24103	129	26125	24310	0.00535203	0.5225	0.991485
13	37050000	37100000	27813	187	29885	28069	0.00672347	0.5977	0.99088
13	37100000	37150000	32492	256	25265	32845	0.00787886	0.5053	0.989253
13	37150000	37200000	28015	181	28864	30163	0.00646082	0.57728	0.928787
13	37200000	37250000	28555	148	30808	28989	0.00518298	0.61616	0.985029
13	37250000	37300000	31154	166	19770	31479	0.00532837	0.3954	0.989676
13	37300000	37350000	29546	158	22002	30288	0.00534759	0.44004	0.975502
13	37350000	37400000	24524	138	25442	27803	0.00562714	0.50884	0.882063
13	37400000	37450000	27471	170	24287	27738	0.00618834	0.48574	0.990374
13	37450000	37500000	27232	150	17926	29883	0.00550823	0.35852	0.911287
13	37500000	37550000	21515	117	30255	21711	0.00543807	0.6051	0.990972
13	37550000	37600000	28000	101	17251	28146	0.00360714	0.34502	0.994813
13	37600000	37650000	25101	108	28401	25294	0.00430262	0.56802	0.99237
13	37650000	37700000	28057	190	23248	28341	0.00677193	0.46496	0.989979
13	37700000	37750000	23740	145	31340	24216	0.00610783	0.6268	0.980344
13	37750000	37800000	24683	138	32202	25088	0.00559089	0.64404	0.983857
13	37800000	37850000	28048	179	26616	29380	0.00638192	0.53232	0.954663
13	37850000	37900000	25642	207	31679	26834	0.00807269	0.63358	0.955579
13	37900000	37950000	31566	251	25543	31956	0.00795159	0.51086	0.987796
13	37950000	38000000	26833	186	30761	27092	0.00693176	0.61522	0.99044
13	38000000	38050000	28648	166	29336	28958	0.00579447	0.58672	0.989295
13	38050000	38100000	29956	142	21977	30229	0.00474029	0.43954	0.990969
13	38100000	38150000	25335	159	25860	25593	0.0062759	0.5172	0.989919
13	38150000	38200000	31754	146	13230	32051	0.00459785	0.2646	0.990734
13	38200000	38250000	33178	219	15094	33580	0.00660076	0.30188	0.988029
13	38250000	38300000	32523	185	18896	33335	0.00568828	0.37792	0.975641
13	38300000	38350000	31560	207	18891	32169	0.00655894	0.37782	0.981069
13	38350000	38400000	27481	179	23303	28831	0.00651359	0.46606	0.953175
13	38400000	38450000	26374	201	28662	26922	0.00762114	0.57324	0.979645
13	38450000	38500000	30633	214	22352	30942	0.00698593	0.44704	0.990014
13	38500000	38550000	28248	204	23620	28594	0.00722175	0.4724	0.9879
13	38550000	38600000	26030	193	29292	26332	0.00741452	0.58584	0.988531
13	38600000	38650000	21930	148	33130	22181	0.00674875	0.6626	0.988684
13	38650000	38700000	19120	135	38721	20419	0.00706067	0.77442	0.936383
13	38700000	38750000	22768	166	31657	23020	0.00729093	0.63314	0.989053
13	38750000	38800000	30385	223	29096	30705	0.00733915	0.58192	0.989578
13	38800000	38850000	21348	131	38032	22281	0.00613641	0.76064	0.958126
13	38850000	38900000	23252	140	39074	23633	0.00602099	0.78148	0.983878
13	38900000	38950000	27062	155	21091	27315	0.00572759	0.42182	0.990738
13	38950000	39000000	25422	166	30548	29183	0.00652978	0.61096	0.871124
13	39000000	39050000	28548	162	29550	28809	0.00567465	0.591	0.99094
13	39050000	39100000	31435	230	28250	32263	0.00731669	0.565	0.974336
13	39100000	39150000	26819	187	27565	27278	0.00697267	0.5513	0.983173
13	39150000	39200000	29115	180	22319	29462	0.00618238	0.44638	0.988222
13	39200000	39250000	29486	218	18567	30574	0.00739334	0.37134	0.964414
13	39250000	39300000	32100	178	12468	32782	0.00554517	0.24936	0.979196
13	39300000	39350000	32361	198	15443	32632	0.00611848	0.30886	0.991695
13	39350000	39400000	25667	209	32016	25987	0.00814275	0.64032	0.987686
13	39400000	39450000	27745	232	17759	28015	0.00836187	0.35518	0.990362
13	39450000	39500000	22853	150	23369	27210	0.00656369	0.46738	0.839875
13	39500000	39550000	26709	373	21167	31318	0.0139653	0.42334	0.852832
13	39550000	39600000	25522	186	26168	25800	0.00728783	0.52336	0.989225
13	39600000	39650000	28032	147	25159	28258	0.00524401	0.50318	0.992002
13	39650000	39700000	24804	169	31645	25064	0.00681342	0.6329	0.989627
13	39700000	39750000	29840	221	27715	30518	0.00740617	0.5543	0.977784
13	39750000	39800000	26538	206	30376	26931	0.00776245	0.60752	0.985407
13	39800000	39850000	29915	260	24861	30216	0.00869129	0.49722	0.990038
13	39850000	39900000	28100	219	29503	28413	0.00779359	0.59006	0.988984
13	39900000	39950000	25674	157	26564	26115	0.00611514	0.53128	0.983113
13	39950000	40000000	32921	223	17872	33226	0.00677379	0.35744	0.99082
13	40000000	40050000	30484	186	22134	30756	0.00610156	0.44268	0.991156
13	40050000	40100000	32951	184	15749	33232	0.00558405	0.31498	0.991544
13	40100000	40150000	31499	199	17549	31816	0.00631766	0.35098	0.990036
13	40150000	40200000	26453	180	21701	26720	0.00680452	0.43402	0.990007
13	40200000	40250000	20672	94	29560	26605	0.00454721	0.5912	0.776997
13	40250000	40300000	31830	135	19528	32583	0.00424128	0.39056	0.97689
13	40300000	40350000	26920	135	29489	27133	0.00501486	0.58978	0.99215
13	40350000	40400000	29688	139	20591	29924	0.00468203	0.41182	0.992113
13	40400000	40450000	26694	153	22714	29564	0.00573163	0.45428	0.902922
13	40450000	40500000	30843	207	23256	31293	0.00671141	0.46512	0.98562
13	40500000	40550000	28877	190	23077	29170	0.00657963	0.46154	0.989955
13	40550000	40600000	27263	190	24448	28606	0.00696915	0.48896	0.953052
13	40600000	40650000	31604	203	18861	31891	0.00642324	0.37722	0.991001
13	40650000	40700000	33955	202	12428	35610	0.00594905	0.24856	0.953524
13	40700000	40750000	34436	230	15563	34706	0.00667906	0.31126	0.99222
13	40750000	40800000	31871	231	16927	34655	0.00724797	0.33854	0.919665
13	40800000	40850000	34218	186	22660	34811	0.00543574	0.4532	0.982965
13	40850000	40900000	27095	180	27403	27324	0.00664329	0.54806	0.991619
13	40900000	40950000	27212	154	22623	27943	0.00565927	0.45246	0.97384
13	40950000	41000000	29486	173	24659	29735	0.00586719	0.49318	0.991626
13	41000000	41050000	30219	220	19981	30507	0.00728019	0.39962	0.99056
13	41050000	41100000	31129	158	21650	31377	0.00507565	0.433	0.992096
13	41100000	41150000	27650	113	21215	28265	0.0040868	0.4243	0.978242
13	41150000	41200000	31289	108	11248	31546	0.00345169	0.22496	0.991853
13	41200000	41250000	23972	108	18783	24855	0.00450526	0.37566	0.964474
13	41250000	41300000	11305	62	37114	11563	0.0054843	0.74228	0.977687
13	41300000	41350000	9963	49	29894	10083	0.0049182	0.59788	0.988099
13	41350000	41400000	13739	139	22573	13887	0.0101172	0.45146	0.989343
13	41400000	41450000	4257	56	38180	4314	0.0131548	0.7636	0.986787
13	41450000	41500000	5004	68	32016	5075	0.0135891	0.64032	0.98601
13	41500000	41550000	25274	126	24631	25474	0.00498536	0.49262	0.992149
13	41550000	41600000	27561	127	17855	27740	0.00460796	0.3571	0.993547
13	41600000	41650000	20856	90	29475	21462	0.0043153	0.5895	0.971764
13	41650000	41700000	16684	98	37953	17469	0.00587389	0.75906	0.955063
13	41700000	41750000	21233	106	37007	21465	0.00499223	0.74014	0.989192
13	41750000	41800000	22387	129	28570	22854	0.00576227	0.5714	0.979566
13	41800000	41850000	22995	106	31065	23204	0.0046097	0.6213	0.990993
13	41850000	41900000	19627	121	33348	19984	0.00616498	0.66696	0.982136
13	41900000	41950000	24024	156	21444	26516	0.00649351	0.42888	0.906019
13	41950000	42000000	8088	69	32460	22642	0.00853116	0.6492	0.357212
13	42000000	42050000	3543	14	28920	10948	0.00395145	0.5784	0.323621
13	42050000	42100000	21388	126	30443	23078	0.00589115	0.60886	0.92677
13	42100000	42150000	26075	152	26163	26499	0.00582934	0.52326	0.983999
13	42150000	42200000	30416	158	22562	30642	0.00519463	0.45124	0.992625
13	42200000	42250000	23743	115	20646	27827	0.00484353	0.41292	0.853236
13	42250000	42300000	33341	150	18165	33559	0.00449897	0.3633	0.993504
13	42300000	42350000	27936	176	20588	28155	0.00630011	0.41176	0.992222
13	42350000	42400000	27577	175	27539	27902	0.00634587	0.55078	0.988352
13	42400000	42450000	22474	131	29630	22652	0.00582896	0.5926	0.992142
13	42450000	42500000	27697	128	26300	27900	0.00462144	0.526	0.992724
13	42500000	42550000	27134	167	29977	27360	0.00615464	0.59954	0.99174
13	42550000	42600000	29513	170	24500	30988	0.00576017	0.49	0.952401
13	42600000	42650000	23911	105	21755	25803	0.00439128	0.4351	0.926675
13	42650000	42700000	30776	168	22556	31038	0.0054588	0.45112	0.991559
13	42700000	42750000	28674	155	19034	28920	0.00540559	0.38068	0.991494
13	42750000	42800000	30346	161	17268	30613	0.00530548	0.34536	0.991278
13	42800000	42850000	28390	149	20050	28601	0.00524833	0.401	0.992623
13	42850000	42900000	30631	115	16263	33472	0.00375437	0.32526	0.915123
13	42900000	42950000	30147	206	23936	30854	0.00683318	0.47872	0.977086
13	42950000	43000000	31600	167	21028	31982	0.00528481	0.42056	0.988056
13	43000000	43050000	15085	123	33766	15347	0.0081538	0.67532	0.982928
13	43050000	43100000	19890	115	28275	20089	0.0057818	0.5655	0.990094
13	43100000	43150000	28443	159	23073	29611	0.00559013	0.46146	0.960555
13	43150000	43200000	29787	189	14246	31927	0.00634505	0.28492	0.932972
13	43200000	43250000	29732	188	27016	29976	0.00632315	0.54032	0.99186
13	43250000	43300000	26634	193	28050	29091	0.00724638	0.561	0.915541
13	43300000	43350000	28932	172	24726	29192	0.00594497	0.49452	0.991093
13	43350000	43400000	31336	200	22770	31608	0.00638244	0.4554	0.991395
13	43400000	43450000	26402	173	30658	27764	0.00655253	0.61316	0.950944
13	43450000	43500000	29738	213	22471	30946	0.00716255	0.44942	0.960964
13	43500000	43550000	28841	204	23054	29129	0.00707326	0.46108	0.990113
13	43550000	43600000	26028	200	30335	26276	0.00768403	0.6067	0.990562
13	43600000	43650000	18417	144	29383	23207	0.00781886	0.58766	0.793597
13	43650000	43700000	30433	191	27383	30731	0.00627608	0.54766	0.990303
13	43700000	43750000	30678	207	23439	30957	0.00674751	0.46878	0.990987
13	43750000	43800000	20046	117	22062	33537	0.00583658	0.44124	0.597728
13	43800000	43850000	33165	186	14275	33715	0.00560832	0.2855	0.983687
13	43850000	43900000	33503	230	13220	34067	0.00686506	0.2644	0.983444
13	43900000	43950000	33797	183	12400	34066	0.00541468	0.248	0.992104
13	43950000	44000000	32037	208	22152	32290	0.00649249	0.44304	0.992165
13	44000000	44050000	32640	223	19425	32930	0.00683211	0.3885	0.991193
13	44050000	44100000	30810	191	26596	31079	0.00619929	0.53192	0.991345
13	44100000	44150000	32443	185	16304	32793	0.00570231	0.32608	0.989327
13	44150000	44200000	22738	164	27915	24308	0.0072126	0.5583	0.935412
13	44200000	44250000	34487	228	17771	34751	0.00661119	0.35542	0.992403
13	44250000	44300000	27893	174	25142	28113	0.00623812	0.50284	0.992174
13	44300000	44350000	30058	170	19650	30512	0.00565573	0.393	0.985121
13	44350000	44400000	28517	161	20285	28956	0.00564576	0.4057	0.984839
13	44400000	44450000	27426	136	31842	28000	0.0049588	0.63684	0.9795
13	44450000	44500000	29082	147	21762	29426	0.00505467	0.43524	0.98831
13	44500000	44550000	23910	113	29282	24087	0.00472606	0.58564	0.992652
13	44550000	44600000	32941	178	15175	33614	0.0054036	0.3035	0.979979
13	44600000	44650000	31330	223	23071	31677	0.00711778	0.46142	0.989046
13	44650000	44700000	29494	185	24215	29999	0.00627246	0.4843	0.983166
13	44700000	44750000	29011	132	21140	29224	0.00455	0.4228	0.992711
13	44750000	44800000	31694	182	23492	32570	0.00574241	0.46984	0.973104
13	44800000	44850000	33796	177	14489	34246	0.00523731	0.28978	0.98686
13	44850000	44900000	34203	179	20456	34586	0.00523346	0.40912	0.988926
13	44900000	44950000	30528	164	22615	30769	0.00537212	0.4523	0.992167
13	44950000	45000000	31061	186	19596	31749	0.00598822	0.39192	0.97833
13	45000000	45050000	30998	217	22659	31241	0.00700045	0.45318	0.992222
13	45050000	45100000	26614	116	29372	26841	0.00435861	0.58744	0.991543
13	45100000	45150000	27307	116	20332	27500	0.004248	0.40664	0.992982
13	45150000	45200000	19659	80	26753	20547	0.00406938	0.53506	0.956782
13	45200000	45250000	22917	150	26731	25402	0.00654536	0.53462	0.902173
13	45250000	45300000	23710	128	29172	23911	0.00539857	0.58344	0.991594
13	45300000	45350000	26928	145	22856	27166	0.00538473	0.45712	0.991239
13	45350000	45400000	25789	202	27023	26522	0.0078328	0.54046	0.972363
13	45400000	45450000	27707	186	27767	28562	0.0067131	0.55534	0.970065
13	45450000	45500000	28413	132	23261	28693	0.00464576	0.46522	0.990242
13	45500000	45550000	24845	127	23231	25040	0.00511169	0.46462	0.992212
13	45550000	45600000	23207	90	29111	24260	0.00387814	0.58222	0.956595
13	45600000	45650000	21767	111	27398	23484	0.00509946	0.54796	0.926886
13	45650000	45700000	20930	104	30086	21163	0.00496894	0.60172	0.98899
13	45700000	45750000	24907	98	28731	25112	0.00393464	0.57462	0.991837
13	45750000	45800000	27477	119	21652	27708	0.00433089	0.43304	0.991663
13	45800000	45850000	23186	76	22839	23387	0.00327784	0.45678	0.991405
13	45850000	45900000	20718	89	26670	21827	0.00429578	0.5334	0.949191
13	45900000	45950000	15302	119	27426	20011	0.00777676	0.54852	0.764679
13	45950000	46000000	11076	51	24751	17693	0.00460455	0.49502	0.62601
13	46000000	46050000	6074	29	28782	22763	0.00477445	0.57564	0.266837
13	46050000	46100000	27398	127	19846	27612	0.00463537	0.39692	0.99225
13	46100000	46150000	28645	215	23371	29092	0.00750567	0.46742	0.984635
13	46150000	46200000	29357	131	24349	29597	0.00446231	0.48698	0.991891
13	46200000	46250000	16342	103	33973	17165	0.00630278	0.67946	0.952054
13	46250000	46300000	31344	197	23666	31936	0.00628509	0.47332	0.981463
13	46300000	46350000	27604	203	26447	28153	0.00735401	0.52894	0.980499
13	46350000	46400000	30396	250	20795	31943	0.00822477	0.4159	0.95157
13	46400000	46450000	29376	177	22050	31071	0.00602533	0.441	0.945448
13	46450000	46500000	29179	230	22007	29464	0.00788238	0.44014	0.990327
13	46500000	46550000	30393	157	19709	31568	0.00516566	0.39418	0.962779
13	46550000	46600000	29333	109	21993	29984	0.00371595	0.43986	0.978288
13	46600000	46650000	29659	127	21416	29876	0.00428201	0.42832	0.992737
13	46650000	46700000	31107	198	30637	31533	0.00636513	0.61274	0.98649
13	46700000	46750000	31579	217	16596	32278	0.00687166	0.33192	0.978344
13	46750000	46800000	26396	135	26732	26692	0.00511441	0.53464	0.988911
13	46800000	46850000	26792	183	31635	27440	0.0068304	0.6327	0.976385
13	46850000	46900000	25793	129	30747	26085	0.00500136	0.61494	0.988806
13	46900000	46950000	28865	123	22908	29032	0.00426122	0.45816	0.994248
13	46950000	47000000	8404	36	29459	15560	0.00428367	0.58918	0.540103
13	47000000	47050000	2443	15	25439	3044	0.00613999	0.50878	0.802562
13	47050000	47100000	24762	131	24362	25200	0.00529036	0.48724	0.982619
13	47100000	47150000	29000	151	18030	29588	0.0052069	0.3606	0.980127
13	47150000	47200000	29837	155	13912	30068	0.00519489	0.27824	0.992317
13	47200000	47250000	31076	153	15974	31653	0.00492341	0.31948	0.981771
13	47250000	47300000	26867	151	13357	32725	0.00562028	0.26714	0.820993
13	47300000	47350000	30287	219	18656	30607	0.00723083	0.37312	0.989545
13	47350000	47400000	31504	311	21480	31877	0.00987176	0.4296	0.988299
13	47400000	47450000	33937	168	15782	34243	0.00495035	0.31564	0.991064
13	47450000	47500000	30626	232	26598	30877	0.00757526	0.53196	0.991871
13	47500000	47550000	23276	182	32333	25075	0.00781921	0.64666	0.928255
13	47550000	47600000	28691	214	27334	28991	0.00745878	0.54668	0.989652
13	47600000	47650000	29543	151	27381	29803	0.00511119	0.54762	0.991276
13	47650000	47700000	26547	118	28396	26745	0.00444495	0.56792	0.992597
13	47700000	47750000	29961	155	27919	30241	0.00517339	0.55838	0.990741
13	47750000	47800000	30728	172	25469	31099	0.0055975	0.50938	0.98807
13	47800000	47850000	31199	182	28713	31530	0.00583352	0.57426	0.989502
13	47850000	47900000	26628	170	26261	27122	0.00638426	0.52522	0.981786
13	47900000	47950000	20783	189	38701	21449	0.00909397	0.77402	0.96895
13	47950000	48000000	25396	187	28108	25646	0.00736336	0.56216	0.990252
13	48000000	48050000	24423	170	26816	24831	0.00696065	0.53632	0.983569
13	48050000	48100000	33909	194	20790	34191	0.00572119	0.4158	0.991752
13	48100000	48150000	21229	113	32818	21446	0.00532291	0.65636	0.989882
13	48150000	48200000	23077	163	35388	23286	0.00706331	0.70776	0.991025
13	48200000	48250000	26745	203	27968	27544	0.0075902	0.55936	0.970992
13	48250000	48300000	25950	186	29486	26164	0.00716763	0.58972	0.991821
13	48300000	48350000	18056	88	33536	18285	0.00487373	0.67072	0.987476
13	48350000	48400000	20902	142	27823	25541	0.00679361	0.55646	0.81837
13	48400000	48450000	25989	158	25712	26445	0.0060795	0.51424	0.982757
13	48450000	48500000	21020	128	32036	21287	0.00608944	0.64072	0.987457
13	48500000	48550000	23903	190	29687	24178	0.00794879	0.59374	0.988626
13	48550000	48600000	18361	131	35485	18612	0.00713469	0.7097	0.986514
13	48600000	48650000	19983	114	34210	20204	0.00570485	0.6842	0.989062
13	48650000	48700000	25744	115	23891	26068	0.00446706	0.47782	0.987571
13	48700000	48750000	25168	97	29521	25385	0.0038541	0.59042	0.991452
13	48750000	48800000	20332	117	32177	20554	0.00575448	0.64354	0.989199
13	48800000	48850000	28420	148	21894	28620	0.0052076	0.43788	0.993012
13	48850000	48900000	26712	136	24893	26924	0.00509134	0.49786	0.992126
13	48900000	48950000	23348	71	27548	23626	0.00304095	0.55096	0.988233
13	48950000	49000000	22677	77	27607	22822	0.00339551	0.55214	0.993646
13	49000000	49050000	23731	80	29168	23890	0.00337112	0.58336	0.993344
13	49050000	49100000	31928	109	17883	32973	0.00341393	0.35766	0.968307
13	49100000	49150000	26952	104	24933	27679	0.00385871	0.49866	0.973735
13	49150000	49200000	23138	133	33095	23373	0.00574812	0.6619	0.989946
13	49200000	49250000	23858	114	32646	24813	0.00477827	0.65292	0.961512
13	49250000	49300000	22920	120	32896	23503	0.0052356	0.65792	0.975195
13	49300000	49350000	30941	116	27303	31196	0.00374907	0.54606	0.991826
13	49350000	49400000	29689	140	28259	29977	0.00471555	0.56518	0.990393
13	49400000	49450000	24476	121	30822	26055	0.00494362	0.61644	0.939397
13	49450000	49500000	32740	171	22316	33184	0.00522297	0.44632	0.98662
13	49500000	49550000	29588	113	25086	29823	0.00381912	0.50172	0.99212
13	49550000	49600000	24628	100	30558	24915	0.00406042	0.61116	0.988481
13	49600000	49650000	22021	112	34629	22221	0.00508605	0.69258	0.991
13	49650000	49700000	27538	115	26382	27791	0.00417605	0.52764	0.990896
13	49700000	49750000	21648	74	32375	21783	0.00341833	0.6475	0.993803
13	49750000	49800000	29345	132	15734	29911	0.00449821	0.31468	0.981077
13	49800000	49850000	25022	92	24411	25382	0.00367676	0.48822	0.985817
13	49850000	49900000	25648	117	22408	27425	0.00456176	0.44816	0.935205
13	49900000	49950000	26050	137	24208	26252	0.00525912	0.48416	0.992305
13	49950000	50000000	24730	143	25983	25078	0.00578245	0.51966	0.986123
13	50000000	50050000	25149	147	30730	25373	0.00584516	0.6146	0.991172
13	50050000	50100000	25221	110	22031	26532	0.00436144	0.44062	0.950588
13	50100000	50150000	24332	118	21105	24592	0.00484958	0.4221	0.989427
13	50150000	50200000	20493	97	30599	20661	0.00473332	0.61198	0.991869
13	50200000	50250000	22729	129	27851	23494	0.00567557	0.55702	0.967438
13	50250000	50300000	23855	92	24179	24126	0.00385663	0.48358	0.988767
13	50300000	50350000	22984	75	34931	23891	0.00326314	0.69862	0.962036
13	50350000	50400000	25827	94	25647	26493	0.0036396	0.51294	0.974861
13	50400000	50450000	22619	112	35453	22841	0.00495159	0.70906	0.990281
13	50450000	50500000	12499	62	35102	12668	0.0049604	0.70204	0.986659
13	50500000	50550000	17286	69	34744	18125	0.00399167	0.69488	0.95371
13	50550000	50600000	23772	83	22225	24086	0.0034915	0.4445	0.986963
13	50600000	50650000	25944	91	19005	26150	0.00350755	0.3801	0.992122
13	50650000	50700000	25056	110	20538	25898	0.00439017	0.41076	0.967488
13	50700000	50750000	28660	129	14905	28988	0.00450105	0.2981	0.988685
13	50750000	50800000	26593	116	25373	26786	0.00436205	0.50746	0.992795
13	50800000	50850000	28262	158	22186	28659	0.00559055	0.44372	0.986147
13	50850000	50900000	25009	148	30177	25606	0.00591787	0.60354	0.976685
13	50900000	50950000	30716	125	21441	30925	0.00406954	0.42882	0.993242
13	50950000	51000000	33301	132	17634	33534	0.00396384	0.35268	0.993052
13	51000000	51050000	29884	151	26045	30095	0.00505287	0.5209	0.992989
13	51050000	51100000	23337	94	29241	23494	0.00402794	0.58482	0.993317
13	51100000	51150000	29220	150	28330	29547	0.00513347	0.5666	0.988933
13	51150000	51200000	31737	161	21986	32004	0.00507294	0.43972	0.991657
13	51200000	51250000	30286	201	23040	30557	0.00663673	0.4608	0.991131
13	51250000	51300000	33511	184	17811	33949	0.00549073	0.35622	0.987098
13	51300000	51350000	22093	155	31540	22291	0.0070158	0.6308	0.991117
13	51350000	51400000	25952	154	17486	32328	0.00593403	0.34972	0.802772
13	51400000	51450000	23496	98	30613	23882	0.00417092	0.61226	0.983837
13	51450000	51500000	29996	96	23913	30425	0.00320043	0.47826	0.9859
13	51500000	51550000	30184	122	20709	31128	0.00404188	0.41418	0.969674
13	51550000	51600000	30582	186	21453	30850	0.00608201	0.42906	0.991313
13	51600000	51650000	31072	182	21005	31420	0.00585736	0.4201	0.988924
13	51650000	51700000	28855	153	23666	29170	0.00530237	0.47332	0.989201
13	51700000	51750000	20227	141	33456	20570	0.00697088	0.66912	0.983325
13	51750000	51800000	29825	188	22953	30412	0.00630344	0.45906	0.980698
13	51800000	51850000	35261	180	12093	36180	0.00510479	0.24186	0.974599
13	51850000	51900000	31782	163	21003	32045	0.00512869	0.42006	0.991793
13	51900000	51950000	31701	141	17153	32309	0.00444781	0.34306	0.981182
13	51950000	52000000	27117	97	21779	29640	0.00357709	0.43558	0.914879
13	52000000	52050000	25545	89	20625	25759	0.00348405	0.4125	0.991692
13	52050000	52100000	24296	109	29478	24971	0.00448634	0.58956	0.972969
13	52100000	52150000	21681	122	31006	21869	0.00562705	0.62012	0.991403
13	52150000	52200000	30536	130	19782	30914	0.00425727	0.39564	0.987773
13	52200000	52250000	25905	124	24725	26128	0.00478672	0.4945	0.991465
13	52250000	52300000	24335	128	30300	24493	0.00525991	0.606	0.993549
13	52300000	52350000	31749	122	15341	31980	0.00384264	0.30682	0.992777
13	52350000	52400000	32909	148	16480	33241	0.00449725	0.3296	0.990012
13	52400000	52450000	30880	162	25508	32638	0.00524611	0.51016	0.946136
13	52450000	52500000	28711	196	20186	30428	0.00682665	0.40372	0.943572
13	52500000	52550000	32493	204	13178	34012	0.00627828	0.26356	0.955339
13	52550000	52600000	21057	91	28934	24479	0.0043216	0.57868	0.860207
13	52600000	52650000	18968	70	33332	19140	0.00369043	0.66664	0.991014
13	52650000	52700000	23905	90	26524	24205	0.0037649	0.53048	0.987606
13	52700000	52750000	20247	120	21817	22152	0.0059268	0.43634	0.914003
13	52750000	52800000	0	0	22388	2963		0.44776	0
13	52800000	52850000	0	0	37074	3		0.74148	0
13	52850000	52900000	0	0	26462	0		0.52924	
13	52900000	52950000	11881	65	34677	12232	0.00547092	0.69354	0.971305
13	52950000	53000000	23844	86	22907	24171	0.00360678	0.45814	0.986471
13	53000000	53050000	17480	67	21362	24365	0.00383295	0.42724	0.717423
13	53050000	53100000	0	0	32155	1127		0.6431	0
13	53100000	53150000	1	0	37433	1	0	0.74866	1
13	53150000	53200000	3017	116	22422	3081	0.0384488	0.44844	0.979228
13	53200000	53250000	16160	183	19643	16475	0.0113243	0.39286	0.98088
13	53250000	53300000	24621	109	23188	24867	0.00442712	0.46376	0.990107
13	53300000	53350000	27829	166	24379	28045	0.005965	0.48758	0.992298
13	53350000	53400000	29555	131	23057	29814	0.00443241	0.46114	0.991313
13	53400000	53450000	30251	183	18803	31283	0.00604939	0.37606	0.967011
13	53450000	53500000	30194	155	19759	30975	0.00513347	0.39518	0.974786
13	53500000	53550000	31379	196	19452	31800	0.00624622	0.38904	0.986761
13	53550000	53600000	33344	137	20669	33763	0.00410869	0.41338	0.98759
13	53600000	53650000	34108	161	13813	34388	0.0047203	0.27626	0.991858
13	53650000	53700000	26674	177	25674	26929	0.00663568	0.51348	0.990531
13	53700000	53750000	30451	167	20008	31600	0.00548422	0.40016	0.963639
13	53750000	53800000	31124	186	23600	31841	0.0059761	0.472	0.977482
13	53800000	53850000	33058	163	15190	34157	0.00493073	0.3038	0.967825
13	53850000	53900000	31096	198	19189	31366	0.00636738	0.38378	0.991392
13	53900000	53950000	34309	152	20928	34579	0.00443032	0.41856	0.992192
13	53950000	54000000	29750	152	20446	30058	0.00510924	0.40892	0.989753
13	54000000	54050000	29097	163	18812	29322	0.00560195	0.37624	0.992327
13	54050000	54100000	32423	203	19424	32685	0.00626099	0.38848	0.991984
13	54100000	54150000	31359	170	25497	31900	0.00542109	0.50994	0.983041
13	54150000	54200000	27864	207	24450	28136	0.00742894	0.489	0.990333
13	54200000	54250000	30068	189	23444	30939	0.00628575	0.46888	0.971848
13	54250000	54300000	30238	160	27393	30521	0.00529136	0.54786	0.990728
13	54300000	54350000	28769	206	25428	29371	0.00716049	0.50856	0.979504
13	54350000	54400000	34699	271	11822	35063	0.00781002	0.23644	0.989619
13	54400000	54450000	30236	198	23290	31332	0.00654849	0.4658	0.96502
13	54450000	54500000	28505	208	20529	29406	0.00729697	0.41058	0.96936
13	54500000	54550000	28104	173	29493	28556	0.00615571	0.58986	0.984171
13	54550000	54600000	28145	183	24320	28455	0.00650204	0.4864	0.989106
13	54600000	54650000	24542	184	23576	25261	0.00749735	0.47152	0.971537
13	54650000	54700000	29874	232	20453	30320	0.00776595	0.40906	0.98529
13	54700000	54750000	27818	160	22396	28826	0.00575167	0.44792	0.965032
13	54750000	54800000	28668	119	20553	28972	0.00415097	0.41106	0.989507
13	54800000	54850000	30394	180	25801	30660	0.00592222	0.51602	0.991324
13	54850000	54900000	16318	114	35749	18945	0.00698615	0.71498	0.861335
13	54900000	54950000	29325	207	27581	29843	0.00705882	0.55162	0.982642
13	54950000	55000000	28421	168	26305	28642	0.00591112	0.5261	0.992284
13	55000000	55050000	30146	176	21616	30431	0.00583825	0.43232	0.990635
13	55050000	55100000	28250	197	25944	28559	0.00697345	0.51888	0.98918
13	55100000	55150000	25489	193	21285	30512	0.00757189	0.4257	0.835376
13	55150000	55200000	28664	149	27631	29245	0.00519816	0.55262	0.980133
13	55200000	55250000	30290	164	24962	30576	0.00541433	0.49924	0.990646
13	55250000	55300000	13728	127	42010	18502	0.00925117	0.8402	0.741974
13	55300000	55350000	28100	181	23724	28369	0.00644128	0.47448	0.990518
13	55350000	55400000	26353	143	27615	26800	0.00542633	0.5523	0.983321
13	55400000	55450000	28196	155	24295	28430	0.00549723	0.4859	0.991769
13	55450000	55500000	24625	140	34236	24856	0.00568528	0.68472	0.990706
13	55500000	55550000	27672	162	34830	28438	0.00585429	0.6966	0.973064
13	55550000	55600000	27746	211	28136	28005	0.0076047	0.56272	0.990752
13	55600000	55650000	25867	126	24089	26290	0.00487107	0.48178	0.98391
13	55650000	55700000	28440	128	28370	28758	0.0045007	0.5674	0.988942
13	55700000	55750000	26222	154	27944	26448	0.00587293	0.55888	0.991455
13	55750000	55800000	29408	188	25225	30685	0.00639282	0.5045	0.958384
13	55800000	55850000	29128	164	26814	30170	0.00563032	0.53628	0.965462
13	55850000	55900000	28319	167	24691	28557	0.0058971	0.49382	0.991666
13	55900000	55950000	26092	147	27369	28856	0.00563391	0.54738	0.904214
13	55950000	56000000	29411	136	20192	30119	0.00462412	0.40384	0.976493
13	56000000	56050000	26445	161	32109	26862	0.00608811	0.64218	0.984476
13	56050000	56100000	26299	158	31149	26502	0.00600783	0.62298	0.99234
13	56100000	56150000	32788	182	21095	33123	0.00555081	0.4219	0.989886
13	56150000	56200000	22932	177	29578	23359	0.00771847	0.59156	0.98172
13	56200000	56250000	23578	180	26108	24296	0.00763424	0.52216	0.970448
13	56250000	56300000	28401	214	27580	28720	0.00753495	0.5516	0.988893
13	56300000	56350000	28069	172	23347	28779	0.00612776	0.46694	0.975329
13	56350000	56400000	8074	50	31395	8401	0.00619272	0.6279	0.961076
13	56400000	56450000	23793	164	33968	27133	0.00689278	0.67936	0.876903
13	56450000	56500000	29117	180	30992	29524	0.00618196	0.61984	0.986215
13	56500000	56550000	26699	187	35358	27058	0.00700401	0.70716	0.986732
13	56550000	56600000	27143	163	26972	29142	0.00600523	0.53944	0.931405
13	56600000	56650000	28377	177	22184	28681	0.00623745	0.44368	0.989401
13	56650000	56700000	26179	174	30497	26597	0.00664655	0.60994	0.984284
13	56700000	56750000	29196	216	24150	30042	0.00739827	0.483	0.971839
13	56750000	56800000	28408	215	25500	29172	0.00756829	0.51	0.973811
13	56800000	56850000	26363	206	30056	26667	0.00781398	0.60112	0.9886
13	56850000	56900000	31237	205	18900	31586	0.00656273	0.378	0.988951
13	56900000	56950000	30116	197	28960	30385	0.00654137	0.5792	0.991147
13	56950000	57000000	22773	170	32248	24538	0.00746498	0.64496	0.928071
13	57000000	57050000	16968	151	32343	22169	0.0088991	0.64686	0.765393
13	57050000	57100000	23604	147	26634	26930	0.00622776	0.53268	0.876495
13	57100000	57150000	31312	162	23475	31694	0.00517374	0.4695	0.987947
13	57150000	57200000	27367	143	28681	27675	0.00522527	0.57362	0.988871
13	57200000	57250000	19974	83	37408	21289	0.0041554	0.74816	0.938231
13	57250000	57300000	33175	163	25788	33446	0.00491334	0.51576	0.991897
13	57300000	57350000	26633	125	26506	26901	0.00469343	0.53012	0.990038
13	57350000	57400000	24969	148	34163	25338	0.00592735	0.68326	0.985437
13	57400000	57450000	28862	165	20527	29129	0.00571686	0.41054	0.990834
13	57450000	57500000	28606	185	23763	29602	0.00646717	0.47526	0.966354
13	57500000	57550000	29088	129	22650	29754	0.00443482	0.453	0.977616
13	57550000	57600000	23633	162	31156	24096	0.00685482	0.62312	0.980785
13	57600000	57650000	29246	207	21067	29634	0.00707789	0.42134	0.986907
13	57650000	57700000	26194	167	31443	26539	0.00637551	0.62886	0.987
13	57700000	57750000	8547	51	19050	8856	0.00596701	0.381	0.965108
13	57750000	57800000	10648	78	25954	10788	0.00732532	0.51908	0.987023
13	57800000	57850000	26197	122	30202	26459	0.00465702	0.60404	0.990098
13	57850000	57900000	29430	165	22490	29650	0.00560652	0.4498	0.99258
13	57900000	57950000	29029	130	23775	29339	0.00447828	0.4755	0.989434
13	57950000	58000000	28402	163	27156	28731	0.00573903	0.54312	0.988549
13	58000000	58050000	26594	160	26741	26904	0.00601639	0.53482	0.988478
13	58050000	58100000	27417	129	35360	27823	0.00470511	0.7072	0.985408
13	58100000	58150000	21949	142	29277	22236	0.00646954	0.58554	0.987093
13	58150000	58200000	29941	139	19305	30215	0.00464246	0.3861	0.990932
13	58200000	58250000	32543	151	8060	32776	0.00464001	0.1612	0.992891
13	58250000	58300000	34188	149	8720	34713	0.00435825	0.1744	0.984876
13	58300000	58350000	28672	154	19445	31015	0.00537109	0.3889	0.924456
13	58350000	58400000	28680	151	30592	28894	0.00526499	0.61184	0.992594
13	58400000	58450000	27392	208	22455	27730	0.00759346	0.4491	0.987811
13	58450000	58500000	28584	166	26467	28873	0.00580744	0.52934	0.989991
13	58500000	58550000	28839	169	24806	29059	0.00586012	0.49612	0.992429
13	58550000	58600000	27679	181	24917	28001	0.00653925	0.49834	0.9885
13	58600000	58650000	31909	178	20023	32287	0.00557836	0.40046	0.988293
13	58650000	58700000	29673	193	27662	31517	0.00650423	0.55324	0.941492
13	58700000	58750000	27136	168	24117	27391	0.00619104	0.48234	0.99069
13	58750000	58800000	28028	170	31831	28449	0.00606536	0.63662	0.985202
13	58800000	58850000	27370	122	25679	27550	0.00445744	0.51358	0.993466
13	58850000	58900000	29251	119	20607	29553	0.00406824	0.41214	0.989781
13	58900000	58950000	27113	108	20713	27406	0.00398333	0.41426	0.989309
13	58950000	59000000	32125	105	21507	32613	0.00326848	0.43014	0.985037
13	59000000	59050000	26506	86	23207	31075	0.00324455	0.46414	0.852969
13	59050000	59100000	22935	142	26718	23163	0.00619141	0.53436	0.990157
13	59100000	59150000	25392	156	27350	25610	0.00614367	0.547	0.991488
13	59150000	59200000	31161	167	19147	32331	0.00535926	0.38294	0.963812
13	59200000	59250000	28961	135	19180	29567	0.00466144	0.3836	0.979504
13	59250000	59300000	22430	112	34342	24976	0.00499331	0.68684	0.898062
13	59300000	59350000	30090	188	20458	31251	0.00624792	0.40916	0.962849
13	59350000	59400000	26351	140	24805	26616	0.00531289	0.4961	0.990044
13	59400000	59450000	25935	188	30239	26151	0.00724889	0.60478	0.99174
13	59450000	59500000	33286	187	18838	33718	0.00561798	0.37676	0.987188
13	59500000	59550000	29917	145	21212	30525	0.00484674	0.42424	0.980082
13	59550000	59600000	28091	140	20750	28355	0.0049838	0.415	0.990689
13	59600000	59650000	28138	143	21134	28369	0.0050821	0.42268	0.991857
13	59650000	59700000	31617	143	22416	31878	0.00452288	0.44832	0.991813
13	59700000	59750000	30330	136	22788	30724	0.00448401	0.45576	0.987176
13	59750000	59800000	31216	206	22901	31464	0.00659918	0.45802	0.992118
13	59800000	59850000	33600	223	19900	33842	0.0066369	0.398	0.992849
13	59850000	59900000	25951	141	26700	26275	0.00543332	0.534	0.987669
13	59900000	59950000	31378	197	19708	31996	0.00627828	0.39416	0.980685
13	59950000	60000000	23994	147	30400	24265	0.00612653	0.608	0.988832
13	60000000	60050000	25160	154	27614	26014	0.00612083	0.55228	0.967172
13	60050000	60100000	29421	192	21685	29856	0.00652595	0.4337	0.98543
13	60100000	60150000	23736	132	33931	23945	0.00556117	0.67862	0.991272
13	60150000	60200000	23717	140	35346	24024	0.00590294	0.70692	0.987221
13	60200000	60250000	32369	184	20347	33160	0.00568445	0.40694	0.976146
13	60250000	60300000	33799	128	15712	34053	0.00378709	0.31424	0.992541
13	60300000	60350000	30005	145	15608	30593	0.00483253	0.31216	0.98078
13	60350000	60400000	31299	190	20810	32586	0.00607048	0.4162	0.960505
13	60400000	60450000	29530	197	21674	29762	0.00667118	0.43348	0.992205
13	60450000	60500000	32522	131	20349	32723	0.00402804	0.40698	0.993858
13	60500000	60550000	30676	125	18761	31105	0.00407485	0.37522	0.986208
13	60550000	60600000	31198	116	20428	31557	0.00371819	0.40856	0.988624
13	60600000	60650000	26478	114	27021	27156	0.00430546	0.54042	0.975033
13	60650000	60700000	32864	145	19581	33094	0.00441212	0.39162	0.99305
13	60700000	60750000	30889	133	19135	31359	0.00430574	0.3827	0.985012
13	60750000	60800000	27638	167	25555	27879	0.00604241	0.5111	0.991356
13	60800000	60850000	22793	116	34384	23208	0.00508928	0.68768	0.982118
13	60850000	60900000	23910	120	23484	26656	0.00501882	0.46968	0.896984
13	60900000	60950000	30104	196	24088	30386	0.00651076	0.48176	0.990719
13	60950000	61000000	26349	163	25525	26548	0.00618619	0.5105	0.992504
13	61000000	61050000	27441	119	22348	27774	0.00433658	0.44696	0.98801
13	61050000	61100000	19237	104	32613	19608	0.00540625	0.65226	0.981079
13	61100000	61150000	29132	132	15498	29432	0.0045311	0.30996	0.989807
13	61150000	61200000	16229	123	24665	28028	0.00757903	0.4933	0.579028
13	61200000	61250000	22747	153	37443	24274	0.00672616	0.74886	0.937093
13	61250000	61300000	27601	186	23249	27923	0.00673889	0.46498	0.988468
13	61300000	61350000	21339	149	29744	24235	0.00698252	0.59488	0.880503
13	61350000	61400000	24241	174	29848	24673	0.00717792	0.59696	0.982491
13	61400000	61450000	23224	130	32366	23449	0.00559766	0.64732	0.990405
13	61450000	61500000	30102	193	22967	30390	0.00641153	0.45934	0.990523
13	61500000	61550000	28015	203	28446	28306	0.00724612	0.56892	0.989719
13	61550000	61600000	24262	146	29843	24905	0.00601764	0.59686	0.974182
13	61600000	61650000	31039	173	24451	31892	0.00557363	0.48902	0.973253
13	61650000	61700000	21053	162	35871	21264	0.00769487	0.71742	0.990077
13	61700000	61750000	28838	146	22099	30678	0.00506276	0.44198	0.940022
13	61750000	61800000	24244	158	23808	24641	0.00651708	0.47616	0.983889
13	61800000	61850000	22818	138	33610	24279	0.00604786	0.6722	0.939825
13	61850000	61900000	24815	168	38327	25084	0.0067701	0.76654	0.989276
13	61900000	61950000	24190	130	27098	24435	0.00537412	0.54196	0.989973
13	61950000	62000000	31539	170	14261	33234	0.00539015	0.28522	0.948998
13	62000000	62050000	30546	214	22993	30851	0.00700583	0.45986	0.990114
13	62050000	62100000	21258	130	22598	29564	0.00611534	0.45196	0.71905
13	62100000	62150000	29471	187	26046	30066	0.00634522	0.52092	0.98021
13	62150000	62200000	27675	195	29658	28276	0.00704607	0.59316	0.978745
13	62200000	62250000	22058	156	35868	22291	0.00707226	0.71736	0.989547
13	62250000	62300000	26909	161	34226	27168	0.00598313	0.68452	0.990467
13	62300000	62350000	28161	136	30210	28457	0.00482937	0.6042	0.989598
13	62350000	62400000	28325	183	26430	28966	0.00646072	0.5286	0.977871
13	62400000	62450000	2593	21	23058	28949	0.00809873	0.46116	0.0895713
13	62450000	62500000	0	0	28952	30249		0.57904	0
13	62500000	62550000	27215	291	27423	28167	0.0106926	0.54846	0.966202
13	62550000	62600000	33960	232	23929	34453	0.00683157	0.47858	0.985691
13	62600000	62650000	28868	177	17748	29238	0.00613136	0.35496	0.987345
13	62650000	62700000	28051	280	21774	28537	0.00998182	0.43548	0.982969
13	62700000	62750000	14644	84	40274	19903	0.00573614	0.80548	0.735768
13	62750000	62800000	27586	157	23285	27860	0.00569129	0.4657	0.990165
13	62800000	62850000	28514	159	28178	28784	0.00557621	0.56356	0.99062
13	62850000	62900000	29386	259	20881	29833	0.00881372	0.41762	0.985017
13	62900000	62950000	28256	200	23101	29918	0.00707814	0.46202	0.944448
13	62950000	63000000	26841	207	19839	29375	0.00771208	0.39678	0.913736
13	63000000	63050000	31325	218	20182	31731	0.0069593	0.40364	0.987205
13	63050000	63100000	30644	195	23893	31088	0.0063634	0.47786	0.985718
13	63100000	63150000	32091	195	22040	32421	0.00607647	0.4408	0.989821
13	63150000	63200000	27258	187	25212	27593	0.00686037	0.50424	0.987859
13	63200000	63250000	29401	217	26253	30494	0.0073807	0.52506	0.964157
13	63250000	63300000	30936	219	18832	31882	0.00707913	0.37664	0.970328
13	63300000	63350000	25893	154	32140	26517	0.00594755	0.6428	0.976468
13	63350000	63400000	26304	163	26159	30478	0.00619678	0.52318	0.863049
13	63400000	63450000	32229	146	20341	32516	0.00453008	0.40682	0.991174
13	63450000	63500000	28270	219	29363	28557	0.00774673	0.58726	0.98995
13	63500000	63550000	11101	169	27664	12241	0.0152239	0.55328	0.90687
13	63550000	63600000	15834	173	35013	23403	0.0109259	0.70026	0.67658
13	63600000	63650000	14016	216	19042	14310	0.015411	0.38084	0.979455
13	63650000	63700000	28793	131	24256	30810	0.00454972	0.48512	0.934534
13	63700000	63750000	31112	177	26222	31366	0.00568912	0.52444	0.991902
13	63750000	63800000	24241	106	31355	24439	0.00437276	0.6271	0.991898
13	63800000	63850000	24614	171	28861	27718	0.00694727	0.57722	0.888015
13	63850000	63900000	26313	181	28213	27576	0.00687873	0.56426	0.954199
13	63900000	63950000	20694	98	28655	26711	0.00473567	0.5731	0.774737
13	63950000	64000000	27281	158	23900	28837	0.00579158	0.478	0.946042
13	64000000	64050000	23456	132	29998	25311	0.00562756	0.59996	0.926712
13	64050000	64100000	27745	189	27194	28352	0.00681204	0.54388	0.978591
13	64100000	64150000	24876	172	26466	27218	0.00691429	0.52932	0.913954
13	64150000	64200000	27666	179	25610	28534	0.00647004	0.5122	0.96958
13	64200000	64250000	31980	197	20751	32424	0.0061601	0.41502	0.986306
13	64250000	64300000	13154	66	25325	22964	0.00501749	0.5065	0.57281
13	64300000	64350000	11166	44	23779	11329	0.00394053	0.47558	0.985612
13	64350000	64400000	316	19	29299	323	0.0601266	0.58598	0.978328
13	64400000	64450000	17892	76	30616	18873	0.00424771	0.61232	0.948021
13	64450000	64500000	28332	180	27371	31523	0.00635324	0.54742	0.898772
13	64500000	64550000	29767	201	23530	30540	0.00675244	0.4706	0.974689
13	64550000	64600000	32029	212	18230	32359	0.006619	0.3646	0.989802
13	64600000	64650000	30067	127	20070	30783	0.0042239	0.4014	0.97674
13	64650000	64700000	19308	119	24814	24174	0.00616325	0.49628	0.798709
13	64700000	64750000	25706	189	30316	26416	0.00735237	0.60632	0.973122
13	64750000	64800000	25855	130	25850	26833	0.00502804	0.517	0.963552
13	64800000	64850000	26960	117	29854	27946	0.00433976	0.59708	0.964718
13	64850000	64900000	29119	215	27985	29449	0.0073835	0.5597	0.988794
13	64900000	64950000	27228	199	26825	27474	0.00730865	0.5365	0.991046
13	64950000	65000000	31942	234	23132	32237	0.00732578	0.46264	0.990849
13	65000000	65050000	33848	185	13920	34215	0.00546561	0.2784	0.989274
13	65050000	65100000	28432	199	24049	28752	0.00699916	0.48098	0.98887
13	65100000	65150000	28311	208	30354	29319	0.00734697	0.60708	0.96562
13	65150000	65200000	27901	135	22873	28180	0.00483854	0.45746	0.990099
13	65200000	65250000	29235	186	29954	30904	0.00636224	0.59908	0.945994
13	65250000	65300000	24815	160	28196	25114	0.00644771	0.56392	0.988094
13	65300000	65350000	25652	173	31940	25902	0.00674411	0.6388	0.990348
13	65350000	65400000	30264	207	24984	30623	0.00683981	0.49968	0.988277
13	65400000	65450000	22946	171	32398	24099	0.00745228	0.64796	0.952156
13	65450000	65500000	27768	198	29211	28235	0.00713051	0.58422	0.98346
13	65500000	65550000	27770	208	28944	28051	0.0074901	0.57888	0.989983
13	65550000	65600000	25066	149	28031	25931	0.00594431	0.56062	0.966642
13	65600000	65650000	27852	188	29172	28315	0.00674996	0.58344	0.983648
13	65650000	65700000	27033	184	23095	27319	0.0068065	0.4619	0.989531
13	65700000	65750000	29541	190	22781	30413	0.00643174	0.45562	0.971328
13	65750000	65800000	25283	128	28089	25739	0.00506269	0.56178	0.982284
13	65800000	65850000	27662	215	27134	27937	0.0077724	0.54268	0.990156
13	65850000	65900000	24696	246	26664	26529	0.00996113	0.53328	0.930906
13	65900000	65950000	27144	174	28823	27632	0.00641026	0.57646	0.982339
13	65950000	66000000	28960	211	25892	29486	0.00728591	0.51784	0.982161
13	66000000	66050000	17953	144	30752	18173	0.00802094	0.61504	0.987894
13	66050000	66100000	29194	135	25869	30097	0.00462424	0.51738	0.969997
13	66100000	66150000	26643	191	31022	27573	0.00716886	0.62044	0.966271
13	66150000	66200000	27301	195	28099	27679	0.0071426	0.56198	0.986343
13	66200000	66250000	29622	182	28473	29903	0.00614408	0.56946	0.990603
13	66250000	66300000	29324	232	21583	29988	0.00791161	0.43166	0.977858
13	66300000	66350000	27031	232	33487	27319	0.00858274	0.66974	0.989458
13	66350000	66400000	28566	204	20986	28918	0.00714136	0.41972	0.987828
13	66400000	66450000	32571	240	18312	33000	0.00736852	0.36624	0.987
13	66450000	66500000	29049	155	25432	30060	0.00533581	0.50864	0.966367
13	66500000	66550000	29508	189	22966	29923	0.00640504	0.45932	0.986131
13	66550000	66600000	25765	137	29287	26661	0.00531729	0.58574	0.966393
13	66600000	66650000	29358	189	22500	30405	0.00643777	0.45	0.965565
13	66650000	66700000	32093	178	18200	33102	0.00554638	0.364	0.969518
13	66700000	66750000	28074	155	18788	28668	0.00552112	0.37576	0.97928
13	66750000	66800000	25395	201	29494	25666	0.00791494	0.58988	0.989441
13	66800000	66850000	23161	169	27748	23411	0.00729675	0.55496	0.989321
13	66850000	66900000	29360	200	20590	30059	0.00681199	0.4118	0.976746
13	66900000	66950000	33801	218	11719	34169	0.00644951	0.23438	0.98923
13	66950000	67000000	27863	161	15776	28710	0.00577827	0.31552	0.970498
13	67000000	67050000	33489	190	9804	33963	0.0056735	0.19608	0.986044
13	67050000	67100000	31082	229	17861	31371	0.00736761	0.35722	0.990788
13	67100000	67150000	29018	200	17758	29329	0.00689227	0.35516	0.989396
13	67150000	67200000	27677	156	17204	28440	0.00563645	0.34408	0.973172
13	67200000	67250000	28113	199	16772	28405	0.00707858	0.33544	0.98972
13	67250000	67300000	32580	220	14174	32920	0.00675261	0.28348	0.989672
13	67300000	67350000	27321	225	22903	27603	0.00823542	0.45806	0.989784
13	67350000	67400000	26448	195	16979	29295	0.00737296	0.33958	0.902816
13	67400000	67450000	32276	193	12260	32648	0.00597968	0.2452	0.988606
13	67450000	67500000	33991	184	7832	34326	0.0054132	0.15664	0.990241
13	67500000	67550000	31245	183	15988	31540	0.00585694	0.31976	0.990647
13	67550000	67600000	32260	220	13370	32560	0.00681959	0.2674	0.990786
13	67600000	67650000	31077	164	14271	31388	0.00527721	0.28542	0.990092
13	67650000	67700000	33454	197	12374	33754	0.00588868	0.24748	0.991112
13	67700000	67750000	32064	177	11443	32401	0.00552021	0.22886	0.989599
13	67750000	67800000	33783	212	8170	34197	0.00627535	0.1634	0.987894
13	67800000	67850000	32320	190	12167	32642	0.00587871	0.24334	0.990135
13	67850000	67900000	31493	225	24586	31845	0.00714444	0.49172	0.988946
13	67900000	67950000	27802	146	20649	28072	0.00525142	0.41298	0.990382
13	67950000	68000000	24435	165	25437	24652	0.00675261	0.50874	0.991197
13	68000000	68050000	24852	151	28520	25711	0.00607597	0.5704	0.96659
13	68050000	68100000	30984	173	24526	31661	0.00558353	0.49052	0.978617
13	68100000	68150000	29898	251	26036	30492	0.00839521	0.52072	0.980519
13	68150000	68200000	22274	164	27561	22910	0.00736284	0.55122	0.972239
13	68200000	68250000	31704	237	21244	32018	0.0074754	0.42488	0.990193
13	68250000	68300000	20360	96	33643	21197	0.00471513	0.67286	0.960513
13	68300000	68350000	31222	209	25510	31592	0.006694	0.5102	0.988288
13	68350000	68400000	27757	225	21434	31104	0.00810606	0.42868	0.892393
13	68400000	68450000	25384	209	31480	26110	0.00823353	0.6296	0.972195
13	68450000	68500000	19385	131	30451	19591	0.0067578	0.60902	0.989485
13	68500000	68550000	34535	164	17133	34898	0.00474881	0.34266	0.989598
13	68550000	68600000	30745	164	25252	31013	0.0053342	0.50504	0.991358
13	68600000	68650000	33067	127	23973	33434	0.00384069	0.47946	0.989023
13	68650000	68700000	29474	206	25739	29988	0.00698921	0.51478	0.98286
13	68700000	68750000	31886	171	23124	32383	0.00536286	0.46248	0.984652
13	68750000	68800000	30038	142	22427	30349	0.00472735	0.44854	0.989753
13	68800000	68850000	29583	120	31105	29859	0.00405638	0.6221	0.990757
13	68850000	68900000	27787	120	27005	28317	0.00431857	0.5401	0.981283
13	68900000	68950000	27017	146	25255	27239	0.005404	0.5051	0.99185
13	68950000	69000000	26970	176	26801	27400	0.00652577	0.53602	0.984307
13	69000000	69050000	30919	184	24011	31202	0.00595103	0.48022	0.99093
13	69050000	69100000	28995	153	25374	29238	0.00527677	0.50748	0.991689
13	69100000	69150000	29397	152	23643	29650	0.0051706	0.47286	0.991467
13	69150000	69200000	26767	136	26176	27040	0.00508088	0.52352	0.989904
13	69200000	69250000	30696	157	18677	31023	0.00511467	0.37354	0.989459
13	69250000	69300000	29647	212	28909	30586	0.00715081	0.57818	0.9693
13	69300000	69350000	31710	245	17091	32225	0.00772627	0.34182	0.984019
13	69350000	69400000	25576	169	31801	25854	0.00660776	0.63602	0.989247
13	69400000	69450000	25617	135	29515	26961	0.00526994	0.5903	0.95015
13	69450000	69500000	23035	165	29831	25612	0.00716301	0.59662	0.899383
13	69500000	69550000	26788	233	27055	32553	0.00869792	0.5411	0.822904
13	69550000	69600000	4769	43	22906	26447	0.00901657	0.45812	0.180323
13	69600000	69650000	0	0	29123	28584		0.58246	0
13	69650000	69700000	21415	128	22125	30839	0.00597712	0.4425	0.694413
13	69700000	69750000	28522	172	25932	28832	0.00603043	0.51864	0.989248
13	69750000	69800000	28335	177	25674	28722	0.00624669	0.51348	0.986526
13	69800000	69850000	27303	192	35558	28376	0.00703219	0.71116	0.962186
13	69850000	69900000	35092	147	15165	35360	0.00418899	0.3033	0.992421
13	69900000	69950000	28101	190	28666	28970	0.00676133	0.57332	0.970003
13	69950000	70000000	26445	197	28498	26805	0.00744942	0.56996	0.98657
13	70000000	70050000	26924	204	24327	27236	0.00757688	0.48654	0.988545
13	70050000	70100000	20219	128	34420	20716	0.00633068	0.6884	0.976009
13	70100000	70150000	24449	188	27444	28302	0.00768948	0.54888	0.863861
13	70150000	70200000	30564	219	24539	30919	0.00716529	0.49078	0.988518
13	70200000	70250000	23304	185	29256	23604	0.00793855	0.58512	0.98729
13	70250000	70300000	30343	278	21724	30710	0.00916192	0.43448	0.988049
13	70300000	70350000	29933	222	25804	30641	0.00741656	0.51608	0.976894
13	70350000	70400000	23544	172	30442	24360	0.00730547	0.60884	0.966502
13	70400000	70450000	28131	197	21147	28501	0.00700295	0.42294	0.987018
13	70450000	70500000	30925	282	19426	31266	0.00911884	0.38852	0.989094
13	70500000	70550000	31872	257	20420	32440	0.0080635	0.4084	0.982491
13	70550000	70600000	28528	199	28996	28863	0.0069756	0.57992	0.988393
13	70600000	70650000	25580	198	29262	25895	0.00774042	0.58524	0.987835
13	70650000	70700000	32481	224	17316	32953	0.00689634	0.34632	0.985677
13	70700000	70750000	29121	212	21098	29494	0.00727997	0.42196	0.987353
13	70750000	70800000	25686	160	24850	25992	0.00622907	0.497	0.988227
13	70800000	70850000	30447	209	19101	30781	0.00686439	0.38202	0.989149
13	70850000	70900000	28953	207	27592	29254	0.00714952	0.55184	0.989711
13	70900000	70950000	28198	203	29496	28575	0.00719909	0.58992	0.986807
13	70950000	71000000	29473	184	17528	29813	0.006243	0.35056	0.988596
13	71000000	71050000	26768	273	28345	27485	0.0101987	0.5669	0.973913
13	71050000	71100000	26987	246	25052	27304	0.0091155	0.50104	0.98839
13	71100000	71150000	28590	192	21863	28962	0.00671563	0.43726	0.987156
13	71150000	71200000	30756	219	18715	31209	0.00712056	0.3743	0.985485
13	71200000	71250000	31325	177	19257	31739	0.00565044	0.38514	0.986956
13	71250000	71300000	30777	193	25515	31123	0.00627092	0.5103	0.988883
13	71300000	71350000	31426	243	17938	31740	0.00773245	0.35876	0.990107
13	71350000	71400000	30775	237	22992	31147	0.00770106	0.45984	0.988057
13	71400000	71450000	31137	218	26549	31482	0.00700132	0.53098	0.989041
13	71450000	71500000	30419	231	15289	30723	0.00759394	0.30578	0.990105
13	71500000	71550000	32669	222	14419	32991	0.00679543	0.28838	0.99024
13	71550000	71600000	30117	189	26140	30570	0.00627553	0.5228	0.985182
13	71600000	71650000	22058	171	37554	23558	0.00775229	0.75108	0.936327
13	71650000	71700000	30432	192	23502	31840	0.00630915	0.47004	0.955779
13	71700000	71750000	27522	162	23478	28018	0.0058862	0.46956	0.982297
13	71750000	71800000	30389	241	22694	30706	0.0079305	0.45388	0.989676
13	71800000	71850000	32746	264	19089	33081	0.00806205	0.38178	0.989873
13	71850000	71900000	29135	221	25483	30027	0.00758538	0.50966	0.970293
13	71900000	71950000	31106	207	24207	31448	0.00665466	0.48414	0.989125
13	71950000	72000000	24365	130	34255	24572	0.00533552	0.6851	0.991576
13	72000000	72050000	32127	144	14476	32381	0.00448221	0.28952	0.992156
13	72050000	72100000	31881	139	14335	32132	0.00435996	0.2867	0.992188
13	72100000	72150000	33417	186	10830	33749	0.00556603	0.2166	0.990163
13	72150000	72200000	33820	153	9066	34106	0.00452395	0.18132	0.991614
13	72200000	72250000	33124	149	12166	33357	0.00449825	0.24332	0.993015
13	72250000	72300000	31474	194	12485	31711	0.00616382	0.2497	0.992526
13	72300000	72350000	31665	128	12921	31955	0.00404232	0.25842	0.990925
13	72350000	72400000	32920	169	11428	33164	0.00513366	0.22856	0.992643
13	72400000	72450000	33090	160	6854	33362	0.0048353	0.13708	0.991847
13	72450000	72500000	30975	195	23268	31265	0.0062954	0.46536	0.990724
13	72500000	72550000	30654	220	17434	31664	0.00717688	0.34868	0.968103
13	72550000	72600000	24651	205	33977	24942	0.00831609	0.67954	0.988333
13	72600000	72650000	27703	202	30078	27915	0.00729163	0.60156	0.992406
13	72650000	72700000	28880	211	23079	29193	0.00730609	0.46158	0.989278
13	72700000	72750000	33869	198	16489	34245	0.00584605	0.32978	0.98902
13	72750000	72800000	31896	177	23496	32265	0.00554929	0.46992	0.988563
13	72800000	72850000	27372	162	23601	27953	0.00591846	0.47202	0.979215
13	72850000	72900000	33782	237	17116	34099	0.00701557	0.34232	0.990704
13	72900000	72950000	27386	154	28129	27603	0.00562331	0.56258	0.992139
13	72950000	73000000	32921	210	17486	33647	0.00637891	0.34972	0.978423
13	73000000	73050000	31510	177	18801	32067	0.00561726	0.37602	0.98263
13	73050000	73100000	32079	152	15973	32368	0.0047383	0.31946	0.991071
13	73100000	73150000	31470	176	16745	31727	0.00559263	0.3349	0.9919
13	73150000	73200000	27477	159	22262	27728	0.00578666	0.44524	0.990948
13	73200000	73250000	27641	187	23397	28004	0.00676531	0.46794	0.987038
13	73250000	73300000	25933	130	25712	26145	0.00501292	0.51424	0.991891
13	73300000	73350000	30276	98	16061	30514	0.00323689	0.32122	0.9922
13	73350000	73400000	28411	111	24980	28669	0.00390694	0.4996	0.991001
13	73400000	73450000	25186	124	26685	25486	0.00492337	0.5337	0.988229
13	73450000	73500000	22809	101	27787	23042	0.00442808	0.55574	0.989888
13	73500000	73550000	23099	79	30322	23630	0.00342006	0.60644	0.977529
13	73550000	73600000	22533	102	27472	22684	0.00452669	0.54944	0.993343
13	73600000	73650000	23742	103	19230	23953	0.0043383	0.3846	0.991191
13	73650000	73700000	20506	125	25554	20705	0.00609578	0.51108	0.990389
13	73700000	73750000	24107	124	26764	24323	0.00514373	0.53528	0.99112
13	73750000	73800000	24454	156	26387	24852	0.00637932	0.52774	0.983985
13	73800000	73850000	30330	151	22278	30576	0.00497857	0.44556	0.991954
13	73850000	73900000	28456	193	23666	29269	0.0067824	0.47332	0.972223
13	73900000	73950000	30455	173	24629	31032	0.00568051	0.49258	0.981406
13	73950000	74000000	30522	179	19853	30774	0.00586462	0.39706	0.991811
13	74000000	74050000	22852	136	26261	23056	0.00595134	0.52522	0.991152
13	74050000	74100000	31405	224	20720	31679	0.00713262	0.4144	0.991351
13	74100000	74150000	30663	157	20114	30907	0.00512018	0.40228	0.992105
13	74150000	74200000	30748	151	22718	31048	0.00491089	0.45436	0.990338
13	74200000	74250000	25477	143	28404	25699	0.00561291	0.56808	0.991362
13	74250000	74300000	31017	174	13323	31723	0.00560983	0.26646	0.977745
13	74300000	74350000	31277	205	18929	31576	0.00655434	0.37858	0.990531
13	74350000	74400000	29658	186	18249	29927	0.0062715	0.36498	0.991011
13	74400000	74450000	31504	173	16899	32130	0.00549137	0.33798	0.980517
13	74450000	74500000	32254	128	20605	32657	0.0039685	0.4121	0.98766
13	74500000	74550000	32401	171	15534	32657	0.00527761	0.31068	0.992161
13	74550000	74600000	33066	157	17310	33354	0.00474808	0.3462	0.991365
13	74600000	74650000	31715	149	18947	31964	0.00469809	0.37894	0.99221
13	74650000	74700000	29595	188	23498	29844	0.00635242	0.46996	0.991657
13	74700000	74750000	30060	178	19507	30329	0.00592149	0.39014	0.991131
13	74750000	74800000	31232	162	17185	31610	0.00518699	0.3437	0.988042
13	74800000	74850000	28787	188	23436	29074	0.00653073	0.46872	0.990129
13	74850000	74900000	32523	196	15607	32822	0.0060265	0.31214	0.99089
13	74900000	74950000	27474	178	28850	27796	0.00647885	0.577	0.988416
13	74950000	75000000	24518	166	27646	24936	0.00677054	0.55292	0.983237
13	75000000	75050000	27832	199	27574	28112	0.00715004	0.55148	0.99004
13	75050000	75100000	28213	244	28463	28536	0.0086485	0.56926	0.988681
13	75100000	75150000	29415	206	23608	29673	0.00700323	0.47216	0.991305
13	75150000	75200000	30006	183	24658	30872	0.00609878	0.49316	0.971949
13	75200000	75250000	32152	185	23065	32532	0.00575392	0.4613	0.988319
13	75250000	75300000	30770	208	19688	31045	0.00675983	0.39376	0.991142
13	75300000	75350000	31689	166	19881	32785	0.00523841	0.39762	0.96657
13	75350000	75400000	20098	137	34104	20326	0.0068166	0.68208	0.988783
13	75400000	75450000	27999	169	25480	28235	0.00603593	0.5096	0.991642
13	75450000	75500000	31993	252	23569	32477	0.00787672	0.47138	0.985097
13	75500000	75550000	18903	142	39308	21541	0.00751204	0.78616	0.877536
13	75550000	75600000	30390	144	22748	30856	0.0047384	0.45496	0.984898
13	75600000	75650000	24691	89	33533	25046	0.00360455	0.67066	0.985826
13	75650000	75700000	23493	106	31241	26351	0.00451198	0.62482	0.891541
13	75700000	75750000	32224	165	19193	32669	0.00512041	0.38386	0.986379
13	75750000	75800000	29633	194	26736	29904	0.00654676	0.53472	0.990938
13	75800000	75850000	22480	123	27842	22879	0.00547153	0.55684	0.98256
13	75850000	75900000	29698	138	16546	30104	0.00464678	0.33092	0.986513
13	75900000	75950000	30906	172	16792	31355	0.00556526	0.33584	0.98568
13	75950000	76000000	30701	205	20716	31172	0.00667731	0.41432	0.98489
13	76000000	76050000	27343	161	21300	27575	0.00588816	0.426	0.991587
13	76050000	76100000	25703	120	29452	25932	0.00466872	0.58904	0.991169
13	76100000	76150000	27103	112	25048	27357	0.00413238	0.50096	0.990715
13	76150000	76200000	26001	119	25444	26853	0.00457675	0.50888	0.968272
13	76200000	76250000	27524	100	22218	27716	0.00363319	0.44436	0.993073
13	76250000	76300000	24890	108	22258	25905	0.00433909	0.44516	0.960818
13	76300000	76350000	25850	121	22636	26031	0.00468085	0.45272	0.993047
13	76350000	76400000	32292	119	13241	32576	0.00368512	0.26482	0.991282
13	76400000	76450000	33407	169	15963	33669	0.00505882	0.31926	0.992218
13	76450000	76500000	31318	202	23203	31664	0.00644996	0.46406	0.989073
13	76500000	76550000	23667	133	26798	29648	0.00561964	0.53596	0.798266
13	76550000	76600000	30887	187	24901	31423	0.00605433	0.49802	0.982942
13	76600000	76650000	25996	181	28367	27671	0.00696261	0.56734	0.939467
13	76650000	76700000	22598	189	37496	22994	0.00836357	0.74992	0.982778
13	76700000	76750000	30946	263	18428	31290	0.00849868	0.36856	0.989006
13	76750000	76800000	29763	163	22988	30060	0.0054766	0.45976	0.99012
13	76800000	76850000	22632	138	32854	22867	0.00609756	0.65708	0.989723
13	76850000	76900000	29737	188	22402	30021	0.00632209	0.44804	0.99054
13	76900000	76950000	26890	158	28613	27150	0.00587579	0.57226	0.990424
13	76950000	77000000	29394	202	22441	30262	0.00687215	0.44882	0.971317
13	77000000	77050000	29111	233	22924	29474	0.00800385	0.45848	0.987684
13	77050000	77100000	30388	222	26527	30698	0.00730552	0.53054	0.989902
13	77100000	77150000	27259	152	25018	27536	0.00557614	0.50036	0.98994
13	77150000	77200000	24173	144	26832	24661	0.00595706	0.53664	0.980212
13	77200000	77250000	29564	159	21297	30112	0.00537816	0.42594	0.981801
13	77250000	77300000	32121	188	17103	32399	0.00585287	0.34206	0.991419
13	77300000	77350000	29013	162	25531	29792	0.0055837	0.51062	0.973852
13	77350000	77400000	29268	153	22140	29544	0.00522755	0.4428	0.990658
13	77400000	77450000	28040	121	20657	29501	0.00431526	0.41314	0.950476
13	77450000	77500000	27653	129	24234	27917	0.00466495	0.48468	0.990543
13	77500000	77550000	24669	132	27501	24894	0.00535085	0.55002	0.990962
13	77550000	77600000	26374	144	15211	26629	0.00545992	0.30422	0.990424
13	77600000	77650000	28750	98	22468	29001	0.0034087	0.44936	0.991345
13	77650000	77700000	32278	191	13668	32516	0.00591734	0.27336	0.992681
13	77700000	77750000	31376	159	17290	31550	0.00506757	0.3458	0.994485
13	77750000	77800000	29570	156	22822	29776	0.00527562	0.45644	0.993082
13	77800000	77850000	29883	150	19514	30143	0.00501958	0.39028	0.991374
13	77850000	77900000	28772	147	29673	29026	0.00510913	0.59346	0.991249
13	77900000	77950000	27513	189	29045	27850	0.00686948	0.5809	0.987899
13	77950000	78000000	29462	212	22928	29703	0.00719571	0.45856	0.991886
13	78000000	78050000	19541	142	25032	25073	0.00726677	0.50064	0.779364
13	78050000	78100000	23712	118	23017	29367	0.00497638	0.46034	0.807437
13	78100000	78150000	31525	200	19245	31922	0.00634417	0.3849	0.987563
13	78150000	78200000	32356	123	15525	32973	0.00380146	0.3105	0.981288
13	78200000	78250000	23146	110	26204	23386	0.00475244	0.52408	0.989737
13	78250000	78300000	20554	69	32097	22178	0.00335701	0.64194	0.926774
13	78300000	78350000	23090	102	22029	31273	0.0044175	0.44058	0.738337
13	78350000	78400000	26116	127	26264	29334	0.00486292	0.52528	0.890298
13	78400000	78450000	31052	153	21333	31292	0.00492722	0.42666	0.99233
13	78450000	78500000	33023	197	16152	33289	0.00596554	0.32304	0.992009
13	78500000	78550000	19208	126	30882	19615	0.00655977	0.61764	0.979251
13	78550000	78600000	24531	125	26724	27905	0.00509559	0.53448	0.87909
13	78600000	78650000	26967	189	26771	27190	0.00700857	0.53542	0.991798
13	78650000	78700000	24032	170	32248	24272	0.0070739	0.64496	0.990112
13	78700000	78750000	27706	166	20006	30177	0.00599148	0.40012	0.918116
13	78750000	78800000	32779	202	18498	33105	0.00616248	0.36996	0.990153
13	78800000	78850000	34287	211	17077	34588	0.00615394	0.34154	0.991298
13	78850000	78900000	32016	137	13119	32234	0.00427911	0.26238	0.993237
13	78900000	78950000	32865	157	19985	33121	0.00477712	0.3997	0.992271
13	78950000	79000000	32423	119	19860	32700	0.00367023	0.3972	0.991529
13	79000000	79050000	27463	129	21140	27655	0.00469723	0.4228	0.993057
13	79050000	79100000	27056	134	22583	27259	0.00495269	0.45166	0.992553
13	79100000	79150000	28254	120	23617	29027	0.00424719	0.47234	0.97337
13	79150000	79200000	32773	145	5754	33074	0.00442437	0.11508	0.990899
13	79200000	79250000	26778	112	22561	27416	0.00418254	0.45122	0.976729
13	79250000	79300000	29307	151	22760	29627	0.00515235	0.4552	0.989199
13	79300000	79350000	32275	161	22163	32572	0.00498838	0.44326	0.990882
13	79350000	79400000	28182	177	21669	29613	0.0062806	0.43338	0.951677
13	79400000	79450000	27656	198	22863	27963	0.00715939	0.45726	0.989021
13	79450000	79500000	28894	236	26463	29205	0.00816779	0.52926	0.989351
13	79500000	79550000	28231	152	28472	28909	0.00538415	0.56944	0.976547
13	79550000	79600000	28916	169	18202	30360	0.00584452	0.36404	0.952437
13	79600000	79650000	31243	184	20751	31545	0.00588932	0.41502	0.990426
13	79650000	79700000	23054	176	29306	23535	0.00763425	0.58612	0.979562
13	79700000	79750000	27637	167	28651	27895	0.00604262	0.57302	0.990751
13	79750000	79800000	30373	176	26343	30774	0.00579462	0.52686	0.98697
13	79800000	79850000	29646	131	21922	30308	0.00441881	0.43844	0.978158
13	79850000	79900000	24815	136	21543	25342	0.00548056	0.43086	0.979204
13	79900000	79950000	29759	135	18751	30328	0.00453644	0.37502	0.981238
13	79950000	80000000	28571	113	25707	28919	0.00395506	0.51414	0.987966
13	80000000	80050000	27080	115	31786	27297	0.00424668	0.63572	0.99205
13	80050000	80100000	29683	158	27297	30042	0.00532291	0.54594	0.98805
13	80100000	80150000	26270	153	21502	26771	0.00582413	0.43004	0.981286
13	80150000	80200000	21482	133	32122	21766	0.00619123	0.64244	0.986952
13	80200000	80250000	31428	133	22221	31721	0.0042319	0.44442	0.990763
13	80250000	80300000	29131	153	30174	30562	0.00525214	0.60348	0.953177
13	80300000	80350000	24261	116	29730	24491	0.00478134	0.5946	0.990609
13	80350000	80400000	26471	165	25707	26719	0.00623324	0.51414	0.990718
13	80400000	80450000	25753	149	25535	26012	0.00578573	0.5107	0.990043
13	80450000	80500000	26206	130	24857	26429	0.0049607	0.49714	0.991562
13	80500000	80550000	18645	120	31627	20428	0.00643604	0.63254	0.912718
13	80550000	80600000	26916	181	29079	27538	0.00672462	0.58158	0.977413
13	80600000	80650000	28979	140	20323	29191	0.00483108	0.40646	0.992737
13	80650000	80700000	27183	146	23931	27444	0.005371	0.47862	0.99049
13	80700000	80750000	27096	113	24813	27289	0.00417036	0.49626	0.992928
13	80750000	80800000	23124	107	27757	23399	0.00462723	0.55514	0.988247
13	80800000	80850000	23797	131	27587	24515	0.0055049	0.55174	0.970712
13	80850000	80900000	22422	106	31871	22619	0.0047275	0.63742	0.991291
13	80900000	80950000	23370	115	19192	24089	0.00492084	0.38384	0.970152
13	80950000	81000000	21363	135	39448	21907	0.00631934	0.78896	0.975168
13	81000000	81050000	25661	161	27197	26857	0.00627411	0.54394	0.955468
13	81050000	81100000	26318	138	27379	26811	0.00524356	0.54758	0.981612
13	81100000	81150000	28564	141	19218	28834	0.00493628	0.38436	0.990636
13	81150000	81200000	27204	149	22552	28248	0.00547714	0.45104	0.963042
13	81200000	81250000	25037	102	30986	25319	0.00407397	0.61972	0.988862
13	81250000	81300000	20004	100	30539	20199	0.004999	0.61078	0.990346
13	81300000	81350000	29991	166	16280	30247	0.00553499	0.3256	0.991536
13	81350000	81400000	29497	171	24363	29852	0.0057972	0.48726	0.988108
13	81400000	81450000	26261	193	33487	26482	0.0073493	0.66974	0.991655
13	81450000	81500000	29572	130	18555	29817	0.00439605	0.3711	0.991783
13	81500000	81550000	30338	160	25564	30603	0.00527391	0.51128	0.991341
13	81550000	81600000	19274	163	37931	20501	0.00845699	0.75862	0.940149
13	81600000	81650000	22867	160	31174	24088	0.00699698	0.62348	0.949311
13	81650000	81700000	27958	165	23858	28747	0.00590171	0.47716	0.972554
13	81700000	81750000	28206	192	23195	28516	0.00680706	0.4639	0.989129
13	81750000	81800000	28526	193	25379	29164	0.00676576	0.50758	0.978124
13	81800000	81850000	29977	211	20638	30771	0.00703873	0.41276	0.974196
13	81850000	81900000	26987	169	22427	30966	0.00626227	0.44854	0.871504
13	81900000	81950000	26251	122	22409	26999	0.00464744	0.44818	0.972295
13	81950000	82000000	29758	172	26061	30132	0.00577996	0.52122	0.987588
13	82000000	82050000	20334	159	26225	25822	0.00781942	0.5245	0.787468
13	82050000	82100000	27003	140	26042	28143	0.00518461	0.52084	0.959493
13	82100000	82150000	26417	127	27698	26675	0.00480751	0.55396	0.990328
13	82150000	82200000	31835	184	18379	32440	0.0057798	0.36758	0.98135
13	82200000	82250000	28857	168	26944	29225	0.00582181	0.53888	0.987408
13	82250000	82300000	27052	126	23207	27467	0.0046577	0.46414	0.984891
13	82300000	82350000	22377	113	27199	22631	0.00504983	0.54398	0.988776
13	82350000	82400000	28450	139	29666	28695	0.00488576	0.59332	0.991462
13	82400000	82450000	21785	145	28013	23694	0.00665596	0.56026	0.919431
13	82450000	82500000	27391	213	28135	27867	0.00777628	0.5627	0.982919
13	82500000	82550000	29696	199	26027	30369	0.00670124	0.52054	0.977839
13	82550000	82600000	31418	236	23628	32198	0.00751162	0.47256	0.975775
13	82600000	82650000	23159	168	34825	23365	0.0072542	0.6965	0.991183
13	82650000	82700000	24535	184	25300	26572	0.00749949	0.506	0.92334
13	82700000	82750000	26092	143	27889	26695	0.00548061	0.55778	0.977412
13	82750000	82800000	29568	140	26434	30247	0.00473485	0.52868	0.977551
13	82800000	82850000	25826	173	22873	26239	0.00669868	0.45746	0.98426
13	82850000	82900000	28047	197	36249	28298	0.00702392	0.72498	0.99113
13	82900000	82950000	20336	160	32415	30336	0.00786782	0.6483	0.670359
13	82950000	83000000	24710	148	31713	24930	0.00598948	0.63426	0.991175
13	83000000	83050000	25465	175	33173	25785	0.00687218	0.66346	0.98759
13	83050000	83100000	30267	207	22480	30589	0.00683913	0.4496	0.989473
13	83100000	83150000	27349	200	27295	27833	0.00731288	0.5459	0.982611
13	83150000	83200000	27174	207	28923	28833	0.00761758	0.57846	0.942462
13	83200000	83250000	30570	216	23027	30968	0.00706575	0.46054	0.987148
13	83250000	83300000	29028	283	26965	29725	0.00974921	0.5393	0.976552
13	83300000	83350000	28482	278	29851	28786	0.00976055	0.59702	0.989439
13	83350000	83400000	25165	148	30075	25762	0.00588118	0.6015	0.976826
13	83400000	83450000	30133	170	22883	30416	0.00564166	0.45766	0.990696
13	83450000	83500000	28819	214	28304	29442	0.00742566	0.56608	0.97884
13	83500000	83550000	24279	144	25416	24800	0.00593105	0.50832	0.978992
13	83550000	83600000	31482	203	25621	31798	0.00644813	0.51242	0.990062
13	83600000	83650000	30301	221	23884	30821	0.00729349	0.47768	0.983128
13	83650000	83700000	28972	200	28586	29284	0.00690322	0.57172	0.989346
13	83700000	83750000	27364	161	23179	27655	0.00588364	0.46358	0.989477
13	83750000	83800000	29013	216	25499	31155	0.00744494	0.50998	0.931247
13	83800000	83850000	21417	166	30663	28354	0.00775085	0.61326	0.755343
13	83850000	83900000	27399	249	23969	28283	0.00908792	0.47938	0.968744
13	83900000	83950000	26397	252	31786	27138	0.00954654	0.63572	0.972695
13	83950000	84000000	27854	217	24212	28608	0.00779062	0.48424	0.973644
13	84000000	84050000	26996	250	31346	27334	0.00926063	0.62692	0.987634
13	84050000	84100000	31431	209	18122	31773	0.00664949	0.36244	0.989236
13	84100000	84150000	29283	153	23694	29670	0.00522487	0.47388	0.986957
13	84150000	84200000	24341	122	33653	26317	0.00501212	0.67306	0.924915
13	84200000	84250000	28614	143	27638	28860	0.00499755	0.55276	0.991476
13	84250000	84300000	32581	160	18828	33161	0.00491084	0.37656	0.98251
13	84300000	84350000	26089	122	25693	26402	0.0046763	0.51386	0.988145
13	84350000	84400000	31683	180	22910	31927	0.00568128	0.4582	0.992358
13	84400000	84450000	31819	196	15580	32094	0.00615984	0.3116	0.991431
13	84450000	84500000	26601	139	19724	26803	0.00522537	0.39448	0.992464
13	84500000	84550000	25398	155	29682	25615	0.00610284	0.59364	0.991528
13	84550000	84600000	29647	152	23180	29922	0.00512699	0.4636	0.990809
13	84600000	84650000	29258	155	21346	29556	0.0052977	0.42692	0.989917
13	84650000	84700000	29609	151	18191	29838	0.0050998	0.36382	0.992325
13	84700000	84750000	26972	169	29420	27206	0.00626576	0.5884	0.991399
13	84750000	84800000	30063	221	24919	30338	0.00735123	0.49838	0.990935
13	84800000	84850000	26935	178	26921	29093	0.0066085	0.53842	0.925824
13	84850000	84900000	30109	168	28392	30400	0.00557973	0.56784	0.990428
13	84900000	84950000	30631	173	21315	30930	0.00564787	0.4263	0.990333
13	84950000	85000000	25320	154	31739	25547	0.00608215	0.63478	0.991114
13	85000000	85050000	24483	155	32679	24766	0.00633092	0.65358	0.988573
13	85050000	85100000	26176	175	21737	28178	0.00668551	0.43474	0.928952
13	85100000	85150000	30899	215	21422	31204	0.00695815	0.42844	0.990226
13	85150000	85200000	28441	200	24089	29721	0.0070321	0.48178	0.956933
13	85200000	85250000	30979	194	22558	31326	0.00626231	0.45116	0.988923
13	85250000	85300000	26975	180	27381	27415	0.00667285	0.54762	0.98395
13	85300000	85350000	29300	145	21044	30170	0.00494881	0.42088	0.971163
13	85350000	85400000	28723	164	25096	29113	0.00570971	0.50192	0.986604
13	85400000	85450000	23871	192	28983	24423	0.00804323	0.57966	0.977398
13	85450000	85500000	21561	145	31385	25475	0.00672511	0.6277	0.846359
13	85500000	85550000	29608	206	24454	29903	0.00695758	0.48908	0.990135
13	85550000	85600000	27340	191	21416	32344	0.0069861	0.42832	0.845288
13	85600000	85650000	27561	221	24215	28632	0.00801858	0.4843	0.962594
13	85650000	85700000	26161	167	31617	26426	0.00638355	0.63234	0.989972
13	85700000	85750000	25521	191	25440	26675	0.00748403	0.5088	0.956739
13	85750000	85800000	23664	179	28159	23969	0.00756423	0.56318	0.987275
13	85800000	85850000	23889	147	23409	25967	0.00615346	0.46818	0.919975
13	85850000	85900000	29027	205	18493	29953	0.00706239	0.36986	0.969085
13	85900000	85950000	27045	201	24617	27764	0.00743206	0.49234	0.974103
13	85950000	86000000	28882	202	24112	29213	0.00699398	0.48224	0.988669
13	86000000	86050000	29300	182	21330	29773	0.0062116	0.4266	0.984113
13	86050000	86100000	29410	192	20982	29742	0.00652839	0.41964	0.988837
13	86100000	86150000	31072	198	18227	31346	0.0063723	0.36454	0.991259
13	86150000	86200000	28014	195	23230	28289	0.00696081	0.4646	0.990279
13	86200000	86250000	32081	216	19877	32408	0.00673296	0.39754	0.98991
13	86250000	86300000	30298	227	17386	30636	0.00749224	0.34772	0.988967
13	86300000	86350000	29907	223	23518	30328	0.00745645	0.47036	0.986118
13	86350000	86400000	32404	195	12404	32740	0.00601778	0.24808	0.989737
13	86400000	86450000	28062	209	23959	28482	0.00744779	0.47918	0.985254
13	86450000	86500000	24766	174	28646	25021	0.00702576	0.57292	0.989809
13	86500000	86550000	28057	245	27200	28406	0.00873222	0.544	0.987714
13	86550000	86600000	28933	220	28176	29276	0.00760377	0.56352	0.988284
13	86600000	86650000	27501	184	30537	27821	0.00669067	0.61074	0.988498
13	86650000	86700000	27091	166	27448	27914	0.0061275	0.54896	0.970517
13	86700000	86750000	27078	152	26707	27878	0.00561341	0.53414	0.971304
13	86750000	86800000	4900	34	9347	4954	0.00693878	0.18694	0.9891
13	86800000	86850000	0	0	0	0		0	
13	86850000	86900000	0	0	0	0		0	
13	86900000	86950000	19428	130	17664	19665	0.00669137	0.35328	0.987948
13	86950000	87000000	27075	162	25408	27568	0.00598338	0.50816	0.982117
13	87000000	87050000	24371	172	29272	24693	0.00705757	0.58544	0.98696
13	87050000	87100000	27889	185	25070	28128	0.00663344	0.5014	0.991503
13	87100000	87150000	30653	197	20159	30976	0.00642678	0.40318	0.989573
13	87150000	87200000	25242	152	34385	25473	0.00602171	0.6877	0.990932
13	87200000	87250000	27459	182	26564	28058	0.00662806	0.53128	0.978651
13	87250000	87300000	28397	174	19011	28658	0.00612741	0.38022	0.990893
13	87300000	87350000	25062	157	28322	25445	0.00626446	0.56644	0.984948
13	87350000	87400000	26457	177	34293	27059	0.0066901	0.68586	0.977752
13	87400000	87450000	20605	112	28885	24432	0.00543557	0.5777	0.843361
13	87450000	87500000	26294	138	32813	26523	0.00524835	0.65626	0.991366
13	87500000	87550000	26822	141	29336	27043	0.00525688	0.58672	0.991828
13	87550000	87600000	28196	190	23853	28488	0.00673854	0.47706	0.98975
13	87600000	87650000	27995	167	26716	28314	0.00596535	0.53432	0.988733
13	87650000	87700000	27448	223	30052	27754	0.00812445	0.60104	0.988975
13	87700000	87750000	30407	222	19368	30806	0.00730095	0.38736	0.987048
13	87750000	87800000	30067	246	20851	30450	0.00818173	0.41702	0.987422
13	87800000	87850000	25445	209	25899	26533	0.00821379	0.51798	0.958994
13	87850000	87900000	24269	154	32727	26441	0.00634554	0.65454	0.917855
13	87900000	87950000	28770	164	23687	30774	0.00570038	0.47374	0.93488
13	87950000	88000000	24484	173	32231	24815	0.00706584	0.64462	0.986661
13	88000000	88050000	27067	173	27125	27367	0.00639155	0.5425	0.989038
13	88050000	88100000	26149	183	26770	27019	0.00699836	0.5354	0.9678
13	88100000	88150000	30733	194	27186	31287	0.00631243	0.54372	0.982293
13	88150000	88200000	29422	206	23046	29688	0.00700156	0.46092	0.99104
13	88200000	88250000	28156	162	27139	28438	0.00575366	0.54278	0.990084
13	88250000	88300000	28956	194	24526	29340	0.00669982	0.49052	0.986912
13	88300000	88350000	31507	160	9140	32253	0.00507824	0.1828	0.97687
13	88350000	88400000	32039	160	19238	32339	0.00499391	0.38476	0.990723
13	88400000	88450000	29564	181	22316	29851	0.00612231	0.44632	0.990386
13	88450000	88500000	32773	257	19500	33303	0.00784182	0.39	0.984086
13	88500000	88550000	31209	171	21940	31592	0.00547919	0.4388	0.987877
13	88550000	88600000	30605	221	22296	30992	0.00722104	0.44592	0.987513
13	88600000	88650000	29577	264	25440	30226	0.00892585	0.5088	0.978528
13	88650000	88700000	28945	275	27254	29338	0.00950078	0.54508	0.986604
13	88700000	88750000	30356	284	23446	30901	0.00935565	0.46892	0.982363
13	88750000	88800000	29490	221	25729	29797	0.00749407	0.51458	0.989697
13	88800000	88850000	29463	239	31734	29790	0.00811187	0.63468	0.989023
13	88850000	88900000	29900	189	21936	31165	0.00632107	0.43872	0.95941
13	88900000	88950000	26387	162	29050	26668	0.00613939	0.581	0.989463
13	88950000	89000000	29138	291	21549	29647	0.00998696	0.43098	0.982831
13	89000000	89050000	27799	124	31445	28101	0.00446059	0.6289	0.989253
13	89050000	89100000	26562	182	28964	28630	0.00685189	0.57928	0.927768
13	89100000	89150000	29376	159	24841	30434	0.00541258	0.49682	0.965236
13	89150000	89200000	23636	171	31532	23892	0.00723473	0.63064	0.989285
13	89200000	89250000	30485	191	27194	30968	0.00626538	0.54388	0.984403
13	89250000	89300000	25973	179	27589	27572	0.00689177	0.55178	0.942006
13	89300000	89350000	26138	190	33137	26691	0.00726911	0.66274	0.979281
13	89350000	89400000	29037	206	25365	29371	0.0070944	0.5073	0.988628
13	89400000	89450000	30031	153	27288	30490	0.00509474	0.54576	0.984946
13	89450000	89500000	25193	182	31381	25616	0.00722423	0.62762	0.983487
13	89500000	89550000	30137	120	29974	30431	0.00398182	0.59948	0.990339
13	89550000	89600000	30598	217	24440	31199	0.00709197	0.4888	0.980737
13	89600000	89650000	27700	119	31838	28443	0.00429603	0.63676	0.973878
13	89650000	89700000	26263	167	27406	26891	0.00635876	0.54812	0.976646
13	89700000	89750000	24645	134	29903	25647	0.00543721	0.59806	0.960931
13	89750000	89800000	27713	105	20557	30277	0.00378884	0.41114	0.915315
13	89800000	89850000	4244	27	30172	4986	0.00636192	0.60344	0.851183
13	89850000	89900000	30290	220	19814	30614	0.00726312	0.39628	0.989417
13	89900000	89950000	27724	206	29239	28018	0.00743039	0.58478	0.989507
13	89950000	90000000	29174	193	26897	31042	0.00661548	0.53794	0.939823
13	90000000	90050000	27171	217	22222	28018	0.00798646	0.44444	0.969769
13	90050000	90100000	29409	196	24327	30547	0.00666463	0.48654	0.962746
13	90100000	90150000	24847	195	29756	27008	0.00784803	0.59512	0.919987
13	90150000	90200000	27765	196	26503	28319	0.00705925	0.53006	0.980437
13	90200000	90250000	26332	214	22186	27234	0.00812699	0.44372	0.96688
13	90250000	90300000	29109	195	23699	29582	0.00669896	0.47398	0.984011
13	90300000	90350000	27426	165	30666	27725	0.00601619	0.61332	0.989216
13	90350000	90400000	29725	184	23757	30092	0.00619008	0.47514	0.987804
13	90400000	90450000	30762	163	25294	31236	0.00529875	0.50588	0.984825
13	90450000	90500000	26748	212	21928	30322	0.00792583	0.43856	0.882132
13	90500000	90550000	30347	203	24434	30947	0.00668929	0.48868	0.980612
13	90550000	90600000	29865	156	29769	30142	0.00522351	0.59538	0.99081
13	90600000	90650000	29994	170	21182	30374	0.0056678	0.42364	0.987489
13	90650000	90700000	27389	177	31810	28040	0.00646245	0.6362	0.976783
13	90700000	90750000	30726	180	23931	31041	0.00585823	0.47862	0.989852
13	90750000	90800000	26259	192	26823	29460	0.00731178	0.53646	0.891344
13	90800000	90850000	26104	224	22947	26498	0.00858106	0.45894	0.985131
13	90850000	90900000	27824	209	23078	28319	0.0075115	0.46156	0.982521
13	90900000	90950000	26627	182	25697	26912	0.00683517	0.51394	0.98941
13	90950000	91000000	30014	168	23220	30358	0.00559739	0.4644	0.988669
13	91000000	91050000	23376	180	30131	25979	0.00770021	0.60262	0.899804
13	91050000	91100000	29473	242	30769	29832	0.0082109	0.61538	0.987966
13	91100000	91150000	26755	188	25269	27022	0.00702672	0.50538	0.990119
13	91150000	91200000	27472	202	29284	28358	0.00735294	0.58568	0.968757
13	91200000	91250000	29730	191	21757	30033	0.00642449	0.43514	0.989911
13	91250000	91300000	29660	151	26875	29908	0.00509103	0.5375	0.991708
13	91300000	91350000	24765	163	24746	25034	0.00658187	0.49492	0.989255
13	91350000	91400000	27565	181	28157	27837	0.0065663	0.56314	0.990229
13	91400000	91450000	30870	212	21171	32211	0.00686751	0.42342	0.958368
13	91450000	91500000	23499	171	24461	24566	0.00727691	0.48922	0.956566
13	91500000	91550000	27983	147	20298	28314	0.00525319	0.40596	0.98831
13	91550000	91600000	29873	237	19245	30288	0.00793359	0.3849	0.986298
13	91600000	91650000	29433	250	21205	29756	0.00849387	0.4241	0.989145
13	91650000	91700000	31242	200	19099	31640	0.00640164	0.38198	0.987421
13	91700000	91750000	30725	238	24132	31054	0.00774614	0.48264	0.989406
13	91750000	91800000	33083	211	19143	33470	0.0063779	0.38286	0.988437
13	91800000	91850000	32363	240	17192	32635	0.00741588	0.34384	0.991665
13	91850000	91900000	31623	173	21546	32451	0.0054707	0.43092	0.974485
13	91900000	91950000	28231	169	29312	28723	0.00598633	0.58624	0.982871
13	91950000	92000000	26419	154	22273	26901	0.00582914	0.44546	0.982082
13	92000000	92050000	33370	170	14771	33682	0.0050944	0.29542	0.990737
13	92050000	92100000	26358	146	25660	26606	0.00553912	0.5132	0.990679
13	92100000	92150000	30493	188	20610	30814	0.00616535	0.4122	0.989583
13	92150000	92200000	28065	178	26937	28350	0.00634242	0.53874	0.989947
13	92200000	92250000	27776	175	26395	28464	0.0063004	0.5279	0.975829
13	92250000	92300000	30240	193	18349	30604	0.00638228	0.36698	0.988106
13	92300000	92350000	31517	232	20896	32012	0.00736111	0.41792	0.984537
13	92350000	92400000	30156	193	24533	30413	0.00640005	0.49066	0.99155
13	92400000	92450000	19854	140	22080	26493	0.00705148	0.4416	0.749406
13	92450000	92500000	13536	140	21580	13925	0.0103428	0.4316	0.972065
13	92500000	92550000	20946	157	31448	21293	0.00749546	0.62896	0.983704
13	92550000	92600000	18130	177	17406	18336	0.00976282	0.34812	0.988765
13	92600000	92650000	25009	126	29787	25286	0.00503819	0.59574	0.989045
13	92650000	92700000	32234	197	22025	32580	0.00611156	0.4405	0.98938
13	92700000	92750000	16183	168	20098	19952	0.0103813	0.40196	0.811097
13	92750000	92800000	82	0	16709	24257	0	0.33418	0.00338047
13	92800000	92850000	22157	135	18398	30024	0.00609288	0.36796	0.737976
13	92850000	92900000	31353	221	20730	31717	0.00704877	0.4146	0.988524
13	92900000	92950000	21301	119	26445	21637	0.00558659	0.5289	0.984471
13	92950000	93000000	30440	213	18136	31068	0.00699737	0.36272	0.979786
13	93000000	93050000	27300	266	28434	27643	0.00974359	0.56868	0.987592
13	93050000	93100000	30332	251	22291	30791	0.00827509	0.44582	0.985093
13	93100000	93150000	20091	142	18258	26936	0.00706784	0.36516	0.745879
13	93150000	93200000	26624	151	26990	26938	0.00567157	0.5398	0.988344
13	93200000	93250000	18490	159	18866	18901	0.00859924	0.37732	0.978255
13	93250000	93300000	15642	120	19770	17230	0.00767165	0.3954	0.907835
13	93300000	93350000	6246	71	25167	8527	0.0113673	0.50334	0.732497
13	93350000	93400000	24512	131	20275	30405	0.00534432	0.4055	0.806183
13	93400000	93450000	24582	183	27335	25168	0.00744447	0.5467	0.976716
13	93450000	93500000	32006	176	21073	32309	0.00549897	0.42146	0.990622
13	93500000	93550000	29568	195	19812	29930	0.00659497	0.39624	0.987905
13	93550000	93600000	29507	187	27014	29953	0.00633748	0.54028	0.98511
13	93600000	93650000	29792	195	26571	30096	0.00654538	0.53142	0.989899
13	93650000	93700000	26871	203	25478	27167	0.00755461	0.50956	0.989104
13	93700000	93750000	23031	170	28981	23472	0.00738136	0.57962	0.981212
13	93750000	93800000	26532	180	28226	27494	0.00678426	0.56452	0.965011
13	93800000	93850000	27570	201	28577	27839	0.00729053	0.57154	0.990337
13	93850000	93900000	26985	115	24673	27191	0.00426163	0.49346	0.992424
13	93900000	93950000	31152	232	15877	31475	0.00744735	0.31754	0.989738
13	93950000	94000000	30595	186	16805	31428	0.00607942	0.3361	0.973495
13	94000000	94050000	32586	205	13319	32932	0.00629105	0.26638	0.989494
13	94050000	94100000	31794	216	15934	32091	0.00679373	0.31868	0.990745
13	94100000	94150000	24556	159	27159	24976	0.006475	0.54318	0.983184
13	94150000	94200000	31327	173	17527	31634	0.00552239	0.35054	0.990295
13	94200000	94250000	30268	189	16654	31005	0.00624422	0.33308	0.97623
13	94250000	94300000	32360	207	15727	32640	0.00639679	0.31454	0.991422
13	94300000	94350000	32372	197	14085	32682	0.00608551	0.2817	0.990515
13	94350000	94400000	30162	186	21285	30750	0.0061667	0.4257	0.980878
13	94400000	94450000	32496	172	14319	32866	0.00529296	0.28638	0.988742
13	94450000	94500000	31477	237	14414	31775	0.00752931	0.28828	0.990622
13	94500000	94550000	31941	247	14199	32237	0.00773301	0.28398	0.990818
13	94550000	94600000	30647	193	20329	30931	0.00629752	0.40658	0.990818
13	94600000	94650000	32175	205	12978	32490	0.00637141	0.25956	0.990305
13	94650000	94700000	31543	205	19404	31824	0.00649906	0.38808	0.99117
13	94700000	94750000	30938	232	19103	31442	0.00749887	0.38206	0.98397
13	94750000	94800000	30469	177	15785	30753	0.00580918	0.3157	0.990765
13	94800000	94850000	32615	166	16653	32918	0.00508968	0.33306	0.990795
13	94850000	94900000	32813	164	18079	33127	0.00499802	0.36158	0.990521
13	94900000	94950000	29581	148	18066	29994	0.00500321	0.36132	0.986231
13	94950000	95000000	33208	259	14333	33540	0.00779933	0.28666	0.990101
13	95000000	95050000	27967	161	20899	28799	0.00575678	0.41798	0.97111
13	95050000	95100000	31324	169	17585	31573	0.00539522	0.3517	0.992114
13	95100000	95150000	28701	191	20176	29368	0.00665482	0.40352	0.977288
13	95150000	95200000	22846	147	29122	24828	0.00643439	0.58244	0.920171
13	95200000	95250000	23900	145	27300	27083	0.00606695	0.546	0.882472
13	95250000	95300000	27449	112	20555	27925	0.00408029	0.4111	0.982954
13	95300000	95350000	29496	121	24183	29839	0.00410225	0.48366	0.988505
13	95350000	95400000	26621	118	23939	27118	0.00443259	0.47878	0.981673
13	95400000	95450000	26415	168	21271	26638	0.00636002	0.42542	0.991629
13	95450000	95500000	27953	204	20299	28848	0.00729796	0.40598	0.968975
13	95500000	95550000	26180	165	22246	26477	0.00630252	0.44492	0.988783
13	95550000	95600000	27949	195	25264	28550	0.00697699	0.50528	0.978949
13	95600000	95650000	30687	153	16959	30915	0.00498582	0.33918	0.992625
13	95650000	95700000	29880	202	22818	30203	0.00676037	0.45636	0.989306
13	95700000	95750000	25842	152	21228	26889	0.0058819	0.42456	0.961062
13	95750000	95800000	27575	192	18422	27792	0.00696283	0.36844	0.992192
13	95800000	95850000	28008	191	14107	30671	0.00681948	0.28214	0.913175
13	95850000	95900000	25806	161	22285	26040	0.00623886	0.4457	0.991014
13	95900000	95950000	21208	141	29225	21615	0.00664843	0.5845	0.98117
13	95950000	96000000	15940	130	35006	16379	0.00815558	0.70012	0.973197
13	96000000	96050000	17224	149	37034	17841	0.00865072	0.74068	0.965417
13	96050000	96100000	21145	149	31154	21658	0.00704658	0.62308	0.976314
13	96100000	96150000	22504	142	29199	22933	0.00630999	0.58398	0.981293
13	96150000	96200000	26739	153	26776	26938	0.00572198	0.53552	0.992613
13	96200000	96250000	31597	186	14703	31841	0.00588663	0.29406	0.992337
13	96250000	96300000	29057	150	21592	29294	0.00516227	0.43184	0.99191
13	96300000	96350000	19786	112	34804	19950	0.00566057	0.69608	0.991779
13	96350000	96400000	21440	131	37382	22199	0.00611007	0.74764	0.965809
13	96400000	96450000	27277	157	23038	27577	0.00575576	0.46076	0.989121
13	96450000	96500000	22287	143	38167	22457	0.0064163	0.76334	0.99243
13	96500000	96550000	31288	208	21242	31560	0.00664792	0.42484	0.991381
13	96550000	96600000	18407	99	39094	18737	0.00537839	0.78188	0.982388
13	96600000	96650000	24908	116	27120	25086	0.00465714	0.5424	0.992904
13	96650000	96700000	24095	141	31828	24291	0.00585184	0.63656	0.991931
13	96700000	96750000	28058	178	22616	28484	0.006344	0.45232	0.985044
13	96750000	96800000	27558	138	24624	28214	0.00500762	0.49248	0.976749
13	96800000	96850000	31998	155	20831	32244	0.00484405	0.41662	0.992371
13	96850000	96900000	27608	123	21601	29516	0.00445523	0.43202	0.935357
13	96900000	96950000	33530	187	19968	33840	0.0055771	0.39936	0.990839
13	96950000	97000000	26137	131	25470	26589	0.00501205	0.5094	0.983
13	97000000	97050000	30098	207	21552	30368	0.00687753	0.43104	0.991109
13	97050000	97100000	31250	162	19277	31714	0.005184	0.38554	0.985369
13	97100000	97150000	32390	187	16374	32692	0.00577339	0.32748	0.990762
13	97150000	97200000	28931	215	25923	29174	0.00743147	0.51846	0.991671
13	97200000	97250000	25071	138	26246	25267	0.00550437	0.52492	0.992243
13	97250000	97300000	31874	175	28264	32336	0.00549037	0.56528	0.985713
13	97300000	97350000	31465	175	22759	31810	0.00556174	0.45518	0.989154
13	97350000	97400000	31268	163	21297	31535	0.005213	0.42594	0.991533
13	97400000	97450000	29542	138	24822	29779	0.00467132	0.49644	0.992041
13	97450000	97500000	33457	167	15210	33793	0.00499148	0.3042	0.990057
13	97500000	97550000	30393	206	26800	30883	0.00677788	0.536	0.984134
13	97550000	97600000	27962	163	28094	28500	0.00582934	0.56188	0.981123
13	97600000	97650000	30077	205	27803	30509	0.00681584	0.55606	0.98584
13	97650000	97700000	28628	149	27882	29192	0.00520469	0.55764	0.98068
13	97700000	97750000	27583	138	31057	27827	0.00500308	0.62114	0.991232
13	97750000	97800000	30227	123	18624	31596	0.00406921	0.37248	0.956672
13	97800000	97850000	28844	138	24056	29058	0.00478436	0.48112	0.992635
13	97850000	97900000	34290	163	14442	34572	0.00475357	0.28884	0.991843
13	97900000	97950000	30368	151	18944	30642	0.00497234	0.37888	0.991058
13	97950000	98000000	33165	184	16571	34494	0.00554802	0.33142	0.961472
13	98000000	98050000	31879	143	11537	32114	0.00448571	0.23074	0.992682
13	98050000	98100000	31809	177	17581	32158	0.00556446	0.35162	0.989147
13	98100000	98150000	31488	145	22909	31754	0.00460493	0.45818	0.991623
13	98150000	98200000	26954	158	26016	27580	0.00586184	0.52032	0.977302
13	98200000	98250000	25436	199	31863	26159	0.00782356	0.63726	0.972361
13	98250000	98300000	17825	192	33303	20609	0.0107714	0.66606	0.864913
13	98300000	98350000	26142	188	27936	26394	0.00719149	0.55872	0.990452
13	98350000	98400000	23157	149	33272	25810	0.00643434	0.66544	0.89721
13	98400000	98450000	21192	193	40159	21503	0.00910721	0.80318	0.985537
13	98450000	98500000	26250	165	28562	26519	0.00628571	0.57124	0.989856
13	98500000	98550000	24491	155	28975	25132	0.00632886	0.5795	0.974495
13	98550000	98600000	23175	139	31469	24470	0.00599784	0.62938	0.947078
13	98600000	98650000	21652	93	25933	22395	0.00429522	0.51866	0.966823
13	98650000	98700000	23049	71	22263	23374	0.00308039	0.44526	0.986096
13	98700000	98750000	22225	160	31515	22455	0.0071991	0.6303	0.989757
13	98750000	98800000	20463	174	31970	22040	0.00850315	0.6394	0.928448
13	98800000	98850000	25488	149	25888	25705	0.00584589	0.51776	0.991558
13	98850000	98900000	26667	158	20065	26930	0.00592493	0.4013	0.990234
13	98900000	98950000	28203	193	16899	28878	0.00684324	0.33798	0.976626
13	98950000	99000000	30481	209	18070	31291	0.00685673	0.3614	0.974114
13	99000000	99050000	28809	216	21557	29294	0.00749766	0.43114	0.983444
13	99050000	99100000	31601	270	10232	32000	0.00854403	0.20464	0.987531
13	99100000	99150000	32678	258	10449	33081	0.00789522	0.20898	0.987818
13	99150000	99200000	32367	199	13700	33319	0.00614824	0.274	0.971428
13	99200000	99250000	24469	127	23462	26422	0.00519024	0.46924	0.926084
13	99250000	99300000	18414	140	35422	18964	0.00760291	0.70844	0.970998
13	99300000	99350000	25227	202	24969	25500	0.00800729	0.49938	0.989294
13	99350000	99400000	24557	175	24777	25367	0.00712628	0.49554	0.968069
13	99400000	99450000	24391	210	26987	25141	0.00860973	0.53974	0.970168
13	99450000	99500000	32281	204	12242	33286	0.00631951	0.24484	0.969807
13	99500000	99550000	32415	187	15081	33040	0.00576893	0.30162	0.981084
13	99550000	99600000	31723	178	15911	32022	0.00561107	0.31822	0.990663
13	99600000	99650000	30713	131	13839	31044	0.00426529	0.27678	0.989338
13	99650000	99700000	31629	183	21109	31882	0.00578583	0.42218	0.992064
13	99700000	99750000	26542	169	21084	28249	0.00636727	0.42168	0.939573
13	99750000	99800000	22295	134	33408	22739	0.00601032	0.66816	0.980474
13	99800000	99850000	16334	83	36152	16479	0.00508143	0.72304	0.991201
13	99850000	99900000	24573	109	26212	25270	0.00443576	0.52424	0.972418
13	99900000	99950000	30389	109	20928	31502	0.00358682	0.41856	0.964669
13	99950000	100000000	32168	159	19471	32452	0.0049428	0.38942	0.991249
13	100000000	100050000	32233	200	20667	32711	0.00620482	0.41334	0.985387
13	100050000	100100000	26352	186	27097	26677	0.00705829	0.54194	0.987817
13	100100000	100150000	19206	134	35326	19428	0.00697699	0.70652	0.988573
13	100150000	100200000	26839	125	19590	27953	0.0046574	0.3918	0.960147
13	100200000	100250000	23879	120	21256	26760	0.00502534	0.42512	0.892339
13	100250000	100300000	24581	170	25772	24883	0.00691591	0.51544	0.987863
13	100300000	100350000	27904	166	16113	28316	0.00594897	0.32226	0.98545
13	100350000	100400000	23187	145	21696	24060	0.0062535	0.43392	0.963716
13	100400000	100450000	19593	143	33368	19848	0.00729852	0.66736	0.987152
13	100450000	100500000	31226	217	19522	31512	0.00694934	0.39044	0.990924
13	100500000	100550000	30651	190	10712	30919	0.00619882	0.21424	0.991332
13	100550000	100600000	24311	168	24125	25122	0.00691045	0.4825	0.967718
13	100600000	100650000	29470	137	3996	29954	0.0046488	0.07992	0.983842
13	100650000	100700000	14894	65	40950	15271	0.00436417	0.819	0.975313
13	100700000	100750000	15935	84	37542	16120	0.00527142	0.75084	0.988524
13	100750000	100800000	20850	108	30579	21375	0.00517986	0.61158	0.975439
13	100800000	100850000	25630	120	20221	26322	0.00468201	0.40442	0.97371
13	100850000	100900000	24744	90	28614	24935	0.00363725	0.57228	0.99234
13	100900000	100950000	26867	129	27135	27128	0.00480143	0.5427	0.990379
13	100950000	101000000	26160	124	25259	26537	0.00474006	0.50518	0.985793
13	101000000	101050000	26196	196	27802	26422	0.00748206	0.55604	0.991447
13	101050000	101100000	23863	112	27742	24377	0.00469346	0.55484	0.978915
13	101100000	101150000	27387	160	23304	27841	0.00584219	0.46608	0.983693
13	101150000	101200000	31995	213	11378	32385	0.00665729	0.22756	0.987957
13	101200000	101250000	27195	207	26564	28122	0.00761169	0.53128	0.967036
13	101250000	101300000	18756	116	18980	27421	0.00618469	0.3796	0.684001
13	101300000	101350000	20349	237	23904	26057	0.0116468	0.47808	0.780942
13	101350000	101400000	24743	185	32289	25141	0.00747686	0.64578	0.984169
13	101400000	101450000	24688	141	26267	25113	0.00571128	0.52534	0.983076
13	101450000	101500000	31431	237	23179	31745	0.00754033	0.46358	0.990109
13	101500000	101550000	30328	260	22517	30652	0.00857294	0.45034	0.98943
13	101550000	101600000	31120	234	29201	31463	0.00751928	0.58402	0.989098
13	101600000	101650000	25099	164	28512	25312	0.00653412	0.57024	0.991585
13	101650000	101700000	25322	170	28091	25554	0.00671353	0.56182	0.990921
13	101700000	101750000	30750	160	18960	30982	0.00520325	0.3792	0.992512
13	101750000	101800000	31878	208	13479	32181	0.00652488	0.26958	0.990585
13	101800000	101850000	30354	203	20311	30683	0.00668775	0.40622	0.989277
13	101850000	101900000	27260	179	24897	27606	0.0065664	0.49794	0.987466
13	101900000	101950000	30756	222	18895	31051	0.0072181	0.3779	0.9905
13	101950000	102000000	29581	210	16940	29858	0.00709915	0.3388	0.990723
13	102000000	102050000	26051	161	23903	26290	0.00618019	0.47806	0.990909
13	102050000	102100000	29273	203	21709	29545	0.00693472	0.43418	0.990794
13	102100000	102150000	29185	210	19925	29449	0.00719548	0.3985	0.991035
13	102150000	102200000	28922	155	18332	29183	0.00535924	0.36664	0.991056
13	102200000	102250000	33301	171	22386	33633	0.00513498	0.44772	0.990129
13	102250000	102300000	29058	171	20232	29355	0.00588478	0.40464	0.989882
13	102300000	102350000	30250	194	27594	30528	0.00641322	0.55188	0.990894
13	102350000	102400000	32723	120	13982	33038	0.00366715	0.27964	0.990466
13	102400000	102450000	31373	194	17632	31624	0.00618366	0.35264	0.992063
13	102450000	102500000	32229	180	14925	33080	0.00558503	0.2985	0.974274
13	102500000	102550000	33704	210	10180	34081	0.00623071	0.2036	0.988938
13	102550000	102600000	31241	177	17046	31531	0.00566563	0.34092	0.990803
13	102600000	102650000	31479	227	17475	31787	0.00721116	0.3495	0.990311
13	102650000	102700000	33434	243	13636	33790	0.00726805	0.27272	0.989464
13	102700000	102750000	29125	199	26178	29413	0.00683262	0.52356	0.990208
13	102750000	102800000	32270	221	15760	32679	0.00684847	0.3152	0.987484
13	102800000	102850000	26996	193	26091	27269	0.00714921	0.52182	0.989989
13	102850000	102900000	33900	222	13499	34283	0.00654867	0.26998	0.988828
13	102900000	102950000	32758	205	13541	33025	0.00625801	0.27082	0.991915
13	102950000	103000000	33664	170	17317	34198	0.0050499	0.34634	0.984385
13	103000000	103050000	32944	136	15066	33226	0.00412822	0.30132	0.991513
13	103050000	103100000	26247	169	29793	26609	0.00643883	0.59586	0.986396
13	103100000	103150000	26226	177	29526	26512	0.00674903	0.59052	0.989212
13	103150000	103200000	22375	138	31834	22560	0.0061676	0.63668	0.9918
13	103200000	103250000	27278	180	24372	27701	0.00659872	0.48744	0.98473
13	103250000	103300000	31998	138	16784	32427	0.00431277	0.33568	0.98677
13	103300000	103350000	30174	167	18850	30528	0.00553457	0.377	0.988404
13	103350000	103400000	30336	142	21585	30539	0.00468091	0.4317	0.993353
13	103400000	103450000	25152	140	22614	25504	0.00556616	0.45228	0.986198
13	103450000	103500000	27011	184	24083	27243	0.00681204	0.48166	0.991484
13	103500000	103550000	33085	209	16479	33370	0.00631706	0.32958	0.991459
13	103550000	103600000	32510	203	19714	32814	0.00624423	0.39428	0.990736
13	103600000	103650000	27574	188	21811	29022	0.00681802	0.43622	0.950107
13	103650000	103700000	32678	218	19331	33268	0.00667115	0.38662	0.982265
13	103700000	103750000	30223	204	20447	31179	0.00674983	0.40894	0.969338
13	103750000	103800000	30358	264	20960	31106	0.00869623	0.4192	0.975953
13	103800000	103850000	33326	144	14088	33976	0.00432095	0.28176	0.980869
13	103850000	103900000	33141	190	16499	33450	0.00573308	0.32998	0.990762
13	103900000	103950000	23868	177	27367	27754	0.00741579	0.54734	0.859984
13	103950000	104000000	30842	204	23404	31148	0.00661436	0.46808	0.990176
13	104000000	104050000	29195	226	20365	32340	0.00774105	0.4073	0.902752
13	104050000	104100000	29833	218	22039	30160	0.00730734	0.44078	0.989158
13	104100000	104150000	27993	172	25434	28471	0.00614439	0.50868	0.983211
13	104150000	104200000	28329	199	22167	29019	0.0070246	0.44334	0.976222
13	104200000	104250000	29548	202	23850	29815	0.00683633	0.477	0.991045
13	104250000	104300000	28342	234	27931	28729	0.0082563	0.55862	0.986529
13	104300000	104350000	31732	213	19560	32109	0.00671247	0.3912	0.988259
13	104350000	104400000	29326	220	20977	29690	0.00750188	0.41954	0.98774
13	104400000	104450000	29389	206	20194	29688	0.00700943	0.40388	0.989929
13	104450000	104500000	25417	190	22000	27141	0.00747531	0.44	0.93648
13	104500000	104550000	29308	203	21220	30319	0.00692644	0.4244	0.966655
13	104550000	104600000	25551	198	21434	29092	0.00774921	0.42868	0.878283
13	104600000	104650000	30138	247	19982	31799	0.00819563	0.39964	0.947766
13	104650000	104700000	30006	224	14964	32733	0.00746517	0.29928	0.91669
13	104700000	104750000	29672	259	25989	29999	0.00872877	0.51978	0.9891
13	104750000	104800000	29489	254	16763	30156	0.00861338	0.33526	0.977882
13	104800000	104850000	29426	267	25044	29830	0.00907361	0.50088	0.986457
13	104850000	104900000	27124	213	21966	27470	0.00785282	0.43932	0.987404
13	104900000	104950000	32896	232	16490	33254	0.00705253	0.3298	0.989234
13	104950000	105000000	27305	188	25339	27664	0.00688519	0.50678	0.987023
13	105000000	105050000	28717	234	23422	30196	0.00814848	0.46844	0.95102
13	105050000	105100000	29604	223	20082	30025	0.00753277	0.40164	0.985978
13	105100000	105150000	29615	243	22153	30181	0.0082053	0.44306	0.981246
13	105150000	105200000	28300	218	20306	28601	0.00770318	0.40612	0.989476
13	105200000	105250000	32622	256	12734	32919	0.00784746	0.25468	0.990978
13	105250000	105300000	31222	198	16454	31548	0.00634168	0.32908	0.989667
13	105300000	105350000	32800	243	14245	33149	0.00740854	0.2849	0.989472
13	105350000	105400000	29486	184	22424	29775	0.00624025	0.44848	0.990294
13	105400000	105450000	30767	246	15667	31140	0.00799558	0.31334	0.988022
13	105450000	105500000	31453	243	20577	32238	0.00772581	0.41154	0.97565
13	105500000	105550000	30010	232	24625	30339	0.00773076	0.4925	0.989156
13	105550000	105600000	24167	165	25055	25131	0.00682749	0.5011	0.961641
13	105600000	105650000	31405	203	18203	31828	0.00646394	0.36406	0.98671
13	105650000	105700000	32292	217	21059	32662	0.00671993	0.42118	0.988672
13	105700000	105750000	30044	227	22223	30349	0.00755559	0.44446	0.98995
13	105750000	105800000	27387	199	26099	31057	0.00726622	0.52198	0.88183
13	105800000	105850000	32749	286	21729	33109	0.00873309	0.43458	0.989127
13	105850000	105900000	32679	222	18473	33178	0.00679335	0.36946	0.98496
13	105900000	105950000	30273	239	19587	30605	0.00789482	0.39174	0.989152
13	105950000	106000000	32005	272	15973	32340	0.00849867	0.31946	0.989641
13	106000000	106050000	27139	197	21818	28298	0.00725893	0.43636	0.959043
13	106050000	106100000	31102	221	16930	31481	0.00710565	0.3386	0.987961
13	106100000	106150000	31524	263	17719	31898	0.00834285	0.35438	0.988275
13	106150000	106200000	31330	246	16519	33521	0.0078519	0.33038	0.934638
13	106200000	106250000	31812	217	16720	32147	0.00682133	0.3344	0.989579
13	106250000	106300000	32807	240	14224	33126	0.00731551	0.28448	0.99037
13	106300000	106350000	30806	237	22066	31915	0.00769331	0.44132	0.965251
13	106350000	106400000	31664	212	23589	32621	0.0066953	0.47178	0.970663
13	106400000	106450000	29955	240	18707	30240	0.00801202	0.37414	0.990575
13	106450000	106500000	28435	223	14744	31619	0.00784245	0.29488	0.899301
13	106500000	106550000	26530	197	22112	27719	0.00742556	0.44224	0.957105
13	106550000	106600000	31156	199	14554	31524	0.00638721	0.29108	0.988326
13	106600000	106650000	32270	191	18266	32608	0.00591881	0.36532	0.989634
13	106650000	106700000	29066	245	17410	30143	0.00842909	0.3482	0.96427
13	106700000	106750000	31108	226	17920	32107	0.00726501	0.3584	0.968885
13	106750000	106800000	32636	212	20716	33117	0.00649589	0.41432	0.985476
13	106800000	106850000	30515	184	22051	30807	0.00602982	0.44102	0.990522
13	106850000	106900000	28028	210	20317	28403	0.00749251	0.40634	0.986797
13	106900000	106950000	32108	233	17830	32479	0.00725676	0.3566	0.988577
13	106950000	107000000	28922	223	22799	29281	0.00771039	0.45598	0.987739
13	107000000	107050000	31495	245	16227	31813	0.00777901	0.32454	0.990004
13	107050000	107100000	31780	228	14640	33244	0.00717432	0.2928	0.955962
13	107100000	107150000	31729	195	14060	32068	0.0061458	0.2812	0.989429
13	107150000	107200000	33561	167	5393	33874	0.00497601	0.10786	0.99076
13	107200000	107250000	29955	200	24070	30568	0.00667668	0.4814	0.979946
13	107250000	107300000	29689	189	25288	32949	0.00636599	0.50576	0.901059
13	107300000	107350000	33152	232	14809	33532	0.00699807	0.29618	0.988668
13	107350000	107400000	32189	233	18382	32497	0.0072385	0.36764	0.990522
13	107400000	107450000	25422	192	22068	27483	0.00755251	0.44136	0.925008
13	107450000	107500000	29950	238	22415	30439	0.00794658	0.4483	0.983935
13	107500000	107550000	28799	231	19822	29567	0.00802111	0.39644	0.974025
13	107550000	107600000	24404	213	21485	27693	0.00872808	0.4297	0.881234
13	107600000	107650000	32116	213	17518	32547	0.00663221	0.35036	0.986758
13	107650000	107700000	29521	196	20115	29815	0.00663934	0.4023	0.990139
13	107700000	107750000	30545	265	21892	31851	0.00867572	0.43784	0.958997
13	107750000	107800000	30947	255	26690	31276	0.00823989	0.5338	0.989481
13	107800000	107850000	27188	201	23856	27620	0.00739297	0.47712	0.984359
13	107850000	107900000	33248	219	10268	33747	0.00658686	0.20536	0.985214
13	107900000	107950000	29438	222	20909	29794	0.00754127	0.41818	0.988051
13	107950000	108000000	28880	195	20937	29124	0.00675208	0.41874	0.991622
13	108000000	108050000	32094	248	16284	32900	0.0077273	0.32568	0.975502
13	108050000	108100000	30834	196	16230	31153	0.00635662	0.3246	0.98976
13	108100000	108150000	29278	222	16964	29921	0.00758249	0.33928	0.97851
13	108150000	108200000	30820	210	19367	31139	0.00681376	0.38734	0.989756
13	108200000	108250000	27372	180	13597	33980	0.00657606	0.27194	0.805533
13	108250000	108300000	32678	195	15558	33023	0.00596732	0.31116	0.989553
13	108300000	108350000	29853	198	18127	30235	0.0066325	0.36254	0.987366
13	108350000	108400000	28659	167	18113	29093	0.00582714	0.36226	0.985082
13	108400000	108450000	28556	180	15806	28859	0.0063034	0.31612	0.989501
13	108450000	108500000	34359	225	12638	34719	0.0065485	0.25276	0.989631
13	108500000	108550000	24889	160	24263	25312	0.00642854	0.48526	0.983289
13	108550000	108600000	24642	151	33806	25020	0.00612775	0.67612	0.984892
13	108600000	108650000	27154	186	26832	27425	0.00684982	0.53664	0.990119
13	108650000	108700000	25280	182	30670	25611	0.00719937	0.6134	0.987076
13	108700000	108750000	29740	229	22635	30228	0.00770007	0.4527	0.983856
13	108750000	108800000	31941	201	19864	32297	0.00629285	0.39728	0.988977
13	108800000	108850000	26340	231	27646	27347	0.00876993	0.55292	0.963177
13	108850000	108900000	31820	190	18284	32149	0.00597109	0.36568	0.989766
13	108900000	108950000	25964	158	28296	26851	0.00608535	0.56592	0.966966
13	108950000	109000000	25557	209	27015	27393	0.0081778	0.5403	0.932976
13	109000000	109050000	26836	251	26983	27419	0.00935311	0.53966	0.978737
13	109050000	109100000	31385	236	23054	31700	0.00751952	0.46108	0.990063
13	109100000	109150000	26104	231	25257	26391	0.00884922	0.50514	0.989125
13	109150000	109200000	20539	135	25238	25861	0.00657286	0.50476	0.794207
13	109200000	109250000	27482	201	21066	29446	0.00731388	0.42132	0.933302
13	109250000	109300000	31987	175	16754	32386	0.00547097	0.33508	0.98768
13	109300000	109350000	30194	235	22875	30545	0.007783	0.4575	0.988509
13	109350000	109400000	23434	168	26994	28139	0.00716907	0.53988	0.832794
13	109400000	109450000	29186	221	22758	29782	0.00757212	0.45516	0.979988
13	109450000	109500000	30231	218	23490	30543	0.00721114	0.4698	0.989785
13	109500000	109550000	27879	252	23705	28396	0.00903906	0.4741	0.981793
13	109550000	109600000	29356	175	17564	30247	0.0059613	0.35128	0.970543
13	109600000	109650000	32013	193	13586	32389	0.0060288	0.27172	0.988391
13	109650000	109700000	26960	146	21519	27303	0.00541543	0.43038	0.987437
13	109700000	109750000	30715	177	20300	31031	0.00576266	0.406	0.989817
13	109750000	109800000	31974	194	14354	32257	0.00606743	0.28708	0.991227
13	109800000	109850000	33413	211	14005	33818	0.00631491	0.2801	0.988024
13	109850000	109900000	26954	147	25378	27202	0.00545374	0.50756	0.990883
13	109900000	109950000	26210	172	27708	26488	0.00656238	0.55416	0.989505
13	109950000	110000000	27895	189	26670	28163	0.00677541	0.5334	0.990484
13	110000000	110050000	31362	187	18104	32777	0.00596263	0.36208	0.956829
13	110050000	110100000	25328	141	25198	25564	0.00556696	0.50396	0.990768
13	110100000	110150000	31749	218	20856	32277	0.00686636	0.41712	0.983642
13	110150000	110200000	28065	170	24712	28488	0.00605737	0.49424	0.985152
13	110200000	110250000	29971	153	22235	30868	0.00510493	0.4447	0.970941
13	110250000	110300000	31008	256	19245	31685	0.00825593	0.3849	0.978633
13	110300000	110350000	28357	207	20006	29883	0.00729978	0.40012	0.948934
13	110350000	110400000	32934	222	14020	33536	0.00674075	0.2804	0.982049
13	110400000	110450000	22952	151	9107	29995	0.00657895	0.18214	0.765194
13	110450000	110500000	29964	225	20623	30416	0.00750901	0.41246	0.985139
13	110500000	110550000	28567	181	22741	28813	0.00633598	0.45482	0.991462
13	110550000	110600000	30938	250	23810	31244	0.00808068	0.4762	0.990206
13	110600000	110650000	26267	236	23643	27697	0.00898466	0.47286	0.94837
13	110650000	110700000	30067	240	16972	31884	0.00798217	0.33944	0.943012
13	110700000	110750000	23859	230	28486	24386	0.00963997	0.56972	0.978389
13	110750000	110800000	30065	218	20622	30951	0.00725096	0.41244	0.971374
13	110800000	110850000	35000	235	9714	35419	0.00671429	0.19428	0.98817
13	110850000	110900000	32146	237	8977	33369	0.00737261	0.17954	0.963349
13	110900000	110950000	32955	218	12175	33713	0.00661508	0.2435	0.977516
13	110950000	111000000	34293	253	7890	35115	0.0073776	0.1578	0.976591
13	111000000	111050000	31929	224	9792	32269	0.00701557	0.19584	0.989464
13	111050000	111100000	33508	250	11297	33855	0.0074609	0.22594	0.98975
13	111100000	111150000	31398	243	11569	31796	0.00773935	0.23138	0.987483
13	111150000	111200000	29038	233	15811	29571	0.00802397	0.31622	0.981976
13	111200000	111250000	24043	148	29364	24291	0.00615564	0.58728	0.98979
13	111250000	111300000	25659	244	22765	26035	0.00950933	0.4553	0.985558
13	111300000	111350000	20808	163	25309	22335	0.00783353	0.50618	0.931632
13	111350000	111400000	21423	95	25375	21682	0.00443449	0.5075	0.988055
13	111400000	111450000	26951	190	33059	27583	0.00704983	0.66118	0.977087
13	111450000	111500000	29061	184	27149	29445	0.00633151	0.54298	0.986959
13	111500000	111550000	27301	212	19846	28088	0.00776528	0.39692	0.971981
13	111550000	111600000	21689	152	20952	26873	0.00700816	0.41904	0.807093
13	111600000	111650000	17313	212	26964	18865	0.0122451	0.53928	0.917731
13	111650000	111700000	26487	254	27402	26891	0.00958961	0.54804	0.984976
13	111700000	111750000	22345	186	31963	22622	0.00832401	0.63926	0.987755
13	111750000	111800000	24872	180	28750	26020	0.00723705	0.575	0.95588
13	111800000	111850000	25679	149	23524	25963	0.00580241	0.47048	0.989061
13	111850000	111900000	30363	203	15154	30691	0.00668577	0.30308	0.989313
13	111900000	111950000	32274	232	11129	32656	0.00718845	0.22258	0.988302
13	111950000	112000000	28691	198	14891	29118	0.00690112	0.29782	0.985336
13	112000000	112050000	29359	267	27602	30143	0.00909432	0.55204	0.973991
13	112050000	112100000	31661	285	13031	34103	0.00900161	0.26062	0.928393
13	112100000	112150000	30078	296	15548	30581	0.00984108	0.31096	0.983552
13	112150000	112200000	27861	249	14932	29571	0.00893722	0.29864	0.942173
13	112200000	112250000	29749	232	16797	31157	0.00779858	0.33594	0.95481
13	112250000	112300000	32214	263	12693	33316	0.00816415	0.25386	0.966923
13	112300000	112350000	32640	264	10593	33377	0.00808824	0.21186	0.977919
13	112350000	112400000	2744	30	968	2782	0.0109329	0.01936	0.986341
13	112400000	112450000	0	0	0	0		0	
13	112450000	112500000	0	0	0	0		0	
13	112500000	112550000	28399	236	19288	28831	0.00831015	0.38576	0.985016
13	112550000	112600000	28886	265	18160	29265	0.00917399	0.3632	0.987049
13	112600000	112650000	29841	264	16308	30276	0.00884689	0.32616	0.985632
13	112650000	112700000	26482	202	21183	30273	0.00762782	0.42366	0.874773
13	112700000	112750000	29965	172	12880	31520	0.00574003	0.2576	0.950666
13	112750000	112800000	31708	262	14872	34162	0.0082629	0.29744	0.928166
13	112800000	112850000	29564	219	12042	30213	0.00740766	0.24084	0.978519
13	112850000	112900000	29612	276	19185	30505	0.00932055	0.3837	0.970726
13	112900000	112950000	19493	285	13559	19826	0.0146206	0.27118	0.983204
13	112950000	113000000	14364	154	12302	15463	0.0107212	0.24604	0.928927
13	113000000	113050000	22536	186	29003	24616	0.00825346	0.58006	0.915502
13	113050000	113100000	23967	197	33382	24278	0.00821964	0.66764	0.98719
13	113100000	113150000	27221	203	24148	27964	0.00745748	0.48296	0.97343
13	113150000	113200000	30078	208	18051	30458	0.00691535	0.36102	0.987524
13	113200000	113250000	26626	173	21443	26870	0.00649741	0.42886	0.990919
13	113250000	113300000	27426	226	28076	27733	0.00824036	0.56152	0.98893
13	113300000	113350000	25429	195	22837	25728	0.00766841	0.45674	0.988378
13	113350000	113400000	27129	254	15474	27468	0.00936267	0.30948	0.987658
13	113400000	113450000	24354	235	11372	24725	0.00964934	0.22744	0.984995
13	113450000	113500000	28409	215	15179	28722	0.00756802	0.30358	0.989102
13	113500000	113550000	28627	219	9667	30046	0.00765012	0.19334	0.952772
13	113550000	113600000	27211	222	20894	29298	0.00815847	0.41788	0.928766
13	113600000	113650000	31688	258	11320	33110	0.00814188	0.2264	0.957052
13	113650000	113700000	28787	252	10031	30007	0.00875395	0.20062	0.959343
13	113700000	113750000	15238	141	9919	27570	0.00925318	0.19838	0.552702
13	113750000	113800000	26313	181	14641	27825	0.00687873	0.29282	0.94566
13	113800000	113850000	27719	196	21220	28234	0.00707096	0.4244	0.98176
13	113850000	113900000	28460	191	14869	28787	0.00671117	0.29738	0.988641
13	113900000	113950000	22804	161	31205	23080	0.00706016	0.6241	0.988042
13	113950000	114000000	22049	162	19612	22443	0.00734727	0.39224	0.982444
13	114000000	114050000	14570	100	28596	17079	0.00686342	0.57192	0.853094
13	114050000	114100000	20595	214	15525	25079	0.0103909	0.3105	0.821205
13	114100000	114150000	25880	184	18645	26603	0.00710974	0.3729	0.972823
13	114150000	114200000	17854	99	20265	24923	0.00554498	0.4053	0.716366
13	114200000	114250000	23616	204	19129	25391	0.00863821	0.38258	0.930093
13	114250000	114300000	25780	264	10123	26644	0.0102405	0.20246	0.967572
13	114300000	114350000	16019	116	8158	17131	0.0072414	0.16316	0.935088
13	114350000	114400000	0	0	0	0		0	
13	114400000	114450000	2489	25	4740	12097	0.0100442	0.0948	0.205753
13	114450000	114500000	16607	221	18642	26640	0.0133076	0.37284	0.623386
13	114500000	114550000	21903	234	4664	26635	0.0106835	0.09328	0.822339
13	114550000	114600000	26204	194	22865	27916	0.00740345	0.4573	0.938673
13	114600000	114650000	22514	130	15623	23936	0.00577418	0.31246	0.940592
13	114650000	114700000	0	0	0	0		0	
13	114700000	114750000	0	0	1582	5897		0.03164	0
13	114750000	114800000	0	0	12594	25322		0.25188	0
13	114800000	114850000	16439	150	11034	27844	0.00912464	0.22068	0.590396
13	114850000	114900000	21486	186	8933	25806	0.0086568	0.17866	0.832597
13	114900000	114950000	18622	160	23028	23275	0.00859199	0.46056	0.800086
13	114950000	115000000	22456	167	30006	24001	0.00743677	0.60012	0.935628
13	115000000	115050000	24851	160	22782	25439	0.00643837	0.45564	0.976886
13	115050000	115100000	17759	80	21666	21381	0.00450476	0.43332	0.830597
13	115100000	115150000	0	0	3347	744		0.06694	0
13	115150000	115200000	0	0	0	0		0	
