chrom	start	end	anc_valid_bp	hum_sub	repeat_bp	mask_bp	sub_rate	repeat_frac	anc_cov
14	0	20000	0	0	0	0		0	
14	20000	40000	0	0	0	0		0	
14	40000	60000	0	0	0	0		0	
14	60000	80000	0	0	0	0		0	
14	80000	100000	0	0	0	0		0	
14	100000	120000	0	0	0	0		0	
14	120000	140000	0	0	0	0		0	
14	140000	160000	0	0	0	0		0	
14	160000	180000	0	0	0	0		0	
14	180000	200000	0	0	0	0		0	
14	200000	220000	0	0	0	0		0	
14	220000	240000	0	0	0	0		0	
14	240000	260000	0	0	0	0		0	
14	260000	280000	0	0	0	0		0	
14	280000	300000	0	0	0	0		0	
14	300000	320000	0	0	0	0		0	
14	320000	340000	0	0	0	0		0	
14	340000	360000	0	0	0	0		0	
14	360000	380000	0	0	0	0		0	
14	380000	400000	0	0	0	0		0	
14	400000	420000	0	0	0	0		0	
14	420000	440000	0	0	0	0		0	
14	440000	460000	0	0	0	0		0	
14	460000	480000	0	0	0	0		0	
14	480000	500000	0	0	0	0		0	
14	500000	520000	0	0	0	0		0	
14	520000	540000	0	0	0	0		0	
14	540000	560000	0	0	0	0		0	
14	560000	580000	0	0	0	0		0	
14	580000	600000	0	0	0	0		0	
14	600000	620000	0	0	0	0		0	
14	620000	640000	0	0	0	0		0	
14	640000	660000	0	0	0	0		0	
14	660000	680000	0	0	0	0		0	
14	680000	700000	0	0	0	0		0	
14	700000	720000	0	0	0	0		0	
14	720000	740000	0	0	0	0		0	
14	740000	760000	0	0	0	0		0	
14	760000	780000	0	0	0	0		0	
14	780000	800000	0	0	0	0		0	
14	800000	820000	0	0	0	0		0	
14	820000	840000	0	0	0	0		0	
14	840000	860000	0	0	0	0		0	
14	860000	880000	0	0	0	0		0	
14	880000	900000	0	0	0	0		0	
14	900000	920000	0	0	0	0		0	
14	920000	940000	0	0	0	0		0	
14	940000	960000	0	0	0	0		0	
14	960000	980000	0	0	0	0		0	
14	980000	1000000	0	0	0	0		0	
14	1000000	1020000	0	0	0	0		0	
14	1020000	1040000	0	0	0	0		0	
14	1040000	1060000	0	0	0	0		0	
14	1060000	1080000	0	0	0	0		0	
14	1080000	1100000	0	0	0	0		0	
14	1100000	1120000	0	0	0	0		0	
14	1120000	1140000	0	0	0	0		0	
14	1140000	1160000	0	0	0	0		0	
14	1160000	1180000	0	0	0	0		0	
14	1180000	1200000	0	0	0	0		0	
14	1200000	1220000	0	0	0	0		0	
14	1220000	1240000	0	0	0	0		0	
14	1240000	1260000	0	0	0	0		0	
14	1260000	1280000	0	0	0	0		0	
14	1280000	1300000	0	0	0	0		0	
14	1300000	1320000	0	0	0	0		0	
14	1320000	1340000	0	0	0	0		0	
14	1340000	1360000	0	0	0	0		0	
14	1360000	1380000	0	0	0	0		0	
14	1380000	1400000	0	0	0	0		0	
14	1400000	1420000	0	0	0	0		0	
14	1420000	1440000	0	0	0	0		0	
14	1440000	1460000	0	0	0	0		0	
14	1460000	1480000	0	0	0	0		0	
14	1480000	1500000	0	0	0	0		0	
14	1500000	1520000	0	0	0	0		0	
14	1520000	1540000	0	0	0	0		0	
14	1540000	1560000	0	0	0	0		0	
14	1560000	1580000	0	0	0	0		0	
14	1580000	1600000	0	0	0	0		0	
14	1600000	1620000	0	0	0	0		0	
14	1620000	1640000	0	0	0	0		0	
14	1640000	1660000	0	0	0	0		0	
14	1660000	1680000	0	0	0	0		0	
14	1680000	1700000	0	0	0	0		0	
14	1700000	1720000	0	0	0	0		0	
14	1720000	1740000	0	0	0	0		0	
14	1740000	1760000	0	0	0	0		0	
14	1760000	1780000	0	0	0	0		0	
14	1780000	1800000	0	0	0	0		0	
14	1800000	1820000	0	0	0	0		0	
14	1820000	1840000	0	0	0	0		0	
14	1840000	1860000	0	0	0	0		0	
14	1860000	1880000	0	0	0	0		0	
14	1880000	1900000	0	0	0	0		0	
14	1900000	1920000	0	0	0	0		0	
14	1920000	1940000	0	0	0	0		0	
14	1940000	1960000	0	0	0	0		0	
14	1960000	1980000	0	0	0	0		0	
14	1980000	2000000	0	0	0	0		0	
14	2000000	2020000	0	0	0	0		0	
14	2020000	2040000	0	0	0	0		0	
14	2040000	2060000	0	0	0	0		0	
14	2060000	2080000	0	0	0	0		0	
14	2080000	2100000	0	0	0	0		0	
14	2100000	2120000	0	0	0	0		0	
14	2120000	2140000	0	0	0	0		0	
14	2140000	2160000	0	0	0	0		0	
14	2160000	2180000	0	0	0	0		0	
14	2180000	2200000	0	0	0	0		0	
14	2200000	2220000	0	0	0	0		0	
14	2220000	2240000	0	0	0	0		0	
14	2240000	2260000	0	0	0	0		0	
14	2260000	2280000	0	0	0	0		0	
14	2280000	2300000	0	0	0	0		0	
14	2300000	2320000	0	0	0	0		0	
14	2320000	2340000	0	0	0	0		0	
14	2340000	2360000	0	0	0	0		0	
14	2360000	2380000	0	0	0	0		0	
14	2380000	2400000	0	0	0	0		0	
14	2400000	2420000	0	0	0	0		0	
14	2420000	2440000	0	0	0	0		0	
14	2440000	2460000	0	0	0	0		0	
14	2460000	2480000	0	0	0	0		0	
14	2480000	2500000	0	0	0	0		0	
14	2500000	2520000	0	0	0	0		0	
14	2520000	2540000	0	0	0	0		0	
14	2540000	2560000	0	0	0	0		0	
14	2560000	2580000	0	0	0	0		0	
14	2580000	2600000	0	0	0	0		0	
14	2600000	2620000	0	0	0	0		0	
14	2620000	2640000	0	0	0	0		0	
14	2640000	2660000	0	0	0	0		0	
14	2660000	2680000	0	0	0	0		0	
14	2680000	2700000	0	0	0	0		0	
14	2700000	2720000	0	0	0	0		0	
14	2720000	2740000	0	0	0	0		0	
14	2740000	2760000	0	0	0	0		0	
14	2760000	2780000	0	0	0	0		0	
14	2780000	2800000	0	0	0	0		0	
14	2800000	2820000	0	0	0	0		0	
14	2820000	2840000	0	0	0	0		0	
14	2840000	2860000	0	0	0	0		0	
14	2860000	2880000	0	0	0	0		0	
14	2880000	2900000	0	0	0	0		0	
14	2900000	2920000	0	0	0	0		0	
14	2920000	2940000	0	0	0	0		0	
14	2940000	2960000	0	0	0	0		0	
14	2960000	2980000	0	0	0	0		0	
14	2980000	3000000	0	0	0	0		0	
14	3000000	3020000	0	0	0	0		0	
14	3020000	3040000	0	0	0	0		0	
14	3040000	3060000	0	0	0	0		0	
14	3060000	3080000	0	0	0	0		0	
14	3080000	3100000	0	0	0	0		0	
14	3100000	3120000	0	0	0	0		0	
14	3120000	3140000	0	0	0	0		0	
14	3140000	3160000	0	0	0	0		0	
14	3160000	3180000	0	0	0	0		0	
14	3180000	3200000	0	0	0	0		0	
14	3200000	3220000	0	0	0	0		0	
14	3220000	3240000	0	0	0	0		0	
14	3240000	3260000	0	0	0	0		0	
14	3260000	3280000	0	0	0	0		0	
14	3280000	3300000	0	0	0	0		0	
14	3300000	3320000	0	0	0	0		0	
14	3320000	3340000	0	0	0	0		0	
14	3340000	3360000	0	0	0	0		0	
14	3360000	3380000	0	0	0	0		0	
14	3380000	3400000	0	0	0	0		0	
14	3400000	3420000	0	0	0	0		0	
14	3420000	3440000	0	0	0	0		0	
14	3440000	3460000	0	0	0	0		0	
14	3460000	3480000	0	0	0	0		0	
14	3480000	3500000	0	0	0	0		0	
14	3500000	3520000	0	0	0	0		0	
14	3520000	3540000	0	0	0	0		0	
14	3540000	3560000	0	0	0	0		0	
14	3560000	3580000	0	0	0	0		0	
14	3580000	3600000	0	0	0	0		0	
14	3600000	3620000	0	0	0	0		0	
14	3620000	3640000	0	0	0	0		0	
14	3640000	3660000	0	0	0	0		0	
14	3660000	3680000	0	0	0	0		0	
14	3680000	3700000	0	0	0	0		0	
14	3700000	3720000	0	0	0	0		0	
14	3720000	3740000	0	0	0	0		0	
14	3740000	3760000	0	0	0	0		0	
14	3760000	3780000	0	0	0	0		0	
14	3780000	3800000	0	0	0	0		0	
14	3800000	3820000	0	0	0	0		0	
14	3820000	3840000	0	0	0	0		0	
14	3840000	3860000	0	0	0	0		0	
14	3860000	3880000	0	0	0	0		0	
14	3880000	3900000	0	0	0	0		0	
14	3900000	3920000	0	0	0	0		0	
14	3920000	3940000	0	0	0	0		0	
14	3940000	3960000	0	0	0	0		0	
14	3960000	3980000	0	0	0	0		0	
14	3980000	4000000	0	0	0	0		0	
14	4000000	4020000	0	0	0	0		0	
14	4020000	4040000	0	0	0	0		0	
14	4040000	4060000	0	0	0	0		0	
14	4060000	4080000	0	0	0	0		0	
14	4080000	4100000	0	0	0	0		0	
14	4100000	4120000	0	0	0	0		0	
14	4120000	4140000	0	0	0	0		0	
14	4140000	4160000	0	0	0	0		0	
14	4160000	4180000	0	0	0	0		0	
14	4180000	4200000	0	0	0	0		0	
14	4200000	4220000	0	0	0	0		0	
14	4220000	4240000	0	0	0	0		0	
14	4240000	4260000	0	0	0	0		0	
14	4260000	4280000	0	0	0	0		0	
14	4280000	4300000	0	0	0	0		0	
14	4300000	4320000	0	0	0	0		0	
14	4320000	4340000	0	0	0	0		0	
14	4340000	4360000	0	0	0	0		0	
14	4360000	4380000	0	0	0	0		0	
14	4380000	4400000	0	0	0	0		0	
14	4400000	4420000	0	0	0	0		0	
14	4420000	4440000	0	0	0	0		0	
14	4440000	4460000	0	0	0	0		0	
14	4460000	4480000	0	0	0	0		0	
14	4480000	4500000	0	0	0	0		0	
14	4500000	4520000	0	0	0	0		0	
14	4520000	4540000	0	0	0	0		0	
14	4540000	4560000	0	0	0	0		0	
14	4560000	4580000	0	0	0	0		0	
14	4580000	4600000	0	0	0	0		0	
14	4600000	4620000	0	0	0	0		0	
14	4620000	4640000	0	0	0	0		0	
14	4640000	4660000	0	0	0	0		0	
14	4660000	4680000	0	0	0	0		0	
14	4680000	4700000	0	0	0	0		0	
14	4700000	4720000	0	0	0	0		0	
14	4720000	4740000	0	0	0	0		0	
14	4740000	4760000	0	0	0	0		0	
14	4760000	4780000	0	0	0	0		0	
14	4780000	4800000	0	0	0	0		0	
14	4800000	4820000	0	0	0	0		0	
14	4820000	4840000	0	0	0	0		0	
14	4840000	4860000	0	0	0	0		0	
14	4860000	4880000	0	0	0	0		0	
14	4880000	4900000	0	0	0	0		0	
14	4900000	4920000	0	0	0	0		0	
14	4920000	4940000	0	0	0	0		0	
14	4940000	4960000	0	0	0	0		0	
14	4960000	4980000	0	0	0	0		0	
14	4980000	5000000	0	0	0	0		0	
14	5000000	5020000	0	0	0	0		0	
14	5020000	5040000	0	0	0	0		0	
14	5040000	5060000	0	0	0	0		0	
14	5060000	5080000	0	0	0	0		0	
14	5080000	5100000	0	0	0	0		0	
14	5100000	5120000	0	0	0	0		0	
14	5120000	5140000	0	0	0	0		0	
14	5140000	5160000	0	0	0	0		0	
14	5160000	5180000	0	0	0	0		0	
14	5180000	5200000	0	0	0	0		0	
14	5200000	5220000	0	0	0	0		0	
14	5220000	5240000	0	0	0	0		0	
14	5240000	5260000	0	0	0	0		0	
14	5260000	5280000	0	0	0	0		0	
14	5280000	5300000	0	0	0	0		0	
14	5300000	5320000	0	0	0	0		0	
14	5320000	5340000	0	0	0	0		0	
14	5340000	5360000	0	0	0	0		0	
14	5360000	5380000	0	0	0	0		0	
14	5380000	5400000	0	0	0	0		0	
14	5400000	5420000	0	0	0	0		0	
14	5420000	5440000	0	0	0	0		0	
14	5440000	5460000	0	0	0	0		0	
14	5460000	5480000	0	0	0	0		0	
14	5480000	5500000	0	0	0	0		0	
14	5500000	5520000	0	0	0	0		0	
14	5520000	5540000	0	0	0	0		0	
14	5540000	5560000	0	0	0	0		0	
14	5560000	5580000	0	0	0	0		0	
14	5580000	5600000	0	0	0	0		0	
14	5600000	5620000	0	0	0	0		0	
14	5620000	5640000	0	0	0	0		0	
14	5640000	5660000	0	0	0	0		0	
14	5660000	5680000	0	0	0	0		0	
14	5680000	5700000	0	0	0	0		0	
14	5700000	5720000	0	0	0	0		0	
14	5720000	5740000	0	0	0	0		0	
14	5740000	5760000	0	0	0	0		0	
14	5760000	5780000	0	0	0	0		0	
14	5780000	5800000	0	0	0	0		0	
14	5800000	5820000	0	0	0	0		0	
14	5820000	5840000	0	0	0	0		0	
14	5840000	5860000	0	0	0	0		0	
14	5860000	5880000	0	0	0	0		0	
14	5880000	5900000	0	0	0	0		0	
14	5900000	5920000	0	0	0	0		0	
14	5920000	5940000	0	0	0	0		0	
14	5940000	5960000	0	0	0	0		0	
14	5960000	5980000	0	0	0	0		0	
14	5980000	6000000	0	0	0	0		0	
14	6000000	6020000	0	0	0	0		0	
14	6020000	6040000	0	0	0	0		0	
14	6040000	6060000	0	0	0	0		0	
14	6060000	6080000	0	0	0	0		0	
14	6080000	6100000	0	0	0	0		0	
14	6100000	6120000	0	0	0	0		0	
14	6120000	6140000	0	0	0	0		0	
14	6140000	6160000	0	0	0	0		0	
14	6160000	6180000	0	0	0	0		0	
14	6180000	6200000	0	0	0	0		0	
14	6200000	6220000	0	0	0	0		0	
14	6220000	6240000	0	0	0	0		0	
14	6240000	6260000	0	0	0	0		0	
14	6260000	6280000	0	0	0	0		0	
14	6280000	6300000	0	0	0	0		0	
14	6300000	6320000	0	0	0	0		0	
14	6320000	6340000	0	0	0	0		0	
14	6340000	6360000	0	0	0	0		0	
14	6360000	6380000	0	0	0	0		0	
14	6380000	6400000	0	0	0	0		0	
14	6400000	6420000	0	0	0	0		0	
14	6420000	6440000	0	0	0	0		0	
14	6440000	6460000	0	0	0	0		0	
14	6460000	6480000	0	0	0	0		0	
14	6480000	6500000	0	0	0	0		0	
14	6500000	6520000	0	0	0	0		0	
14	6520000	6540000	0	0	0	0		0	
14	6540000	6560000	0	0	0	0		0	
14	6560000	6580000	0	0	0	0		0	
14	6580000	6600000	0	0	0	0		0	
14	6600000	6620000	0	0	0	0		0	
14	6620000	6640000	0	0	0	0		0	
14	6640000	6660000	0	0	0	0		0	
14	6660000	6680000	0	0	0	0		0	
14	6680000	6700000	0	0	0	0		0	
14	6700000	6720000	0	0	0	0		0	
14	6720000	6740000	0	0	0	0		0	
14	6740000	6760000	0	0	0	0		0	
14	6760000	6780000	0	0	0	0		0	
14	6780000	6800000	0	0	0	0		0	
14	6800000	6820000	0	0	0	0		0	
14	6820000	6840000	0	0	0	0		0	
14	6840000	6860000	0	0	0	0		0	
14	6860000	6880000	0	0	0	0		0	
14	6880000	6900000	0	0	0	0		0	
14	6900000	6920000	0	0	0	0		0	
14	6920000	6940000	0	0	0	0		0	
14	6940000	6960000	0	0	0	0		0	
14	6960000	6980000	0	0	0	0		0	
14	6980000	7000000	0	0	0	0		0	
14	7000000	7020000	0	0	0	0		0	
14	7020000	7040000	0	0	0	0		0	
14	7040000	7060000	0	0	0	0		0	
14	7060000	7080000	0	0	0	0		0	
14	7080000	7100000	0	0	0	0		0	
14	7100000	7120000	0	0	0	0		0	
14	7120000	7140000	0	0	0	0		0	
14	7140000	7160000	0	0	0	0		0	
14	7160000	7180000	0	0	0	0		0	
14	7180000	7200000	0	0	0	0		0	
14	7200000	7220000	0	0	0	0		0	
14	7220000	7240000	0	0	0	0		0	
14	7240000	7260000	0	0	0	0		0	
14	7260000	7280000	0	0	0	0		0	
14	7280000	7300000	0	0	0	0		0	
14	7300000	7320000	0	0	0	0		0	
14	7320000	7340000	0	0	0	0		0	
14	7340000	7360000	0	0	0	0		0	
14	7360000	7380000	0	0	0	0		0	
14	7380000	7400000	0	0	0	0		0	
14	7400000	7420000	0	0	0	0		0	
14	7420000	7440000	0	0	0	0		0	
14	7440000	7460000	0	0	0	0		0	
14	7460000	7480000	0	0	0	0		0	
14	7480000	7500000	0	0	0	0		0	
14	7500000	7520000	0	0	0	0		0	
14	7520000	7540000	0	0	0	0		0	
14	7540000	7560000	0	0	0	0		0	
14	7560000	7580000	0	0	0	0		0	
14	7580000	7600000	0	0	0	0		0	
14	7600000	7620000	0	0	0	0		0	
14	7620000	7640000	0	0	0	0		0	
14	7640000	7660000	0	0	0	0		0	
14	7660000	7680000	0	0	0	0		0	
14	7680000	7700000	0	0	0	0		0	
14	7700000	7720000	0	0	0	0		0	
14	7720000	7740000	0	0	0	0		0	
14	7740000	7760000	0	0	0	0		0	
14	7760000	7780000	0	0	0	0		0	
14	7780000	7800000	0	0	0	0		0	
14	7800000	7820000	0	0	0	0		0	
14	7820000	7840000	0	0	0	0		0	
14	7840000	7860000	0	0	0	0		0	
14	7860000	7880000	0	0	0	0		0	
14	7880000	7900000	0	0	0	0		0	
14	7900000	7920000	0	0	0	0		0	
14	7920000	7940000	0	0	0	0		0	
14	7940000	7960000	0	0	0	0		0	
14	7960000	7980000	0	0	0	0		0	
14	7980000	8000000	0	0	0	0		0	
14	8000000	8020000	0	0	0	0		0	
14	8020000	8040000	0	0	0	0		0	
14	8040000	8060000	0	0	0	0		0	
14	8060000	8080000	0	0	0	0		0	
14	8080000	8100000	0	0	0	0		0	
14	8100000	8120000	0	0	0	0		0	
14	8120000	8140000	0	0	0	0		0	
14	8140000	8160000	0	0	0	0		0	
14	8160000	8180000	0	0	0	0		0	
14	8180000	8200000	0	0	0	0		0	
14	8200000	8220000	0	0	0	0		0	
14	8220000	8240000	0	0	0	0		0	
14	8240000	8260000	0	0	0	0		0	
14	8260000	8280000	0	0	0	0		0	
14	8280000	8300000	0	0	0	0		0	
14	8300000	8320000	0	0	0	0		0	
14	8320000	8340000	0	0	0	0		0	
14	8340000	8360000	0	0	0	0		0	
14	8360000	8380000	0	0	0	0		0	
14	8380000	8400000	0	0	0	0		0	
14	8400000	8420000	0	0	0	0		0	
14	8420000	8440000	0	0	0	0		0	
14	8440000	8460000	0	0	0	0		0	
14	8460000	8480000	0	0	0	0		0	
14	8480000	8500000	0	0	0	0		0	
14	8500000	8520000	0	0	0	0		0	
14	8520000	8540000	0	0	0	0		0	
14	8540000	8560000	0	0	0	0		0	
14	8560000	8580000	0	0	0	0		0	
14	8580000	8600000	0	0	0	0		0	
14	8600000	8620000	0	0	0	0		0	
14	8620000	8640000	0	0	0	0		0	
14	8640000	8660000	0	0	0	0		0	
14	8660000	8680000	0	0	0	0		0	
14	8680000	8700000	0	0	0	0		0	
14	8700000	8720000	0	0	0	0		0	
14	8720000	8740000	0	0	0	0		0	
14	8740000	8760000	0	0	0	0		0	
14	8760000	8780000	0	0	0	0		0	
14	8780000	8800000	0	0	0	0		0	
14	8800000	8820000	0	0	0	0		0	
14	8820000	8840000	0	0	0	0		0	
14	8840000	8860000	0	0	0	0		0	
14	8860000	8880000	0	0	0	0		0	
14	8880000	8900000	0	0	0	0		0	
14	8900000	8920000	0	0	0	0		0	
14	8920000	8940000	0	0	0	0		0	
14	8940000	8960000	0	0	0	0		0	
14	8960000	8980000	0	0	0	0		0	
14	8980000	9000000	0	0	0	0		0	
14	9000000	9020000	0	0	0	0		0	
14	9020000	9040000	0	0	0	0		0	
14	9040000	9060000	0	0	0	0		0	
14	9060000	9080000	0	0	0	0		0	
14	9080000	9100000	0	0	0	0		0	
14	9100000	9120000	0	0	0	0		0	
14	9120000	9140000	0	0	0	0		0	
14	9140000	9160000	0	0	0	0		0	
14	9160000	9180000	0	0	0	0		0	
14	9180000	9200000	0	0	0	0		0	
14	9200000	9220000	0	0	0	0		0	
14	9220000	9240000	0	0	0	0		0	
14	9240000	9260000	0	0	0	0		0	
14	9260000	9280000	0	0	0	0		0	
14	9280000	9300000	0	0	0	0		0	
14	9300000	9320000	0	0	0	0		0	
14	9320000	9340000	0	0	0	0		0	
14	9340000	9360000	0	0	0	0		0	
14	9360000	9380000	0	0	0	0		0	
14	9380000	9400000	0	0	0	0		0	
14	9400000	9420000	0	0	0	0		0	
14	9420000	9440000	0	0	0	0		0	
14	9440000	9460000	0	0	0	0		0	
14	9460000	9480000	0	0	0	0		0	
14	9480000	9500000	0	0	0	0		0	
14	9500000	9520000	0	0	0	0		0	
14	9520000	9540000	0	0	0	0		0	
14	9540000	9560000	0	0	0	0		0	
14	9560000	9580000	0	0	0	0		0	
14	9580000	9600000	0	0	0	0		0	
14	9600000	9620000	0	0	0	0		0	
14	9620000	9640000	0	0	0	0		0	
14	9640000	9660000	0	0	0	0		0	
14	9660000	9680000	0	0	0	0		0	
14	9680000	9700000	0	0	0	0		0	
14	9700000	9720000	0	0	0	0		0	
14	9720000	9740000	0	0	0	0		0	
14	9740000	9760000	0	0	0	0		0	
14	9760000	9780000	0	0	0	0		0	
14	9780000	9800000	0	0	0	0		0	
14	9800000	9820000	0	0	0	0		0	
14	9820000	9840000	0	0	0	0		0	
14	9840000	9860000	0	0	0	0		0	
14	9860000	9880000	0	0	0	0		0	
14	9880000	9900000	0	0	0	0		0	
14	9900000	9920000	0	0	0	0		0	
14	9920000	9940000	0	0	0	0		0	
14	9940000	9960000	0	0	0	0		0	
14	9960000	9980000	0	0	0	0		0	
14	9980000	10000000	0	0	0	0		0	
14	10000000	10020000	0	0	0	0		0	
14	10020000	10040000	0	0	0	0		0	
14	10040000	10060000	0	0	0	0		0	
14	10060000	10080000	0	0	0	0		0	
14	10080000	10100000	0	0	0	0		0	
14	10100000	10120000	0	0	0	0		0	
14	10120000	10140000	0	0	0	0		0	
14	10140000	10160000	0	0	0	0		0	
14	10160000	10180000	0	0	0	0		0	
14	10180000	10200000	0	0	0	0		0	
14	10200000	10220000	0	0	0	0		0	
14	10220000	10240000	0	0	0	0		0	
14	10240000	10260000	0	0	0	0		0	
14	10260000	10280000	0	0	0	0		0	
14	10280000	10300000	0	0	0	0		0	
14	10300000	10320000	0	0	0	0		0	
14	10320000	10340000	0	0	0	0		0	
14	10340000	10360000	0	0	0	0		0	
14	10360000	10380000	0	0	0	0		0	
14	10380000	10400000	0	0	0	0		0	
14	10400000	10420000	0	0	0	0		0	
14	10420000	10440000	0	0	0	0		0	
14	10440000	10460000	0	0	0	0		0	
14	10460000	10480000	0	0	0	0		0	
14	10480000	10500000	0	0	0	0		0	
14	10500000	10520000	0	0	0	0		0	
14	10520000	10540000	0	0	0	0		0	
14	10540000	10560000	0	0	0	0		0	
14	10560000	10580000	0	0	0	0		0	
14	10580000	10600000	0	0	0	0		0	
14	10600000	10620000	0	0	0	0		0	
14	10620000	10640000	0	0	0	0		0	
14	10640000	10660000	0	0	0	0		0	
14	10660000	10680000	0	0	0	0		0	
14	10680000	10700000	0	0	0	0		0	
14	10700000	10720000	0	0	0	0		0	
14	10720000	10740000	0	0	0	0		0	
14	10740000	10760000	0	0	0	0		0	
14	10760000	10780000	0	0	0	0		0	
14	10780000	10800000	0	0	0	0		0	
14	10800000	10820000	0	0	0	0		0	
14	10820000	10840000	0	0	0	0		0	
14	10840000	10860000	0	0	0	0		0	
14	10860000	10880000	0	0	0	0		0	
14	10880000	10900000	0	0	0	0		0	
14	10900000	10920000	0	0	0	0		0	
14	10920000	10940000	0	0	0	0		0	
14	10940000	10960000	0	0	0	0		0	
14	10960000	10980000	0	0	0	0		0	
14	10980000	11000000	0	0	0	0		0	
14	11000000	11020000	0	0	0	0		0	
14	11020000	11040000	0	0	0	0		0	
14	11040000	11060000	0	0	0	0		0	
14	11060000	11080000	0	0	0	0		0	
14	11080000	11100000	0	0	0	0		0	
14	11100000	11120000	0	0	0	0		0	
14	11120000	11140000	0	0	0	0		0	
14	11140000	11160000	0	0	0	0		0	
14	11160000	11180000	0	0	0	0		0	
14	11180000	11200000	0	0	0	0		0	
14	11200000	11220000	0	0	0	0		0	
14	11220000	11240000	0	0	0	0		0	
14	11240000	11260000	0	0	0	0		0	
14	11260000	11280000	0	0	0	0		0	
14	11280000	11300000	0	0	0	0		0	
14	11300000	11320000	0	0	0	0		0	
14	11320000	11340000	0	0	0	0		0	
14	11340000	11360000	0	0	0	0		0	
14	11360000	11380000	0	0	0	0		0	
14	11380000	11400000	0	0	0	0		0	
14	11400000	11420000	0	0	0	0		0	
14	11420000	11440000	0	0	0	0		0	
14	11440000	11460000	0	0	0	0		0	
14	11460000	11480000	0	0	0	0		0	
14	11480000	11500000	0	0	0	0		0	
14	11500000	11520000	0	0	0	0		0	
14	11520000	11540000	0	0	0	0		0	
14	11540000	11560000	0	0	0	0		0	
14	11560000	11580000	0	0	0	0		0	
14	11580000	11600000	0	0	0	0		0	
14	11600000	11620000	0	0	0	0		0	
14	11620000	11640000	0	0	0	0		0	
14	11640000	11660000	0	0	0	0		0	
14	11660000	11680000	0	0	0	0		0	
14	11680000	11700000	0	0	0	0		0	
14	11700000	11720000	0	0	0	0		0	
14	11720000	11740000	0	0	0	0		0	
14	11740000	11760000	0	0	0	0		0	
14	11760000	11780000	0	0	0	0		0	
14	11780000	11800000	0	0	0	0		0	
14	11800000	11820000	0	0	0	0		0	
14	11820000	11840000	0	0	0	0		0	
14	11840000	11860000	0	0	0	0		0	
14	11860000	11880000	0	0	0	0		0	
14	11880000	11900000	0	0	0	0		0	
14	11900000	11920000	0	0	0	0		0	
14	11920000	11940000	0	0	0	0		0	
14	11940000	11960000	0	0	0	0		0	
14	11960000	11980000	0	0	0	0		0	
14	11980000	12000000	0	0	0	0		0	
14	12000000	12020000	0	0	0	0		0	
14	12020000	12040000	0	0	0	0		0	
14	12040000	12060000	0	0	0	0		0	
14	12060000	12080000	0	0	0	0		0	
14	12080000	12100000	0	0	0	0		0	
14	12100000	12120000	0	0	0	0		0	
14	12120000	12140000	0	0	0	0		0	
14	12140000	12160000	0	0	0	0		0	
14	12160000	12180000	0	0	0	0		0	
14	12180000	12200000	0	0	0	0		0	
14	12200000	12220000	0	0	0	0		0	
14	12220000	12240000	0	0	0	0		0	
14	12240000	12260000	0	0	0	0		0	
14	12260000	12280000	0	0	0	0		0	
14	12280000	12300000	0	0	0	0		0	
14	12300000	12320000	0	0	0	0		0	
14	12320000	12340000	0	0	0	0		0	
14	12340000	12360000	0	0	0	0		0	
14	12360000	12380000	0	0	0	0		0	
14	12380000	12400000	0	0	0	0		0	
14	12400000	12420000	0	0	0	0		0	
14	12420000	12440000	0	0	0	0		0	
14	12440000	12460000	0	0	0	0		0	
14	12460000	12480000	0	0	0	0		0	
14	12480000	12500000	0	0	0	0		0	
14	12500000	12520000	0	0	0	0		0	
14	12520000	12540000	0	0	0	0		0	
14	12540000	12560000	0	0	0	0		0	
14	12560000	12580000	0	0	0	0		0	
14	12580000	12600000	0	0	0	0		0	
14	12600000	12620000	0	0	0	0		0	
14	12620000	12640000	0	0	0	0		0	
14	12640000	12660000	0	0	0	0		0	
14	12660000	12680000	0	0	0	0		0	
14	12680000	12700000	0	0	0	0		0	
14	12700000	12720000	0	0	0	0		0	
14	12720000	12740000	0	0	0	0		0	
14	12740000	12760000	0	0	0	0		0	
14	12760000	12780000	0	0	0	0		0	
14	12780000	12800000	0	0	0	0		0	
14	12800000	12820000	0	0	0	0		0	
14	12820000	12840000	0	0	0	0		0	
14	12840000	12860000	0	0	0	0		0	
14	12860000	12880000	0	0	0	0		0	
14	12880000	12900000	0	0	0	0		0	
14	12900000	12920000	0	0	0	0		0	
14	12920000	12940000	0	0	0	0		0	
14	12940000	12960000	0	0	0	0		0	
14	12960000	12980000	0	0	0	0		0	
14	12980000	13000000	0	0	0	0		0	
14	13000000	13020000	0	0	0	0		0	
14	13020000	13040000	0	0	0	0		0	
14	13040000	13060000	0	0	0	0		0	
14	13060000	13080000	0	0	0	0		0	
14	13080000	13100000	0	0	0	0		0	
14	13100000	13120000	0	0	0	0		0	
14	13120000	13140000	0	0	0	0		0	
14	13140000	13160000	0	0	0	0		0	
14	13160000	13180000	0	0	0	0		0	
14	13180000	13200000	0	0	0	0		0	
14	13200000	13220000	0	0	0	0		0	
14	13220000	13240000	0	0	0	0		0	
14	13240000	13260000	0	0	0	0		0	
14	13260000	13280000	0	0	0	0		0	
14	13280000	13300000	0	0	0	0		0	
14	13300000	13320000	0	0	0	0		0	
14	13320000	13340000	0	0	0	0		0	
14	13340000	13360000	0	0	0	0		0	
14	13360000	13380000	0	0	0	0		0	
14	13380000	13400000	0	0	0	0		0	
14	13400000	13420000	0	0	0	0		0	
14	13420000	13440000	0	0	0	0		0	
14	13440000	13460000	0	0	0	0		0	
14	13460000	13480000	0	0	0	0		0	
14	13480000	13500000	0	0	0	0		0	
14	13500000	13520000	0	0	0	0		0	
14	13520000	13540000	0	0	0	0		0	
14	13540000	13560000	0	0	0	0		0	
14	13560000	13580000	0	0	0	0		0	
14	13580000	13600000	0	0	0	0		0	
14	13600000	13620000	0	0	0	0		0	
14	13620000	13640000	0	0	0	0		0	
14	13640000	13660000	0	0	0	0		0	
14	13660000	13680000	0	0	0	0		0	
14	13680000	13700000	0	0	0	0		0	
14	13700000	13720000	0	0	0	0		0	
14	13720000	13740000	0	0	0	0		0	
14	13740000	13760000	0	0	0	0		0	
14	13760000	13780000	0	0	0	0		0	
14	13780000	13800000	0	0	0	0		0	
14	13800000	13820000	0	0	0	0		0	
14	13820000	13840000	0	0	0	0		0	
14	13840000	13860000	0	0	0	0		0	
14	13860000	13880000	0	0	0	0		0	
14	13880000	13900000	0	0	0	0		0	
14	13900000	13920000	0	0	0	0		0	
14	13920000	13940000	0	0	0	0		0	
14	13940000	13960000	0	0	0	0		0	
14	13960000	13980000	0	0	0	0		0	
14	13980000	14000000	0	0	0	0		0	
14	14000000	14020000	0	0	0	0		0	
14	14020000	14040000	0	0	0	0		0	
14	14040000	14060000	0	0	0	0		0	
14	14060000	14080000	0	0	0	0		0	
14	14080000	14100000	0	0	0	0		0	
14	14100000	14120000	0	0	0	0		0	
14	14120000	14140000	0	0	0	0		0	
14	14140000	14160000	0	0	0	0		0	
14	14160000	14180000	0	0	0	0		0	
14	14180000	14200000	0	0	0	0		0	
14	14200000	14220000	0	0	0	0		0	
14	14220000	14240000	0	0	0	0		0	
14	14240000	14260000	0	0	0	0		0	
14	14260000	14280000	0	0	0	0		0	
14	14280000	14300000	0	0	0	0		0	
14	14300000	14320000	0	0	0	0		0	
14	14320000	14340000	0	0	0	0		0	
14	14340000	14360000	0	0	0	0		0	
14	14360000	14380000	0	0	0	0		0	
14	14380000	14400000	0	0	0	0		0	
14	14400000	14420000	0	0	0	0		0	
14	14420000	14440000	0	0	0	0		0	
14	14440000	14460000	0	0	0	0		0	
14	14460000	14480000	0	0	0	0		0	
14	14480000	14500000	0	0	0	0		0	
14	14500000	14520000	0	0	0	0		0	
14	14520000	14540000	0	0	0	0		0	
14	14540000	14560000	0	0	0	0		0	
14	14560000	14580000	0	0	0	0		0	
14	14580000	14600000	0	0	0	0		0	
14	14600000	14620000	0	0	0	0		0	
14	14620000	14640000	0	0	0	0		0	
14	14640000	14660000	0	0	0	0		0	
14	14660000	14680000	0	0	0	0		0	
14	14680000	14700000	0	0	0	0		0	
14	14700000	14720000	0	0	0	0		0	
14	14720000	14740000	0	0	0	0		0	
14	14740000	14760000	0	0	0	0		0	
14	14760000	14780000	0	0	0	0		0	
14	14780000	14800000	0	0	0	0		0	
14	14800000	14820000	0	0	0	0		0	
14	14820000	14840000	0	0	0	0		0	
14	14840000	14860000	0	0	0	0		0	
14	14860000	14880000	0	0	0	0		0	
14	14880000	14900000	0	0	0	0		0	
14	14900000	14920000	0	0	0	0		0	
14	14920000	14940000	0	0	0	0		0	
14	14940000	14960000	0	0	0	0		0	
14	14960000	14980000	0	0	0	0		0	
14	14980000	15000000	0	0	0	0		0	
14	15000000	15020000	0	0	0	0		0	
14	15020000	15040000	0	0	0	0		0	
14	15040000	15060000	0	0	0	0		0	
14	15060000	15080000	0	0	0	0		0	
14	15080000	15100000	0	0	0	0		0	
14	15100000	15120000	0	0	0	0		0	
14	15120000	15140000	0	0	0	0		0	
14	15140000	15160000	0	0	0	0		0	
14	15160000	15180000	0	0	0	0		0	
14	15180000	15200000	0	0	0	0		0	
14	15200000	15220000	0	0	0	0		0	
14	15220000	15240000	0	0	0	0		0	
14	15240000	15260000	0	0	0	0		0	
14	15260000	15280000	0	0	0	0		0	
14	15280000	15300000	0	0	0	0		0	
14	15300000	15320000	0	0	0	0		0	
14	15320000	15340000	0	0	0	0		0	
14	15340000	15360000	0	0	0	0		0	
14	15360000	15380000	0	0	0	0		0	
14	15380000	15400000	0	0	0	0		0	
14	15400000	15420000	0	0	0	0		0	
14	15420000	15440000	0	0	0	0		0	
14	15440000	15460000	0	0	0	0		0	
14	15460000	15480000	0	0	0	0		0	
14	15480000	15500000	0	0	0	0		0	
14	15500000	15520000	0	0	0	0		0	
14	15520000	15540000	0	0	0	0		0	
14	15540000	15560000	0	0	0	0		0	
14	15560000	15580000	0	0	0	0		0	
14	15580000	15600000	0	0	0	0		0	
14	15600000	15620000	0	0	0	0		0	
14	15620000	15640000	0	0	0	0		0	
14	15640000	15660000	0	0	0	0		0	
14	15660000	15680000	0	0	0	0		0	
14	15680000	15700000	0	0	0	0		0	
14	15700000	15720000	0	0	0	0		0	
14	15720000	15740000	0	0	0	0		0	
14	15740000	15760000	0	0	0	0		0	
14	15760000	15780000	0	0	0	0		0	
14	15780000	15800000	0	0	0	0		0	
14	15800000	15820000	0	0	0	0		0	
14	15820000	15840000	0	0	0	0		0	
14	15840000	15860000	0	0	0	0		0	
14	15860000	15880000	0	0	0	0		0	
14	15880000	15900000	0	0	0	0		0	
14	15900000	15920000	0	0	0	0		0	
14	15920000	15940000	0	0	0	0		0	
14	15940000	15960000	0	0	0	0		0	
14	15960000	15980000	0	0	0	0		0	
14	15980000	16000000	0	0	0	0		0	
14	16000000	16020000	0	0	0	0		0	
14	16020000	16040000	0	0	0	0		0	
14	16040000	16060000	0	0	0	0		0	
14	16060000	16080000	0	0	0	0		0	
14	16080000	16100000	0	0	0	0		0	
14	16100000	16120000	0	0	0	0		0	
14	16120000	16140000	0	0	0	0		0	
14	16140000	16160000	0	0	0	0		0	
14	16160000	16180000	0	0	0	0		0	
14	16180000	16200000	0	0	0	0		0	
14	16200000	16220000	0	0	0	0		0	
14	16220000	16240000	0	0	0	0		0	
14	16240000	16260000	0	0	0	0		0	
14	16260000	16280000	0	0	0	0		0	
14	16280000	16300000	0	0	0	0		0	
14	16300000	16320000	0	0	0	0		0	
14	16320000	16340000	0	0	0	0		0	
14	16340000	16360000	0	0	0	0		0	
14	16360000	16380000	0	0	0	0		0	
14	16380000	16400000	0	0	0	0		0	
14	16400000	16420000	0	0	0	0		0	
14	16420000	16440000	0	0	0	0		0	
14	16440000	16460000	0	0	0	0		0	
14	16460000	16480000	0	0	0	0		0	
14	16480000	16500000	0	0	0	0		0	
14	16500000	16520000	0	0	0	0		0	
14	16520000	16540000	0	0	0	0		0	
14	16540000	16560000	0	0	0	0		0	
14	16560000	16580000	0	0	0	0		0	
14	16580000	16600000	0	0	0	0		0	
14	16600000	16620000	0	0	0	0		0	
14	16620000	16640000	0	0	0	0		0	
14	16640000	16660000	0	0	0	0		0	
14	16660000	16680000	0	0	0	0		0	
14	16680000	16700000	0	0	0	0		0	
14	16700000	16720000	0	0	0	0		0	
14	16720000	16740000	0	0	0	0		0	
14	16740000	16760000	0	0	0	0		0	
14	16760000	16780000	0	0	0	0		0	
14	16780000	16800000	0	0	0	0		0	
14	16800000	16820000	0	0	0	0		0	
14	16820000	16840000	0	0	0	0		0	
14	16840000	16860000	0	0	0	0		0	
14	16860000	16880000	0	0	0	0		0	
14	16880000	16900000	0	0	0	0		0	
14	16900000	16920000	0	0	0	0		0	
14	16920000	16940000	0	0	0	0		0	
14	16940000	16960000	0	0	0	0		0	
14	16960000	16980000	0	0	0	0		0	
14	16980000	17000000	0	0	0	0		0	
14	17000000	17020000	0	0	0	0		0	
14	17020000	17040000	0	0	0	0		0	
14	17040000	17060000	0	0	0	0		0	
14	17060000	17080000	0	0	0	0		0	
14	17080000	17100000	0	0	0	0		0	
14	17100000	17120000	0	0	0	0		0	
14	17120000	17140000	0	0	0	0		0	
14	17140000	17160000	0	0	0	0		0	
14	17160000	17180000	0	0	0	0		0	
14	17180000	17200000	0	0	0	0		0	
14	17200000	17220000	0	0	0	0		0	
14	17220000	17240000	0	0	0	0		0	
14	17240000	17260000	0	0	0	0		0	
14	17260000	17280000	0	0	0	0		0	
14	17280000	17300000	0	0	0	0		0	
14	17300000	17320000	0	0	0	0		0	
14	17320000	17340000	0	0	0	0		0	
14	17340000	17360000	0	0	0	0		0	
14	17360000	17380000	0	0	0	0		0	
14	17380000	17400000	0	0	0	0		0	
14	17400000	17420000	0	0	0	0		0	
14	17420000	17440000	0	0	0	0		0	
14	17440000	17460000	0	0	0	0		0	
14	17460000	17480000	0	0	0	0		0	
14	17480000	17500000	0	0	0	0		0	
14	17500000	17520000	0	0	0	0		0	
14	17520000	17540000	0	0	0	0		0	
14	17540000	17560000	0	0	0	0		0	
14	17560000	17580000	0	0	0	0		0	
14	17580000	17600000	0	0	0	0		0	
14	17600000	17620000	0	0	0	0		0	
14	17620000	17640000	0	0	0	0		0	
14	17640000	17660000	0	0	0	0		0	
14	17660000	17680000	0	0	0	0		0	
14	17680000	17700000	0	0	0	0		0	
14	17700000	17720000	0	0	0	0		0	
14	17720000	17740000	0	0	0	0		0	
14	17740000	17760000	0	0	0	0		0	
14	17760000	17780000	0	0	0	0		0	
14	17780000	17800000	0	0	0	0		0	
14	17800000	17820000	0	0	0	0		0	
14	17820000	17840000	0	0	0	0		0	
14	17840000	17860000	0	0	0	0		0	
14	17860000	17880000	0	0	0	0		0	
14	17880000	17900000	0	0	0	0		0	
14	17900000	17920000	0	0	0	0		0	
14	17920000	17940000	0	0	0	0		0	
14	17940000	17960000	0	0	0	0		0	
14	17960000	17980000	0	0	0	0		0	
14	17980000	18000000	0	0	0	0		0	
14	18000000	18020000	0	0	0	0		0	
14	18020000	18040000	0	0	0	0		0	
14	18040000	18060000	0	0	0	0		0	
14	18060000	18080000	0	0	0	0		0	
14	18080000	18100000	0	0	0	0		0	
14	18100000	18120000	0	0	0	0		0	
14	18120000	18140000	0	0	0	0		0	
14	18140000	18160000	0	0	0	0		0	
14	18160000	18180000	0	0	0	0		0	
14	18180000	18200000	0	0	0	0		0	
14	18200000	18220000	0	0	0	0		0	
14	18220000	18240000	0	0	0	0		0	
14	18240000	18260000	0	0	0	0		0	
14	18260000	18280000	0	0	0	0		0	
14	18280000	18300000	0	0	0	0		0	
14	18300000	18320000	0	0	0	0		0	
14	18320000	18340000	0	0	0	0		0	
14	18340000	18360000	0	0	0	0		0	
14	18360000	18380000	0	0	0	0		0	
14	18380000	18400000	0	0	0	0		0	
14	18400000	18420000	0	0	0	0		0	
14	18420000	18440000	0	0	0	0		0	
14	18440000	18460000	0	0	0	0		0	
14	18460000	18480000	0	0	0	0		0	
14	18480000	18500000	0	0	0	0		0	
14	18500000	18520000	0	0	0	0		0	
14	18520000	18540000	0	0	0	0		0	
14	18540000	18560000	0	0	0	0		0	
14	18560000	18580000	0	0	0	0		0	
14	18580000	18600000	0	0	0	0		0	
14	18600000	18620000	0	0	0	0		0	
14	18620000	18640000	0	0	0	0		0	
14	18640000	18660000	0	0	0	0		0	
14	18660000	18680000	0	0	0	0		0	
14	18680000	18700000	0	0	0	0		0	
14	18700000	18720000	0	0	0	0		0	
14	18720000	18740000	0	0	0	0		0	
14	18740000	18760000	0	0	0	0		0	
14	18760000	18780000	0	0	0	0		0	
14	18780000	18800000	0	0	0	0		0	
14	18800000	18820000	0	0	0	0		0	
14	18820000	18840000	0	0	0	0		0	
14	18840000	18860000	0	0	0	0		0	
14	18860000	18880000	0	0	0	0		0	
14	18880000	18900000	0	0	0	0		0	
14	18900000	18920000	0	0	0	0		0	
14	18920000	18940000	0	0	0	0		0	
14	18940000	18960000	0	0	0	0		0	
14	18960000	18980000	0	0	0	0		0	
14	18980000	19000000	0	0	0	0		0	
14	19000000	19020000	0	0	19995	0		0.99975	
14	19020000	19040000	0	0	20000	0		1	
14	19040000	19060000	0	0	18429	0		0.92145	
14	19060000	19080000	0	0	14822	4		0.7411	0
14	19080000	19100000	1	1	10279	1	1	0.51395	1
14	19100000	19120000	41	2	9059	44	0.0487805	0.45295	0.931818
14	19120000	19140000	0	0	16675	0		0.83375	
14	19140000	19160000	0	0	13258	0		0.6629	
14	19160000	19180000	0	0	11145	0		0.55725	
14	19180000	19200000	0	0	12947	0		0.64735	
14	19200000	19220000	0	0	19971	0		0.99855	
14	19220000	19240000	0	0	20000	0		1	
14	19240000	19260000	0	0	20000	0		1	
14	19260000	19280000	0	0	20000	0		1	
14	19280000	19300000	0	0	20000	0		1	
14	19300000	19320000	0	0	20000	0		1	
14	19320000	19340000	0	0	11309	0		0.56545	
14	19340000	19360000	0	0	14454	0		0.7227	
14	19360000	19380000	0	0	5549	0		0.27745	
14	19380000	19400000	0	0	10868	0		0.5434	
14	19400000	19420000	0	0	4113	0		0.20565	
14	19420000	19440000	0	0	8024	0		0.4012	
14	19440000	19460000	0	0	12168	0		0.6084	
14	19460000	19480000	0	0	11109	0		0.55545	
14	19480000	19500000	0	0	6204	0		0.3102	
14	19500000	19520000	0	0	12829	0		0.64145	
14	19520000	19540000	0	0	15820	0		0.791	
14	19540000	19560000	0	0	9543	0		0.47715	
14	19560000	19580000	0	0	6602	0		0.3301	
14	19580000	19600000	0	0	7731	0		0.38655	
14	19600000	19620000	0	0	7505	0		0.37525	
14	19620000	19640000	0	0	7770	0		0.3885	
14	19640000	19660000	0	0	9221	0		0.46105	
14	19660000	19680000	0	0	12247	0		0.61235	
14	19680000	19700000	0	0	7177	0		0.35885	
14	19700000	19720000	0	0	9781	0		0.48905	
14	19720000	19740000	0	0	7792	0		0.3896	
14	19740000	19760000	0	0	5299	0		0.26495	
14	19760000	19780000	0	0	10753	0		0.53765	
14	19780000	19800000	0	0	11159	0		0.55795	
14	19800000	19820000	0	0	8706	0		0.4353	
14	19820000	19840000	0	0	6979	0		0.34895	
14	19840000	19860000	0	0	7136	0		0.3568	
14	19860000	19880000	0	0	10703	0		0.53515	
14	19880000	19900000	0	0	6613	0		0.33065	
14	19900000	19920000	0	0	11250	0		0.5625	
14	19920000	19940000	0	0	9762	0		0.4881	
14	19940000	19960000	0	0	8205	0		0.41025	
14	19960000	19980000	0	0	4962	0		0.2481	
14	19980000	20000000	0	0	10606	0		0.5303	
14	20000000	20020000	0	0	5929	0		0.29645	
14	20020000	20040000	0	0	12848	0		0.6424	
14	20040000	20060000	0	0	15243	0		0.76215	
14	20060000	20080000	0	0	8420	0		0.421	
14	20080000	20100000	0	0	6805	0		0.34025	
14	20100000	20120000	0	0	12425	0		0.62125	
14	20120000	20140000	0	0	8816	0		0.4408	
14	20140000	20160000	0	0	3877	0		0.19385	
14	20160000	20180000	0	0	10862	0		0.5431	
14	20180000	20200000	0	0	12401	539		0.62005	0
14	20200000	20220000	194	7	8473	1142	0.0360825	0.42365	0.169877
14	20220000	20240000	1023	39	11837	1278	0.0381232	0.59185	0.800469
14	20240000	20260000	1773	71	8270	2472	0.0400451	0.4135	0.717233
14	20260000	20280000	152	5	14318	1721	0.0328947	0.7159	0.0883207
14	20280000	20300000	0	0	12815	531		0.64075	0
14	20300000	20320000	0	0	11042	1259		0.5521	0
14	20320000	20340000	0	0	10667	6722		0.53335	0
14	20340000	20360000	5716	40	11243	11001	0.0069979	0.56215	0.519589
14	20360000	20380000	11450	107	13502	11573	0.00934498	0.6751	0.989372
14	20380000	20400000	11602	96	10350	11720	0.00827444	0.5175	0.989932
14	20400000	20420000	5127	61	9914	5251	0.0118978	0.4957	0.976385
14	20420000	20440000	5545	34	10739	5616	0.00613165	0.53695	0.987358
14	20440000	20460000	1477	34	14049	1505	0.0230196	0.70245	0.981395
14	20460000	20480000	9963	71	13413	10570	0.00712637	0.67065	0.942573
14	20480000	20500000	11193	90	10079	12079	0.00804074	0.50395	0.92665
14	20500000	20520000	9981	63	11181	10277	0.00631199	0.55905	0.971198
14	20520000	20540000	10899	79	10402	11237	0.00724837	0.5201	0.969921
14	20540000	20560000	6628	52	14860	7001	0.0078455	0.743	0.946722
14	20560000	20580000	8313	70	12701	8465	0.00842055	0.63505	0.982044
14	20580000	20600000	9681	100	12026	9829	0.0103295	0.6013	0.984943
14	20600000	20620000	10616	83	10422	10706	0.00781839	0.5211	0.991593
14	20620000	20640000	0	0	16253	7600		0.81265	0
14	20640000	20660000	5499	66	9311	9023	0.0120022	0.46555	0.609443
14	20660000	20680000	3354	28	8641	11564	0.00834824	0.43205	0.290038
14	20680000	20700000	903	8	9538	9674	0.00885936	0.4769	0.093343
14	20700000	20720000	4658	33	14729	5785	0.00708459	0.73645	0.805186
14	20720000	20740000	7797	47	15343	8023	0.00602796	0.76715	0.971831
14	20740000	20760000	5374	30	17298	5505	0.00558243	0.8649	0.976203
14	20760000	20780000	10125	63	8346	10211	0.00622222	0.4173	0.991578
14	20780000	20800000	8961	35	8118	9509	0.00390581	0.4059	0.94237
14	20800000	20820000	8671	44	10523	8776	0.00507439	0.52615	0.988036
14	20820000	20840000	9570	31	10526	9683	0.00323929	0.5263	0.98833
14	20840000	20860000	13116	58	4975	13429	0.00442208	0.24875	0.976692
14	20860000	20880000	9382	58	10498	9621	0.00618205	0.5249	0.975159
14	20880000	20900000	10634	70	9261	10751	0.00658266	0.46305	0.989117
14	20900000	20920000	11753	61	8028	11845	0.00519016	0.4014	0.992233
14	20920000	20940000	10422	49	5662	10529	0.00470159	0.2831	0.989838
14	20940000	20960000	10481	86	8509	10570	0.00820532	0.42545	0.99158
14	20960000	20980000	6649	55	11169	9120	0.00827192	0.55845	0.729057
14	20980000	21000000	10017	85	10474	10460	0.00848557	0.5237	0.957648
14	21000000	21020000	9414	61	12343	9500	0.00647971	0.61715	0.990947
14	21020000	21040000	7873	60	11307	8860	0.00762098	0.56535	0.8886
14	21040000	21060000	10466	51	9740	10560	0.00487292	0.487	0.991098
14	21060000	21080000	9003	60	13504	9099	0.00666445	0.6752	0.989449
14	21080000	21100000	10911	51	7789	11189	0.00467418	0.38945	0.975154
14	21100000	21120000	8767	86	10359	8893	0.00980951	0.51795	0.985832
14	21120000	21140000	10239	76	8009	10401	0.0074226	0.40045	0.984425
14	21140000	21160000	10790	68	7789	10896	0.00630213	0.38945	0.990272
14	21160000	21180000	9729	91	12420	10116	0.00935348	0.621	0.961744
14	21180000	21200000	7371	69	13496	7616	0.00936101	0.6748	0.967831
14	21200000	21220000	8986	67	8460	9540	0.00745604	0.423	0.941929
14	21220000	21240000	10103	58	12108	10238	0.00574087	0.6054	0.986814
14	21240000	21260000	9801	68	12500	9903	0.00693807	0.625	0.9897
14	21260000	21280000	9884	64	13732	9992	0.00647511	0.6866	0.989191
14	21280000	21300000	5632	53	14301	5725	0.00941051	0.71505	0.983755
14	21300000	21320000	5819	51	15042	7561	0.00876439	0.7521	0.769607
14	21320000	21340000	8777	62	11243	8874	0.00706392	0.56215	0.989069
14	21340000	21360000	2683	37	10516	3021	0.0137905	0.5258	0.888117
14	21360000	21380000	74	2	10761	1490	0.027027	0.53805	0.0496644
14	21380000	21400000	0	0	11335	729		0.56675	0
14	21400000	21420000	0	0	11445	884		0.57225	0
14	21420000	21440000	5953	54	11107	6370	0.00907106	0.55535	0.934537
14	21440000	21460000	10268	82	7900	10927	0.00798598	0.395	0.939691
14	21460000	21480000	8941	67	9330	9024	0.00749357	0.4665	0.990802
14	21480000	21500000	12319	89	3409	12418	0.00722461	0.17045	0.992028
14	21500000	21520000	13506	88	4449	14267	0.00651562	0.22245	0.94666
14	21520000	21540000	10243	61	7985	11441	0.00595529	0.39925	0.895289
14	21540000	21560000	13837	79	3157	14163	0.00570933	0.15785	0.976982
14	21560000	21580000	12019	43	5087	12066	0.00357767	0.25435	0.996105
14	21580000	21600000	6809	48	16019	7000	0.00704949	0.80095	0.972714
14	21600000	21620000	6660	57	18300	7105	0.00855856	0.915	0.937368
14	21620000	21640000	6171	35	10947	8477	0.00567169	0.54735	0.72797
14	21640000	21660000	4552	40	18580	4673	0.00878735	0.929	0.974107
14	21660000	21680000	9137	36	11785	9290	0.00394002	0.58925	0.983531
14	21680000	21700000	9638	40	8841	9752	0.00415024	0.44205	0.98831
14	21700000	21720000	9340	46	7807	9474	0.00492505	0.39035	0.985856
14	21720000	21740000	8675	43	8727	8986	0.00495677	0.43635	0.965391
14	21740000	21760000	4099	30	14244	5514	0.00731886	0.7122	0.74338
14	21760000	21780000	5408	59	12991	6205	0.0109098	0.64955	0.871555
14	21780000	21800000	8742	59	9523	9140	0.00674903	0.47615	0.956455
14	21800000	21820000	7762	44	11316	8073	0.00566864	0.5658	0.961477
14	21820000	21840000	8772	37	6724	8896	0.00421797	0.3362	0.986061
14	21840000	21860000	9319	47	9874	9431	0.00504346	0.4937	0.988124
14	21860000	21880000	12334	42	4505	12395	0.00340522	0.22525	0.995079
14	21880000	21900000	9513	47	9695	9556	0.00494061	0.48475	0.9955
14	21900000	21920000	9546	36	8430	10019	0.00377121	0.4215	0.95279
14	21920000	21940000	8315	51	9244	8568	0.00613349	0.4622	0.970472
14	21940000	21960000	7430	41	8764	7753	0.00551817	0.4382	0.958339
14	21960000	21980000	9254	40	7189	9386	0.00432246	0.35945	0.985937
14	21980000	22000000	10154	44	7952	10224	0.00433327	0.3976	0.993153
14	22000000	22020000	6765	35	11650	7001	0.00517369	0.5825	0.966291
14	22020000	22040000	5965	39	10930	6086	0.00653814	0.5465	0.980118
14	22040000	22060000	3221	24	11345	7711	0.0074511	0.56725	0.417715
14	22060000	22080000	4487	31	12688	7453	0.00690885	0.6344	0.602039
14	22080000	22100000	8315	85	10017	8439	0.0102225	0.50085	0.985306
14	22100000	22120000	9336	60	7801	9503	0.00642674	0.39005	0.982427
14	22120000	22140000	11688	82	8484	11849	0.00701574	0.4242	0.986412
14	22140000	22160000	8058	78	16069	8541	0.00967982	0.80345	0.943449
14	22160000	22180000	10018	93	12101	10329	0.00928329	0.60505	0.969891
14	22180000	22200000	11361	90	8983	11482	0.00792184	0.44915	0.989462
14	22200000	22220000	12085	73	7875	12191	0.00604055	0.39375	0.991305
14	22220000	22240000	5359	35	14694	5425	0.00653107	0.7347	0.987834
14	22240000	22260000	10474	74	11090	10626	0.00706511	0.5545	0.985695
14	22260000	22280000	10908	83	8305	11064	0.00760909	0.41525	0.9859
14	22280000	22300000	9228	88	11653	9338	0.00953619	0.58265	0.98822
14	22300000	22320000	11523	75	10267	11621	0.00650872	0.51335	0.991567
14	22320000	22340000	11515	86	7467	11799	0.00746852	0.37335	0.97593
14	22340000	22360000	11706	91	9207	11805	0.00777379	0.46035	0.991614
14	22360000	22380000	4596	42	10208	9109	0.00913838	0.5104	0.504556
14	22380000	22400000	0	0	7648	12117		0.3824	0
14	22400000	22420000	0	0	10920	11283		0.546	0
14	22420000	22440000	0	0	14351	8592		0.71755	0
14	22440000	22460000	2896	29	12460	9408	0.0100138	0.623	0.307823
14	22460000	22480000	12446	102	8915	12559	0.0081954	0.44575	0.991002
14	22480000	22500000	12555	112	10217	12898	0.00892075	0.51085	0.973407
14	22500000	22520000	12329	91	9653	12469	0.00738097	0.48265	0.988772
14	22520000	22540000	9668	74	12316	10209	0.00765412	0.6158	0.947008
14	22540000	22560000	11552	108	13395	11683	0.00934903	0.66975	0.988787
14	22560000	22580000	12651	98	7498	13160	0.00774642	0.3749	0.961322
14	22580000	22600000	11300	102	10368	11460	0.00902655	0.5184	0.986038
14	22600000	22620000	13490	83	7399	13674	0.00615271	0.36995	0.986544
14	22620000	22640000	13539	60	8991	13710	0.00443164	0.44955	0.987527
14	22640000	22660000	12664	97	9121	12851	0.00765951	0.45605	0.985449
14	22660000	22680000	10090	79	11213	10204	0.00782953	0.56065	0.988828
14	22680000	22700000	10558	74	9031	10748	0.0070089	0.45155	0.982322
14	22700000	22720000	6291	54	14502	6382	0.00858369	0.7251	0.985741
14	22720000	22740000	9327	64	11368	9410	0.0068618	0.5684	0.99118
14	22740000	22760000	11097	74	9459	11228	0.00666847	0.47295	0.988333
14	22760000	22780000	11588	82	7577	12467	0.00707629	0.37885	0.929494
14	22780000	22800000	12551	102	8821	12717	0.00812684	0.44105	0.986947
14	22800000	22820000	9679	69	10167	9929	0.00712884	0.50835	0.974821
14	22820000	22840000	5908	31	17764	5993	0.00524712	0.8882	0.985817
14	22840000	22860000	14170	98	4426	14502	0.00691602	0.2213	0.977107
14	22860000	22880000	14287	134	4965	14428	0.00937916	0.24825	0.990227
14	22880000	22900000	14417	98	4900	14596	0.00679753	0.245	0.987736
14	22900000	22920000	13594	79	7507	13735	0.00581139	0.37535	0.989734
14	22920000	22940000	14201	113	3760	14383	0.00795719	0.188	0.987346
14	22940000	22960000	15138	114	1986	15307	0.00753072	0.0993	0.988959
14	22960000	22980000	13124	99	2631	13578	0.00754343	0.13155	0.966564
14	22980000	23000000	14180	120	3300	14389	0.00846262	0.165	0.985475
14	23000000	23020000	14032	106	3784	14182	0.00755416	0.1892	0.989423
14	23020000	23040000	11483	85	6728	11579	0.00740225	0.3364	0.991709
14	23040000	23060000	9406	56	10989	9496	0.00595365	0.54945	0.990522
14	23060000	23080000	12186	53	6762	12286	0.00434925	0.3381	0.991861
14	23080000	23100000	6392	57	14281	7567	0.0089174	0.71405	0.84472
14	23100000	23120000	6027	42	12789	8431	0.00696864	0.63945	0.714862
14	23120000	23140000	9382	67	11474	9518	0.00714133	0.5737	0.985711
14	23140000	23160000	1446	10	19400	1998	0.00691563	0.97	0.723724
14	23160000	23180000	7908	64	12319	8092	0.00809307	0.61595	0.977261
14	23180000	23200000	4904	33	15515	4993	0.0067292	0.77575	0.982175
14	23200000	23220000	8035	47	15787	8150	0.00584941	0.78935	0.98589
14	23220000	23240000	7429	52	14263	7673	0.0069996	0.71315	0.9682
14	23240000	23260000	9658	62	10241	9744	0.00641955	0.51205	0.991174
14	23260000	23280000	8455	43	14235	8542	0.00508575	0.71175	0.989815
14	23280000	23300000	8679	40	8294	8968	0.00460883	0.4147	0.967774
14	23300000	23320000	8167	45	3772	11772	0.00550998	0.1886	0.693765
14	23320000	23340000	6593	33	15534	6849	0.00500531	0.7767	0.962622
14	23340000	23360000	11807	40	4920	11897	0.00338782	0.246	0.992435
14	23360000	23380000	9264	42	8518	9325	0.00453368	0.4259	0.993458
14	23380000	23400000	8593	37	7570	8764	0.00430583	0.3785	0.980488
14	23400000	23420000	5708	25	13010	6005	0.00437982	0.6505	0.950541
14	23420000	23440000	7289	31	10479	7365	0.00425298	0.52395	0.989681
14	23440000	23460000	10501	37	4732	11788	0.00352347	0.2366	0.890821
14	23460000	23480000	8221	28	6926	9242	0.00340591	0.3463	0.889526
14	23480000	23500000	6817	41	10816	7587	0.00601438	0.5408	0.898511
14	23500000	23520000	10336	56	7268	10425	0.00541796	0.3634	0.991463
14	23520000	23540000	12381	53	3712	12452	0.00428075	0.1856	0.994298
14	23540000	23560000	11407	46	4928	11467	0.00403261	0.2464	0.994768
14	23560000	23580000	9752	36	7280	9813	0.00369155	0.364	0.993784
14	23580000	23600000	13619	87	4976	13754	0.00638813	0.2488	0.990185
14	23600000	23620000	10361	52	8396	10585	0.00501882	0.4198	0.978838
14	23620000	23640000	11076	64	6993	11722	0.00577826	0.34965	0.94489
14	23640000	23660000	11669	69	7966	11770	0.0059131	0.3983	0.991419
14	23660000	23680000	4965	33	18671	5015	0.00664653	0.93355	0.99003
14	23680000	23700000	3708	32	19219	3824	0.00862999	0.96095	0.969665
14	23700000	23720000	6760	26	13454	7346	0.00384615	0.6727	0.920229
14	23720000	23740000	8314	23	11632	8441	0.00276642	0.5816	0.984954
14	23740000	23760000	9594	43	8764	9664	0.00448197	0.4382	0.992757
14	23760000	23780000	10615	72	6280	10688	0.00678285	0.314	0.99317
14	23780000	23800000	8132	42	9265	8232	0.00516478	0.46325	0.987852
14	23800000	23820000	7335	61	15043	7394	0.00831629	0.75215	0.992021
14	23820000	23840000	13110	94	6352	13200	0.0071701	0.3176	0.993182
14	23840000	23860000	13025	85	2276	13500	0.00652591	0.1138	0.964815
14	23860000	23880000	10683	73	3599	12497	0.00683329	0.17995	0.854845
14	23880000	23900000	10376	60	2820	11417	0.00578258	0.141	0.90882
14	23900000	23920000	13845	116	5786	14148	0.00837848	0.2893	0.978584
14	23920000	23940000	7587	71	17776	7645	0.00935811	0.8888	0.992413
14	23940000	23960000	11263	84	5754	12208	0.00745805	0.2877	0.922592
14	23960000	23980000	8281	63	12501	8504	0.00760778	0.62505	0.973777
14	23980000	24000000	14031	78	1386	14420	0.00555912	0.0693	0.973024
14	24000000	24020000	12193	56	4354	12596	0.0045928	0.2177	0.968006
14	24020000	24040000	11531	39	4772	12026	0.00338219	0.2386	0.958839
14	24040000	24060000	8134	46	9741	8633	0.00565527	0.48705	0.942199
14	24060000	24080000	7720	55	15000	7797	0.00712435	0.75	0.990124
14	24080000	24100000	8962	89	16476	9056	0.00993082	0.8238	0.98962
14	24100000	24120000	10478	58	7991	11699	0.00553541	0.39955	0.895632
14	24120000	24140000	11804	71	9167	12923	0.00601491	0.45835	0.91341
14	24140000	24160000	10983	88	16965	11152	0.00801238	0.84825	0.984846
14	24160000	24180000	5912	47	16785	7380	0.00794993	0.83925	0.801084
14	24180000	24200000	11851	122	10600	12500	0.0102945	0.53	0.94808
14	24200000	24220000	6622	86	11936	6756	0.012987	0.5968	0.980166
14	24220000	24240000	8185	68	11697	8297	0.00830788	0.58485	0.986501
14	24240000	24260000	10703	74	12039	11793	0.00691395	0.60195	0.907572
14	24260000	24280000	6051	37	14959	7672	0.00611469	0.74795	0.788712
14	24280000	24300000	9858	61	11153	9960	0.00618787	0.55765	0.989759
14	24300000	24320000	9483	56	16162	9578	0.0059053	0.8081	0.990081
14	24320000	24340000	11006	89	13342	11101	0.0080865	0.6671	0.991442
14	24340000	24360000	8221	56	18194	8333	0.00681182	0.9097	0.986559
14	24360000	24380000	8483	67	13643	9255	0.00789815	0.68215	0.916586
14	24380000	24400000	10577	85	9187	10697	0.00803631	0.45935	0.988782
14	24400000	24420000	6877	43	13664	7025	0.00625273	0.6832	0.978932
14	24420000	24440000	139	3	7361	307	0.0215827	0.36805	0.452769
14	24440000	24460000	0	0	15055	81		0.75275	0
14	24460000	24480000	23	0	11077	23	0	0.55385	1
14	24480000	24500000	264	7	19450	308	0.0265152	0.9725	0.857143
14	24500000	24520000	2025	43	9210	2101	0.0212346	0.4605	0.963827
14	24520000	24540000	13488	36	2177	13622	0.00266904	0.10885	0.990163
14	24540000	24560000	13195	47	4682	13538	0.00356196	0.2341	0.974664
14	24560000	24580000	10083	51	8001	10565	0.00505802	0.40005	0.954378
14	24580000	24600000	67	1	9792	8104	0.0149254	0.4896	0.00826752
14	24600000	24620000	4879	26	4165	10397	0.00532896	0.20825	0.46927
14	24620000	24640000	10089	52	8428	10482	0.00515413	0.4214	0.962507
14	24640000	24660000	12738	42	3547	13116	0.00329722	0.17735	0.97118
14	24660000	24680000	8955	29	10047	9003	0.00323841	0.50235	0.994668
14	24680000	24700000	7983	37	11978	8076	0.00463485	0.5989	0.988484
14	24700000	24720000	10897	50	6375	11033	0.00458842	0.31875	0.987673
14	24720000	24740000	14742	94	2952	14854	0.00637634	0.1476	0.99246
14	24740000	24760000	11252	80	8257	11946	0.00710985	0.41285	0.941905
14	24760000	24780000	14021	69	5023	14088	0.00492119	0.25115	0.995244
14	24780000	24800000	12250	64	4293	12333	0.00522449	0.21465	0.99327
14	24800000	24820000	12599	73	6770	12980	0.00579411	0.3385	0.970647
14	24820000	24840000	9291	41	11127	9573	0.00441287	0.55635	0.970542
14	24840000	24860000	12574	66	8600	12804	0.00524893	0.43	0.982037
14	24860000	24880000	12045	52	8283	13309	0.00431714	0.41415	0.905027
14	24880000	24900000	13860	80	5964	14150	0.00577201	0.2982	0.979505
14	24900000	24920000	10056	31	9057	10154	0.00308274	0.45285	0.990349
14	24920000	24940000	8973	48	15225	9049	0.00534938	0.76125	0.991601
14	24940000	24960000	8208	85	13127	8320	0.0103558	0.65635	0.986538
14	24960000	24980000	7881	81	11303	9132	0.0102779	0.56515	0.863009
14	24980000	25000000	6729	64	14177	8039	0.00951107	0.70885	0.837044
14	25000000	25020000	5649	33	15647	5801	0.00584174	0.78235	0.973798
14	25020000	25040000	7763	51	17928	7822	0.00656963	0.8964	0.992457
14	25040000	25060000	8483	78	13407	8549	0.00919486	0.67035	0.99228
14	25060000	25080000	7245	76	12840	7850	0.01049	0.642	0.92293
14	25080000	25100000	7383	65	14599	7455	0.00880401	0.72995	0.990342
14	25100000	25120000	9477	58	11882	9566	0.00612008	0.5941	0.990696
14	25120000	25140000	11707	72	11025	11845	0.00615017	0.55125	0.98835
14	25140000	25160000	13435	93	10623	13568	0.00692222	0.53115	0.990198
14	25160000	25180000	11815	81	8294	12089	0.00685569	0.4147	0.977335
14	25180000	25200000	10130	54	11471	10228	0.0053307	0.57355	0.990418
14	25200000	25220000	10047	83	12400	10158	0.00826117	0.62	0.989073
14	25220000	25240000	6972	74	14607	7063	0.0106139	0.73035	0.987116
14	25240000	25260000	10591	78	10064	11510	0.00736474	0.5032	0.920156
14	25260000	25280000	11831	87	5910	13487	0.00735356	0.2955	0.877215
14	25280000	25300000	14241	64	4074	14415	0.00449407	0.2037	0.987929
14	25300000	25320000	12990	82	7292	13100	0.00631255	0.3646	0.991603
14	25320000	25340000	13616	60	5547	13941	0.00440658	0.27735	0.976687
14	25340000	25360000	13762	80	5368	14248	0.00581311	0.2684	0.96589
14	25360000	25380000	13396	98	7792	13604	0.00731562	0.3896	0.98471
14	25380000	25400000	14476	98	4330	14606	0.00676983	0.2165	0.9911
14	25400000	25420000	12810	73	8001	12920	0.00569867	0.40005	0.991486
14	25420000	25440000	12907	135	5961	13052	0.0104594	0.29805	0.988891
14	25440000	25460000	13601	86	5112	13711	0.00632306	0.2556	0.991977
14	25460000	25480000	12259	45	8708	12520	0.00367077	0.4354	0.979153
14	25480000	25500000	8598	50	9116	12632	0.00581531	0.4558	0.680652
14	25500000	25520000	10898	77	6669	11759	0.00706552	0.33345	0.926779
14	25520000	25540000	12466	69	8881	12572	0.00553506	0.44405	0.991569
14	25540000	25560000	12399	113	9523	13298	0.00911364	0.47615	0.932396
14	25560000	25580000	8723	52	11905	9168	0.00596125	0.59525	0.951462
14	25580000	25600000	12172	83	7924	12299	0.00681893	0.3962	0.989674
14	25600000	25620000	9596	75	12756	9844	0.00781576	0.6378	0.974807
14	25620000	25640000	7546	48	11161	8459	0.00636099	0.55805	0.892068
14	25640000	25660000	7279	32	15888	7369	0.00439621	0.7944	0.987787
14	25660000	25680000	8365	50	11816	8460	0.00597729	0.5908	0.988771
14	25680000	25700000	11650	93	8982	11797	0.00798283	0.4491	0.987539
14	25700000	25720000	12232	91	8969	12360	0.0074395	0.44845	0.989644
14	25720000	25740000	8708	68	12395	8796	0.00780891	0.61975	0.989995
14	25740000	25760000	9896	57	11255	9998	0.0057599	0.56275	0.989798
14	25760000	25780000	9736	57	12862	9826	0.00585456	0.6431	0.990841
14	25780000	25800000	7937	50	16606	8019	0.00629961	0.8303	0.989774
14	25800000	25820000	7146	52	16164	7208	0.0072768	0.8082	0.991398
14	25820000	25840000	8299	83	12111	8399	0.0100012	0.60555	0.988094
14	25840000	25860000	13791	101	7538	13906	0.00732362	0.3769	0.99173
14	25860000	25880000	10485	66	8749	10600	0.00629471	0.43745	0.989151
14	25880000	25900000	8160	57	10321	8389	0.00698529	0.51605	0.972702
14	25900000	25920000	9993	57	10403	10096	0.00570399	0.52015	0.989798
14	25920000	25940000	12791	80	10955	12910	0.0062544	0.54775	0.990782
14	25940000	25960000	13664	74	5623	13773	0.00541569	0.28115	0.992086
14	25960000	25980000	14176	96	6203	14298	0.00677201	0.31015	0.991467
14	25980000	26000000	11336	75	10792	11423	0.00661609	0.5396	0.992384
14	26000000	26020000	12805	72	8462	12915	0.0056228	0.4231	0.991483
14	26020000	26040000	9938	56	12998	10223	0.00563494	0.6499	0.972122
14	26040000	26060000	10166	50	12264	10252	0.00491836	0.6132	0.991611
14	26060000	26080000	10560	90	11647	10685	0.00852273	0.58235	0.988301
14	26080000	26100000	10134	81	10188	10239	0.0079929	0.5094	0.989745
14	26100000	26120000	10683	58	10516	10773	0.00542919	0.5258	0.991646
14	26120000	26140000	14042	79	7828	14207	0.00562598	0.3914	0.988386
14	26140000	26160000	10544	71	10458	12151	0.00673369	0.5229	0.867748
14	26160000	26180000	13617	104	9976	13774	0.00763751	0.4988	0.988602
14	26180000	26200000	7406	32	16909	7564	0.00432082	0.84545	0.979112
14	26200000	26220000	9350	98	13097	9498	0.0104813	0.65485	0.984418
14	26220000	26240000	12486	79	6463	12595	0.00632709	0.32315	0.991346
14	26240000	26260000	4443	49	18725	4494	0.0110286	0.93625	0.988652
14	26260000	26280000	13562	66	7646	13744	0.00486654	0.3823	0.986758
14	26280000	26300000	13250	78	4139	13361	0.00588679	0.20695	0.991692
14	26300000	26320000	14758	78	2495	14880	0.00528527	0.12475	0.991801
14	26320000	26340000	8884	55	13275	8974	0.0061909	0.66375	0.989971
14	26340000	26360000	13664	73	3883	13791	0.00534251	0.19415	0.990791
14	26360000	26380000	13853	110	6434	14025	0.00794052	0.3217	0.987736
14	26380000	26400000	12375	86	10074	12543	0.00694949	0.5037	0.986606
14	26400000	26420000	14293	85	7764	14388	0.00594697	0.3882	0.993397
14	26420000	26440000	10563	77	13555	10675	0.0072896	0.67775	0.989508
14	26440000	26460000	8681	77	13088	8778	0.00886995	0.6544	0.98895
14	26460000	26480000	11120	111	12191	11244	0.00998201	0.60955	0.988972
14	26480000	26500000	11366	88	10465	11476	0.00774239	0.52325	0.990415
14	26500000	26520000	13996	79	7145	14124	0.00564447	0.35725	0.990937
14	26520000	26540000	13685	80	7373	13805	0.00584582	0.36865	0.991307
14	26540000	26560000	12358	69	8743	12465	0.00558343	0.43715	0.991416
14	26560000	26580000	10315	83	11656	10438	0.00804653	0.5828	0.988216
14	26580000	26600000	12035	66	8794	12143	0.005484	0.4397	0.991106
14	26600000	26620000	12411	90	7362	13042	0.00725163	0.3681	0.951618
14	26620000	26640000	11469	73	11583	11570	0.00636498	0.57915	0.991271
14	26640000	26660000	13584	74	4571	13873	0.00544759	0.22855	0.979168
14	26660000	26680000	13454	87	8429	13570	0.00646648	0.42145	0.991452
14	26680000	26700000	12628	86	7263	12796	0.00681026	0.36315	0.986871
14	26700000	26720000	12092	73	8044	12276	0.00603705	0.4022	0.985011
14	26720000	26740000	11919	67	10414	12217	0.00562128	0.5207	0.975608
14	26740000	26760000	11894	79	8343	12288	0.006642	0.41715	0.967936
14	26760000	26780000	8311	73	14864	8541	0.00878354	0.7432	0.973071
14	26780000	26800000	10825	80	10502	10929	0.0073903	0.5251	0.990484
14	26800000	26820000	11984	70	9701	12111	0.00584112	0.48505	0.989514
14	26820000	26840000	11745	70	10851	11842	0.00595998	0.54255	0.991809
14	26840000	26860000	12884	95	7624	13002	0.00737349	0.3812	0.990924
14	26860000	26880000	13593	66	6218	13710	0.00485544	0.3109	0.991466
14	26880000	26900000	13514	75	4801	13640	0.0055498	0.24005	0.990762
14	26900000	26920000	13334	61	1766	13471	0.00457477	0.0883	0.98983
14	26920000	26940000	12060	66	9695	12187	0.00547264	0.48475	0.989579
14	26940000	26960000	12125	54	4532	12233	0.00445361	0.2266	0.991171
14	26960000	26980000	10886	62	8400	10973	0.00569539	0.42	0.992071
14	26980000	27000000	13600	96	8061	13692	0.00705882	0.40305	0.993281
14	27000000	27020000	13025	61	8857	13105	0.0046833	0.44285	0.993895
14	27020000	27040000	12648	61	8409	12766	0.0048229	0.42045	0.990757
14	27040000	27060000	12013	48	4902	12553	0.00399567	0.2451	0.956982
14	27060000	27080000	13176	49	5826	13264	0.00371888	0.2913	0.993366
14	27080000	27100000	10248	70	13054	10330	0.0068306	0.6527	0.992062
14	27100000	27120000	6320	38	12994	6358	0.00601266	0.6497	0.994023
14	27120000	27140000	11702	78	6638	11810	0.00666553	0.3319	0.990855
14	27140000	27160000	6959	54	13084	7040	0.00775974	0.6542	0.988494
14	27160000	27180000	12894	70	8607	13009	0.00542888	0.43035	0.99116
14	27180000	27200000	12822	57	8252	12929	0.00444548	0.4126	0.991724
14	27200000	27220000	11734	75	8035	11823	0.00639168	0.40175	0.992472
14	27220000	27240000	10715	82	12450	10803	0.00765282	0.6225	0.991854
14	27240000	27260000	12866	60	5671	12967	0.00466345	0.28355	0.992211
14	27260000	27280000	11862	73	7474	12170	0.00615411	0.3737	0.974692
14	27280000	27300000	14145	76	4535	14259	0.00537292	0.22675	0.992005
14	27300000	27320000	12992	64	7057	13096	0.00492611	0.35285	0.992059
14	27320000	27340000	13137	70	5734	13225	0.00532846	0.2867	0.993346
14	27340000	27360000	12393	65	10498	12498	0.0052449	0.5249	0.991599
14	27360000	27380000	13292	73	8044	13426	0.00549203	0.4022	0.990019
14	27380000	27400000	11663	60	7917	12633	0.00514447	0.39585	0.923217
14	27400000	27420000	12249	50	7570	12670	0.00408197	0.3785	0.966772
14	27420000	27440000	12929	84	5493	13024	0.00649702	0.27465	0.992706
14	27440000	27460000	14046	70	6563	14181	0.00498363	0.32815	0.99048
14	27460000	27480000	12428	76	9189	12525	0.00611522	0.45945	0.992255
14	27480000	27500000	12882	94	10554	13005	0.007297	0.5277	0.990542
14	27500000	27520000	9859	55	8912	9950	0.00557866	0.4456	0.990854
14	27520000	27540000	11590	82	12790	11886	0.00707506	0.6395	0.975097
14	27540000	27560000	13357	93	5016	13529	0.00696264	0.2508	0.987287
14	27560000	27580000	13143	56	8161	13335	0.00426082	0.40805	0.985602
14	27580000	27600000	8795	51	13314	8913	0.00579875	0.6657	0.986761
14	27600000	27620000	10337	67	11066	10431	0.00648157	0.5533	0.990988
14	27620000	27640000	10845	78	14479	11081	0.00719225	0.72395	0.978702
14	27640000	27660000	13018	85	6870	13171	0.00652942	0.3435	0.988384
14	27660000	27680000	12405	84	6371	12559	0.00677146	0.31855	0.987738
14	27680000	27700000	8461	58	13825	8602	0.00685498	0.69125	0.983608
14	27700000	27720000	10032	97	8214	11096	0.00966906	0.4107	0.90411
14	27720000	27740000	11401	84	11196	11529	0.00736777	0.5598	0.988898
14	27740000	27760000	9246	61	10978	11918	0.00659745	0.5489	0.775801
14	27760000	27780000	2757	26	11404	10263	0.00943054	0.5702	0.268635
14	27780000	27800000	12548	112	11373	12728	0.00892573	0.56865	0.985858
14	27800000	27820000	11769	65	7517	11910	0.00552298	0.37585	0.988161
14	27820000	27840000	7712	61	13590	7807	0.00790975	0.6795	0.987831
14	27840000	27860000	13139	83	9616	13253	0.00631707	0.4808	0.991398
14	27860000	27880000	12650	81	6391	12826	0.00640316	0.31955	0.986278
14	27880000	27900000	12990	62	8889	13333	0.0047729	0.44445	0.974274
14	27900000	27920000	12131	95	9483	12285	0.00783118	0.47415	0.987464
14	27920000	27940000	11521	87	12941	11655	0.00755143	0.64705	0.988503
14	27940000	27960000	12599	75	11616	13037	0.00595285	0.5808	0.966403
14	27960000	27980000	5262	52	15956	5318	0.00988217	0.7978	0.98947
14	27980000	28000000	10898	91	13937	12024	0.00835016	0.69685	0.906354
14	28000000	28020000	10553	61	11905	10686	0.00578035	0.59525	0.987554
14	28020000	28040000	9533	35	8087	12415	0.00367146	0.40435	0.767861
14	28040000	28060000	10167	54	13448	10630	0.0053113	0.6724	0.956444
14	28060000	28080000	11907	93	12261	12126	0.00781053	0.61305	0.98194
14	28080000	28100000	10382	50	17007	10494	0.00481603	0.85035	0.989327
14	28100000	28120000	11787	50	8873	12007	0.00424196	0.44365	0.981677
14	28120000	28140000	10210	48	13891	10306	0.00470127	0.69455	0.990685
14	28140000	28160000	8803	42	10399	8878	0.0047711	0.51995	0.991552
14	28160000	28180000	13604	84	8626	13741	0.00617465	0.4313	0.99003
14	28180000	28200000	12268	69	6929	12387	0.00562439	0.34645	0.990393
14	28200000	28220000	9083	45	10687	9338	0.00495431	0.53435	0.972692
14	28220000	28240000	63	5	12045	244	0.0793651	0.60225	0.258197
14	28240000	28260000	214	14	9745	270	0.0654206	0.48725	0.792593
14	28260000	28280000	188	7	7600	222	0.037234	0.38	0.846847
14	28280000	28300000	667	10	7702	715	0.0149925	0.3851	0.932867
14	28300000	28320000	720	17	11593	761	0.0236111	0.57965	0.946124
14	28320000	28340000	7170	49	8422	7390	0.00683403	0.4211	0.97023
14	28340000	28360000	9745	99	15666	9818	0.0101591	0.7833	0.992565
14	28360000	28380000	9326	52	14476	10081	0.00557581	0.7238	0.925107
14	28380000	28400000	10502	55	11491	10589	0.0052371	0.57455	0.991784
14	28400000	28420000	9325	39	11874	9390	0.00418231	0.5937	0.993078
14	28420000	28440000	9623	87	14256	9784	0.00904084	0.7128	0.983545
14	28440000	28460000	13157	74	8342	13397	0.00562438	0.4171	0.982086
14	28460000	28480000	11556	53	12477	11685	0.00458636	0.62385	0.98896
14	28480000	28500000	12767	93	8044	12877	0.00728441	0.4022	0.991458
14	28500000	28520000	9597	76	11436	9668	0.00791914	0.5718	0.992656
14	28520000	28540000	12384	87	10904	12481	0.00702519	0.5452	0.992228
14	28540000	28560000	12532	84	9642	12644	0.00670284	0.4821	0.991142
14	28560000	28580000	12838	100	11964	12970	0.00778938	0.5982	0.989823
14	28580000	28600000	11209	89	12367	11327	0.00794005	0.61835	0.989582
14	28600000	28620000	10642	81	6117	10751	0.00761135	0.30585	0.989861
14	28620000	28640000	10421	43	8754	11719	0.00412628	0.4377	0.88924
14	28640000	28660000	6845	44	14942	6923	0.00642805	0.7471	0.988733
14	28660000	28680000	8584	69	14270	8660	0.00803821	0.7135	0.991224
14	28680000	28700000	9972	69	12000	10061	0.00691937	0.6	0.991154
14	28700000	28720000	10510	62	13136	10659	0.00589914	0.6568	0.986021
14	28720000	28740000	7913	64	16635	8101	0.00808796	0.83175	0.976793
14	28740000	28760000	10952	64	11332	11085	0.00584368	0.5666	0.988002
14	28760000	28780000	9134	91	14292	9255	0.00996278	0.7146	0.986926
14	28780000	28800000	8954	64	10741	9032	0.00714764	0.53705	0.991364
14	28800000	28820000	11204	69	9177	11314	0.00615851	0.45885	0.990278
14	28820000	28840000	13186	98	6300	13354	0.00743212	0.315	0.987419
14	28840000	28860000	10629	81	12575	10814	0.00762066	0.62875	0.982893
14	28860000	28880000	10753	57	12210	10904	0.00530085	0.6105	0.986152
14	28880000	28900000	7195	72	16466	7308	0.0100069	0.8233	0.984537
14	28900000	28920000	11106	75	13612	11460	0.00675311	0.6806	0.96911
14	28920000	28940000	11444	99	13407	11575	0.00865082	0.67035	0.988683
14	28940000	28960000	11053	88	8445	11393	0.00796164	0.42225	0.970157
14	28960000	28980000	8412	70	13915	8510	0.00832145	0.69575	0.988484
14	28980000	29000000	8921	70	11746	9016	0.00784665	0.5873	0.989463
14	29000000	29020000	7438	52	14676	7583	0.00699113	0.7338	0.980878
14	29020000	29040000	12692	88	9249	12800	0.0069335	0.46245	0.991563
14	29040000	29060000	9619	66	12951	9725	0.00686142	0.64755	0.9891
14	29060000	29080000	13361	74	5868	13489	0.00553851	0.2934	0.990511
14	29080000	29100000	12655	101	9049	12770	0.00798104	0.45245	0.990995
14	29100000	29120000	6636	40	15167	6746	0.00602773	0.75835	0.983694
14	29120000	29140000	12363	74	10276	12515	0.0059856	0.5138	0.987855
14	29140000	29160000	9701	50	12504	9802	0.00515411	0.6252	0.989696
14	29160000	29180000	12725	81	11461	12834	0.00636542	0.57305	0.991507
14	29180000	29200000	10836	64	11717	10928	0.00590624	0.58585	0.991581
14	29200000	29220000	12859	115	9519	12975	0.00894315	0.47595	0.99106
14	29220000	29240000	12993	41	2194	13140	0.00315555	0.1097	0.988813
14	29240000	29260000	13469	43	1608	13527	0.00319252	0.0804	0.995712
14	29260000	29280000	12252	71	10092	12372	0.00579497	0.5046	0.990301
14	29280000	29300000	9550	52	13578	10595	0.00544503	0.6789	0.901369
14	29300000	29320000	9653	32	11927	9713	0.00331503	0.59635	0.993823
14	29320000	29340000	10765	63	9690	10870	0.0058523	0.4845	0.99034
14	29340000	29360000	12584	60	5975	12750	0.00476796	0.29875	0.98698
14	29360000	29380000	11830	47	9600	11918	0.00397295	0.48	0.992616
14	29380000	29400000	11960	42	8086	12247	0.00351171	0.4043	0.976566
14	29400000	29420000	10502	56	11218	10569	0.00533232	0.5609	0.993661
14	29420000	29440000	9444	46	11062	9591	0.00487082	0.5531	0.984673
14	29440000	29460000	11150	46	9944	11244	0.00412556	0.4972	0.99164
14	29460000	29480000	9007	65	9938	9082	0.00721661	0.4969	0.991742
14	29480000	29500000	7749	45	13989	7804	0.0058072	0.69945	0.992952
14	29500000	29520000	13584	59	6921	13680	0.00434335	0.34605	0.992982
14	29520000	29540000	12843	60	6020	13358	0.00467181	0.301	0.961446
14	29540000	29560000	11984	68	11489	12090	0.00567423	0.57445	0.991232
14	29560000	29580000	12576	54	7944	12653	0.00429389	0.3972	0.993914
14	29580000	29600000	12677	57	8575	12784	0.00449633	0.42875	0.99163
14	29600000	29620000	11842	68	10079	11942	0.00574227	0.50395	0.991626
14	29620000	29640000	12268	62	8534	12487	0.0050538	0.4267	0.982462
14	29640000	29660000	7863	45	11615	7941	0.00572301	0.58075	0.990178
14	29660000	29680000	13747	73	8212	13858	0.00531025	0.4106	0.99199
14	29680000	29700000	14490	63	2084	14636	0.00434783	0.1042	0.990025
14	29700000	29720000	12255	58	6331	12342	0.00473276	0.31655	0.992951
14	29720000	29740000	9895	78	14928	10098	0.00788277	0.7464	0.979897
14	29740000	29760000	12778	80	5643	12888	0.00626076	0.28215	0.991465
14	29760000	29780000	9797	126	13533	10425	0.0128611	0.67665	0.93976
14	29780000	29800000	11954	88	13066	12087	0.00736155	0.6533	0.988996
14	29800000	29820000	12003	77	10858	12123	0.00641506	0.5429	0.990101
14	29820000	29840000	12970	52	7368	13066	0.00400925	0.3684	0.992653
14	29840000	29860000	13327	57	1508	14013	0.00427703	0.0754	0.951045
14	29860000	29880000	9990	34	11138	10060	0.0034034	0.5569	0.993042
14	29880000	29900000	11359	64	8451	11574	0.0056343	0.42255	0.981424
14	29900000	29920000	12058	77	7801	13228	0.0063858	0.39005	0.911551
14	29920000	29940000	13761	84	2846	13869	0.00610421	0.1423	0.992213
14	29940000	29960000	9703	69	12946	9801	0.0071112	0.6473	0.990001
14	29960000	29980000	12439	71	7439	12545	0.00570785	0.37195	0.99155
14	29980000	30000000	10127	59	9040	10225	0.00582601	0.452	0.990416
14	30000000	30020000	11985	72	6452	12076	0.00600751	0.3226	0.992464
14	30020000	30040000	10264	77	12025	10366	0.00750195	0.60125	0.99016
14	30040000	30060000	14186	76	6455	14319	0.00535739	0.32275	0.990712
14	30060000	30080000	13092	84	5987	13198	0.00641613	0.29935	0.991968
14	30080000	30100000	10653	58	8224	10765	0.00544448	0.4112	0.989596
14	30100000	30120000	11575	82	6588	11667	0.00708423	0.3294	0.992115
14	30120000	30140000	13005	71	6053	13112	0.00545944	0.30265	0.99184
14	30140000	30160000	12296	59	8588	12382	0.00479831	0.4294	0.993054
14	30160000	30180000	13755	116	9765	13915	0.0084333	0.48825	0.988502
14	30180000	30200000	12413	90	7368	12500	0.00725046	0.3684	0.99304
14	30200000	30220000	10954	45	10333	11324	0.00410809	0.51665	0.967326
14	30220000	30240000	12953	91	9041	13070	0.0070254	0.45205	0.991048
14	30240000	30260000	6631	56	16591	6691	0.00844518	0.82955	0.991033
14	30260000	30280000	12719	46	7172	12805	0.00361664	0.3586	0.993284
14	30280000	30300000	12943	62	6464	13017	0.00479023	0.3232	0.994315
14	30300000	30320000	10502	74	11482	10624	0.00704628	0.5741	0.988517
14	30320000	30340000	10414	65	9807	10523	0.0062416	0.49035	0.989642
14	30340000	30360000	9425	69	10877	9503	0.00732095	0.54385	0.991792
14	30360000	30380000	11250	68	8883	11342	0.00604444	0.44415	0.991889
14	30380000	30400000	12191	62	5613	12292	0.00508572	0.28065	0.991783
14	30400000	30420000	10393	65	13457	10469	0.00625421	0.67285	0.99274
14	30420000	30440000	8151	25	11562	8233	0.00306711	0.5781	0.99004
14	30440000	30460000	8884	48	11378	8990	0.00540297	0.5689	0.988209
14	30460000	30480000	13209	71	10674	13321	0.00537512	0.5337	0.991592
14	30480000	30500000	11727	62	8829	11820	0.00528694	0.44145	0.992132
14	30500000	30520000	8621	50	13398	8683	0.00579979	0.6699	0.99286
14	30520000	30540000	10239	82	10017	10680	0.00800859	0.50085	0.958708
14	30540000	30560000	7724	35	13706	8002	0.00453133	0.6853	0.965259
14	30560000	30580000	4996	36	16131	5191	0.00720576	0.80655	0.962435
14	30580000	30600000	11287	45	8285	11370	0.00398689	0.41425	0.9927
14	30600000	30620000	11206	67	10704	11315	0.00597894	0.5352	0.990367
14	30620000	30640000	12906	79	7652	12993	0.00612118	0.3826	0.993304
14	30640000	30660000	12549	69	9132	12640	0.00549845	0.4566	0.992801
14	30660000	30680000	11701	63	7994	11789	0.00538416	0.3997	0.992535
14	30680000	30700000	14844	54	4578	14944	0.00363783	0.2289	0.993308
14	30700000	30720000	13944	51	4238	14056	0.00365749	0.2119	0.992032
14	30720000	30740000	12178	52	7106	12400	0.00427	0.3553	0.982097
14	30740000	30760000	12732	63	7253	12811	0.00494816	0.36265	0.993833
14	30760000	30780000	11796	62	7080	13093	0.00525602	0.354	0.900939
14	30780000	30800000	11855	62	9185	11969	0.00522986	0.45925	0.990475
14	30800000	30820000	10760	53	8052	10868	0.00492565	0.4026	0.990063
14	30820000	30840000	8407	51	10136	8964	0.00606637	0.5068	0.937863
14	30840000	30860000	14682	64	7007	14783	0.00435908	0.35035	0.993168
14	30860000	30880000	9204	56	14992	9283	0.00608431	0.7496	0.99149
14	30880000	30900000	12212	49	8622	12368	0.00401245	0.4311	0.987387
14	30900000	30920000	13508	77	4798	13619	0.00570033	0.2399	0.99185
14	30920000	30940000	11961	62	11734	12083	0.00518351	0.5867	0.989903
14	30940000	30960000	8117	40	14325	8200	0.00492793	0.71625	0.989878
14	30960000	30980000	12268	69	10583	12601	0.00562439	0.52915	0.973574
14	30980000	31000000	12763	77	9851	13182	0.00603306	0.49255	0.968214
14	31000000	31020000	10260	54	13962	10348	0.00526316	0.6981	0.991496
14	31020000	31040000	10954	42	10780	11047	0.00383422	0.539	0.991581
14	31040000	31060000	11051	66	13174	11112	0.00597231	0.6587	0.99451
14	31060000	31080000	10871	55	7127	10946	0.00505933	0.35635	0.993148
14	31080000	31100000	10366	54	6309	10449	0.00520934	0.31545	0.992057
14	31100000	31120000	10717	40	10137	10770	0.00373239	0.50685	0.995079
14	31120000	31140000	9806	41	10385	9867	0.00418111	0.51925	0.993818
14	31140000	31160000	8313	48	10890	8376	0.00577409	0.5445	0.992479
14	31160000	31180000	12724	33	7292	12839	0.00259352	0.3646	0.991043
14	31180000	31200000	10239	35	8213	10318	0.0034183	0.41065	0.992343
14	31200000	31220000	10880	67	12787	11023	0.00615809	0.63935	0.987027
14	31220000	31240000	12615	73	9135	12708	0.00578676	0.45675	0.992682
14	31240000	31260000	11273	68	12801	11381	0.00603211	0.64005	0.99051
14	31260000	31280000	11188	72	13651	11287	0.00643547	0.68255	0.991229
14	31280000	31300000	9926	64	14696	10007	0.00644771	0.7348	0.991906
14	31300000	31320000	7134	43	16430	7548	0.00602747	0.8215	0.945151
14	31320000	31340000	12111	63	9663	12227	0.00520188	0.48315	0.990513
14	31340000	31360000	11583	39	5718	11661	0.003367	0.2859	0.993311
14	31360000	31380000	11204	45	8353	11799	0.00401642	0.41765	0.949572
14	31380000	31400000	11935	45	4478	12021	0.00377042	0.2239	0.992846
14	31400000	31420000	11266	42	9112	11335	0.00372803	0.4556	0.993913
14	31420000	31440000	6657	37	13792	6730	0.00555806	0.6896	0.989153
14	31440000	31460000	6579	22	13351	6652	0.00334397	0.66755	0.989026
14	31460000	31480000	7840	43	15176	8291	0.00548469	0.7588	0.945604
14	31480000	31500000	6456	36	10231	7234	0.00557621	0.51155	0.892452
14	31500000	31520000	6770	33	11935	6814	0.00487445	0.59675	0.993543
14	31520000	31540000	7766	28	11591	7814	0.00360546	0.57955	0.993857
14	31540000	31560000	7752	64	10674	7893	0.00825593	0.5337	0.982136
14	31560000	31580000	8386	46	8770	8432	0.00548533	0.4385	0.994545
14	31580000	31600000	10573	32	7558	10638	0.00302658	0.3779	0.99389
14	31600000	31620000	9404	39	7653	9463	0.00414717	0.38265	0.993765
14	31620000	31640000	8207	28	12409	8261	0.00341172	0.62045	0.993463
14	31640000	31660000	8231	30	12097	8479	0.00364476	0.60485	0.970751
14	31660000	31680000	8567	33	11378	8654	0.00385199	0.5689	0.989947
14	31680000	31700000	6353	25	14320	6528	0.00393515	0.716	0.973192
14	31700000	31720000	4800	26	16153	4841	0.00541667	0.80765	0.991531
14	31720000	31740000	7799	62	11600	7894	0.00794974	0.58	0.987966
14	31740000	31760000	4553	29	15339	4600	0.00636943	0.76695	0.989783
14	31760000	31780000	9700	53	8864	9779	0.00546392	0.4432	0.991921
14	31780000	31800000	7933	45	11414	7997	0.00567251	0.5707	0.991997
14	31800000	31820000	9213	51	10340	9275	0.00553566	0.517	0.993315
14	31820000	31840000	8683	58	11516	8737	0.00667972	0.5758	0.993819
14	31840000	31860000	9634	42	9857	9757	0.00435956	0.49285	0.987394
14	31860000	31880000	9666	35	9570	9761	0.00362094	0.4785	0.990267
14	31880000	31900000	9672	46	9830	9763	0.004756	0.4915	0.990679
14	31900000	31920000	9052	47	9850	9134	0.00519222	0.4925	0.991023
14	31920000	31940000	8901	55	11245	9062	0.00617908	0.56225	0.982234
14	31940000	31960000	9256	52	12380	9322	0.00561798	0.619	0.99292
14	31960000	31980000	6740	42	14050	6789	0.00623145	0.7025	0.992782
14	31980000	32000000	10544	64	11057	10657	0.0060698	0.55285	0.989397
14	32000000	32020000	9140	61	16393	9219	0.00667396	0.81965	0.991431
14	32020000	32040000	13120	54	7999	13226	0.00411585	0.39995	0.991985
14	32040000	32060000	11735	42	9886	11801	0.00357904	0.4943	0.994407
14	32060000	32080000	8377	34	11728	8426	0.00405873	0.5864	0.994185
14	32080000	32100000	5417	27	16564	5796	0.00498431	0.8282	0.93461
14	32100000	32120000	5556	30	16253	5602	0.00539957	0.81265	0.991789
14	32120000	32140000	5191	22	15325	5230	0.0042381	0.76625	0.992543
14	32140000	32160000	9086	43	15305	9357	0.00473256	0.76525	0.971038
14	32160000	32180000	7321	51	12270	7388	0.00696626	0.6135	0.990931
14	32180000	32200000	9843	37	13045	9908	0.00375902	0.65225	0.99344
14	32200000	32220000	7736	41	14166	8749	0.0052999	0.7083	0.884215
14	32220000	32240000	7680	33	13848	8953	0.00429688	0.6924	0.857813
14	32240000	32260000	11753	57	12229	11884	0.00484983	0.61145	0.988977
14	32260000	32280000	6020	29	14550	6149	0.00481728	0.7275	0.979021
14	32280000	32300000	6828	35	12942	6923	0.00512595	0.6471	0.986278
14	32300000	32320000	11861	42	10744	11948	0.00354102	0.5372	0.992718
14	32320000	32340000	7927	52	14143	8065	0.00655986	0.70715	0.982889
14	32340000	32360000	12214	97	9166	12311	0.00794171	0.4583	0.992121
14	32360000	32380000	10715	70	13256	10915	0.0065329	0.6628	0.981677
14	32380000	32400000	13111	78	11769	13229	0.0059492	0.58845	0.99108
14	32400000	32420000	12469	55	9070	12616	0.00441094	0.4535	0.988348
14	32420000	32440000	11805	71	7091	11943	0.0060144	0.35455	0.988445
14	32440000	32460000	9500	53	17567	9580	0.00557895	0.87835	0.991649
14	32460000	32480000	13112	94	7348	13207	0.00716901	0.3674	0.992807
14	32480000	32500000	12701	81	8586	12837	0.00637745	0.4293	0.989406
14	32500000	32520000	13408	79	5787	13503	0.005892	0.28935	0.992965
14	32520000	32540000	11299	57	8370	11896	0.00504469	0.4185	0.949815
14	32540000	32560000	10330	38	3784	11063	0.00367861	0.1892	0.933743
14	32560000	32580000	10667	37	8606	10751	0.00346864	0.4303	0.992187
14	32580000	32600000	10080	45	12967	10176	0.00446429	0.64835	0.990566
14	32600000	32620000	7930	45	14484	8117	0.00567465	0.7242	0.976962
14	32620000	32640000	10763	31	8457	10898	0.00288024	0.42285	0.987612
14	32640000	32660000	7062	62	16645	7781	0.00877938	0.83225	0.907595
14	32660000	32680000	11590	63	7631	11697	0.00543572	0.38155	0.990852
14	32680000	32700000	11084	41	7435	11182	0.00369903	0.37175	0.991236
14	32700000	32720000	7031	39	16356	7533	0.00554686	0.8178	0.93336
14	32720000	32740000	9719	67	10434	9829	0.00689371	0.5217	0.988809
14	32740000	32760000	5624	50	14358	5673	0.00889047	0.7179	0.991363
14	32760000	32780000	11128	49	9688	11256	0.00440331	0.4844	0.988628
14	32780000	32800000	12110	64	7646	12297	0.00528489	0.3823	0.984793
14	32800000	32820000	12389	55	8155	12556	0.00443942	0.40775	0.9867
14	32820000	32840000	11704	78	9967	11800	0.00666439	0.49835	0.991864
14	32840000	32860000	9609	77	10874	9675	0.00801332	0.5437	0.993178
14	32860000	32880000	11868	72	9072	12298	0.00606673	0.4536	0.965035
14	32880000	32900000	12731	88	8242	12830	0.00691226	0.4121	0.992284
14	32900000	32920000	12254	83	6057	12328	0.0067733	0.30285	0.993997
14	32920000	32940000	8689	45	11668	8769	0.00517896	0.5834	0.990877
14	32940000	32960000	8924	48	10493	8992	0.00537875	0.52465	0.992438
14	32960000	32980000	13265	73	8614	13357	0.0055032	0.4307	0.993112
14	32980000	33000000	7440	48	12766	7505	0.00645161	0.6383	0.991339
14	33000000	33020000	12710	78	7016	12793	0.0061369	0.3508	0.993512
14	33020000	33040000	10939	67	9542	11006	0.00612487	0.4771	0.993912
14	33040000	33060000	11770	88	7151	11867	0.00747664	0.35755	0.991826
14	33060000	33080000	13470	92	5166	13580	0.00682999	0.2583	0.9919
14	33080000	33100000	11056	80	7691	11170	0.00723589	0.38455	0.989794
14	33100000	33120000	14369	71	3078	14454	0.00494119	0.1539	0.994119
14	33120000	33140000	12657	80	4997	12774	0.00632061	0.24985	0.990841
14	33140000	33160000	13165	82	7647	13285	0.00622864	0.38235	0.990967
14	33160000	33180000	14145	84	3387	14272	0.00593849	0.16935	0.991101
14	33180000	33200000	12076	73	5940	12159	0.00604505	0.297	0.993174
14	33200000	33220000	9952	61	8786	10048	0.00612942	0.4393	0.990446
14	33220000	33240000	12194	67	10388	12310	0.00549451	0.5194	0.990577
14	33240000	33260000	10336	64	11304	10436	0.00619195	0.5652	0.990418
14	33260000	33280000	6623	44	14263	6683	0.00664352	0.71315	0.991022
14	33280000	33300000	13005	77	3361	13101	0.0059208	0.16805	0.992672
14	33300000	33320000	11500	74	10527	11795	0.00643478	0.52635	0.974989
14	33320000	33340000	5916	36	14753	5982	0.00608519	0.73765	0.988967
14	33340000	33360000	6216	63	17901	6279	0.0101351	0.89505	0.989967
14	33360000	33380000	12798	87	6017	12927	0.00679794	0.30085	0.990021
14	33380000	33400000	11942	75	8877	12030	0.00628036	0.44385	0.992685
14	33400000	33420000	12207	46	1583	12647	0.00376833	0.07915	0.965209
14	33420000	33440000	11307	71	8036	11701	0.0062793	0.4018	0.966328
14	33440000	33460000	12580	77	6201	12713	0.00612083	0.31005	0.989538
14	33460000	33480000	11235	63	9098	11325	0.00560748	0.4549	0.992053
14	33480000	33500000	12798	75	7018	12900	0.00586029	0.3509	0.992093
14	33500000	33520000	13485	75	5540	13913	0.00556174	0.277	0.969237
14	33520000	33540000	13985	76	4573	14126	0.00543439	0.22865	0.990018
14	33540000	33560000	10781	52	6491	10865	0.0048233	0.32455	0.992269
14	33560000	33580000	10812	64	8141	10896	0.00591935	0.40705	0.992291
14	33580000	33600000	11952	68	6220	12062	0.00568942	0.311	0.99088
14	33600000	33620000	13076	81	5891	13204	0.00619455	0.29455	0.990306
14	33620000	33640000	13340	102	6803	13630	0.00764618	0.34015	0.978723
14	33640000	33660000	12345	74	8550	12440	0.00599433	0.4275	0.992363
14	33660000	33680000	12162	73	4767	12280	0.0060023	0.23835	0.990391
14	33680000	33700000	14547	103	4213	14672	0.0070805	0.21065	0.99148
14	33700000	33720000	14105	68	1807	14253	0.00482099	0.09035	0.989616
14	33720000	33740000	13108	97	5133	13239	0.00740006	0.25665	0.990105
14	33740000	33760000	13369	81	6380	13482	0.00605879	0.319	0.991618
14	33760000	33780000	14445	97	2360	14578	0.00671513	0.118	0.990877
14	33780000	33800000	13570	86	6192	13689	0.00633751	0.3096	0.991307
14	33800000	33820000	13806	132	7221	13984	0.00956106	0.36105	0.987271
14	33820000	33840000	14153	82	3685	14303	0.00579382	0.18425	0.989513
14	33840000	33860000	14230	113	3552	14347	0.00794097	0.1776	0.991845
14	33860000	33880000	14468	83	1699	14604	0.0057368	0.08495	0.990687
14	33880000	33900000	13868	91	4847	14139	0.00656187	0.24235	0.980833
14	33900000	33920000	12493	88	6765	12608	0.00704394	0.33825	0.990879
14	33920000	33940000	14344	110	5376	14473	0.00766871	0.2688	0.991087
14	33940000	33960000	15187	94	3516	15348	0.0061895	0.1758	0.98951
14	33960000	33980000	11994	81	5368	12117	0.00675338	0.2684	0.989849
14	33980000	34000000	14143	138	4455	14344	0.00975748	0.22275	0.985987
14	34000000	34020000	13511	116	3739	13955	0.0085856	0.18695	0.968183
14	34020000	34040000	14271	105	2366	14394	0.00735758	0.1183	0.991455
14	34040000	34060000	13641	99	4129	13758	0.00725753	0.20645	0.991496
14	34060000	34080000	13686	73	8292	13802	0.00533392	0.4146	0.991595
14	34080000	34100000	13822	95	3215	13939	0.0068731	0.16075	0.991606
14	34100000	34120000	14083	91	3994	14230	0.00646169	0.1997	0.98967
14	34120000	34140000	11644	125	6347	11792	0.0107351	0.31735	0.987449
14	34140000	34160000	13838	93	3205	14078	0.00672062	0.16025	0.982952
14	34160000	34180000	14924	128	2616	15092	0.00857679	0.1308	0.988868
14	34180000	34200000	13222	131	5757	13341	0.00990773	0.28785	0.99108
14	34200000	34220000	12261	96	6992	12403	0.0078297	0.3496	0.988551
14	34220000	34240000	14820	70	3280	14920	0.00472335	0.164	0.993298
14	34240000	34260000	12871	55	3717	12977	0.00427317	0.18585	0.991832
14	34260000	34280000	13362	76	2849	13461	0.00568777	0.14245	0.992645
14	34280000	34300000	7772	61	14677	7833	0.00784869	0.73385	0.992212
14	34300000	34320000	9462	77	9564	11291	0.00813781	0.4782	0.838013
14	34320000	34340000	9658	64	12946	9801	0.00662663	0.6473	0.98541
14	34340000	34360000	9182	63	17205	9290	0.00686125	0.86025	0.988375
14	34360000	34380000	2407	22	13867	10235	0.00914001	0.69335	0.235173
14	34380000	34400000	4637	34	8580	11034	0.00733233	0.429	0.420247
14	34400000	34420000	12640	75	2938	12724	0.00593354	0.1469	0.993398
14	34420000	34440000	10116	67	11753	10221	0.00662317	0.58765	0.989727
14	34440000	34460000	6077	45	11671	9514	0.00740497	0.58355	0.638743
14	34460000	34480000	11986	86	10486	12433	0.00717504	0.5243	0.964047
14	34480000	34500000	10956	85	7951	11097	0.00775831	0.39755	0.987294
14	34500000	34520000	11845	83	7825	11954	0.00700718	0.39125	0.990882
14	34520000	34540000	12578	84	9495	12667	0.00667833	0.47475	0.992974
14	34540000	34560000	11981	53	9498	12095	0.00442367	0.4749	0.990575
14	34560000	34580000	13505	69	7119	13621	0.00510922	0.35595	0.991484
14	34580000	34600000	12597	109	7770	12727	0.00865285	0.3885	0.989785
14	34600000	34620000	8942	79	10076	9112	0.00883471	0.5038	0.981343
14	34620000	34640000	9536	82	12307	9624	0.00859899	0.61535	0.990856
14	34640000	34660000	13593	89	6510	13740	0.00654749	0.3255	0.989301
14	34660000	34680000	10760	67	8453	10860	0.00622677	0.42265	0.990792
14	34680000	34700000	12637	72	8142	12789	0.00569755	0.4071	0.988115
14	34700000	34720000	13331	98	7833	13472	0.00735129	0.39165	0.989534
14	34720000	34740000	13161	86	9116	13556	0.00653446	0.4558	0.970862
14	34740000	34760000	5524	23	12847	8040	0.00416365	0.64235	0.687065
14	34760000	34780000	7864	49	12747	7937	0.00623093	0.63735	0.990803
14	34780000	34800000	10296	60	12847	11357	0.00582751	0.64235	0.906577
14	34800000	34820000	3836	10	15633	5944	0.00260688	0.78165	0.645357
14	34820000	34840000	7828	62	13384	9852	0.00792029	0.6692	0.794559
14	34840000	34860000	10082	80	9746	10180	0.00793493	0.4873	0.990373
14	34860000	34880000	4830	38	16685	4868	0.00786749	0.83425	0.992194
14	34880000	34900000	8039	55	16345	8547	0.00684165	0.81725	0.940564
14	34900000	34920000	5788	45	13405	6049	0.00777471	0.67025	0.956852
14	34920000	34940000	8509	48	8631	8797	0.00564109	0.43155	0.967262
14	34940000	34960000	4797	27	13691	4834	0.00562852	0.68455	0.992346
14	34960000	34980000	5986	31	15184	6109	0.00517875	0.7592	0.979866
14	34980000	35000000	4330	20	16422	4420	0.00461894	0.8211	0.979638
14	35000000	35020000	3332	20	11786	3718	0.0060024	0.5893	0.896181
14	35020000	35040000	1504	13	11726	3793	0.00864362	0.5863	0.39652
14	35040000	35060000	3320	20	16160	3620	0.0060241	0.808	0.917127
14	35060000	35080000	1078	3	11992	6457	0.00278293	0.5996	0.166951
14	35080000	35100000	0	0	12553	6943		0.62765	0
14	35100000	35120000	0	0	14030	5467		0.7015	0
14	35120000	35140000	0	0	15654	6189		0.7827	0
14	35140000	35160000	5618	41	13483	8091	0.00729797	0.67415	0.694352
14	35160000	35180000	7081	43	11274	7147	0.00607259	0.5637	0.990765
14	35180000	35200000	8555	42	10400	8618	0.00490941	0.52	0.99269
14	35200000	35220000	4745	30	15238	4824	0.00632244	0.7619	0.983624
14	35220000	35240000	9756	29	7829	9860	0.00297253	0.39145	0.989452
14	35240000	35260000	9264	26	9831	9352	0.00280656	0.49155	0.99059
14	35260000	35280000	9221	36	9083	9277	0.00390413	0.45415	0.993964
14	35280000	35300000	7479	23	12613	7721	0.00307528	0.63065	0.968657
14	35300000	35320000	8648	32	10297	8683	0.00370028	0.51485	0.995969
14	35320000	35340000	7720	35	10901	8022	0.00453368	0.54505	0.962354
14	35340000	35360000	8254	37	9135	8305	0.00448268	0.45675	0.993859
14	35360000	35380000	6348	36	12072	6417	0.00567108	0.6036	0.989247
14	35380000	35400000	7010	46	12830	7059	0.00656205	0.6415	0.993059
14	35400000	35420000	6808	33	12186	7551	0.00484724	0.6093	0.901602
14	35420000	35440000	5794	25	11814	5845	0.00431481	0.5907	0.991275
14	35440000	35460000	8035	57	11045	8189	0.00709396	0.55225	0.981194
14	35460000	35480000	8008	33	11618	8345	0.00412088	0.5809	0.959617
14	35480000	35500000	9526	32	11416	9579	0.00335923	0.5708	0.994467
14	35500000	35520000	5948	25	11776	6100	0.00420309	0.5888	0.975082
14	35520000	35540000	5409	25	15372	5874	0.00462193	0.7686	0.920838
14	35540000	35560000	6668	31	10929	7702	0.00464907	0.54645	0.865749
14	35560000	35580000	7771	29	11171	7935	0.00373182	0.55855	0.979332
14	35580000	35600000	7200	34	11686	7238	0.00472222	0.5843	0.99475
14	35600000	35620000	5791	23	15476	5931	0.00397168	0.7738	0.976395
14	35620000	35640000	10570	47	11634	10696	0.00444655	0.5817	0.98822
14	35640000	35660000	5287	30	16293	5390	0.0056743	0.81465	0.980891
14	35660000	35680000	9148	39	9517	9205	0.00426323	0.47585	0.993808
14	35680000	35700000	8886	45	12171	9077	0.00506415	0.60855	0.978958
14	35700000	35720000	11404	34	8897	11493	0.00298141	0.44485	0.992256
14	35720000	35740000	7685	28	12460	8225	0.00364346	0.623	0.934347
14	35740000	35760000	8846	37	8996	9108	0.00418268	0.4498	0.971234
14	35760000	35780000	6809	22	11684	7575	0.00323102	0.5842	0.898878
14	35780000	35800000	7720	35	12675	7780	0.00453368	0.63375	0.992288
14	35800000	35820000	10090	66	7977	10210	0.00654113	0.39885	0.988247
14	35820000	35840000	10008	45	9572	10235	0.0044964	0.4786	0.977821
14	35840000	35860000	7694	71	11268	8034	0.00922797	0.5634	0.95768
14	35860000	35880000	8748	54	7471	9482	0.00617284	0.37355	0.92259
14	35880000	35900000	9504	79	9645	9598	0.00831229	0.48225	0.990206
14	35900000	35920000	7843	61	11555	8149	0.00777764	0.57775	0.962449
14	35920000	35940000	7465	31	14604	7564	0.00415271	0.7302	0.986912
14	35940000	35960000	9114	29	10994	9384	0.00318192	0.5497	0.971228
14	35960000	35980000	7559	31	14560	7643	0.00410107	0.728	0.98901
14	35980000	36000000	11534	45	9961	11629	0.00390151	0.49805	0.991831
14	36000000	36020000	11362	22	3260	11418	0.00193628	0.163	0.995095
14	36020000	36040000	12530	48	4788	12608	0.00383081	0.2394	0.993813
14	36040000	36060000	9697	42	12261	9809	0.00433124	0.61305	0.988582
14	36060000	36080000	9396	56	15671	9544	0.00595998	0.78355	0.984493
14	36080000	36100000	7223	42	12470	7291	0.00581476	0.6235	0.990673
14	36100000	36120000	7460	43	14784	7516	0.00576408	0.7392	0.992549
14	36120000	36140000	10444	43	8820	10514	0.0041172	0.441	0.993342
14	36140000	36160000	10849	34	5562	10921	0.00313393	0.2781	0.993407
14	36160000	36180000	9731	46	9468	9780	0.00472716	0.4734	0.99499
14	36180000	36200000	9278	18	11037	9353	0.00194007	0.55185	0.991981
14	36200000	36220000	8061	28	13340	8115	0.00347351	0.667	0.993346
14	36220000	36240000	9614	43	11363	9696	0.00447264	0.56815	0.991543
14	36240000	36260000	8677	36	11213	8730	0.0041489	0.56065	0.993929
14	36260000	36280000	6559	30	13675	6786	0.00457387	0.68375	0.966549
14	36280000	36300000	7259	22	13486	7508	0.00303072	0.6743	0.966835
14	36300000	36320000	5138	18	15499	5161	0.00350331	0.77495	0.995543
14	36320000	36340000	10567	44	11008	10642	0.00416391	0.5504	0.992952
14	36340000	36360000	9266	57	9919	9328	0.00615152	0.49595	0.993353
14	36360000	36380000	8262	59	18507	8328	0.00714113	0.92535	0.992075
14	36380000	36400000	4936	79	15493	9926	0.0160049	0.77465	0.49728
14	36400000	36420000	11567	60	6261	11657	0.00518717	0.31305	0.992279
14	36420000	36440000	12340	64	8313	12440	0.00518639	0.41565	0.991961
14	36440000	36460000	8333	36	12848	8395	0.00432017	0.6424	0.992615
14	36460000	36480000	12370	73	6326	12485	0.00590137	0.3163	0.990789
14	36480000	36500000	11319	49	9370	11413	0.004329	0.4685	0.991764
14	36500000	36520000	9223	39	11250	9323	0.00422856	0.5625	0.989274
14	36520000	36540000	13758	51	4602	14245	0.00370693	0.2301	0.965813
14	36540000	36560000	10869	66	11103	11456	0.00607232	0.55515	0.94876
14	36560000	36580000	11952	77	10569	12074	0.00644244	0.52845	0.989896
14	36580000	36600000	10065	48	10830	10135	0.004769	0.5415	0.993093
14	36600000	36620000	7621	41	17465	8025	0.00537987	0.87325	0.949657
14	36620000	36640000	9087	64	10860	9195	0.00704303	0.543	0.988254
14	36640000	36660000	9424	55	11413	9511	0.00583616	0.57065	0.990853
14	36660000	36680000	12786	89	7768	13244	0.00696074	0.3884	0.965418
14	36680000	36700000	14067	85	5133	14180	0.00604251	0.25665	0.992031
14	36700000	36720000	7841	55	13586	7914	0.00701441	0.6793	0.990776
14	36720000	36740000	13734	89	7420	13846	0.00648027	0.371	0.991911
14	36740000	36760000	13859	65	3300	13949	0.00469009	0.165	0.993548
14	36760000	36780000	12762	64	7912	12838	0.00501489	0.3956	0.99408
14	36780000	36800000	12288	38	7066	12648	0.00309245	0.3533	0.971537
14	36800000	36820000	12215	47	6334	12295	0.00384773	0.3167	0.993493
14	36820000	36840000	11405	31	12277	11500	0.00271811	0.61385	0.991739
14	36840000	36860000	8838	45	11398	9372	0.00509165	0.5699	0.943022
14	36860000	36880000	12331	57	8193	12430	0.0046225	0.40965	0.992035
14	36880000	36900000	9025	29	11516	9105	0.0032133	0.5758	0.991214
14	36900000	36920000	11817	45	6083	11881	0.00380807	0.30415	0.994613
14	36920000	36940000	13631	75	5143	13722	0.00550216	0.25715	0.993368
14	36940000	36960000	12608	93	8460	12753	0.00737627	0.423	0.98863
14	36960000	36980000	14410	84	1117	14533	0.00582929	0.05585	0.991537
14	36980000	37000000	13072	65	4724	13323	0.00497246	0.2362	0.98116
14	37000000	37020000	12159	53	9904	12227	0.00435891	0.4952	0.994439
14	37020000	37040000	12097	61	12037	12173	0.00504257	0.60185	0.993757
14	37040000	37060000	13296	69	2458	13463	0.00518953	0.1229	0.987596
14	37060000	37080000	11929	70	8441	12014	0.00586805	0.42205	0.992925
14	37080000	37100000	11753	90	12817	11916	0.00765762	0.64085	0.986321
14	37100000	37120000	11973	80	6286	12083	0.0066817	0.3143	0.990896
14	37120000	37140000	14059	43	910	14371	0.00305854	0.0455	0.97829
14	37140000	37160000	13868	51	2723	13962	0.00367753	0.13615	0.993267
14	37160000	37180000	8199	39	11745	8247	0.00475668	0.58725	0.99418
14	37180000	37200000	13508	80	4884	13616	0.00592242	0.2442	0.992068
14	37200000	37220000	12020	62	7880	12101	0.00515807	0.394	0.993306
14	37220000	37240000	12615	71	7273	12869	0.00562822	0.36365	0.980263
14	37240000	37260000	11181	55	8282	11943	0.00491906	0.4141	0.936197
14	37260000	37280000	13699	66	4608	13815	0.00481787	0.2304	0.991603
14	37280000	37300000	12959	68	5891	13075	0.00524732	0.29455	0.991128
14	37300000	37320000	14436	86	5210	14540	0.00595733	0.2605	0.992847
14	37320000	37340000	14491	78	5461	14574	0.00538265	0.27305	0.994305
14	37340000	37360000	11835	59	7258	12655	0.00498521	0.3629	0.935203
14	37360000	37380000	8895	43	10728	8969	0.00483418	0.5364	0.991749
14	37380000	37400000	12757	63	8491	12853	0.00493847	0.42455	0.992531
14	37400000	37420000	14113	55	3808	14205	0.00389712	0.1904	0.993523
14	37420000	37440000	13675	73	3884	13779	0.00533821	0.1942	0.992452
14	37440000	37460000	9806	69	9135	10685	0.00703651	0.45675	0.917735
14	37460000	37480000	12982	63	7445	13092	0.00485287	0.37225	0.991598
14	37480000	37500000	10937	63	7847	11027	0.00576026	0.39235	0.991838
14	37500000	37520000	12920	78	5971	13003	0.00603715	0.29855	0.993617
14	37520000	37540000	12839	59	10276	12954	0.00459537	0.5138	0.991122
14	37540000	37560000	12935	67	7299	13028	0.00517974	0.36495	0.992862
14	37560000	37580000	11493	47	10502	11600	0.00408945	0.5251	0.990776
14	37580000	37600000	11728	67	5241	11895	0.00571282	0.26205	0.98596
14	37600000	37620000	10703	55	6703	10791	0.00513875	0.33515	0.991845
14	37620000	37640000	7260	38	13669	8436	0.00523416	0.68345	0.860597
14	37640000	37660000	6750	39	15584	6797	0.00577778	0.7792	0.993085
14	37660000	37680000	7381	35	13025	7473	0.0047419	0.65125	0.987689
14	37680000	37700000	6315	45	15750	6369	0.00712589	0.7875	0.991521
14	37700000	37720000	10824	59	8362	10912	0.00545085	0.4181	0.991935
14	37720000	37740000	12734	50	4057	12810	0.0039265	0.20285	0.994067
14	37740000	37760000	10744	45	9888	10819	0.00418838	0.4944	0.993068
14	37760000	37780000	8396	38	14465	8444	0.00452596	0.72325	0.994315
14	37780000	37800000	12730	65	12391	12821	0.00510605	0.61955	0.992902
14	37800000	37820000	9107	35	16702	9179	0.0038432	0.8351	0.992156
14	37820000	37840000	3307	22	16264	3341	0.00665256	0.8132	0.989823
14	37840000	37860000	11047	53	8236	11228	0.00479768	0.4118	0.98388
14	37860000	37880000	9528	32	10935	9633	0.00335852	0.54675	0.9891
14	37880000	37900000	13181	58	8556	13302	0.00440027	0.4278	0.990904
14	37900000	37920000	8990	55	12531	9114	0.00611791	0.62655	0.986395
14	37920000	37940000	9561	62	10631	9698	0.00648468	0.53155	0.985873
14	37940000	37960000	5145	21	18571	5203	0.00408163	0.92855	0.988853
14	37960000	37980000	7449	38	12399	7521	0.00510136	0.61995	0.990427
14	37980000	38000000	12896	82	6261	12999	0.00635856	0.31305	0.992076
14	38000000	38020000	13194	60	6804	13427	0.00454752	0.3402	0.982647
14	38020000	38040000	11613	42	9148	11698	0.00361664	0.4574	0.992734
14	38040000	38060000	13797	64	5812	13885	0.00463869	0.2906	0.993662
14	38060000	38080000	12820	48	2630	13043	0.00374415	0.1315	0.982903
14	38080000	38100000	10181	60	11845	10269	0.00589333	0.59225	0.991431
14	38100000	38120000	10723	54	14226	10871	0.0050359	0.7113	0.986386
14	38120000	38140000	6856	48	12596	6906	0.00700117	0.6298	0.99276
14	38140000	38160000	10855	65	12122	10942	0.00598802	0.6061	0.992049
14	38160000	38180000	10487	50	10142	10560	0.00476781	0.5071	0.993087
14	38180000	38200000	11583	44	13633	11816	0.00379867	0.68165	0.980281
14	38200000	38220000	12881	68	9982	12992	0.00527909	0.4991	0.991456
14	38220000	38240000	3410	26	17443	4383	0.00762463	0.87215	0.778006
14	38240000	38260000	4723	37	16880	4907	0.007834	0.844	0.962503
14	38260000	38280000	12774	78	7958	13280	0.00610615	0.3979	0.961898
14	38280000	38300000	13787	73	7033	13871	0.00529484	0.35165	0.993944
14	38300000	38320000	10400	66	12535	10504	0.00634615	0.62675	0.990099
14	38320000	38340000	14268	46	6237	14375	0.003224	0.31185	0.992557
14	38340000	38360000	10839	73	11684	10969	0.00673494	0.5842	0.988148
14	38360000	38380000	12623	64	7277	12717	0.00507011	0.36385	0.992608
14	38380000	38400000	12017	45	9557	12117	0.0037447	0.47785	0.991747
14	38400000	38420000	10321	51	12900	10410	0.00494138	0.645	0.991451
14	38420000	38440000	6875	43	13222	6948	0.00625455	0.6611	0.989493
14	38440000	38460000	10889	89	10552	10971	0.00817339	0.5276	0.992526
14	38460000	38480000	12014	85	9536	12134	0.00707508	0.4768	0.99011
14	38480000	38500000	9903	68	11743	10016	0.00686661	0.58715	0.988718
14	38500000	38520000	12564	76	10243	12678	0.00604903	0.51215	0.991008
14	38520000	38540000	9831	59	13184	9932	0.00600142	0.6592	0.989831
14	38540000	38560000	12516	83	10260	12677	0.00663151	0.513	0.9873
14	38560000	38580000	7799	69	15739	7886	0.00884729	0.78695	0.988968
14	38580000	38600000	11512	81	9785	11708	0.00703614	0.48925	0.983259
14	38600000	38620000	12742	78	7227	13008	0.00612149	0.36135	0.979551
14	38620000	38640000	12762	73	8965	12918	0.00572011	0.44825	0.987924
14	38640000	38660000	12331	81	10986	12848	0.00656881	0.5493	0.95976
14	38660000	38680000	9443	70	8882	9513	0.0074129	0.4441	0.992642
14	38680000	38700000	11631	84	8267	11730	0.00722208	0.41335	0.99156
14	38700000	38720000	13066	78	10517	13183	0.00596969	0.52585	0.991125
14	38720000	38740000	7574	51	14004	7642	0.00673356	0.7002	0.991102
14	38740000	38760000	11797	72	8720	12246	0.00610325	0.436	0.963335
14	38760000	38780000	9128	86	14805	9242	0.00942156	0.74025	0.987665
14	38780000	38800000	10264	54	12173	10355	0.00526111	0.60865	0.991212
14	38800000	38820000	7551	49	13556	7651	0.00648921	0.6778	0.98693
14	38820000	38840000	5822	19	9137	6255	0.00326348	0.45685	0.930775
14	38840000	38860000	11768	56	8983	12145	0.00475867	0.44915	0.968958
14	38860000	38880000	14410	64	5615	14534	0.00444136	0.28075	0.991468
14	38880000	38900000	8262	89	12944	8339	0.0107722	0.6472	0.990766
14	38900000	38920000	8423	49	14065	8529	0.0058174	0.70325	0.987572
14	38920000	38940000	7406	35	11781	7509	0.0047259	0.58905	0.986283
14	38940000	38960000	9449	48	17644	9528	0.0050799	0.8822	0.991709
14	38960000	38980000	9796	50	12929	9894	0.00510412	0.64645	0.990095
14	38980000	39000000	12405	66	11412	12502	0.00532044	0.5706	0.992241
14	39000000	39020000	11908	107	9876	12031	0.00898556	0.4938	0.989776
14	39020000	39040000	9950	80	13887	10053	0.0080402	0.69435	0.989754
14	39040000	39060000	6019	67	18018	6087	0.0111314	0.9009	0.988829
14	39060000	39080000	7950	57	13438	8025	0.00716981	0.6719	0.990654
14	39080000	39100000	8586	65	17630	8769	0.00757046	0.8815	0.979131
14	39100000	39120000	4567	35	16711	4613	0.00766367	0.83555	0.990028
14	39120000	39140000	13954	107	6791	14148	0.00766805	0.33955	0.986288
14	39140000	39160000	6287	37	17048	6597	0.00588516	0.8524	0.953009
14	39160000	39180000	8553	60	13941	8632	0.00701508	0.69705	0.990848
14	39180000	39200000	10298	54	8597	10441	0.00524374	0.42985	0.986304
14	39200000	39220000	12805	64	8346	12932	0.00499805	0.4173	0.990179
14	39220000	39240000	9628	70	9072	9748	0.00727046	0.4536	0.98769
14	39240000	39260000	10601	61	10806	10673	0.00575417	0.5403	0.993254
14	39260000	39280000	9961	84	12644	10017	0.00843289	0.6322	0.99441
14	39280000	39300000	9334	33	10960	9391	0.00353546	0.548	0.99393
14	39300000	39320000	11401	65	7772	11498	0.00570125	0.3886	0.991564
14	39320000	39340000	10712	42	12478	10832	0.00392084	0.6239	0.988922
14	39340000	39360000	13551	61	7149	13719	0.00450151	0.35745	0.987754
14	39360000	39380000	11887	81	8602	11990	0.00681417	0.4301	0.99141
14	39380000	39400000	5639	40	15294	5732	0.00709346	0.7647	0.983775
14	39400000	39420000	6541	46	13995	6608	0.00703256	0.69975	0.989861
14	39420000	39440000	11631	65	9569	11729	0.00558851	0.47845	0.991645
14	39440000	39460000	6864	39	13212	6911	0.00568182	0.6606	0.993199
14	39460000	39480000	9039	49	10698	9151	0.00542095	0.5349	0.987761
14	39480000	39500000	8608	48	11734	8713	0.00557621	0.5867	0.987949
14	39500000	39520000	11347	57	7972	11469	0.00502335	0.3986	0.989363
14	39520000	39540000	9560	37	10837	9896	0.00387029	0.54185	0.966047
14	39540000	39560000	8231	34	13655	8298	0.00413073	0.68275	0.991926
14	39560000	39580000	7556	24	9091	7606	0.00317628	0.45455	0.993426
14	39580000	39600000	6904	22	11190	7090	0.00318656	0.5595	0.973766
14	39600000	39620000	6344	32	12966	6559	0.00504414	0.6483	0.967221
14	39620000	39640000	8155	43	9722	8232	0.00527284	0.4861	0.990646
14	39640000	39660000	9405	57	8725	9492	0.00606061	0.43625	0.990834
14	39660000	39680000	4334	23	15808	5279	0.00530688	0.7904	0.820989
14	39680000	39700000	7082	34	10606	7126	0.0048009	0.5303	0.993825
14	39700000	39720000	9306	28	10753	9357	0.00300881	0.53765	0.99455
14	39720000	39740000	7582	38	11558	7641	0.00501187	0.5779	0.992278
14	39740000	39760000	5998	34	15924	6077	0.00566856	0.7962	0.987
14	39760000	39780000	10080	42	8673	10197	0.00416667	0.43365	0.988526
14	39780000	39800000	8607	42	8638	8693	0.00487975	0.4319	0.990107
14	39800000	39820000	8999	49	10655	9069	0.00544505	0.53275	0.992281
14	39820000	39840000	6070	32	17015	6153	0.00527183	0.85075	0.986511
14	39840000	39860000	8020	45	12706	8070	0.00561097	0.6353	0.993804
14	39860000	39880000	10932	42	9994	11195	0.00384193	0.4997	0.976507
14	39880000	39900000	10166	44	12668	10231	0.00432815	0.6334	0.993647
14	39900000	39920000	10399	45	9723	10475	0.00432734	0.48615	0.992745
14	39920000	39940000	8550	36	15797	8613	0.00421053	0.78985	0.992685
14	39940000	39960000	8268	45	16218	8330	0.00544267	0.8109	0.992557
14	39960000	39980000	8252	32	15551	8323	0.00387785	0.77755	0.991469
14	39980000	40000000	1727	16	17253	3955	0.00926462	0.86265	0.436662
14	40000000	40020000	8592	41	15943	8683	0.00477188	0.79715	0.98952
14	40020000	40040000	10390	51	12180	10555	0.00490857	0.609	0.984368
14	40040000	40060000	8005	40	13667	8065	0.00499688	0.68335	0.99256
14	40060000	40080000	9318	42	10796	9419	0.00450741	0.5398	0.989277
14	40080000	40100000	10426	48	11334	10508	0.00460387	0.5667	0.992196
14	40100000	40120000	7784	32	13543	7894	0.004111	0.67715	0.986065
14	40120000	40140000	8571	37	12366	8648	0.00431688	0.6183	0.991096
14	40140000	40160000	14761	68	6447	14958	0.00460673	0.32235	0.98683
14	40160000	40180000	7988	40	14229	8059	0.00500751	0.71145	0.99119
14	40180000	40200000	12161	45	8725	12275	0.00370035	0.43625	0.990713
14	40200000	40220000	10095	48	13173	10216	0.00475483	0.65865	0.988156
14	40220000	40240000	12656	36	8192	12778	0.0028445	0.4096	0.990452
14	40240000	40260000	9036	54	13229	9115	0.0059761	0.66145	0.991333
14	40260000	40280000	11778	97	7119	13096	0.00823569	0.35595	0.899359
14	40280000	40300000	9214	58	12920	9373	0.00629477	0.646	0.983036
14	40300000	40320000	12471	91	8229	12776	0.00729693	0.41145	0.976127
14	40320000	40340000	13344	78	9036	13555	0.00584532	0.4518	0.984434
14	40340000	40360000	10909	75	12396	11007	0.00687506	0.6198	0.991097
14	40360000	40380000	7316	69	12666	7400	0.00943138	0.6333	0.988649
14	40380000	40400000	9362	72	9874	9467	0.00769066	0.4937	0.988909
14	40400000	40420000	9257	74	11781	9346	0.00799395	0.58905	0.990477
14	40420000	40440000	7816	49	12172	7908	0.00626919	0.6086	0.988366
14	40440000	40460000	14310	72	7752	14421	0.00503145	0.3876	0.992303
14	40460000	40480000	8825	54	12164	8973	0.00611898	0.6082	0.983506
14	40480000	40500000	12269	81	5409	12387	0.00660201	0.27045	0.990474
14	40500000	40520000	13283	58	8337	13378	0.00436648	0.41685	0.992899
14	40520000	40540000	13082	79	9243	13185	0.00603883	0.46215	0.992188
14	40540000	40560000	8057	53	12886	8143	0.00657813	0.6443	0.989439
14	40560000	40580000	10610	47	12151	10699	0.00442978	0.60755	0.991681
14	40580000	40600000	10835	67	9365	10911	0.00618366	0.46825	0.993035
14	40600000	40620000	8819	78	13537	8904	0.00884454	0.67685	0.990454
14	40620000	40640000	7245	52	16540	7407	0.00717736	0.827	0.978129
14	40640000	40660000	10030	84	12712	10139	0.00837488	0.6356	0.989249
14	40660000	40680000	11558	94	14255	11678	0.00813289	0.71275	0.989724
14	40680000	40700000	11626	79	9392	11783	0.00679511	0.4696	0.986676
14	40700000	40720000	7725	41	13048	10485	0.00530744	0.6524	0.736767
14	40720000	40740000	11978	47	9890	12094	0.00392386	0.4945	0.990408
14	40740000	40760000	8383	31	15198	8462	0.00369796	0.7599	0.990664
14	40760000	40780000	10823	54	11159	10927	0.00498937	0.55795	0.990482
14	40780000	40800000	7511	47	15376	7785	0.00625749	0.7688	0.964804
14	40800000	40820000	9114	43	13790	9205	0.00471802	0.6895	0.990114
14	40820000	40840000	0	0	10563	9547		0.52815	0
14	40840000	40860000	5564	25	11074	9331	0.00449317	0.5537	0.596292
14	40860000	40880000	7796	44	10114	11621	0.00564392	0.5057	0.670854
14	40880000	40900000	12703	73	11262	12803	0.00574667	0.5631	0.992189
14	40900000	40920000	12890	64	10561	13036	0.00496509	0.52805	0.9888
14	40920000	40940000	10191	49	15090	10329	0.00480816	0.7545	0.98664
14	40940000	40960000	10287	47	8244	11792	0.00456887	0.4122	0.872371
14	40960000	40980000	12796	45	8219	12924	0.00351672	0.41095	0.990096
14	40980000	41000000	9994	52	11456	10067	0.00520312	0.5728	0.992749
14	41000000	41020000	5335	34	16769	9484	0.00637301	0.83845	0.562526
14	41020000	41040000	2662	24	14183	9145	0.00901578	0.70915	0.291088
14	41040000	41060000	13637	81	10031	13783	0.00593972	0.50155	0.989407
14	41060000	41080000	9400	42	10408	9477	0.00446809	0.5204	0.991875
14	41080000	41100000	11579	58	6500	11798	0.00500907	0.325	0.981438
14	41100000	41120000	5662	25	9494	11761	0.0044154	0.4747	0.481422
14	41120000	41140000	5284	17	13338	13355	0.00321726	0.6669	0.395657
14	41140000	41160000	10909	37	10511	10999	0.00339169	0.52555	0.991817
14	41160000	41180000	10541	60	14921	10649	0.00569206	0.74605	0.989858
14	41180000	41200000	6506	27	16924	6561	0.00415002	0.8462	0.991617
14	41200000	41220000	11418	59	10118	11546	0.00516728	0.5059	0.988914
14	41220000	41240000	11007	41	10981	11109	0.0037249	0.54905	0.990818
14	41240000	41260000	11291	53	13275	11370	0.004694	0.66375	0.993052
14	41260000	41280000	10351	46	9728	10427	0.00444402	0.4864	0.992711
14	41280000	41300000	9642	42	11009	10228	0.00435594	0.55045	0.942706
14	41300000	41320000	5739	33	12532	10711	0.00575013	0.6266	0.535804
14	41320000	41340000	8739	48	16702	8928	0.00549262	0.8351	0.978831
14	41340000	41360000	12587	68	10708	13202	0.0054024	0.5354	0.953416
14	41360000	41380000	10792	49	11026	11019	0.0045404	0.5513	0.979399
14	41380000	41400000	11445	69	10698	11642	0.00602883	0.5349	0.983079
14	41400000	41420000	10776	63	7850	10889	0.00584633	0.3925	0.989623
14	41420000	41440000	9018	60	12769	9086	0.00665336	0.63845	0.992516
14	41440000	41460000	10348	94	12283	10448	0.00908388	0.61415	0.990429
14	41460000	41480000	10487	89	12148	10653	0.0084867	0.6074	0.984418
14	41480000	41500000	11268	56	11164	11388	0.00496983	0.5582	0.989463
14	41500000	41520000	11616	74	10406	11782	0.00637052	0.5203	0.985911
14	41520000	41540000	12800	88	10145	13005	0.006875	0.50725	0.984237
14	41540000	41560000	10394	85	7420	12222	0.00817779	0.371	0.850434
14	41560000	41580000	8717	56	12074	9642	0.00642423	0.6037	0.904066
14	41580000	41600000	9756	80	12874	10925	0.00820008	0.6437	0.892998
14	41600000	41620000	8685	71	10938	9365	0.00817501	0.5469	0.927389
14	41620000	41640000	9965	65	10574	11134	0.00652283	0.5287	0.895006
14	41640000	41660000	10870	85	10181	11061	0.00781969	0.50905	0.982732
14	41660000	41680000	7565	68	13196	8109	0.00898876	0.6598	0.932914
14	41680000	41700000	9044	71	10715	9223	0.00785051	0.53575	0.980592
14	41700000	41720000	6802	51	13275	8925	0.00749779	0.66375	0.762129
14	41720000	41740000	12233	76	11829	12346	0.0062127	0.59145	0.990847
14	41740000	41760000	11103	61	10110	11458	0.00549401	0.5055	0.969017
14	41760000	41780000	11961	98	7970	12184	0.00819329	0.3985	0.981697
14	41780000	41800000	7607	35	13432	8332	0.00460103	0.6716	0.912986
14	41800000	41820000	5467	32	13372	7271	0.0058533	0.6686	0.751891
14	41820000	41840000	12915	63	6524	13037	0.00487805	0.3262	0.990642
14	41840000	41860000	12712	97	6564	12860	0.00763059	0.3282	0.988491
14	41860000	41880000	12298	77	9715	12520	0.00626118	0.48575	0.982268
14	41880000	41900000	10063	77	13854	10236	0.00765179	0.6927	0.983099
14	41900000	41920000	13655	90	6315	13822	0.00659099	0.31575	0.987918
14	41920000	41940000	13432	88	8800	13547	0.00655152	0.44	0.991511
14	41940000	41960000	13399	82	10955	13584	0.00611986	0.54775	0.986381
14	41960000	41980000	9910	74	11363	10000	0.0074672	0.56815	0.991
14	41980000	42000000	8004	53	12960	8264	0.00662169	0.648	0.968538
14	42000000	42020000	10837	90	15634	10974	0.00830488	0.7817	0.987516
14	42020000	42040000	12421	52	8647	12517	0.00418646	0.43235	0.99233
14	42040000	42060000	11166	77	8754	11274	0.00689593	0.4377	0.99042
14	42060000	42080000	11311	51	6276	11464	0.00450889	0.3138	0.986654
14	42080000	42100000	13932	70	3624	14053	0.0050244	0.1812	0.99139
14	42100000	42120000	13457	86	6040	13614	0.00639073	0.302	0.988468
14	42120000	42140000	12221	69	7595	12343	0.00564602	0.37975	0.990116
14	42140000	42160000	7287	43	17439	7368	0.00590092	0.87195	0.989007
14	42160000	42180000	13058	65	11417	13168	0.00497779	0.57085	0.991646
14	42180000	42200000	11143	64	9994	11248	0.00574352	0.4997	0.990665
14	42200000	42220000	9348	50	17255	9479	0.00534874	0.86275	0.98618
14	42220000	42240000	8929	70	10286	9002	0.00783962	0.5143	0.991891
14	42240000	42260000	12222	87	15666	12329	0.00711831	0.7833	0.991321
14	42260000	42280000	11547	73	7318	11655	0.00632199	0.3659	0.990734
14	42280000	42300000	11628	77	13506	11727	0.00662195	0.6753	0.991558
14	42300000	42320000	12948	59	8409	13044	0.00455669	0.42045	0.99264
14	42320000	42340000	12468	94	9654	12976	0.0075393	0.4827	0.960851
14	42340000	42360000	12244	62	9096	12346	0.0050637	0.4548	0.991738
14	42360000	42380000	10463	56	6039	10644	0.00535219	0.30195	0.982995
14	42380000	42400000	12461	51	8205	12799	0.00409277	0.41025	0.973592
14	42400000	42420000	13018	70	6287	13139	0.00537717	0.31435	0.990791
14	42420000	42440000	8187	36	12803	8255	0.00439722	0.64015	0.991763
14	42440000	42460000	12215	85	8115	12304	0.00695866	0.40575	0.992767
14	42460000	42480000	12580	90	7463	12736	0.00715421	0.37315	0.987751
14	42480000	42500000	11712	45	10040	12209	0.00384221	0.502	0.959292
14	42500000	42520000	8044	37	13079	9940	0.0045997	0.65395	0.809256
14	42520000	42540000	7618	40	13410	7703	0.00525072	0.6705	0.988965
14	42540000	42560000	12166	94	11114	12410	0.00772645	0.5557	0.980338
14	42560000	42580000	10017	60	13342	10157	0.00598982	0.6671	0.986216
14	42580000	42600000	9509	63	13511	9610	0.0066253	0.67555	0.98949
14	42600000	42620000	12330	77	10613	12464	0.00624493	0.53065	0.989249
14	42620000	42640000	6860	42	16038	6947	0.00612245	0.8019	0.987477
14	42640000	42660000	11808	84	12022	11947	0.00711382	0.6011	0.988365
14	42660000	42680000	10332	59	12132	10453	0.00571041	0.6066	0.988424
14	42680000	42700000	11767	65	6909	11884	0.00552392	0.34545	0.990155
14	42700000	42720000	11202	54	14241	11308	0.00482057	0.71205	0.990626
14	42720000	42740000	8659	33	15106	8754	0.00381106	0.7553	0.989148
14	42740000	42760000	5926	65	16964	6008	0.0109686	0.8482	0.986352
14	42760000	42780000	7676	57	15705	7797	0.00742574	0.78525	0.984481
14	42780000	42800000	10099	106	15338	10200	0.0104961	0.7669	0.990098
14	42800000	42820000	11652	106	10097	11770	0.00909715	0.50485	0.989975
14	42820000	42840000	12088	69	8027	12165	0.00570814	0.40135	0.99367
14	42840000	42860000	13273	66	10335	13430	0.0049725	0.51675	0.98831
14	42860000	42880000	11842	51	8182	11932	0.0043067	0.4091	0.992457
14	42880000	42900000	11484	71	9980	11596	0.00618251	0.499	0.990341
14	42900000	42920000	10467	71	8197	11151	0.00678322	0.40985	0.93866
14	42920000	42940000	10352	67	13885	10508	0.00647218	0.69425	0.985154
14	42940000	42960000	12063	88	11018	12342	0.00729503	0.5509	0.977394
14	42960000	42980000	10222	72	10645	10355	0.00704363	0.53225	0.987156
14	42980000	43000000	12188	56	11658	12289	0.00459468	0.5829	0.991781
14	43000000	43020000	11464	59	11008	11567	0.00514655	0.5504	0.991095
14	43020000	43040000	10678	55	10928	10760	0.00515078	0.5464	0.992379
14	43040000	43060000	10203	63	13617	10358	0.00617465	0.68085	0.985036
14	43060000	43080000	11732	57	10286	11847	0.00485851	0.5143	0.990293
14	43080000	43100000	11562	68	8235	12652	0.00588134	0.41175	0.913848
14	43100000	43120000	10175	35	12093	10259	0.0034398	0.60465	0.991812
14	43120000	43140000	9607	73	13616	9742	0.00759863	0.6808	0.986142
14	43140000	43160000	10610	63	9780	10700	0.00593779	0.489	0.991589
14	43160000	43180000	12127	70	7517	12224	0.00577224	0.37585	0.992065
14	43180000	43200000	11313	56	8297	11420	0.00495006	0.41485	0.99063
14	43200000	43220000	11119	92	10377	11244	0.00827413	0.51885	0.988883
14	43220000	43240000	10443	53	12998	10722	0.00507517	0.6499	0.973979
14	43240000	43260000	7856	40	13413	7918	0.00509165	0.67065	0.99217
14	43260000	43280000	8948	43	11304	9039	0.00480554	0.5652	0.989933
14	43280000	43300000	8889	71	16538	8979	0.0079874	0.8269	0.989977
14	43300000	43320000	8380	58	13657	8460	0.00692124	0.68285	0.990544
14	43320000	43340000	12663	51	10379	12781	0.00402748	0.51895	0.990768
14	43340000	43360000	11107	77	11222	11207	0.00693257	0.5611	0.991077
14	43360000	43380000	10134	51	13914	10228	0.00503256	0.6957	0.99081
14	43380000	43400000	10284	48	13335	10377	0.00466744	0.66675	0.991038
14	43400000	43420000	6930	58	10944	11382	0.00836941	0.5472	0.608856
14	43420000	43440000	6939	43	11589	7049	0.00619686	0.57945	0.984395
14	43440000	43460000	7303	53	12820	7600	0.00725729	0.641	0.960921
14	43460000	43480000	11326	103	14858	11808	0.00909412	0.7429	0.95918
14	43480000	43500000	12168	60	10270	12343	0.00493097	0.5135	0.985822
14	43500000	43520000	13973	72	5797	14092	0.00515279	0.28985	0.991555
14	43520000	43540000	8444	46	13500	8530	0.00544766	0.675	0.989918
14	43540000	43560000	11926	59	8249	12073	0.00494717	0.41245	0.987824
14	43560000	43580000	10808	54	12444	10884	0.0049963	0.6222	0.993017
14	43580000	43600000	10037	78	12188	10163	0.00777125	0.6094	0.987602
14	43600000	43620000	12214	78	9273	12469	0.00638611	0.46365	0.979549
14	43620000	43640000	11839	93	8969	11956	0.00785539	0.44845	0.990214
14	43640000	43660000	11584	103	11016	11673	0.00889157	0.5508	0.992376
14	43660000	43680000	9579	58	15366	9678	0.00605491	0.7683	0.989771
14	43680000	43700000	11604	73	8561	11711	0.00629093	0.42805	0.990863
14	43700000	43720000	8858	62	10036	10287	0.00699932	0.5018	0.861087
14	43720000	43740000	4588	40	12536	6766	0.0087184	0.6268	0.678096
14	43740000	43760000	0	0	10181	12234		0.50905	0
14	43760000	43780000	3747	30	11160	11247	0.00800641	0.558	0.333156
14	43780000	43800000	8786	63	14264	8886	0.0071705	0.7132	0.988746
14	43800000	43820000	8860	60	14898	8964	0.00677201	0.7449	0.988398
14	43820000	43840000	10856	120	14147	10980	0.0110538	0.70735	0.988707
14	43840000	43860000	7874	52	12736	8898	0.00660401	0.6368	0.884918
14	43860000	43880000	9176	50	12058	10632	0.005449	0.6029	0.863055
14	43880000	43900000	8917	54	13550	9616	0.00605585	0.6775	0.927309
14	43900000	43920000	8113	41	16398	8190	0.00505362	0.8199	0.990598
14	43920000	43940000	8263	53	12047	9274	0.00641414	0.60235	0.890986
14	43940000	43960000	13316	64	10499	13466	0.00480625	0.52495	0.988861
14	43960000	43980000	7873	53	11604	7998	0.00673187	0.5802	0.984371
14	43980000	44000000	8760	59	12821	9177	0.00673516	0.64105	0.95456
14	44000000	44020000	8896	92	12411	9067	0.0103417	0.62055	0.98114
14	44020000	44040000	12157	84	7538	12314	0.0069096	0.3769	0.98725
14	44040000	44060000	8711	60	12591	8817	0.00688784	0.62955	0.987978
14	44060000	44080000	7744	29	14329	7849	0.00374483	0.71645	0.986622
14	44080000	44100000	11641	87	11634	11754	0.00747358	0.5817	0.990386
14	44100000	44120000	10055	47	15087	10144	0.00467429	0.75435	0.991226
14	44120000	44140000	7631	68	16826	7722	0.00891102	0.8413	0.988215
14	44140000	44160000	11218	64	8467	11337	0.00570512	0.42335	0.989503
14	44160000	44180000	8622	65	11700	8767	0.00753885	0.585	0.983461
14	44180000	44200000	11303	55	10453	11446	0.00486596	0.52265	0.987507
14	44200000	44220000	11894	76	8561	12978	0.00638978	0.42805	0.916474
14	44220000	44240000	11303	119	8404	11494	0.0105282	0.4202	0.983383
14	44240000	44260000	9944	61	11271	10026	0.00613435	0.56355	0.991821
14	44260000	44280000	8998	50	12449	9058	0.00555679	0.62245	0.993376
14	44280000	44300000	10326	40	11130	10460	0.00387372	0.5565	0.987189
14	44300000	44320000	11514	70	12593	11643	0.00607956	0.62965	0.98892
14	44320000	44340000	11674	55	9458	11766	0.00471132	0.4729	0.992181
14	44340000	44360000	12978	81	8034	13114	0.00624133	0.4017	0.989629
14	44360000	44380000	13021	68	6676	13166	0.00522233	0.3338	0.988987
14	44380000	44400000	9420	41	16629	9496	0.00435244	0.83145	0.991997
14	44400000	44420000	10869	53	13432	10995	0.00487625	0.6716	0.98854
14	44420000	44440000	10475	66	10954	10572	0.00630072	0.5477	0.990825
14	44440000	44460000	12703	68	6654	12822	0.00535307	0.3327	0.990719
14	44460000	44480000	10167	60	12639	10296	0.00590145	0.63195	0.987471
14	44480000	44500000	7794	31	13828	7895	0.00397742	0.6914	0.987207
14	44500000	44520000	11379	58	11924	11480	0.00509711	0.5962	0.991202
14	44520000	44540000	12899	80	9961	13036	0.00620203	0.49805	0.989491
14	44540000	44560000	9272	53	8416	9378	0.00571613	0.4208	0.988697
14	44560000	44580000	11786	102	12016	11914	0.00865434	0.6008	0.989256
14	44580000	44600000	10133	62	11754	10257	0.00611862	0.5877	0.987911
14	44600000	44620000	13780	62	7715	14058	0.00449927	0.38575	0.980225
14	44620000	44640000	11558	64	9681	11819	0.00553729	0.48405	0.977917
14	44640000	44660000	11795	72	11062	11900	0.00610428	0.5531	0.991176
14	44660000	44680000	10296	57	9832	10503	0.00553613	0.4916	0.980291
14	44680000	44700000	10474	63	10625	10563	0.00601489	0.53125	0.991574
14	44700000	44720000	9504	35	17742	9607	0.00368266	0.8871	0.989279
14	44720000	44740000	11462	54	12045	11535	0.00471122	0.60225	0.993671
14	44740000	44760000	12790	53	8602	12909	0.00414386	0.4301	0.990782
14	44760000	44780000	11750	51	9622	11846	0.00434043	0.4811	0.991896
14	44780000	44800000	7159	32	12364	7328	0.0044699	0.6182	0.976938
14	44800000	44820000	11755	61	10377	11908	0.00518928	0.51885	0.987151
14	44820000	44840000	11804	61	8436	12309	0.00516774	0.4218	0.958973
14	44840000	44860000	7304	31	13629	7419	0.00424425	0.68145	0.984499
14	44860000	44880000	11953	64	9213	12063	0.0053543	0.46065	0.990881
14	44880000	44900000	5519	31	15714	6197	0.00561696	0.7857	0.890592
14	44900000	44920000	8786	50	11733	9587	0.00569087	0.58665	0.916449
14	44920000	44940000	10776	59	11661	10878	0.00547513	0.58305	0.990623
14	44940000	44960000	7819	39	13792	7992	0.00498785	0.6896	0.978353
14	44960000	44980000	12432	33	10467	12515	0.00265444	0.52335	0.993368
14	44980000	45000000	7808	25	14466	7912	0.00320184	0.7233	0.986855
14	45000000	45020000	10563	50	12079	10668	0.0047335	0.60395	0.990157
14	45020000	45040000	7232	40	12514	7315	0.00553097	0.6257	0.988653
14	45040000	45060000	5962	39	16330	6415	0.00654143	0.8165	0.929384
14	45060000	45080000	12326	55	10566	12438	0.00446211	0.5283	0.990995
14	45080000	45100000	13187	51	7312	13293	0.00386745	0.3656	0.992026
14	45100000	45120000	9511	35	12298	9588	0.00367995	0.6149	0.991969
14	45120000	45140000	8767	31	11147	8862	0.00353599	0.55735	0.98928
14	45140000	45160000	7313	41	14177	7376	0.00560645	0.70885	0.991459
14	45160000	45180000	5273	20	15219	5316	0.00379291	0.76095	0.991911
14	45180000	45200000	11164	72	11660	11265	0.0064493	0.583	0.991034
14	45200000	45220000	8484	36	13019	10147	0.00424328	0.65095	0.836109
14	45220000	45240000	12458	55	7165	12547	0.00441483	0.35825	0.992907
14	45240000	45260000	13886	53	6852	14004	0.00381679	0.3426	0.991574
14	45260000	45280000	10663	53	11074	10988	0.00497046	0.5537	0.970422
14	45280000	45300000	9317	41	9261	9414	0.00440056	0.46305	0.989696
14	45300000	45320000	11260	54	9127	11368	0.00479574	0.45635	0.9905
14	45320000	45340000	5146	59	11347	5196	0.0114652	0.56735	0.990377
14	45340000	45360000	5886	42	16717	5943	0.00713558	0.83585	0.990409
14	45360000	45380000	9921	45	6802	10016	0.00453583	0.3401	0.990515
14	45380000	45400000	9314	42	10637	9495	0.00450934	0.53185	0.980937
14	45400000	45420000	11732	34	11576	11820	0.00289806	0.5788	0.992555
14	45420000	45440000	10729	34	11363	10850	0.00316898	0.56815	0.988848
14	45440000	45460000	8606	47	11439	9076	0.00546131	0.57195	0.948215
14	45460000	45480000	10643	44	8768	10707	0.00413417	0.4384	0.994023
14	45480000	45500000	8149	31	10234	8554	0.00380415	0.5117	0.952654
14	45500000	45520000	8135	31	15533	8198	0.00381069	0.77665	0.992315
14	45520000	45540000	9108	28	14628	9229	0.00307422	0.7314	0.986889
14	45540000	45560000	8679	52	9241	9077	0.00599147	0.46205	0.956153
14	45560000	45580000	10968	40	8497	11033	0.00364697	0.42485	0.994109
14	45580000	45600000	10470	33	7132	10519	0.00315186	0.3566	0.995342
14	45600000	45620000	8423	32	9844	8561	0.00379912	0.4922	0.98388
14	45620000	45640000	10749	41	10074	10820	0.00381431	0.5037	0.993438
14	45640000	45660000	10924	56	8718	11013	0.00512633	0.4359	0.991919
14	45660000	45680000	11555	45	9610	11667	0.00389442	0.4805	0.9904
14	45680000	45700000	10784	41	9699	10928	0.00380193	0.48495	0.986823
14	45700000	45720000	10960	42	10862	11275	0.00383212	0.5431	0.972062
14	45720000	45740000	9272	41	13423	9374	0.00442192	0.67115	0.989119
14	45740000	45760000	9513	40	12833	9620	0.00420477	0.64165	0.988877
14	45760000	45780000	8558	32	15048	8673	0.00373919	0.7524	0.98674
14	45780000	45800000	7259	23	11907	7367	0.00316848	0.59535	0.98534
14	45800000	45820000	7990	32	15497	8121	0.00400501	0.77485	0.983869
14	45820000	45840000	12518	51	10218	12724	0.00407413	0.5109	0.98381
14	45840000	45860000	11887	49	10385	12105	0.00412215	0.51925	0.981991
14	45860000	45880000	8377	33	12578	8511	0.00393936	0.6289	0.984256
14	45880000	45900000	3693	25	18092	3761	0.00676956	0.9046	0.98192
14	45900000	45920000	8512	54	13198	8680	0.00634398	0.6599	0.980645
14	45920000	45940000	11950	85	10505	12083	0.00711297	0.52525	0.988993
14	45940000	45960000	3392	26	16373	3448	0.00766509	0.81865	0.983759
14	45960000	45980000	8114	70	13601	8902	0.00862706	0.68005	0.911481
14	45980000	46000000	6646	55	15791	8418	0.00827565	0.78955	0.789499
14	46000000	46020000	4692	36	17823	4731	0.00767263	0.89115	0.991756
14	46020000	46040000	11111	61	11186	11358	0.00549005	0.5593	0.978253
14	46040000	46060000	7984	37	14670	9118	0.00463427	0.7335	0.875631
14	46060000	46080000	6984	43	12462	7171	0.00615693	0.6231	0.973923
14	46080000	46100000	11271	58	9527	11535	0.00514595	0.47635	0.977113
14	46100000	46120000	10846	35	11232	11513	0.003227	0.5616	0.942065
14	46120000	46140000	7913	37	14369	8033	0.00467585	0.71845	0.985062
14	46140000	46160000	8749	67	13475	8914	0.00765802	0.67375	0.98149
14	46160000	46180000	11684	64	9542	11948	0.00547758	0.4771	0.977904
14	46180000	46200000	11307	75	10050	11471	0.00663306	0.5025	0.985703
14	46200000	46220000	10901	69	10901	11118	0.00632969	0.54505	0.980482
14	46220000	46240000	5043	20	15229	7140	0.00396589	0.76145	0.706303
14	46240000	46260000	6881	50	17738	8167	0.00726639	0.8869	0.842537
14	46260000	46280000	11061	60	9226	11249	0.00542446	0.4613	0.983287
14	46280000	46300000	2178	20	18226	2931	0.00918274	0.9113	0.743091
14	46300000	46320000	8069	38	13103	8243	0.00470938	0.65515	0.978891
14	46320000	46340000	7950	47	14814	8259	0.00591195	0.7407	0.962586
14	46340000	46360000	6223	52	15200	6285	0.0083561	0.76	0.990135
14	46360000	46380000	13191	116	7725	13309	0.00879387	0.38625	0.991134
14	46380000	46400000	8835	87	17019	9208	0.0098472	0.85095	0.959492
14	46400000	46420000	11252	70	10367	11953	0.00622112	0.51835	0.941354
14	46420000	46440000	13801	89	10847	14074	0.00644881	0.54235	0.980603
14	46440000	46460000	8792	78	18533	8868	0.0088717	0.92665	0.99143
14	46460000	46480000	8640	75	11317	8840	0.00868056	0.56585	0.977376
14	46480000	46500000	6951	40	11355	7982	0.00575457	0.56775	0.870834
14	46500000	46520000	10335	64	16825	11204	0.00619255	0.84125	0.922438
14	46520000	46540000	11584	124	9636	11724	0.0107044	0.4818	0.988059
14	46540000	46560000	12438	100	12446	12581	0.00803988	0.6223	0.988634
14	46560000	46580000	8364	106	12884	8490	0.0126734	0.6442	0.985159
14	46580000	46600000	10845	111	13428	10981	0.0102351	0.6714	0.987615
14	46600000	46620000	12471	81	12586	12748	0.00649507	0.6293	0.978271
14	46620000	46640000	6914	61	15201	7039	0.00882268	0.76005	0.982242
14	46640000	46660000	10516	95	10163	10647	0.00903385	0.50815	0.987696
14	46660000	46680000	11029	57	11315	11162	0.00516819	0.56575	0.988085
14	46680000	46700000	8569	67	15557	8989	0.00781888	0.77785	0.953276
14	46700000	46720000	11737	91	8337	11864	0.00775326	0.41685	0.989295
14	46720000	46740000	11102	48	8608	11195	0.00432355	0.4304	0.991693
14	46740000	46760000	10109	55	9477	10553	0.0054407	0.47385	0.957927
14	46760000	46780000	11279	52	15478	11377	0.00461034	0.7739	0.991386
14	46780000	46800000	13480	52	9189	13628	0.00385757	0.45945	0.98914
14	46800000	46820000	13389	107	11951	13562	0.00799163	0.59755	0.987244
14	46820000	46840000	11753	100	8395	11876	0.00850847	0.41975	0.989643
14	46840000	46860000	8178	61	15050	8267	0.00745904	0.7525	0.989234
14	46860000	46880000	12391	89	6838	12512	0.00718263	0.3419	0.990329
14	46880000	46900000	10955	59	10366	11074	0.00538567	0.5183	0.989254
14	46900000	46920000	7888	44	14750	7991	0.00557809	0.7375	0.98711
14	46920000	46940000	12129	105	12166	12258	0.00865694	0.6083	0.989476
14	46940000	46960000	11239	85	7156	11551	0.00756295	0.3578	0.972989
14	46960000	46980000	9853	83	11470	10073	0.00842383	0.5735	0.978159
14	46980000	47000000	8753	57	13281	9213	0.00651205	0.66405	0.950071
14	47000000	47020000	6630	37	13606	6971	0.00558069	0.6803	0.951083
14	47020000	47040000	10233	65	14163	10360	0.006352	0.70815	0.987741
14	47040000	47060000	9377	62	12670	9530	0.00661192	0.6335	0.983945
14	47060000	47080000	12397	88	10530	12492	0.00709849	0.5265	0.992395
14	47080000	47100000	10435	71	9361	10609	0.00680402	0.46805	0.983599
14	47100000	47120000	11018	100	11190	11104	0.00907606	0.5595	0.992255
14	47120000	47140000	12386	70	8377	12490	0.00565154	0.41885	0.991673
14	47140000	47160000	8537	48	14018	9092	0.00562258	0.7009	0.938957
14	47160000	47180000	12463	63	8202	12564	0.00505496	0.4101	0.991961
14	47180000	47200000	13132	73	9760	13305	0.00555894	0.488	0.986997
14	47200000	47220000	10983	81	11756	11393	0.00737503	0.5878	0.964013
14	47220000	47240000	10813	82	10201	10905	0.00758346	0.51005	0.991564
14	47240000	47260000	10816	86	9942	11333	0.00795118	0.4971	0.954381
14	47260000	47280000	10738	95	13514	10865	0.00884709	0.6757	0.988311
14	47280000	47300000	12383	74	7771	12507	0.00597593	0.38855	0.990086
14	47300000	47320000	13707	81	3825	13792	0.00590939	0.19125	0.993837
14	47320000	47340000	11706	65	9274	11816	0.00555271	0.4637	0.990691
14	47340000	47360000	13321	70	6597	13467	0.00525486	0.32985	0.989159
14	47360000	47380000	12959	95	6803	13092	0.00733081	0.34015	0.989841
14	47380000	47400000	11901	73	4982	12053	0.00613394	0.2491	0.987389
14	47400000	47420000	11307	73	9947	11405	0.00645618	0.49735	0.991407
14	47420000	47440000	11495	77	10208	11601	0.00669856	0.5104	0.990863
14	47440000	47460000	11387	66	9135	11513	0.00579608	0.45675	0.989056
14	47460000	47480000	13683	90	7912	13835	0.0065775	0.3956	0.989013
14	47480000	47500000	11745	53	6581	11866	0.00451256	0.32905	0.989803
14	47500000	47520000	12678	80	5312	12809	0.00631014	0.2656	0.989773
14	47520000	47540000	13675	80	3964	13823	0.00585009	0.1982	0.989293
14	47540000	47560000	13336	71	8243	13483	0.00532394	0.41215	0.989097
14	47560000	47580000	10950	59	8875	11076	0.00538813	0.44375	0.988624
14	47580000	47600000	9646	56	9102	9740	0.00580552	0.4551	0.990349
14	47600000	47620000	12316	52	8737	12418	0.00422215	0.43685	0.991786
14	47620000	47640000	8880	35	9655	11077	0.00394144	0.48275	0.801661
14	47640000	47660000	8684	62	11438	8763	0.00713957	0.5719	0.990985
14	47660000	47680000	12423	80	4579	12552	0.00643967	0.22895	0.989723
14	47680000	47700000	12203	79	9236	12308	0.00647382	0.4618	0.991469
14	47700000	47720000	11217	39	7877	11315	0.00347687	0.39385	0.991339
14	47720000	47740000	11861	67	8838	11952	0.00564876	0.4419	0.992386
14	47740000	47760000	12684	59	7816	12779	0.00465153	0.3908	0.992566
14	47760000	47780000	12587	78	6490	12676	0.00619687	0.3245	0.992979
14	47780000	47800000	13236	73	5874	13351	0.00551526	0.2937	0.991386
14	47800000	47820000	13287	62	7075	13395	0.00466622	0.35375	0.991937
14	47820000	47840000	11469	55	9651	11574	0.00479554	0.48255	0.990928
14	47840000	47860000	9495	51	9981	9622	0.00537125	0.49905	0.986801
14	47860000	47880000	12354	83	7485	12483	0.00671847	0.37425	0.989666
14	47880000	47900000	12767	63	6679	12876	0.0049346	0.33395	0.991535
14	47900000	47920000	12908	49	4382	13513	0.0037961	0.2191	0.955228
14	47920000	47940000	10990	50	6907	11059	0.00454959	0.34535	0.993761
14	47940000	47960000	10878	78	6702	10971	0.00717044	0.3351	0.991523
14	47960000	47980000	11175	61	8763	11303	0.00545861	0.43815	0.988676
14	47980000	48000000	13221	52	5703	13333	0.00393314	0.28515	0.9916
14	48000000	48020000	13202	86	7193	13311	0.00651416	0.35965	0.991811
14	48020000	48040000	11046	42	10610	11150	0.00380228	0.5305	0.990673
14	48040000	48060000	13118	70	9584	13207	0.00533618	0.4792	0.993261
14	48060000	48080000	10483	58	8863	10643	0.00553277	0.44315	0.984967
14	48080000	48100000	11926	50	7540	12023	0.00419252	0.377	0.991932
14	48100000	48120000	12713	80	7713	13135	0.00629277	0.38565	0.967872
14	48120000	48140000	13125	80	9042	13238	0.00609524	0.4521	0.991464
14	48140000	48160000	11279	59	8456	11360	0.00523096	0.4228	0.99287
14	48160000	48180000	11844	43	15483	11965	0.00363053	0.77415	0.989887
14	48180000	48200000	11955	105	8455	12066	0.00878294	0.42275	0.990801
14	48200000	48220000	12775	89	6867	13103	0.00696673	0.34335	0.974968
14	48220000	48240000	10517	52	14954	11696	0.00494438	0.7477	0.899196
14	48240000	48260000	12040	55	11041	12366	0.00456811	0.55205	0.973637
14	48260000	48280000	8123	38	14361	8187	0.00467807	0.71805	0.992183
14	48280000	48300000	6884	53	15196	6960	0.00769901	0.7598	0.98908
14	48300000	48320000	9393	73	11985	9504	0.00777174	0.59925	0.988321
14	48320000	48340000	11084	59	10051	11225	0.00532299	0.50255	0.987439
14	48340000	48360000	11801	85	10718	11902	0.00720278	0.5359	0.991514
14	48360000	48380000	6995	43	15240	7066	0.00614725	0.762	0.989952
14	48380000	48400000	10994	66	12568	11105	0.00600327	0.6284	0.990005
14	48400000	48420000	7775	87	15062	7868	0.0111897	0.7531	0.98818
14	48420000	48440000	10750	73	9266	10842	0.0067907	0.4633	0.991514
14	48440000	48460000	11967	128	9299	12094	0.0106961	0.46495	0.989499
14	48460000	48480000	9483	83	6117	14420	0.0087525	0.30585	0.657628
14	48480000	48500000	10979	83	12498	11106	0.00755989	0.6249	0.988565
14	48500000	48520000	9183	90	13893	9576	0.00980072	0.69465	0.95896
14	48520000	48540000	7512	77	15084	10368	0.0102503	0.7542	0.724537
14	48540000	48560000	12177	110	10066	12557	0.00903342	0.5033	0.969738
14	48560000	48580000	5543	23	14602	9793	0.00414938	0.7301	0.566017
14	48580000	48600000	12861	81	7008	12997	0.00629811	0.3504	0.989536
14	48600000	48620000	9964	94	13800	10039	0.00943396	0.69	0.992529
14	48620000	48640000	11788	78	9253	11876	0.0066169	0.46265	0.99259
14	48640000	48660000	9132	45	12608	9227	0.00492773	0.6304	0.989704
14	48660000	48680000	7950	64	11375	8450	0.00805031	0.56875	0.940828
14	48680000	48700000	13846	82	6150	13961	0.00592229	0.3075	0.991763
14	48700000	48720000	12991	84	7637	13110	0.00646601	0.38185	0.990923
14	48720000	48740000	4128	19	17803	4939	0.00460271	0.89015	0.835797
14	48740000	48760000	7845	68	15070	8027	0.00866794	0.7535	0.977327
14	48760000	48780000	12724	109	9395	13351	0.00856649	0.46975	0.953037
14	48780000	48800000	12111	72	6725	12495	0.00594501	0.33625	0.969268
14	48800000	48820000	8643	57	12463	9899	0.00659493	0.62315	0.873118
14	48820000	48840000	9471	82	10826	9611	0.00865801	0.5413	0.985433
14	48840000	48860000	12288	83	7446	12436	0.00675456	0.3723	0.988099
14	48860000	48880000	9160	82	10610	9246	0.00895197	0.5305	0.990699
14	48880000	48900000	8047	54	13835	8265	0.00671058	0.69175	0.973624
14	48900000	48920000	7779	58	14675	8388	0.00745597	0.73375	0.927396
14	48920000	48940000	12494	105	10829	12828	0.00840403	0.54145	0.973963
14	48940000	48960000	9775	57	12428	9901	0.0058312	0.6214	0.987274
14	48960000	48980000	11669	102	10891	12466	0.00874111	0.54455	0.936066
14	48980000	49000000	7794	77	10577	10888	0.00987939	0.52885	0.715834
14	49000000	49020000	9490	100	16585	9618	0.0105374	0.82925	0.986692
14	49020000	49040000	6021	53	17083	6136	0.00880252	0.85415	0.981258
14	49040000	49060000	8695	60	10944	8775	0.00690052	0.5472	0.990883
14	49060000	49080000	6426	34	12589	6496	0.00529101	0.62945	0.989224
14	49080000	49100000	11279	57	7135	11393	0.00505364	0.35675	0.989994
14	49100000	49120000	9919	70	10205	10012	0.00705716	0.51025	0.990711
14	49120000	49140000	10465	81	11351	10730	0.00774009	0.56755	0.975303
14	49140000	49160000	11982	87	13224	12109	0.00726089	0.6612	0.989512
14	49160000	49180000	10204	54	10353	10301	0.00529204	0.51765	0.990583
14	49180000	49200000	11922	81	7675	12020	0.00679416	0.38375	0.991847
14	49200000	49220000	11639	79	7729	11971	0.00678752	0.38645	0.972266
14	49220000	49240000	10922	105	13395	11053	0.00961362	0.66975	0.988148
14	49240000	49260000	11251	107	11969	11391	0.00951027	0.59845	0.98771
14	49260000	49280000	8730	44	14234	8840	0.00504009	0.7117	0.987557
14	49280000	49300000	9278	67	15257	9368	0.00722138	0.76285	0.990393
14	49300000	49320000	11925	52	9102	12098	0.00436059	0.4551	0.9857
14	49320000	49340000	13059	66	9213	13182	0.00505399	0.46065	0.990669
14	49340000	49360000	11658	72	10829	11877	0.00617602	0.54145	0.981561
14	49360000	49380000	14147	69	6475	14311	0.00487736	0.32375	0.98854
14	49380000	49400000	9448	85	14715	9533	0.00899661	0.73575	0.991084
14	49400000	49420000	11563	84	11006	11661	0.00726455	0.5503	0.991596
14	49420000	49440000	14044	120	7089	14184	0.00854457	0.35445	0.99013
14	49440000	49460000	13909	87	7316	14057	0.00625494	0.3658	0.989471
14	49460000	49480000	13697	88	6638	13824	0.00642476	0.3319	0.990813
14	49480000	49500000	12047	84	8514	12148	0.00697269	0.4257	0.991686
14	49500000	49520000	13503	99	8184	13906	0.0073317	0.4092	0.97102
14	49520000	49540000	9168	62	11939	9282	0.00676265	0.59695	0.987718
14	49540000	49560000	10240	80	14280	10358	0.0078125	0.714	0.988608
14	49560000	49580000	8987	57	11471	9097	0.00634249	0.57355	0.987908
14	49580000	49600000	8700	47	10924	8822	0.0054023	0.5462	0.986171
14	49600000	49620000	9677	68	11473	9788	0.00702697	0.57365	0.98866
14	49620000	49640000	11301	79	10059	11396	0.00699053	0.50295	0.991664
14	49640000	49660000	8285	76	15762	8371	0.0091732	0.7881	0.989726
14	49660000	49680000	13914	95	5884	14042	0.00682766	0.2942	0.990884
14	49680000	49700000	13331	100	8219	13436	0.00750131	0.41095	0.992185
14	49700000	49720000	5522	90	18280	5696	0.0162984	0.914	0.969452
14	49720000	49740000	8243	55	12485	8375	0.00667233	0.62425	0.984239
14	49740000	49760000	13217	103	6175	13329	0.00779299	0.30875	0.991597
14	49760000	49780000	12806	99	7114	13065	0.00773075	0.3557	0.980176
14	49780000	49800000	11343	85	9656	11454	0.00749361	0.4828	0.990309
14	49800000	49820000	10192	60	14050	10291	0.00588697	0.7025	0.99038
14	49820000	49840000	7798	66	12081	7881	0.00846371	0.60405	0.989468
14	49840000	49860000	7511	46	14082	7578	0.00612435	0.7041	0.991159
14	49860000	49880000	10006	64	11497	10085	0.00639616	0.57485	0.992167
14	49880000	49900000	10383	37	8824	10962	0.00356352	0.4412	0.947181
14	49900000	49920000	11275	75	9184	11401	0.00665188	0.4592	0.988948
14	49920000	49940000	11678	56	9823	11773	0.00479534	0.49115	0.991931
14	49940000	49960000	13306	86	6744	13430	0.00646325	0.3372	0.990767
14	49960000	49980000	10863	74	10014	11038	0.00681211	0.5007	0.984146
14	49980000	50000000	9120	63	13208	9782	0.00690789	0.6604	0.932325
14	50000000	50020000	8801	80	13083	8879	0.00908988	0.65415	0.991215
14	50020000	50040000	6490	75	15583	7028	0.0115562	0.77915	0.923449
14	50040000	50060000	7719	33	10068	7791	0.00427517	0.5034	0.990759
14	50060000	50080000	6741	28	10574	6783	0.00415369	0.5287	0.993808
14	50080000	50100000	8459	44	7892	8499	0.00520156	0.3946	0.995294
14	50100000	50120000	9252	39	10465	9350	0.0042153	0.52325	0.989519
14	50120000	50140000	9253	36	10363	9310	0.00389063	0.51815	0.993878
14	50140000	50160000	9431	39	9655	9505	0.0041353	0.48275	0.992215
14	50160000	50180000	6679	36	14383	6772	0.00539003	0.71915	0.986267
14	50180000	50200000	7437	23	13140	7521	0.00309264	0.657	0.988831
14	50200000	50220000	10280	43	8448	10340	0.00418288	0.4224	0.994197
14	50220000	50240000	5857	27	13735	5895	0.00460987	0.68675	0.993554
14	50240000	50260000	10033	43	8681	10228	0.00428586	0.43405	0.980935
14	50260000	50280000	8512	36	13343	8656	0.00422932	0.66715	0.983364
14	50280000	50300000	7577	29	13510	7646	0.00382737	0.6755	0.990976
14	50300000	50320000	7256	30	10884	7391	0.00413451	0.5442	0.981735
14	50320000	50340000	7047	30	11917	7096	0.00425713	0.59585	0.993095
14	50340000	50360000	5667	27	15517	5707	0.00476443	0.77585	0.992991
14	50360000	50380000	6705	26	8246	6746	0.0038777	0.4123	0.993922
14	50380000	50400000	6826	34	14268	7421	0.00498096	0.7134	0.919822
14	50400000	50420000	9078	34	10137	9306	0.00374532	0.50685	0.9755
14	50420000	50440000	10272	72	9019	10356	0.00700935	0.45095	0.991889
14	50440000	50460000	12020	67	8752	12107	0.00557404	0.4376	0.992814
14	50460000	50480000	10760	86	7721	10865	0.00799257	0.38605	0.990336
14	50480000	50500000	11507	68	10734	11600	0.00590945	0.5367	0.991983
14	50500000	50520000	11060	82	9080	11186	0.0074141	0.454	0.988736
14	50520000	50540000	11471	53	9826	11559	0.00462035	0.4913	0.992387
14	50540000	50560000	8610	47	11638	8757	0.00545877	0.5819	0.983213
14	50560000	50580000	9409	53	9332	9486	0.0056329	0.4666	0.991883
14	50580000	50600000	10066	35	10251	10129	0.00347705	0.51255	0.99378
14	50600000	50620000	9163	57	11439	9233	0.00622067	0.57195	0.992418
14	50620000	50640000	9492	52	10424	9777	0.0054783	0.5212	0.97085
14	50640000	50660000	8732	53	11514	8795	0.00606963	0.5757	0.992837
14	50660000	50680000	8086	50	14865	8404	0.00618353	0.74325	0.962161
14	50680000	50700000	8559	37	11542	8727	0.00432293	0.5771	0.980749
14	50700000	50720000	6725	26	12389	6779	0.00386617	0.61945	0.992034
14	50720000	50740000	8552	35	11760	8625	0.00409261	0.588	0.991536
14	50740000	50760000	8472	49	12760	8779	0.00578376	0.638	0.96503
14	50760000	50780000	6978	32	13926	7040	0.00458584	0.6963	0.991193
14	50780000	50800000	9082	37	9496	9145	0.00407399	0.4748	0.993111
14	50800000	50820000	11424	53	8579	11536	0.00463936	0.42895	0.990291
14	50820000	50840000	9018	49	12456	9206	0.00543358	0.6228	0.979579
14	50840000	50860000	9095	62	15508	9390	0.00681693	0.7754	0.968584
14	50860000	50880000	8953	41	12185	9034	0.00457947	0.60925	0.991034
14	50880000	50900000	9628	34	9938	9724	0.00353137	0.4969	0.990128
14	50900000	50920000	13018	41	7926	13090	0.00314949	0.3963	0.9945
14	50920000	50940000	12172	48	9074	12578	0.00394348	0.4537	0.967721
14	50940000	50960000	10212	47	9515	10832	0.00460243	0.47575	0.942762
14	50960000	50980000	10316	51	10375	10387	0.00494378	0.51875	0.993165
14	50980000	51000000	10368	62	9409	10472	0.00597994	0.47045	0.990069
14	51000000	51020000	7700	47	17099	9096	0.0061039	0.85495	0.846526
14	51020000	51040000	9585	40	13781	9669	0.00417319	0.68905	0.991312
14	51040000	51060000	11891	70	12394	11981	0.00588681	0.6197	0.992488
14	51060000	51080000	12599	63	9415	12706	0.0050004	0.47075	0.991579
14	51080000	51100000	10563	62	6708	10675	0.00586954	0.3354	0.989508
14	51100000	51120000	9983	71	10324	10077	0.00711209	0.5162	0.990672
14	51120000	51140000	7384	64	8366	7706	0.00866739	0.4183	0.958214
14	51140000	51160000	5164	44	16720	7078	0.00852053	0.836	0.729585
14	51160000	51180000	5897	81	17250	5990	0.0137358	0.8625	0.984474
14	51180000	51200000	12496	61	5793	12615	0.00488156	0.28965	0.990567
14	51200000	51220000	10033	59	9405	10117	0.00588059	0.47025	0.991697
14	51220000	51240000	11585	72	5943	11692	0.00621493	0.29715	0.990848
14	51240000	51260000	13481	49	3525	13610	0.00363475	0.17625	0.990522
14	51260000	51280000	11926	70	6542	12043	0.00586953	0.3271	0.990285
14	51280000	51300000	11368	55	4198	11609	0.00483814	0.2099	0.97924
14	51300000	51320000	10728	81	9994	10842	0.00755034	0.4997	0.989485
14	51320000	51340000	11420	80	8492	11791	0.00700525	0.4246	0.968535
14	51340000	51360000	12190	73	7922	12297	0.00598852	0.3961	0.991299
14	51360000	51380000	10153	51	8516	10229	0.00502315	0.4258	0.99257
14	51380000	51400000	11733	67	7129	11829	0.00571039	0.35645	0.991884
14	51400000	51420000	9300	57	8511	9477	0.00612903	0.42555	0.981323
14	51420000	51440000	9576	68	11347	10476	0.00710109	0.56735	0.914089
14	51440000	51460000	13413	92	4037	13529	0.00685902	0.20185	0.991426
14	51460000	51480000	13315	74	5051	13398	0.00555764	0.25255	0.993805
14	51480000	51500000	13030	85	5774	13133	0.00652341	0.2887	0.992157
14	51500000	51520000	12129	84	8463	12452	0.00692555	0.42315	0.97406
14	51520000	51540000	11535	58	11930	11692	0.00502818	0.5965	0.986572
14	51540000	51560000	12669	51	6300	12883	0.00402557	0.315	0.983389
14	51560000	51580000	10682	53	8890	11031	0.00496162	0.4445	0.968362
14	51580000	51600000	9954	54	11072	10158	0.00542495	0.5536	0.979917
14	51600000	51620000	8444	49	12115	8510	0.00580294	0.60575	0.992244
14	51620000	51640000	10642	68	16686	10722	0.00638978	0.8343	0.992539
14	51640000	51660000	11697	65	8230	12078	0.00555698	0.4115	0.968455
14	51660000	51680000	11166	54	9686	11250	0.00483611	0.4843	0.992533
14	51680000	51700000	8778	42	13430	8863	0.00478469	0.6715	0.99041
14	51700000	51720000	11306	64	9225	11384	0.00566071	0.46125	0.993148
14	51720000	51740000	10432	43	11652	11578	0.00412193	0.5826	0.901019
14	51740000	51760000	10827	67	12022	10922	0.00618823	0.6011	0.991302
14	51760000	51780000	11581	51	9296	12417	0.00440376	0.4648	0.932673
14	51780000	51800000	12707	41	9813	12803	0.00322657	0.49065	0.992502
14	51800000	51820000	11529	43	9300	11625	0.00372973	0.465	0.991742
14	51820000	51840000	11997	64	10261	13134	0.00533467	0.51305	0.913431
14	51840000	51860000	9319	51	11196	9438	0.00547269	0.5598	0.987391
14	51860000	51880000	11106	59	11264	11471	0.00531244	0.5632	0.968181
14	51880000	51900000	9312	70	11030	9447	0.00751718	0.5515	0.98571
14	51900000	51920000	12255	146	9212	12406	0.0119135	0.4606	0.987828
14	51920000	51940000	10657	44	13367	11159	0.00412874	0.66835	0.955014
14	51940000	51960000	13861	76	7157	13984	0.00548301	0.35785	0.991204
14	51960000	51980000	11052	67	11190	11135	0.00606225	0.5595	0.992546
14	51980000	52000000	12486	59	7746	12629	0.00472529	0.3873	0.988677
14	52000000	52020000	11893	89	8125	12122	0.00748339	0.40625	0.981109
14	52020000	52040000	12346	61	7132	12450	0.00494087	0.3566	0.991647
14	52040000	52060000	12331	90	6658	12434	0.00729868	0.3329	0.991716
14	52060000	52080000	13116	66	7341	13238	0.00503202	0.36705	0.990784
14	52080000	52100000	12712	55	7677	12797	0.00432662	0.38385	0.993358
14	52100000	52120000	10820	42	6247	10925	0.0038817	0.31235	0.990389
14	52120000	52140000	10938	68	10169	11058	0.00621686	0.50845	0.989148
14	52140000	52160000	10929	54	6091	11057	0.00494098	0.30455	0.988424
14	52160000	52180000	13680	60	3749	13816	0.00438596	0.18745	0.990156
14	52180000	52200000	13923	83	4343	14048	0.00596136	0.21715	0.991102
14	52200000	52220000	4813	32	16581	4870	0.00664866	0.82905	0.988296
14	52220000	52240000	142	12	13321	165	0.084507	0.66605	0.860606
14	52240000	52260000	10819	60	11033	10920	0.0055458	0.55165	0.990751
14	52260000	52280000	7159	49	12516	7245	0.00684453	0.6258	0.98813
14	52280000	52300000	12379	70	10536	12473	0.00565474	0.5268	0.992464
14	52300000	52320000	12490	76	8072	12607	0.00608487	0.4036	0.990719
14	52320000	52340000	12508	67	6152	12938	0.00535657	0.3076	0.966765
14	52340000	52360000	12276	65	7327	12386	0.00529488	0.36635	0.991119
14	52360000	52380000	12508	71	7840	12602	0.00567637	0.392	0.992541
14	52380000	52400000	3203	26	7112	11302	0.00811739	0.3556	0.283401
14	52400000	52420000	120	1	7443	12907	0.00833333	0.37215	0.00929728
14	52420000	52440000	50	0	9727	13949	0	0.48635	0.00358449
14	52440000	52460000	63	0	8282	13437	0	0.4141	0.00468855
14	52460000	52480000	129	0	4199	13793	0	0.20995	0.00935257
14	52480000	52500000	110	0	3930	14474	0	0.1965	0.00759983
14	52500000	52520000	5111	26	7638	12921	0.00508707	0.3819	0.395558
14	52520000	52540000	12735	46	6309	12810	0.00361209	0.31545	0.994145
14	52540000	52560000	12459	65	10805	12620	0.00521711	0.54025	0.987242
14	52560000	52580000	11841	76	9356	12027	0.00641838	0.4678	0.984535
14	52580000	52600000	4640	28	10321	10367	0.00603448	0.51605	0.447574
14	52600000	52620000	0	0	15186	5505		0.7593	0
14	52620000	52640000	2403	28	16570	3573	0.0116521	0.8285	0.672544
14	52640000	52660000	8780	66	12712	8843	0.00751708	0.6356	0.992876
14	52660000	52680000	6737	47	14504	6785	0.0069764	0.7252	0.992926
14	52680000	52700000	9485	47	13378	9562	0.00495519	0.6689	0.991947
14	52700000	52720000	12444	67	7675	12537	0.00538412	0.38375	0.992582
14	52720000	52740000	10929	59	10312	11042	0.00539848	0.5156	0.989766
14	52740000	52760000	10509	89	11633	10599	0.00846893	0.58165	0.991509
14	52760000	52780000	12211	40	12145	12323	0.00327573	0.60725	0.990911
14	52780000	52800000	13823	41	4751	13908	0.00296607	0.23755	0.993888
14	52800000	52820000	11599	66	10397	11704	0.00569015	0.51985	0.991029
14	52820000	52840000	11970	80	9107	12069	0.00668338	0.45535	0.991797
14	52840000	52860000	4122	29	15963	4154	0.00703542	0.79815	0.992297
14	52860000	52880000	12466	83	11058	12568	0.00665811	0.5529	0.991884
14	52880000	52900000	12717	84	8737	12837	0.00660533	0.43685	0.990652
14	52900000	52920000	8045	30	12848	8121	0.00372902	0.6424	0.990642
14	52920000	52940000	9078	63	13059	9161	0.00693985	0.65295	0.99094
14	52940000	52960000	7984	41	12474	8050	0.00513527	0.6237	0.991801
14	52960000	52980000	7214	30	14344	7264	0.00415858	0.7172	0.993117
14	52980000	53000000	10957	46	12133	11036	0.00419823	0.60665	0.992842
14	53000000	53020000	11967	39	8215	12081	0.00325896	0.41075	0.990564
14	53020000	53040000	8739	34	12621	8799	0.00389061	0.63105	0.993181
14	53040000	53060000	7557	26	14930	7625	0.00344052	0.7465	0.991082
14	53060000	53080000	7840	33	14111	7905	0.00420918	0.70555	0.991777
14	53080000	53100000	10166	37	14840	10238	0.00363958	0.742	0.992967
14	53100000	53120000	10585	32	7437	10720	0.00302315	0.37185	0.987407
14	53120000	53140000	9678	57	8700	9755	0.00588965	0.435	0.992107
14	53140000	53160000	9113	63	11815	9192	0.0069132	0.59075	0.991406
14	53160000	53180000	8732	32	9180	8789	0.00366468	0.459	0.993515
14	53180000	53200000	7824	22	9457	8370	0.00281186	0.47285	0.934767
14	53200000	53220000	10589	54	10241	10662	0.00509963	0.51205	0.993153
14	53220000	53240000	9505	29	9865	9673	0.00305103	0.49325	0.982632
14	53240000	53260000	9216	25	6228	9926	0.00271267	0.3114	0.928471
14	53260000	53280000	7222	38	14003	7753	0.0052617	0.70015	0.93151
14	53280000	53300000	8973	42	12077	9053	0.00468071	0.60385	0.991163
14	53300000	53320000	8550	38	10612	8609	0.00444444	0.5306	0.993147
14	53320000	53340000	10820	80	7204	11917	0.00739372	0.3602	0.907947
14	53340000	53360000	10715	40	7504	10819	0.00373308	0.3752	0.990387
14	53360000	53380000	7203	40	12781	10134	0.00555324	0.63905	0.710776
14	53380000	53400000	12076	65	8600	12171	0.00538258	0.43	0.992195
14	53400000	53420000	10911	70	8189	11036	0.00641554	0.40945	0.988673
14	53420000	53440000	6986	28	15464	7198	0.00400802	0.7732	0.970547
14	53440000	53460000	8403	52	14293	8467	0.00618827	0.71465	0.992441
14	53460000	53480000	10431	50	10270	10546	0.0047934	0.5135	0.989095
14	53480000	53500000	10830	53	16262	10927	0.00489381	0.8131	0.991123
14	53500000	53520000	12155	45	4816	12264	0.00370218	0.2408	0.991112
14	53520000	53540000	12211	46	7554	12328	0.0037671	0.3777	0.990509
14	53540000	53560000	7239	30	15254	7303	0.00414422	0.7627	0.991236
14	53560000	53580000	11534	36	8382	11638	0.00312121	0.4191	0.991064
14	53580000	53600000	3834	13	17155	3917	0.00339071	0.85775	0.97881
14	53600000	53620000	9588	30	11340	9676	0.00312891	0.567	0.990905
14	53620000	53640000	9533	38	8637	9593	0.00398615	0.43185	0.993745
14	53640000	53660000	5856	27	13346	7715	0.00461066	0.6673	0.759041
14	53660000	53680000	2985	15	15714	6713	0.00502513	0.7857	0.44466
14	53680000	53700000	6878	39	16224	6948	0.00567025	0.8112	0.989925
14	53700000	53720000	10921	63	12638	11033	0.0057687	0.6319	0.989849
14	53720000	53740000	3492	20	18110	3540	0.00572738	0.9055	0.986441
14	53740000	53760000	9140	76	14101	9272	0.0083151	0.70505	0.985764
14	53760000	53780000	7064	49	11841	7132	0.00693658	0.59205	0.990466
14	53780000	53800000	7160	44	14309	7208	0.00614525	0.71545	0.993341
14	53800000	53820000	12651	75	10752	12751	0.00592839	0.5376	0.992157
14	53820000	53840000	10541	69	9645	10674	0.00654587	0.48225	0.98754
14	53840000	53860000	12471	84	8630	12591	0.00673563	0.4315	0.990469
14	53860000	53880000	10801	75	8184	11125	0.0069438	0.4092	0.970876
14	53880000	53900000	7345	38	14936	7398	0.00517359	0.7468	0.992836
14	53900000	53920000	13764	87	6540	14144	0.00632084	0.327	0.973133
14	53920000	53940000	10098	67	10303	11168	0.00663498	0.51515	0.904191
14	53940000	53960000	10384	66	11205	10481	0.00635593	0.56025	0.990745
14	53960000	53980000	13273	56	9072	13369	0.00421909	0.4536	0.992819
14	53980000	54000000	14045	71	5031	14152	0.00505518	0.25155	0.992439
14	54000000	54020000	14405	64	4848	14493	0.0044429	0.2424	0.993928
14	54020000	54040000	9581	56	11475	9643	0.0058449	0.57375	0.99357
14	54040000	54060000	12794	73	9051	12900	0.0057058	0.45255	0.991783
14	54060000	54080000	13517	79	6931	13622	0.00584449	0.34655	0.992292
14	54080000	54100000	13667	79	7713	13770	0.00578035	0.38565	0.99252
14	54100000	54120000	12151	98	14701	12257	0.00806518	0.73505	0.991352
14	54120000	54140000	13592	64	8100	13712	0.00470865	0.405	0.991249
14	54140000	54160000	12709	71	9511	12803	0.00558659	0.47555	0.992658
14	54160000	54180000	9429	55	11559	12331	0.00583307	0.57795	0.764658
14	54180000	54200000	10287	93	10656	10367	0.00904054	0.5328	0.992283
14	54200000	54220000	12534	71	6452	12926	0.00566459	0.3226	0.969674
14	54220000	54240000	10235	74	10103	10325	0.00723009	0.50515	0.991283
14	54240000	54260000	12918	76	10706	13032	0.00588326	0.5353	0.991252
14	54260000	54280000	9868	53	10149	9963	0.0053709	0.50745	0.990465
14	54280000	54300000	9980	31	15204	10065	0.00310621	0.7602	0.991555
14	54300000	54320000	12514	61	10905	12763	0.00487454	0.54525	0.98049
14	54320000	54340000	11271	62	9920	11374	0.00550084	0.496	0.990944
14	54340000	54360000	11703	62	6312	12483	0.00529779	0.3156	0.937515
14	54360000	54380000	11592	63	8018	11691	0.00543478	0.4009	0.991532
14	54380000	54400000	12465	101	7689	12563	0.00810269	0.38445	0.992199
14	54400000	54420000	13916	66	4206	14008	0.00474274	0.2103	0.993432
14	54420000	54440000	13067	57	5228	13176	0.00436213	0.2614	0.991727
14	54440000	54460000	10252	55	7660	10317	0.00536481	0.383	0.9937
14	54460000	54480000	12391	85	10101	12507	0.00685982	0.50505	0.990725
14	54480000	54500000	4597	29	19755	4629	0.00630846	0.98775	0.993087
14	54500000	54520000	12408	53	8454	12498	0.00427144	0.4227	0.992799
14	54520000	54540000	8334	40	14138	8513	0.00479962	0.7069	0.978973
14	54540000	54560000	11088	50	12022	11181	0.00450938	0.6011	0.991682
14	54560000	54580000	11333	59	12533	11438	0.00520604	0.62665	0.99082
14	54580000	54600000	12034	70	7033	12292	0.00581685	0.35165	0.979011
14	54600000	54620000	8441	44	12825	8860	0.00521265	0.64125	0.952709
14	54620000	54640000	11971	57	9072	12534	0.00476151	0.4536	0.955082
14	54640000	54660000	13487	54	4335	13595	0.00400386	0.21675	0.992056
14	54660000	54680000	10199	43	10702	10302	0.0042161	0.5351	0.990002
14	54680000	54700000	13137	51	5853	13223	0.00388216	0.29265	0.993496
14	54700000	54720000	8290	59	12002	8468	0.00711701	0.6001	0.97898
14	54720000	54740000	11764	80	9201	12123	0.00680041	0.46005	0.970387
14	54740000	54760000	12641	52	8883	12731	0.0041136	0.44415	0.992931
14	54760000	54780000	13884	57	7198	13991	0.00410545	0.3599	0.992352
14	54780000	54800000	11787	64	5447	12200	0.00542971	0.27235	0.966148
14	54800000	54820000	11532	57	8557	11614	0.00494277	0.42785	0.99294
14	54820000	54840000	10971	52	11669	11094	0.00473977	0.58345	0.988913
14	54840000	54860000	7825	61	16667	8663	0.00779553	0.83335	0.903267
14	54860000	54880000	6570	59	11581	6637	0.00898021	0.57905	0.989905
14	54880000	54900000	10997	62	6930	11673	0.0056379	0.3465	0.942089
14	54900000	54920000	10152	58	8751	10232	0.00571316	0.43755	0.992181
14	54920000	54940000	9402	41	14871	9467	0.00436077	0.74355	0.993134
14	54940000	54960000	8303	38	8145	8373	0.00457666	0.40725	0.99164
14	54960000	54980000	9561	42	14388	9642	0.00439285	0.7194	0.991599
14	54980000	55000000	8975	35	10793	9076	0.00389972	0.53965	0.988872
14	55000000	55020000	11104	59	13173	11392	0.0053134	0.65865	0.974719
14	55020000	55040000	10506	63	7606	10574	0.00599657	0.3803	0.993569
14	55040000	55060000	11696	78	9165	11837	0.00666895	0.45825	0.988088
14	55060000	55080000	11887	68	7184	11977	0.00572054	0.3592	0.992486
14	55080000	55100000	12960	73	6757	13046	0.00563272	0.33785	0.993408
14	55100000	55120000	12606	50	6490	12920	0.00396637	0.3245	0.975697
14	55120000	55140000	13639	79	5382	13744	0.00579221	0.2691	0.99236
14	55140000	55160000	11942	68	3582	12049	0.00569419	0.1791	0.99112
14	55160000	55180000	12550	56	8673	12644	0.00446215	0.43365	0.992566
14	55180000	55200000	13534	79	5669	13615	0.00583715	0.28345	0.994051
14	55200000	55220000	13694	89	2797	13774	0.0064992	0.13985	0.994192
14	55220000	55240000	11449	70	4605	12971	0.00611407	0.23025	0.882661
14	55240000	55260000	13576	60	2928	13830	0.00441956	0.1464	0.981634
14	55260000	55280000	7692	47	9645	9959	0.00611024	0.48225	0.772367
14	55280000	55300000	7236	50	11329	9606	0.00690989	0.56645	0.753279
14	55300000	55320000	9730	70	9294	9816	0.00719424	0.4647	0.991239
14	55320000	55340000	8704	32	11651	8753	0.00367647	0.58255	0.994402
14	55340000	55360000	7622	33	10879	7714	0.00432957	0.54395	0.988074
14	55360000	55380000	9434	38	10177	9507	0.00402798	0.50885	0.992321
14	55380000	55400000	8809	22	12443	8879	0.00249745	0.62215	0.992116
14	55400000	55420000	6540	42	13968	6604	0.00642202	0.6984	0.990309
14	55420000	55440000	7222	25	13683	7270	0.00346164	0.68415	0.993398
14	55440000	55460000	9168	25	11027	9227	0.00272688	0.55135	0.993606
14	55460000	55480000	8544	25	11756	8788	0.00292603	0.5878	0.972235
14	55480000	55500000	9140	34	13185	9232	0.00371991	0.65925	0.990035
14	55500000	55520000	9960	27	9320	10218	0.00271084	0.466	0.97475
14	55520000	55540000	9483	41	7818	9539	0.00432353	0.3909	0.994129
14	55540000	55560000	8326	29	12189	8391	0.00348307	0.60945	0.992254
14	55560000	55580000	5640	27	11872	7636	0.00478723	0.5936	0.738607
14	55580000	55600000	11051	59	6388	11377	0.00533888	0.3194	0.971346
14	55600000	55620000	11752	50	5535	11842	0.00425459	0.27675	0.9924
14	55620000	55640000	8585	35	12526	8644	0.00407688	0.6263	0.993174
14	55640000	55660000	9545	22	10385	9797	0.00230487	0.51925	0.974278
14	55660000	55680000	8094	46	12907	8606	0.00568322	0.64535	0.940507
14	55680000	55700000	1204	13	12996	8886	0.0107973	0.6498	0.135494
14	55700000	55720000	0	0	11443	9274		0.57215	0
14	55720000	55740000	575	4	10018	9451	0.00695652	0.5009	0.0608401
14	55740000	55760000	8534	67	10823	8603	0.00785095	0.54115	0.99198
14	55760000	55780000	9551	68	8867	9626	0.00711967	0.44335	0.992209
14	55780000	55800000	9663	65	10953	10062	0.00672669	0.54765	0.960346
14	55800000	55820000	12295	71	6239	12376	0.00577471	0.31195	0.993455
14	55820000	55840000	9685	67	7810	9841	0.00691791	0.3905	0.984148
14	55840000	55860000	10102	72	10116	10408	0.0071273	0.5058	0.9706
14	55860000	55880000	11240	87	7829	11366	0.00774021	0.39145	0.988914
14	55880000	55900000	11164	62	7404	11265	0.00555357	0.3702	0.991034
14	55900000	55920000	9851	54	7811	10078	0.00548168	0.39055	0.977476
14	55920000	55940000	9563	58	14668	9845	0.00606504	0.7334	0.971356
14	55940000	55960000	8334	56	15892	8419	0.00671946	0.7946	0.989904
14	55960000	55980000	7079	56	14856	7293	0.00791072	0.7428	0.970657
14	55980000	56000000	6660	44	14548	6749	0.00660661	0.7274	0.986813
14	56000000	56020000	9287	62	12237	9394	0.006676	0.61185	0.98861
14	56020000	56040000	9895	48	13141	11678	0.00485093	0.65705	0.84732
14	56040000	56060000	10936	58	9756	11016	0.00530358	0.4878	0.992738
14	56060000	56080000	11393	87	6522	11487	0.00763627	0.3261	0.991817
14	56080000	56100000	10503	47	10167	10579	0.00447491	0.50835	0.992816
14	56100000	56120000	13089	52	4392	13193	0.0039728	0.2196	0.992117
14	56120000	56140000	12849	62	4367	12947	0.00482528	0.21835	0.992431
14	56140000	56160000	12391	77	8186	12639	0.00621419	0.4093	0.980378
14	56160000	56180000	14118	77	9649	14268	0.00545403	0.48245	0.989487
14	56180000	56200000	12598	95	8696	12797	0.00754088	0.4348	0.984449
14	56200000	56220000	11974	85	9119	12176	0.00709871	0.45595	0.98341
14	56220000	56240000	11867	82	8387	12124	0.00690992	0.41935	0.978802
14	56240000	56260000	10769	66	9496	10982	0.0061287	0.4748	0.980605
14	56260000	56280000	9932	85	11376	10029	0.0085582	0.5688	0.990328
14	56280000	56300000	10940	68	12974	11083	0.00621572	0.6487	0.987097
14	56300000	56320000	11426	75	9961	11535	0.00656398	0.49805	0.99055
14	56320000	56340000	8392	43	16997	8471	0.00512393	0.84985	0.990674
14	56340000	56360000	13457	91	8145	13601	0.00676228	0.40725	0.989413
14	56360000	56380000	12956	83	6848	13081	0.0064063	0.3424	0.990444
14	56380000	56400000	11981	58	10540	12069	0.004841	0.527	0.992709
14	56400000	56420000	12709	59	9905	12802	0.00464238	0.49525	0.992736
14	56420000	56440000	13742	80	8405	13856	0.00582157	0.42025	0.991773
14	56440000	56460000	10287	67	10166	10371	0.00651307	0.5083	0.9919
14	56460000	56480000	7187	48	13470	7315	0.00667873	0.6735	0.982502
14	56480000	56500000	9236	49	11730	9323	0.00530533	0.5865	0.990668
14	56500000	56520000	12198	105	9086	12912	0.00860797	0.4543	0.944703
14	56520000	56540000	6949	29	8477	13248	0.00417326	0.42385	0.524532
14	56540000	56560000	13401	71	6677	13555	0.00529811	0.33385	0.988639
14	56560000	56580000	10962	71	9216	11050	0.00647692	0.4608	0.992036
14	56580000	56600000	13075	70	4990	13188	0.00535373	0.2495	0.991432
14	56600000	56620000	14253	81	5381	14392	0.00568301	0.26905	0.990342
14	56620000	56640000	8647	43	12734	8711	0.00497282	0.6367	0.992653
14	56640000	56660000	13119	61	6727	13216	0.00464974	0.33635	0.99266
14	56660000	56680000	13639	77	6424	13954	0.00564558	0.3212	0.977426
14	56680000	56700000	11102	65	6716	11203	0.0058548	0.3358	0.990985
14	56700000	56720000	12840	92	10615	12947	0.00716511	0.53075	0.991736
14	56720000	56740000	12247	100	11203	12368	0.00816526	0.56015	0.990217
14	56740000	56760000	14127	63	6299	14473	0.00445955	0.31495	0.976093
14	56760000	56780000	13232	42	5962	13344	0.00317412	0.2981	0.991607
14	56780000	56800000	11890	47	7212	11994	0.0039529	0.3606	0.991329
14	56800000	56820000	12683	84	6829	12799	0.00662304	0.34145	0.990937
14	56820000	56840000	6588	54	13326	6649	0.00819672	0.6663	0.990826
14	56840000	56860000	9134	91	12102	9213	0.00996278	0.6051	0.991425
14	56860000	56880000	7522	49	15722	7596	0.00651422	0.7861	0.990258
14	56880000	56900000	12840	94	9993	12948	0.00732087	0.49965	0.991659
14	56900000	56920000	3742	42	18205	3780	0.0112239	0.91025	0.989947
14	56920000	56940000	8159	68	15330	8252	0.00833435	0.7665	0.98873
14	56940000	56960000	13155	108	7122	13304	0.00820981	0.3561	0.9888
14	56960000	56980000	11738	66	9889	11859	0.00562276	0.49445	0.989797
14	56980000	57000000	12343	71	7971	12444	0.00575225	0.39855	0.991884
14	57000000	57020000	12251	84	8030	12371	0.00685658	0.4015	0.9903
14	57020000	57040000	11208	73	9404	11309	0.0065132	0.4702	0.991069
14	57040000	57060000	13787	81	5688	13910	0.0058751	0.2844	0.991157
14	57060000	57080000	11536	52	7547	11653	0.00450763	0.37735	0.98996
14	57080000	57100000	10544	44	9761	10626	0.00417299	0.48805	0.992283
14	57100000	57120000	8871	65	9036	9011	0.00732725	0.4518	0.984463
14	57120000	57140000	8346	53	12722	8555	0.00635035	0.6361	0.97557
14	57140000	57160000	11950	76	9432	12028	0.00635983	0.4716	0.993515
14	57160000	57180000	10513	77	9715	10737	0.00732427	0.48575	0.979138
14	57180000	57200000	11521	65	7842	11622	0.00564187	0.3921	0.99131
14	57200000	57220000	13174	86	5782	13297	0.00652801	0.2891	0.99075
14	57220000	57240000	11220	62	6308	12584	0.00552585	0.3154	0.891608
14	57240000	57260000	10883	53	7413	11254	0.00486998	0.37065	0.967034
14	57260000	57280000	13788	45	347	13858	0.00326371	0.01735	0.994949
14	57280000	57300000	12395	73	4875	12479	0.00588947	0.24375	0.993269
14	57300000	57320000	132	0	10117	10736	0	0.50585	0.0122951
14	57320000	57340000	3372	10	9365	10870	0.0029656	0.46825	0.310212
14	57340000	57360000	12625	49	6262	12852	0.00388119	0.3131	0.982337
14	57360000	57380000	12215	54	6973	12304	0.00442079	0.34865	0.992767
14	57380000	57400000	9654	52	12285	9737	0.00538637	0.61425	0.991476
14	57400000	57420000	10006	49	12310	10096	0.00489706	0.6155	0.991086
14	57420000	57440000	12929	37	4651	13021	0.00286178	0.23255	0.992934
14	57440000	57460000	10691	55	9285	10775	0.00514451	0.46425	0.992204
14	57460000	57480000	13470	65	5751	13746	0.00482554	0.28755	0.979921
14	57480000	57500000	10471	52	13208	10561	0.0049661	0.6604	0.991478
14	57500000	57520000	10333	80	10308	10419	0.00774219	0.5154	0.991746
14	57520000	57540000	13365	83	5449	13470	0.00621025	0.27245	0.992205
14	57540000	57560000	11923	54	6906	13369	0.00452906	0.3453	0.891839
14	57560000	57580000	4219	22	16046	4736	0.00521451	0.8023	0.890836
14	57580000	57600000	7512	47	12027	7599	0.00625666	0.60135	0.988551
14	57600000	57620000	12313	78	10577	12416	0.00633477	0.52885	0.991704
14	57620000	57640000	12891	83	8188	13242	0.0064386	0.4094	0.973493
14	57640000	57660000	13015	72	5683	13131	0.00553208	0.28415	0.991166
14	57660000	57680000	10094	40	9493	10159	0.00396275	0.47465	0.993602
14	57680000	57700000	10044	37	12607	10145	0.00368379	0.63035	0.990044
14	57700000	57720000	10287	34	8438	10366	0.00330514	0.4219	0.992379
14	57720000	57740000	11143	38	9730	11247	0.00341021	0.4865	0.990753
14	57740000	57760000	12246	43	5208	12323	0.00351135	0.2604	0.993752
14	57760000	57780000	12493	58	6450	12583	0.0046426	0.3225	0.992847
14	57780000	57800000	7900	80	12702	7993	0.0101266	0.6351	0.988365
14	57800000	57820000	5953	35	11379	6014	0.00587939	0.56895	0.989857
14	57820000	57840000	8109	58	11731	8194	0.00715255	0.58655	0.989627
14	57840000	57860000	11531	48	7080	11601	0.00416269	0.354	0.993966
14	57860000	57880000	11922	51	4945	11982	0.00427781	0.24725	0.994992
14	57880000	57900000	11470	63	8824	11550	0.00549259	0.4412	0.993074
14	57900000	57920000	6718	36	17740	6796	0.00535874	0.887	0.988523
14	57920000	57940000	11595	48	10714	11720	0.00413972	0.5357	0.989334
14	57940000	57960000	13150	90	6759	13692	0.00684411	0.33795	0.960415
14	57960000	57980000	12370	97	8791	12475	0.00784155	0.43955	0.991583
14	57980000	58000000	5006	61	17316	5096	0.0121854	0.8658	0.982339
14	58000000	58020000	4094	39	14432	5800	0.00952614	0.7216	0.705862
14	58020000	58040000	14621	107	7412	14764	0.00731824	0.3706	0.990314
14	58040000	58060000	12027	76	5644	12125	0.00631912	0.2822	0.991918
14	58060000	58080000	13011	106	8257	13143	0.00814695	0.41285	0.989957
14	58080000	58100000	6284	45	11136	6521	0.00716104	0.5568	0.963656
14	58100000	58120000	10979	101	11451	11211	0.00919938	0.57255	0.979306
14	58120000	58140000	10817	68	9786	10920	0.0062864	0.4893	0.990568
14	58140000	58160000	9429	66	12989	9596	0.00699968	0.64945	0.982597
14	58160000	58180000	8613	45	13339	8695	0.00522466	0.66695	0.990569
14	58180000	58200000	5960	26	14977	6011	0.00436242	0.74885	0.991516
14	58200000	58220000	9210	51	10647	9297	0.00553746	0.53235	0.990642
14	58220000	58240000	12140	105	11030	12273	0.00864909	0.5515	0.989163
14	58240000	58260000	3779	40	18685	3828	0.0105848	0.93425	0.9872
14	58260000	58280000	8590	64	12463	8694	0.00745052	0.62315	0.988038
14	58280000	58300000	13167	97	9116	13283	0.0073669	0.4558	0.991267
14	58300000	58320000	13863	65	9151	13979	0.00468874	0.45755	0.991702
14	58320000	58340000	11331	87	8279	11536	0.00767805	0.41395	0.98223
14	58340000	58360000	13492	86	7469	13665	0.00637415	0.37345	0.98734
14	58360000	58380000	10893	153	12343	11156	0.0140457	0.61715	0.976425
14	58380000	58400000	10840	203	11221	11242	0.0187269	0.56105	0.964241
14	58400000	58420000	8004	46	11715	8138	0.00574713	0.58575	0.983534
14	58420000	58440000	11085	63	11173	11222	0.00568336	0.55865	0.987792
14	58440000	58460000	14239	86	10228	14355	0.00603975	0.5114	0.991919
14	58460000	58480000	12676	91	5801	12780	0.00717892	0.29005	0.991862
14	58480000	58500000	8386	53	12599	9606	0.00632006	0.62995	0.872996
14	58500000	58520000	6409	33	13875	6745	0.00514901	0.69375	0.950185
14	58520000	58540000	13360	92	7497	13475	0.00688623	0.37485	0.991466
14	58540000	58560000	11522	71	8841	11602	0.00616212	0.44205	0.993105
14	58560000	58580000	11987	90	10864	12130	0.00750813	0.5432	0.988211
14	58580000	58600000	8768	39	10030	9264	0.00444799	0.5015	0.946459
14	58600000	58620000	10281	56	6256	10446	0.00544694	0.3128	0.984204
14	58620000	58640000	10270	40	9112	10357	0.00389484	0.4556	0.9916
14	58640000	58660000	9408	54	11630	10192	0.0057398	0.5815	0.923077
14	58660000	58680000	7767	39	11868	8837	0.00502124	0.5934	0.878918
14	58680000	58700000	7569	24	12546	8196	0.00317083	0.6273	0.923499
14	58700000	58720000	9542	42	10662	9767	0.00440159	0.5331	0.976963
14	58720000	58740000	8668	35	8999	8724	0.00403784	0.44995	0.993581
14	58740000	58760000	9064	71	8391	9152	0.00783319	0.41955	0.990385
14	58760000	58780000	9395	46	7983	9473	0.00489622	0.39915	0.991766
14	58780000	58800000	9322	30	9045	9424	0.00321819	0.45225	0.989177
14	58800000	58820000	11321	41	6607	11424	0.00362159	0.33035	0.990984
14	58820000	58840000	10954	33	9883	11001	0.0030126	0.49415	0.995728
14	58840000	58860000	7219	24	15070	7273	0.00332456	0.7535	0.992575
14	58860000	58880000	9018	33	9790	9094	0.00365935	0.4895	0.991643
14	58880000	58900000	8359	35	12435	8507	0.0041871	0.62175	0.982603
14	58900000	58920000	8946	54	11657	9033	0.00603622	0.58285	0.990369
14	58920000	58940000	11701	63	7837	11828	0.00538416	0.39185	0.989263
14	58940000	58960000	10764	45	9642	10876	0.0041806	0.4821	0.989702
14	58960000	58980000	11004	46	11032	11081	0.0041803	0.5516	0.993051
14	58980000	59000000	7148	21	11439	7428	0.00293788	0.57195	0.962305
14	59000000	59020000	11052	40	7330	11121	0.00361925	0.3665	0.993796
14	59020000	59040000	11478	63	8035	11577	0.00548876	0.40175	0.991449
14	59040000	59060000	6599	44	15366	6669	0.00666768	0.7683	0.989504
14	59060000	59080000	11149	77	10836	11278	0.00690645	0.5418	0.988562
14	59080000	59100000	9266	37	9119	11304	0.00399309	0.45595	0.81971
14	59100000	59120000	11471	32	5435	11536	0.00278964	0.27175	0.994365
14	59120000	59140000	12602	69	7496	12699	0.00547532	0.3748	0.992362
14	59140000	59160000	10415	52	11788	10636	0.0049928	0.5894	0.979222
14	59160000	59180000	12774	62	6830	13455	0.00485361	0.3415	0.949387
14	59180000	59200000	10725	54	7076	12087	0.00503497	0.3538	0.887317
14	59200000	59220000	11776	69	8560	11894	0.00585938	0.428	0.990079
14	59220000	59240000	12436	62	6899	12648	0.00498553	0.34495	0.983238
14	59240000	59260000	13190	71	8015	13318	0.00538287	0.40075	0.990389
14	59260000	59280000	10500	39	7794	10607	0.00371429	0.3897	0.989912
14	59280000	59300000	11704	65	6042	11786	0.00555366	0.3021	0.993043
14	59300000	59320000	11842	65	8939	11949	0.00548894	0.44695	0.991045
14	59320000	59340000	10217	65	11943	10305	0.00636195	0.59715	0.99146
14	59340000	59360000	13103	63	8711	13234	0.00480806	0.43555	0.990101
14	59360000	59380000	9989	56	11647	10065	0.00560617	0.58235	0.992449
14	59380000	59400000	7496	59	15064	7560	0.00787086	0.7532	0.991534
14	59400000	59420000	12171	82	14023	12257	0.00673733	0.70115	0.992984
14	59420000	59440000	10403	60	10713	12375	0.00576757	0.53565	0.840646
14	59440000	59460000	12387	96	10339	12489	0.00775006	0.51695	0.991833
14	59460000	59480000	10717	70	12555	11081	0.00653168	0.62775	0.967151
14	59480000	59500000	12581	90	9748	12685	0.00715364	0.4874	0.991801
14	59500000	59520000	11329	89	13143	11710	0.00785594	0.65715	0.967464
14	59520000	59540000	10430	73	10976	10523	0.00699904	0.5488	0.991162
14	59540000	59560000	11027	77	9507	11107	0.00698286	0.47535	0.992797
14	59560000	59580000	8713	55	14630	8792	0.00631241	0.7315	0.991015
14	59580000	59600000	12437	85	8458	12557	0.00683445	0.4229	0.990444
14	59600000	59620000	12285	57	8774	12365	0.0046398	0.4387	0.99353
14	59620000	59640000	10410	47	10712	10496	0.00451489	0.5356	0.991806
14	59640000	59660000	11700	48	6693	12390	0.00410256	0.33465	0.94431
14	59660000	59680000	11128	61	8092	11331	0.00548167	0.4046	0.982085
14	59680000	59700000	4451	8	8570	12445	0.00179735	0.4285	0.357654
14	59700000	59720000	11150	54	8801	11220	0.00484305	0.44005	0.993761
14	59720000	59740000	13292	63	6166	13377	0.00473969	0.3083	0.993646
14	59740000	59760000	10324	52	10527	10396	0.00503681	0.52635	0.993074
14	59760000	59780000	14124	55	4639	14211	0.00389408	0.23195	0.993878
14	59780000	59800000	14391	45	3184	14473	0.00312695	0.1592	0.994334
14	59800000	59820000	14103	49	3192	14440	0.00347444	0.1596	0.976662
14	59820000	59840000	12423	40	4191	13234	0.00321983	0.20955	0.938718
14	59840000	59860000	6808	41	17178	8026	0.00602233	0.8589	0.848243
14	59860000	59880000	5666	42	15267	5731	0.00741264	0.76335	0.988658
14	59880000	59900000	10942	77	10737	11064	0.0070371	0.53685	0.988973
14	59900000	59920000	8100	57	13097	9492	0.00703704	0.65485	0.85335
14	59920000	59940000	8058	44	9002	12878	0.00546041	0.4501	0.625718
14	59940000	59960000	12291	52	8818	12784	0.00423074	0.4409	0.961436
14	59960000	59980000	12046	53	7761	12162	0.0043998	0.38805	0.990462
14	59980000	60000000	8749	58	14019	8849	0.00662933	0.70095	0.988699
14	60000000	60020000	9962	55	11081	10200	0.00552098	0.55405	0.976667
14	60020000	60040000	10750	48	9941	10863	0.00446512	0.49705	0.989598
14	60040000	60060000	12531	67	7154	12638	0.00534674	0.3577	0.991533
14	60060000	60080000	12127	86	9272	12221	0.00709161	0.4636	0.992308
14	60080000	60100000	10660	55	8394	10751	0.00515947	0.4197	0.991536
14	60100000	60120000	6907	43	18430	6968	0.00622557	0.9215	0.991246
14	60120000	60140000	4432	40	16080	4521	0.00902527	0.804	0.980314
14	60140000	60160000	11350	66	11910	11434	0.00581498	0.5955	0.992653
14	60160000	60180000	13080	84	8839	13160	0.00642202	0.44195	0.993921
14	60180000	60200000	13050	99	7979	13167	0.00758621	0.39895	0.991114
14	60200000	60220000	7409	53	12169	9023	0.00715346	0.60845	0.821124
14	60220000	60240000	12268	62	7891	12773	0.0050538	0.39455	0.960463
14	60240000	60260000	14274	131	7105	14411	0.00917753	0.35525	0.990493
14	60260000	60280000	13357	87	11566	13461	0.00651344	0.5783	0.992274
14	60280000	60300000	11019	95	10603	11124	0.00862147	0.53015	0.990561
14	60300000	60320000	12001	67	9223	12092	0.00558287	0.46115	0.992474
14	60320000	60340000	11987	57	9646	12231	0.00475515	0.4823	0.980051
14	60340000	60360000	7543	51	14298	8030	0.00676124	0.7149	0.939352
14	60360000	60380000	10650	66	9880	11885	0.00619718	0.494	0.896088
14	60380000	60400000	11790	73	10931	11873	0.00619169	0.54655	0.993009
14	60400000	60420000	7614	36	12679	7718	0.00472813	0.63395	0.986525
14	60420000	60440000	8834	56	11609	8920	0.00633914	0.58045	0.990359
14	60440000	60460000	10550	64	10015	10638	0.00606635	0.50075	0.991728
14	60460000	60480000	10824	50	10205	10987	0.00461936	0.51025	0.985164
14	60480000	60500000	12668	64	12637	12755	0.0050521	0.63185	0.993179
14	60500000	60520000	3318	17	19287	3335	0.00512357	0.96435	0.994903
14	60520000	60540000	11233	58	8196	11294	0.00516336	0.4098	0.994599
14	60540000	60560000	8546	53	9984	8620	0.00620173	0.4992	0.991415
14	60560000	60580000	9119	61	11987	9223	0.00668933	0.59935	0.988724
14	60580000	60600000	10891	64	11812	11633	0.00587641	0.5906	0.936216
14	60600000	60620000	11975	61	11164	12073	0.00509395	0.5582	0.991883
14	60620000	60640000	9985	39	7693	10960	0.00390586	0.38465	0.91104
14	60640000	60660000	11729	117	11156	11844	0.00997527	0.5578	0.99029
14	60660000	60680000	10009	60	13431	10220	0.0059946	0.67155	0.979354
14	60680000	60700000	12640	67	11742	12740	0.00530063	0.5871	0.992151
14	60700000	60720000	11689	77	8340	11775	0.00658739	0.417	0.992696
14	60720000	60740000	12441	55	8320	12545	0.00442087	0.416	0.99171
14	60740000	60760000	12543	44	5039	12602	0.00350793	0.25195	0.995318
14	60760000	60780000	12531	53	6481	12641	0.00422951	0.32405	0.991298
14	60780000	60800000	11420	60	8419	11502	0.00525394	0.42095	0.992871
14	60800000	60820000	9856	45	9984	9949	0.00456575	0.4992	0.990652
14	60820000	60840000	11940	35	10215	12034	0.00293132	0.51075	0.992189
14	60840000	60860000	5729	39	18741	5756	0.00680747	0.93705	0.995309
14	60860000	60880000	4757	22	13340	4832	0.00462476	0.667	0.984478
14	60880000	60900000	5660	32	17149	5698	0.00565371	0.85745	0.993331
14	60900000	60920000	6549	22	15476	6590	0.00335929	0.7738	0.993778
14	60920000	60940000	12803	54	8345	13008	0.00421776	0.41725	0.98424
14	60940000	60960000	10685	60	11062	10795	0.00561535	0.5531	0.98981
14	60960000	60980000	13086	53	4261	13158	0.00405013	0.21305	0.994528
14	60980000	61000000	9229	44	11005	9626	0.00476758	0.55025	0.958758
14	61000000	61020000	9380	53	15722	9473	0.00565032	0.7861	0.990183
14	61020000	61040000	10334	49	9836	11113	0.00474163	0.4918	0.929902
14	61040000	61060000	10011	54	15914	10240	0.00539407	0.7957	0.977637
14	61060000	61080000	9802	52	12675	9887	0.00530504	0.63375	0.991403
14	61080000	61100000	12191	58	6823	12291	0.00475761	0.34115	0.991864
14	61100000	61120000	12254	34	1348	12312	0.0027746	0.0674	0.995289
14	61120000	61140000	9224	35	9867	9680	0.00379445	0.49335	0.952893
14	61140000	61160000	7751	49	12949	7816	0.00632176	0.64745	0.991684
14	61160000	61180000	8024	41	12953	8093	0.00510967	0.64765	0.991474
14	61180000	61200000	8337	42	7405	9744	0.00503778	0.37025	0.855603
14	61200000	61220000	9351	40	11251	9421	0.00427762	0.56255	0.99257
14	61220000	61240000	11183	40	9456	11450	0.00357686	0.4728	0.976681
14	61240000	61260000	10318	56	12248	10380	0.00542741	0.6124	0.994027
14	61260000	61280000	9061	48	9277	11302	0.00529743	0.46385	0.801717
14	61280000	61300000	11657	48	8098	11745	0.0041177	0.4049	0.992507
14	61300000	61320000	8244	49	16598	8294	0.00594372	0.8299	0.993972
14	61320000	61340000	9922	54	10028	9990	0.00544245	0.5014	0.993193
14	61340000	61360000	7501	41	15332	7569	0.00546594	0.7666	0.991016
14	61360000	61380000	7252	39	14728	7350	0.00537783	0.7364	0.986667
14	61380000	61400000	10575	58	9464	11431	0.00548463	0.4732	0.925116
14	61400000	61420000	8545	45	11599	8608	0.00526624	0.57995	0.992681
14	61420000	61440000	10518	42	10034	10603	0.00399315	0.5017	0.991983
14	61440000	61460000	12598	49	8132	12681	0.00388951	0.4066	0.993455
14	61460000	61480000	7385	43	14873	7434	0.00582261	0.74365	0.993409
14	61480000	61500000	12131	43	5806	12220	0.00354464	0.2903	0.992717
14	61500000	61520000	12887	66	4974	12994	0.00512144	0.2487	0.991765
14	61520000	61540000	6267	35	14798	6385	0.00558481	0.7399	0.981519
14	61540000	61560000	12294	78	10253	12409	0.00634456	0.51265	0.990733
14	61560000	61580000	9295	53	10252	9386	0.00570199	0.5126	0.990305
14	61580000	61600000	9124	64	10842	9281	0.00701447	0.5421	0.983084
14	61600000	61620000	7842	41	11600	7895	0.00522826	0.58	0.993287
14	61620000	61640000	7666	63	12419	10733	0.00821811	0.62095	0.714246
14	61640000	61660000	5701	27	6652	12261	0.00473601	0.3326	0.46497
14	61660000	61680000	12363	84	10296	12472	0.00679447	0.5148	0.99126
14	61680000	61700000	12604	96	6535	12696	0.00761663	0.32675	0.992754
14	61700000	61720000	8656	62	13614	8736	0.00716266	0.6807	0.990842
14	61720000	61740000	12248	63	7399	12338	0.0051437	0.36995	0.992705
14	61740000	61760000	11016	57	7823	11246	0.00517429	0.39115	0.979548
14	61760000	61780000	9442	50	12715	9637	0.00529549	0.63575	0.979765
14	61780000	61800000	12148	78	8450	12242	0.00642081	0.4225	0.992322
14	61800000	61820000	13303	56	5416	13393	0.00420958	0.2708	0.99328
14	61820000	61840000	13100	75	7189	13250	0.00572519	0.35945	0.988679
14	61840000	61860000	11125	57	9489	11752	0.0051236	0.47445	0.946647
14	61860000	61880000	13020	67	6831	13336	0.00514593	0.34155	0.976305
14	61880000	61900000	10316	48	9937	10436	0.00465297	0.49685	0.988501
14	61900000	61920000	13077	44	5018	13335	0.00336469	0.2509	0.980652
14	61920000	61940000	12083	98	7201	12187	0.00811057	0.36005	0.991466
14	61940000	61960000	12581	110	5590	12697	0.00874334	0.2795	0.990864
14	61960000	61980000	12454	136	8156	12561	0.0109202	0.4078	0.991482
14	61980000	62000000	13121	77	5258	13410	0.00586846	0.2629	0.978449
14	62000000	62020000	13780	98	3909	13915	0.00711176	0.19545	0.990298
14	62020000	62040000	13114	77	7382	13214	0.00587159	0.3691	0.992432
14	62040000	62060000	12775	80	9200	12907	0.00626223	0.46	0.989773
14	62060000	62080000	12820	79	10322	12942	0.00616225	0.5161	0.990573
14	62080000	62100000	13635	78	8939	13763	0.00572057	0.44695	0.9907
14	62100000	62120000	12588	65	11060	12698	0.00516365	0.553	0.991337
14	62120000	62140000	9302	49	11757	9381	0.00526768	0.58785	0.991579
14	62140000	62160000	10524	72	11495	10613	0.00684151	0.57475	0.991614
14	62160000	62180000	10705	30	7052	10797	0.00280243	0.3526	0.991479
14	62180000	62200000	11338	42	7122	11428	0.00370436	0.3561	0.992125
14	62200000	62220000	11258	35	5423	11363	0.0031089	0.27115	0.990759
14	62220000	62240000	8760	47	12685	8898	0.0053653	0.63425	0.984491
14	62240000	62260000	9235	42	11944	9390	0.00454792	0.5972	0.983493
14	62260000	62280000	10174	41	8036	10290	0.00402988	0.4018	0.988727
14	62280000	62300000	11230	54	11318	11304	0.00480855	0.5659	0.993454
14	62300000	62320000	6376	55	15242	6463	0.0086261	0.7621	0.986539
14	62320000	62340000	10525	90	13802	11135	0.00855107	0.6901	0.945218
14	62340000	62360000	11300	77	11024	11384	0.00681416	0.5512	0.992621
14	62360000	62380000	12831	75	7723	12916	0.00584522	0.38615	0.993419
14	62380000	62400000	12492	62	9421	12595	0.00496318	0.47105	0.991822
14	62400000	62420000	11297	64	7140	11405	0.00566522	0.357	0.99053
14	62420000	62440000	10622	58	13294	10699	0.00546037	0.6647	0.992803
14	62440000	62460000	11985	56	7909	12053	0.00467251	0.39545	0.994358
14	62460000	62480000	14026	57	10573	14122	0.00406388	0.52865	0.993202
14	62480000	62500000	12784	70	8847	12886	0.00547559	0.44235	0.992084
14	62500000	62520000	7409	54	15747	7817	0.00728843	0.78735	0.947806
14	62520000	62540000	11832	76	9721	11964	0.00642326	0.48605	0.988967
14	62540000	62560000	13432	79	7483	13538	0.00588148	0.37415	0.99217
14	62560000	62580000	13999	69	6358	14111	0.00492892	0.3179	0.992063
14	62580000	62600000	14738	65	2277	14861	0.00441037	0.11385	0.991723
14	62600000	62620000	10270	66	10389	10376	0.00642648	0.51945	0.989784
14	62620000	62640000	12709	96	10783	13496	0.0075537	0.53915	0.941686
14	62640000	62660000	11508	76	10359	11646	0.0066041	0.51795	0.98815
14	62660000	62680000	6472	59	18329	6549	0.00911619	0.91645	0.988242
14	62680000	62700000	9815	79	14786	9988	0.0080489	0.7393	0.982679
14	62700000	62720000	12386	83	7896	12512	0.00670111	0.3948	0.98993
14	62720000	62740000	12500	75	7011	12611	0.006	0.35055	0.991198
14	62740000	62760000	10529	60	14461	10621	0.00569855	0.72305	0.991338
14	62760000	62780000	11275	83	8787	11355	0.00736142	0.43935	0.992955
14	62780000	62800000	9951	73	11401	10455	0.00733595	0.57005	0.951793
14	62800000	62820000	11364	89	11225	11497	0.00783175	0.56125	0.988432
14	62820000	62840000	10182	73	16266	11270	0.00716951	0.8133	0.903461
14	62840000	62860000	9858	52	15648	10350	0.0052749	0.7824	0.952464
14	62860000	62880000	11045	83	11029	11419	0.00751471	0.55145	0.967248
14	62880000	62900000	13530	69	10577	13695	0.00509978	0.52885	0.987952
14	62900000	62920000	9843	61	17299	9926	0.0061973	0.86495	0.991638
14	62920000	62940000	13719	79	7392	13829	0.00575844	0.3696	0.992046
14	62940000	62960000	11553	63	11580	12601	0.00545313	0.579	0.916832
14	62960000	62980000	10008	71	13938	10159	0.00709432	0.6969	0.985136
14	62980000	63000000	7588	75	12421	7672	0.00988403	0.62105	0.989051
14	63000000	63020000	6956	48	16233	7040	0.00690052	0.81165	0.988068
14	63020000	63040000	11655	80	9090	11831	0.00686401	0.4545	0.985124
14	63040000	63060000	10827	63	14199	10927	0.00581879	0.70995	0.990848
14	63060000	63080000	10916	54	13455	11026	0.00494687	0.67275	0.990024
14	63080000	63100000	12647	100	11104	12821	0.00790701	0.5552	0.986429
14	63100000	63120000	8338	63	15046	8440	0.00755577	0.7523	0.987915
14	63120000	63140000	11179	59	8465	11437	0.00527775	0.42325	0.977442
14	63140000	63160000	13362	101	6957	13535	0.00755875	0.34785	0.987218
14	63160000	63180000	3737	20	2837	13551	0.00535189	0.14185	0.275773
14	63180000	63200000	11589	57	10779	13012	0.00491846	0.53895	0.890639
14	63200000	63220000	9633	66	10724	11040	0.00685145	0.5362	0.872554
14	63220000	63240000	7894	61	13241	7983	0.00772739	0.66205	0.988851
14	63240000	63260000	10606	65	11446	10682	0.00612861	0.5723	0.992885
14	63260000	63280000	9657	55	9664	9791	0.00569535	0.4832	0.986314
14	63280000	63300000	8705	69	13873	8838	0.00792648	0.69365	0.984951
14	63300000	63320000	13254	92	5928	13609	0.0069413	0.2964	0.973914
14	63320000	63340000	9141	64	10088	9989	0.00700142	0.5044	0.915107
14	63340000	63360000	10237	70	9916	10341	0.00683794	0.4958	0.989943
14	63360000	63380000	10877	57	10215	11004	0.00524042	0.51075	0.988459
14	63380000	63400000	12535	78	10269	12646	0.00622258	0.51345	0.991223
14	63400000	63420000	12287	86	7673	12389	0.00699927	0.38365	0.991767
14	63420000	63440000	11842	91	13442	12256	0.00768451	0.6721	0.966221
14	63440000	63460000	12806	64	9697	12938	0.00499766	0.48485	0.989797
14	63460000	63480000	12863	91	7298	13024	0.00707455	0.3649	0.987638
14	63480000	63500000	11094	59	11120	11779	0.00531819	0.556	0.941846
14	63500000	63520000	12595	67	5332	12914	0.00531957	0.2666	0.975298
14	63520000	63540000	7903	39	13804	8108	0.00493483	0.6902	0.974716
14	63540000	63560000	10445	52	13497	10556	0.00497846	0.67485	0.989485
14	63560000	63580000	11144	66	10448	11233	0.00592247	0.5224	0.992077
14	63580000	63600000	7201	56	13056	7867	0.0077767	0.6528	0.915343
14	63600000	63620000	5504	27	17974	5562	0.00490552	0.8987	0.989572
14	63620000	63640000	9105	65	15532	9404	0.00713893	0.7766	0.968205
14	63640000	63660000	13557	74	9264	13688	0.00545843	0.4632	0.99043
14	63660000	63680000	11433	70	8045	11608	0.00612263	0.40225	0.984924
14	63680000	63700000	11223	68	9092	11316	0.00605899	0.4546	0.991782
14	63700000	63720000	11374	55	7850	11458	0.00483559	0.3925	0.992669
14	63720000	63740000	10725	85	7567	10811	0.00792541	0.37835	0.992045
14	63740000	63760000	12900	77	5732	13000	0.00596899	0.2866	0.992308
14	63760000	63780000	8787	66	10072	8856	0.0075111	0.5036	0.992209
14	63780000	63800000	11437	61	9093	12175	0.00533357	0.45465	0.939384
14	63800000	63820000	8900	62	13050	8984	0.00696629	0.6525	0.99065
14	63820000	63840000	10532	46	11682	12157	0.00436764	0.5841	0.866332
14	63840000	63860000	9198	34	6364	9271	0.00369646	0.3182	0.992126
14	63860000	63880000	10452	40	11982	10584	0.00382702	0.5991	0.987528
14	63880000	63900000	12364	62	8215	12552	0.00501456	0.41075	0.985022
14	63900000	63920000	9796	57	10126	10656	0.0058187	0.5063	0.919294
14	63920000	63940000	11245	54	6505	11438	0.00480213	0.32525	0.983126
14	63940000	63960000	10139	49	9965	10271	0.00483282	0.49825	0.987148
14	63960000	63980000	9999	50	9512	10130	0.0050005	0.4756	0.987068
14	63980000	64000000	8439	32	10755	8584	0.00379192	0.53775	0.983108
14	64000000	64020000	7757	48	9349	8051	0.00618796	0.46745	0.963483
14	64020000	64040000	5696	38	13912	6130	0.00667135	0.6956	0.929201
14	64040000	64060000	6974	43	14696	7029	0.00616576	0.7348	0.992175
14	64060000	64080000	7094	49	11841	7185	0.00690725	0.59205	0.987335
14	64080000	64100000	7357	38	15117	7580	0.00516515	0.75585	0.97058
14	64100000	64120000	5671	26	13881	5786	0.00458473	0.69405	0.980124
14	64120000	64140000	8071	65	12361	8149	0.00805352	0.61805	0.990428
14	64140000	64160000	8985	73	9299	9057	0.00812465	0.46495	0.99205
14	64160000	64180000	8670	56	12151	8760	0.00645905	0.60755	0.989726
14	64180000	64200000	7339	48	12093	7598	0.0065404	0.60465	0.965912
14	64200000	64220000	5763	38	12887	5883	0.00659379	0.64435	0.979602
14	64220000	64240000	5945	31	12514	6119	0.00521447	0.6257	0.971564
14	64240000	64260000	6491	32	15623	6730	0.0049299	0.78115	0.964487
14	64260000	64280000	3459	28	16754	3488	0.00809483	0.8377	0.991686
14	64280000	64300000	4572	24	18418	4662	0.00524934	0.9209	0.980695
14	64300000	64320000	6741	51	13860	7306	0.00756564	0.693	0.922666
14	64320000	64340000	6589	63	11166	8861	0.00956139	0.5583	0.743596
14	64340000	64360000	10211	70	8531	10295	0.00685535	0.42655	0.991841
14	64360000	64380000	9135	64	10765	9203	0.00700602	0.53825	0.992611
14	64380000	64400000	8157	54	12656	9481	0.00662008	0.6328	0.860352
14	64400000	64420000	9459	45	12319	10407	0.00475737	0.61595	0.908907
14	64420000	64440000	9185	73	12625	9339	0.00794774	0.63125	0.98351
14	64440000	64460000	10118	69	7563	10448	0.00681953	0.37815	0.968415
14	64460000	64480000	13412	79	7020	13553	0.00589025	0.351	0.989596
14	64480000	64500000	11584	62	7056	11669	0.00535221	0.3528	0.992716
14	64500000	64520000	9557	32	10835	9651	0.00334833	0.54175	0.99026
14	64520000	64540000	9478	44	12024	9695	0.00464233	0.6012	0.977617
14	64540000	64560000	12205	47	6763	12315	0.00385088	0.33815	0.991068
14	64560000	64580000	10944	65	9242	11023	0.00593933	0.4621	0.992833
14	64580000	64600000	10944	52	9212	11027	0.00475146	0.4606	0.992473
14	64600000	64620000	11615	76	6707	11726	0.00654326	0.33535	0.990534
14	64620000	64640000	11367	61	8978	11442	0.00536641	0.4489	0.993445
14	64640000	64660000	11388	72	7845	11520	0.00632244	0.39225	0.988542
14	64660000	64680000	14251	69	3366	14367	0.00484177	0.1683	0.991926
14	64680000	64700000	13334	94	3427	13430	0.00704965	0.17135	0.992852
14	64700000	64720000	11062	70	9137	11152	0.00632797	0.45685	0.99193
14	64720000	64740000	10338	41	10485	10423	0.00396595	0.52425	0.991845
14	64740000	64760000	8107	42	9264	8612	0.00518071	0.4632	0.941361
14	64760000	64780000	9226	63	11560	9336	0.00682853	0.578	0.988218
14	64780000	64800000	6345	47	15678	6578	0.00740741	0.7839	0.964579
14	64800000	64820000	8775	39	12409	9014	0.00444444	0.62045	0.973486
14	64820000	64840000	5302	37	14523	5341	0.0069785	0.72615	0.992698
14	64840000	64860000	6574	34	12111	6655	0.00517189	0.60555	0.987829
14	64860000	64880000	8108	39	11385	8161	0.00481006	0.56925	0.993506
14	64880000	64900000	8928	34	8132	9348	0.00380824	0.4066	0.955071
14	64900000	64920000	9922	33	8112	9981	0.00332594	0.4056	0.994089
14	64920000	64940000	11940	39	4753	12263	0.00326633	0.23765	0.973661
14	64940000	64960000	10339	42	6713	10396	0.00406229	0.33565	0.994517
14	64960000	64980000	10840	36	8185	10944	0.00332103	0.40925	0.990497
14	64980000	65000000	9876	26	5868	10879	0.00263264	0.2934	0.907804
14	65000000	65020000	10056	36	5694	10305	0.00357995	0.2847	0.975837
14	65020000	65040000	9053	37	10204	9789	0.00408704	0.5102	0.924814
14	65040000	65060000	8963	39	11367	9033	0.00435122	0.56835	0.992251
14	65060000	65080000	8137	34	9319	8189	0.00417844	0.46595	0.99365
14	65080000	65100000	11495	52	10048	11578	0.00452371	0.5024	0.992831
14	65100000	65120000	9666	33	11406	9724	0.00341403	0.5703	0.994035
14	65120000	65140000	7293	39	12896	7599	0.00534759	0.6448	0.959732
14	65140000	65160000	10468	52	10123	10533	0.00496752	0.50615	0.993829
14	65160000	65180000	12498	53	8341	12576	0.00424068	0.41705	0.993798
14	65180000	65200000	13560	57	5181	14254	0.00420354	0.25905	0.951312
14	65200000	65220000	12292	60	5003	12411	0.00488122	0.25015	0.990412
14	65220000	65240000	13630	87	4610	14009	0.00638298	0.2305	0.972946
14	65240000	65260000	12509	71	6711	13247	0.00567591	0.33555	0.944289
14	65260000	65280000	12275	49	5201	12785	0.00399185	0.26005	0.96011
14	65280000	65300000	14497	69	5834	14626	0.00475961	0.2917	0.99118
14	65300000	65320000	12915	67	7985	13322	0.00518777	0.39925	0.969449
14	65320000	65340000	11355	42	8610	11517	0.00369881	0.4305	0.985934
14	65340000	65360000	11588	49	6206	11708	0.00422851	0.3103	0.989751
14	65360000	65380000	8914	41	9870	9132	0.00459951	0.4935	0.976128
14	65380000	65400000	10362	35	9061	11031	0.00337773	0.45305	0.939353
14	65400000	65420000	14188	66	4314	14277	0.00465182	0.2157	0.993766
14	65420000	65440000	11503	49	7435	11784	0.00425976	0.37175	0.976154
14	65440000	65460000	8969	42	11722	9028	0.0046828	0.5861	0.993465
14	65460000	65480000	11018	52	10032	11097	0.00471955	0.5016	0.992881
14	65480000	65500000	9660	37	8701	9718	0.00383023	0.43505	0.994032
14	65500000	65520000	9400	36	11651	9468	0.00382979	0.58255	0.992818
14	65520000	65540000	11041	53	10298	11513	0.00480029	0.5149	0.959003
14	65540000	65560000	12275	45	5637	12344	0.00366599	0.28185	0.99441
14	65560000	65580000	11560	56	7141	11655	0.00484429	0.35705	0.991849
14	65580000	65600000	7231	45	14606	7682	0.00622321	0.7303	0.941291
14	65600000	65620000	8985	52	11090	9842	0.00578742	0.5545	0.912924
14	65620000	65640000	9024	57	12228	9577	0.00631649	0.6114	0.942257
14	65640000	65660000	10524	58	11422	10624	0.00551121	0.5711	0.990587
14	65660000	65680000	48	3	12509	48	0.0625	0.62545	1
14	65680000	65700000	0	0	11243	0		0.56215	
14	65700000	65720000	0	0	14340	0		0.717	
14	65720000	65740000	4292	29	10838	5225	0.00675676	0.5419	0.821435
14	65740000	65760000	10310	49	11624	10398	0.00475267	0.5812	0.991537
14	65760000	65780000	9659	48	12893	9797	0.00496946	0.64465	0.985914
14	65780000	65800000	8678	44	12268	8738	0.00507029	0.6134	0.993133
14	65800000	65820000	9984	53	12226	10220	0.00530849	0.6113	0.976908
14	65820000	65840000	9339	39	12185	9680	0.00417604	0.60925	0.964773
14	65840000	65860000	9171	47	11176	9311	0.00512485	0.5588	0.984964
14	65860000	65880000	8773	43	10424	8836	0.0049014	0.5212	0.99287
14	65880000	65900000	8407	56	10419	8470	0.00666112	0.52095	0.992562
14	65900000	65920000	10198	43	11032	10279	0.00421651	0.5516	0.99212
14	65920000	65940000	10089	39	12146	10155	0.0038656	0.6073	0.993501
14	65940000	65960000	11671	51	9687	11777	0.00436981	0.48435	0.990999
14	65960000	65980000	8795	52	10741	8881	0.00591245	0.53705	0.990316
14	65980000	66000000	7248	34	12200	7311	0.00469095	0.61	0.991383
14	66000000	66020000	9892	47	13528	9966	0.00475131	0.6764	0.992575
14	66020000	66040000	13094	63	10210	13236	0.00481136	0.5105	0.989272
14	66040000	66060000	12224	42	8257	12321	0.00343586	0.41285	0.992127
14	66060000	66080000	9588	41	13606	9660	0.00427618	0.6803	0.992547
14	66080000	66100000	10314	38	8286	11228	0.00368431	0.4143	0.918596
14	66100000	66120000	9825	49	11638	9884	0.00498728	0.5819	0.994031
14	66120000	66140000	9862	47	10690	9930	0.00476577	0.5345	0.993152
14	66140000	66160000	10656	28	10146	10727	0.00262763	0.5073	0.993381
14	66160000	66180000	8759	40	10739	11171	0.00456673	0.53695	0.784084
14	66180000	66200000	6759	24	13160	7014	0.00355082	0.658	0.963644
14	66200000	66220000	13413	55	5864	13509	0.0041005	0.2932	0.992894
14	66220000	66240000	12089	45	9161	12231	0.00372239	0.45805	0.98839
14	66240000	66260000	12159	80	8968	12891	0.00657949	0.4484	0.943216
14	66260000	66280000	12973	94	7177	13176	0.00724582	0.35885	0.984593
14	66280000	66300000	12324	70	7851	13247	0.00567997	0.39255	0.930324
14	66300000	66320000	9771	42	4634	14582	0.00429843	0.2317	0.670073
14	66320000	66340000	7993	57	11405	9917	0.00713124	0.57025	0.80599
14	66340000	66360000	6732	51	13689	6810	0.00757576	0.68445	0.988546
14	66360000	66380000	8491	40	13043	8602	0.00471087	0.65215	0.987096
14	66380000	66400000	12318	74	8397	12423	0.00600747	0.41985	0.991548
14	66400000	66420000	13065	81	7069	13169	0.00619977	0.35345	0.992103
14	66420000	66440000	14095	79	6546	14233	0.00560482	0.3273	0.990304
14	66440000	66460000	10472	78	9691	11519	0.00744843	0.48455	0.909107
14	66460000	66480000	12830	78	9283	12929	0.0060795	0.46415	0.992343
14	66480000	66500000	8673	49	12568	8880	0.00564972	0.6284	0.976689
14	66500000	66520000	12217	62	8578	12301	0.0050749	0.4289	0.993171
14	66520000	66540000	13311	64	8882	13424	0.00480805	0.4441	0.991582
14	66540000	66560000	13863	95	9366	13991	0.00685277	0.4683	0.990851
14	66560000	66580000	12770	77	10610	12879	0.00602976	0.5305	0.991537
14	66580000	66600000	14200	76	8121	14285	0.00535211	0.40605	0.99405
14	66600000	66620000	8013	23	14183	8091	0.00287034	0.70915	0.99036
14	66620000	66640000	12324	85	12202	12421	0.00689711	0.6101	0.992191
14	66640000	66660000	8941	55	12233	9021	0.00615144	0.61165	0.991132
14	66660000	66680000	7988	28	14559	8047	0.00350526	0.72795	0.992668
14	66680000	66700000	10292	67	14463	10353	0.00650991	0.72315	0.994108
14	66700000	66720000	12901	49	7884	12995	0.00379816	0.3942	0.992766
14	66720000	66740000	10666	36	9393	10744	0.00337521	0.46965	0.99274
14	66740000	66760000	9729	37	10600	11862	0.00380306	0.53	0.820182
14	66760000	66780000	8581	35	13760	8699	0.00407878	0.688	0.986435
14	66780000	66800000	11718	47	11913	11813	0.00401092	0.59565	0.991958
14	66800000	66820000	7160	29	15591	7225	0.00405028	0.77955	0.991003
14	66820000	66840000	11950	41	8850	12045	0.00343096	0.4425	0.992113
14	66840000	66860000	14573	46	6658	14666	0.00315652	0.3329	0.993659
14	66860000	66880000	12828	48	8323	12929	0.00374181	0.41615	0.992188
14	66880000	66900000	12714	41	11313	12825	0.00322479	0.56565	0.991345
14	66900000	66920000	13062	47	9414	13157	0.00359822	0.4707	0.99278
14	66920000	66940000	7448	30	14565	7516	0.00402793	0.72825	0.990953
14	66940000	66960000	13624	53	7463	13713	0.00389019	0.37315	0.99351
14	66960000	66980000	11813	44	5321	11895	0.00372471	0.26605	0.993106
14	66980000	67000000	7619	33	13668	7675	0.00433128	0.6834	0.992704
14	67000000	67020000	9309	46	16600	9373	0.00494145	0.83	0.993172
14	67020000	67040000	9101	44	11176	9169	0.00483463	0.5588	0.992584
14	67040000	67060000	6056	43	19078	6109	0.0071004	0.9539	0.991324
14	67060000	67080000	9506	37	14771	9581	0.00389228	0.73855	0.992172
14	67080000	67100000	8449	40	14785	8508	0.00473429	0.73925	0.993065
14	67100000	67120000	10427	47	13594	11150	0.00450753	0.6797	0.935157
14	67120000	67140000	7521	47	19557	7585	0.00624917	0.97785	0.991562
14	67140000	67160000	7763	32	15324	7830	0.00412212	0.7662	0.991443
14	67160000	67180000	7136	28	14350	7171	0.00392377	0.7175	0.995119
14	67180000	67200000	5596	26	17064	5634	0.00464618	0.8532	0.993255
14	67200000	67220000	11783	57	10322	11887	0.00483748	0.5161	0.991251
14	67220000	67240000	9733	41	10390	9813	0.00421247	0.5195	0.991848
14	67240000	67260000	8194	32	15935	8249	0.0039053	0.79675	0.993333
14	67260000	67280000	7972	37	16606	8048	0.00464124	0.8303	0.990557
14	67280000	67300000	9653	47	11023	9970	0.00486895	0.55115	0.968205
14	67300000	67320000	10514	35	9193	11526	0.00332889	0.45965	0.912199
14	67320000	67340000	8548	51	13890	8606	0.00596631	0.6945	0.993261
14	67340000	67360000	7848	33	15797	7911	0.00420489	0.78985	0.992036
14	67360000	67380000	8383	40	18613	8496	0.00477156	0.93065	0.9867
14	67380000	67400000	7808	36	12430	8302	0.00461066	0.6215	0.940496
14	67400000	67420000	8409	39	15229	8513	0.00463789	0.76145	0.987783
14	67420000	67440000	10450	34	13073	10538	0.00325359	0.65365	0.991649
14	67440000	67460000	11761	38	6911	11831	0.00323102	0.34555	0.994083
14	67460000	67480000	12252	42	4014	12366	0.00342801	0.2007	0.990781
14	67480000	67500000	12508	42	8245	12588	0.00335785	0.41225	0.993645
14	67500000	67520000	7123	32	15504	7186	0.00449249	0.7752	0.991233
14	67520000	67540000	5770	33	12930	5806	0.00571924	0.6465	0.9938
14	67540000	67560000	9251	35	10322	9321	0.00378337	0.5161	0.99249
14	67560000	67580000	10082	50	10947	10170	0.00495933	0.54735	0.991347
14	67580000	67600000	10983	25	7560	11028	0.00227625	0.378	0.995919
14	67600000	67620000	11227	39	9251	11324	0.00347377	0.46255	0.991434
14	67620000	67640000	11117	49	10464	11210	0.00440766	0.5232	0.991704
14	67640000	67660000	9071	37	12207	9199	0.00407893	0.61035	0.986085
14	67660000	67680000	8063	49	9445	8843	0.00607714	0.47225	0.911795
14	67680000	67700000	9483	40	11999	9563	0.00421807	0.59995	0.991634
14	67700000	67720000	9041	28	11773	9132	0.003097	0.58865	0.990035
14	67720000	67740000	9157	37	10152	9324	0.00404062	0.5076	0.982089
14	67740000	67760000	8992	23	9868	9045	0.00255783	0.4934	0.99414
14	67760000	67780000	10866	32	8444	10966	0.00294497	0.4222	0.990881
14	67780000	67800000	9400	37	8835	9497	0.00393617	0.44175	0.989786
14	67800000	67820000	9427	31	9627	9498	0.00328843	0.48135	0.992525
14	67820000	67840000	9780	29	11280	9843	0.00296524	0.564	0.9936
14	67840000	67860000	13133	48	5927	13254	0.00365492	0.29635	0.990871
14	67860000	67880000	7257	36	10687	8452	0.00496073	0.53435	0.858613
14	67880000	67900000	11162	75	9281	11288	0.00671923	0.46405	0.988838
14	67900000	67920000	9641	55	12152	9914	0.0057048	0.6076	0.972463
14	67920000	67940000	10060	40	9276	11131	0.00397614	0.4638	0.903782
14	67940000	67960000	10799	52	9078	11423	0.00481526	0.4539	0.945373
14	67960000	67980000	7070	28	10776	9665	0.0039604	0.5388	0.731505
14	67980000	68000000	12787	78	5854	12881	0.00609995	0.2927	0.992702
14	68000000	68020000	11357	55	10016	11453	0.00484283	0.5008	0.991618
14	68020000	68040000	10798	41	8015	11311	0.003797	0.40075	0.954646
14	68040000	68060000	13179	76	3813	13395	0.00576675	0.19065	0.983875
14	68060000	68080000	8176	43	13553	8246	0.0052593	0.67765	0.991511
14	68080000	68100000	8002	54	10826	8498	0.00674831	0.5413	0.941633
14	68100000	68120000	12605	46	5396	12689	0.00364935	0.2698	0.99338
14	68120000	68140000	9499	28	9480	9648	0.00294768	0.474	0.984556
14	68140000	68160000	10908	38	9720	11311	0.00348368	0.486	0.964371
14	68160000	68180000	5659	27	15590	6037	0.00477116	0.7795	0.937386
14	68180000	68200000	10645	46	9324	10731	0.00432128	0.4662	0.991986
14	68200000	68220000	11849	52	7672	11941	0.00438856	0.3836	0.992295
14	68220000	68240000	12551	60	8063	12623	0.0047805	0.40315	0.994296
14	68240000	68260000	12445	41	6766	12511	0.0032945	0.3383	0.994725
14	68260000	68280000	10164	30	5791	11214	0.00295159	0.28955	0.906367
14	68280000	68300000	8216	20	10482	8277	0.00243427	0.5241	0.99263
14	68300000	68320000	7963	35	17819	8176	0.00439533	0.89095	0.973948
14	68320000	68340000	7505	21	14081	7784	0.00279813	0.70405	0.964157
14	68340000	68360000	10516	53	10459	11452	0.00503994	0.52295	0.918268
14	68360000	68380000	9399	36	12435	9460	0.00383019	0.62175	0.993552
14	68380000	68400000	7687	35	16587	7729	0.00455314	0.82935	0.994566
14	68400000	68420000	11541	54	7964	11623	0.00467897	0.3982	0.992945
14	68420000	68440000	11997	44	8313	12151	0.00366758	0.41565	0.987326
14	68440000	68460000	10908	36	9116	11001	0.00330033	0.4558	0.991546
14	68460000	68480000	10407	36	13309	10520	0.00345921	0.66545	0.989259
14	68480000	68500000	8634	31	15385	8718	0.00359046	0.76925	0.990365
14	68500000	68520000	11374	36	6507	11476	0.00316511	0.32535	0.991112
14	68520000	68540000	8289	32	14585	8369	0.00386054	0.72925	0.990441
14	68540000	68560000	9545	52	10571	9615	0.00544788	0.52855	0.99272
14	68560000	68580000	11895	48	8122	11978	0.00403531	0.4061	0.993071
14	68580000	68600000	11116	63	10188	11192	0.00566751	0.5094	0.993209
14	68600000	68620000	11542	58	9816	11750	0.00502513	0.4908	0.982298
14	68620000	68640000	12595	66	6469	12694	0.00524017	0.32345	0.992201
14	68640000	68660000	12334	60	5904	12419	0.0048646	0.2952	0.993156
14	68660000	68680000	12027	73	11682	12118	0.00606968	0.5841	0.992491
14	68680000	68700000	11413	48	8331	11502	0.00420573	0.41655	0.992262
14	68700000	68720000	12237	53	6925	12333	0.00433113	0.34625	0.992216
14	68720000	68740000	14325	63	7608	14414	0.00439791	0.3804	0.993825
14	68740000	68760000	13617	49	4775	13699	0.00359844	0.23875	0.994014
14	68760000	68780000	12619	47	4971	12873	0.00372454	0.24855	0.980269
14	68780000	68800000	12845	51	4828	12922	0.00397042	0.2414	0.994041
14	68800000	68820000	11163	48	9323	11353	0.00429992	0.46615	0.983264
14	68820000	68840000	11314	52	8192	11398	0.00459608	0.4096	0.99263
14	68840000	68860000	14128	74	5023	14210	0.00523783	0.25115	0.994229
14	68860000	68880000	13472	42	4704	13564	0.00311758	0.2352	0.993217
14	68880000	68900000	8860	28	11329	8976	0.00316027	0.56645	0.987077
14	68900000	68920000	10631	53	8825	10866	0.00498542	0.44125	0.978373
14	68920000	68940000	12132	61	8176	12235	0.00502803	0.4088	0.991582
14	68940000	68960000	11908	47	8045	13404	0.00394693	0.40225	0.888392
14	68960000	68980000	14569	83	3978	14987	0.00569703	0.1989	0.972109
14	68980000	69000000	13586	60	8491	13683	0.00441631	0.42455	0.992911
14	69000000	69020000	13828	54	7806	13935	0.00390512	0.3903	0.992321
14	69020000	69040000	13812	53	6469	13923	0.00383724	0.32345	0.992028
14	69040000	69060000	13266	54	6501	13378	0.00407056	0.32505	0.991628
14	69060000	69080000	10514	52	4456	13991	0.00494579	0.2228	0.751483
14	69080000	69100000	13310	82	7816	13416	0.00616078	0.3908	0.992099
14	69100000	69120000	11923	47	10107	12159	0.00394196	0.50535	0.980591
14	69120000	69140000	13773	62	5740	14751	0.00450156	0.287	0.933699
14	69140000	69160000	12729	71	6633	12933	0.00557781	0.33165	0.984226
14	69160000	69180000	12593	91	7530	12676	0.00722624	0.3765	0.993452
14	69180000	69200000	11832	60	8402	11941	0.00507099	0.4201	0.990872
14	69200000	69220000	13008	88	7903	13079	0.00676507	0.39515	0.994571
14	69220000	69240000	10448	60	7559	12868	0.00574273	0.37795	0.811937
14	69240000	69260000	12546	50	5448	13644	0.00398533	0.2724	0.919525
14	69260000	69280000	10239	40	9015	10313	0.00390663	0.45075	0.992825
14	69280000	69300000	7644	34	10225	9816	0.00444793	0.51125	0.778729
14	69300000	69320000	6303	25	15932	6791	0.00396637	0.7966	0.92814
14	69320000	69340000	4653	37	11094	9135	0.00795186	0.5547	0.50936
14	69340000	69360000	0	0	3705	12540		0.18525	0
14	69360000	69380000	11905	66	5949	12333	0.00554389	0.29745	0.965296
14	69380000	69400000	12521	84	8574	12882	0.00670873	0.4287	0.971976
14	69400000	69420000	12235	56	7386	12361	0.00457703	0.3693	0.989807
14	69420000	69440000	14193	66	6569	14274	0.00465018	0.32845	0.994325
14	69440000	69460000	11071	61	7940	11158	0.00550989	0.397	0.992203
14	69460000	69480000	10807	48	13077	10909	0.00444157	0.65385	0.99065
14	69480000	69500000	8451	48	15232	8554	0.0056798	0.7616	0.987959
14	69500000	69520000	12322	53	5798	12423	0.00430125	0.2899	0.99187
14	69520000	69540000	11178	30	6290	11234	0.00268384	0.3145	0.995015
14	69540000	69560000	10991	35	5643	11065	0.00318442	0.28215	0.993312
14	69560000	69580000	10882	41	10783	10968	0.00376769	0.53915	0.992159
14	69580000	69600000	12460	55	8994	12525	0.00441413	0.4497	0.99481
14	69600000	69620000	10348	40	8404	10438	0.00386548	0.4202	0.991378
14	69620000	69640000	7006	33	15131	7071	0.00471025	0.75655	0.990808
14	69640000	69660000	8684	39	14505	8747	0.00449102	0.72525	0.992798
14	69660000	69680000	7708	54	14663	7781	0.00700571	0.73315	0.990618
14	69680000	69700000	9117	39	15688	9199	0.00427772	0.7844	0.991086
14	69700000	69720000	12849	66	4061	12981	0.00513659	0.20305	0.989831
14	69720000	69740000	12874	76	5618	13586	0.00590337	0.2809	0.947593
14	69740000	69760000	11828	70	10522	11913	0.00591816	0.5261	0.992865
14	69760000	69780000	10417	58	11529	10488	0.00556782	0.57645	0.99323
14	69780000	69800000	13419	86	6337	14043	0.00640882	0.31685	0.955565
14	69800000	69820000	13311	75	7518	13415	0.00563444	0.3759	0.992247
14	69820000	69840000	12881	81	8330	13078	0.00628833	0.4165	0.984937
14	69840000	69860000	9901	43	11287	9993	0.004343	0.56435	0.990794
14	69860000	69880000	9778	45	8456	9966	0.00460217	0.4228	0.981136
14	69880000	69900000	5211	25	17201	5311	0.00479754	0.86005	0.981171
14	69900000	69920000	8437	30	14827	8504	0.00355577	0.74135	0.992121
14	69920000	69940000	10059	44	8720	10122	0.00437419	0.436	0.993776
14	69940000	69960000	10313	56	8138	10943	0.00543004	0.4069	0.942429
14	69960000	69980000	10403	64	12148	10502	0.00615207	0.6074	0.990573
14	69980000	70000000	11870	76	8811	11964	0.0064027	0.44055	0.992143
14	70000000	70020000	10981	70	10979	11079	0.00637465	0.54895	0.991154
14	70020000	70040000	11965	78	5971	12225	0.00651901	0.29855	0.978732
14	70040000	70060000	10386	60	10734	10475	0.00577701	0.5367	0.991504
14	70060000	70080000	8969	50	11555	9322	0.00557476	0.57775	0.962133
14	70080000	70100000	11945	50	6297	12036	0.00418585	0.31485	0.992439
14	70100000	70120000	12650	49	7917	12742	0.00387352	0.39585	0.99278
14	70120000	70140000	11889	46	6232	11974	0.00386912	0.3116	0.992901
14	70140000	70160000	12492	52	5770	12588	0.00416266	0.2885	0.992374
14	70160000	70180000	12431	69	6320	12513	0.00555064	0.316	0.993447
14	70180000	70200000	9203	55	11548	9957	0.00597631	0.5774	0.924274
14	70200000	70220000	5549	24	15536	5763	0.0043251	0.7768	0.962867
14	70220000	70240000	9801	34	7892	9890	0.00346903	0.3946	0.991001
14	70240000	70260000	12199	55	8916	12290	0.00450857	0.4458	0.992596
14	70260000	70280000	9669	43	11493	9750	0.0044472	0.57465	0.991692
14	70280000	70300000	7097	54	14249	7188	0.00760885	0.71245	0.98734
14	70300000	70320000	11597	62	11005	11697	0.00534621	0.55025	0.991451
14	70320000	70340000	12214	46	10650	12525	0.00376617	0.5325	0.97517
14	70340000	70360000	11918	62	7839	12057	0.00520222	0.39195	0.988471
14	70360000	70380000	10002	71	10778	12438	0.00709858	0.5389	0.804149
14	70380000	70400000	12714	72	8245	13661	0.00566305	0.41225	0.930679
14	70400000	70420000	13584	67	6064	13685	0.00493227	0.3032	0.99262
14	70420000	70440000	12172	59	9053	12358	0.00484719	0.45265	0.984949
14	70440000	70460000	13860	53	6096	13973	0.00382395	0.3048	0.991913
14	70460000	70480000	14502	57	4983	14621	0.00393049	0.24915	0.991861
14	70480000	70500000	14677	78	5544	15104	0.00531444	0.2772	0.971729
14	70500000	70520000	13498	73	7306	13642	0.00540821	0.3653	0.989444
14	70520000	70540000	12233	49	5243	14253	0.00400556	0.26215	0.858275
14	70540000	70560000	14618	71	4897	14742	0.00485703	0.24485	0.991589
14	70560000	70580000	13314	100	10237	13452	0.00751089	0.51185	0.989741
14	70580000	70600000	13364	110	6640	13730	0.00823107	0.332	0.973343
14	70600000	70620000	13254	108	7615	13609	0.00814848	0.38075	0.973914
14	70620000	70640000	13332	81	6123	13846	0.00607561	0.30615	0.962877
14	70640000	70660000	12183	84	6954	13158	0.00689485	0.3477	0.925901
14	70660000	70680000	7550	65	16588	7612	0.00860927	0.8294	0.991855
14	70680000	70700000	7598	55	11322	7798	0.00723875	0.5661	0.974352
14	70700000	70720000	2982	38	9545	3010	0.0127431	0.47725	0.990698
14	70720000	70740000	8235	43	16140	8324	0.00522162	0.807	0.989308
14	70740000	70760000	11106	68	12365	11256	0.00612282	0.61825	0.986674
14	70760000	70780000	257	2	19959	511	0.0077821	0.99795	0.502935
14	70780000	70800000	10085	57	11812	10204	0.00565196	0.5906	0.988338
14	70800000	70820000	6840	29	14018	7080	0.00423977	0.7009	0.966102
14	70820000	70840000	10902	45	9378	10979	0.00412768	0.4689	0.992987
14	70840000	70860000	11993	76	6112	12349	0.00633703	0.3056	0.971172
14	70860000	70880000	7567	43	15956	7631	0.00568257	0.7978	0.991613
14	70880000	70900000	6630	48	16012	6681	0.00723982	0.8006	0.992366
14	70900000	70920000	6574	53	17897	6702	0.00806206	0.89485	0.980901
14	70920000	70940000	4665	36	7535	4730	0.00771704	0.37675	0.986258
14	70940000	70960000	3809	27	19587	3872	0.00708847	0.97935	0.983729
14	70960000	70980000	2412	12	19645	2437	0.00497512	0.98225	0.989741
14	70980000	71000000	11621	31	12430	11701	0.00266758	0.6215	0.993163
14	71000000	71020000	2520	13	19115	2858	0.00515873	0.95575	0.881735
14	71020000	71040000	8388	62	16194	8448	0.00739151	0.8097	0.992898
14	71040000	71060000	11603	57	11842	11670	0.00491252	0.5921	0.994259
14	71060000	71080000	11857	50	8634	11937	0.00421692	0.4317	0.993298
14	71080000	71100000	8618	46	14673	8684	0.00533767	0.73365	0.9924
14	71100000	71120000	12018	67	8716	12114	0.00557497	0.4358	0.992075
14	71120000	71140000	12539	38	8501	12630	0.00303054	0.42505	0.992795
14	71140000	71160000	11301	79	11767	11754	0.00699053	0.58835	0.96146
14	71160000	71180000	11945	62	10126	12991	0.00519046	0.5063	0.919483
14	71180000	71200000	12250	71	6626	12345	0.00579592	0.3313	0.992305
14	71200000	71220000	11852	51	7389	11904	0.00430307	0.36945	0.995632
14	71220000	71240000	10049	39	12050	10116	0.00388098	0.6025	0.993377
14	71240000	71260000	12904	48	6714	13022	0.00371978	0.3357	0.990938
14	71260000	71280000	10504	65	6871	10587	0.00618812	0.34355	0.99216
14	71280000	71300000	10217	54	9836	10382	0.00528531	0.4918	0.984107
14	71300000	71320000	9475	76	12566	9665	0.00802111	0.6283	0.980341
14	71320000	71340000	6652	62	17279	6708	0.00932051	0.86395	0.991652
14	71340000	71360000	10136	53	12304	10304	0.00522889	0.6152	0.983696
14	71360000	71380000	9176	42	7633	10611	0.00457716	0.38165	0.864763
14	71380000	71400000	10951	57	9354	11030	0.005205	0.4677	0.992838
14	71400000	71420000	5808	25	15252	5867	0.00430441	0.7626	0.989944
14	71420000	71440000	10322	50	9645	10460	0.00484402	0.48225	0.986807
14	71440000	71460000	11995	45	5069	12069	0.00375156	0.25345	0.993869
14	71460000	71480000	11822	46	5766	11903	0.00389105	0.2883	0.993195
14	71480000	71500000	12646	66	10354	12737	0.00521904	0.5177	0.992855
14	71500000	71520000	9762	46	10381	10015	0.00471215	0.51905	0.974738
14	71520000	71540000	7855	51	13814	7918	0.00649268	0.6907	0.992043
14	71540000	71560000	8211	33	12018	8261	0.004019	0.6009	0.993947
14	71560000	71580000	10297	46	9486	10345	0.00446732	0.4743	0.99536
14	71580000	71600000	6230	25	13861	8325	0.00401284	0.69305	0.748348
14	71600000	71620000	8940	52	13903	9541	0.00581655	0.69515	0.937009
14	71620000	71640000	9160	54	13170	9229	0.0058952	0.6585	0.992524
14	71640000	71660000	11471	52	11132	11601	0.00453317	0.5566	0.988794
14	71660000	71680000	12300	68	10482	12388	0.00552846	0.5241	0.992896
14	71680000	71700000	10191	63	12070	10668	0.00618193	0.6035	0.955287
14	71700000	71720000	9800	55	9406	9868	0.00561224	0.4703	0.993109
14	71720000	71740000	9413	42	14163	9493	0.00446191	0.70815	0.991573
14	71740000	71760000	10715	60	12345	10800	0.00559963	0.61725	0.99213
14	71760000	71780000	11972	33	9213	12073	0.00275643	0.46065	0.991634
14	71780000	71800000	10822	41	7708	10973	0.00378858	0.3854	0.986239
14	71800000	71820000	10825	47	11148	11075	0.0043418	0.5574	0.977427
14	71820000	71840000	9448	42	9924	9511	0.00444539	0.4962	0.993376
14	71840000	71860000	10233	55	10333	10293	0.00537477	0.51665	0.994171
14	71860000	71880000	12411	56	7327	12526	0.00451213	0.36635	0.990819
14	71880000	71900000	10018	38	12129	10096	0.00379317	0.60645	0.992274
14	71900000	71920000	10401	42	9060	10493	0.00403807	0.453	0.991232
14	71920000	71940000	7726	36	11817	7803	0.00465959	0.59085	0.990132
14	71940000	71960000	12062	47	8101	12148	0.00389653	0.40505	0.992921
14	71960000	71980000	10120	45	11911	10397	0.00444664	0.59555	0.973358
14	71980000	72000000	9824	38	11836	9895	0.00386808	0.5918	0.992825
14	72000000	72020000	10086	35	8592	10200	0.00347016	0.4296	0.988824
14	72020000	72040000	10247	56	11809	10323	0.00546501	0.59045	0.992638
14	72040000	72060000	13073	46	5284	13200	0.0035187	0.2642	0.990379
14	72060000	72080000	9974	46	13444	10099	0.00461199	0.6722	0.987623
14	72080000	72100000	12579	56	7130	12669	0.00445186	0.3565	0.992896
14	72100000	72120000	10812	53	14422	10894	0.00490196	0.7211	0.992473
14	72120000	72140000	12774	50	6518	12851	0.0039142	0.3259	0.994008
14	72140000	72160000	9921	34	8382	9982	0.00342707	0.4191	0.993889
14	72160000	72180000	12621	46	4165	12695	0.00364472	0.20825	0.994171
14	72180000	72200000	12737	71	6199	12830	0.00557431	0.30995	0.992751
14	72200000	72220000	13652	69	5017	13768	0.0050542	0.25085	0.991575
14	72220000	72240000	9986	72	12452	10147	0.00721009	0.6226	0.984133
14	72240000	72260000	8970	55	13098	9037	0.00613155	0.6549	0.992586
14	72260000	72280000	7990	79	14066	8078	0.00988736	0.7033	0.989106
14	72280000	72300000	9497	72	15638	9580	0.00758134	0.7819	0.991336
14	72300000	72320000	5923	45	17239	6052	0.0075975	0.86195	0.978685
14	72320000	72340000	8608	60	12099	8728	0.00697026	0.60495	0.986251
14	72340000	72360000	7004	65	13626	7056	0.00928041	0.6813	0.99263
14	72360000	72380000	11016	76	10719	11124	0.00689906	0.53595	0.990291
14	72380000	72400000	10906	86	9921	11185	0.00788557	0.49605	0.975056
14	72400000	72420000	8872	57	11898	8958	0.00642471	0.5949	0.9904
14	72420000	72440000	12732	68	10840	12844	0.00534087	0.542	0.99128
14	72440000	72460000	7737	36	13954	7789	0.00465297	0.6977	0.993324
14	72460000	72480000	12949	107	11981	13051	0.00826319	0.59905	0.992185
14	72480000	72500000	12561	45	8503	12670	0.00358252	0.42515	0.991397
14	72500000	72520000	10027	42	13550	10635	0.00418869	0.6775	0.94283
14	72520000	72540000	10766	87	10243	11397	0.008081	0.51215	0.944635
14	72540000	72560000	11297	77	9558	11392	0.00681597	0.4779	0.991661
14	72560000	72580000	13355	72	7367	13506	0.00539124	0.36835	0.98882
14	72580000	72600000	13914	85	7147	14039	0.00610896	0.35735	0.991096
14	72600000	72620000	12045	66	8787	12172	0.00547945	0.43935	0.989566
14	72620000	72640000	12800	95	7865	12975	0.00742187	0.39325	0.986513
14	72640000	72660000	13547	84	4888	13679	0.00620063	0.2444	0.99035
14	72660000	72680000	12325	73	8720	12646	0.00592292	0.436	0.974616
14	72680000	72700000	12771	88	10437	12948	0.00689061	0.52185	0.98633
14	72700000	72720000	6693	54	10791	11664	0.00806813	0.53955	0.573817
14	72720000	72740000	59	0	9679	12693	0	0.48395	0.00464823
14	72740000	72760000	5841	45	10174	10805	0.00770416	0.5087	0.540583
14	72760000	72780000	11990	75	11740	12096	0.00625521	0.587	0.991237
14	72780000	72800000	11154	72	11292	11259	0.00645508	0.5646	0.990674
14	72800000	72820000	13068	100	6273	13368	0.00765228	0.31365	0.977558
14	72820000	72840000	9431	64	13418	10788	0.00678613	0.6709	0.874212
14	72840000	72860000	9772	52	13538	9880	0.00532133	0.6769	0.989069
14	72860000	72880000	6958	46	13984	7050	0.0066111	0.6992	0.98695
14	72880000	72900000	11480	80	9099	11598	0.00696864	0.45495	0.989826
14	72900000	72920000	12493	73	8943	12750	0.00584327	0.44715	0.979843
14	72920000	72940000	12766	89	7315	12887	0.00697164	0.36575	0.990611
14	72940000	72960000	12213	56	7655	12322	0.00458528	0.38275	0.991154
14	72960000	72980000	12851	57	9299	13127	0.00443545	0.46495	0.978975
14	72980000	73000000	13462	64	6197	13569	0.00475412	0.30985	0.992114
14	73000000	73020000	13079	76	4597	13215	0.00581084	0.22985	0.989709
14	73020000	73040000	13732	72	4430	13864	0.00524323	0.2215	0.990479
14	73040000	73060000	14543	119	8700	14879	0.00818263	0.435	0.977418
14	73060000	73080000	13168	85	5159	14262	0.00645504	0.25795	0.923293
14	73080000	73100000	13589	67	9922	13857	0.00493046	0.4961	0.98066
14	73100000	73120000	14141	54	7256	14521	0.00381868	0.3628	0.973831
14	73120000	73140000	13587	58	3188	13885	0.00426879	0.1594	0.978538
14	73140000	73160000	13557	75	5130	13668	0.0055322	0.2565	0.991879
14	73160000	73180000	13526	67	8120	13653	0.00495342	0.406	0.990698
14	73180000	73200000	12627	56	9330	12732	0.00443494	0.4665	0.991753
14	73200000	73220000	12058	80	8862	12152	0.0066346	0.4431	0.992265
14	73220000	73240000	11051	50	14492	11301	0.00452448	0.7246	0.977878
14	73240000	73260000	11942	83	8167	12060	0.00695026	0.40835	0.990216
14	73260000	73280000	13071	88	7790	13241	0.00673246	0.3895	0.987161
14	73280000	73300000	10135	75	11768	10212	0.0074001	0.5884	0.99246
14	73300000	73320000	10791	69	9931	10878	0.00639422	0.49655	0.992002
14	73320000	73340000	10280	52	10309	10352	0.00505837	0.51545	0.993045
14	73340000	73360000	11013	65	6210	11103	0.00590212	0.3105	0.991894
14	73360000	73380000	10152	54	7696	10678	0.00531915	0.3848	0.95074
14	73380000	73400000	8896	46	12362	8956	0.00517086	0.6181	0.993301
14	73400000	73420000	6806	24	8043	10261	0.0035263	0.40215	0.663288
14	73420000	73440000	6169	32	7537	6568	0.00518723	0.37685	0.939251
14	73440000	73460000	9200	29	8786	9335	0.00315217	0.4393	0.985538
14	73460000	73480000	7459	33	12365	7930	0.00442419	0.61825	0.940605
14	73480000	73500000	6226	27	11290	7273	0.00433665	0.5645	0.856043
14	73500000	73520000	3642	10	17498	4291	0.00274574	0.8749	0.848753
14	73520000	73540000	6248	20	11262	6490	0.00320102	0.5631	0.962712
14	73540000	73560000	6366	30	11697	6730	0.00471254	0.58485	0.945914
14	73560000	73580000	9457	37	6890	9629	0.00391245	0.3445	0.982137
14	73580000	73600000	7329	33	10800	7574	0.00450266	0.54	0.967652
14	73600000	73620000	5150	32	11069	8146	0.00621359	0.55345	0.632212
14	73620000	73640000	8742	34	14044	9056	0.00388927	0.7022	0.965327
14	73640000	73660000	7220	29	13529	7610	0.00401662	0.67645	0.948752
14	73660000	73680000	8606	33	11110	8785	0.00383453	0.5555	0.979624
14	73680000	73700000	11078	61	6944	11165	0.00550641	0.3472	0.992208
14	73700000	73720000	10638	60	5678	11543	0.00564016	0.2839	0.921598
14	73720000	73740000	12066	91	6017	12274	0.00754185	0.30085	0.983054
14	73740000	73760000	10989	82	7793	11111	0.00746201	0.38965	0.98902
14	73760000	73780000	8445	47	12370	8934	0.00556542	0.6185	0.945265
14	73780000	73800000	10052	56	10262	10115	0.00557103	0.5131	0.993772
14	73800000	73820000	8757	47	14129	9282	0.00536713	0.70645	0.943439
14	73820000	73840000	8482	51	11525	8788	0.00601273	0.57625	0.96518
14	73840000	73860000	7859	55	15089	7972	0.00699835	0.75445	0.985825
14	73860000	73880000	7913	48	13927	8086	0.00606597	0.69635	0.978605
14	73880000	73900000	6376	46	13172	6454	0.00721455	0.6586	0.987914
14	73900000	73920000	6576	46	13852	6787	0.00699513	0.6926	0.968911
14	73920000	73940000	10369	47	6349	10610	0.00453274	0.31745	0.977286
14	73940000	73960000	6212	35	12320	6411	0.00563426	0.616	0.96896
14	73960000	73980000	8697	33	10227	8948	0.00379441	0.51135	0.971949
14	73980000	74000000	6341	42	10349	6446	0.00662356	0.51745	0.983711
14	74000000	74020000	0	0	12957	0		0.64785	
14	74020000	74040000	1280	10	13466	1305	0.0078125	0.6733	0.980843
14	74040000	74060000	2439	14	13122	2516	0.00574006	0.6561	0.969396
14	74060000	74080000	5505	34	16338	5812	0.0061762	0.8169	0.947178
14	74080000	74100000	6085	32	14399	6316	0.00525883	0.71995	0.963426
14	74100000	74120000	7358	30	12550	7485	0.00407719	0.6275	0.983033
14	74120000	74140000	8235	32	12576	8383	0.00388585	0.6288	0.982345
14	74140000	74160000	5964	36	15707	6025	0.00603622	0.78535	0.989876
14	74160000	74180000	6747	25	11789	6961	0.00370535	0.58945	0.969257
14	74180000	74200000	12099	42	6393	12154	0.00347136	0.31965	0.995475
14	74200000	74220000	11796	53	8022	11857	0.00449305	0.4011	0.994855
14	74220000	74240000	10906	39	6304	11431	0.00357601	0.3152	0.954072
14	74240000	74260000	11002	70	6569	11354	0.00636248	0.32845	0.968998
14	74260000	74280000	9358	35	13545	9441	0.00374012	0.67725	0.991209
14	74280000	74300000	7021	53	13169	7271	0.00754878	0.65845	0.965617
14	74300000	74320000	7215	31	11735	7346	0.0042966	0.58675	0.982167
14	74320000	74340000	7172	31	14391	7452	0.00432236	0.71955	0.962426
14	74340000	74360000	7942	37	10249	8061	0.00465878	0.51245	0.985238
14	74360000	74380000	9689	30	10475	9751	0.00309629	0.52375	0.993642
14	74380000	74400000	8243	19	11769	8296	0.00230499	0.58845	0.993611
14	74400000	74420000	9598	38	9727	9685	0.00395916	0.48635	0.991017
14	74420000	74440000	10625	38	8018	10768	0.00357647	0.4009	0.98672
14	74440000	74460000	7178	27	11673	7243	0.00376149	0.58365	0.991026
14	74460000	74480000	7637	50	12477	7723	0.00654707	0.62385	0.988864
14	74480000	74500000	6994	23	11817	7149	0.00328853	0.59085	0.978319
14	74500000	74520000	7272	21	12490	7320	0.00288779	0.6245	0.993443
14	74520000	74540000	7440	23	10082	7704	0.0030914	0.5041	0.965732
14	74540000	74560000	7710	37	11888	7768	0.00479896	0.5944	0.992533
14	74560000	74580000	7312	19	12624	7488	0.00259847	0.6312	0.976496
14	74580000	74600000	8890	37	14055	8989	0.00416198	0.70275	0.988987
14	74600000	74620000	11635	49	7166	11712	0.00421143	0.3583	0.993426
14	74620000	74640000	8903	25	10951	9007	0.00280804	0.54755	0.988453
14	74640000	74660000	7546	26	11154	8010	0.00344553	0.5577	0.942072
14	74660000	74680000	9728	43	5169	12942	0.00442023	0.25845	0.751661
14	74680000	74700000	10970	60	8177	11625	0.00546946	0.40885	0.943656
14	74700000	74720000	11470	61	6336	11792	0.00531822	0.3168	0.972693
14	74720000	74740000	9821	47	8894	9950	0.00478566	0.4447	0.987035
14	74740000	74760000	5992	22	8771	10890	0.00367156	0.43855	0.55023
14	74760000	74780000	7702	39	11509	7922	0.00506362	0.57545	0.972229
14	74780000	74800000	6018	30	15055	7303	0.00498504	0.75275	0.824045
14	74800000	74820000	8180	34	11813	8455	0.00415648	0.59065	0.967475
14	74820000	74840000	7796	38	11656	9563	0.00487429	0.5828	0.815225
14	74840000	74860000	6660	31	15729	6730	0.00465465	0.78645	0.989599
14	74860000	74880000	13206	63	7130	13336	0.00477056	0.3565	0.990252
14	74880000	74900000	11979	57	9204	12637	0.00475833	0.4602	0.947931
14	74900000	74920000	9153	35	15808	9216	0.00382388	0.7904	0.993164
14	74920000	74940000	10598	47	9492	11206	0.0044348	0.4746	0.945743
14	74940000	74960000	11631	52	4769	11708	0.00447081	0.23845	0.993423
14	74960000	74980000	13241	60	2370	13497	0.00453138	0.1185	0.981033
14	74980000	75000000	14364	80	5793	14483	0.00556948	0.28965	0.991783
14	75000000	75020000	12187	50	6823	13559	0.00410273	0.34115	0.898813
14	75020000	75040000	11675	50	8941	12307	0.00428266	0.44705	0.948647
14	75040000	75060000	13676	67	8995	13773	0.00489909	0.44975	0.992957
14	75060000	75080000	12303	70	7998	12466	0.00568967	0.3999	0.986924
14	75080000	75100000	11484	43	9247	11756	0.00374434	0.46235	0.976863
14	75100000	75120000	13017	52	8043	13218	0.00399478	0.40215	0.984793
14	75120000	75140000	12969	50	3985	13089	0.00385535	0.19925	0.990832
14	75140000	75160000	10229	38	9385	10295	0.00371493	0.46925	0.993589
14	75160000	75180000	9358	53	10974	9417	0.0056636	0.5487	0.993735
14	75180000	75200000	6208	26	13180	6268	0.00418814	0.659	0.990428
14	75200000	75220000	5331	20	15393	5357	0.00375164	0.76965	0.995147
14	75220000	75240000	8121	32	13168	8212	0.0039404	0.6584	0.988919
14	75240000	75260000	10043	57	11151	10140	0.00567559	0.55755	0.990434
14	75260000	75280000	11103	38	9073	11214	0.0034225	0.45365	0.990102
14	75280000	75300000	11892	35	7703	11983	0.00294316	0.38515	0.992406
14	75300000	75320000	12042	48	6422	12121	0.00398605	0.3211	0.993482
14	75320000	75340000	12118	66	8915	12216	0.00544644	0.44575	0.991978
14	75340000	75360000	9266	47	8970	9353	0.00507231	0.4485	0.990698
14	75360000	75380000	11863	73	3393	11959	0.00615359	0.16965	0.991973
14	75380000	75400000	10586	58	11279	10658	0.00547893	0.56395	0.993245
14	75400000	75420000	13423	58	7674	13791	0.00432094	0.3837	0.973316
14	75420000	75440000	11085	54	9209	11342	0.00487145	0.46045	0.977341
14	75440000	75460000	12234	52	7754	12344	0.00425045	0.3877	0.991089
14	75460000	75480000	9700	43	11365	9776	0.00443299	0.56825	0.992226
14	75480000	75500000	6591	38	9620	11001	0.00576544	0.481	0.599127
14	75500000	75520000	11040	41	7324	11141	0.00371377	0.3662	0.990934
14	75520000	75540000	10139	29	9212	10256	0.00286024	0.4606	0.988592
14	75540000	75560000	10515	46	9595	10578	0.0043747	0.47975	0.994044
14	75560000	75580000	10127	48	9533	10213	0.0047398	0.47665	0.991579
14	75580000	75600000	9129	66	6581	9285	0.00722971	0.32905	0.983199
14	75600000	75620000	8436	41	8468	8488	0.00486012	0.4234	0.993874
14	75620000	75640000	9138	41	12684	9368	0.00448676	0.6342	0.975448
14	75640000	75660000	8033	56	13149	8103	0.00697124	0.65745	0.991361
14	75660000	75680000	9280	62	12440	9418	0.00668103	0.622	0.985347
14	75680000	75700000	8160	59	12856	9033	0.00723039	0.6428	0.903354
14	75700000	75720000	9093	44	9460	9659	0.00483889	0.473	0.941402
14	75720000	75740000	9639	50	8804	9705	0.00518726	0.4402	0.993199
14	75740000	75760000	11177	42	6936	11234	0.00375772	0.3468	0.994926
14	75760000	75780000	7616	25	11423	8298	0.00328256	0.57115	0.917812
14	75780000	75800000	10722	50	11403	11034	0.00466331	0.57015	0.971724
14	75800000	75820000	12170	53	10675	12262	0.00435497	0.53375	0.992497
14	75820000	75840000	11847	58	9599	11927	0.00489575	0.47995	0.993293
14	75840000	75860000	8723	55	15848	8802	0.00630517	0.7924	0.991025
14	75860000	75880000	11796	63	10438	11885	0.00534079	0.5219	0.992512
14	75880000	75900000	11224	49	7394	11336	0.00436565	0.3697	0.99012
14	75900000	75920000	13628	77	6137	13730	0.00565013	0.30685	0.992571
14	75920000	75940000	12824	63	6544	13998	0.00491266	0.3272	0.916131
14	75940000	75960000	10174	62	11587	10376	0.00609397	0.57935	0.980532
14	75960000	75980000	10571	66	11860	10683	0.0062435	0.593	0.989516
14	75980000	76000000	13114	66	7699	13198	0.00503279	0.38495	0.993635
14	76000000	76020000	11548	67	9640	11630	0.00580187	0.482	0.992949
14	76020000	76040000	10552	77	10047	11254	0.00729719	0.50235	0.937622
14	76040000	76060000	5250	33	14436	7661	0.00628571	0.7218	0.685289
14	76060000	76080000	9881	70	11580	9990	0.0070843	0.579	0.989089
14	76080000	76100000	11596	62	8734	12232	0.00534667	0.4367	0.948005
14	76100000	76120000	12106	61	6914	12386	0.00503882	0.3457	0.977394
14	76120000	76140000	10920	40	8949	11012	0.003663	0.44745	0.991645
14	76140000	76160000	11868	75	11383	11966	0.00631951	0.56915	0.99181
14	76160000	76180000	12216	50	6453	12286	0.00409299	0.32265	0.994302
14	76180000	76200000	12597	42	5935	12677	0.00333413	0.29675	0.993689
14	76200000	76220000	12378	53	8698	12630	0.00428179	0.4349	0.980048
14	76220000	76240000	11490	51	10317	12087	0.00443864	0.51585	0.950608
14	76240000	76260000	11410	58	10113	11505	0.00508326	0.50565	0.991743
14	76260000	76280000	8429	45	11706	8483	0.00533871	0.5853	0.993634
14	76280000	76300000	12925	60	6150	13023	0.00464217	0.3075	0.992475
14	76300000	76320000	11250	45	10012	11325	0.004	0.5006	0.993377
14	76320000	76340000	11865	67	9756	11996	0.00564686	0.4878	0.98908
14	76340000	76360000	12292	45	6542	12406	0.00366092	0.3271	0.990811
14	76360000	76380000	12764	80	7812	12864	0.00626763	0.3906	0.992226
14	76380000	76400000	7338	45	14034	7556	0.00613246	0.7017	0.971149
14	76400000	76420000	10822	62	14161	10958	0.00572907	0.70805	0.987589
14	76420000	76440000	13382	75	5202	13519	0.00560454	0.2601	0.989866
14	76440000	76460000	12303	58	7402	12385	0.0047143	0.3701	0.993379
14	76460000	76480000	12642	49	10235	12711	0.00387597	0.51175	0.994572
14	76480000	76500000	9052	43	14468	9117	0.00475033	0.7234	0.99287
14	76500000	76520000	11010	42	6694	12664	0.00381471	0.3347	0.869394
14	76520000	76540000	11981	60	8128	12636	0.00500793	0.4064	0.948164
14	76540000	76560000	14442	60	4040	14551	0.00415455	0.202	0.992509
14	76560000	76580000	13179	75	8181	13293	0.00569087	0.40905	0.991424
14	76580000	76600000	12414	83	9569	13253	0.006686	0.47845	0.936694
14	76600000	76620000	11265	60	11672	11358	0.00532623	0.5836	0.991812
14	76620000	76640000	14045	53	6607	14189	0.00377358	0.33035	0.989851
14	76640000	76660000	11165	66	7723	11539	0.00591133	0.38615	0.967588
14	76660000	76680000	13441	76	5813	13606	0.00565434	0.29065	0.987873
14	76680000	76700000	11593	60	15265	11780	0.00517554	0.76325	0.984126
14	76700000	76720000	10076	40	9523	11156	0.00396983	0.47615	0.903191
14	76720000	76740000	12047	66	10731	12249	0.00547854	0.53655	0.983509
14	76740000	76760000	11680	76	14080	11921	0.00650685	0.704	0.979784
14	76760000	76780000	11605	94	8966	11744	0.00809996	0.4483	0.988164
14	76780000	76800000	12368	94	5943	12618	0.00760026	0.29715	0.980187
14	76800000	76820000	12843	77	7768	13004	0.00599548	0.3884	0.987619
14	76820000	76840000	12045	63	8442	12444	0.00523039	0.4221	0.967936
14	76840000	76860000	13822	94	2825	13923	0.00680075	0.14125	0.992746
14	76860000	76880000	11612	79	8661	11749	0.00680331	0.43305	0.988339
14	76880000	76900000	8008	33	10627	10852	0.00412088	0.53135	0.737928
14	76900000	76920000	6782	32	11067	9690	0.00471837	0.55335	0.699897
14	76920000	76940000	11100	74	8996	11592	0.00666667	0.4498	0.957557
14	76940000	76960000	12677	86	7109	12783	0.00678394	0.35545	0.991708
14	76960000	76980000	12963	98	6266	13124	0.00755998	0.3133	0.987732
14	76980000	77000000	10584	62	12496	10693	0.0058579	0.6248	0.989806
14	77000000	77020000	9137	68	11191	9735	0.00744227	0.55955	0.938572
14	77020000	77040000	8851	73	13943	8974	0.00824766	0.69715	0.986294
14	77040000	77060000	12710	74	9891	12805	0.00582219	0.49455	0.992581
14	77060000	77080000	10930	71	9925	11153	0.00649588	0.49625	0.980005
14	77080000	77100000	10944	70	13221	11037	0.0063962	0.66105	0.991574
14	77100000	77120000	11205	79	10091	11337	0.00705042	0.50455	0.988357
14	77120000	77140000	12136	95	10077	12253	0.00782795	0.50385	0.990451
14	77140000	77160000	9083	77	12983	9226	0.00847738	0.64915	0.9845
14	77160000	77180000	8970	64	11931	9744	0.00713489	0.59655	0.920567
14	77180000	77200000	10154	55	12398	10315	0.00541658	0.6199	0.984392
14	77200000	77220000	3835	33	18133	3879	0.00860495	0.90665	0.988657
14	77220000	77240000	12338	74	6310	12418	0.00599773	0.3155	0.993558
14	77240000	77260000	13316	63	4401	13416	0.00473115	0.22005	0.992546
14	77260000	77280000	10696	42	10587	10776	0.0039267	0.52935	0.992576
14	77280000	77300000	9974	46	11248	11597	0.00461199	0.5624	0.86005
14	77300000	77320000	8931	44	13016	9303	0.00492666	0.6508	0.960013
14	77320000	77340000	11255	84	8160	11702	0.00746335	0.408	0.961801
14	77340000	77360000	11200	87	10379	11307	0.00776786	0.51895	0.990537
14	77360000	77380000	9043	69	12510	9103	0.00763021	0.6255	0.993409
14	77380000	77400000	11686	92	7091	11784	0.00787267	0.35455	0.991684
14	77400000	77420000	9304	66	10043	9384	0.00709372	0.50215	0.991475
14	77420000	77440000	7529	51	11581	7664	0.00677381	0.57905	0.982385
14	77440000	77460000	7511	44	12968	7662	0.00585807	0.6484	0.980292
14	77460000	77480000	12640	59	8457	12741	0.00466772	0.42285	0.992073
14	77480000	77500000	9298	23	6524	9345	0.00247365	0.3262	0.994971
14	77500000	77520000	9451	33	6786	9507	0.00349169	0.3393	0.99411
14	77520000	77540000	11414	73	8502	11520	0.00639565	0.4251	0.990799
14	77540000	77560000	9963	47	12832	10056	0.00471745	0.6416	0.990752
14	77560000	77580000	11485	43	7700	11652	0.00374401	0.385	0.985668
14	77580000	77600000	13586	69	4733	13750	0.00507876	0.23665	0.988073
14	77600000	77620000	12488	68	7048	12547	0.00544523	0.3524	0.995298
14	77620000	77640000	8803	54	13364	8947	0.00613427	0.6682	0.983905
14	77640000	77660000	10285	51	9394	11085	0.00495868	0.4697	0.92783
14	77660000	77680000	13317	72	7651	14383	0.00540662	0.38255	0.925885
14	77680000	77700000	11717	73	10594	12000	0.00623026	0.5297	0.976417
14	77700000	77720000	12284	66	4600	12565	0.00537284	0.23	0.977636
14	77720000	77740000	13177	93	6470	13628	0.00705775	0.3235	0.966906
14	77740000	77760000	13602	93	4814	13681	0.00683723	0.2407	0.994226
14	77760000	77780000	12669	83	7525	12775	0.00655142	0.37625	0.991703
14	77780000	77800000	11585	69	8900	11666	0.00595598	0.445	0.993057
14	77800000	77820000	11256	65	6717	11372	0.0057747	0.33585	0.9898
14	77820000	77840000	9801	40	14484	9991	0.00408122	0.7242	0.980983
14	77840000	77860000	8551	45	10239	9722	0.00526254	0.51195	0.879552
14	77860000	77880000	7689	38	14318	8148	0.00494213	0.7159	0.943667
14	77880000	77900000	8951	54	12138	9052	0.00603285	0.6069	0.988842
14	77900000	77920000	10240	60	9466	10330	0.00585938	0.4733	0.991288
14	77920000	77940000	10569	61	6720	10653	0.0057716	0.336	0.992115
14	77940000	77960000	9882	60	9398	10380	0.00607165	0.4699	0.952023
14	77960000	77980000	8247	42	9935	8569	0.00509276	0.49675	0.962423
14	77980000	78000000	7910	42	10747	9557	0.00530973	0.53735	0.827666
14	78000000	78020000	8921	57	8948	9127	0.00638942	0.4474	0.97743
14	78020000	78040000	7932	39	13144	8009	0.00491679	0.6572	0.990386
14	78040000	78060000	4759	30	12453	8057	0.00630385	0.62265	0.590667
14	78060000	78080000	5891	41	8859	9453	0.00695977	0.44295	0.623188
14	78080000	78100000	8137	52	12213	8223	0.00639056	0.61065	0.989542
14	78100000	78120000	6881	42	13545	7175	0.00610376	0.67725	0.959024
14	78120000	78140000	7777	41	11483	9222	0.00527196	0.57415	0.843309
14	78140000	78160000	9500	43	8987	9584	0.00452632	0.44935	0.991235
14	78160000	78180000	9713	32	10410	10113	0.00329455	0.5205	0.960447
14	78180000	78200000	6643	34	11597	7055	0.00511817	0.57985	0.941602
14	78200000	78220000	8903	41	9652	8988	0.00460519	0.4826	0.990543
14	78220000	78240000	7856	45	12852	7929	0.00572811	0.6426	0.990793
14	78240000	78260000	6421	47	15764	6646	0.00731973	0.7882	0.966145
14	78260000	78280000	6312	23	14532	6509	0.00364385	0.7266	0.969734
14	78280000	78300000	7829	36	11887	7904	0.00459829	0.59435	0.990511
14	78300000	78320000	9284	43	13719	9349	0.00463162	0.68595	0.993047
14	78320000	78340000	11985	70	8347	12558	0.00584063	0.41735	0.954372
14	78340000	78360000	13336	93	7972	13495	0.00697361	0.3986	0.988218
14	78360000	78380000	11857	71	7604	11957	0.00598802	0.3802	0.991637
14	78380000	78400000	11762	65	11278	11845	0.00552627	0.5639	0.992993
14	78400000	78420000	10549	62	10483	10622	0.00587733	0.52415	0.993127
14	78420000	78440000	10707	66	13135	10830	0.00616419	0.65675	0.988643
14	78440000	78460000	11729	77	9303	11832	0.00656492	0.46515	0.991295
14	78460000	78480000	9194	54	14631	9298	0.0058734	0.73155	0.988815
14	78480000	78500000	11258	54	12645	11359	0.00479659	0.63225	0.991108
14	78500000	78520000	9933	74	14519	10036	0.00744991	0.72595	0.989737
14	78520000	78540000	10293	82	12804	10394	0.00796658	0.6402	0.990283
14	78540000	78560000	13220	117	7729	13811	0.00885023	0.38645	0.957208
14	78560000	78580000	10516	76	12929	10625	0.00722708	0.64645	0.989741
14	78580000	78600000	11683	68	10009	12159	0.00582042	0.50045	0.960852
14	78600000	78620000	13754	70	6759	13882	0.00508943	0.33795	0.990779
14	78620000	78640000	13489	77	4692	13608	0.00570835	0.2346	0.991255
14	78640000	78660000	12405	68	7115	13321	0.00548166	0.35575	0.931236
14	78660000	78680000	14081	73	8053	14200	0.00518429	0.40265	0.99162
14	78680000	78700000	11712	58	8822	11798	0.00495219	0.4411	0.992711
14	78700000	78720000	13659	55	6085	13780	0.00402665	0.30425	0.991219
14	78720000	78740000	13497	79	6508	13597	0.00585315	0.3254	0.992645
14	78740000	78760000	13815	84	7547	13940	0.00608035	0.37735	0.991033
14	78760000	78780000	14151	65	3756	14256	0.00459331	0.1878	0.992635
14	78780000	78800000	11995	88	5745	14423	0.00733639	0.28725	0.831658
14	78800000	78820000	14196	51	7090	14322	0.00359256	0.3545	0.991202
14	78820000	78840000	13120	61	7173	13217	0.00464939	0.35865	0.992661
14	78840000	78860000	12542	44	10542	12648	0.00350821	0.5271	0.991619
14	78860000	78880000	14172	75	9698	14322	0.00529213	0.4849	0.989527
14	78880000	78900000	13496	90	7891	13659	0.00666864	0.39455	0.988066
14	78900000	78920000	13530	75	7033	13675	0.00554324	0.35165	0.989397
14	78920000	78940000	12747	61	8481	12861	0.00478544	0.42405	0.991136
14	78940000	78960000	13234	76	5587	13337	0.00574278	0.27935	0.992277
14	78960000	78980000	14130	104	6512	14267	0.00736023	0.3256	0.990397
14	78980000	79000000	14559	89	4709	14714	0.00611306	0.23545	0.989466
14	79000000	79020000	9542	80	12006	9642	0.00838399	0.6003	0.989629
14	79020000	79040000	13304	73	8362	13434	0.00548707	0.4181	0.990323
14	79040000	79060000	13762	98	7716	13902	0.00712106	0.3858	0.98993
14	79060000	79080000	14128	89	4160	14254	0.00629955	0.208	0.99116
14	79080000	79100000	12044	78	7215	12178	0.00647625	0.36075	0.988997
14	79100000	79120000	14179	91	3499	14291	0.00641794	0.17495	0.992163
14	79120000	79140000	12840	89	9309	12954	0.00693146	0.46545	0.9912
14	79140000	79160000	12236	63	8920	12343	0.00514874	0.446	0.991331
14	79160000	79180000	13768	88	6626	13885	0.00639163	0.3313	0.991574
14	79180000	79200000	13239	59	5777	13355	0.00445653	0.28885	0.991314
14	79200000	79220000	14139	67	6977	14251	0.00473867	0.34885	0.992141
14	79220000	79240000	12145	82	8437	12310	0.00675175	0.42185	0.986596
14	79240000	79260000	13538	71	9915	13691	0.0052445	0.49575	0.988825
14	79260000	79280000	10979	78	8652	11093	0.00710447	0.4326	0.989723
14	79280000	79300000	12871	50	5789	12970	0.0038847	0.28945	0.992367
14	79300000	79320000	14414	80	5528	14528	0.00555016	0.2764	0.992153
14	79320000	79340000	12821	76	7688	12986	0.00592777	0.3844	0.987294
14	79340000	79360000	11677	78	8431	11786	0.0066798	0.42155	0.990752
14	79360000	79380000	11851	50	9784	12054	0.00421905	0.4892	0.983159
14	79380000	79400000	11848	78	9502	12160	0.00658339	0.4751	0.974342
14	79400000	79420000	14111	86	6620	14231	0.00609454	0.331	0.991568
14	79420000	79440000	13394	64	4620	13523	0.00477826	0.231	0.990461
14	79440000	79460000	13226	100	6136	13349	0.00756086	0.3068	0.990786
14	79460000	79480000	12801	84	5226	12929	0.00656199	0.2613	0.9901
14	79480000	79500000	12769	64	7096	13080	0.00501214	0.3548	0.976223
14	79500000	79520000	13438	76	7123	13594	0.0056556	0.35615	0.988524
14	79520000	79540000	12191	73	7781	12331	0.00598802	0.38905	0.988647
14	79540000	79560000	14129	88	4328	14278	0.00622832	0.2164	0.989564
14	79560000	79580000	13747	84	4820	13883	0.00611042	0.241	0.990204
14	79580000	79600000	9999	75	10569	10105	0.00750075	0.52845	0.98951
14	79600000	79620000	13640	89	4721	13774	0.00652493	0.23605	0.990272
14	79620000	79640000	13838	83	4332	13951	0.00599798	0.2166	0.9919
14	79640000	79660000	12491	38	5296	12677	0.00304219	0.2648	0.985328
14	79660000	79680000	13818	79	6190	13922	0.00571718	0.3095	0.99253
14	79680000	79700000	11301	64	8593	11392	0.00566322	0.42965	0.992012
14	79700000	79720000	12724	58	7955	13196	0.00455831	0.39775	0.964232
14	79720000	79740000	10887	59	6490	12237	0.00541931	0.3245	0.889679
14	79740000	79760000	13271	70	3717	13392	0.00527466	0.18585	0.990965
14	79760000	79780000	9727	81	11106	9817	0.00832734	0.5553	0.990832
14	79780000	79800000	12157	73	6398	12274	0.00600477	0.3199	0.990468
14	79800000	79820000	12676	78	6374	12805	0.00615336	0.3187	0.989926
14	79820000	79840000	11533	76	4745	11667	0.00658979	0.23725	0.988515
14	79840000	79860000	9021	79	9623	9113	0.00875734	0.48115	0.989905
14	79860000	79880000	13920	92	6131	14059	0.0066092	0.30655	0.990113
14	79880000	79900000	13644	87	5906	13835	0.00637643	0.2953	0.986194
14	79900000	79920000	12562	72	6305	12875	0.00573157	0.31525	0.975689
14	79920000	79940000	12805	78	5341	13028	0.00609137	0.26705	0.982883
14	79940000	79960000	12783	81	6227	12881	0.00633654	0.31135	0.992392
14	79960000	79980000	13386	90	7702	13510	0.00672344	0.3851	0.990822
14	79980000	80000000	12124	103	8909	12259	0.00849555	0.44545	0.988988
14	80000000	80020000	11414	67	9821	11685	0.00586998	0.49105	0.976808
14	80020000	80040000	12858	102	5718	12968	0.0079328	0.2859	0.991518
14	80040000	80060000	12580	90	6595	12678	0.00715421	0.32975	0.99227
14	80060000	80080000	12262	89	6615	12507	0.0072582	0.33075	0.980411
14	80080000	80100000	12652	83	7978	12762	0.00656023	0.3989	0.991381
14	80100000	80120000	13444	81	6832	13564	0.00602499	0.3416	0.991153
14	80120000	80140000	14600	86	4167	14764	0.00589041	0.20835	0.988892
14	80140000	80160000	14528	76	3690	14655	0.00523128	0.1845	0.991334
14	80160000	80180000	13383	77	5874	13502	0.00575357	0.2937	0.991186
14	80180000	80200000	13723	72	4689	13850	0.00524667	0.23445	0.99083
14	80200000	80220000	10510	66	7819	10815	0.00627973	0.39095	0.971798
14	80220000	80240000	3553	20	10433	3581	0.00562905	0.52165	0.992181
14	80240000	80260000	11479	58	5936	11581	0.0050527	0.2968	0.991192
14	80260000	80280000	12779	100	4729	12914	0.00782534	0.23645	0.989546
14	80280000	80300000	12915	97	5694	13036	0.00751065	0.2847	0.990718
14	80300000	80320000	12589	62	7495	12710	0.00492493	0.37475	0.99048
14	80320000	80340000	12959	67	3695	13058	0.00517015	0.18475	0.992418
14	80340000	80360000	12739	66	7827	12893	0.00518094	0.39135	0.988056
14	80360000	80380000	11601	71	9931	11874	0.00612016	0.49655	0.977009
14	80380000	80400000	13498	65	13278	13595	0.00481553	0.6639	0.992865
14	80400000	80420000	11262	82	9307	11376	0.00728112	0.46535	0.989979
14	80420000	80440000	8210	74	13338	8293	0.0090134	0.6669	0.989992
14	80440000	80460000	11722	107	10682	11850	0.00912814	0.5341	0.989198
14	80460000	80480000	13611	107	6122	13764	0.00786129	0.3061	0.988884
14	80480000	80500000	6621	39	13364	8362	0.00589035	0.6682	0.791796
14	80500000	80520000	6891	37	17737	6965	0.00536932	0.88685	0.989375
14	80520000	80540000	10876	77	12038	11977	0.00707981	0.6019	0.908074
14	80540000	80560000	10209	65	11211	10321	0.00636693	0.56055	0.989148
14	80560000	80580000	12428	74	6062	12539	0.0059543	0.3031	0.991148
14	80580000	80600000	11667	97	10276	11762	0.00831405	0.5138	0.991923
14	80600000	80620000	14161	81	7194	14282	0.00571994	0.3597	0.991528
14	80620000	80640000	14018	87	7288	14139	0.00620631	0.3644	0.991442
14	80640000	80660000	10971	66	11849	11149	0.00601586	0.59245	0.984034
14	80660000	80680000	12820	59	3251	12898	0.00460218	0.16255	0.993953
14	80680000	80700000	8837	45	9437	8929	0.00509223	0.47185	0.989696
14	80700000	80720000	8011	46	17326	8081	0.0057421	0.8663	0.991338
14	80720000	80740000	13095	61	9515	13199	0.00465827	0.47575	0.992121
14	80740000	80760000	11512	62	9999	11621	0.00538568	0.49995	0.99062
14	80760000	80780000	12715	77	7704	12823	0.00605584	0.3852	0.991578
14	80780000	80800000	11799	82	11321	11915	0.00694974	0.56605	0.990264
14	80800000	80820000	11323	69	9032	11418	0.00609379	0.4516	0.99168
14	80820000	80840000	10791	67	10356	10890	0.00620888	0.5178	0.990909
14	80840000	80860000	12601	46	4832	12813	0.0036505	0.2416	0.983454
14	80860000	80880000	11713	62	11187	11832	0.00529326	0.55935	0.989943
14	80880000	80900000	12955	94	10033	13370	0.00725589	0.50165	0.96896
14	80900000	80920000	5073	48	16414	5212	0.00946186	0.8207	0.973331
14	80920000	80940000	8152	58	12731	8247	0.00711482	0.63655	0.988481
14	80940000	80960000	9188	84	8707	9267	0.00914236	0.43535	0.991475
14	80960000	80980000	10652	69	9850	10754	0.00647766	0.4925	0.990515
14	80980000	81000000	11661	79	8458	11799	0.00677472	0.4229	0.988304
14	81000000	81020000	12844	56	8167	12934	0.00436001	0.40835	0.993042
14	81020000	81040000	11559	75	6819	11680	0.00648845	0.34095	0.98964
14	81040000	81060000	12024	60	7604	12141	0.00499002	0.3802	0.990363
14	81060000	81080000	10504	43	12806	10595	0.00409368	0.6403	0.991411
14	81080000	81100000	10326	71	11123	10424	0.00687585	0.55615	0.990599
14	81100000	81120000	9873	69	11261	10167	0.00698876	0.56305	0.971083
14	81120000	81140000	12307	96	6932	12432	0.00780044	0.3466	0.989945
14	81140000	81160000	9707	68	12531	9800	0.00700525	0.62655	0.99051
14	81160000	81180000	13121	62	8632	13223	0.00472525	0.4316	0.992286
14	81180000	81200000	12430	65	7124	12516	0.00522928	0.3562	0.993129
14	81200000	81220000	11611	71	9443	11720	0.00611489	0.47215	0.9907
14	81220000	81240000	13005	64	5858	13106	0.00492118	0.2929	0.992294
14	81240000	81260000	13619	90	4770	13783	0.00660841	0.2385	0.988101
14	81260000	81280000	10335	61	12090	10432	0.00590227	0.6045	0.990702
14	81280000	81300000	9266	70	11039	9355	0.0075545	0.55195	0.990486
14	81300000	81320000	13837	47	5850	13970	0.00339669	0.2925	0.99048
14	81320000	81340000	10420	38	12411	10499	0.00364683	0.62055	0.992475
14	81340000	81360000	4331	27	19744	4365	0.00623413	0.9872	0.992211
14	81360000	81380000	12139	78	10717	12265	0.00642557	0.53585	0.989727
14	81380000	81400000	10160	57	11686	10245	0.00561024	0.5843	0.991703
14	81400000	81420000	11384	49	10676	11461	0.00430429	0.5338	0.993282
14	81420000	81440000	12921	71	12179	13036	0.00549493	0.60895	0.991178
14	81440000	81460000	11603	79	10106	11934	0.00680858	0.5053	0.972264
14	81460000	81480000	10462	54	11007	10546	0.00516154	0.55035	0.992035
14	81480000	81500000	9991	48	10246	10059	0.00480432	0.5123	0.99324
14	81500000	81520000	6652	66	16312	6784	0.00992183	0.8156	0.980542
14	81520000	81540000	11202	65	11595	11312	0.00580254	0.57975	0.990276
14	81540000	81560000	12002	74	10172	12129	0.00616564	0.5086	0.989529
14	81560000	81580000	12959	65	8352	13244	0.00501582	0.4176	0.978481
14	81580000	81600000	8360	57	14348	8669	0.00681818	0.7174	0.964356
14	81600000	81620000	12325	73	8366	12407	0.00592292	0.4183	0.993391
14	81620000	81640000	10616	48	12427	10693	0.00452148	0.62135	0.992799
14	81640000	81660000	12077	47	8365	12173	0.00389169	0.41825	0.992114
14	81660000	81680000	10467	26	7866	10552	0.002484	0.3933	0.991945
14	81680000	81700000	9572	46	10556	9656	0.00480568	0.5278	0.991301
14	81700000	81720000	7464	40	16370	8050	0.00535906	0.8185	0.927205
14	81720000	81740000	11332	66	6862	11415	0.00582421	0.3431	0.992729
14	81740000	81760000	11594	48	7927	11711	0.00414007	0.39635	0.990009
14	81760000	81780000	12798	53	8625	12909	0.00414127	0.43125	0.991401
14	81780000	81800000	12216	71	6737	12637	0.00581205	0.33685	0.966685
14	81800000	81820000	11566	89	11121	11649	0.00769497	0.55605	0.992875
14	81820000	81840000	9111	52	13342	9223	0.00570739	0.6671	0.987856
14	81840000	81860000	10882	66	13840	11110	0.00606506	0.692	0.979478
14	81860000	81880000	11497	74	8882	11580	0.00643646	0.4441	0.992832
14	81880000	81900000	12977	86	7160	13079	0.00662711	0.358	0.992201
14	81900000	81920000	11541	75	9691	11646	0.00649857	0.48455	0.990984
14	81920000	81940000	8191	52	9683	9247	0.00634843	0.48415	0.885801
14	81940000	81960000	12801	50	6076	12892	0.00390594	0.3038	0.992941
14	81960000	81980000	11701	45	8645	11819	0.00384583	0.43225	0.990016
14	81980000	82000000	10033	49	12460	10341	0.00488388	0.623	0.970216
14	82000000	82020000	5650	41	15262	5694	0.00725664	0.7631	0.992273
14	82020000	82040000	10880	63	11379	10973	0.00579044	0.56895	0.991525
14	82040000	82060000	11087	75	7551	11205	0.00676468	0.37755	0.989469
14	82060000	82080000	11565	66	8478	11649	0.00570687	0.4239	0.992789
14	82080000	82100000	10941	92	10642	11062	0.00840874	0.5321	0.989062
14	82100000	82120000	10453	83	10821	10542	0.0079403	0.54105	0.991558
14	82120000	82140000	9944	63	10739	10040	0.00633548	0.53695	0.990438
14	82140000	82160000	11867	76	7963	11985	0.00640431	0.39815	0.990154
14	82160000	82180000	11639	72	8013	11726	0.0061861	0.40065	0.992581
14	82180000	82200000	13490	63	6941	13599	0.00467013	0.34705	0.991985
14	82200000	82220000	14060	60	6351	14168	0.00426743	0.31755	0.992377
14	82220000	82240000	11228	38	10855	11707	0.0033844	0.54275	0.959084
14	82240000	82260000	9999	45	10902	10070	0.00450045	0.5451	0.992949
14	82260000	82280000	13035	63	7624	13128	0.00483314	0.3812	0.992916
14	82280000	82300000	11951	78	10410	12046	0.00652665	0.5205	0.992114
14	82300000	82320000	5993	49	15132	6615	0.00817621	0.7566	0.905971
14	82320000	82340000	6951	36	13428	7011	0.00517911	0.6714	0.991442
14	82340000	82360000	11021	55	11231	11121	0.00499047	0.56155	0.991008
14	82360000	82380000	7947	46	15521	8024	0.00578835	0.77605	0.990404
14	82380000	82400000	10130	43	10785	10274	0.00424482	0.53925	0.985984
14	82400000	82420000	11237	50	9536	12411	0.00444959	0.4768	0.905406
14	82420000	82440000	13256	84	10677	13394	0.00633675	0.53385	0.989697
14	82440000	82460000	13818	99	4426	13962	0.00716457	0.2213	0.989686
14	82460000	82480000	12732	80	10101	12862	0.00628338	0.50505	0.989893
14	82480000	82500000	9996	64	14135	10084	0.00640256	0.70675	0.991273
14	82500000	82520000	13593	64	8683	13791	0.00470831	0.43415	0.985643
14	82520000	82540000	9127	55	14134	10129	0.00602608	0.7067	0.901076
14	82540000	82560000	12952	100	8056	13069	0.00772082	0.4028	0.991048
14	82560000	82580000	13817	91	6703	13928	0.00658609	0.33515	0.99203
14	82580000	82600000	14201	98	6087	14345	0.00690092	0.30435	0.989962
14	82600000	82620000	11044	71	9156	11214	0.00642883	0.4578	0.98484
14	82620000	82640000	12053	64	13892	12159	0.00530988	0.6946	0.991282
14	82640000	82660000	12258	85	10394	12368	0.00693425	0.5197	0.991106
14	82660000	82680000	10598	89	10950	10717	0.00839781	0.5475	0.988896
14	82680000	82700000	13863	86	9559	13991	0.00620356	0.47795	0.990851
14	82700000	82720000	11805	91	7881	12192	0.0077086	0.39405	0.968258
14	82720000	82740000	12355	97	10457	12498	0.00785107	0.52285	0.988558
14	82740000	82760000	10671	88	11214	10762	0.00824665	0.5607	0.991544
14	82760000	82780000	10685	53	12240	10767	0.00496022	0.612	0.992384
14	82780000	82800000	11170	47	11785	11305	0.0042077	0.58925	0.988058
14	82800000	82820000	8455	45	12037	8533	0.00532229	0.60185	0.990859
14	82820000	82840000	11089	68	13318	11215	0.0061322	0.6659	0.988765
14	82840000	82860000	11076	78	13035	11216	0.00704225	0.65175	0.987518
14	82860000	82880000	11559	86	8917	12524	0.00744009	0.44585	0.922948
14	82880000	82900000	10880	107	11757	10984	0.00983456	0.58785	0.990532
14	82900000	82920000	13576	95	8268	14514	0.00699764	0.4134	0.935373
14	82920000	82940000	8109	56	14113	8196	0.00690591	0.70565	0.989385
14	82940000	82960000	12026	57	9668	12136	0.00473973	0.4834	0.990936
14	82960000	82980000	11287	59	7272	12244	0.00522725	0.3636	0.921839
14	82980000	83000000	12879	107	8127	13010	0.0083081	0.40635	0.989931
14	83000000	83020000	11802	78	7432	11901	0.00660905	0.3716	0.991681
14	83020000	83040000	13786	94	12300	13979	0.00681851	0.615	0.986194
14	83040000	83060000	12531	71	11070	12677	0.00566595	0.5535	0.988483
14	83060000	83080000	12014	81	7159	12722	0.00674213	0.35795	0.944348
14	83080000	83100000	12456	54	10051	12582	0.00433526	0.50255	0.989986
14	83100000	83120000	12348	49	10008	12462	0.00396825	0.5004	0.990852
14	83120000	83140000	13961	89	4565	14103	0.0063749	0.22825	0.989931
14	83140000	83160000	10397	73	9873	10511	0.00702126	0.49365	0.989154
14	83160000	83180000	10510	63	9151	10612	0.00599429	0.45755	0.990388
14	83180000	83200000	12713	90	8912	12988	0.00707937	0.4456	0.978827
14	83200000	83220000	11038	87	7500	11147	0.00788186	0.375	0.990222
14	83220000	83240000	10944	76	7862	11047	0.00694444	0.3931	0.990676
14	83240000	83260000	13067	97	6116	13196	0.00742328	0.3058	0.990224
14	83260000	83280000	12114	69	5950	12250	0.00569589	0.2975	0.988898
14	83280000	83300000	11716	83	8627	11896	0.00708433	0.43135	0.984869
14	83300000	83320000	13170	86	8820	13315	0.00652999	0.441	0.98911
14	83320000	83340000	12430	106	8121	12562	0.00852776	0.40605	0.989492
14	83340000	83360000	12580	68	8188	12725	0.00540541	0.4094	0.988605
14	83360000	83380000	13777	102	7632	13928	0.00740364	0.3816	0.989159
14	83380000	83400000	11866	96	11182	12000	0.00809034	0.5591	0.988833
14	83400000	83420000	12291	74	7408	12445	0.00602067	0.3704	0.987626
14	83420000	83440000	11071	74	8681	11176	0.00668413	0.43405	0.990605
14	83440000	83460000	12787	107	9945	12935	0.00836787	0.49725	0.988558
14	83460000	83480000	10326	68	10535	10408	0.00658532	0.52675	0.992121
14	83480000	83500000	12299	95	7519	12478	0.00772421	0.37595	0.985655
14	83500000	83520000	11882	74	13483	12098	0.00622791	0.67415	0.982146
14	83520000	83540000	11849	105	11839	12358	0.00886151	0.59195	0.958812
14	83540000	83560000	11738	83	11484	11825	0.00707105	0.5742	0.992643
14	83560000	83580000	12006	78	8307	12262	0.00649675	0.41535	0.979122
14	83580000	83600000	12960	79	6659	13246	0.00609568	0.33295	0.978409
14	83600000	83620000	12276	82	8868	12371	0.0066797	0.4434	0.992321
14	83620000	83640000	7950	59	9158	11825	0.00742138	0.4579	0.672304
14	83640000	83660000	9005	80	14818	10027	0.00888395	0.7409	0.898075
14	83660000	83680000	10602	86	9692	10716	0.00811168	0.4846	0.989362
14	83680000	83700000	10297	88	13826	10407	0.00854618	0.6913	0.98943
14	83700000	83720000	12960	139	8691	13088	0.0107253	0.43455	0.99022
14	83720000	83740000	12410	94	8446	12646	0.00757454	0.4223	0.981338
14	83740000	83760000	11825	91	13865	11954	0.00769556	0.69325	0.989209
14	83760000	83780000	12041	64	8518	12151	0.00531517	0.4259	0.990947
14	83780000	83800000	12852	73	7818	13969	0.00568005	0.3909	0.920037
14	83800000	83820000	11678	89	10797	11850	0.00762117	0.53985	0.985485
14	83820000	83840000	13031	95	9128	13175	0.00729031	0.4564	0.98907
14	83840000	83860000	11225	69	12794	11329	0.00614699	0.6397	0.99082
14	83860000	83880000	13643	97	9663	13784	0.00710987	0.48315	0.989771
14	83880000	83900000	12011	77	5688	12770	0.00641079	0.2844	0.940564
14	83900000	83920000	10662	66	10440	11085	0.00619021	0.522	0.96184
14	83920000	83940000	11518	70	9900	11602	0.00607744	0.495	0.99276
14	83940000	83960000	13101	85	9660	13247	0.00648805	0.483	0.988979
14	83960000	83980000	13058	86	7875	13197	0.006586	0.39375	0.989467
14	83980000	84000000	11748	67	9516	12030	0.0057031	0.4758	0.976559
14	84000000	84020000	12021	82	6979	12163	0.0068214	0.34895	0.988325
14	84020000	84040000	11729	100	8280	11879	0.00852588	0.414	0.987373
14	84040000	84060000	10613	91	10818	10862	0.00857439	0.5409	0.977076
14	84060000	84080000	10923	64	11754	11035	0.0058592	0.5877	0.98985
14	84080000	84100000	11927	76	7203	12040	0.0063721	0.36015	0.990615
14	84100000	84120000	9438	64	10415	9540	0.0067811	0.52075	0.989308
14	84120000	84140000	11417	90	7455	12206	0.00788298	0.37275	0.93536
14	84140000	84160000	12305	87	11796	12450	0.0070703	0.5898	0.988353
14	84160000	84180000	12343	77	12471	12648	0.00623835	0.62355	0.975886
14	84180000	84200000	11338	78	10700	11599	0.00687952	0.535	0.977498
14	84200000	84220000	13364	74	9732	13576	0.00553726	0.4866	0.984384
14	84220000	84240000	14334	101	5407	14520	0.00704618	0.27035	0.98719
14	84240000	84260000	11877	69	6722	12073	0.00580955	0.3361	0.983765
14	84260000	84280000	12422	68	9619	12618	0.00547416	0.48095	0.984467
14	84280000	84300000	13484	89	4828	13641	0.00660042	0.2414	0.988491
14	84300000	84320000	13970	70	5962	14091	0.00501074	0.2981	0.991413
14	84320000	84340000	12906	56	10666	13029	0.00433907	0.5333	0.99056
14	84340000	84360000	12595	77	6452	12726	0.00611354	0.3226	0.989706
14	84360000	84380000	12233	70	8883	12947	0.00572223	0.44415	0.944852
14	84380000	84400000	9888	69	13701	10007	0.00697816	0.68505	0.988108
14	84400000	84420000	8872	36	14129	9021	0.00405771	0.70645	0.983483
14	84420000	84440000	9817	100	12710	10024	0.0101864	0.6355	0.97935
14	84440000	84460000	6314	52	8534	11565	0.00823567	0.4267	0.545958
14	84460000	84480000	13187	76	6564	13299	0.00576325	0.3282	0.991578
14	84480000	84500000	11811	97	8907	11954	0.00821268	0.44535	0.988037
14	84500000	84520000	12017	93	7420	12129	0.00773904	0.371	0.990766
14	84520000	84540000	13926	92	8070	14223	0.00660635	0.4035	0.979118
14	84540000	84560000	11332	62	9605	11434	0.00547123	0.48025	0.991079
14	84560000	84580000	8773	52	12061	8926	0.00592728	0.60305	0.982859
14	84580000	84600000	10668	79	7893	10760	0.00740532	0.39465	0.99145
14	84600000	84620000	12425	97	8423	12541	0.00780684	0.42115	0.99075
14	84620000	84640000	12047	96	4699	12167	0.00796879	0.23495	0.990137
14	84640000	84660000	11047	76	11200	11149	0.0068797	0.56	0.990851
14	84660000	84680000	11857	88	9141	11985	0.00742178	0.45705	0.98932
14	84680000	84700000	13143	64	9001	13261	0.00486951	0.45005	0.991102
14	84700000	84720000	10673	56	7663	11623	0.00524688	0.38315	0.918266
14	84720000	84740000	12893	87	10197	13009	0.00674785	0.50985	0.991083
14	84740000	84760000	12286	80	5813	12876	0.00651148	0.29065	0.954178
14	84760000	84780000	11774	92	8767	11878	0.00781383	0.43835	0.991244
14	84780000	84800000	11182	86	12588	11295	0.00769093	0.6294	0.989996
14	84800000	84820000	10571	89	10029	11062	0.00841926	0.50145	0.955614
14	84820000	84840000	10664	47	11172	10859	0.00440735	0.5586	0.982043
14	84840000	84860000	11542	80	13559	11633	0.00693121	0.67795	0.992177
14	84860000	84880000	11044	88	12102	11168	0.00796813	0.6051	0.988897
14	84880000	84900000	12464	55	8807	12580	0.00441271	0.44035	0.990779
14	84900000	84920000	12181	70	3917	12740	0.00574665	0.19585	0.956122
14	84920000	84940000	13467	42	4543	13559	0.00311873	0.22715	0.993215
14	84940000	84960000	13316	60	7434	13441	0.00450586	0.3717	0.9907
14	84960000	84980000	6329	42	14307	6452	0.00663612	0.71535	0.980936
14	84980000	85000000	10277	42	10693	10457	0.0040868	0.53465	0.982787
14	85000000	85020000	14390	76	4273	14498	0.00528145	0.21365	0.992551
14	85020000	85040000	9136	78	14247	9248	0.00853765	0.71235	0.987889
14	85040000	85060000	12486	46	7358	12570	0.00368413	0.3679	0.993317
14	85060000	85080000	10583	62	14844	10690	0.00585845	0.7422	0.989991
14	85080000	85100000	11757	77	8970	11865	0.00654929	0.4485	0.990898
14	85100000	85120000	9855	60	11955	9950	0.00608828	0.59775	0.990452
14	85120000	85140000	7564	48	12644	8214	0.00634585	0.6322	0.920867
14	85140000	85160000	11184	66	9226	11283	0.00590129	0.4613	0.991226
14	85160000	85180000	12350	83	7004	12546	0.00672065	0.3502	0.984377
14	85180000	85200000	9313	62	14932	9457	0.00665736	0.7466	0.984773
14	85200000	85220000	12892	86	8289	13021	0.0066708	0.41445	0.990093
14	85220000	85240000	11948	82	9660	12056	0.00686307	0.483	0.991042
14	85240000	85260000	12033	79	9306	12245	0.00656528	0.4653	0.982687
14	85260000	85280000	12921	94	7412	13017	0.00727498	0.3706	0.992625
14	85280000	85300000	13658	84	5896	13781	0.00615024	0.2948	0.991075
14	85300000	85320000	13089	98	7978	13208	0.0074872	0.3989	0.99099
14	85320000	85340000	13513	83	8511	13622	0.00614223	0.42555	0.991998
14	85340000	85360000	11868	89	13286	11975	0.00749916	0.6643	0.991065
14	85360000	85380000	8589	69	12363	8698	0.00803353	0.61815	0.987468
14	85380000	85400000	13478	80	8876	13897	0.0059356	0.4438	0.96985
14	85400000	85420000	9918	65	8382	10028	0.00655374	0.4191	0.989031
14	85420000	85440000	13246	107	7267	13376	0.00807791	0.36335	0.990281
14	85440000	85460000	13230	80	6465	13374	0.00604686	0.32325	0.989233
14	85460000	85480000	12589	102	10094	12715	0.00810231	0.5047	0.99009
14	85480000	85500000	9240	88	12627	9353	0.00952381	0.63135	0.987918
14	85500000	85520000	11314	80	10129	11420	0.00707089	0.50645	0.990718
14	85520000	85540000	10780	93	11212	10985	0.00862709	0.5606	0.981338
14	85540000	85560000	11904	70	9005	12112	0.00588038	0.45025	0.982827
14	85560000	85580000	9782	62	9682	11368	0.00633817	0.4841	0.860486
14	85580000	85600000	13278	110	8881	13389	0.00828438	0.44405	0.99171
14	85600000	85620000	10739	51	9750	10845	0.00474905	0.4875	0.990226
14	85620000	85640000	10761	74	9225	10908	0.00687668	0.46125	0.986524
14	85640000	85660000	11968	90	8023	12160	0.00752005	0.40115	0.984211
14	85660000	85680000	10778	70	10454	10896	0.00649471	0.5227	0.98917
14	85680000	85700000	10472	71	10484	10571	0.00677998	0.5242	0.990635
14	85700000	85720000	12818	82	7306	12937	0.00639725	0.3653	0.990802
14	85720000	85740000	11176	74	8539	11269	0.00662133	0.42695	0.991747
14	85740000	85760000	13011	115	7991	13152	0.00883867	0.39955	0.989279
14	85760000	85780000	12408	90	8767	12747	0.00725338	0.43835	0.973406
14	85780000	85800000	14085	86	6561	14173	0.00610579	0.32805	0.993791
14	85800000	85820000	11134	68	8042	11257	0.00610742	0.4021	0.989073
14	85820000	85840000	10291	71	11004	10397	0.00689923	0.5502	0.989805
14	85840000	85860000	13407	87	5200	13513	0.00648915	0.26	0.992156
14	85860000	85880000	13886	68	5354	14010	0.00489702	0.2677	0.991149
14	85880000	85900000	12079	72	6346	12224	0.00596076	0.3173	0.988138
14	85900000	85920000	11987	64	10049	12096	0.00533912	0.50245	0.990989
14	85920000	85940000	12245	76	6700	12400	0.00620661	0.335	0.9875
14	85940000	85960000	11887	65	8089	12074	0.00546816	0.40445	0.984512
14	85960000	85980000	11347	69	10249	11684	0.0060809	0.51245	0.971157
14	85980000	86000000	13749	67	3656	13966	0.00487308	0.1828	0.984462
14	86000000	86020000	13522	63	4086	13632	0.00465907	0.2043	0.991931
14	86020000	86040000	12351	112	4478	12454	0.00906809	0.2239	0.99173
14	86040000	86060000	12526	86	4849	12672	0.00686572	0.24245	0.988479
14	86060000	86080000	12824	72	6131	12945	0.00561447	0.30655	0.990653
14	86080000	86100000	13166	79	3435	13339	0.0060003	0.17175	0.987031
14	86100000	86120000	12908	64	9349	13013	0.00495817	0.46745	0.991931
14	86120000	86140000	12353	92	6032	12485	0.00744758	0.3016	0.989427
14	86140000	86160000	12183	85	8644	12292	0.00697694	0.4322	0.991132
14	86160000	86180000	13624	63	9667	13766	0.00462419	0.48335	0.989685
14	86180000	86200000	10927	55	10544	11326	0.0050334	0.5272	0.964771
14	86200000	86220000	9226	46	12751	9319	0.00498591	0.63755	0.99002
14	86220000	86240000	12288	50	10460	12472	0.00406901	0.523	0.985247
14	86240000	86260000	12060	69	9318	12182	0.00572139	0.4659	0.989985
14	86260000	86280000	10491	66	8539	10578	0.00629111	0.42695	0.991775
14	86280000	86300000	11951	101	8947	12054	0.00845118	0.44735	0.991455
14	86300000	86320000	10123	72	8908	10226	0.00711252	0.4454	0.989928
14	86320000	86340000	13510	73	6310	13666	0.0054034	0.3155	0.988585
14	86340000	86360000	10045	77	8445	10177	0.00766551	0.42225	0.98703
14	86360000	86380000	9344	51	13019	9445	0.00545805	0.65095	0.989307
14	86380000	86400000	9159	59	12666	9277	0.00644175	0.6333	0.98728
14	86400000	86420000	11305	74	13501	11432	0.00654578	0.67505	0.988891
14	86420000	86440000	10120	76	10096	10271	0.00750988	0.5048	0.985298
14	86440000	86460000	12049	79	9409	12153	0.00655656	0.47045	0.991442
14	86460000	86480000	13942	114	7503	14094	0.00817673	0.37515	0.989215
14	86480000	86500000	9473	78	12719	11566	0.00823393	0.63595	0.819039
14	86500000	86520000	9503	86	12406	9607	0.00904977	0.6203	0.989175
14	86520000	86540000	12516	95	6362	12768	0.00759028	0.3181	0.980263
14	86540000	86560000	8599	66	10362	8673	0.00767531	0.5181	0.991468
14	86560000	86580000	4899	39	14296	4972	0.00796081	0.7148	0.985318
14	86580000	86600000	10180	70	12526	10331	0.00687623	0.6263	0.985384
14	86600000	86620000	11663	79	12442	11802	0.00677356	0.6221	0.988222
14	86620000	86640000	10774	99	9807	10955	0.00918879	0.49035	0.983478
14	86640000	86660000	9368	58	11165	9555	0.00619129	0.55825	0.980429
14	86660000	86680000	11007	47	8872	11115	0.00427001	0.4436	0.990283
14	86680000	86700000	12651	95	10954	12824	0.00750929	0.5477	0.98651
14	86700000	86720000	8651	62	15121	8751	0.0071668	0.75605	0.988573
14	86720000	86740000	7584	45	15980	7654	0.00593354	0.799	0.990854
14	86740000	86760000	12140	72	7245	12298	0.00593081	0.36225	0.987152
14	86760000	86780000	10582	75	9349	10689	0.00708751	0.46745	0.98999
14	86780000	86800000	9789	68	8688	9900	0.00694657	0.4344	0.988788
14	86800000	86820000	10799	69	11842	10894	0.00638948	0.5921	0.99128
14	86820000	86840000	10231	105	9890	10337	0.0102629	0.4945	0.989746
14	86840000	86860000	11418	86	12573	11559	0.00753197	0.62865	0.987802
14	86860000	86880000	11436	93	5956	11556	0.00813221	0.2978	0.989616
14	86880000	86900000	10891	80	8795	11217	0.00734551	0.43975	0.970937
14	86900000	86920000	11789	100	6483	12282	0.00848248	0.32415	0.95986
14	86920000	86940000	11416	109	6502	11637	0.009548	0.3251	0.981009
14	86940000	86960000	11658	71	10500	11981	0.00609024	0.525	0.973041
14	86960000	86980000	11901	58	13644	12004	0.00487354	0.6822	0.99142
14	86980000	87000000	14172	89	8748	14325	0.00627999	0.4374	0.989319
14	87000000	87020000	12217	91	5767	12336	0.00744864	0.28835	0.990353
14	87020000	87040000	10416	67	12425	10509	0.00643241	0.62125	0.99115
14	87040000	87060000	10352	98	11464	10472	0.00946677	0.5732	0.988541
14	87060000	87080000	9133	57	11393	9496	0.0062411	0.56965	0.961773
14	87080000	87100000	12394	91	9797	12523	0.00734226	0.48985	0.989699
14	87100000	87120000	10232	97	13225	10343	0.00948006	0.66125	0.989268
14	87120000	87140000	12734	60	7510	12860	0.0047118	0.3755	0.990202
14	87140000	87160000	12602	92	12380	12767	0.00730043	0.619	0.987076
14	87160000	87180000	11791	115	7940	11954	0.0097532	0.397	0.986364
14	87180000	87200000	12262	123	7697	12408	0.010031	0.38485	0.988233
14	87200000	87220000	3697	50	18434	3836	0.0135245	0.9217	0.963764
14	87220000	87240000	10588	66	11619	10761	0.00623347	0.58095	0.983923
14	87240000	87260000	9642	72	12695	9767	0.00746733	0.63475	0.987202
14	87260000	87280000	10427	65	10860	10519	0.00623382	0.543	0.991254
14	87280000	87300000	12330	98	10461	12469	0.00794809	0.52305	0.988852
14	87300000	87320000	12172	74	7631	12265	0.00607953	0.38155	0.992417
14	87320000	87340000	11450	71	8830	11549	0.00620087	0.4415	0.991428
14	87340000	87360000	8860	52	10054	8973	0.00586907	0.5027	0.987407
14	87360000	87380000	13273	94	7436	13405	0.00708205	0.3718	0.990153
14	87380000	87400000	11924	69	12438	12043	0.00578665	0.6219	0.990119
14	87400000	87420000	12699	57	8125	12899	0.00448854	0.40625	0.984495
14	87420000	87440000	9840	51	11189	9914	0.00518293	0.55945	0.992536
14	87440000	87460000	9438	40	10822	9521	0.00423819	0.5411	0.991282
14	87460000	87480000	12635	80	7766	12754	0.00633162	0.3883	0.99067
14	87480000	87500000	11731	93	9607	11830	0.00792771	0.48035	0.991631
14	87500000	87520000	12835	78	7902	12960	0.00607713	0.3951	0.990355
14	87520000	87540000	12138	87	7091	12255	0.00716757	0.35455	0.990453
14	87540000	87560000	13058	80	7475	13173	0.00612651	0.37375	0.99127
14	87560000	87580000	12888	81	9634	13063	0.00628492	0.4817	0.986603
14	87580000	87600000	9216	54	11822	9618	0.00585938	0.5911	0.958203
14	87600000	87620000	13474	82	9428	13594	0.00608579	0.4714	0.991173
14	87620000	87640000	11240	59	8798	11367	0.00524911	0.4399	0.988827
14	87640000	87660000	12265	87	6613	12366	0.00709336	0.33065	0.991832
14	87660000	87680000	13098	72	8298	13253	0.00549702	0.4149	0.988305
14	87680000	87700000	11665	60	8890	11765	0.00514359	0.4445	0.9915
14	87700000	87720000	7624	45	14472	7850	0.00590241	0.7236	0.97121
14	87720000	87740000	11833	76	10255	11963	0.00642272	0.51275	0.989133
14	87740000	87760000	10388	74	8766	11276	0.0071236	0.4383	0.921249
14	87760000	87780000	13089	92	7937	13524	0.0070288	0.39685	0.967835
14	87780000	87800000	12808	79	8935	12940	0.00616802	0.44675	0.989799
14	87800000	87820000	13291	82	7253	13420	0.00616959	0.36265	0.990387
14	87820000	87840000	8760	48	12932	8835	0.00547945	0.6466	0.991511
14	87840000	87860000	12761	90	6479	13595	0.00705274	0.32395	0.938654
14	87860000	87880000	14101	62	8293	14221	0.00439685	0.41465	0.991562
14	87880000	87900000	4765	43	16728	4855	0.00902413	0.8364	0.981462
14	87900000	87920000	12458	79	8590	13041	0.00634131	0.4295	0.955295
14	87920000	87940000	13375	76	7768	13511	0.00568224	0.3884	0.989934
14	87940000	87960000	11832	78	8480	13431	0.00659229	0.424	0.880947
14	87960000	87980000	12392	85	9469	12699	0.00685926	0.47345	0.975825
14	87980000	88000000	12353	82	8783	12986	0.00663806	0.43915	0.951255
14	88000000	88020000	12264	76	9310	12381	0.006197	0.4655	0.99055
14	88020000	88040000	10999	83	11039	11091	0.00754614	0.55195	0.991705
14	88040000	88060000	11952	79	9394	12059	0.00660977	0.4697	0.991127
14	88060000	88080000	11550	63	10970	11664	0.00545455	0.5485	0.990226
14	88080000	88100000	11457	67	9493	11537	0.00584795	0.47465	0.993066
14	88100000	88120000	12093	59	8881	12198	0.00487886	0.44405	0.991392
14	88120000	88140000	9687	53	11537	9788	0.00547125	0.57685	0.989681
14	88140000	88160000	13547	74	8200	13661	0.00546246	0.41	0.991655
14	88160000	88180000	14501	81	8954	14639	0.00558582	0.4477	0.990573
14	88180000	88200000	12491	89	8779	12700	0.00712513	0.43895	0.983543
14	88200000	88220000	12563	60	8045	12665	0.00477593	0.40225	0.991946
14	88220000	88240000	11168	50	12090	11268	0.00447708	0.6045	0.991125
14	88240000	88260000	9024	48	14765	9102	0.00531915	0.73825	0.99143
14	88260000	88280000	11725	73	9767	11824	0.00622601	0.48835	0.991627
14	88280000	88300000	11955	68	13753	12055	0.005688	0.68765	0.991705
14	88300000	88320000	14058	89	7549	14169	0.00633091	0.37745	0.992166
14	88320000	88340000	11545	65	10775	11675	0.00563014	0.53875	0.988865
14	88340000	88360000	12849	57	10163	12964	0.00443614	0.50815	0.991129
14	88360000	88380000	11182	75	8741	12330	0.00670721	0.43705	0.906894
14	88380000	88400000	9446	56	15612	9758	0.00592844	0.7806	0.968026
14	88400000	88420000	13679	76	5441	13757	0.00555596	0.27205	0.99433
14	88420000	88440000	10074	46	11108	10160	0.00456621	0.5554	0.991535
14	88440000	88460000	11640	74	6219	12253	0.00635739	0.31095	0.949971
14	88460000	88480000	11796	41	9527	11860	0.00347575	0.47635	0.994604
14	88480000	88500000	12522	66	11902	12656	0.00527072	0.5951	0.989412
14	88500000	88520000	13046	75	11052	13282	0.00574889	0.5526	0.982232
14	88520000	88540000	8665	54	16110	8736	0.00623197	0.8055	0.991873
14	88540000	88560000	12939	89	10726	13054	0.00687843	0.5363	0.99119
14	88560000	88580000	12358	114	13613	12498	0.00922479	0.68065	0.988798
14	88580000	88600000	7900	55	13238	7970	0.00696203	0.6619	0.991217
14	88600000	88620000	11715	100	8088	11834	0.00853606	0.4044	0.989944
14	88620000	88640000	12481	70	7052	12579	0.00560852	0.3526	0.992209
14	88640000	88660000	13516	92	3492	13631	0.00680675	0.1746	0.991563
14	88660000	88680000	12403	76	7198	12530	0.00612755	0.3599	0.989864
14	88680000	88700000	11624	67	8732	11741	0.00576394	0.4366	0.990035
14	88700000	88720000	11708	57	10016	11785	0.00486847	0.5008	0.993466
14	88720000	88740000	11205	62	8340	12983	0.00553324	0.417	0.863052
14	88740000	88760000	11519	44	11185	11905	0.00381978	0.55925	0.967577
14	88760000	88780000	12838	64	9396	13227	0.0049852	0.4698	0.97059
14	88780000	88800000	13756	76	6321	13855	0.00552486	0.31605	0.992855
14	88800000	88820000	11411	74	10406	11522	0.00648497	0.5203	0.990366
14	88820000	88840000	7135	42	14845	7207	0.00588648	0.74225	0.99001
14	88840000	88860000	8696	65	12524	8774	0.0074747	0.6262	0.99111
14	88860000	88880000	5801	30	17704	5872	0.00517152	0.8852	0.987909
14	88880000	88900000	11131	40	9836	11219	0.00359357	0.4918	0.992156
14	88900000	88920000	4413	19	15666	4703	0.00430546	0.7833	0.938337
14	88920000	88940000	8622	38	8883	8723	0.00440733	0.44415	0.988421
14	88940000	88960000	12156	48	5600	12577	0.00394867	0.28	0.966526
14	88960000	88980000	10644	48	10573	10780	0.00450958	0.52865	0.987384
14	88980000	89000000	6874	23	13890	6932	0.00334594	0.6945	0.991633
14	89000000	89020000	11908	50	7380	11990	0.00419886	0.369	0.993161
14	89020000	89040000	9497	47	8191	9551	0.00494893	0.40955	0.994346
14	89040000	89060000	9939	42	12654	10012	0.00422578	0.6327	0.992709
14	89060000	89080000	12421	45	3729	12594	0.0036229	0.18645	0.986263
14	89080000	89100000	12047	40	6308	12202	0.00332033	0.3154	0.987297
14	89100000	89120000	10540	43	8872	10606	0.0040797	0.4436	0.993777
14	89120000	89140000	6841	32	12354	6948	0.00467768	0.6177	0.9846
14	89140000	89160000	8112	34	13216	8184	0.00419132	0.6608	0.991202
14	89160000	89180000	12197	39	7353	12301	0.00319751	0.36765	0.991545
14	89180000	89200000	7989	29	14041	8124	0.00362999	0.70205	0.983383
14	89200000	89220000	12990	36	10819	13085	0.00277136	0.54095	0.99274
14	89220000	89240000	8651	39	17130	9171	0.00450815	0.8565	0.9433
14	89240000	89260000	7454	28	13343	7524	0.00375637	0.66715	0.990696
14	89260000	89280000	8964	40	13572	9046	0.00446229	0.6786	0.990935
14	89280000	89300000	11401	62	7587	11499	0.00543812	0.37935	0.991478
14	89300000	89320000	12861	78	5387	12968	0.00606485	0.26935	0.991749
14	89320000	89340000	11900	68	10302	11982	0.00571429	0.5151	0.993156
14	89340000	89360000	10980	57	10575	11063	0.00519126	0.52875	0.992498
14	89360000	89380000	10582	60	12209	10756	0.00567001	0.61045	0.983823
14	89380000	89400000	11107	60	11219	11291	0.005402	0.56095	0.983704
14	89400000	89420000	11802	50	11799	12177	0.00423657	0.58995	0.969204
14	89420000	89440000	11862	73	10395	11982	0.00615411	0.51975	0.989985
14	89440000	89460000	12799	101	10165	12934	0.00789124	0.50825	0.989562
14	89460000	89480000	13147	78	9698	13279	0.00593291	0.4849	0.990059
14	89480000	89500000	11680	53	9036	12454	0.00453767	0.4518	0.937851
14	89500000	89520000	9563	55	13291	9655	0.00575133	0.66455	0.990471
14	89520000	89540000	10332	77	12570	10817	0.00745257	0.6285	0.955163
14	89540000	89560000	11793	69	10622	11917	0.00585093	0.5311	0.989595
14	89560000	89580000	7587	66	12075	7663	0.00869909	0.60375	0.990082
14	89580000	89600000	12521	58	10184	12633	0.00463222	0.5092	0.991134
14	89600000	89620000	12946	106	8958	13088	0.00818786	0.4479	0.98915
14	89620000	89640000	10019	79	7269	10096	0.00788502	0.36345	0.992373
14	89640000	89660000	13514	81	3836	13635	0.00599378	0.1918	0.991126
14	89660000	89680000	12665	104	6208	12795	0.00821161	0.3104	0.98984
14	89680000	89700000	13089	74	5717	13219	0.0056536	0.28585	0.990166
14	89700000	89720000	13110	101	6776	13250	0.00770404	0.3388	0.989434
14	89720000	89740000	12875	93	6694	13050	0.0072233	0.3347	0.98659
14	89740000	89760000	12081	79	4679	12173	0.00653919	0.23395	0.992442
14	89760000	89780000	9918	72	7992	10085	0.00725953	0.3996	0.983441
14	89780000	89800000	11327	76	8806	11453	0.00670963	0.4403	0.988999
14	89800000	89820000	11062	50	6412	11236	0.00451998	0.3206	0.984514
14	89820000	89840000	9195	65	9125	9407	0.00706906	0.45625	0.977464
14	89840000	89860000	10215	51	11801	10310	0.00499266	0.59005	0.990786
14	89860000	89880000	10141	56	7744	11346	0.00552214	0.3872	0.893795
14	89880000	89900000	8689	50	7798	9250	0.0057544	0.3899	0.939351
14	89900000	89920000	9301	72	9930	9608	0.0077411	0.4965	0.968047
14	89920000	89940000	10439	54	9737	10643	0.00517291	0.48685	0.980832
14	89940000	89960000	11447	51	6624	11741	0.00445532	0.3312	0.97496
14	89960000	89980000	9582	64	9380	10143	0.00667919	0.469	0.944691
14	89980000	90000000	8409	55	14281	8604	0.00654061	0.71405	0.977336
14	90000000	90020000	11425	63	7527	11514	0.00551422	0.37635	0.99227
14	90020000	90040000	10696	55	8337	10814	0.00514211	0.41685	0.989088
14	90040000	90060000	11119	73	11106	11443	0.00656534	0.5553	0.971686
14	90060000	90080000	10703	75	13695	10975	0.00700738	0.68475	0.975216
14	90080000	90100000	12680	51	5840	12795	0.00402208	0.292	0.991012
14	90100000	90120000	11361	51	10021	11448	0.00448904	0.50105	0.9924
14	90120000	90140000	9648	53	11967	9717	0.00549337	0.59835	0.992899
14	90140000	90160000	9415	65	10658	9514	0.00690388	0.5329	0.989594
14	90160000	90180000	10205	80	10971	10279	0.00783929	0.54855	0.992801
14	90180000	90200000	10790	72	10961	10881	0.00667285	0.54805	0.991637
14	90200000	90220000	9380	84	11617	9472	0.00895522	0.58085	0.990287
14	90220000	90240000	9305	53	13367	9504	0.00569586	0.66835	0.979061
14	90240000	90260000	11266	83	11037	11367	0.0073673	0.55185	0.991115
14	90260000	90280000	12274	63	6787	12338	0.0051328	0.33935	0.994813
14	90280000	90300000	11971	45	13874	12072	0.00375908	0.6937	0.991634
14	90300000	90320000	13093	52	11054	13192	0.00397159	0.5527	0.992495
14	90320000	90340000	11681	70	7722	11797	0.00599264	0.3861	0.990167
14	90340000	90360000	9974	58	12278	10095	0.00581512	0.6139	0.988014
14	90360000	90380000	11168	49	10023	11230	0.00438754	0.50115	0.994479
14	90380000	90400000	12265	66	6848	12353	0.00538117	0.3424	0.992876
14	90400000	90420000	10718	61	10923	10816	0.00569136	0.54615	0.990939
14	90420000	90440000	12699	106	7267	12821	0.00834711	0.36335	0.990484
14	90440000	90460000	12060	72	6048	12180	0.00597015	0.3024	0.990148
14	90460000	90480000	10976	41	11064	11124	0.00373542	0.5532	0.986695
14	90480000	90500000	11689	56	7486	11853	0.00479083	0.3743	0.986164
14	90500000	90520000	12638	74	8400	12733	0.00585536	0.42	0.992539
14	90520000	90540000	10917	73	11661	11070	0.00668682	0.58305	0.986179
14	90540000	90560000	7309	36	12582	8857	0.00492543	0.6291	0.825223
14	90560000	90580000	6751	71	9081	9837	0.010517	0.45405	0.686286
14	90580000	90600000	9047	75	14103	9151	0.00829004	0.70515	0.988635
14	90600000	90620000	9729	78	13248	9875	0.00801727	0.6624	0.985215
14	90620000	90640000	10339	85	10969	10438	0.0082213	0.54845	0.990515
14	90640000	90660000	11525	77	9712	11620	0.00668113	0.4856	0.991824
14	90660000	90680000	6785	36	15646	6840	0.00530582	0.7823	0.991959
14	90680000	90700000	4446	37	17678	4503	0.00832209	0.8839	0.987342
14	90700000	90720000	5244	54	15855	5294	0.0102975	0.79275	0.990555
14	90720000	90740000	10337	62	7877	10437	0.00599787	0.39385	0.990419
14	90740000	90760000	10479	56	5863	11711	0.00534402	0.29315	0.8948
14	90760000	90780000	12204	66	9133	12311	0.00540806	0.45665	0.991309
14	90780000	90800000	10629	56	9849	10721	0.0052686	0.49245	0.991419
14	90800000	90820000	8442	41	10235	8695	0.00485667	0.51175	0.970903
14	90820000	90840000	8405	36	8670	8490	0.00428316	0.4335	0.989988
14	90840000	90860000	9785	68	7852	9865	0.00694941	0.3926	0.991891
14	90860000	90880000	10287	40	4152	10677	0.0038884	0.2076	0.963473
14	90880000	90900000	9573	71	11191	9678	0.00741669	0.55955	0.989151
14	90900000	90920000	11516	73	10800	11615	0.00633901	0.54	0.991477
14	90920000	90940000	9331	57	12915	10129	0.00610867	0.64575	0.921216
14	90940000	90960000	9392	84	13376	9495	0.00894378	0.6688	0.989152
14	90960000	90980000	7871	57	9652	11322	0.00724177	0.4826	0.695195
14	90980000	91000000	10533	78	8540	11076	0.0074053	0.427	0.950975
14	91000000	91020000	13898	82	6752	14053	0.00590013	0.3376	0.98897
14	91020000	91040000	13115	77	6037	13300	0.00587114	0.30185	0.98609
14	91040000	91060000	13939	129	6212	14580	0.00925461	0.3106	0.956036
14	91060000	91080000	13691	75	3907	13853	0.00547805	0.19535	0.988306
14	91080000	91100000	12365	80	5029	12478	0.00646987	0.25145	0.990944
14	91100000	91120000	12194	47	8963	12305	0.00385435	0.44815	0.990979
14	91120000	91140000	12951	79	6045	13041	0.00609992	0.30225	0.993099
14	91140000	91160000	13439	64	4462	13650	0.00476226	0.2231	0.984542
14	91160000	91180000	9955	60	10186	10062	0.00602712	0.5093	0.989366
14	91180000	91200000	12675	63	8060	12772	0.00497041	0.403	0.992405
14	91200000	91220000	10261	52	11556	10335	0.00506773	0.5778	0.99284
14	91220000	91240000	9812	44	13983	9887	0.0044843	0.69915	0.992414
14	91240000	91260000	10836	58	9695	10949	0.00535253	0.48475	0.989679
14	91260000	91280000	11141	74	11328	11250	0.00664213	0.5664	0.990311
14	91280000	91300000	9881	75	9481	9968	0.00759032	0.47405	0.991272
14	91300000	91320000	9167	47	9975	9324	0.00512709	0.49875	0.983162
14	91320000	91340000	10898	30	9350	11100	0.0027528	0.4675	0.981802
14	91340000	91360000	10611	67	12554	10712	0.0063142	0.6277	0.990571
14	91360000	91380000	12181	45	6164	12339	0.00369428	0.3082	0.987195
14	91380000	91400000	11620	54	12359	11712	0.00464716	0.61795	0.992145
14	91400000	91420000	9500	59	10696	9589	0.00621053	0.5348	0.990719
14	91420000	91440000	11267	35	12999	11366	0.00310642	0.64995	0.99129
14	91440000	91460000	10730	40	12102	10833	0.00372787	0.6051	0.990492
14	91460000	91480000	11334	37	8883	11399	0.00326451	0.44415	0.994298
14	91480000	91500000	9342	32	13957	9480	0.00342539	0.69785	0.985443
14	91500000	91520000	10114	44	13203	10240	0.00435041	0.66015	0.987695
14	91520000	91540000	8589	34	12331	8759	0.00395855	0.61655	0.980591
14	91540000	91560000	7703	33	12167	8488	0.00428405	0.60835	0.907516
14	91560000	91580000	8897	48	12524	9070	0.00539508	0.6262	0.980926
14	91580000	91600000	6999	46	13004	7341	0.00657237	0.6502	0.953412
14	91600000	91620000	7596	42	13726	7851	0.00552923	0.6863	0.96752
14	91620000	91640000	8520	46	11012	9323	0.00539906	0.5506	0.913869
14	91640000	91660000	7835	56	12169	8759	0.00714742	0.60845	0.894509
14	91660000	91680000	6776	51	15304	7285	0.00752656	0.7652	0.93013
14	91680000	91700000	10728	83	9199	11237	0.00773676	0.45995	0.954703
14	91700000	91720000	8680	57	10688	9814	0.00656682	0.5344	0.884451
14	91720000	91740000	10452	59	9188	11591	0.00564485	0.4594	0.901734
14	91740000	91760000	12266	80	5415	12568	0.00652209	0.27075	0.975971
14	91760000	91780000	11616	68	6982	11746	0.00585399	0.3491	0.988932
14	91780000	91800000	12454	75	5087	12551	0.00602216	0.25435	0.992272
14	91800000	91820000	11640	86	6732	11754	0.00738832	0.3366	0.990301
14	91820000	91840000	12849	99	4328	12988	0.00770488	0.2164	0.989298
14	91840000	91860000	13526	107	5126	13660	0.00791069	0.2563	0.99019
14	91860000	91880000	11628	84	5642	11728	0.00722394	0.2821	0.991473
14	91880000	91900000	6973	23	12104	7025	0.00329844	0.6052	0.992598
14	91900000	91920000	2680	16	19262	3074	0.00597015	0.9631	0.871828
14	91920000	91940000	9712	37	6761	9783	0.00380972	0.33805	0.992743
14	91940000	91960000	10004	51	7246	10090	0.00509796	0.3623	0.991477
14	91960000	91980000	7857	30	11344	7924	0.00381825	0.5672	0.991545
14	91980000	92000000	7780	43	14099	8321	0.00552699	0.70495	0.934984
14	92000000	92020000	6618	87	16513	6885	0.013146	0.82565	0.96122
14	92020000	92040000	4602	36	15965	4643	0.00782269	0.79825	0.99117
14	92040000	92060000	9807	76	11199	9892	0.00774957	0.55995	0.991407
14	92060000	92080000	4795	36	12494	4864	0.00750782	0.6247	0.985814
14	92080000	92100000	9723	70	15488	9835	0.00719942	0.7744	0.988612
14	92100000	92120000	7415	31	12613	7463	0.00418071	0.63065	0.993568
14	92120000	92140000	6793	39	14971	6856	0.0057412	0.74855	0.990811
14	92140000	92160000	10488	51	12513	10569	0.0048627	0.62565	0.992336
14	92160000	92180000	9024	53	13931	10212	0.00587323	0.69655	0.883666
14	92180000	92200000	11806	68	11803	12166	0.00575978	0.59015	0.970409
14	92200000	92220000	9237	44	16136	9533	0.00476345	0.8068	0.96895
14	92220000	92240000	9035	37	12064	9215	0.00409519	0.6032	0.980467
14	92240000	92260000	11953	55	9175	12571	0.00460136	0.45875	0.950839
14	92260000	92280000	8024	51	12641	8102	0.00635593	0.63205	0.990373
14	92280000	92300000	11972	46	15858	12079	0.0038423	0.7929	0.991142
14	92300000	92320000	12091	57	9152	12170	0.00471425	0.4576	0.993509
14	92320000	92340000	11799	61	8457	11914	0.00516993	0.42285	0.990347
14	92340000	92360000	13278	78	5937	13367	0.00587438	0.29685	0.993342
14	92360000	92380000	11850	91	8848	11958	0.00767932	0.4424	0.990968
14	92380000	92400000	11482	63	9302	11567	0.00548685	0.4651	0.992652
14	92400000	92420000	11208	64	9132	11410	0.00571021	0.4566	0.982296
14	92420000	92440000	9476	55	7450	9567	0.00580414	0.3725	0.990488
14	92440000	92460000	11161	48	8308	11526	0.00430069	0.4154	0.968332
14	92460000	92480000	898	7	6717	11467	0.0077951	0.33585	0.0783117
14	92480000	92500000	0	0	9510	8052		0.4755	0
14	92500000	92520000	2139	14	14293	4825	0.00654511	0.71465	0.443316
14	92520000	92540000	7877	40	12914	7969	0.00507808	0.6457	0.988455
14	92540000	92560000	7679	45	12306	7737	0.00586014	0.6153	0.992504
14	92560000	92580000	7895	54	10748	8064	0.00683977	0.5374	0.979043
14	92580000	92600000	8138	28	10430	8585	0.00344065	0.5215	0.947932
14	92600000	92620000	8687	53	12281	8903	0.00610107	0.61405	0.975739
14	92620000	92640000	9872	53	9873	9949	0.00536872	0.49365	0.992261
14	92640000	92660000	9812	47	11194	9891	0.00479005	0.5597	0.992013
14	92660000	92680000	9523	73	12713	10189	0.00766565	0.63565	0.934635
14	92680000	92700000	5626	38	16734	5881	0.00675435	0.8367	0.95664
14	92700000	92720000	10799	75	12082	10976	0.00694509	0.6041	0.983874
14	92720000	92740000	11122	61	13138	11226	0.00548463	0.6569	0.990736
14	92740000	92760000	13590	98	8274	13723	0.00721118	0.4137	0.990308
14	92760000	92780000	13499	85	8223	13636	0.00629676	0.41115	0.989953
14	92780000	92800000	13109	105	6900	13146	0.00800976	0.345	0.997185
14	92800000	92820000	11459	85	8844	12577	0.00741775	0.4422	0.911108
14	92820000	92840000	12366	110	10031	12441	0.00889536	0.50155	0.993972
14	92840000	92860000	13507	88	7994	13540	0.00651514	0.3997	0.997563
14	92860000	92880000	10841	81	9189	10855	0.00747164	0.45945	0.99871
14	92880000	92900000	9935	63	10310	11645	0.00634122	0.5155	0.853156
14	92900000	92920000	13417	104	6718	13560	0.00775136	0.3359	0.989454
14	92920000	92940000	13336	80	9654	13479	0.0059988	0.4827	0.989391
14	92940000	92960000	10128	56	9573	11148	0.00552923	0.47865	0.908504
14	92960000	92980000	11901	65	7167	12010	0.00546173	0.35835	0.990924
14	92980000	93000000	11923	93	7175	12372	0.00780005	0.35875	0.963708
14	93000000	93020000	10493	78	12423	10592	0.00743353	0.62115	0.990653
14	93020000	93040000	11309	76	11130	11433	0.00672031	0.5565	0.989154
14	93040000	93060000	10265	82	12464	10360	0.00798831	0.6232	0.99083
14	93060000	93080000	11634	101	9726	11785	0.00868145	0.4863	0.987187
14	93080000	93100000	5986	46	15988	6229	0.0076846	0.7994	0.960989
14	93100000	93120000	9838	66	7458	11138	0.00670868	0.3729	0.883282
14	93120000	93140000	11780	90	11065	11869	0.00764007	0.55325	0.992501
14	93140000	93160000	10832	75	8404	11027	0.00692393	0.4202	0.982316
14	93160000	93180000	9870	81	10711	10008	0.00820669	0.53555	0.986211
14	93180000	93200000	10175	54	10768	10438	0.00530713	0.5384	0.974804
14	93200000	93220000	8587	42	12915	8765	0.00489111	0.64575	0.979692
14	93220000	93240000	4567	48	15012	4994	0.0105102	0.7506	0.914497
14	93240000	93260000	7959	35	13941	8021	0.00439754	0.69705	0.99227
14	93260000	93280000	10339	64	10340	10453	0.00619015	0.517	0.989094
14	93280000	93300000	8656	54	12303	8717	0.00623845	0.61515	0.993002
14	93300000	93320000	9041	56	10833	9188	0.00619401	0.54165	0.984001
14	93320000	93340000	5366	32	15597	5399	0.00596347	0.77985	0.993888
14	93340000	93360000	12188	91	12718	12302	0.00746636	0.6359	0.990733
14	93360000	93380000	9715	104	12288	9809	0.0107051	0.6144	0.990417
14	93380000	93400000	13128	108	5027	13224	0.00822669	0.25135	0.99274
14	93400000	93420000	13998	108	4137	14397	0.00771539	0.20685	0.972286
14	93420000	93440000	13070	99	7722	13204	0.0075746	0.3861	0.989852
14	93440000	93460000	13029	110	7993	13311	0.0084427	0.39965	0.978815
14	93460000	93480000	13984	84	5969	14131	0.00600686	0.29845	0.989597
14	93480000	93500000	14382	93	6474	14496	0.00646642	0.3237	0.992136
14	93500000	93520000	13710	77	6264	13803	0.00561634	0.3132	0.993262
14	93520000	93540000	12431	86	7379	12751	0.00691819	0.36895	0.974904
14	93540000	93560000	13216	112	4781	13930	0.00847458	0.23905	0.948744
14	93560000	93580000	11624	83	7350	11755	0.0071404	0.3675	0.988856
14	93580000	93600000	6153	39	12985	6348	0.00633837	0.64925	0.969282
14	93600000	93620000	7751	60	11993	7864	0.00774094	0.59965	0.985631
14	93620000	93640000	4045	29	15598	4537	0.00716934	0.7799	0.891558
14	93640000	93660000	7604	80	11426	8430	0.0105208	0.5713	0.902017
14	93660000	93680000	7443	31	10859	7513	0.00416499	0.54295	0.990683
14	93680000	93700000	7699	43	7954	9240	0.00558514	0.3977	0.833225
14	93700000	93720000	10646	51	6025	10888	0.00479053	0.30125	0.977774
14	93720000	93740000	10414	55	10005	10540	0.00528135	0.50025	0.988046
14	93740000	93760000	11285	47	9390	11380	0.00416482	0.4695	0.991652
14	93760000	93780000	9326	43	8665	9410	0.00461077	0.43325	0.991073
14	93780000	93800000	9452	49	10806	9730	0.00518409	0.5403	0.971429
14	93800000	93820000	8082	35	13011	8479	0.00433061	0.65055	0.953178
14	93820000	93840000	6625	33	16900	6892	0.00498113	0.845	0.961259
14	93840000	93860000	9490	55	14056	9581	0.00579557	0.7028	0.990502
14	93860000	93880000	9177	64	15581	9236	0.00697396	0.77905	0.993612
14	93880000	93900000	5958	25	15202	5990	0.00419604	0.7601	0.994658
14	93900000	93920000	12059	66	15838	12133	0.00547309	0.7919	0.993901
14	93920000	93940000	12789	66	8546	12878	0.00516068	0.4273	0.993089
14	93940000	93960000	12502	65	9772	12603	0.00519917	0.4886	0.991986
14	93960000	93980000	9986	67	15005	10064	0.00670939	0.75025	0.99225
14	93980000	94000000	11921	60	10885	12006	0.00503313	0.54425	0.99292
14	94000000	94020000	11160	59	14858	11253	0.00528674	0.7429	0.991736
14	94020000	94040000	7026	68	17692	7108	0.00967834	0.8846	0.988464
14	94040000	94060000	11050	60	8253	11702	0.00542986	0.41265	0.944283
14	94060000	94080000	11344	70	6430	11419	0.00617066	0.3215	0.993432
14	94080000	94100000	12623	69	8027	12707	0.00546621	0.40135	0.993389
14	94100000	94120000	12519	67	8195	12615	0.00535187	0.40975	0.99239
14	94120000	94140000	11470	60	11383	11596	0.00523104	0.56915	0.989134
14	94140000	94160000	13165	76	5756	13360	0.00577288	0.2878	0.985404
14	94160000	94180000	12446	56	8946	12523	0.00449944	0.4473	0.993851
14	94180000	94200000	11472	81	5227	14205	0.00706067	0.26135	0.807603
14	94200000	94220000	13450	78	7992	13603	0.00579926	0.3996	0.988752
14	94220000	94240000	13229	83	8252	14128	0.00627409	0.4126	0.936367
14	94240000	94260000	12013	102	8098	12533	0.0084908	0.4049	0.95851
14	94260000	94280000	12738	95	11844	13265	0.007458	0.5922	0.960271
14	94280000	94300000	12311	85	11750	12476	0.00690439	0.5875	0.986775
14	94300000	94320000	11486	96	14772	11605	0.008358	0.7386	0.989746
14	94320000	94340000	12893	96	9766	13045	0.0074459	0.4883	0.988348
14	94340000	94360000	11393	70	10675	11612	0.00614412	0.53375	0.98114
14	94360000	94380000	13068	92	8449	13252	0.0070401	0.42245	0.986115
14	94380000	94400000	13771	104	7139	13913	0.0075521	0.35695	0.989794
14	94400000	94420000	14238	83	6997	14357	0.00582947	0.34985	0.991711
14	94420000	94440000	14043	109	6244	14294	0.00776187	0.3122	0.98244
14	94440000	94460000	12567	91	7077	13194	0.00724119	0.35385	0.952478
14	94460000	94480000	11393	95	8427	12440	0.00833845	0.42135	0.915836
14	94480000	94500000	13113	87	9289	13318	0.00663464	0.46445	0.984607
14	94500000	94520000	13878	83	5479	14009	0.00598069	0.27395	0.990649
14	94520000	94540000	8561	51	13958	8615	0.00595725	0.6979	0.993732
14	94540000	94560000	7953	35	15791	8015	0.00440086	0.78955	0.992265
14	94560000	94580000	10706	57	12653	11742	0.00532412	0.63265	0.91177
14	94580000	94600000	12928	95	9146	13211	0.00734839	0.4573	0.978578
14	94600000	94620000	7513	46	14373	7580	0.00612272	0.71865	0.991161
14	94620000	94640000	11280	56	12895	11361	0.00496454	0.64475	0.99287
14	94640000	94660000	11434	60	8410	11587	0.00524751	0.4205	0.986796
14	94660000	94680000	11303	32	13111	11530	0.00283111	0.65555	0.980312
14	94680000	94700000	11804	44	10961	11944	0.00372755	0.54805	0.988279
14	94700000	94720000	13102	45	4997	13257	0.00343459	0.24985	0.988308
14	94720000	94740000	11862	71	12046	12068	0.0059855	0.6023	0.98293
14	94740000	94760000	13535	101	6471	13659	0.00746214	0.32355	0.990922
14	94760000	94780000	10601	66	10926	10688	0.00622583	0.5463	0.99186
14	94780000	94800000	10632	90	13203	10746	0.00846501	0.66015	0.989391
14	94800000	94820000	11580	92	12692	11691	0.00794473	0.6346	0.990506
14	94820000	94840000	6255	43	8948	10780	0.0068745	0.4474	0.580241
14	94840000	94860000	13762	80	5233	13928	0.00581311	0.26165	0.988082
14	94860000	94880000	12104	83	14037	12243	0.00685724	0.70185	0.988647
14	94880000	94900000	9480	72	11683	10071	0.00759494	0.58415	0.941317
14	94900000	94920000	12662	67	8588	12955	0.00529142	0.4294	0.977383
14	94920000	94940000	9872	65	10837	10007	0.00658428	0.54185	0.986509
14	94940000	94960000	13095	97	9894	13731	0.00740741	0.4947	0.953681
14	94960000	94980000	12632	87	5942	13449	0.00688727	0.2971	0.939252
14	94980000	95000000	11086	72	10936	11255	0.00649468	0.5468	0.984984
14	95000000	95020000	11453	86	10519	11756	0.00750895	0.52595	0.974226
14	95020000	95040000	11898	81	10608	12135	0.00680787	0.5304	0.98047
14	95040000	95060000	13320	92	8131	13954	0.00690691	0.40655	0.954565
14	95060000	95080000	10928	80	9832	11065	0.00732064	0.4916	0.987619
14	95080000	95100000	13474	123	7225	13607	0.00912869	0.36125	0.990226
14	95100000	95120000	9985	84	9056	11147	0.00841262	0.4528	0.895757
14	95120000	95140000	11083	77	11830	11206	0.00694758	0.5915	0.989024
14	95140000	95160000	10991	103	8332	12064	0.0093713	0.4166	0.911058
14	95160000	95180000	10685	77	8916	10863	0.00720636	0.4458	0.983614
14	95180000	95200000	8633	72	11460	9056	0.00834009	0.573	0.953291
14	95200000	95220000	7857	57	12333	9344	0.00725468	0.61665	0.84086
14	95220000	95240000	12121	71	5602	12205	0.0058576	0.2801	0.993118
14	95240000	95260000	9354	76	10228	9449	0.00812487	0.5114	0.989946
14	95260000	95280000	8776	77	11946	9522	0.00877393	0.5973	0.921655
14	95280000	95300000	10150	96	12113	10633	0.00945813	0.60565	0.954575
14	95300000	95320000	11450	72	11466	11644	0.00628821	0.5733	0.983339
14	95320000	95340000	12020	88	10605	12176	0.00732113	0.53025	0.987188
14	95340000	95360000	11992	105	8277	12197	0.00875584	0.41385	0.983193
14	95360000	95380000	13017	82	9312	13144	0.00629945	0.4656	0.990338
14	95380000	95400000	11490	52	10100	11731	0.00452567	0.505	0.979456
14	95400000	95420000	9826	94	9074	11029	0.00956646	0.4537	0.890924
14	95420000	95440000	13053	76	10748	13185	0.00582242	0.5374	0.989989
14	95440000	95460000	8932	38	12337	9015	0.00425437	0.61685	0.990793
14	95460000	95480000	12802	81	7694	13339	0.00632714	0.3847	0.959742
14	95480000	95500000	10887	152	12924	11523	0.0139616	0.6462	0.944806
14	95500000	95520000	11803	95	9308	13894	0.0080488	0.4654	0.849503
14	95520000	95540000	12744	98	7805	13305	0.00768989	0.39025	0.957835
14	95540000	95560000	10011	63	6418	10113	0.00629308	0.3209	0.989914
14	95560000	95580000	13903	46	3098	14009	0.00330864	0.1549	0.992433
14	95580000	95600000	13624	64	4860	13729	0.00469759	0.243	0.992352
14	95600000	95620000	11269	56	7472	11558	0.00496939	0.3736	0.974996
14	95620000	95640000	10205	62	11241	10308	0.00607545	0.56205	0.990008
14	95640000	95660000	11776	45	8161	11890	0.00382133	0.40805	0.990412
14	95660000	95680000	11993	84	7643	12114	0.00700409	0.38215	0.990012
14	95680000	95700000	12522	62	6850	12631	0.00495129	0.3425	0.99137
14	95700000	95720000	10839	57	8425	12260	0.00525879	0.42125	0.884095
14	95720000	95740000	10727	102	11987	11425	0.00950872	0.59935	0.938906
14	95740000	95760000	8123	59	13676	9447	0.00726333	0.6838	0.85985
14	95760000	95780000	13585	92	9558	13705	0.00677218	0.4779	0.991244
14	95780000	95800000	13200	68	6823	13406	0.00515152	0.34115	0.984634
14	95800000	95820000	11444	72	12186	11655	0.00629151	0.6093	0.981896
14	95820000	95840000	12404	87	9772	12544	0.00701387	0.4886	0.988839
14	95840000	95860000	10050	60	10031	12315	0.00597015	0.50155	0.816078
14	95860000	95880000	11294	75	8080	12719	0.00664069	0.404	0.887963
14	95880000	95900000	9101	51	9406	11966	0.00560378	0.4703	0.760572
14	95900000	95920000	13687	104	9286	13794	0.00759845	0.4643	0.992243
14	95920000	95940000	12701	114	8312	13005	0.00897567	0.4156	0.976624
14	95940000	95960000	12673	104	7984	13245	0.00820642	0.3992	0.956814
14	95960000	95980000	12943	90	8139	13081	0.00695357	0.40695	0.98945
14	95980000	96000000	11490	71	6722	11592	0.00617929	0.3361	0.991201
14	96000000	96020000	12826	74	6507	12973	0.00576953	0.32535	0.988669
14	96020000	96040000	9941	68	13231	10031	0.00684036	0.66155	0.991028
14	96040000	96060000	9564	76	13860	9696	0.00794647	0.693	0.986386
14	96060000	96080000	11730	100	13849	11859	0.00852515	0.69245	0.989122
14	96080000	96100000	12309	83	11572	12777	0.00674303	0.5786	0.963372
14	96100000	96120000	12765	60	10469	12913	0.00470035	0.52345	0.988539
14	96120000	96140000	12109	84	9973	12254	0.00693699	0.49865	0.988167
14	96140000	96160000	10665	74	10127	11365	0.00693858	0.50635	0.938407
14	96160000	96180000	11096	72	10721	11313	0.00648882	0.53605	0.980819
14	96180000	96200000	10158	45	12657	10547	0.00443001	0.63285	0.963117
14	96200000	96220000	13249	73	10269	13451	0.00550985	0.51345	0.984983
14	96220000	96240000	12169	91	11046	12293	0.00747802	0.5523	0.989913
14	96240000	96260000	13109	113	9242	13264	0.00862003	0.4621	0.988314
14	96260000	96280000	13012	92	10660	13183	0.0070704	0.533	0.987029
14	96280000	96300000	13716	75	11289	13840	0.00546807	0.56445	0.99104
14	96300000	96320000	11697	58	10372	11814	0.00495854	0.5186	0.990096
14	96320000	96340000	13461	101	6637	13822	0.00750316	0.33185	0.973882
14	96340000	96360000	13897	77	3824	14181	0.00554076	0.1912	0.979973
14	96360000	96380000	13471	88	9533	13611	0.00653255	0.47665	0.989714
14	96380000	96400000	12514	97	9900	12930	0.00775132	0.495	0.967827
14	96400000	96420000	11591	103	12802	11746	0.0088862	0.6401	0.986804
14	96420000	96440000	10879	80	11283	11106	0.00735362	0.56415	0.979561
14	96440000	96460000	8657	57	14635	8784	0.00658427	0.73175	0.985542
14	96460000	96480000	6672	42	16596	6808	0.00629496	0.8298	0.980024
14	96480000	96500000	12756	76	11138	12982	0.00595798	0.5569	0.982591
14	96500000	96520000	12403	94	11220	12551	0.00757881	0.561	0.988208
14	96520000	96540000	12094	108	8789	12520	0.00893005	0.43945	0.965974
14	96540000	96560000	12555	108	8582	13145	0.00860215	0.4291	0.955116
14	96560000	96580000	13374	118	9000	13519	0.00882309	0.45	0.989274
14	96580000	96600000	10623	96	14230	11150	0.009037	0.7115	0.952735
14	96600000	96620000	10237	90	14083	10334	0.00879164	0.70415	0.990614
14	96620000	96640000	11744	100	12330	12027	0.00851499	0.6165	0.97647
14	96640000	96660000	12922	101	9643	13061	0.00781613	0.48215	0.989358
14	96660000	96680000	12750	122	9131	12924	0.00956863	0.45655	0.986537
14	96680000	96700000	11566	80	9973	12060	0.00691683	0.49865	0.959038
14	96700000	96720000	13164	84	7914	13429	0.00638104	0.3957	0.980267
14	96720000	96740000	12202	61	9739	12521	0.00499918	0.48695	0.974523
14	96740000	96760000	14192	98	5538	14366	0.0069053	0.2769	0.987888
14	96760000	96780000	12127	59	5500	12244	0.00486518	0.275	0.990444
14	96780000	96800000	13284	49	4621	13371	0.00368865	0.23105	0.993493
14	96800000	96820000	9069	52	11448	9168	0.00573382	0.5724	0.989202
14	96820000	96840000	10524	54	11434	10607	0.00513113	0.5717	0.992175
14	96840000	96860000	10971	52	8422	11067	0.00473977	0.4211	0.991326
14	96860000	96880000	10666	61	10621	10898	0.00571911	0.53105	0.978712
14	96880000	96900000	5218	34	13478	5327	0.00651591	0.6739	0.979538
14	96900000	96920000	8452	56	13487	8509	0.00662565	0.67435	0.993301
14	96920000	96940000	7561	51	9722	7649	0.00674514	0.4861	0.988495
14	96940000	96960000	8484	40	12135	8621	0.00471476	0.60675	0.984109
14	96960000	96980000	9757	34	11147	9823	0.00348468	0.55735	0.993281
14	96980000	97000000	9901	42	7801	9952	0.004242	0.39005	0.994875
14	97000000	97020000	13259	37	4246	13316	0.00279056	0.2123	0.995719
14	97020000	97040000	11215	29	4020	11327	0.00258582	0.201	0.990112
14	97040000	97060000	14444	75	5258	14534	0.00519247	0.2629	0.993808
14	97060000	97080000	10447	70	10434	12657	0.00670049	0.5217	0.825393
14	97080000	97100000	9570	61	7188	13927	0.00637409	0.3594	0.687154
14	97100000	97120000	8653	51	17369	9482	0.00589391	0.86845	0.912571
14	97120000	97140000	12896	63	10019	12989	0.00488524	0.50095	0.99284
14	97140000	97160000	13921	74	8562	14022	0.00531571	0.4281	0.992797
14	97160000	97180000	12741	96	8414	13120	0.00753473	0.4207	0.971113
14	97180000	97200000	11412	72	9740	11963	0.00630915	0.487	0.953941
14	97200000	97220000	12204	82	7995	12312	0.00671911	0.39975	0.991228
14	97220000	97240000	9810	57	12671	10085	0.0058104	0.63355	0.972732
14	97240000	97260000	12959	86	10497	13440	0.00663631	0.52485	0.964211
14	97260000	97280000	11977	59	10915	12045	0.00492611	0.54575	0.994355
14	97280000	97300000	12735	51	10386	12843	0.00400471	0.5193	0.991591
14	97300000	97320000	13207	41	7099	13323	0.00310441	0.35495	0.991293
14	97320000	97340000	13663	47	7637	13743	0.00343995	0.38185	0.994179
14	97340000	97360000	11625	74	6355	11727	0.00636559	0.31775	0.991302
14	97360000	97380000	13563	84	9898	13703	0.00619332	0.4949	0.989783
14	97380000	97400000	11412	70	11321	11543	0.00613389	0.56605	0.988651
14	97400000	97420000	13254	91	7988	13451	0.00686585	0.3994	0.985354
14	97420000	97440000	12244	98	10845	12395	0.00800392	0.54225	0.987818
14	97440000	97460000	13663	86	8246	14004	0.00629437	0.4123	0.97565
14	97460000	97480000	12121	93	8818	13001	0.00767263	0.4409	0.932313
14	97480000	97500000	13683	96	9607	13828	0.00701601	0.48035	0.989514
14	97500000	97520000	14362	73	8478	14484	0.00508286	0.4239	0.991577
14	97520000	97540000	12838	81	7204	12953	0.00630939	0.3602	0.991122
14	97540000	97560000	11406	88	9600	11492	0.00771524	0.48	0.992517
14	97560000	97580000	13200	71	9557	13461	0.00537879	0.47785	0.980611
14	97580000	97600000	13429	78	7814	13560	0.00580833	0.3907	0.990339
14	97600000	97620000	12693	80	6653	12873	0.00630269	0.33265	0.986017
14	97620000	97640000	12021	83	9086	12132	0.00690458	0.4543	0.990851
14	97640000	97660000	8988	40	9390	10425	0.00445038	0.4695	0.862158
14	97660000	97680000	11259	71	8604	11420	0.00630607	0.4302	0.985902
14	97680000	97700000	12244	59	7616	12367	0.00481869	0.3808	0.990054
14	97700000	97720000	13934	86	8369	14059	0.00617195	0.41845	0.991109
14	97720000	97740000	11468	68	12940	11624	0.00592954	0.647	0.986579
14	97740000	97760000	12926	80	8479	13058	0.00618908	0.42395	0.989891
14	97760000	97780000	13599	100	6422	13712	0.00735348	0.3211	0.991759
14	97780000	97800000	11458	102	9516	11613	0.00890208	0.4758	0.986653
14	97800000	97820000	11921	87	7925	12802	0.00729805	0.39625	0.931183
14	97820000	97840000	13281	100	6483	13411	0.00752955	0.32415	0.990306
14	97840000	97860000	13909	103	6743	14086	0.00740528	0.33715	0.987434
14	97860000	97880000	12743	74	6633	12874	0.00580711	0.33165	0.989824
14	97880000	97900000	12404	97	5392	12584	0.00782006	0.2696	0.985696
14	97900000	97920000	12690	89	8059	12801	0.0070134	0.40295	0.991329
14	97920000	97940000	12861	68	9225	12985	0.0052873	0.46125	0.990451
14	97940000	97960000	13802	64	6094	14016	0.00463701	0.3047	0.984732
14	97960000	97980000	9233	60	10446	11962	0.00649843	0.5223	0.771861
14	97980000	98000000	12538	108	7222	13483	0.00861381	0.3611	0.929912
14	98000000	98020000	13029	94	6948	13169	0.00721467	0.3474	0.989369
14	98020000	98040000	14049	109	4579	14200	0.00775856	0.22895	0.989366
14	98040000	98060000	13656	116	8739	13840	0.00849443	0.43695	0.986705
14	98060000	98080000	12948	89	12467	13072	0.00687365	0.62335	0.990514
14	98080000	98100000	13481	88	8234	13621	0.00652771	0.4117	0.989722
14	98100000	98120000	12336	96	5996	12458	0.0077821	0.2998	0.990207
14	98120000	98140000	13866	107	7017	14297	0.00771672	0.35085	0.969854
14	98140000	98160000	8737	76	11450	8839	0.00869864	0.5725	0.98846
14	98160000	98180000	14899	114	6167	15040	0.00765152	0.30835	0.990625
14	98180000	98200000	10933	68	11331	11040	0.0062197	0.56655	0.990308
14	98200000	98220000	9201	83	15471	9297	0.00902076	0.77355	0.989674
14	98220000	98240000	14034	118	7640	14231	0.00840815	0.382	0.986157
14	98240000	98260000	11858	88	10863	11988	0.00742115	0.54315	0.989156
14	98260000	98280000	13670	129	6707	13827	0.00943672	0.33535	0.988645
14	98280000	98300000	9977	88	12235	10074	0.00882029	0.61175	0.990371
14	98300000	98320000	5925	44	6716	11968	0.00742616	0.3358	0.49507
14	98320000	98340000	118	2	6121	12887	0.0169492	0.30605	0.00915651
14	98340000	98360000	89	1	7228	12392	0.011236	0.3614	0.00718205
14	98360000	98380000	26	0	5942	12851	0	0.2971	0.00202319
14	98380000	98400000	9008	62	6592	12759	0.00688277	0.3296	0.706011
14	98400000	98420000	14274	94	6026	14395	0.0065854	0.3013	0.991594
14	98420000	98440000	13004	69	6473	13353	0.00530606	0.32365	0.973864
14	98440000	98460000	13745	103	5406	13884	0.00749363	0.2703	0.989988
14	98460000	98480000	11371	97	6911	11473	0.00853047	0.34555	0.99111
14	98480000	98500000	12953	90	6398	13047	0.0069482	0.3199	0.992795
14	98500000	98520000	13309	110	8750	13447	0.00826508	0.4375	0.989737
14	98520000	98540000	13282	110	8676	13430	0.00828189	0.4338	0.98898
14	98540000	98560000	11281	70	10148	11436	0.00620512	0.5074	0.986446
14	98560000	98580000	11722	102	8594	11861	0.00870159	0.4297	0.988281
14	98580000	98600000	12651	87	8862	12780	0.00687693	0.4431	0.989906
14	98600000	98620000	13627	75	4136	13744	0.00550378	0.2068	0.991487
14	98620000	98640000	13317	102	3872	13434	0.00765938	0.1936	0.991291
14	98640000	98660000	14620	104	3595	14730	0.00711354	0.17975	0.992532
14	98660000	98680000	14494	110	4352	14637	0.00758935	0.2176	0.99023
14	98680000	98700000	13850	103	6260	14297	0.00743682	0.313	0.968735
14	98700000	98720000	13707	123	8778	13932	0.00897352	0.4389	0.98385
14	98720000	98740000	12471	81	8379	12752	0.00649507	0.41895	0.977964
14	98740000	98760000	12629	68	7128	12782	0.00538443	0.3564	0.98803
14	98760000	98780000	12298	96	11537	12593	0.00780615	0.57685	0.976574
14	98780000	98800000	11734	73	12433	11863	0.00622124	0.62165	0.989126
14	98800000	98820000	12016	86	8153	12143	0.00715712	0.40765	0.989541
14	98820000	98840000	13458	104	9463	13588	0.00772775	0.47315	0.990433
14	98840000	98860000	12866	61	8912	13034	0.00474118	0.4456	0.987111
14	98860000	98880000	13304	70	6351	13752	0.00526158	0.31755	0.967423
14	98880000	98900000	13879	62	9644	14051	0.00446718	0.4822	0.987759
14	98900000	98920000	9094	48	14942	9240	0.00527821	0.7471	0.984199
14	98920000	98940000	13651	96	5896	13775	0.00703245	0.2948	0.990998
14	98940000	98960000	12938	108	10957	13102	0.0083475	0.54785	0.987483
14	98960000	98980000	13395	80	7614	13605	0.00597238	0.3807	0.984564
14	98980000	99000000	13761	75	6342	13908	0.00545019	0.3171	0.989431
14	99000000	99020000	12609	88	8838	12937	0.00697914	0.4419	0.974646
14	99020000	99040000	13787	96	7876	13923	0.00696308	0.3938	0.990232
14	99040000	99060000	13516	84	6878	14058	0.00621486	0.3439	0.961445
14	99060000	99080000	13145	113	6597	13248	0.00859642	0.32985	0.992225
14	99080000	99100000	12066	101	10136	12177	0.00837063	0.5068	0.990884
14	99100000	99120000	12376	75	11354	12856	0.00606012	0.5677	0.962663
14	99120000	99140000	10711	63	15860	10972	0.0058818	0.793	0.976212
14	99140000	99160000	12064	81	11396	12172	0.00671419	0.5698	0.991127
14	99160000	99180000	12079	78	9207	12245	0.00645749	0.46035	0.986443
14	99180000	99200000	13037	78	5761	13831	0.00598297	0.28805	0.942593
14	99200000	99220000	8472	63	7512	12433	0.00743626	0.3756	0.681412
14	99220000	99240000	13324	58	10081	13753	0.00435305	0.50405	0.968807
14	99240000	99260000	13389	59	5281	13509	0.0044066	0.26405	0.991117
14	99260000	99280000	13167	87	8991	13288	0.00660743	0.44955	0.990894
14	99280000	99300000	14005	92	8413	14141	0.00656908	0.42065	0.990383
14	99300000	99320000	13648	98	8606	13792	0.00718054	0.4303	0.989559
14	99320000	99340000	13732	121	8147	14046	0.00881154	0.40735	0.977645
14	99340000	99360000	12659	80	10655	12801	0.00631961	0.53275	0.988907
14	99360000	99380000	13200	76	8308	13373	0.00575758	0.4154	0.987063
14	99380000	99400000	12833	63	8630	12941	0.00490922	0.4315	0.991654
14	99400000	99420000	13666	97	7716	13801	0.00709791	0.3858	0.990218
14	99420000	99440000	13504	105	6865	13630	0.00777547	0.34325	0.990756
14	99440000	99460000	6367	52	16160	6424	0.00816711	0.808	0.991127
14	99460000	99480000	12411	80	9824	12561	0.00644589	0.4912	0.988058
14	99480000	99500000	13565	87	9354	13705	0.00641356	0.4677	0.989785
14	99500000	99520000	13095	95	10324	13233	0.00725468	0.5162	0.989572
14	99520000	99540000	12438	85	8187	12835	0.0068339	0.40935	0.969069
14	99540000	99560000	12434	102	13203	12560	0.00820331	0.66015	0.989968
14	99560000	99580000	11551	76	12529	11662	0.00657952	0.62645	0.990482
14	99580000	99600000	13066	102	8018	13310	0.00780652	0.4009	0.981668
14	99600000	99620000	11642	78	10276	11927	0.00669988	0.5138	0.976105
14	99620000	99640000	13113	83	7083	13219	0.0063296	0.35415	0.991981
14	99640000	99660000	12706	98	4130	12816	0.00771289	0.2065	0.991417
14	99660000	99680000	14215	118	3020	14393	0.00830109	0.151	0.987633
14	99680000	99700000	12617	66	5076	12739	0.00523104	0.2538	0.990423
14	99700000	99720000	13517	69	2994	13604	0.00510468	0.1497	0.993605
14	99720000	99740000	12828	64	1311	12886	0.00498909	0.06555	0.995499
14	99740000	99760000	11696	37	8328	11784	0.00316347	0.4164	0.992532
14	99760000	99780000	9537	43	17912	9592	0.00450876	0.8956	0.994266
14	99780000	99800000	13025	96	8283	13172	0.00737044	0.41415	0.98884
14	99800000	99820000	11914	72	7208	12013	0.00604331	0.3604	0.991759
14	99820000	99840000	10384	45	12677	10503	0.00433359	0.63385	0.98867
14	99840000	99860000	12058	67	7879	12216	0.00555648	0.39395	0.987066
14	99860000	99880000	13826	80	2969	13950	0.0057862	0.14845	0.991111
14	99880000	99900000	13726	48	3609	13857	0.00349701	0.18045	0.990546
14	99900000	99920000	12569	54	7237	12957	0.00429628	0.36185	0.970055
14	99920000	99940000	12974	43	3920	13082	0.00331432	0.196	0.991744
14	99940000	99960000	11734	41	7520	11870	0.00349412	0.376	0.988543
14	99960000	99980000	12190	57	4707	12432	0.00467596	0.23535	0.980534
14	99980000	100000000	13123	88	2998	13724	0.00670578	0.1499	0.956208
14	100000000	100020000	12922	110	6233	13048	0.00851261	0.31165	0.990343
14	100020000	100040000	13326	81	5397	13421	0.00607834	0.26985	0.992922
14	100040000	100060000	12979	93	3678	13197	0.00716542	0.1839	0.983481
14	100060000	100080000	12190	97	6755	12404	0.00795734	0.33775	0.982748
14	100080000	100100000	12248	96	9261	12347	0.00783801	0.46305	0.991982
14	100100000	100120000	10788	73	10706	10892	0.00676678	0.5353	0.990452
14	100120000	100140000	10182	120	8855	11492	0.0117855	0.44275	0.886008
14	100140000	100160000	11260	167	9533	12174	0.0148313	0.47665	0.924922
14	100160000	100180000	9298	50	15390	9370	0.0053775	0.7695	0.992316
14	100180000	100200000	11159	108	8648	11300	0.00967829	0.4324	0.987522
14	100200000	100220000	12652	92	6158	12771	0.00727158	0.3079	0.990682
14	100220000	100240000	11780	98	9006	11918	0.00831919	0.4503	0.988421
14	100240000	100260000	11343	64	10134	11446	0.00564225	0.5067	0.991001
14	100260000	100280000	11386	65	8602	11464	0.00570877	0.4301	0.993196
14	100280000	100300000	11388	51	10912	11477	0.0044784	0.5456	0.992245
14	100300000	100320000	10799	62	11041	10885	0.00574127	0.55205	0.992099
14	100320000	100340000	10874	59	12661	10961	0.00542579	0.63305	0.992063
14	100340000	100360000	13552	78	5080	13696	0.00575561	0.254	0.989486
14	100360000	100380000	9395	54	8074	9468	0.00574774	0.4037	0.99229
14	100380000	100400000	10922	77	10974	11112	0.00704999	0.5487	0.982901
14	100400000	100420000	11229	78	7144	11361	0.0069463	0.3572	0.988381
14	100420000	100440000	8586	62	12489	8707	0.00722106	0.62445	0.986103
14	100440000	100460000	8445	29	13870	8620	0.00343398	0.6935	0.979698
14	100460000	100480000	7428	34	14583	7550	0.00457728	0.72915	0.983841
14	100480000	100500000	9673	41	8573	12010	0.0042386	0.42865	0.805412
14	100500000	100520000	10799	41	10833	10879	0.00379665	0.54165	0.992646
14	100520000	100540000	11316	69	11397	11442	0.00609756	0.56985	0.988988
14	100540000	100560000	11972	67	10130	12089	0.00559639	0.5065	0.990322
14	100560000	100580000	12686	75	9788	12809	0.00591203	0.4894	0.990397
14	100580000	100600000	15616	108	4131	15766	0.00691598	0.20655	0.990486
14	100600000	100620000	13998	81	3066	14153	0.00578654	0.1533	0.989048
14	100620000	100640000	9139	64	12267	9202	0.00700295	0.61335	0.993154
14	100640000	100660000	6423	45	13217	6478	0.00700607	0.66085	0.99151
14	100660000	100680000	6696	33	14963	6773	0.00492832	0.74815	0.988631
14	100680000	100700000	9821	41	10512	9953	0.00417473	0.5256	0.986738
14	100700000	100720000	7395	35	8599	7510	0.00473293	0.42995	0.984687
14	100720000	100740000	7901	29	12096	8034	0.00367042	0.6048	0.983445
14	100740000	100760000	11179	53	3118	12134	0.00474103	0.1559	0.921296
14	100760000	100780000	8967	44	7154	9786	0.00490688	0.3577	0.916309
14	100780000	100800000	11432	76	7301	11727	0.00664801	0.36505	0.974844
14	100800000	100820000	9209	57	8804	9763	0.0061896	0.4402	0.943255
14	100820000	100840000	9228	53	11287	9540	0.00574339	0.56435	0.967296
14	100840000	100860000	11750	51	6850	11884	0.00434043	0.3425	0.988724
14	100860000	100880000	12951	41	6369	13154	0.00316578	0.31845	0.984567
14	100880000	100900000	12899	58	8651	13094	0.00449647	0.43255	0.985108
14	100900000	100920000	12178	54	7469	14087	0.00443423	0.37345	0.864485
14	100920000	100940000	11512	73	12198	12325	0.00634121	0.6099	0.934037
14	100940000	100960000	11730	67	7796	11811	0.00571185	0.3898	0.993142
14	100960000	100980000	9988	64	15206	10083	0.00640769	0.7603	0.990578
14	100980000	101000000	9416	67	10250	11455	0.00711555	0.5125	0.821999
14	101000000	101020000	4777	23	4519	14270	0.00481474	0.22595	0.334758
14	101020000	101040000	3198	29	5390	13850	0.00906817	0.2695	0.230903
14	101040000	101060000	12499	104	7653	13542	0.00832067	0.38265	0.92298
14	101060000	101080000	11720	88	11450	11855	0.00750853	0.5725	0.988612
14	101080000	101100000	10998	81	11802	11284	0.00736498	0.5901	0.974654
14	101100000	101120000	13018	91	12131	13266	0.00699032	0.60655	0.981306
14	101120000	101140000	14477	84	4483	14621	0.00580231	0.22415	0.990151
14	101140000	101160000	12543	92	6287	12769	0.00733477	0.31435	0.982301
14	101160000	101180000	12479	61	6538	12610	0.00488821	0.3269	0.989611
14	101180000	101200000	14761	115	2510	14915	0.0077908	0.1255	0.989675
14	101200000	101220000	9609	77	12291	10386	0.00801332	0.61455	0.925188
14	101220000	101240000	10166	49	15134	10917	0.00481999	0.7567	0.931208
14	101240000	101260000	13956	81	4713	14102	0.00580396	0.23565	0.989647
14	101260000	101280000	8740	34	10906	9654	0.00389016	0.5453	0.905324
14	101280000	101300000	12304	68	4244	13093	0.00552666	0.2122	0.939739
14	101300000	101320000	14213	92	2186	14362	0.00647295	0.1093	0.989625
14	101320000	101340000	9529	62	2398	12420	0.00650645	0.1199	0.76723
14	101340000	101360000	13438	75	1960	13608	0.00558119	0.098	0.987507
14	101360000	101380000	13129	73	6339	13749	0.00556021	0.31695	0.954906
14	101380000	101400000	10927	55	7614	11031	0.0050334	0.3807	0.990572
14	101400000	101420000	13766	71	3965	13939	0.00515763	0.19825	0.987589
14	101420000	101440000	11310	57	2550	13514	0.00503979	0.1275	0.83691
14	101440000	101460000	12832	73	2304	12958	0.0056889	0.1152	0.990276
14	101460000	101480000	13198	97	6325	13321	0.0073496	0.31625	0.990766
14	101480000	101500000	13992	105	5393	14114	0.00750429	0.26965	0.991356
14	101500000	101520000	13041	75	3145	13218	0.00575109	0.15725	0.986609
14	101520000	101540000	14399	89	3117	14516	0.00618098	0.15585	0.99194
14	101540000	101560000	10826	87	10361	10956	0.00803621	0.51805	0.988134
14	101560000	101580000	11066	90	11596	11407	0.00813302	0.5798	0.970106
14	101580000	101600000	13090	103	6002	14228	0.0078686	0.3001	0.920017
14	101600000	101620000	10405	68	14531	10625	0.00653532	0.72655	0.979294
14	101620000	101640000	8911	73	18531	9616	0.00819212	0.92655	0.926685
14	101640000	101660000	13869	91	5346	14049	0.0065614	0.2673	0.987188
14	101660000	101680000	10348	80	11342	11112	0.00773096	0.5671	0.931246
14	101680000	101700000	12607	104	6905	12792	0.00824939	0.34525	0.985538
14	101700000	101720000	9690	71	4271	13377	0.00732714	0.21355	0.724378
14	101720000	101740000	8804	48	18257	8881	0.00545207	0.91285	0.99133
14	101740000	101760000	11809	102	13513	11963	0.00863748	0.67565	0.987127
14	101760000	101780000	5222	45	19483	5326	0.00861739	0.97415	0.980473
14	101780000	101800000	9238	84	13480	9360	0.00909288	0.674	0.986966
14	101800000	101820000	12536	79	12007	12629	0.00630185	0.60035	0.992636
14	101820000	101840000	13601	112	5479	13799	0.00823469	0.27395	0.985651
14	101840000	101860000	11513	75	16464	11601	0.00651438	0.8232	0.992414
14	101860000	101880000	13374	104	5827	13485	0.00777628	0.29135	0.991769
14	101880000	101900000	11420	49	16376	11614	0.00429072	0.8188	0.983296
14	101900000	101920000	11604	60	6100	11712	0.00517063	0.305	0.990779
14	101920000	101940000	12126	99	4044	12268	0.00816428	0.2022	0.988425
14	101940000	101960000	12623	114	12049	12759	0.00903113	0.60245	0.989341
14	101960000	101980000	14602	83	9073	14783	0.00568415	0.45365	0.987756
14	101980000	102000000	12415	83	5363	14013	0.00668546	0.26815	0.885963
14	102000000	102020000	13179	90	6133	14194	0.00682905	0.30665	0.928491
14	102020000	102040000	11941	70	5952	12280	0.00586216	0.2976	0.972394
14	102040000	102060000	11386	84	9825	12512	0.00737748	0.49125	0.910006
14	102060000	102080000	9292	48	13152	11447	0.00516573	0.6576	0.811741
14	102080000	102100000	12488	75	11395	12834	0.00600577	0.56975	0.97304
14	102100000	102120000	10624	64	15022	10742	0.0060241	0.7511	0.989015
14	102120000	102140000	8226	42	19325	8283	0.00510576	0.96625	0.993118
14	102140000	102160000	3049	27	18259	3304	0.00885536	0.91295	0.922821
14	102160000	102180000	7077	35	14438	7173	0.0049456	0.7219	0.986616
14	102180000	102200000	5474	29	15008	9076	0.00529777	0.7504	0.603129
14	102200000	102220000	6192	43	15223	6237	0.00694444	0.76115	0.992785
14	102220000	102240000	10521	49	7198	10982	0.00465735	0.3599	0.958022
14	102240000	102260000	9604	38	10989	9795	0.00395668	0.54945	0.9805
14	102260000	102280000	9633	66	10218	9699	0.00685145	0.5109	0.993195
14	102280000	102300000	12317	92	6632	12706	0.00746935	0.3316	0.969385
14	102300000	102320000	11871	67	6331	12001	0.00564401	0.31655	0.989168
14	102320000	102340000	11105	62	12496	11210	0.00558307	0.6248	0.990633
14	102340000	102360000	11213	67	6618	11318	0.00597521	0.3309	0.990723
14	102360000	102380000	10199	65	7148	10377	0.00637317	0.3574	0.982847
14	102380000	102400000	11151	60	5536	11821	0.00538068	0.2768	0.943321
14	102400000	102420000	7289	47	12457	7646	0.00644807	0.62285	0.953309
14	102420000	102440000	8867	58	8973	9263	0.00654111	0.44865	0.957249
14	102440000	102460000	9150	39	9972	10094	0.0042623	0.4986	0.906479
14	102460000	102480000	10546	46	6615	10918	0.00436184	0.33075	0.965928
14	102480000	102500000	10590	58	8119	10691	0.00547686	0.40595	0.990553
14	102500000	102520000	8681	63	6606	10382	0.00725723	0.3303	0.836159
14	102520000	102540000	0	0	14109	6576		0.70545	0
14	102540000	102560000	3113	31	9715	6117	0.00995824	0.48575	0.50891
14	102560000	102580000	8070	31	13015	8165	0.00384139	0.65075	0.988365
14	102580000	102600000	6575	26	16295	6641	0.00395437	0.81475	0.990062
14	102600000	102620000	6476	28	11101	6554	0.00432366	0.55505	0.988099
14	102620000	102640000	8328	38	14079	8870	0.00456292	0.70395	0.938895
14	102640000	102660000	9923	53	8474	10020	0.00534113	0.4237	0.990319
14	102660000	102680000	13679	45	4263	13783	0.00328971	0.21315	0.992454
14	102680000	102700000	12895	107	3509	13094	0.00829779	0.17545	0.984802
14	102700000	102720000	3505	22	16061	5643	0.00627675	0.80305	0.621124
14	102720000	102740000	8278	32	12994	8443	0.00386567	0.6497	0.980457
14	102740000	102760000	7092	57	14764	7285	0.00803723	0.7382	0.973507
14	102760000	102780000	6076	33	13308	6136	0.0054312	0.6654	0.990222
14	102780000	102800000	7056	61	10773	7469	0.00864512	0.53865	0.944705
14	102800000	102820000	8072	59	9378	8539	0.00730922	0.4689	0.94531
14	102820000	102840000	8305	40	13134	8402	0.00481638	0.6567	0.988455
14	102840000	102860000	7754	37	12979	7870	0.00477173	0.64895	0.98526
14	102860000	102880000	6465	38	16840	6692	0.0058778	0.842	0.966079
14	102880000	102900000	6119	45	9309	10675	0.00735414	0.46545	0.573208
14	102900000	102920000	11314	61	6643	11431	0.00539155	0.33215	0.989765
14	102920000	102940000	7809	36	10999	9329	0.00461007	0.54995	0.837067
14	102940000	102960000	7760	48	12422	7823	0.00618557	0.6211	0.991947
14	102960000	102980000	11831	77	4240	11934	0.00650833	0.212	0.991369
14	102980000	103000000	6445	39	13117	6537	0.0060512	0.65585	0.985926
14	103000000	103020000	8479	34	10213	8578	0.00400991	0.51065	0.988459
14	103020000	103040000	5613	26	15289	5682	0.0046321	0.76445	0.987856
14	103040000	103060000	7666	49	13417	7756	0.00639186	0.67085	0.988396
14	103060000	103080000	4802	22	13982	5395	0.00458142	0.6991	0.890083
14	103080000	103100000	7471	42	15605	7828	0.00562174	0.78025	0.954394
14	103100000	103120000	7917	46	13967	8458	0.00581028	0.69835	0.936037
14	103120000	103140000	7913	35	10578	7963	0.0044231	0.5289	0.993721
14	103140000	103160000	9430	57	11894	9540	0.00604454	0.5947	0.98847
14	103160000	103180000	8929	51	8355	9016	0.00571173	0.41775	0.99035
14	103180000	103200000	12638	61	5299	12808	0.00482671	0.26495	0.986727
14	103200000	103220000	8483	88	10933	9060	0.0103737	0.54665	0.936313
14	103220000	103240000	10103	58	9563	10189	0.00574087	0.47815	0.99156
14	103240000	103260000	8523	35	10689	8601	0.00410654	0.53445	0.990931
14	103260000	103280000	8630	51	11482	8753	0.00590962	0.5741	0.985948
14	103280000	103300000	11632	62	7284	11730	0.00533012	0.3642	0.991645
14	103300000	103320000	8668	47	12543	8740	0.00542224	0.62715	0.991762
14	103320000	103340000	8136	42	13620	8191	0.00516224	0.681	0.993285
14	103340000	103360000	8666	52	6746	9906	0.00600046	0.3373	0.874823
14	103360000	103380000	12716	30	3668	13277	0.00235923	0.1834	0.957746
14	103380000	103400000	10102	81	5176	11276	0.00801821	0.2588	0.895885
14	103400000	103420000	11513	71	6865	11809	0.00616694	0.34325	0.974934
14	103420000	103440000	10542	43	7713	10625	0.00407892	0.38565	0.992188
14	103440000	103460000	10995	69	8245	11317	0.00627558	0.41225	0.971547
14	103460000	103480000	12074	99	6177	12221	0.00819944	0.30885	0.987972
14	103480000	103500000	9552	57	11073	9680	0.00596734	0.55365	0.986777
14	103500000	103520000	6931	33	13591	7333	0.00476122	0.67955	0.945179
14	103520000	103540000	4888	29	11197	9445	0.0059329	0.55985	0.517522
14	103540000	103560000	656	4	6301	10214	0.00609756	0.31505	0.0642256
14	103560000	103580000	11279	89	4424	12020	0.00789077	0.2212	0.938353
14	103580000	103600000	11042	61	6551	11580	0.00552436	0.32755	0.953541
14	103600000	103620000	8399	69	11992	10154	0.00821526	0.5996	0.827162
14	103620000	103640000	7217	84	15025	7284	0.0116392	0.75125	0.990802
14	103640000	103660000	7522	40	13310	7579	0.00531773	0.6655	0.992479
14	103660000	103680000	8234	59	14229	8305	0.00716541	0.71145	0.991451
14	103680000	103700000	10876	81	7456	10966	0.00744759	0.3728	0.991793
14	103700000	103720000	4955	38	15471	5016	0.00766902	0.77355	0.987839
14	103720000	103740000	5752	52	15602	5824	0.00904033	0.7801	0.987637
14	103740000	103760000	8783	66	9499	8903	0.00751452	0.47495	0.986521
14	103760000	103780000	8263	57	13353	8405	0.00689822	0.66765	0.983105
14	103780000	103800000	8642	46	9847	8732	0.00532284	0.49235	0.989693
14	103800000	103820000	767	6	9798	8176	0.00782269	0.4899	0.0938112
14	103820000	103840000	0	0	16371	5828		0.81855	0
14	103840000	103860000	3180	13	10619	8408	0.00408805	0.53095	0.378211
14	103860000	103880000	8896	38	11774	8996	0.00427158	0.5887	0.988884
14	103880000	103900000	8383	26	12851	9098	0.00310151	0.64255	0.921411
14	103900000	103920000	9623	38	10667	9697	0.00394887	0.53335	0.992369
14	103920000	103940000	9930	47	9544	10029	0.00473313	0.4772	0.990129
14	103940000	103960000	8895	36	9179	9452	0.00404722	0.45895	0.941071
14	103960000	103980000	9926	55	7588	10020	0.005541	0.3794	0.990619
14	103980000	104000000	10780	76	4282	11634	0.00705009	0.2141	0.926594
14	104000000	104020000	12524	115	2060	13104	0.00918237	0.103	0.955739
14	104020000	104040000	6311	46	7661	8631	0.00728886	0.38305	0.731201
14	104040000	104060000	6633	50	13172	6811	0.00753807	0.6586	0.973866
14	104060000	104080000	5436	47	14332	5627	0.00864606	0.7166	0.966057
14	104080000	104100000	6394	51	12910	6764	0.00797623	0.6455	0.945299
14	104100000	104120000	5487	37	14683	5924	0.00674321	0.73415	0.926232
14	104120000	104140000	9372	62	9880	9434	0.00661545	0.494	0.993428
14	104140000	104160000	10944	55	6280	11062	0.00502558	0.314	0.989333
14	104160000	104180000	12590	84	3810	13739	0.00667196	0.1905	0.916369
14	104180000	104200000	11528	87	4009	11923	0.00754684	0.20045	0.966871
14	104200000	104220000	13722	92	4042	13872	0.00670456	0.2021	0.989187
14	104220000	104240000	8207	34	9922	8268	0.0041428	0.4961	0.992622
14	104240000	104260000	6284	34	15143	6573	0.00541057	0.75715	0.956032
14	104260000	104280000	6332	30	13906	7235	0.00473784	0.6953	0.87519
14	104280000	104300000	7421	29	12897	7597	0.00390783	0.64485	0.976833
14	104300000	104320000	6988	48	12444	7297	0.00686892	0.6222	0.957654
14	104320000	104340000	6602	38	10697	9090	0.00575583	0.53485	0.726293
14	104340000	104360000	10069	74	8101	10197	0.00734929	0.40505	0.987447
14	104360000	104380000	9492	64	8581	10013	0.00674252	0.42905	0.947968
14	104380000	104400000	8797	43	10472	8888	0.00488803	0.5236	0.989761
14	104400000	104420000	8778	55	10486	8861	0.00626566	0.5243	0.990633
14	104420000	104440000	9644	37	8401	9764	0.00383658	0.42005	0.98771
14	104440000	104460000	7789	38	14779	8027	0.00487868	0.73895	0.97035
14	104460000	104480000	10378	49	11146	10728	0.00472153	0.5573	0.967375
14	104480000	104500000	11433	82	7087	11535	0.00717222	0.35435	0.991157
14	104500000	104520000	12012	58	9670	12105	0.0048285	0.4835	0.992317
14	104520000	104540000	8697	55	16925	9010	0.00632402	0.84625	0.965261
14	104540000	104560000	11167	94	9459	11977	0.00841766	0.47295	0.93237
14	104560000	104580000	13046	119	994	13287	0.00912157	0.0497	0.981862
14	104580000	104600000	11154	65	10825	11361	0.00582751	0.54125	0.98178
14	104600000	104620000	11823	72	1348	13316	0.00608982	0.0674	0.887879
14	104620000	104640000	10481	74	1935	13125	0.0070604	0.09675	0.798552
14	104640000	104660000	11636	67	1747	12847	0.00575799	0.08735	0.905737
14	104660000	104680000	9298	81	4942	11796	0.00871155	0.2471	0.788233
14	104680000	104700000	7366	50	4548	11849	0.00678794	0.2274	0.621656
14	104700000	104720000	10958	101	9457	11413	0.00921701	0.47285	0.960133
14	104720000	104740000	11344	107	12836	11506	0.0094323	0.6418	0.98592
14	104740000	104760000	12514	115	5668	12645	0.00918971	0.2834	0.98964
14	104760000	104780000	13140	134	6551	13293	0.0101979	0.32755	0.98849
14	104780000	104800000	12152	104	7000	12277	0.00855826	0.35	0.989818
14	104800000	104820000	12858	92	12247	13013	0.00715508	0.61235	0.988089
14	104820000	104840000	14578	150	4552	14769	0.0102895	0.2276	0.987068
14	104840000	104860000	14651	131	5346	14824	0.00894137	0.2673	0.98833
14	104860000	104880000	8939	92	14297	9536	0.010292	0.71485	0.937395
14	104880000	104900000	10479	109	8691	10643	0.0104018	0.43455	0.984591
14	104900000	104920000	11113	112	8541	11272	0.0100783	0.42705	0.985894
14	104920000	104940000	5447	75	14278	6135	0.013769	0.7139	0.887857
14	104940000	104960000	5574	87	10206	5691	0.0156082	0.5103	0.979441
14	104960000	104980000	9564	118	9892	9690	0.0123379	0.4946	0.986997
14	104980000	105000000	10559	119	13912	11024	0.01127	0.6956	0.957819
14	105000000	105020000	11904	104	9890	12404	0.00873656	0.4945	0.95969
14	105020000	105040000	12372	155	2060	14077	0.0125283	0.103	0.87888
14	105040000	105060000	11595	109	2440	13775	0.0094006	0.122	0.841742
14	105060000	105080000	12828	100	6740	12978	0.00779545	0.337	0.988442
14	105080000	105100000	10276	95	16520	10712	0.00924484	0.826	0.959298
14	105100000	105120000	10965	89	7367	11395	0.00811674	0.36835	0.962264
14	105120000	105140000	9109	56	12512	9433	0.00614777	0.6256	0.965652
14	105140000	105160000	10780	84	4082	11617	0.00779221	0.2041	0.92795
14	105160000	105180000	13353	81	2738	13480	0.00606605	0.1369	0.990579
14	105180000	105200000	10911	105	2166	11871	0.00962332	0.1083	0.919131
14	105200000	105220000	12041	129	5280	12360	0.0107134	0.264	0.974191
14	105220000	105240000	10341	79	7616	11574	0.00763949	0.3808	0.893468
14	105240000	105260000	12168	87	1177	12776	0.0071499	0.05885	0.952411
14	105260000	105280000	9372	53	6263	11134	0.00565514	0.31315	0.841746
14	105280000	105300000	5742	56	12539	7726	0.0097527	0.62695	0.743205
14	105300000	105320000	4719	32	13885	6658	0.0067811	0.69425	0.708771
14	105320000	105340000	7427	56	7973	8956	0.00754006	0.39865	0.829276
14	105340000	105360000	9165	40	1999	11592	0.00436443	0.09995	0.790631
14	105360000	105380000	9250	50	11960	9368	0.00540541	0.598	0.987404
14	105380000	105400000	7491	59	10133	9923	0.00787612	0.50665	0.754913
14	105400000	105420000	5708	30	1039	5740	0.00525578	0.05195	0.994425
14	105420000	105440000	10010	66	8158	10999	0.00659341	0.4079	0.910083
14	105440000	105460000	10674	62	3733	11822	0.00580851	0.18665	0.902893
14	105460000	105480000	8541	70	7705	10307	0.00819576	0.38525	0.82866
14	105480000	105500000	8305	88	12516	8491	0.010596	0.6258	0.978094
14	105500000	105520000	7168	77	13901	7514	0.0107422	0.69505	0.953953
14	105520000	105540000	10838	117	7727	11464	0.0107953	0.38635	0.945394
14	105540000	105560000	8098	61	7508	9477	0.00753272	0.3754	0.85449
14	105560000	105580000	7939	57	14217	8575	0.00717975	0.71085	0.925831
14	105580000	105600000	10483	55	14812	10702	0.00524659	0.7406	0.979537
14	105600000	105620000	10266	87	3553	12032	0.00847458	0.17765	0.853225
14	105620000	105640000	8627	67	1845	11339	0.00776632	0.09225	0.760825
14	105640000	105660000	8524	55	6385	10570	0.00645237	0.31925	0.806433
14	105660000	105680000	13105	101	1093	13352	0.00770698	0.05465	0.981501
14	105680000	105700000	9011	87	5278	9162	0.00965487	0.2639	0.983519
14	105700000	105720000	5113	45	4909	5313	0.0088011	0.24545	0.962356
14	105720000	105740000	8783	65	9194	9819	0.00740066	0.4597	0.89449
14	105740000	105760000	8087	89	8571	8199	0.0110053	0.42855	0.98634
14	105760000	105780000	6799	35	12872	7471	0.00514782	0.6436	0.910052
14	105780000	105800000	10367	78	6864	10759	0.00752387	0.3432	0.963565
14	105800000	105820000	10313	89	6525	11122	0.00862988	0.32625	0.927261
14	105820000	105840000	9800	91	8962	10031	0.00928571	0.4481	0.976971
14	105840000	105860000	13123	104	3224	13387	0.00792502	0.1612	0.980279
14	105860000	105880000	9170	61	9262	10250	0.00665213	0.4631	0.894634
14	105880000	105900000	8455	54	11059	8941	0.00638675	0.55295	0.945644
14	105900000	105920000	10686	77	6269	10856	0.00720569	0.31345	0.98434
14	105920000	105940000	10683	88	1966	11051	0.00823739	0.0983	0.9667
14	105940000	105960000	10868	105	904	11527	0.00966139	0.0452	0.94283
14	105960000	105980000	7210	66	8036	9923	0.00915395	0.4018	0.726595
14	105980000	106000000	2791	16	11866	7456	0.00573271	0.5933	0.374329
14	106000000	106020000	0	0	10895	7608		0.54475	0
14	106020000	106040000	0	0	10475	657		0.52375	0
14	106040000	106060000	0	0	6660	209		0.333	0
14	106060000	106080000	0	0	7075	681		0.35375	0
14	106080000	106100000	0	0	5488	135		0.2744	0
14	106100000	106120000	0	0	3885	21		0.19425	0
14	106120000	106140000	0	0	9961	208		0.49805	0
14	106140000	106160000	0	0	10501	68		0.52505	0
14	106160000	106180000	0	0	6773	324		0.33865	0
14	106180000	106200000	0	0	9782	295		0.4891	0
14	106200000	106220000	0	0	3893	247		0.19465	0
14	106220000	106240000	0	0	8447	294		0.42235	0
14	106240000	106260000	5969	59	13623	6114	0.0098844	0.68115	0.976284
14	106260000	106280000	9343	87	16879	9577	0.00931178	0.84395	0.975566
14	106280000	106300000	7296	85	16048	7681	0.0116502	0.8024	0.949876
14	106300000	106320000	11432	125	7043	12259	0.0109342	0.35215	0.932539
14	106320000	106340000	1268	7	8554	8772	0.0055205	0.4277	0.144551
14	106340000	106360000	0	0	4422	5180		0.2211	0
14	106360000	106380000	0	0	1458	4173		0.0729	0
14	106380000	106400000	0	0	3665	3375		0.18325	0
14	106400000	106420000	0	0	9818	6733		0.4909	0
14	106420000	106440000	0	0	13743	454		0.68715	0
14	106440000	106460000	0	0	11683	953		0.58415	0
14	106460000	106480000	0	0	6561	809		0.32805	0
14	106480000	106500000	0	0	12034	7227		0.6017	0
14	106500000	106520000	0	0	9939	8300		0.49695	0
14	106520000	106540000	0	0	11718	4838		0.5859	0
14	106540000	106560000	0	0	13404	1222		0.6702	0
14	106560000	106580000	0	0	11315	632		0.56575	0
14	106580000	106600000	0	0	11175	642		0.55875	0
14	106600000	106620000	0	0	13128	430		0.6564	0
14	106620000	106640000	340	33	6425	593	0.0970588	0.32125	0.573356
14	106640000	106660000	0	0	15432	2264		0.7716	0
14	106660000	106680000	0	0	12742	3951		0.6371	0
14	106680000	106700000	0	0	11367	8333		0.56835	0
14	106700000	106720000	0	0	14896	4108		0.7448	0
14	106720000	106740000	4456	89	10236	4688	0.0199731	0.5118	0.950512
14	106740000	106760000	1073	19	9636	6022	0.0177074	0.4818	0.17818
14	106760000	106780000	0	0	8400	7876		0.42	0
14	106780000	106800000	0	0	8652	176		0.4326	0
14	106800000	106820000	0	0	7544	0		0.3772	
14	106820000	106840000	3001	52	6401	3374	0.0173276	0.32005	0.889449
14	106840000	106860000	3753	41	11304	4068	0.0109246	0.5652	0.922566
14	106860000	106880000	976	25	12646	1026	0.0256148	0.6323	0.951267
14	106880000	106900000	178	2	12354	178	0.011236	0.6177	1
14	106900000	106920000	31	0	13742	31	0	0.6871	1
14	106920000	106940000	1342	23	10866	1378	0.0171386	0.5433	0.973875
14	106940000	106960000	9415	154	11377	9496	0.0163569	0.56885	0.99147
14	106960000	106980000	7233	82	6928	7318	0.0113369	0.3464	0.988385
14	106980000	107000000	4720	53	12045	6076	0.0112288	0.60225	0.776827
14	107000000	107020000	5729	91	12282	7971	0.0158841	0.6141	0.71873
14	107020000	107040000	259	5	13066	9048	0.019305	0.6533	0.0286251
14	107040000	107060000	0	0	7881	5860		0.39405	0
14	107060000	107080000	0	0	6117	6570		0.30585	0
14	107080000	107100000	0	0	6043	1497		0.30215	0
14	107100000	107120000	0	0	10904	4890		0.5452	0
14	107120000	107140000	0	0	6943	6755		0.34715	0
14	107140000	107160000	0	0	11180	4441		0.559	0
14	107160000	107180000	0	0	8584	1022		0.4292	0
14	107180000	107200000	0	0	12792	5235		0.6396	0
14	107200000	107220000	0	0	12071	8485		0.60355	0
14	107220000	107240000	0	0	9804	10181		0.4902	0
14	107240000	107260000	0	0	17748	9800		0.8874	0
14	107260000	107280000	0	0	11071	4706		0.55355	0
14	107280000	107300000	0	0	3088	2266		0.1544	0
14	107300000	107320000	0	0	0	0		0	
14	107320000	107340000	0	0	0	0		0	
14	107340000	107360000	0	0	0	0		0	
