chrom	start	end	anc_valid_bp	hum_sub	repeat_bp	mask_bp	sub_rate	repeat_frac	anc_cov
16	0	20000	0	0	0	0		0	
16	20000	40000	0	0	0	0		0	
16	40000	60000	0	0	0	0		0	
16	60000	80000	0	0	8491	0		0.42455	
16	80000	100000	0	0	10616	3300		0.5308	0
16	100000	120000	6691	67	4419	11555	0.0100135	0.22095	0.579057
16	120000	140000	9382	78	2423	11527	0.00831379	0.12115	0.813915
16	140000	160000	10165	69	7827	10252	0.006788	0.39135	0.991514
16	160000	180000	9378	61	7347	9470	0.00650459	0.36735	0.990285
16	180000	200000	6967	69	14230	7414	0.00990383	0.7115	0.939709
16	200000	220000	6455	51	8426	7158	0.00790085	0.4213	0.901788
16	220000	240000	4830	76	5921	5722	0.015735	0.29605	0.84411
16	240000	260000	6395	54	12997	6483	0.0084441	0.64985	0.986426
16	260000	280000	5657	45	11225	7260	0.00795475	0.56125	0.779201
16	280000	300000	4903	32	12432	5257	0.00652662	0.6216	0.932661
16	300000	320000	9438	82	8282	9960	0.00868828	0.4141	0.94759
16	320000	340000	7485	68	3846	10200	0.00908484	0.1923	0.733824
16	340000	360000	10054	79	6961	10402	0.00785757	0.34805	0.966545
16	360000	380000	6346	51	7481	9447	0.00803656	0.37405	0.671748
16	380000	400000	7721	50	8833	7822	0.00647585	0.44165	0.987088
16	400000	420000	10300	78	4705	10548	0.00757282	0.23525	0.976488
16	420000	440000	5908	29	5504	9069	0.0049086	0.2752	0.65145
16	440000	460000	6316	51	11376	7161	0.00807473	0.5688	0.882
16	460000	480000	6535	51	10195	6886	0.00780413	0.50975	0.949027
16	480000	500000	6087	50	13010	6216	0.00821423	0.6505	0.979247
16	500000	520000	7808	56	9329	8048	0.00717213	0.46645	0.970179
16	520000	540000	9149	82	9728	9288	0.00896273	0.4864	0.985034
16	540000	560000	8664	64	8395	8914	0.00738689	0.41975	0.971954
16	560000	580000	9038	60	4647	9695	0.00663864	0.23235	0.932233
16	580000	600000	7198	75	3762	10943	0.0104196	0.1881	0.657772
16	600000	620000	7769	76	970	10553	0.00978247	0.0485	0.736189
16	620000	640000	8820	91	3127	10400	0.0103175	0.15635	0.848077
16	640000	660000	8390	67	8474	9161	0.0079857	0.4237	0.915839
16	660000	680000	8795	77	3278	9372	0.00875497	0.1639	0.938434
16	680000	700000	4899	44	3839	8527	0.00898142	0.19195	0.574528
16	700000	720000	12419	116	1845	12894	0.00934053	0.09225	0.963161
16	720000	740000	10318	55	916	12097	0.00533049	0.0458	0.852939
16	740000	760000	10156	77	3836	10776	0.00758173	0.1918	0.942465
16	760000	780000	10237	74	2484	11226	0.00722868	0.1242	0.911901
16	780000	800000	9148	73	8275	9320	0.00797989	0.41375	0.981545
16	800000	820000	9784	109	8608	10685	0.0111406	0.4304	0.915676
16	820000	840000	6264	82	4332	10067	0.0130907	0.2166	0.622231
16	840000	860000	9934	106	3465	11497	0.0106704	0.17325	0.864051
16	860000	880000	9653	130	7226	10082	0.0134673	0.3613	0.957449
16	880000	900000	7369	85	7324	10447	0.0115348	0.3662	0.70537
16	900000	920000	9931	115	8304	10209	0.0115799	0.4152	0.972769
16	920000	940000	11980	157	4786	12236	0.0131052	0.2393	0.979078
16	940000	960000	10487	126	3155	10674	0.0120149	0.15775	0.982481
16	960000	980000	10926	130	2439	12269	0.0118982	0.12195	0.890537
16	980000	1000000	7800	97	7440	9084	0.0124359	0.372	0.858653
16	1000000	1020000	6013	46	7301	7136	0.00765009	0.36505	0.842629
16	1020000	1040000	10702	101	2339	11636	0.00943749	0.11695	0.919732
16	1040000	1060000	9918	103	4806	12155	0.0103852	0.2403	0.815961
16	1060000	1080000	9473	104	5524	11115	0.0109786	0.2762	0.852272
16	1080000	1100000	10186	221	5174	10231	0.0216964	0.2587	0.995602
16	1100000	1120000	9498	134	5941	10957	0.0141082	0.29705	0.866843
16	1120000	1140000	10017	119	3986	10271	0.0118798	0.1993	0.97527
16	1140000	1160000	7925	92	688	10762	0.0116088	0.0344	0.736387
16	1160000	1180000	11770	128	2692	12647	0.0108751	0.1346	0.930655
16	1180000	1200000	7671	79	7870	10550	0.0102985	0.3935	0.727109
16	1200000	1220000	11332	107	2301	11719	0.00944229	0.11505	0.966977
16	1220000	1240000	11289	113	2823	11781	0.0100097	0.14115	0.958238
16	1240000	1260000	8981	89	1131	11878	0.00990981	0.05655	0.756104
16	1260000	1280000	8047	93	1251	10813	0.0115571	0.06255	0.744197
16	1280000	1300000	1201	16	9719	1290	0.0133222	0.48595	0.931008
16	1300000	1320000	4237	48	8415	6256	0.0113288	0.42075	0.67727
16	1320000	1340000	7801	103	4721	10517	0.0132034	0.23605	0.741751
16	1340000	1360000	5699	50	12591	5798	0.00877347	0.62955	0.982925
16	1360000	1380000	11267	110	3984	11441	0.00976302	0.1992	0.984792
16	1380000	1400000	11694	92	2620	12071	0.00786728	0.131	0.968768
16	1400000	1420000	7622	55	7236	9899	0.00721595	0.3618	0.769977
16	1420000	1440000	8468	78	4847	10179	0.00921115	0.24235	0.831909
16	1440000	1460000	7826	85	8795	7922	0.0108612	0.43975	0.987882
16	1460000	1480000	5771	52	10126	6406	0.00901057	0.5063	0.900874
16	1480000	1500000	11771	130	2979	11965	0.0110441	0.14895	0.983786
16	1500000	1520000	10381	117	5573	10524	0.0112706	0.27865	0.986412
16	1520000	1540000	7414	55	9603	8269	0.0074184	0.48015	0.896602
16	1540000	1560000	8535	81	5609	11451	0.00949033	0.28045	0.74535
16	1560000	1580000	9662	77	7864	10615	0.00796936	0.3932	0.910221
16	1580000	1600000	12485	101	2849	12653	0.00808971	0.14245	0.986723
16	1600000	1620000	11907	91	3802	12364	0.00764256	0.1901	0.963038
16	1620000	1640000	9485	71	10981	10204	0.0074855	0.54905	0.929537
16	1640000	1660000	9015	98	10556	9224	0.0108708	0.5278	0.977342
16	1660000	1680000	10978	63	4729	11093	0.00573875	0.23645	0.989633
16	1680000	1700000	11152	82	7893	11603	0.00735294	0.39465	0.961131
16	1700000	1720000	11178	75	3872	12338	0.00670961	0.1936	0.905982
16	1720000	1740000	9920	60	5945	10132	0.00604839	0.29725	0.979076
16	1740000	1760000	11323	87	7282	11527	0.00768348	0.3641	0.982302
16	1760000	1780000	7655	66	9476	7785	0.00862182	0.4738	0.983301
16	1780000	1800000	9679	93	8089	9865	0.00960843	0.40445	0.981145
16	1800000	1820000	10907	82	4784	11077	0.00751811	0.2392	0.984653
16	1820000	1840000	11443	116	1708	11683	0.0101372	0.0854	0.979457
16	1840000	1860000	7899	95	12064	8192	0.0120268	0.6032	0.964233
16	1860000	1880000	9103	76	7892	9544	0.0083489	0.3946	0.953793
16	1880000	1900000	7035	51	10954	7958	0.00724947	0.5477	0.884016
16	1900000	1920000	8145	56	9885	9235	0.00687538	0.49425	0.881971
16	1920000	1940000	5774	52	11902	5955	0.00900589	0.5951	0.969605
16	1940000	1960000	7406	78	9883	8726	0.010532	0.49415	0.848728
16	1960000	1980000	8558	90	6250	9598	0.0105165	0.3125	0.891644
16	1980000	2000000	7273	47	10546	8111	0.00646226	0.5273	0.896684
16	2000000	2020000	7466	61	7898	7561	0.00817037	0.3949	0.987436
16	2020000	2040000	9932	59	4497	12087	0.00594039	0.22485	0.821709
16	2040000	2060000	9564	66	2859	11005	0.00690088	0.14295	0.86906
16	2060000	2080000	7275	57	8825	8333	0.00783505	0.44125	0.873035
16	2080000	2100000	8719	56	3879	10441	0.00642275	0.19395	0.835073
16	2100000	2120000	2080	8	7672	11074	0.00384615	0.3836	0.187827
16	2120000	2140000	14009	116	1739	14428	0.00828039	0.08695	0.970959
16	2140000	2160000	310	0	5062	4205	0	0.2531	0.0737218
16	2160000	2180000	0	0	3487	175		0.17435	0
16	2180000	2200000	0	0	9378	5123		0.4689	0
16	2200000	2220000	9149	63	3582	10837	0.006886	0.1791	0.844237
16	2220000	2240000	11318	76	2363	11536	0.00671497	0.11815	0.981103
16	2240000	2260000	11124	68	7673	11340	0.00611291	0.38365	0.980952
16	2260000	2280000	7743	56	9577	7825	0.00723234	0.47885	0.989521
16	2280000	2300000	10695	81	5692	11002	0.00757363	0.2846	0.972096
16	2300000	2320000	6379	44	8234	6526	0.00689763	0.4117	0.977475
16	2320000	2340000	11711	97	3848	12653	0.00828281	0.1924	0.925551
16	2340000	2360000	7193	61	9972	7352	0.00848047	0.4986	0.978373
16	2360000	2380000	8336	37	10289	8696	0.00443858	0.51445	0.958602
16	2380000	2400000	6447	40	10207	7112	0.00620444	0.51035	0.906496
16	2400000	2420000	9177	70	13402	9275	0.00762777	0.6701	0.989434
16	2420000	2440000	8844	55	13107	9714	0.00621891	0.65535	0.910439
16	2440000	2460000	7150	47	16024	7306	0.00657343	0.8012	0.978648
16	2460000	2480000	7334	54	10038	9341	0.00736297	0.5019	0.785141
16	2480000	2500000	8178	47	8964	8256	0.00574713	0.4482	0.990552
16	2500000	2520000	10841	73	4452	11364	0.0067337	0.2226	0.953977
16	2520000	2540000	10931	85	4542	11552	0.00777605	0.2271	0.946243
16	2540000	2560000	10628	62	6007	11265	0.00583365	0.30035	0.943453
16	2560000	2580000	10118	140	5269	10376	0.0138367	0.26345	0.975135
16	2580000	2600000	2443	47	8030	2979	0.0192386	0.4015	0.820074
16	2600000	2620000	0	0	4964	0		0.2482	
16	2620000	2640000	3206	21	7820	3235	0.00655022	0.391	0.991036
16	2640000	2660000	5420	34	5231	6369	0.00627306	0.26155	0.850997
16	2660000	2680000	0	0	6777	1077		0.33885	0
16	2680000	2700000	0	0	4931	0		0.24655	
16	2700000	2720000	0	0	13566	643		0.6783	0
16	2720000	2740000	1226	16	6278	2463	0.0130506	0.3139	0.497767
16	2740000	2760000	2171	33	1111	11168	0.0152004	0.05555	0.194395
16	2760000	2780000	5734	35	8669	9630	0.00610394	0.43345	0.595431
16	2780000	2800000	8896	53	8045	9067	0.00595773	0.40225	0.98114
16	2800000	2820000	12309	50	3347	12390	0.00406207	0.16735	0.993462
16	2820000	2840000	10189	89	8320	10693	0.00873491	0.416	0.952866
16	2840000	2860000	4346	60	13419	7529	0.0138058	0.67095	0.577235
16	2860000	2880000	4579	58	8998	10636	0.0126665	0.4499	0.430519
16	2880000	2900000	10551	90	8068	10963	0.00853	0.4034	0.962419
16	2900000	2920000	6943	44	8361	10169	0.00633732	0.41805	0.682761
16	2920000	2940000	5613	31	14494	5654	0.00552289	0.7247	0.992748
16	2940000	2960000	1823	8	10617	6509	0.00438837	0.53085	0.280074
16	2960000	2980000	0	0	11738	6137		0.5869	0
16	2980000	3000000	3123	37	11367	7653	0.0118476	0.56835	0.408075
16	3000000	3020000	8977	107	6468	9665	0.0119193	0.3234	0.928815
16	3020000	3040000	11119	57	5716	11221	0.00512636	0.2858	0.99091
16	3040000	3060000	11156	56	5103	11293	0.00501972	0.25515	0.987869
16	3060000	3080000	9174	40	4151	9244	0.00436015	0.20755	0.992428
16	3080000	3100000	7960	50	12055	8044	0.00628141	0.60275	0.989557
16	3100000	3120000	7118	45	8353	7210	0.006322	0.41765	0.98724
16	3120000	3140000	3913	47	13064	3990	0.0120112	0.6532	0.980702
16	3140000	3160000	7900	83	9910	7980	0.0105063	0.4955	0.989975
16	3160000	3180000	9794	71	8879	9885	0.00724934	0.44395	0.990794
16	3180000	3200000	10341	48	7153	10423	0.00464172	0.35765	0.992133
16	3200000	3220000	6862	76	10720	6956	0.0110755	0.536	0.986486
16	3220000	3240000	8465	66	8688	9068	0.00779681	0.4344	0.933502
16	3240000	3260000	7767	76	10598	8077	0.00978499	0.5299	0.961619
16	3260000	3280000	4036	26	11753	8031	0.00644202	0.58765	0.502553
16	3280000	3300000	10506	65	8396	10627	0.00618694	0.4198	0.988614
16	3300000	3320000	8209	58	11566	8342	0.00706542	0.5783	0.984057
16	3320000	3340000	8442	40	9759	8501	0.00473821	0.48795	0.99306
16	3340000	3360000	8646	50	5683	10540	0.00578302	0.28415	0.820304
16	3360000	3380000	9040	75	7299	9267	0.00829646	0.36495	0.975504
16	3380000	3400000	4062	41	18068	5843	0.0100935	0.9034	0.695191
16	3400000	3420000	4033	61	10158	7927	0.0151252	0.5079	0.508768
16	3420000	3440000	7618	48	7512	9132	0.00630087	0.3756	0.834209
16	3440000	3460000	9367	69	9018	9437	0.00736629	0.4509	0.992582
16	3460000	3480000	5140	36	17022	5239	0.00700389	0.8511	0.981103
16	3480000	3500000	10467	64	7758	10562	0.00611445	0.3879	0.991005
16	3500000	3520000	8478	60	7963	8671	0.00707714	0.39815	0.977742
16	3520000	3540000	9647	83	6700	10369	0.00860371	0.335	0.930369
16	3540000	3560000	8432	71	11367	8532	0.0084203	0.56835	0.988279
16	3560000	3580000	9830	78	10374	9921	0.00793489	0.5187	0.990828
16	3580000	3600000	11540	68	7852	11736	0.00589255	0.3926	0.983299
16	3600000	3620000	8018	55	11130	8992	0.00685957	0.5565	0.891681
16	3620000	3640000	10171	76	9146	10492	0.00747222	0.4573	0.969405
16	3640000	3660000	11290	65	7326	11434	0.00575731	0.3663	0.987406
16	3660000	3680000	7119	44	15375	7235	0.00618064	0.76875	0.983967
16	3680000	3700000	8576	71	14182	8812	0.00827892	0.7091	0.973218
16	3700000	3720000	11942	81	5497	12098	0.00678278	0.27485	0.987105
16	3720000	3740000	9854	70	9347	9990	0.00710371	0.46735	0.986386
16	3740000	3760000	6059	54	14783	6154	0.00891236	0.73915	0.984563
16	3760000	3780000	8960	56	8420	9369	0.00625	0.421	0.956345
16	3780000	3800000	11264	75	5952	11591	0.00665838	0.2976	0.971788
16	3800000	3820000	10351	63	7603	10452	0.00608637	0.38015	0.990337
16	3820000	3840000	11364	53	5924	11456	0.00466385	0.2962	0.991969
16	3840000	3860000	9771	54	6918	12151	0.00552656	0.3459	0.804131
16	3860000	3880000	11920	62	6524	12102	0.00520134	0.3262	0.984961
16	3880000	3900000	9139	47	14736	9225	0.00514279	0.7368	0.990678
16	3900000	3920000	11212	66	8650	11340	0.00588655	0.4325	0.988713
16	3920000	3940000	8245	47	8068	9102	0.00570042	0.4034	0.905845
16	3940000	3960000	4400	27	17258	4714	0.00613636	0.8629	0.93339
16	3960000	3980000	7586	66	13475	7808	0.00870024	0.67375	0.971568
16	3980000	4000000	7320	57	15015	7399	0.00778689	0.75075	0.989323
16	4000000	4020000	9212	83	6958	9343	0.00900999	0.3479	0.985979
16	4020000	4040000	10435	102	7229	11652	0.0097748	0.36145	0.895554
16	4040000	4060000	9480	80	8480	10367	0.00843882	0.424	0.91444
16	4060000	4080000	8680	53	10861	8750	0.00610599	0.54305	0.992
16	4080000	4100000	7616	71	10963	8377	0.00932248	0.54815	0.909156
16	4100000	4120000	8515	77	12524	8795	0.00904287	0.6262	0.968164
16	4120000	4140000	7993	73	12336	8108	0.00913299	0.6168	0.985816
16	4140000	4160000	8321	51	10374	8398	0.00612907	0.5187	0.990831
16	4160000	4180000	8318	48	10254	8430	0.00577062	0.5127	0.986714
16	4180000	4200000	8032	64	11860	8365	0.00796813	0.593	0.960191
16	4200000	4220000	6531	49	12877	6665	0.00750268	0.64385	0.979895
16	4220000	4240000	7999	46	10539	8083	0.00575072	0.52695	0.989608
16	4240000	4260000	10525	65	7521	10626	0.00617577	0.37605	0.990495
16	4260000	4280000	7946	64	11429	9410	0.00805437	0.57145	0.844421
16	4280000	4300000	9466	75	9425	10590	0.00792309	0.47125	0.893862
16	4300000	4320000	8459	68	10283	8785	0.00803878	0.51415	0.962891
16	4320000	4340000	5582	48	13055	5827	0.00859907	0.65275	0.957954
16	4340000	4360000	6263	45	12795	6485	0.00718506	0.63975	0.965767
16	4360000	4380000	8789	52	6143	9448	0.00591649	0.30715	0.93025
16	4380000	4400000	9807	54	7294	10046	0.00550627	0.3647	0.976209
16	4400000	4420000	9044	45	8955	9632	0.00497567	0.44775	0.938953
16	4420000	4440000	12440	47	2170	12608	0.00377814	0.1085	0.986675
16	4440000	4460000	9410	40	8984	9796	0.0042508	0.4492	0.960596
16	4460000	4480000	6413	49	12031	7436	0.00764073	0.60155	0.862426
16	4480000	4500000	8260	46	10597	8421	0.00556901	0.52985	0.980881
16	4500000	4520000	9255	51	8701	9450	0.00551053	0.43505	0.979365
16	4520000	4540000	5481	34	12363	5766	0.00620325	0.61815	0.950572
16	4540000	4560000	10687	49	7167	10803	0.00458501	0.35835	0.989262
16	4560000	4580000	11855	65	7800	11969	0.00548292	0.39	0.990475
16	4580000	4600000	8941	58	12525	9045	0.00648697	0.62625	0.988502
16	4600000	4620000	6092	50	14433	6233	0.00820749	0.72165	0.977378
16	4620000	4640000	6781	57	12735	6880	0.00840584	0.63675	0.98561
16	4640000	4660000	9839	54	7620	10658	0.00548836	0.381	0.923156
16	4660000	4680000	8862	64	8948	8996	0.00722185	0.4474	0.985104
16	4680000	4700000	7533	74	11629	8041	0.00982344	0.58145	0.936824
16	4700000	4720000	10053	93	8082	11096	0.00925097	0.4041	0.906002
16	4720000	4740000	9528	71	4812	11223	0.00745172	0.2406	0.848971
16	4740000	4760000	11045	93	5897	11303	0.0084201	0.29485	0.977174
16	4760000	4780000	7933	73	12855	8012	0.00920207	0.64275	0.99014
16	4780000	4800000	10040	81	7079	10134	0.00806773	0.35395	0.990724
16	4800000	4820000	8521	62	10948	8612	0.00727614	0.5474	0.989433
16	4820000	4840000	5878	48	14206	6079	0.00816604	0.7103	0.966935
16	4840000	4860000	8299	61	9359	8405	0.00735028	0.46795	0.987388
16	4860000	4880000	9022	56	10125	9116	0.00620705	0.50625	0.989688
16	4880000	4900000	8264	69	6850	9535	0.00834947	0.3425	0.866702
16	4900000	4920000	11879	69	6486	12000	0.00580857	0.3243	0.989917
16	4920000	4940000	13038	67	3632	13199	0.00513882	0.1816	0.987802
16	4940000	4960000	9417	102	8689	10385	0.0108315	0.43445	0.906789
16	4960000	4980000	9958	85	10681	10067	0.00853585	0.53405	0.989173
16	4980000	5000000	9342	84	9285	9465	0.00899165	0.46425	0.987005
16	5000000	5020000	5784	53	12285	6727	0.00916321	0.61425	0.859819
16	5020000	5040000	8466	57	12916	8633	0.00673281	0.6458	0.980656
16	5040000	5060000	8298	61	12116	9471	0.00735117	0.6058	0.876148
16	5060000	5080000	11214	89	9207	11541	0.00793651	0.46035	0.971666
16	5080000	5100000	9129	60	12212	9226	0.00657246	0.6106	0.989486
16	5100000	5120000	8650	84	12604	8737	0.00971098	0.6302	0.990042
16	5120000	5140000	4470	45	7067	4551	0.0100671	0.35335	0.982202
16	5140000	5160000	105	12	10808	138	0.114286	0.5404	0.76087
16	5160000	5180000	276	20	11006	335	0.0724638	0.5503	0.823881
16	5180000	5200000	1228	18	11150	1261	0.014658	0.5575	0.97383
16	5200000	5220000	2784	53	12575	2826	0.0190374	0.62875	0.985138
16	5220000	5240000	6912	91	15052	7104	0.0131655	0.7526	0.972973
16	5240000	5260000	7426	82	12129	7523	0.0110423	0.60645	0.987106
16	5260000	5280000	9901	74	9954	10007	0.00747399	0.4977	0.989407
16	5280000	5300000	3747	32	9484	3781	0.00854017	0.4742	0.991008
16	5300000	5320000	384	16	10593	393	0.0416667	0.52965	0.977099
16	5320000	5340000	491	26	14903	501	0.0529532	0.74515	0.98004
16	5340000	5360000	7736	90	12506	7834	0.0116339	0.6253	0.98749
16	5360000	5380000	11277	129	11920	11439	0.0114392	0.596	0.985838
16	5380000	5400000	12447	135	9805	12849	0.010846	0.49025	0.968714
16	5400000	5420000	10915	123	9796	11389	0.0112689	0.4898	0.958381
16	5420000	5440000	11097	123	9956	12026	0.0110841	0.4978	0.922751
16	5440000	5460000	11426	136	12277	11656	0.0119027	0.61385	0.980268
16	5460000	5480000	11317	126	10409	12248	0.0111337	0.52045	0.923988
16	5480000	5500000	11590	127	8713	12776	0.0109577	0.43565	0.90717
16	5500000	5520000	13191	162	8873	13430	0.0122811	0.44365	0.982204
16	5520000	5540000	11692	118	10045	12109	0.0100924	0.50225	0.965563
16	5540000	5560000	11273	136	9010	12471	0.0120642	0.4505	0.903937
16	5560000	5580000	11813	169	11163	12002	0.0143063	0.55815	0.984253
16	5580000	5600000	10525	118	14521	10958	0.0112114	0.72605	0.960485
16	5600000	5620000	11024	139	9833	11211	0.0126089	0.49165	0.98332
16	5620000	5640000	11846	116	10447	12018	0.00979233	0.52235	0.985688
16	5640000	5660000	11854	117	8985	12003	0.00987009	0.44925	0.987586
16	5660000	5680000	8971	99	7701	12376	0.0110356	0.38505	0.724871
16	5680000	5700000	11553	102	9026	11689	0.00882888	0.4513	0.988365
16	5700000	5720000	10847	124	9521	11534	0.0114317	0.47605	0.940437
16	5720000	5740000	11864	115	6831	12901	0.00969319	0.34155	0.919619
16	5740000	5760000	12862	109	9334	13032	0.00847458	0.4667	0.986955
16	5760000	5780000	11159	137	9815	13006	0.0122771	0.49075	0.857989
16	5780000	5800000	8263	116	10805	9065	0.0140385	0.54025	0.911528
16	5800000	5820000	11082	142	9254	11429	0.0128136	0.4627	0.969639
16	5820000	5840000	10266	101	10468	12345	0.0098383	0.5234	0.831592
16	5840000	5860000	12122	94	9206	12603	0.0077545	0.4603	0.961834
16	5860000	5880000	10677	111	11635	10810	0.0103962	0.58175	0.987697
16	5880000	5900000	12734	90	7953	12906	0.00706769	0.39765	0.986673
16	5900000	5920000	11316	132	10591	11468	0.0116649	0.52955	0.986746
16	5920000	5940000	11839	98	8232	11973	0.00827773	0.4116	0.988808
16	5940000	5960000	10059	117	10543	10230	0.0116314	0.52715	0.983284
16	5960000	5980000	10484	116	9869	11705	0.0110645	0.49345	0.895686
16	5980000	6000000	11833	121	11862	12001	0.0102256	0.5931	0.986001
16	6000000	6020000	10021	112	12191	10155	0.0111765	0.60955	0.986805
16	6020000	6040000	11273	133	10495	11448	0.0117981	0.52475	0.984713
16	6040000	6060000	11920	108	7905	12090	0.0090604	0.39525	0.985939
16	6060000	6080000	12458	90	6601	12583	0.00722427	0.33005	0.990066
16	6080000	6100000	12539	78	11047	12682	0.00622059	0.55235	0.988724
16	6100000	6120000	11016	91	8109	11144	0.00826071	0.40545	0.988514
16	6120000	6140000	10588	113	9384	10769	0.0106725	0.4692	0.983192
16	6140000	6160000	11715	108	8586	12674	0.00921895	0.4293	0.924333
16	6160000	6180000	11966	107	10055	12135	0.008942	0.50275	0.986073
16	6180000	6200000	11585	107	8476	11739	0.00923608	0.4238	0.986881
16	6200000	6220000	11995	159	7471	12146	0.0132555	0.37355	0.987568
16	6220000	6240000	11303	91	9145	11447	0.00805096	0.45725	0.98742
16	6240000	6260000	12845	97	6491	13011	0.00755158	0.32455	0.987242
16	6260000	6280000	7488	92	10560	8422	0.0122863	0.528	0.8891
16	6280000	6300000	11873	132	8321	12032	0.0111177	0.41605	0.986785
16	6300000	6320000	12259	129	7864	12434	0.0105229	0.3932	0.985926
16	6320000	6340000	12495	128	8451	12675	0.0102441	0.42255	0.985799
16	6340000	6360000	11008	85	8550	11171	0.00772166	0.4275	0.985409
16	6360000	6380000	12923	80	6320	13095	0.00619051	0.316	0.986865
16	6380000	6400000	11699	109	9968	11848	0.00931704	0.4984	0.987424
16	6400000	6420000	11651	135	7767	11774	0.011587	0.38835	0.989553
16	6420000	6440000	11288	103	7455	11451	0.00912473	0.37275	0.985765
16	6440000	6460000	11597	135	11289	11765	0.0116409	0.56445	0.98572
16	6460000	6480000	10334	146	8492	10480	0.0141281	0.4246	0.986069
16	6480000	6500000	11198	97	9332	11352	0.00866226	0.4666	0.986434
16	6500000	6520000	11130	91	9823	11257	0.0081761	0.49115	0.988718
16	6520000	6540000	11892	99	7130	12499	0.00832492	0.3565	0.951436
16	6540000	6560000	11380	102	7356	11536	0.00896309	0.3678	0.986477
16	6560000	6580000	13000	105	6199	13188	0.00807692	0.30995	0.985745
16	6580000	6600000	12133	146	7869	12291	0.0120333	0.39345	0.987145
16	6600000	6620000	11815	119	8357	11992	0.0100719	0.41785	0.98524
16	6620000	6640000	11208	116	9794	11372	0.0103498	0.4897	0.985579
16	6640000	6660000	11640	131	8920	11809	0.0112543	0.446	0.985689
16	6660000	6680000	10979	138	8057	11230	0.0125695	0.40285	0.977649
16	6680000	6700000	9629	110	8963	10767	0.0114238	0.44815	0.894307
16	6700000	6720000	10889	140	9821	11039	0.012857	0.49105	0.986412
16	6720000	6740000	10739	89	9877	10879	0.00828755	0.49385	0.987131
16	6740000	6760000	11635	102	7298	11846	0.00876665	0.3649	0.982188
16	6760000	6780000	11473	131	9516	11593	0.0114181	0.4758	0.989649
16	6780000	6800000	12142	130	12206	12576	0.0107066	0.6103	0.96549
16	6800000	6820000	11636	107	8651	11770	0.0091956	0.43255	0.988615
16	6820000	6840000	9883	121	10989	10239	0.0122432	0.54945	0.965231
16	6840000	6860000	9861	136	9129	10559	0.0137917	0.45645	0.933895
16	6860000	6880000	10661	173	9836	10884	0.0162274	0.4918	0.979511
16	6880000	6900000	10300	116	9489	10491	0.0112621	0.47445	0.981794
16	6900000	6920000	11628	177	6604	11964	0.0152219	0.3302	0.971916
16	6920000	6940000	12442	207	7524	12620	0.0166372	0.3762	0.985895
16	6940000	6960000	11991	186	8005	12277	0.0155116	0.40025	0.976704
16	6960000	6980000	10821	160	9530	11009	0.0147861	0.4765	0.982923
16	6980000	7000000	9568	146	11525	9811	0.0152592	0.57625	0.975232
16	7000000	7020000	9574	109	10297	9736	0.011385	0.51485	0.983361
16	7020000	7040000	9912	146	11026	10098	0.0147296	0.5513	0.981581
16	7040000	7060000	10312	121	10370	10477	0.0117339	0.5185	0.984251
16	7060000	7080000	11031	124	8836	11196	0.011241	0.4418	0.985263
16	7080000	7100000	10409	113	9872	10560	0.010856	0.4936	0.985701
16	7100000	7120000	11843	124	7376	12020	0.0104703	0.3688	0.985275
16	7120000	7140000	12326	143	6820	12483	0.0116015	0.341	0.987423
16	7140000	7160000	12626	149	6107	12826	0.011801	0.30535	0.984407
16	7160000	7180000	11919	169	10805	12574	0.014179	0.54025	0.947908
16	7180000	7200000	11206	125	7232	11383	0.0111547	0.3616	0.98445
16	7200000	7220000	11425	113	8802	11860	0.00989059	0.4401	0.963322
16	7220000	7240000	12379	185	7187	12557	0.0149447	0.35935	0.985825
16	7240000	7260000	11249	136	9206	11411	0.01209	0.4603	0.985803
16	7260000	7280000	10952	131	8722	11764	0.0119613	0.4361	0.930976
16	7280000	7300000	5928	85	7116	6088	0.0143387	0.3558	0.973719
16	7300000	7320000	11967	122	8654	12713	0.0101947	0.4327	0.94132
16	7320000	7340000	11157	140	7046	12326	0.0125482	0.3523	0.90516
16	7340000	7360000	12833	133	4018	12987	0.0103639	0.2009	0.988142
16	7360000	7380000	13126	144	6006	13289	0.0109706	0.3003	0.987734
16	7380000	7400000	12827	145	5832	13009	0.0113043	0.2916	0.98601
16	7400000	7420000	12399	131	7747	12779	0.0105654	0.38735	0.970264
16	7420000	7440000	12180	165	6498	12503	0.0135468	0.3249	0.974166
16	7440000	7460000	12611	155	7678	12817	0.0122909	0.3839	0.983928
16	7460000	7480000	11203	119	7151	11361	0.0106222	0.35755	0.986093
16	7480000	7500000	12329	153	6311	12512	0.0124098	0.31555	0.985374
16	7500000	7520000	11214	134	9041	11945	0.0119493	0.45205	0.938803
16	7520000	7540000	11367	146	7168	11499	0.0128442	0.3584	0.988521
16	7540000	7560000	11987	143	7903	12131	0.0119296	0.39515	0.98813
16	7560000	7580000	13032	118	6678	13204	0.00905463	0.3339	0.986974
16	7580000	7600000	13439	111	7793	13606	0.00825954	0.38965	0.987726
16	7600000	7620000	11122	88	10403	11256	0.00791225	0.52015	0.988095
16	7620000	7640000	11867	121	6608	11995	0.0101963	0.3304	0.989329
16	7640000	7660000	12054	107	5850	12182	0.00887672	0.2925	0.989493
16	7660000	7680000	12183	132	6506	12400	0.0108348	0.3253	0.9825
16	7680000	7700000	13377	108	4002	13723	0.00807356	0.2001	0.974787
16	7700000	7720000	13018	118	3688	13408	0.00906437	0.1844	0.970913
16	7720000	7740000	13985	150	2707	14157	0.0107258	0.13535	0.987851
16	7740000	7760000	13256	158	4769	13690	0.0119191	0.23845	0.968298
16	7760000	7780000	10184	101	9806	10416	0.00991752	0.4903	0.977727
16	7780000	7800000	12228	193	7555	12426	0.0157834	0.37775	0.984066
16	7800000	7820000	11382	148	10224	11565	0.013003	0.5112	0.984176
16	7820000	7840000	9410	81	10368	10180	0.00860786	0.5184	0.924361
16	7840000	7860000	12212	100	7956	12361	0.00818867	0.3978	0.987946
16	7860000	7880000	7456	70	14092	7737	0.00938841	0.7046	0.963681
16	7880000	7900000	11976	90	8439	12682	0.00751503	0.42195	0.944331
16	7900000	7920000	12465	75	9743	12588	0.00601685	0.48715	0.990229
16	7920000	7940000	5524	28	10862	11842	0.00506879	0.5431	0.466475
16	7940000	7960000	9991	74	12534	10108	0.00740667	0.6267	0.988425
16	7960000	7980000	12290	115	8517	12435	0.0093572	0.42585	0.988339
16	7980000	8000000	11639	94	9198	11758	0.0080763	0.4599	0.989879
16	8000000	8020000	11048	67	10613	11160	0.00606445	0.53065	0.989964
16	8020000	8040000	12008	87	7856	12141	0.00724517	0.3928	0.989045
16	8040000	8060000	9218	63	12398	9331	0.00683445	0.6199	0.98789
16	8060000	8080000	11608	106	12085	11742	0.00913163	0.60425	0.988588
16	8080000	8100000	10597	85	12179	10803	0.00802114	0.60895	0.980931
16	8100000	8120000	9070	68	11865	9194	0.00749724	0.59325	0.986513
16	8120000	8140000	11455	123	8813	11597	0.0107377	0.44065	0.987755
16	8140000	8160000	10624	73	10442	10741	0.00687123	0.5221	0.989107
16	8160000	8180000	9008	67	11680	9131	0.00743783	0.584	0.986529
16	8180000	8200000	7564	50	11255	10138	0.00661026	0.56275	0.746104
16	8200000	8220000	8996	61	12513	9277	0.00678079	0.62565	0.96971
16	8220000	8240000	10868	99	8932	10975	0.00910931	0.4466	0.990251
16	8240000	8260000	13123	110	9191	13262	0.00838223	0.45955	0.989519
16	8260000	8280000	10258	86	10257	10386	0.0083837	0.51285	0.987676
16	8280000	8300000	11819	127	8497	11991	0.0107454	0.42485	0.985656
16	8300000	8320000	10671	129	11901	10841	0.0120888	0.59505	0.984319
16	8320000	8340000	11791	100	9800	11906	0.00848104	0.49	0.990341
16	8340000	8360000	12208	101	9466	12450	0.00827326	0.4733	0.980562
16	8360000	8380000	9800	105	10385	10070	0.0107143	0.51925	0.973188
16	8380000	8400000	12610	108	10431	12789	0.00856463	0.52155	0.986004
16	8400000	8420000	9761	92	9655	11462	0.00942526	0.48275	0.851597
16	8420000	8440000	13020	112	7134	13354	0.00860215	0.3567	0.974989
16	8440000	8460000	10677	94	11131	10918	0.00880397	0.55655	0.977926
16	8460000	8480000	10434	90	10606	10566	0.00862565	0.5303	0.987507
16	8480000	8500000	11082	142	13055	11224	0.0128136	0.65275	0.987349
16	8500000	8520000	10634	138	11004	10861	0.0129772	0.5502	0.9791
16	8520000	8540000	11825	104	8123	11963	0.00879493	0.40615	0.988464
16	8540000	8560000	9329	105	13877	10217	0.0112552	0.69385	0.913086
16	8560000	8580000	8554	78	9000	8676	0.00911854	0.45	0.985938
16	8580000	8600000	10701	117	10467	11703	0.0109336	0.52335	0.914381
16	8600000	8620000	8118	71	13419	8552	0.008746	0.67095	0.949252
16	8620000	8640000	9078	66	10547	9400	0.00727032	0.52735	0.965745
16	8640000	8660000	0	0	0	0		0	
16	8660000	8680000	0	0	0	0		0	
16	8680000	8700000	7263	63	9043	7364	0.0086741	0.45215	0.986285
16	8700000	8720000	8168	55	12164	9582	0.00673359	0.6082	0.852432
16	8720000	8740000	13019	72	8714	13165	0.00553038	0.4357	0.98891
16	8740000	8760000	8649	62	11091	10500	0.00716846	0.55455	0.823714
16	8760000	8780000	9863	60	11192	10486	0.00608334	0.5596	0.940587
16	8780000	8800000	9059	76	12593	9457	0.00838945	0.62965	0.957915
16	8800000	8820000	10362	94	10350	10508	0.00907161	0.5175	0.986106
16	8820000	8840000	7216	90	12882	7417	0.0124723	0.6441	0.9729
16	8840000	8860000	9901	92	11943	10029	0.00929199	0.59715	0.987237
16	8860000	8880000	10196	80	9894	10402	0.00784621	0.4947	0.980196
16	8880000	8900000	8649	70	11109	8759	0.00809342	0.55545	0.987441
16	8900000	8920000	9305	77	11930	9470	0.00827512	0.5965	0.982577
16	8920000	8940000	3380	33	18090	3549	0.00976331	0.9045	0.952381
16	8940000	8960000	10558	111	6812	11245	0.0105134	0.3406	0.938906
16	8960000	8980000	7647	71	11049	8086	0.00928469	0.55245	0.945709
16	8980000	9000000	12191	103	3186	12347	0.00844886	0.1593	0.987365
16	9000000	9020000	12275	110	5962	12401	0.0089613	0.2981	0.98984
16	9020000	9040000	10229	105	6941	10593	0.0102649	0.34705	0.965638
16	9040000	9060000	10381	72	7834	10504	0.00693575	0.3917	0.98829
16	9060000	9080000	4942	37	14913	5130	0.00748685	0.74565	0.963353
16	9080000	9100000	5554	32	15087	5606	0.00576161	0.75435	0.990724
16	9100000	9120000	5573	33	15094	5679	0.00592141	0.7547	0.981335
16	9120000	9140000	4416	47	16598	4717	0.0106431	0.8299	0.936188
16	9140000	9160000	6128	50	14860	6252	0.00815927	0.743	0.980166
16	9160000	9180000	4960	50	16485	5953	0.0100806	0.82425	0.833193
16	9180000	9200000	9476	80	6792	9552	0.00844238	0.3396	0.992044
16	9200000	9220000	12336	82	4165	12788	0.00664721	0.20825	0.964654
16	9220000	9240000	7454	66	12821	7545	0.00885431	0.64105	0.987939
16	9240000	9260000	4949	28	14054	7349	0.00565771	0.7027	0.673425
16	9260000	9280000	6620	69	14063	7182	0.010423	0.70315	0.921749
16	9280000	9300000	8468	78	13832	8653	0.00921115	0.6916	0.97862
16	9300000	9320000	8149	55	11941	10044	0.00674929	0.59705	0.81133
16	9320000	9340000	9081	67	14733	9856	0.00737804	0.73665	0.921368
16	9340000	9360000	12115	71	10289	12369	0.0058605	0.51445	0.979465
16	9360000	9380000	11328	88	11802	11436	0.00776836	0.5901	0.990556
16	9380000	9400000	9237	72	11530	9594	0.00779474	0.5765	0.962789
16	9400000	9420000	11179	67	10418	11845	0.00599338	0.5209	0.943774
16	9420000	9440000	13598	100	7720	13728	0.00735402	0.386	0.99053
16	9440000	9460000	8640	60	15915	8714	0.00694444	0.79575	0.991508
16	9460000	9480000	10355	89	12291	10997	0.00859488	0.61455	0.94162
16	9480000	9500000	10269	58	11119	11703	0.00564807	0.55595	0.877467
16	9500000	9520000	13189	96	10315	13569	0.00727879	0.51575	0.971995
16	9520000	9540000	10829	106	12356	11054	0.00978853	0.6178	0.979645
16	9540000	9560000	11410	102	11187	12454	0.00893953	0.55935	0.916172
16	9560000	9580000	11126	76	12853	11238	0.00683085	0.64265	0.990034
16	9580000	9600000	13098	103	9024	13236	0.0078638	0.4512	0.989574
16	9600000	9620000	13311	76	10690	13596	0.00570956	0.5345	0.979038
16	9620000	9640000	11412	85	8958	11529	0.0074483	0.4479	0.989852
16	9640000	9660000	12063	100	11637	12196	0.00828981	0.58185	0.989095
16	9660000	9680000	11788	107	11072	11919	0.00907703	0.5536	0.989009
16	9680000	9700000	9828	61	11629	9934	0.00620676	0.58145	0.98933
16	9700000	9720000	11381	69	12507	11737	0.00606274	0.62535	0.969669
16	9720000	9740000	11208	83	11123	11525	0.00740542	0.55615	0.972495
16	9740000	9760000	12208	99	10367	12520	0.00810944	0.51835	0.97508
16	9760000	9780000	6632	47	13662	7012	0.00708685	0.6831	0.945807
16	9780000	9800000	10916	94	14533	11077	0.00861121	0.72665	0.985465
16	9800000	9820000	11219	84	11568	11447	0.0074873	0.5784	0.980082
16	9820000	9840000	11780	100	12362	11897	0.00848896	0.6181	0.990166
16	9840000	9860000	13817	84	5172	13942	0.00607947	0.2586	0.991034
16	9860000	9880000	11360	70	8948	11468	0.00616197	0.4474	0.990582
16	9880000	9900000	13157	82	7504	13285	0.00623242	0.3752	0.990365
16	9900000	9920000	11722	59	9537	11841	0.00503327	0.47685	0.98995
16	9920000	9940000	12326	64	6300	12419	0.00519228	0.315	0.992511
16	9940000	9960000	12904	70	8606	13017	0.00542467	0.4303	0.991319
16	9960000	9980000	11670	73	9703	11809	0.00625536	0.48515	0.988229
16	9980000	10000000	12147	94	9921	12280	0.00773854	0.49605	0.989169
16	10000000	10020000	12272	84	11292	12408	0.00684485	0.5646	0.989039
16	10020000	10040000	13659	65	6754	13833	0.00475877	0.3377	0.987421
16	10040000	10060000	11003	72	7924	12910	0.00654367	0.3962	0.852285
16	10060000	10080000	10000	103	15194	10111	0.0103	0.7597	0.989022
16	10080000	10100000	11518	69	8917	11636	0.00599062	0.44585	0.989859
16	10100000	10120000	12580	103	8830	12749	0.0081876	0.4415	0.986744
16	10120000	10140000	10835	91	10360	12553	0.00839871	0.518	0.86314
16	10140000	10160000	12147	101	10824	12291	0.00831481	0.5412	0.988284
16	10160000	10180000	13491	83	9815	13626	0.00615225	0.49075	0.990092
16	10180000	10200000	11655	108	10644	11777	0.00926641	0.5322	0.989641
16	10200000	10220000	11478	113	8353	11858	0.00984492	0.41765	0.967954
16	10220000	10240000	11745	74	13006	11858	0.00630055	0.6503	0.990471
16	10240000	10260000	12388	73	11375	12509	0.0058928	0.56875	0.990327
16	10260000	10280000	12573	81	6962	12885	0.00644238	0.3481	0.975786
16	10280000	10300000	9607	78	12835	10178	0.00811908	0.64175	0.943899
16	10300000	10320000	10492	91	12016	10924	0.00867327	0.6008	0.960454
16	10320000	10340000	10536	88	12511	10992	0.00835232	0.62555	0.958515
16	10340000	10360000	8275	92	12783	8396	0.0111178	0.63915	0.985588
16	10360000	10380000	5563	53	15298	5813	0.00952723	0.7649	0.956993
16	10380000	10400000	4240	46	16495	4370	0.0108491	0.82475	0.970252
16	10400000	10420000	6296	59	14537	6698	0.00937103	0.72685	0.939982
16	10420000	10440000	3992	47	17208	4824	0.0117735	0.8604	0.827529
16	10440000	10460000	5692	43	15220	5799	0.00755446	0.761	0.981549
16	10460000	10480000	6353	46	16729	6436	0.00724067	0.83645	0.987104
16	10480000	10500000	7978	51	16319	8060	0.00639258	0.81595	0.989826
16	10500000	10520000	2986	35	19439	3030	0.0117214	0.97195	0.985479
16	10520000	10540000	8675	53	12628	8841	0.00610951	0.6314	0.981224
16	10540000	10560000	7813	47	17292	7957	0.00601562	0.8646	0.981903
16	10560000	10580000	8552	65	12575	8690	0.00760056	0.62875	0.98412
16	10580000	10600000	3375	52	18408	3428	0.0154074	0.9204	0.984539
16	10600000	10620000	7461	64	12118	7625	0.00857794	0.6059	0.978492
16	10620000	10640000	10176	78	10472	10286	0.00766509	0.5236	0.989306
16	10640000	10660000	10518	78	11127	11114	0.00741586	0.55635	0.946374
16	10660000	10680000	11140	93	8046	11435	0.00834829	0.4023	0.974202
16	10680000	10700000	11870	90	9534	11977	0.00758214	0.4767	0.991066
16	10700000	10720000	9776	75	11087	10455	0.00767185	0.55435	0.935055
16	10720000	10740000	8942	100	13889	9235	0.0111832	0.69445	0.968273
16	10740000	10760000	9537	89	12553	9956	0.00933208	0.62765	0.957915
16	10760000	10780000	8862	89	11874	9435	0.0100429	0.5937	0.939269
16	10780000	10800000	5574	70	12720	5641	0.0125583	0.636	0.988123
16	10800000	10820000	3435	48	12515	4803	0.0139738	0.62575	0.715178
16	10820000	10840000	6008	46	14860	6581	0.00765646	0.743	0.912931
16	10840000	10860000	6906	52	7571	8503	0.00752968	0.37855	0.812184
16	10860000	10880000	7771	49	11809	7987	0.00630549	0.59045	0.972956
16	10880000	10900000	6692	40	15592	6896	0.00597729	0.7796	0.970418
16	10900000	10920000	9358	76	12851	9563	0.00812139	0.64255	0.978563
16	10920000	10940000	7537	66	12248	8283	0.0087568	0.6124	0.909936
16	10940000	10960000	8265	63	13234	9360	0.0076225	0.6617	0.883013
16	10960000	10980000	11511	63	8656	11972	0.00547303	0.4328	0.961493
16	10980000	11000000	11706	101	10719	11801	0.00862805	0.53595	0.99195
16	11000000	11020000	11037	62	9899	11206	0.00561747	0.49495	0.984919
16	11020000	11040000	11878	74	7841	12166	0.00623001	0.39205	0.976327
16	11040000	11060000	12677	85	9782	12925	0.00670506	0.4891	0.980812
16	11060000	11080000	11223	50	8499	11463	0.00445514	0.42495	0.979063
16	11080000	11100000	11811	62	7091	12339	0.00524934	0.35455	0.957209
16	11100000	11120000	10855	51	10270	11099	0.0046983	0.5135	0.978016
16	11120000	11140000	11516	67	9144	11649	0.00581799	0.4572	0.988583
16	11140000	11160000	13259	79	7538	13578	0.00595822	0.3769	0.976506
16	11160000	11180000	11789	49	8711	11961	0.00415642	0.43555	0.98562
16	11180000	11200000	13231	71	6407	13330	0.00536619	0.32035	0.992573
16	11200000	11220000	10806	70	8891	10894	0.00647788	0.44455	0.991922
16	11220000	11240000	12788	79	7606	12882	0.00617767	0.3803	0.992703
16	11240000	11260000	13471	96	6646	13596	0.00712642	0.3323	0.990806
16	11260000	11280000	13152	96	4134	13336	0.00729927	0.2067	0.986203
16	11280000	11300000	11249	75	11916	11396	0.00666726	0.5958	0.987101
16	11300000	11320000	10119	87	11601	10298	0.00859769	0.58005	0.982618
16	11320000	11340000	8732	56	12371	8810	0.00641319	0.61855	0.991146
16	11340000	11360000	10414	66	9232	10667	0.00633762	0.4616	0.976282
16	11360000	11380000	10803	125	8777	11321	0.0115709	0.43885	0.954244
16	11380000	11400000	8941	56	14756	9009	0.00626328	0.7378	0.992452
16	11400000	11420000	8821	62	13865	9125	0.00702868	0.69325	0.966685
16	11420000	11440000	7466	75	14242	8546	0.0100455	0.7121	0.873625
16	11440000	11460000	10816	86	10024	10933	0.00795118	0.5012	0.989298
16	11460000	11480000	8760	115	13667	8890	0.0131279	0.68335	0.985377
16	11480000	11500000	12586	134	8956	12764	0.0106468	0.4478	0.986055
16	11500000	11520000	9169	78	10573	10925	0.00850693	0.52865	0.839268
16	11520000	11540000	8922	82	14407	9262	0.00919076	0.72035	0.963291
16	11540000	11560000	10934	117	10528	11095	0.0107006	0.5264	0.985489
16	11560000	11580000	5591	60	14139	9758	0.0107315	0.70695	0.572966
16	11580000	11600000	5556	46	10517	9481	0.00827934	0.52585	0.586014
16	11600000	11620000	9840	103	9948	9992	0.0104675	0.4974	0.984788
16	11620000	11640000	7697	63	13181	8564	0.00818501	0.65905	0.898762
16	11640000	11660000	9000	63	9636	9084	0.007	0.4818	0.990753
16	11660000	11680000	8390	70	11376	8468	0.00834327	0.5688	0.990789
16	11680000	11700000	7807	57	12222	7913	0.00730114	0.6111	0.986604
16	11700000	11720000	8621	59	13865	8697	0.00684375	0.69325	0.991261
16	11720000	11740000	7658	51	14235	7885	0.0066597	0.71175	0.971211
16	11740000	11760000	6041	53	14247	6718	0.00877338	0.71235	0.899226
16	11760000	11780000	11624	65	4416	12693	0.00559188	0.2208	0.91578
16	11780000	11800000	12026	53	6854	12109	0.00440712	0.3427	0.993146
16	11800000	11820000	9639	43	9451	9724	0.00446104	0.47255	0.991259
16	11820000	11840000	9658	48	7926	9719	0.00496997	0.3963	0.993724
16	11840000	11860000	9757	36	7148	9862	0.00368966	0.3574	0.989353
16	11860000	11880000	8589	31	9106	8635	0.00360927	0.4553	0.994673
16	11880000	11900000	8112	42	11527	8467	0.00517751	0.57635	0.958073
16	11900000	11920000	3316	23	15945	4160	0.00693607	0.79725	0.797115
16	11920000	11940000	6598	48	11369	6732	0.00727493	0.56845	0.980095
16	11940000	11960000	6780	34	12054	7219	0.00501475	0.6027	0.939188
16	11960000	11980000	8515	45	8864	8808	0.00528479	0.4432	0.966735
16	11980000	12000000	6777	41	9778	7201	0.00604987	0.4889	0.941119
16	12000000	12020000	5603	24	10574	6988	0.00428342	0.5287	0.801803
16	12020000	12040000	22	1	10742	371	0.0454545	0.5371	0.0592992
16	12040000	12060000	6017	43	14051	6063	0.00714642	0.70255	0.992413
16	12060000	12080000	6783	30	12630	7326	0.00442282	0.6315	0.92588
16	12080000	12100000	9906	45	10992	10004	0.0045427	0.5496	0.990204
16	12100000	12120000	6879	43	13094	7092	0.00625091	0.6547	0.969966
16	12120000	12140000	1914	13	11064	1988	0.00679206	0.5532	0.962777
16	12140000	12160000	6927	51	9935	6989	0.00736249	0.49675	0.991129
16	12160000	12180000	6203	40	13350	6626	0.00644849	0.6675	0.936161
16	12180000	12200000	10410	56	9496	10766	0.00537944	0.4748	0.966933
16	12200000	12220000	11019	75	7633	11152	0.00680643	0.38165	0.988074
16	12220000	12240000	7938	60	11189	11129	0.00755858	0.55945	0.713272
16	12240000	12260000	12170	87	9243	12305	0.00714873	0.46215	0.989029
16	12260000	12280000	11205	84	9283	11552	0.00749665	0.46415	0.969962
16	12280000	12300000	11951	108	9513	12112	0.0090369	0.47565	0.986707
16	12300000	12320000	11716	76	10051	11880	0.00648686	0.50255	0.986195
16	12320000	12340000	11451	78	10527	11567	0.00681163	0.52635	0.989971
16	12340000	12360000	10804	82	11230	10905	0.00758978	0.5615	0.990738
16	12360000	12380000	11534	64	10244	11696	0.00554881	0.5122	0.986149
16	12380000	12400000	11728	70	9808	12114	0.00596862	0.4904	0.968136
16	12400000	12420000	11458	84	7017	12894	0.00733112	0.35085	0.88863
16	12420000	12440000	12161	116	9460	12588	0.00953869	0.473	0.966079
16	12440000	12460000	12360	108	10027	12494	0.00873786	0.50135	0.989275
16	12460000	12480000	9228	97	10665	10890	0.0105115	0.53325	0.847383
16	12480000	12500000	12670	108	7419	12800	0.00852407	0.37095	0.989844
16	12500000	12520000	12126	106	8702	12273	0.00874155	0.4351	0.988022
16	12520000	12540000	10102	76	9853	10445	0.00752326	0.49265	0.967161
16	12540000	12560000	11487	95	9082	11674	0.00827022	0.4541	0.983981
16	12560000	12580000	12681	133	9438	12909	0.0104881	0.4719	0.982338
16	12580000	12600000	10208	72	12429	10632	0.00705329	0.62145	0.96012
16	12600000	12620000	11914	112	8576	12068	0.00940071	0.4288	0.987239
16	12620000	12640000	12346	169	8288	12817	0.0136886	0.4144	0.963252
16	12640000	12660000	12119	318	5586	12972	0.0262398	0.2793	0.934243
16	12660000	12680000	11398	229	8112	12288	0.0200912	0.4056	0.927572
16	12680000	12700000	6237	168	16266	6700	0.026936	0.8133	0.930896
16	12700000	12720000	7471	179	13494	8403	0.0239593	0.6747	0.889087
16	12720000	12740000	8333	112	12677	8607	0.0134405	0.63385	0.968165
16	12740000	12760000	9294	75	9636	9408	0.00806972	0.4818	0.987883
16	12760000	12780000	11589	95	9581	11732	0.00819743	0.47905	0.987811
16	12780000	12800000	8922	82	10143	9032	0.00919076	0.50715	0.987821
16	12800000	12820000	9562	74	10822	9676	0.00773897	0.5411	0.988218
16	12820000	12840000	9411	80	12958	9538	0.00850069	0.6479	0.986685
16	12840000	12860000	9323	66	11326	9745	0.00707927	0.5663	0.956696
16	12860000	12880000	9733	86	10966	9863	0.00883592	0.5483	0.986819
16	12880000	12900000	9347	58	10598	9585	0.0062052	0.5299	0.97517
16	12900000	12920000	5542	45	15048	5708	0.00811981	0.7524	0.970918
16	12920000	12940000	7258	53	14801	8049	0.00730229	0.74005	0.901727
16	12940000	12960000	8330	62	12113	8474	0.00744298	0.60565	0.983007
16	12960000	12980000	8907	57	13214	9047	0.00639946	0.6607	0.984525
16	12980000	13000000	10230	59	9107	10343	0.00576735	0.45535	0.989075
16	13000000	13020000	11873	100	9625	11990	0.00842247	0.48125	0.990242
16	13020000	13040000	11055	73	10646	11144	0.00660335	0.5323	0.992014
16	13040000	13060000	11973	86	12091	12092	0.00718283	0.60455	0.990159
16	13060000	13080000	10619	80	11530	10732	0.00753367	0.5765	0.989471
16	13080000	13100000	11505	87	13449	11618	0.00756193	0.67245	0.990274
16	13100000	13120000	9905	86	11471	10551	0.00868248	0.57355	0.938774
16	13120000	13140000	12386	76	12025	12519	0.00613596	0.60125	0.989376
16	13140000	13160000	11994	74	8835	12136	0.00616975	0.44175	0.988299
16	13160000	13180000	11549	59	9915	11773	0.00510867	0.49575	0.980973
16	13180000	13200000	9531	65	12891	9626	0.00681985	0.64455	0.990131
16	13200000	13220000	10591	87	9726	10721	0.00821452	0.4863	0.987874
16	13220000	13240000	10612	58	10456	11396	0.00546551	0.5228	0.931204
16	13240000	13260000	5320	36	8377	12663	0.00676692	0.41885	0.420122
16	13260000	13280000	11764	87	9030	11902	0.00739544	0.4515	0.988405
16	13280000	13300000	9065	58	11316	9160	0.00639823	0.5658	0.989629
16	13300000	13320000	11749	85	8288	12032	0.00723466	0.4144	0.976479
16	13320000	13340000	9697	48	11103	10169	0.00494998	0.55515	0.953584
16	13340000	13360000	10467	81	11751	10583	0.00773861	0.58755	0.989039
16	13360000	13380000	10657	59	12244	10767	0.00553627	0.6122	0.989784
16	13380000	13400000	12902	68	8661	13171	0.0052705	0.43305	0.979576
16	13400000	13420000	10558	68	10559	10648	0.00644061	0.52795	0.991548
16	13420000	13440000	12342	89	7900	12468	0.00721115	0.395	0.989894
16	13440000	13460000	9327	75	12709	9730	0.00804117	0.63545	0.958582
16	13460000	13480000	9639	61	11299	9752	0.00632846	0.56495	0.988413
16	13480000	13500000	11067	85	11155	11303	0.00768049	0.55775	0.979121
16	13500000	13520000	11529	93	10206	11681	0.00806661	0.5103	0.986987
16	13520000	13540000	10870	91	9951	10994	0.00837167	0.49755	0.988721
16	13540000	13560000	11058	81	8488	11752	0.00732501	0.4244	0.940946
16	13560000	13580000	11418	92	12096	11535	0.00805745	0.6048	0.989857
16	13580000	13600000	11578	74	10959	11673	0.00639143	0.54795	0.991862
16	13600000	13620000	9755	75	11666	11200	0.00768836	0.5833	0.870982
16	13620000	13640000	11371	122	11959	12186	0.010729	0.59795	0.93312
16	13640000	13660000	9740	117	11543	10478	0.0120123	0.57715	0.929567
16	13660000	13680000	10609	102	12908	11242	0.00961448	0.6454	0.943693
16	13680000	13700000	10975	75	13131	11117	0.00683371	0.65655	0.987227
16	13700000	13720000	9690	66	11922	9816	0.00681115	0.5961	0.987164
16	13720000	13740000	8786	59	12355	8953	0.00671523	0.61775	0.981347
16	13740000	13760000	11011	94	11268	11164	0.00853692	0.5634	0.986295
16	13760000	13780000	10758	91	9906	10916	0.00845882	0.4953	0.985526
16	13780000	13800000	11186	104	12599	11295	0.00929734	0.62995	0.99035
16	13800000	13820000	10715	112	13351	10856	0.0104526	0.66755	0.987012
16	13820000	13840000	10574	100	11596	11734	0.00945716	0.5798	0.901142
16	13840000	13860000	11339	108	9075	11479	0.00952465	0.45375	0.987804
16	13860000	13880000	9229	72	11832	11537	0.0078015	0.5916	0.799948
16	13880000	13900000	10961	99	12103	11102	0.00903202	0.60515	0.9873
16	13900000	13920000	11681	103	9868	11808	0.00881774	0.4934	0.989245
16	13920000	13940000	10005	107	10196	10121	0.0106947	0.5098	0.988539
16	13940000	13960000	11544	77	12429	11925	0.00667013	0.62145	0.96805
16	13960000	13980000	9861	67	12707	10001	0.00679444	0.63535	0.986001
16	13980000	14000000	8505	41	11951	10442	0.00482069	0.59755	0.814499
16	14000000	14020000	11938	68	11294	12070	0.0056961	0.5647	0.989064
16	14020000	14040000	11877	86	6440	11973	0.00724089	0.322	0.991982
16	14040000	14060000	8883	56	8946	9263	0.00630418	0.4473	0.958977
16	14060000	14080000	8212	43	14693	8290	0.00523624	0.73465	0.990591
16	14080000	14100000	7911	73	11066	10064	0.00922766	0.5533	0.786069
16	14100000	14120000	9614	59	14133	9758	0.00613688	0.70665	0.985243
16	14120000	14140000	10129	78	13306	10230	0.00770066	0.6653	0.990127
16	14140000	14160000	8495	46	14532	9009	0.00541495	0.7266	0.942946
16	14160000	14180000	10374	44	11772	10449	0.00424137	0.5886	0.992822
16	14180000	14200000	12038	52	7581	12095	0.00431965	0.37905	0.995287
16	14200000	14220000	11888	55	10029	12117	0.00462651	0.50145	0.981101
16	14220000	14240000	10851	35	11569	10942	0.00322551	0.57845	0.991683
16	14240000	14260000	12955	56	9208	13038	0.00432266	0.4604	0.993634
16	14260000	14280000	11932	49	12300	12002	0.0041066	0.615	0.994168
16	14280000	14300000	12151	42	5573	12241	0.00345651	0.27865	0.992648
16	14300000	14320000	11784	50	6891	11847	0.00424304	0.34455	0.994682
16	14320000	14340000	11514	45	10463	11592	0.00390829	0.52315	0.993271
16	14340000	14360000	13961	65	5986	14040	0.00465583	0.2993	0.994373
16	14360000	14380000	9783	65	11361	9866	0.00664418	0.56805	0.991587
16	14380000	14400000	8465	45	8478	8536	0.00531601	0.4239	0.991682
16	14400000	14420000	9971	51	11216	10052	0.00511483	0.5608	0.991942
16	14420000	14440000	9408	49	13849	9630	0.00520833	0.69245	0.976947
16	14440000	14460000	8117	60	14281	8317	0.00739189	0.71405	0.975953
16	14460000	14480000	8299	63	11333	8489	0.00759128	0.56665	0.977618
16	14480000	14500000	4008	25	13553	4101	0.00623752	0.67765	0.977323
16	14500000	14520000	1335	21	11753	1359	0.0157303	0.58765	0.98234
16	14520000	14540000	1565	22	9779	1583	0.0140575	0.48895	0.988629
16	14540000	14560000	11494	51	13976	11595	0.0044371	0.6988	0.991289
16	14560000	14580000	11160	58	10567	11228	0.00519713	0.52835	0.993944
16	14580000	14600000	12007	55	8436	12074	0.00458066	0.4218	0.994451
16	14600000	14620000	11163	53	10252	11229	0.00474783	0.5126	0.994122
16	14620000	14640000	9226	52	12374	9294	0.00563625	0.6187	0.992683
16	14640000	14660000	9978	39	6962	10089	0.0039086	0.3481	0.988998
16	14660000	14680000	8012	50	10206	8061	0.00624064	0.5103	0.993921
16	14680000	14700000	8336	39	11143	8416	0.0046785	0.55715	0.990494
16	14700000	14720000	7560	34	11900	8028	0.00449735	0.595	0.941704
16	14720000	14740000	7860	45	9667	7973	0.00572519	0.48335	0.985827
16	14740000	14760000	5212	23	14430	5608	0.00441289	0.7215	0.929387
16	14760000	14780000	5873	33	15108	5926	0.00561893	0.7554	0.991056
16	14780000	14800000	265	1	13785	267	0.00377358	0.68925	0.992509
16	14800000	14820000	0	0	9892	0		0.4946	
16	14820000	14840000	0	0	13754	0		0.6877	
16	14840000	14860000	0	0	9567	0		0.47835	
16	14860000	14880000	0	0	14059	0		0.70295	
16	14880000	14900000	0	0	10080	0		0.504	
16	14900000	14920000	0	0	12295	7		0.61475	0
16	14920000	14940000	0	0	12292	0		0.6146	
16	14940000	14960000	0	0	7979	0		0.39895	
16	14960000	14980000	0	0	8076	0		0.4038	
16	14980000	15000000	0	0	11763	0		0.58815	
16	15000000	15020000	0	0	5875	0		0.29375	
16	15020000	15040000	0	0	9367	0		0.46835	
16	15040000	15060000	0	0	13090	3257		0.6545	0
16	15060000	15080000	0	0	11162	103		0.5581	0
16	15080000	15100000	0	0	10123	35		0.50615	0
16	15100000	15120000	115	5	10115	196	0.0434783	0.50575	0.586735
16	15120000	15140000	8824	82	6710	8894	0.00929284	0.3355	0.99213
16	15140000	15160000	8584	44	7484	8696	0.00512582	0.3742	0.987121
16	15160000	15180000	0	0	9632	1783		0.4816	0
16	15180000	15200000	0	0	10472	89		0.5236	0
16	15200000	15220000	0	0	10898	1		0.5449	0
16	15220000	15240000	0	0	4064	66		0.2032	0
16	15240000	15260000	0	0	10417	47		0.52085	0
16	15260000	15280000	16	1	12456	23	0.0625	0.6228	0.695652
16	15280000	15300000	0	0	8967	0		0.44835	
16	15300000	15320000	0	0	9721	0		0.48605	
16	15320000	15340000	0	0	13337	0		0.66685	
16	15340000	15360000	0	0	13098	0		0.6549	
16	15360000	15380000	34	4	10858	34	0.117647	0.5429	1
16	15380000	15400000	0	0	11823	7		0.59115	0
16	15400000	15420000	0	0	12700	0		0.635	
16	15420000	15440000	0	0	11205	0		0.56025	
16	15440000	15460000	0	0	12429	0		0.62145	
16	15460000	15480000	0	0	11068	5		0.5534	0
16	15480000	15500000	0	0	13067	1765		0.65335	0
16	15500000	15520000	2554	10	12331	3929	0.00391543	0.61655	0.650038
16	15520000	15540000	7639	47	12988	7911	0.00615264	0.6494	0.965617
16	15540000	15560000	7113	59	13077	7491	0.00829467	0.65385	0.949539
16	15560000	15580000	6739	47	17069	7986	0.00697433	0.85345	0.843852
16	15580000	15600000	9522	64	12061	9736	0.00672128	0.60305	0.97802
16	15600000	15620000	4888	28	11832	9749	0.00572831	0.5916	0.501385
16	15620000	15640000	6656	45	15063	8161	0.00676082	0.75315	0.815586
16	15640000	15660000	7235	48	12338	7470	0.00663442	0.6169	0.968541
16	15660000	15680000	6731	46	15143	6925	0.00683405	0.75715	0.971986
16	15680000	15700000	3816	15	6014	11941	0.00393082	0.3007	0.319571
16	15700000	15720000	8237	38	6550	11250	0.00461333	0.3275	0.732178
16	15720000	15740000	10382	38	7112	10472	0.00366018	0.3556	0.991406
16	15740000	15760000	6151	23	13543	6830	0.00373923	0.67715	0.900586
16	15760000	15780000	6029	48	13286	6548	0.00796152	0.6643	0.920739
16	15780000	15800000	7487	33	10813	7576	0.00440764	0.54065	0.988252
16	15800000	15820000	10385	63	8830	10485	0.00606644	0.4415	0.990463
16	15820000	15840000	7807	40	12780	8007	0.00512361	0.639	0.975022
16	15840000	15860000	9390	54	11676	9894	0.0057508	0.5838	0.94906
16	15860000	15880000	11185	67	9358	11391	0.00599017	0.4679	0.981916
16	15880000	15900000	8913	50	12571	9513	0.00560978	0.62855	0.936928
16	15900000	15920000	9043	111	12676	9829	0.0122747	0.6338	0.920033
16	15920000	15940000	4237	27	12902	7955	0.00637243	0.6451	0.532621
16	15940000	15960000	8336	67	10362	8896	0.00803743	0.5181	0.93705
16	15960000	15980000	4174	20	10653	8479	0.00479157	0.53265	0.492275
16	15980000	16000000	400	4	13990	6631	0.01	0.6995	0.0603227
16	16000000	16020000	3593	36	17310	5090	0.0100195	0.8655	0.705894
16	16020000	16040000	1326	16	16676	5483	0.0120664	0.8338	0.241838
16	16040000	16060000	6851	48	12013	7971	0.00700628	0.60065	0.859491
16	16060000	16080000	7408	67	13369	7475	0.00904428	0.66845	0.991037
16	16080000	16100000	7004	87	14147	8128	0.0124215	0.70735	0.861713
16	16100000	16120000	0	0	11892	9755		0.5946	0
16	16120000	16140000	4615	46	12578	8745	0.0099675	0.6289	0.52773
16	16140000	16160000	6206	58	13216	9105	0.00934579	0.6608	0.681604
16	16160000	16180000	8781	79	10663	8894	0.0089967	0.53315	0.987295
16	16180000	16200000	9213	102	10561	9315	0.0110713	0.52805	0.98905
16	16200000	16220000	9333	65	10878	9440	0.00696453	0.5439	0.988665
16	16220000	16240000	9485	71	11933	9622	0.0074855	0.59665	0.985762
16	16240000	16260000	9669	75	11532	10578	0.00775675	0.5766	0.914067
16	16260000	16280000	9418	72	12903	9694	0.00764494	0.64515	0.971529
16	16280000	16300000	5466	45	12272	5573	0.00823271	0.6136	0.9808
16	16300000	16320000	0	0	12434	2		0.6217	0
16	16320000	16340000	0	0	11743	0		0.58715	
16	16340000	16360000	0	0	7711	9		0.38555	0
16	16360000	16380000	0	0	7991	0		0.39955	
16	16380000	16400000	0	0	11912	0		0.5956	
16	16400000	16420000	0	0	5332	0		0.2666	
16	16420000	16440000	0	0	10615	0		0.53075	
16	16440000	16460000	0	0	4899	0		0.24495	
16	16460000	16480000	0	0	7753	0		0.38765	
16	16480000	16500000	0	0	11325	0		0.56625	
16	16500000	16520000	0	0	11713	0		0.58565	
16	16520000	16540000	0	0	12845	0		0.64225	
16	16540000	16560000	0	0	12775	0		0.63875	
16	16560000	16580000	0	0	11344	0		0.5672	
16	16580000	16600000	0	0	12521	0		0.62605	
16	16600000	16620000	0	0	13397	0		0.66985	
16	16620000	16640000	0	0	10882	0		0.5441	
16	16640000	16660000	0	0	11498	54		0.5749	0
16	16660000	16680000	0	0	15398	39		0.7699	0
16	16680000	16700000	0	0	14089	1		0.70445	0
16	16700000	16720000	0	0	15411	0		0.77055	
16	16720000	16740000	0	0	14664	183		0.7332	0
16	16740000	16760000	0	0	12634	0		0.6317	
16	16760000	16780000	0	0	12763	0		0.63815	
16	16780000	16800000	0	0	14202	0		0.7101	
16	16800000	16820000	0	0	13788	0		0.6894	
16	16820000	16840000	5	2	14325	7	0.4	0.71625	0.714286
16	16840000	16860000	1483	6	12802	1511	0.00404585	0.6401	0.981469
16	16860000	16880000	7288	46	14423	7351	0.00631175	0.72115	0.99143
16	16880000	16900000	11552	68	12132	12028	0.00588643	0.6066	0.960426
16	16900000	16920000	11234	78	10933	11476	0.00694321	0.54665	0.978913
16	16920000	16940000	7769	41	12799	8185	0.00527738	0.63995	0.949175
16	16940000	16960000	10446	66	10083	10542	0.00631821	0.50415	0.990894
16	16960000	16980000	11073	62	7907	11698	0.00559921	0.39535	0.946572
16	16980000	17000000	8698	70	14850	8978	0.00804783	0.7425	0.968813
16	17000000	17020000	11390	75	10827	11652	0.00658472	0.54135	0.977515
16	17020000	17040000	11887	78	11384	12117	0.00656179	0.5692	0.981018
16	17040000	17060000	6768	43	13627	6858	0.00635343	0.68135	0.986877
16	17060000	17080000	9536	54	12643	9649	0.00566275	0.63215	0.988289
16	17080000	17100000	8951	47	12373	9129	0.00525081	0.61865	0.980502
16	17100000	17120000	7711	55	15264	7800	0.00713267	0.7632	0.98859
16	17120000	17140000	10284	55	13377	11882	0.00534811	0.66885	0.865511
16	17140000	17160000	8547	44	15539	8865	0.00514801	0.77695	0.964129
16	17160000	17180000	10692	48	10721	10821	0.00448934	0.53605	0.988079
16	17180000	17200000	11108	68	7869	11246	0.00612171	0.39345	0.987729
16	17200000	17220000	10133	72	11340	10230	0.0071055	0.567	0.990518
16	17220000	17240000	12929	80	9432	13168	0.00618764	0.4716	0.98185
16	17240000	17260000	12487	63	8723	12581	0.00504525	0.43615	0.992528
16	17260000	17280000	12615	85	7584	12743	0.00673801	0.3792	0.989955
16	17280000	17300000	10515	62	11282	10827	0.00589634	0.5641	0.971183
16	17300000	17320000	10907	94	11312	11526	0.00861832	0.5656	0.946295
16	17320000	17340000	12451	94	10747	12631	0.00754959	0.53735	0.985749
16	17340000	17360000	11308	103	8598	12022	0.0091086	0.4299	0.940609
16	17360000	17380000	11814	70	11295	11966	0.00592517	0.56475	0.987297
16	17380000	17400000	11961	76	8753	12071	0.00635398	0.43765	0.990887
16	17400000	17420000	11241	49	10124	12040	0.00435904	0.5062	0.933638
16	17420000	17440000	10435	60	11253	10708	0.00574988	0.56265	0.974505
16	17440000	17460000	13217	70	6506	13329	0.00529621	0.3253	0.991597
16	17460000	17480000	12315	78	8411	12447	0.00633374	0.42055	0.989395
16	17480000	17500000	10321	64	11034	11013	0.00620095	0.5517	0.937165
16	17500000	17520000	11398	62	10321	11489	0.00543955	0.51605	0.992079
16	17520000	17540000	11127	45	10074	11836	0.00404422	0.5037	0.940098
16	17540000	17560000	12073	74	8948	12172	0.00612938	0.4474	0.991867
16	17560000	17580000	10822	44	10512	10904	0.00406579	0.5256	0.99248
16	17580000	17600000	9836	51	13320	9927	0.00518503	0.666	0.990833
16	17600000	17620000	10080	62	12026	10456	0.00615079	0.6013	0.96404
16	17620000	17640000	11154	100	11884	11268	0.00896539	0.5942	0.989883
16	17640000	17660000	9898	70	12085	10293	0.00707214	0.60425	0.961624
16	17660000	17680000	11114	45	9312	12399	0.00404895	0.4656	0.896363
16	17680000	17700000	10687	60	12310	11090	0.0056143	0.6155	0.963661
16	17700000	17720000	11457	73	12440	12029	0.00637165	0.622	0.952448
16	17720000	17740000	11128	65	11815	11561	0.00584112	0.59075	0.962546
16	17740000	17760000	10858	65	9675	10974	0.00598637	0.48375	0.98943
16	17760000	17780000	9762	64	14982	9840	0.00655603	0.7491	0.992073
16	17780000	17800000	12342	91	10573	12545	0.0073732	0.52865	0.983818
16	17800000	17820000	11096	69	9563	11212	0.00621846	0.47815	0.989654
16	17820000	17840000	7153	37	13437	7341	0.00517265	0.67185	0.97439
16	17840000	17860000	11711	91	9683	12160	0.00777047	0.48415	0.963076
16	17860000	17880000	12176	97	10661	12292	0.00796649	0.53305	0.990563
16	17880000	17900000	12158	100	8508	12259	0.00822504	0.4254	0.991761
16	17900000	17920000	11699	70	9877	11823	0.00598342	0.49385	0.989512
16	17920000	17940000	12896	85	9423	13037	0.00659119	0.47115	0.989185
16	17940000	17960000	11716	85	10441	11860	0.00725504	0.52205	0.987858
16	17960000	17980000	10960	56	13855	11080	0.00510949	0.69275	0.98917
16	17980000	18000000	11294	61	11677	11657	0.0054011	0.58385	0.96886
16	18000000	18020000	8143	53	16359	8223	0.00650866	0.81795	0.990271
16	18020000	18040000	11752	68	8888	11891	0.00578625	0.4444	0.98831
16	18040000	18060000	10393	67	10719	10498	0.00644665	0.53595	0.989998
16	18060000	18080000	10817	77	9482	11658	0.00711842	0.4741	0.927861
16	18080000	18100000	0	0	9447	11581		0.47235	0
16	18100000	18120000	10471	81	11916	11945	0.00773565	0.5958	0.876601
16	18120000	18140000	10731	78	10914	10935	0.00726866	0.5457	0.981344
16	18140000	18160000	6515	45	9474	12173	0.00690714	0.4737	0.535201
16	18160000	18180000	0	0	11142	4172		0.5571	0
16	18180000	18200000	20	3	10662	31	0.15	0.5331	0.645161
16	18200000	18220000	0	0	9930	3		0.4965	0
16	18220000	18240000	0	0	11052	1		0.5526	0
16	18240000	18260000	71	3	11911	72	0.0422535	0.59555	0.986111
16	18260000	18280000	1	1	11100	1	1	0.555	1
16	18280000	18300000	1	0	13424	1	0	0.6712	1
16	18300000	18320000	0	0	11968	0		0.5984	
16	18320000	18340000	0	0	11101	0		0.55505	
16	18340000	18360000	0	0	12568	0		0.6284	
16	18360000	18380000	0	0	12041	0		0.60205	
16	18380000	18400000	0	0	11515	0		0.57575	
16	18400000	18420000	0	0	11340	0		0.567	
16	18420000	18440000	0	0	8027	0		0.40135	
16	18440000	18460000	0	0	7292	0		0.3646	
16	18460000	18480000	0	0	7908	0		0.3954	
16	18480000	18500000	0	0	5556	0		0.2778	
16	18500000	18520000	0	0	11648	0		0.5824	
16	18520000	18540000	0	0	7823	0		0.39115	
16	18540000	18560000	0	0	7729	0		0.38645	
16	18560000	18580000	0	0	11970	0		0.5985	
16	18580000	18600000	0	0	12372	5		0.6186	0
16	18600000	18620000	0	0	11269	24		0.56345	0
16	18620000	18640000	0	0	14986	1		0.7493	0
16	18640000	18660000	0	0	14220	0		0.711	
16	18660000	18680000	0	0	13180	0		0.659	
16	18680000	18700000	0	0	14136	0		0.7068	
16	18700000	18720000	0	0	13698	0		0.6849	
16	18720000	18740000	0	0	13682	0		0.6841	
16	18740000	18760000	0	0	15578	0		0.7789	
16	18760000	18780000	1	1	13697	2	1	0.68485	0.5
16	18780000	18800000	0	0	12611	2878		0.63055	0
16	18800000	18820000	7491	36	4720	9450	0.00480577	0.236	0.792698
16	18820000	18840000	6995	25	11574	7031	0.00357398	0.5787	0.99488
16	18840000	18860000	12052	43	6714	12120	0.00356787	0.3357	0.994389
16	18860000	18880000	4904	35	6798	4938	0.00713703	0.3399	0.993115
16	18880000	18900000	157	4	7069	159	0.0254777	0.35345	0.987421
16	18900000	18920000	131	6	9462	169	0.0458015	0.4731	0.775148
16	18920000	18940000	167	7	9326	197	0.0419162	0.4663	0.847716
16	18940000	18960000	5077	33	15340	5617	0.0064999	0.767	0.903863
16	18960000	18980000	4794	29	15746	5268	0.00604923	0.7873	0.910023
16	18980000	19000000	4847	36	14249	5230	0.00742727	0.71245	0.926769
16	19000000	19020000	4322	37	16032	4413	0.00856085	0.8016	0.979379
16	19020000	19040000	7137	57	14108	7218	0.00798655	0.7054	0.988778
16	19040000	19060000	7211	42	13200	7384	0.00582443	0.66	0.976571
16	19060000	19080000	6928	49	12851	6990	0.00707275	0.64255	0.99113
16	19080000	19100000	8156	55	13193	8234	0.0067435	0.65965	0.990527
16	19100000	19120000	9108	55	12924	9190	0.00603865	0.6462	0.991077
16	19120000	19140000	8960	39	9991	9131	0.00435268	0.49955	0.981273
16	19140000	19160000	10340	68	11791	10428	0.0065764	0.58955	0.991561
16	19160000	19180000	10478	51	12468	10577	0.00486734	0.6234	0.99064
16	19180000	19200000	10353	56	9398	11143	0.00540906	0.4699	0.929103
16	19200000	19220000	10003	87	13821	10147	0.00869739	0.69105	0.985809
16	19220000	19240000	10410	81	12315	10492	0.00778098	0.61575	0.992185
16	19240000	19260000	10419	70	14051	10504	0.0067185	0.70255	0.991908
16	19260000	19280000	10509	70	11588	10616	0.00666096	0.5794	0.989921
16	19280000	19300000	9495	69	15050	9579	0.00726698	0.7525	0.991231
16	19300000	19320000	11710	91	10579	11801	0.00777114	0.52895	0.992289
16	19320000	19340000	9721	75	14683	9814	0.00771526	0.73415	0.990524
16	19340000	19360000	9150	87	12684	11108	0.0095082	0.6342	0.823731
16	19360000	19380000	7937	52	14302	8117	0.00655159	0.7151	0.977824
16	19380000	19400000	8123	56	13410	9130	0.006894	0.6705	0.889704
16	19400000	19420000	3767	35	18181	3822	0.00929121	0.90905	0.98561
16	19420000	19440000	7958	49	12319	8065	0.00615733	0.61595	0.986733
16	19440000	19460000	9509	82	12152	9823	0.00862341	0.6076	0.968034
16	19460000	19480000	8045	45	13221	8108	0.00559354	0.66105	0.99223
16	19480000	19500000	7873	53	12615	8529	0.00673187	0.63075	0.923086
16	19500000	19520000	9441	59	10267	9621	0.00624934	0.51335	0.981291
16	19520000	19540000	10672	43	9614	10746	0.00402924	0.4807	0.993114
16	19540000	19560000	9619	29	8307	9683	0.00301487	0.41535	0.99339
16	19560000	19580000	8788	37	10162	8977	0.00421029	0.5081	0.978946
16	19580000	19600000	7572	56	14149	7665	0.00739567	0.70745	0.987867
16	19600000	19620000	9957	54	9899	10137	0.00542332	0.49495	0.982243
16	19620000	19640000	9229	54	9417	9835	0.00585112	0.47085	0.938383
16	19640000	19660000	9138	45	12315	9254	0.00492449	0.61575	0.987465
16	19660000	19680000	9938	66	9581	10155	0.00664118	0.47905	0.978631
16	19680000	19700000	10039	67	11949	10139	0.00667397	0.59745	0.990137
16	19700000	19720000	8522	75	9766	9061	0.00880075	0.4883	0.940514
16	19720000	19740000	9469	63	9685	10563	0.00665329	0.48425	0.896431
16	19740000	19760000	10332	77	10434	10444	0.00745257	0.5217	0.989276
16	19760000	19780000	9306	49	11505	9396	0.00526542	0.57525	0.990421
16	19780000	19800000	9731	41	11164	9818	0.00421334	0.5582	0.991139
16	19800000	19820000	8540	32	12659	8758	0.00374707	0.63295	0.975108
16	19820000	19840000	8094	51	13580	8168	0.00630096	0.679	0.99094
16	19840000	19860000	9744	58	11969	9813	0.00595238	0.59845	0.992969
16	19860000	19880000	10949	61	7794	11121	0.00557129	0.3897	0.984534
16	19880000	19900000	8958	53	9377	10693	0.0059165	0.46885	0.837744
16	19900000	19920000	7212	50	14777	8679	0.00693289	0.73885	0.830971
16	19920000	19940000	7849	34	14614	7997	0.00433176	0.7307	0.981493
16	19940000	19960000	11692	75	11041	11807	0.00641464	0.55205	0.99026
16	19960000	19980000	8327	65	17357	8524	0.00780593	0.86785	0.976889
16	19980000	20000000	11379	89	12232	11482	0.00782143	0.6116	0.991029
16	20000000	20020000	11813	49	11418	11900	0.00414797	0.5709	0.992689
16	20020000	20040000	11374	91	10847	11478	0.0080007	0.54235	0.990939
16	20040000	20060000	12792	56	8190	12933	0.00437774	0.4095	0.989098
16	20060000	20080000	9373	56	11935	11933	0.00597461	0.59675	0.785469
16	20080000	20100000	12440	77	8761	12683	0.00618971	0.43805	0.98084
16	20100000	20120000	10577	58	11720	11785	0.0054836	0.586	0.897497
16	20120000	20140000	11552	82	13039	11669	0.00709834	0.65195	0.989973
16	20140000	20160000	12436	57	11277	12552	0.00458347	0.56385	0.990758
16	20160000	20180000	10333	72	10378	10482	0.00696797	0.5189	0.985785
16	20180000	20200000	10458	66	12975	10544	0.00631096	0.64875	0.991844
16	20200000	20220000	10383	56	11695	11328	0.00539343	0.58475	0.916578
16	20220000	20240000	13765	70	7061	13881	0.00508536	0.35305	0.991643
16	20240000	20260000	12638	86	9048	12818	0.00680487	0.4524	0.985957
16	20260000	20280000	11945	101	10675	12068	0.00845542	0.53375	0.989808
16	20280000	20300000	11983	70	12384	12085	0.00584161	0.6192	0.99156
16	20300000	20320000	9184	69	10977	11534	0.00751307	0.54885	0.796255
16	20320000	20340000	13711	64	7085	13876	0.00466778	0.35425	0.988109
16	20340000	20360000	10228	62	10549	11220	0.00606179	0.52745	0.911586
16	20360000	20380000	6759	53	10034	12476	0.0078414	0.5017	0.54176
16	20380000	20400000	11776	68	10120	12091	0.00577446	0.506	0.973948
16	20400000	20420000	9716	54	10350	12565	0.00555784	0.5175	0.773259
16	20420000	20440000	4976	30	13517	5046	0.00602894	0.67585	0.986128
16	20440000	20460000	1832	14	11012	1869	0.00764192	0.5506	0.980203
16	20460000	20480000	176	14	15796	197	0.0795455	0.7898	0.893401
16	20480000	20500000	96	3	8423	801	0.03125	0.42115	0.11985
16	20500000	20520000	0	0	14988	621		0.7494	0
16	20520000	20540000	0	0	10934	8808		0.5467	0
16	20540000	20560000	0	0	9160	562		0.458	0
16	20560000	20580000	1215	17	12403	1378	0.0139918	0.62015	0.881713
16	20580000	20600000	60	4	14845	66	0.0666667	0.74225	0.909091
16	20600000	20620000	492	13	11320	1105	0.0264228	0.566	0.445249
16	20620000	20640000	9969	89	7101	10852	0.00892768	0.35505	0.918633
16	20640000	20660000	4724	26	15451	7346	0.00550381	0.77255	0.643071
16	20660000	20680000	5722	69	16302	5752	0.0120587	0.8151	0.994784
16	20680000	20700000	6761	47	14293	7864	0.00695163	0.71465	0.859741
16	20700000	20720000	0	0	13635	5990		0.68175	0
16	20720000	20740000	6701	36	10348	7263	0.00537233	0.5174	0.922622
16	20740000	20760000	7248	35	8512	8386	0.00482892	0.4256	0.864298
16	20760000	20780000	8552	25	15459	8611	0.00292329	0.77295	0.993148
16	20780000	20800000	10820	43	11466	10888	0.00397412	0.5733	0.993755
16	20800000	20820000	11132	35	6229	11221	0.00314409	0.31145	0.992068
16	20820000	20840000	11048	41	10693	11110	0.00371108	0.53465	0.994419
16	20840000	20860000	11002	36	10735	11064	0.00327213	0.53675	0.994396
16	20860000	20880000	11966	61	4481	12053	0.00509778	0.22405	0.992782
16	20880000	20900000	11320	43	7977	11387	0.00379859	0.39885	0.994116
16	20900000	20920000	10080	60	7122	12278	0.00595238	0.3561	0.820981
16	20920000	20940000	9029	29	11342	9248	0.00321187	0.5671	0.976319
16	20940000	20960000	8578	33	12746	8655	0.00384705	0.6373	0.991103
16	20960000	20980000	8387	45	11686	8746	0.00536545	0.5843	0.958953
16	20980000	21000000	8886	61	11236	9113	0.00686473	0.5618	0.975091
16	21000000	21020000	8844	25	14137	8908	0.00282678	0.70685	0.992815
16	21020000	21040000	9011	30	13588	9093	0.00332926	0.6794	0.990982
16	21040000	21060000	7703	33	12138	7759	0.00428405	0.6069	0.992783
16	21060000	21080000	10441	59	9514	10538	0.0056508	0.4757	0.990795
16	21080000	21100000	9057	51	11458	9129	0.005631	0.5729	0.992113
16	21100000	21120000	9370	43	12196	9443	0.00458911	0.6098	0.992269
16	21120000	21140000	8633	48	11904	8855	0.00556006	0.5952	0.974929
16	21140000	21160000	8492	49	12130	8561	0.00577014	0.6065	0.99194
16	21160000	21180000	8695	64	11096	9092	0.00736055	0.5548	0.956335
16	21180000	21200000	8803	55	13546	8883	0.00624787	0.6773	0.990994
16	21200000	21220000	11732	46	8083	11869	0.0039209	0.40415	0.988457
16	21220000	21240000	9121	36	11985	9223	0.00394694	0.59925	0.988941
16	21240000	21260000	8815	65	12565	9461	0.00737379	0.62825	0.93172
16	21260000	21280000	11457	84	10548	11555	0.00733176	0.5274	0.991519
16	21280000	21300000	10223	82	11741	10310	0.00802113	0.58705	0.991562
16	21300000	21320000	8152	85	13467	8768	0.0104269	0.67335	0.929745
16	21320000	21340000	7238	63	14040	7338	0.00870406	0.702	0.986372
16	21340000	21360000	1916	16	14520	3294	0.00835073	0.726	0.581664
16	21360000	21380000	0	0	5777	37		0.28885	0
16	21380000	21400000	0	0	10354	0		0.5177	
16	21400000	21420000	0	0	11220	0		0.561	
16	21420000	21440000	0	0	11399	0		0.56995	
16	21440000	21460000	0	0	12727	0		0.63635	
16	21460000	21480000	0	0	6602	0		0.3301	
16	21480000	21500000	0	0	5938	0		0.2969	
16	21500000	21520000	0	0	11884	0		0.5942	
16	21520000	21540000	0	0	6467	31		0.32335	0
16	21540000	21560000	0	0	12555	0		0.62775	
16	21560000	21580000	41	0	10591	41	0	0.52955	1
16	21580000	21600000	621	4	16783	756	0.00644122	0.83915	0.821429
16	21600000	21620000	9253	58	8440	9322	0.00626824	0.422	0.992598
16	21620000	21640000	10599	37	7353	10653	0.0034909	0.36765	0.994931
16	21640000	21660000	6750	23	11715	6910	0.00340741	0.58575	0.976845
16	21660000	21680000	8403	21	10509	8446	0.00249911	0.52545	0.994909
16	21680000	21700000	8544	41	15833	8595	0.00479869	0.79165	0.994066
16	21700000	21720000	8107	49	12749	8197	0.00604416	0.63745	0.98902
16	21720000	21740000	8992	40	10761	9141	0.0044484	0.53805	0.9837
16	21740000	21760000	132	3	14010	136	0.0227273	0.7005	0.970588
16	21760000	21780000	0	0	11001	1		0.55005	0
16	21780000	21800000	0	0	12830	0		0.6415	
16	21800000	21820000	0	0	11279	0		0.56395	
16	21820000	21840000	0	0	10698	58		0.5349	0
16	21840000	21860000	0	0	9670	0		0.4835	
16	21860000	21880000	0	0	11658	0		0.5829	
16	21880000	21900000	0	0	9289	0		0.46445	
16	21900000	21920000	0	0	6993	0		0.34965	
16	21920000	21940000	0	0	10432	0		0.5216	
16	21940000	21960000	0	0	8167	5898		0.40835	0
16	21960000	21980000	7563	27	11077	9734	0.00357001	0.55385	0.776967
16	21980000	22000000	11281	40	8264	11421	0.00354578	0.4132	0.987742
16	22000000	22020000	9625	35	10166	9705	0.00363636	0.5083	0.991757
16	22020000	22040000	12293	47	6366	12418	0.00382331	0.3183	0.989934
16	22040000	22060000	10094	47	13819	10389	0.00465623	0.69095	0.971605
16	22060000	22080000	11304	35	12348	11375	0.00309625	0.6174	0.993758
16	22080000	22100000	13024	35	4396	13085	0.00268735	0.2198	0.995338
16	22100000	22120000	10458	34	11952	10540	0.0032511	0.5976	0.99222
16	22120000	22140000	10243	42	10370	10315	0.00410036	0.5185	0.99302
16	22140000	22160000	10078	41	10717	10139	0.00406827	0.53585	0.993984
16	22160000	22180000	8272	37	11737	8384	0.00447292	0.58685	0.986641
16	22180000	22200000	8977	35	12194	9186	0.00389885	0.6097	0.977248
16	22200000	22220000	7688	35	9971	8270	0.00455255	0.49855	0.929625
16	22220000	22240000	8326	60	13390	8400	0.00720634	0.6695	0.99119
16	22240000	22260000	6610	28	13678	6672	0.00423601	0.6839	0.990707
16	22260000	22280000	9643	42	10216	9709	0.00435549	0.5108	0.993202
16	22280000	22300000	7556	31	14371	7601	0.0041027	0.71855	0.99408
16	22300000	22320000	9867	44	11400	9944	0.00445931	0.57	0.992257
16	22320000	22340000	11336	56	7256	11964	0.00494001	0.3628	0.947509
16	22340000	22360000	8230	30	11649	8593	0.0036452	0.58245	0.957756
16	22360000	22380000	9952	134	9762	10248	0.0134646	0.4881	0.971116
16	22380000	22400000	648	6	8237	9088	0.00925926	0.41185	0.0713028
16	22400000	22420000	0	0	14238	7200		0.7119	0
16	22420000	22440000	0	0	12373	3917		0.61865	0
16	22440000	22460000	0	0	8941	107		0.44705	0
16	22460000	22480000	0	0	7139	0		0.35695	
16	22480000	22500000	0	0	6644	0		0.3322	
16	22500000	22520000	0	0	12616	0		0.6308	
16	22520000	22540000	0	0	10881	0		0.54405	
16	22540000	22560000	0	0	10445	1		0.52225	0
16	22560000	22580000	0	0	13542	0		0.6771	
16	22580000	22600000	0	0	10646	0		0.5323	
16	22600000	22620000	0	0	13363	0		0.66815	
16	22620000	22640000	61	0	14336	66	0	0.7168	0.924242
16	22640000	22660000	57	0	13044	59	0	0.6522	0.966102
16	22660000	22680000	22	1	15060	22	0.0454545	0.753	1
16	22680000	22700000	74	0	9034	74	0	0.4517	1
16	22700000	22720000	1378	23	11866	2425	0.0166909	0.5933	0.568247
16	22720000	22740000	4078	32	11557	4255	0.00784698	0.57785	0.958402
16	22740000	22760000	4580	34	10695	4927	0.00742358	0.53475	0.929572
16	22760000	22780000	5671	38	10925	5729	0.00670076	0.54625	0.989876
16	22780000	22800000	11122	69	12255	11204	0.00620392	0.61275	0.992681
16	22800000	22820000	11470	57	13814	11585	0.00496949	0.6907	0.990073
16	22820000	22840000	12172	49	8047	12718	0.00402563	0.40235	0.957069
16	22840000	22860000	10229	75	12331	10338	0.0073321	0.61655	0.989456
16	22860000	22880000	12367	76	9454	12472	0.00614539	0.4727	0.991581
16	22880000	22900000	11559	63	11097	11667	0.0054503	0.55485	0.990743
16	22900000	22920000	11612	80	9528	11877	0.00688942	0.4764	0.977688
16	22920000	22940000	12642	54	10219	12883	0.00427148	0.51095	0.981293
16	22940000	22960000	11114	50	10073	12116	0.00449883	0.50365	0.917299
16	22960000	22980000	9984	67	10554	11133	0.00671074	0.5277	0.896793
16	22980000	23000000	12807	106	11558	12944	0.00827672	0.5779	0.989416
16	23000000	23020000	10909	86	12174	11770	0.0078834	0.6087	0.926848
16	23020000	23040000	11933	110	10178	12047	0.00921813	0.5089	0.990537
16	23040000	23060000	10710	82	12118	10807	0.0076564	0.6059	0.991024
16	23060000	23080000	12677	73	6943	12795	0.00575846	0.34715	0.990778
16	23080000	23100000	12880	59	5161	13558	0.00458075	0.25805	0.949993
16	23100000	23120000	8802	57	11656	8870	0.0064758	0.5828	0.992334
16	23120000	23140000	10840	64	9848	10991	0.00590406	0.4924	0.986261
16	23140000	23160000	10832	80	10060	11069	0.00738552	0.503	0.978589
16	23160000	23180000	8100	64	14346	8165	0.00790123	0.7173	0.992039
16	23180000	23200000	9305	51	11774	9719	0.00548092	0.5887	0.957403
16	23200000	23220000	10658	52	9744	11367	0.00487896	0.4872	0.937626
16	23220000	23240000	11457	73	10107	11549	0.00637165	0.50535	0.992034
16	23240000	23260000	8226	64	14416	8289	0.00778021	0.7208	0.9924
16	23260000	23280000	7220	40	14024	8067	0.00554017	0.7012	0.895004
16	23280000	23300000	7850	44	16181	7901	0.0056051	0.80905	0.993545
16	23300000	23320000	7705	44	13498	7796	0.00571058	0.6749	0.988327
16	23320000	23340000	9263	53	11649	9500	0.00572169	0.58245	0.975053
16	23340000	23360000	8411	45	14319	8734	0.00535014	0.71595	0.963018
16	23360000	23380000	9819	71	12856	9929	0.00723088	0.6428	0.988921
16	23380000	23400000	1326	12	9807	10143	0.00904977	0.49035	0.130731
16	23400000	23420000	11743	54	7530	11838	0.00459848	0.3765	0.991975
16	23420000	23440000	9296	30	10245	9336	0.00322719	0.51225	0.995716
16	23440000	23460000	7399	45	12852	7459	0.0060819	0.6426	0.991956
16	23460000	23480000	5953	51	12716	6766	0.00856711	0.6358	0.87984
16	23480000	23500000	7999	54	10949	9344	0.00675084	0.54745	0.856057
16	23500000	23520000	9782	47	8153	9856	0.00480474	0.40765	0.992492
16	23520000	23540000	8655	42	13991	8729	0.00485269	0.69955	0.991523
16	23540000	23560000	7983	38	14241	8044	0.00476012	0.71205	0.992417
16	23560000	23580000	9721	41	9164	9815	0.00421767	0.4582	0.990423
16	23580000	23600000	9078	38	8495	9138	0.00418594	0.42475	0.993434
16	23600000	23620000	7086	29	13122	7319	0.00409258	0.6561	0.968165
16	23620000	23640000	7027	24	12798	7076	0.0034154	0.6399	0.993075
16	23640000	23660000	7797	32	10963	7861	0.00410414	0.54815	0.991859
16	23660000	23680000	8760	53	11397	9118	0.00605023	0.56985	0.960737
16	23680000	23700000	10810	61	11021	10926	0.00564292	0.55105	0.989383
16	23700000	23720000	10576	50	8813	10648	0.00472769	0.44065	0.993238
16	23720000	23740000	7393	35	14012	8167	0.00473421	0.7006	0.905228
16	23740000	23760000	7511	85	14778	7572	0.0113167	0.7389	0.991944
16	23760000	23780000	8820	62	12379	8929	0.00702948	0.61895	0.987793
16	23780000	23800000	8506	52	13130	8612	0.00611333	0.6565	0.987692
16	23800000	23820000	8293	52	14809	8416	0.00627035	0.74045	0.985385
16	23820000	23840000	9043	67	14269	9122	0.00740905	0.71345	0.99134
16	23840000	23860000	10178	42	10122	10960	0.00412655	0.5061	0.92865
16	23860000	23880000	10111	43	12567	10344	0.00425279	0.62835	0.977475
16	23880000	23900000	10002	49	12232	10103	0.00489902	0.6116	0.990003
16	23900000	23920000	12376	69	10218	12501	0.00557531	0.5109	0.990001
16	23920000	23940000	10531	52	11904	10610	0.0049378	0.5952	0.992554
16	23940000	23960000	12022	59	9801	12205	0.00490767	0.49005	0.985006
16	23960000	23980000	11618	72	9796	11709	0.00619728	0.4898	0.992228
16	23980000	24000000	11670	50	10507	11983	0.00428449	0.52535	0.97388
16	24000000	24020000	11708	62	13262	12168	0.00529552	0.6631	0.962196
16	24020000	24040000	7066	50	12326	10973	0.00707614	0.6163	0.643944
16	24040000	24060000	10144	57	10368	11177	0.00561909	0.5184	0.907578
16	24060000	24080000	11654	74	12894	11765	0.00634975	0.6447	0.990565
16	24080000	24100000	11947	49	11044	12066	0.00410145	0.5522	0.990138
16	24100000	24120000	9525	53	12402	9918	0.0055643	0.6201	0.960375
16	24120000	24140000	9952	53	11906	10036	0.00532556	0.5953	0.99163
16	24140000	24160000	9350	36	9841	10572	0.00385027	0.49205	0.884412
16	24160000	24180000	11263	32	9482	11321	0.00284116	0.4741	0.994877
16	24180000	24200000	12085	64	10730	12159	0.00529582	0.5365	0.993914
16	24200000	24220000	11662	62	8709	12293	0.00531641	0.43545	0.94867
16	24220000	24240000	12564	51	8046	13159	0.00405922	0.4023	0.954784
16	24240000	24260000	10783	46	12817	11206	0.00426597	0.64085	0.962252
16	24260000	24280000	13009	56	8015	13093	0.00430471	0.40075	0.993584
16	24280000	24300000	11324	70	11612	11412	0.00618156	0.5806	0.992289
16	24300000	24320000	11607	66	9878	11717	0.00568622	0.4939	0.990612
16	24320000	24340000	10062	36	13677	10146	0.00357782	0.68385	0.991721
16	24340000	24360000	10173	60	10395	10291	0.00589797	0.51975	0.988534
16	24360000	24380000	9849	64	11813	10824	0.00649812	0.59065	0.909922
16	24380000	24400000	7858	53	15145	8640	0.00674472	0.75725	0.909491
16	24400000	24420000	8163	46	14713	9588	0.00563518	0.73565	0.851377
16	24420000	24440000	7607	57	15029	7722	0.0074931	0.75145	0.985107
16	24440000	24460000	7274	43	14831	7339	0.00591147	0.74155	0.991143
16	24460000	24480000	8769	66	12760	8878	0.00752651	0.638	0.987722
16	24480000	24500000	9731	54	13521	9862	0.00554928	0.67605	0.986717
16	24500000	24520000	7552	52	15287	7628	0.00688559	0.76435	0.990037
16	24520000	24540000	7908	56	15453	7984	0.00708144	0.77265	0.990481
16	24540000	24560000	8757	35	9953	8910	0.0039968	0.49765	0.982828
16	24560000	24580000	12752	50	3169	12856	0.00392095	0.15845	0.99191
16	24580000	24600000	8525	41	10243	8583	0.00480938	0.51215	0.993242
16	24600000	24620000	5813	38	18464	6499	0.00653707	0.9232	0.894445
16	24620000	24640000	8229	39	14122	8540	0.00473934	0.7061	0.963583
16	24640000	24660000	8133	55	14923	8210	0.00676257	0.74615	0.990621
16	24660000	24680000	6625	26	15592	6752	0.00392453	0.7796	0.981191
16	24680000	24700000	8295	40	14101	8364	0.00482218	0.70505	0.99175
16	24700000	24720000	6980	58	15223	7048	0.00830946	0.76115	0.990352
16	24720000	24740000	7054	49	16312	7110	0.00694641	0.8156	0.992124
16	24740000	24760000	10176	37	10267	10958	0.00363601	0.51335	0.928637
16	24760000	24780000	12598	61	5138	12666	0.00484204	0.2569	0.994631
16	24780000	24800000	12226	87	7806	12296	0.00711598	0.3903	0.994307
16	24800000	24820000	13076	48	6402	13150	0.00367085	0.3201	0.994373
16	24820000	24840000	10512	47	5613	11572	0.00447108	0.28065	0.9084
16	24840000	24860000	9516	60	13169	9613	0.00630517	0.65845	0.989909
16	24860000	24880000	8290	51	15541	8461	0.00615199	0.77705	0.97979
16	24880000	24900000	6852	56	14207	8287	0.0081728	0.71035	0.826837
16	24900000	24920000	6148	30	13910	7042	0.00487964	0.6955	0.873047
16	24920000	24940000	10766	52	7913	10956	0.00483002	0.39565	0.982658
16	24940000	24960000	11044	85	7948	11153	0.00769649	0.3974	0.990227
16	24960000	24980000	11923	73	6786	12172	0.00612262	0.3393	0.979543
16	24980000	25000000	10647	60	7954	10935	0.00563539	0.3977	0.973663
16	25000000	25020000	8776	50	11456	8878	0.00569736	0.5728	0.988511
16	25020000	25040000	7121	42	10642	7447	0.00589805	0.5321	0.956224
16	25040000	25060000	7118	59	15556	7174	0.00828885	0.7778	0.992194
16	25060000	25080000	3591	35	12780	6448	0.00974659	0.639	0.556917
16	25080000	25100000	632	5	13661	7717	0.00791139	0.68305	0.0818971
16	25100000	25120000	8276	55	8985	8906	0.00664572	0.44925	0.929261
16	25120000	25140000	8478	49	12657	8559	0.00577967	0.63285	0.990536
16	25140000	25160000	10841	40	13503	10964	0.0036897	0.67515	0.988781
16	25160000	25180000	8934	44	12916	9019	0.00492501	0.6458	0.990575
16	25180000	25200000	7348	47	13837	7440	0.0063963	0.69185	0.987634
16	25200000	25220000	6147	35	14325	6206	0.00569383	0.71625	0.990493
16	25220000	25240000	8823	42	12596	8975	0.00476029	0.6298	0.983064
16	25240000	25260000	10788	36	9397	11299	0.00333704	0.46985	0.954775
16	25260000	25280000	7972	57	11209	8946	0.00715003	0.56045	0.891125
16	25280000	25300000	8340	62	15138	8401	0.00743405	0.7569	0.992739
16	25300000	25320000	9414	62	13763	9548	0.00658594	0.68815	0.985966
16	25320000	25340000	9705	41	15315	9838	0.00422463	0.76575	0.986481
16	25340000	25360000	9631	52	12847	9979	0.00539923	0.64235	0.965127
16	25360000	25380000	8362	42	13011	8859	0.00502272	0.65055	0.943899
16	25380000	25400000	3661	21	14117	4144	0.00573614	0.70585	0.883446
16	25400000	25420000	12043	68	10592	12125	0.00564643	0.5296	0.993237
16	25420000	25440000	10938	82	10825	11608	0.0074968	0.54125	0.942281
16	25440000	25460000	11826	94	11019	11969	0.00794859	0.55095	0.988052
16	25460000	25480000	8890	57	10661	9673	0.0064117	0.53305	0.919053
16	25480000	25500000	8654	74	14886	8725	0.00855096	0.7443	0.991862
16	25500000	25520000	12114	75	10636	12236	0.00619118	0.5318	0.990029
16	25520000	25540000	3091	15	12727	9098	0.0048528	0.63635	0.339745
16	25540000	25560000	8945	57	9473	11366	0.00637228	0.47365	0.786996
16	25560000	25580000	4284	27	15916	6347	0.00630252	0.7958	0.674965
16	25580000	25600000	8274	67	13323	8515	0.00809766	0.66615	0.971697
16	25600000	25620000	8260	66	13118	8376	0.00799031	0.6559	0.986151
16	25620000	25640000	9289	71	13003	9466	0.00764345	0.65015	0.981302
16	25640000	25660000	11531	77	11308	11658	0.00667765	0.5654	0.989106
16	25660000	25680000	12397	101	10795	12520	0.00814713	0.53975	0.990176
16	25680000	25700000	7874	133	16584	8077	0.016891	0.8292	0.974867
16	25700000	25720000	3181	34	7995	12778	0.0106885	0.39975	0.248943
16	25720000	25740000	8366	59	9804	12071	0.00705235	0.4902	0.693066
16	25740000	25760000	11785	87	9681	11901	0.00738227	0.48405	0.990253
16	25760000	25780000	13101	95	8492	13238	0.00725135	0.4246	0.989651
16	25780000	25800000	12803	73	9689	12910	0.00570179	0.48445	0.991712
16	25800000	25820000	12043	80	14484	12176	0.00664286	0.7242	0.989077
16	25820000	25840000	10457	86	11510	10566	0.00822416	0.5755	0.989684
16	25840000	25860000	12043	57	10339	12149	0.00473304	0.51695	0.991275
16	25860000	25880000	10040	55	14412	10132	0.00547809	0.7206	0.99092
16	25880000	25900000	13230	85	10537	13369	0.00642479	0.52685	0.989603
16	25900000	25920000	12260	62	8746	12373	0.0050571	0.4373	0.990867
16	25920000	25940000	11584	68	10811	11709	0.00587017	0.54055	0.989324
16	25940000	25960000	12222	84	9166	12322	0.00687285	0.4583	0.991884
16	25960000	25980000	12069	80	10370	12235	0.00662855	0.5185	0.986432
16	25980000	26000000	11357	58	10679	12051	0.00510698	0.53395	0.942411
16	26000000	26020000	12417	88	11560	12544	0.00708706	0.578	0.989876
16	26020000	26040000	11664	97	13223	11770	0.00831619	0.66115	0.990994
16	26040000	26060000	11310	78	9290	11435	0.00689655	0.4645	0.989069
16	26060000	26080000	11728	73	8603	11817	0.00622442	0.43015	0.992468
16	26080000	26100000	12386	73	11344	12512	0.00589375	0.5672	0.98993
16	26100000	26120000	9150	70	12126	9287	0.00765027	0.6063	0.985248
16	26120000	26140000	11838	89	10661	11954	0.00751816	0.53305	0.990296
16	26140000	26160000	14224	100	7029	14340	0.00703037	0.35145	0.991911
16	26160000	26180000	11894	90	11066	12027	0.00756684	0.5533	0.988942
16	26180000	26200000	11815	104	11465	11936	0.00880237	0.57325	0.989863
16	26200000	26220000	11373	85	10802	11481	0.00747384	0.5401	0.990593
16	26220000	26240000	12415	76	10797	12541	0.00612163	0.53985	0.989953
16	26240000	26260000	9447	95	14089	9581	0.0100561	0.70445	0.986014
16	26260000	26280000	11793	86	11891	11920	0.00729246	0.59455	0.989346
16	26280000	26300000	10946	81	11655	11386	0.00739996	0.58275	0.961356
16	26300000	26320000	12129	133	11057	12280	0.0109655	0.55285	0.987704
16	26320000	26340000	11930	96	14165	12066	0.00804694	0.70825	0.988729
16	26340000	26360000	11406	90	10041	11512	0.00789058	0.50205	0.990792
16	26360000	26380000	11336	93	10022	11467	0.00820395	0.5011	0.988576
16	26380000	26400000	12441	107	10351	12579	0.00860059	0.51755	0.989029
16	26400000	26420000	11508	92	12959	11630	0.00799444	0.64795	0.98951
16	26420000	26440000	6114	66	17523	6176	0.0107949	0.87615	0.989961
16	26440000	26460000	11081	92	10748	11222	0.0083025	0.5374	0.987435
16	26460000	26480000	10475	87	13643	10560	0.00830549	0.68215	0.991951
16	26480000	26500000	9519	67	16778	9613	0.00703855	0.8389	0.990222
16	26500000	26520000	12076	97	8502	12209	0.00803246	0.4251	0.989106
16	26520000	26540000	12524	110	10091	12635	0.00878314	0.50455	0.991215
16	26540000	26560000	10368	73	11948	11317	0.0070409	0.5974	0.916144
16	26560000	26580000	11502	82	9608	11836	0.00712919	0.4804	0.971781
16	26580000	26600000	11971	108	11244	12096	0.0090218	0.5622	0.989666
16	26600000	26620000	9107	82	13111	9880	0.00900406	0.65555	0.921761
16	26620000	26640000	9174	65	11693	9296	0.00708524	0.58465	0.986876
16	26640000	26660000	10838	64	10798	11566	0.00590515	0.5399	0.937057
16	26660000	26680000	10671	110	14727	10913	0.0103083	0.73635	0.977825
16	26680000	26700000	10320	73	13391	10435	0.00707364	0.66955	0.988979
16	26700000	26720000	10281	74	14210	10424	0.00719774	0.7105	0.986282
16	26720000	26740000	10383	88	10129	10713	0.00847539	0.50645	0.969196
16	26740000	26760000	10913	62	11015	11220	0.0056813	0.55075	0.972638
16	26760000	26780000	10537	65	10260	10650	0.00616874	0.513	0.98939
16	26780000	26800000	12052	85	10446	12238	0.00705277	0.5223	0.984801
16	26800000	26820000	12270	109	11973	12405	0.00888346	0.59865	0.989117
16	26820000	26840000	10239	105	9951	10622	0.0102549	0.49755	0.963943
16	26840000	26860000	9903	86	14661	10040	0.00868424	0.73305	0.986355
16	26860000	26880000	10781	78	10212	11239	0.00723495	0.5106	0.959249
16	26880000	26900000	10350	87	14601	10955	0.0084058	0.73005	0.944774
16	26900000	26920000	10778	102	14912	10965	0.00946372	0.7456	0.982946
16	26920000	26940000	9269	79	14216	9362	0.00852303	0.7108	0.990066
16	26940000	26960000	10120	62	11758	10547	0.00612648	0.5879	0.959515
16	26960000	26980000	11509	115	9822	11929	0.00999218	0.4911	0.964792
16	26980000	27000000	10208	54	14506	10311	0.00528997	0.7253	0.990011
16	27000000	27020000	11895	106	13613	12025	0.00891131	0.68065	0.989189
16	27020000	27040000	7653	67	13038	9498	0.00875474	0.6519	0.805749
16	27040000	27060000	8760	86	14553	10013	0.00981735	0.72765	0.874863
16	27060000	27080000	8093	89	10001	10936	0.0109972	0.50005	0.740033
16	27080000	27100000	11534	109	13054	11661	0.00945032	0.6527	0.989109
16	27100000	27120000	9368	79	15671	9459	0.00843296	0.78355	0.99038
16	27120000	27140000	7841	86	14790	9428	0.010968	0.7395	0.831672
16	27140000	27160000	9080	67	11526	9735	0.00737885	0.5763	0.932717
16	27160000	27180000	9549	77	12361	9833	0.00806367	0.61805	0.971118
16	27180000	27200000	9658	58	14261	10166	0.00600538	0.71305	0.95003
16	27200000	27220000	7840	50	12965	8756	0.00637755	0.64825	0.895386
16	27220000	27240000	12746	102	6016	13048	0.00800251	0.3008	0.976855
16	27240000	27260000	11932	86	6702	12034	0.00720751	0.3351	0.991524
16	27260000	27280000	9259	61	14031	9332	0.00658818	0.70155	0.992177
16	27280000	27300000	8032	57	13546	8347	0.00709661	0.6773	0.962262
16	27300000	27320000	6982	49	15265	8433	0.00701805	0.76325	0.827938
16	27320000	27340000	10650	81	12061	10730	0.00760563	0.60305	0.992544
16	27340000	27360000	9207	72	13156	9982	0.00782014	0.6578	0.92236
16	27360000	27380000	11781	75	10596	11874	0.00636618	0.5298	0.992168
16	27380000	27400000	11248	80	11774	11360	0.00711238	0.5887	0.990141
16	27400000	27420000	10690	67	13533	10758	0.00626754	0.67665	0.993679
16	27420000	27440000	6241	37	17450	8084	0.00592854	0.8725	0.772019
16	27440000	27460000	5255	28	9571	10170	0.00532826	0.47855	0.516716
16	27460000	27480000	9553	60	8779	10857	0.00628075	0.43895	0.879893
16	27480000	27500000	13574	66	5483	13692	0.00486224	0.27415	0.991382
16	27500000	27520000	13976	63	4852	14077	0.00450773	0.2426	0.992825
16	27520000	27540000	11498	54	9869	11716	0.00469647	0.49345	0.981393
16	27540000	27560000	10109	39	10712	10194	0.00385795	0.5356	0.991662
16	27560000	27580000	7930	43	12767	7986	0.00542245	0.63835	0.992988
16	27580000	27600000	9810	43	10509	9914	0.00438328	0.52545	0.98951
16	27600000	27620000	9455	47	12060	9543	0.00497091	0.603	0.990779
16	27620000	27640000	10320	60	11378	10396	0.00581395	0.5689	0.992689
16	27640000	27660000	11223	51	11725	11339	0.00454424	0.58625	0.98977
16	27660000	27680000	8576	37	12184	8756	0.00431437	0.6092	0.979443
16	27680000	27700000	11704	62	13805	11807	0.00529733	0.69025	0.991276
16	27700000	27720000	11879	82	12367	12002	0.00690294	0.61835	0.989752
16	27720000	27740000	11134	60	11391	11206	0.0053889	0.56955	0.993575
16	27740000	27760000	12316	48	9125	12660	0.00389737	0.45625	0.972828
16	27760000	27780000	12709	77	10172	12800	0.0060587	0.5086	0.992891
16	27780000	27800000	14597	84	5668	14692	0.00575461	0.2834	0.993534
16	27800000	27820000	10676	57	10518	10966	0.00533908	0.5259	0.973555
16	27820000	27840000	10397	64	10508	10664	0.00615562	0.5254	0.974962
16	27840000	27860000	11581	66	12227	12491	0.00569899	0.61135	0.927148
16	27860000	27880000	11233	66	11722	11336	0.00587555	0.5861	0.990914
16	27880000	27900000	10733	73	12055	10822	0.00680145	0.60275	0.991776
16	27900000	27920000	10992	93	11705	11102	0.0084607	0.58525	0.990092
16	27920000	27940000	11979	65	11968	12167	0.00542616	0.5984	0.984548
16	27940000	27960000	8864	72	13620	9147	0.00812274	0.681	0.969061
16	27960000	27980000	8593	46	12875	10635	0.00535319	0.64375	0.807992
16	27980000	28000000	9458	65	13636	9557	0.00687249	0.6818	0.989641
16	28000000	28020000	9368	59	14527	9648	0.00629804	0.72635	0.970978
16	28020000	28040000	12113	63	12222	12207	0.00520102	0.6111	0.9923
16	28040000	28060000	9436	53	12622	10129	0.00561679	0.6311	0.931583
16	28060000	28080000	10432	59	9676	11895	0.00565567	0.4838	0.877007
16	28080000	28100000	9810	81	12140	10032	0.00825688	0.607	0.977871
16	28100000	28120000	11650	47	6321	11765	0.00403433	0.31605	0.990225
16	28120000	28140000	11714	49	8511	11810	0.00418303	0.42555	0.991871
16	28140000	28160000	12533	48	7447	12627	0.00382989	0.37235	0.992556
16	28160000	28180000	12375	47	9269	12430	0.00379798	0.46345	0.995575
16	28180000	28200000	11832	59	6516	12011	0.00498648	0.3258	0.985097
16	28200000	28220000	8184	37	10377	10213	0.00452102	0.51885	0.801332
16	28220000	28240000	5048	24	14473	5536	0.00475436	0.72365	0.91185
16	28240000	28260000	5598	41	15093	5875	0.00732404	0.75465	0.952851
16	28260000	28280000	9501	46	13574	9696	0.0048416	0.6787	0.979889
16	28280000	28300000	7105	47	14921	8002	0.00661506	0.74605	0.887903
16	28300000	28320000	10673	63	10641	10815	0.00590275	0.53205	0.98687
16	28320000	28340000	6540	22	9216	9884	0.00336391	0.4608	0.661675
16	28340000	28360000	0	0	13126	9		0.6563	0
16	28360000	28380000	0	0	10247	0		0.51235	
16	28380000	28400000	0	0	13116	0		0.6558	
16	28400000	28420000	0	0	10265	0		0.51325	
16	28420000	28440000	0	0	17061	0		0.85305	
16	28440000	28460000	0	0	17093	0		0.85465	
16	28460000	28480000	0	0	11163	0		0.55815	
16	28480000	28500000	544	2	13482	5686	0.00367647	0.6741	0.0956736
16	28500000	28520000	9995	42	7179	10594	0.0042021	0.35895	0.943459
16	28520000	28540000	6113	33	15354	6325	0.00539833	0.7677	0.966482
16	28540000	28560000	7144	36	13465	7212	0.00503919	0.67325	0.990571
16	28560000	28580000	5934	29	14325	6188	0.00488709	0.71625	0.958953
16	28580000	28600000	8317	50	14167	8614	0.00601178	0.70835	0.965521
16	28600000	28620000	894	8	6810	3558	0.00894855	0.3405	0.251265
16	28620000	28640000	0	0	10961	1124		0.54805	0
16	28640000	28660000	0	0	11447	21		0.57235	0
16	28660000	28680000	0	0	11336	0		0.5668	
16	28680000	28700000	0	0	17584	0		0.8792	
16	28700000	28720000	0	0	16787	0		0.83935	
16	28720000	28740000	0	0	9716	0		0.4858	
16	28740000	28760000	0	0	13478	0		0.6739	
16	28760000	28780000	0	0	10440	0		0.522	
16	28780000	28800000	0	0	12629	0		0.63145	
16	28800000	28820000	0	0	18097	0		0.90485	
16	28820000	28840000	0	0	13136	4933		0.6568	0
16	28840000	28860000	4620	30	6427	8522	0.00649351	0.32135	0.542126
16	28860000	28880000	6192	24	13308	6339	0.00387597	0.6654	0.97681
16	28880000	28900000	9158	45	5116	10877	0.00491374	0.2558	0.84196
16	28900000	28920000	7591	39	10082	7658	0.00513766	0.5041	0.991251
16	28920000	28940000	5235	28	14394	6217	0.00534862	0.7197	0.842046
16	28940000	28960000	7492	48	11928	7619	0.00640683	0.5964	0.983331
16	28960000	28980000	7999	29	12712	8263	0.00362545	0.6356	0.96805
16	28980000	29000000	9283	45	10433	9379	0.00484757	0.52165	0.989764
16	29000000	29020000	4812	31	15959	5441	0.00644223	0.79795	0.884396
16	29020000	29040000	6405	39	15340	6459	0.00608899	0.767	0.99164
16	29040000	29060000	509	1	12099	2729	0.00196464	0.60495	0.186515
16	29060000	29080000	0	0	12476	0		0.6238	
16	29080000	29100000	0	0	11529	2		0.57645	0
16	29100000	29120000	0	0	8183	113		0.40915	0
16	29120000	29140000	0	0	7130	1166		0.3565	0
16	29140000	29160000	260	28	5714	338	0.107692	0.2857	0.769231
16	29160000	29180000	365	32	9514	416	0.0876712	0.4757	0.877404
16	29180000	29200000	230	21	4803	315	0.0913043	0.24015	0.730159
16	29200000	29220000	299	21	12338	355	0.0702341	0.6169	0.842254
16	29220000	29240000	55	3	10117	242	0.0545455	0.50585	0.227273
16	29240000	29260000	107	3	11082	258	0.0280374	0.5541	0.414729
16	29260000	29280000	196	13	6466	207	0.0663265	0.3233	0.94686
16	29280000	29300000	165	12	11202	176	0.0727273	0.5601	0.9375
16	29300000	29320000	240	17	4863	708	0.0708333	0.24315	0.338983
16	29320000	29340000	0	0	4248	843		0.2124	0
16	29340000	29360000	0	0	5892	35		0.2946	0
16	29360000	29380000	2	1	10844	4	0.5	0.5422	0.5
16	29380000	29400000	0	0	11065	0		0.55325	
16	29400000	29420000	0	0	11126	0		0.5563	
16	29420000	29440000	27	2	12487	29	0.0740741	0.62435	0.931034
16	29440000	29460000	0	0	7379	0		0.36895	
16	29460000	29480000	0	0	6780	0		0.339	
16	29480000	29500000	0	0	10240	0		0.512	
16	29500000	29520000	0	0	10662	0		0.5331	
16	29520000	29540000	0	0	13458	0		0.6729	
16	29540000	29560000	0	0	6576	0		0.3288	
16	29560000	29580000	0	0	6733	0		0.33665	
16	29580000	29600000	31	7	10932	34	0.225806	0.5466	0.911765
16	29600000	29620000	40	1	7971	60	0.025	0.39855	0.666667
16	29620000	29640000	0	0	10683	12		0.53415	0
16	29640000	29660000	0	0	13955	2892		0.69775	0
16	29660000	29680000	0	0	12476	7782		0.6238	0
16	29680000	29700000	0	0	14135	6279		0.70675	0
16	29700000	29720000	0	0	13771	5278		0.68855	0
16	29720000	29740000	0	0	19138	3503		0.9569	0
16	29740000	29760000	1357	5	14261	6879	0.0036846	0.71305	0.197267
16	29760000	29780000	4226	29	16943	4345	0.00686228	0.84715	0.972612
16	29780000	29800000	7869	44	12528	7931	0.00559156	0.6264	0.992183
16	29800000	29820000	10365	46	7222	10915	0.00443801	0.3611	0.949611
16	29820000	29840000	9903	39	6236	9996	0.0039382	0.3118	0.990696
16	29840000	29860000	7448	42	10192	9558	0.0056391	0.5096	0.779243
16	29860000	29880000	8188	43	11221	8255	0.00525159	0.56105	0.991884
16	29880000	29900000	7192	23	10549	8172	0.003198	0.52745	0.880078
16	29900000	29920000	7346	25	9960	8759	0.00340321	0.498	0.83868
16	29920000	29940000	8005	32	13913	8890	0.0039975	0.69565	0.90045
16	29940000	29960000	4548	20	16449	4613	0.00439754	0.82245	0.985909
16	29960000	29980000	5417	18	16016	5452	0.00332287	0.8008	0.99358
16	29980000	30000000	12905	45	5440	13114	0.00348702	0.272	0.984063
16	30000000	30020000	11168	42	5201	11764	0.00376074	0.26005	0.949337
16	30020000	30040000	7830	36	9979	8883	0.0045977	0.49895	0.881459
16	30040000	30060000	5429	32	12200	7143	0.00589427	0.61	0.760045
16	30060000	30080000	8512	24	9255	8557	0.00281955	0.46275	0.994741
16	30080000	30100000	9186	36	8354	9749	0.00391901	0.4177	0.94225
16	30100000	30120000	8810	43	12157	9003	0.00488082	0.60785	0.978563
16	30120000	30140000	8007	28	10243	8053	0.00349694	0.51215	0.994288
16	30140000	30160000	4174	10	18084	4330	0.00239578	0.9042	0.963972
16	30160000	30180000	3911	21	18265	4172	0.00536947	0.91325	0.93744
16	30180000	30200000	6227	21	12565	6401	0.00337241	0.62825	0.972817
16	30200000	30220000	0	0	6947	0		0.34735	
16	30220000	30240000	0	0	10186	0		0.5093	
16	30240000	30260000	0	0	10779	0		0.53895	
16	30260000	30280000	0	0	13531	0		0.67655	
16	30280000	30300000	0	0	6587	0		0.32935	
16	30300000	30320000	0	0	6329	0		0.31645	
16	30320000	30340000	14	3	11792	17	0.214286	0.5896	0.823529
16	30340000	30360000	0	0	10529	1794		0.52645	0
16	30360000	30380000	7564	39	8119	10482	0.005156	0.40595	0.721618
16	30380000	30400000	7830	29	8924	7910	0.0037037	0.4462	0.989886
16	30400000	30420000	7071	20	10722	7471	0.00282845	0.5361	0.94646
16	30420000	30440000	7443	25	12950	7992	0.00335886	0.6475	0.931306
16	30440000	30460000	7028	24	13169	7116	0.00341491	0.65845	0.987634
16	30460000	30480000	5952	28	13844	6036	0.0047043	0.6922	0.986083
16	30480000	30500000	6621	28	13633	6662	0.00422897	0.68165	0.993846
16	30500000	30520000	5417	29	14078	5735	0.00535352	0.7039	0.944551
16	30520000	30540000	8004	33	9557	8955	0.00412294	0.47785	0.893802
16	30540000	30560000	4545	24	12031	5003	0.00528053	0.60155	0.908455
16	30560000	30580000	5555	24	11571	6897	0.00432043	0.57855	0.805423
16	30580000	30600000	6208	13	11040	6239	0.00209407	0.552	0.995031
16	30600000	30620000	5945	20	14957	6240	0.00336417	0.74785	0.952724
16	30620000	30640000	4157	32	15746	4266	0.00769786	0.7873	0.974449
16	30640000	30660000	4201	22	14888	5215	0.00523685	0.7444	0.805561
16	30660000	30680000	11466	42	4565	11532	0.003663	0.22825	0.994277
16	30680000	30700000	6116	28	14397	6269	0.00457816	0.71985	0.975594
16	30700000	30720000	6800	28	11944	7175	0.00411765	0.5972	0.947735
16	30720000	30740000	10165	34	8693	10356	0.00334481	0.43465	0.981557
16	30740000	30760000	9431	33	8510	10225	0.0034991	0.4255	0.922347
16	30760000	30780000	12028	42	5173	12142	0.00349185	0.25865	0.990611
16	30780000	30800000	11460	52	4093	12518	0.00453752	0.20465	0.915482
16	30800000	30820000	3863	12	14261	5045	0.00310639	0.71305	0.765709
16	30820000	30840000	5363	30	15010	5408	0.00559388	0.7505	0.991679
16	30840000	30860000	9008	29	14688	9103	0.00321936	0.7344	0.989564
16	30860000	30880000	3618	16	19047	3783	0.00442233	0.95235	0.956384
16	30880000	30900000	8028	26	13435	8083	0.00323866	0.67175	0.993196
16	30900000	30920000	7792	28	10770	8363	0.00359343	0.5385	0.931723
16	30920000	30940000	6185	22	9841	7566	0.00355699	0.49205	0.817473
16	30940000	30960000	8079	27	11743	8765	0.003342	0.58715	0.921734
16	30960000	30980000	9952	51	7607	10458	0.0051246	0.38035	0.951616
16	30980000	31000000	10768	55	7129	11005	0.00510773	0.35645	0.978464
16	31000000	31020000	10598	65	7350	11177	0.00613323	0.3675	0.948197
16	31020000	31040000	6189	20	15547	6400	0.00323154	0.77735	0.967031
16	31040000	31060000	7930	35	11099	8493	0.00441362	0.55495	0.93371
16	31060000	31080000	6795	24	13582	6955	0.00353201	0.6791	0.976995
16	31080000	31100000	11934	36	4379	12242	0.00301659	0.21895	0.974841
16	31100000	31120000	5896	31	13738	6093	0.0052578	0.6869	0.967668
16	31120000	31140000	8588	46	10214	8800	0.00535631	0.5107	0.975909
16	31140000	31160000	10340	33	6932	10658	0.00319149	0.3466	0.970163
16	31160000	31180000	4592	16	13306	5053	0.00348432	0.6653	0.908767
16	31180000	31200000	6863	29	9581	7453	0.00422556	0.47905	0.920837
16	31200000	31220000	9079	45	8415	9882	0.00495649	0.42075	0.918741
16	31220000	31240000	7713	29	9650	7980	0.00375989	0.4825	0.966541
16	31240000	31260000	4323	21	16131	4505	0.00485774	0.80655	0.9596
16	31260000	31280000	7474	41	13246	7580	0.00548568	0.6623	0.986016
16	31280000	31300000	5619	25	15571	5681	0.00444919	0.77855	0.989086
16	31300000	31320000	4323	23	16656	4505	0.00532038	0.8328	0.9596
16	31320000	31340000	5540	20	16310	5632	0.00361011	0.8155	0.983665
16	31340000	31360000	5525	27	13944	7062	0.00488688	0.6972	0.782356
16	31360000	31380000	6820	37	9054	9003	0.00542522	0.4527	0.757525
16	31380000	31400000	8361	45	11192	8785	0.00538213	0.5596	0.951736
16	31400000	31420000	4339	34	9582	10002	0.00783591	0.4791	0.433813
16	31420000	31440000	4026	15	8953	9752	0.00372578	0.44765	0.412838
16	31440000	31460000	8436	25	12178	8593	0.00296349	0.6089	0.981729
16	31460000	31480000	7505	40	8515	9091	0.00532978	0.42575	0.825542
16	31480000	31500000	10441	48	7866	10487	0.00459726	0.3933	0.995614
16	31500000	31520000	11698	63	7284	11819	0.00538554	0.3642	0.989762
16	31520000	31540000	6809	50	10890	6861	0.00734322	0.5445	0.992421
16	31540000	31560000	5296	42	11519	5358	0.00793051	0.57595	0.988429
16	31560000	31580000	1297	13	8539	4416	0.0100231	0.42695	0.293705
16	31580000	31600000	1999	13	18078	2617	0.00650325	0.9039	0.763852
16	31600000	31620000	187	1	10913	4423	0.00534759	0.54565	0.042279
16	31620000	31640000	69	2	18649	2164	0.0289855	0.93245	0.0318854
16	31640000	31660000	5164	31	17061	5311	0.0060031	0.85305	0.972322
16	31660000	31680000	3778	33	15338	3817	0.00873478	0.7669	0.989783
16	31680000	31700000	7395	39	13792	7451	0.00527383	0.6896	0.992484
16	31700000	31720000	9130	46	8617	9228	0.00503834	0.43085	0.98938
16	31720000	31740000	9306	44	8701	9568	0.00472813	0.43505	0.972617
16	31740000	31760000	2240	13	18684	2273	0.00580357	0.9342	0.985482
16	31760000	31780000	3602	28	12288	3639	0.00777346	0.6144	0.989832
16	31780000	31800000	2402	78	17599	2812	0.0324729	0.87995	0.854196
16	31800000	31820000	1250	61	7379	4120	0.0488	0.36895	0.303398
16	31820000	31840000	0	0	11216	4711		0.5608	0
16	31840000	31860000	0	0	17615	5349		0.88075	0
16	31860000	31880000	6586	44	13460	8207	0.00668084	0.673	0.802486
16	31880000	31900000	9781	51	7491	9831	0.00521419	0.37455	0.994914
16	31900000	31920000	4530	28	18215	4554	0.00618102	0.91075	0.99473
16	31920000	31940000	2296	11	12899	9209	0.00479094	0.64495	0.249321
16	31940000	31960000	0	0	19621	6789		0.98105	0
16	31960000	31980000	0	0	9619	657		0.48095	0
16	31980000	32000000	0	0	7366	1		0.3683	0
16	32000000	32020000	0	0	9445	6		0.47225	0
16	32020000	32040000	0	0	14543	0		0.72715	
16	32040000	32060000	0	0	12823	0		0.64115	
16	32060000	32080000	0	0	6963	0		0.34815	
16	32080000	32100000	0	0	12435	2		0.62175	0
16	32100000	32120000	0	0	10777	0		0.53885	
16	32120000	32140000	0	0	10062	8		0.5031	0
16	32140000	32160000	0	0	9123	0		0.45615	
16	32160000	32180000	0	0	10209	0		0.51045	
16	32180000	32200000	0	0	6667	0		0.33335	
16	32200000	32220000	0	0	5100	0		0.255	
16	32220000	32240000	0	0	8868	0		0.4434	
16	32240000	32260000	0	0	11249	0		0.56245	
16	32260000	32280000	0	0	7039	1		0.35195	0
16	32280000	32300000	0	0	14754	0		0.7377	
16	32300000	32320000	0	0	9790	3		0.4895	0
16	32320000	32340000	0	0	8452	0		0.4226	
16	32340000	32360000	0	0	14410	0		0.7205	
16	32360000	32380000	0	0	12220	0		0.611	
16	32380000	32400000	1	1	15006	1	1	0.7503	1
16	32400000	32420000	22	4	14774	23	0.181818	0.7387	0.956522
16	32420000	32440000	17	0	17373	18	0	0.86865	0.944444
16	32440000	32460000	0	0	10363	0		0.51815	
16	32460000	32480000	0	0	13411	7		0.67055	0
16	32480000	32500000	0	0	11813	14		0.59065	0
16	32500000	32520000	0	0	19989	3		0.99945	0
16	32520000	32540000	0	0	19988	0		0.9994	
16	32540000	32560000	0	0	19954	14		0.9977	0
16	32560000	32580000	0	0	18989	0		0.94945	
16	32580000	32600000	0	0	19986	0		0.9993	
16	32600000	32620000	0	0	8272	0		0.4136	
16	32620000	32640000	0	0	5394	79		0.2697	0
16	32640000	32660000	0	0	11475	38		0.57375	0
16	32660000	32680000	0	0	13156	0		0.6578	
16	32680000	32700000	0	0	9513	0		0.47565	
16	32700000	32720000	0	0	8867	0		0.44335	
16	32720000	32740000	0	0	7024	0		0.3512	
16	32740000	32760000	0	0	7405	0		0.37025	
16	32760000	32780000	0	0	8509	0		0.42545	
16	32780000	32800000	0	0	9003	0		0.45015	
16	32800000	32820000	0	0	10074	0		0.5037	
16	32820000	32840000	0	0	11080	13		0.554	0
16	32840000	32860000	0	0	12472	6		0.6236	0
16	32860000	32880000	0	0	10125	0		0.50625	
16	32880000	32900000	0	0	1881	0		0.09405	
16	32900000	32920000	0	0	9747	0		0.48735	
16	32920000	32940000	0	0	8828	1		0.4414	0
16	32940000	32960000	0	0	8346	2		0.4173	0
16	32960000	32980000	0	0	14764	0		0.7382	
16	32980000	33000000	0	0	13015	0		0.65075	
16	33000000	33020000	0	0	8554	0		0.4277	
16	33020000	33040000	0	0	12122	0		0.6061	
16	33040000	33060000	0	0	9337	0		0.46685	
16	33060000	33080000	0	0	10511	9		0.52555	0
16	33080000	33100000	0	0	9041	0		0.45205	
16	33100000	33120000	0	0	11495	0		0.57475	
16	33120000	33140000	0	0	5781	0		0.28905	
16	33140000	33160000	0	0	4946	0		0.2473	
16	33160000	33180000	0	0	8196	0		0.4098	
16	33180000	33200000	0	0	11583	0		0.57915	
16	33200000	33220000	0	0	6837	0		0.34185	
16	33220000	33240000	0	0	16781	0		0.83905	
16	33240000	33260000	0	0	10641	0		0.53205	
16	33260000	33280000	0	0	8210	0		0.4105	
16	33280000	33300000	0	0	12307	0		0.61535	
16	33300000	33320000	0	0	10428	0		0.5214	
16	33320000	33340000	0	0	9314	0		0.4657	
16	33340000	33360000	0	0	15041	0		0.75205	
16	33360000	33380000	0	0	10123	7		0.50615	0
16	33380000	33400000	0	0	12637	0		0.63185	
16	33400000	33420000	0	0	14421	0		0.72105	
16	33420000	33440000	0	0	10728	2		0.5364	0
16	33440000	33460000	17	1	10586	17	0.0588235	0.5293	1
16	33460000	33480000	0	0	12385	75		0.61925	0
16	33480000	33500000	0	0	11024	26		0.5512	0
16	33500000	33520000	0	0	13590	14		0.6795	0
16	33520000	33540000	0	0	3804	56		0.1902	0
16	33540000	33560000	0	0	6775	53		0.33875	0
16	33560000	33580000	0	0	5524	37		0.2762	0
16	33580000	33600000	0	0	10695	60		0.53475	0
16	33600000	33620000	0	0	7465	246		0.37325	0
16	33620000	33640000	0	0	13552	1		0.6776	0
16	33640000	33660000	0	0	9710	4		0.4855	0
16	33660000	33680000	0	0	10631	6		0.53155	0
16	33680000	33700000	0	0	15329	0		0.76645	
16	33700000	33720000	0	0	10378	2		0.5189	0
16	33720000	33740000	0	0	9274	1		0.4637	0
16	33740000	33760000	0	0	11974	1		0.5987	0
16	33760000	33780000	0	0	7909	1		0.39545	0
16	33780000	33800000	0	0	1694	43		0.0847	0
16	33800000	33820000	0	0	10622	35		0.5311	0
16	33820000	33840000	0	0	12563	98		0.62815	0
16	33840000	33860000	0	0	10993	432		0.54965	0
16	33860000	33880000	0	0	17974	130		0.8987	0
16	33880000	33900000	0	0	19377	87		0.96885	0
16	33900000	33920000	0	0	19909	96		0.99545	0
16	33920000	33940000	0	0	12673	392		0.63365	0
16	33940000	33960000	497	28	10784	548	0.056338	0.5392	0.906934
16	33960000	33980000	85	1	14409	877	0.0117647	0.72045	0.0969213
16	33980000	34000000	0	0	19998	0		0.9999	
16	34000000	34020000	0	0	19914	3		0.9957	0
16	34020000	34040000	0	0	3130	4		0.1565	0
16	34040000	34060000	0	0	0	0		0	
16	34060000	34080000	0	0	0	0		0	
16	34080000	34100000	0	0	0	0		0	
16	34100000	34120000	0	0	0	0		0	
16	34120000	34140000	0	0	0	0		0	
16	34140000	34160000	0	0	0	0		0	
16	34160000	34180000	0	0	3283	49		0.16415	0
16	34180000	34200000	0	0	17066	1581		0.8533	0
16	34200000	34220000	4404	34	10394	9078	0.00772025	0.5197	0.485129
16	34220000	34240000	3457	55	15099	3704	0.0159097	0.75495	0.933315
16	34240000	34260000	5747	67	10839	6269	0.0116583	0.54195	0.916733
16	34260000	34280000	10557	101	7870	11329	0.00956711	0.3935	0.931856
16	34280000	34300000	11497	128	6022	11617	0.0111333	0.3011	0.98967
16	34300000	34320000	5788	55	13338	5845	0.00950242	0.6669	0.990248
16	34320000	34340000	2565	40	7142	2923	0.0155945	0.3571	0.877523
16	34340000	34360000	6625	40	8389	9525	0.00603774	0.41945	0.695538
16	34360000	34380000	0	0	7356	11722		0.3678	0
16	34380000	34400000	3662	24	11876	6602	0.0065538	0.5938	0.55468
16	34400000	34420000	9713	71	10041	10046	0.00730979	0.50205	0.966852
16	34420000	34440000	7002	50	4087	11608	0.00714082	0.20435	0.603205
16	34440000	34460000	3436	39	9600	5774	0.0113504	0.48	0.595081
16	34460000	34480000	5548	34	11858	5592	0.00612833	0.5929	0.992132
16	34480000	34500000	6385	53	6434	6426	0.0083007	0.3217	0.99362
16	34500000	34520000	5344	35	17421	5365	0.0065494	0.87105	0.996086
16	34520000	34540000	4505	27	18659	4773	0.00599334	0.93295	0.943851
16	34540000	34560000	7311	43	9421	9038	0.00588155	0.47105	0.808918
16	34560000	34580000	0	0	9930	6075		0.4965	0
16	34580000	34600000	0	0	13428	7353		0.6714	0
16	34600000	34620000	0	0	12931	7172		0.64655	0
16	34620000	34640000	0	0	8301	6940		0.41505	0
16	34640000	34660000	0	0	9605	6654		0.48025	0
16	34660000	34680000	0	0	10508	11173		0.5254	0
16	34680000	34700000	3646	22	8946	9106	0.00603401	0.4473	0.400395
16	34700000	34720000	2710	13	11772	5380	0.00479705	0.5886	0.503717
16	34720000	34740000	3220	22	7091	8688	0.0068323	0.35455	0.370626
16	34740000	34760000	5326	48	14965	5522	0.00901239	0.74825	0.964506
16	34760000	34780000	1944	12	10199	5056	0.00617284	0.50995	0.384494
16	34780000	34800000	4978	30	13912	7927	0.00602652	0.6956	0.62798
16	34800000	34820000	12687	77	10478	12879	0.0060692	0.5239	0.985092
16	34820000	34840000	6529	42	15410	6587	0.00643284	0.7705	0.991195
16	34840000	34860000	3011	21	19916	3024	0.00697443	0.9958	0.995701
16	34860000	34880000	10253	67	10811	10319	0.00653467	0.54055	0.993604
16	34880000	34900000	1549	9	19700	2537	0.0058102	0.985	0.610564
16	34900000	34920000	0	0	19923	1860		0.99615	0
16	34920000	34940000	1035	11	19910	2570	0.010628	0.9955	0.402724
16	34940000	34960000	2258	27	19504	2333	0.0119575	0.9752	0.967853
16	34960000	34980000	4104	99	17441	6554	0.0241228	0.87205	0.626182
16	34980000	35000000	2541	26	13496	6419	0.0102322	0.6748	0.395856
16	35000000	35020000	1924	22	19915	2526	0.0114345	0.99575	0.761679
16	35020000	35040000	7757	59	11426	8582	0.00760603	0.5713	0.903869
16	35040000	35060000	10053	49	12713	10533	0.00487417	0.63565	0.954429
16	35060000	35080000	7470	40	12166	7530	0.00535475	0.6083	0.992032
16	35080000	35100000	10100	72	16834	10149	0.00712871	0.8417	0.995172
16	35100000	35120000	9637	64	14529	9728	0.00664107	0.72645	0.990646
16	35120000	35140000	7253	63	16024	7313	0.00868606	0.8012	0.991795
16	35140000	35160000	1927	30	17725	5289	0.0155682	0.88625	0.364341
16	35160000	35180000	0	0	19941	2010		0.99705	0
16	35180000	35200000	0	0	19972	647		0.9986	0
16	35200000	35220000	0	0	19944	135		0.9972	0
16	35220000	35240000	0	0	20000	0		1	
16	35240000	35260000	0	0	19989	0		0.99945	
16	35260000	35280000	0	0	19984	9		0.9992	0
16	35280000	35300000	0	0	5787	34		0.28935	0
16	35300000	35320000	0	0	0	0		0	
16	35320000	35340000	0	0	0	0		0	
16	35340000	35360000	0	0	0	0		0	
16	35360000	35380000	0	0	0	0		0	
16	35380000	35400000	0	0	0	0		0	
16	35400000	35420000	0	0	0	0		0	
16	35420000	35440000	0	0	0	0		0	
16	35440000	35460000	0	0	0	0		0	
16	35460000	35480000	0	0	0	0		0	
16	35480000	35500000	0	0	0	0		0	
16	35500000	35520000	0	0	0	0		0	
16	35520000	35540000	0	0	0	0		0	
16	35540000	35560000	0	0	0	0		0	
16	35560000	35580000	0	0	0	0		0	
16	35580000	35600000	0	0	0	0		0	
16	35600000	35620000	0	0	0	0		0	
16	35620000	35640000	0	0	0	0		0	
16	35640000	35660000	0	0	0	0		0	
16	35660000	35680000	0	0	0	0		0	
16	35680000	35700000	0	0	0	0		0	
16	35700000	35720000	0	0	0	0		0	
16	35720000	35740000	0	0	0	0		0	
16	35740000	35760000	0	0	0	0		0	
16	35760000	35780000	0	0	0	0		0	
16	35780000	35800000	0	0	0	0		0	
16	35800000	35820000	0	0	0	0		0	
16	35820000	35840000	0	0	0	0		0	
16	35840000	35860000	0	0	0	0		0	
16	35860000	35880000	0	0	0	0		0	
16	35880000	35900000	0	0	0	0		0	
16	35900000	35920000	0	0	0	0		0	
16	35920000	35940000	0	0	0	0		0	
16	35940000	35960000	0	0	0	0		0	
16	35960000	35980000	0	0	0	0		0	
16	35980000	36000000	0	0	0	0		0	
16	36000000	36020000	0	0	0	0		0	
16	36020000	36040000	0	0	0	0		0	
16	36040000	36060000	0	0	0	0		0	
16	36060000	36080000	0	0	0	0		0	
16	36080000	36100000	0	0	0	0		0	
16	36100000	36120000	0	0	0	0		0	
16	36120000	36140000	0	0	0	0		0	
16	36140000	36160000	0	0	0	0		0	
16	36160000	36180000	0	0	0	0		0	
16	36180000	36200000	0	0	0	0		0	
16	36200000	36220000	0	0	0	0		0	
16	36220000	36240000	0	0	0	0		0	
16	36240000	36260000	0	0	0	0		0	
16	36260000	36280000	0	0	0	0		0	
16	36280000	36300000	0	0	0	0		0	
16	36300000	36320000	0	0	0	0		0	
16	36320000	36340000	0	0	0	0		0	
16	36340000	36360000	0	0	0	0		0	
16	36360000	36380000	0	0	0	0		0	
16	36380000	36400000	0	0	0	0		0	
16	36400000	36420000	0	0	0	0		0	
16	36420000	36440000	0	0	0	0		0	
16	36440000	36460000	0	0	0	0		0	
16	36460000	36480000	0	0	0	0		0	
16	36480000	36500000	0	0	0	0		0	
16	36500000	36520000	0	0	0	0		0	
16	36520000	36540000	0	0	0	0		0	
16	36540000	36560000	0	0	0	0		0	
16	36560000	36580000	0	0	0	0		0	
16	36580000	36600000	0	0	0	0		0	
16	36600000	36620000	0	0	0	0		0	
16	36620000	36640000	0	0	0	0		0	
16	36640000	36660000	0	0	0	0		0	
16	36660000	36680000	0	0	0	0		0	
16	36680000	36700000	0	0	0	0		0	
16	36700000	36720000	0	0	0	0		0	
16	36720000	36740000	0	0	0	0		0	
16	36740000	36760000	0	0	0	0		0	
16	36760000	36780000	0	0	0	0		0	
16	36780000	36800000	0	0	0	0		0	
16	36800000	36820000	0	0	0	0		0	
16	36820000	36840000	0	0	0	0		0	
16	36840000	36860000	0	0	0	0		0	
16	36860000	36880000	0	0	0	0		0	
16	36880000	36900000	0	0	0	0		0	
16	36900000	36920000	0	0	0	0		0	
16	36920000	36940000	0	0	0	0		0	
16	36940000	36960000	0	0	0	0		0	
16	36960000	36980000	0	0	0	0		0	
16	36980000	37000000	0	0	0	0		0	
16	37000000	37020000	0	0	0	0		0	
16	37020000	37040000	0	0	0	0		0	
16	37040000	37060000	0	0	0	0		0	
16	37060000	37080000	0	0	0	0		0	
16	37080000	37100000	0	0	0	0		0	
16	37100000	37120000	0	0	0	0		0	
16	37120000	37140000	0	0	0	0		0	
16	37140000	37160000	0	0	0	0		0	
16	37160000	37180000	0	0	0	0		0	
16	37180000	37200000	0	0	0	0		0	
16	37200000	37220000	0	0	0	0		0	
16	37220000	37240000	0	0	0	0		0	
16	37240000	37260000	0	0	0	0		0	
16	37260000	37280000	0	0	0	0		0	
16	37280000	37300000	0	0	0	0		0	
16	37300000	37320000	0	0	0	0		0	
16	37320000	37340000	0	0	0	0		0	
16	37340000	37360000	0	0	0	0		0	
16	37360000	37380000	0	0	0	0		0	
16	37380000	37400000	0	0	0	0		0	
16	37400000	37420000	0	0	0	0		0	
16	37420000	37440000	0	0	0	0		0	
16	37440000	37460000	0	0	0	0		0	
16	37460000	37480000	0	0	0	0		0	
16	37480000	37500000	0	0	0	0		0	
16	37500000	37520000	0	0	0	0		0	
16	37520000	37540000	0	0	0	0		0	
16	37540000	37560000	0	0	0	0		0	
16	37560000	37580000	0	0	0	0		0	
16	37580000	37600000	0	0	0	0		0	
16	37600000	37620000	0	0	0	0		0	
16	37620000	37640000	0	0	0	0		0	
16	37640000	37660000	0	0	0	0		0	
16	37660000	37680000	0	0	0	0		0	
16	37680000	37700000	0	0	0	0		0	
16	37700000	37720000	0	0	0	0		0	
16	37720000	37740000	0	0	0	0		0	
16	37740000	37760000	0	0	0	0		0	
16	37760000	37780000	0	0	0	0		0	
16	37780000	37800000	0	0	0	0		0	
16	37800000	37820000	0	0	0	0		0	
16	37820000	37840000	0	0	0	0		0	
16	37840000	37860000	0	0	0	0		0	
16	37860000	37880000	0	0	0	0		0	
16	37880000	37900000	0	0	0	0		0	
16	37900000	37920000	0	0	0	0		0	
16	37920000	37940000	0	0	0	0		0	
16	37940000	37960000	0	0	0	0		0	
16	37960000	37980000	0	0	0	0		0	
16	37980000	38000000	0	0	0	0		0	
16	38000000	38020000	0	0	0	0		0	
16	38020000	38040000	0	0	0	0		0	
16	38040000	38060000	0	0	0	0		0	
16	38060000	38080000	0	0	0	0		0	
16	38080000	38100000	0	0	0	0		0	
16	38100000	38120000	0	0	0	0		0	
16	38120000	38140000	0	0	0	0		0	
16	38140000	38160000	0	0	0	0		0	
16	38160000	38180000	0	0	0	0		0	
16	38180000	38200000	0	0	0	0		0	
16	38200000	38220000	0	0	0	0		0	
16	38220000	38240000	0	0	0	0		0	
16	38240000	38260000	0	0	0	0		0	
16	38260000	38280000	0	0	0	0		0	
16	38280000	38300000	0	0	0	0		0	
16	38300000	38320000	0	0	0	0		0	
16	38320000	38340000	0	0	0	0		0	
16	38340000	38360000	0	0	0	0		0	
16	38360000	38380000	0	0	0	0		0	
16	38380000	38400000	0	0	0	0		0	
16	38400000	38420000	0	0	0	0		0	
16	38420000	38440000	0	0	0	0		0	
16	38440000	38460000	0	0	0	0		0	
16	38460000	38480000	0	0	0	0		0	
16	38480000	38500000	0	0	0	0		0	
16	38500000	38520000	0	0	0	0		0	
16	38520000	38540000	0	0	0	0		0	
16	38540000	38560000	0	0	0	0		0	
16	38560000	38580000	0	0	0	0		0	
16	38580000	38600000	0	0	0	0		0	
16	38600000	38620000	0	0	0	0		0	
16	38620000	38640000	0	0	0	0		0	
16	38640000	38660000	0	0	0	0		0	
16	38660000	38680000	0	0	0	0		0	
16	38680000	38700000	0	0	0	0		0	
16	38700000	38720000	0	0	0	0		0	
16	38720000	38740000	0	0	0	0		0	
16	38740000	38760000	0	0	0	0		0	
16	38760000	38780000	0	0	0	0		0	
16	38780000	38800000	0	0	0	0		0	
16	38800000	38820000	0	0	0	0		0	
16	38820000	38840000	0	0	0	0		0	
16	38840000	38860000	0	0	0	0		0	
16	38860000	38880000	0	0	0	0		0	
16	38880000	38900000	0	0	0	0		0	
16	38900000	38920000	0	0	0	0		0	
16	38920000	38940000	0	0	0	0		0	
16	38940000	38960000	0	0	0	0		0	
16	38960000	38980000	0	0	0	0		0	
16	38980000	39000000	0	0	0	0		0	
16	39000000	39020000	0	0	0	0		0	
16	39020000	39040000	0	0	0	0		0	
16	39040000	39060000	0	0	0	0		0	
16	39060000	39080000	0	0	0	0		0	
16	39080000	39100000	0	0	0	0		0	
16	39100000	39120000	0	0	0	0		0	
16	39120000	39140000	0	0	0	0		0	
16	39140000	39160000	0	0	0	0		0	
16	39160000	39180000	0	0	0	0		0	
16	39180000	39200000	0	0	0	0		0	
16	39200000	39220000	0	0	0	0		0	
16	39220000	39240000	0	0	0	0		0	
16	39240000	39260000	0	0	0	0		0	
16	39260000	39280000	0	0	0	0		0	
16	39280000	39300000	0	0	0	0		0	
16	39300000	39320000	0	0	0	0		0	
16	39320000	39340000	0	0	0	0		0	
16	39340000	39360000	0	0	0	0		0	
16	39360000	39380000	0	0	0	0		0	
16	39380000	39400000	0	0	0	0		0	
16	39400000	39420000	0	0	0	0		0	
16	39420000	39440000	0	0	0	0		0	
16	39440000	39460000	0	0	0	0		0	
16	39460000	39480000	0	0	0	0		0	
16	39480000	39500000	0	0	0	0		0	
16	39500000	39520000	0	0	0	0		0	
16	39520000	39540000	0	0	0	0		0	
16	39540000	39560000	0	0	0	0		0	
16	39560000	39580000	0	0	0	0		0	
16	39580000	39600000	0	0	0	0		0	
16	39600000	39620000	0	0	0	0		0	
16	39620000	39640000	0	0	0	0		0	
16	39640000	39660000	0	0	0	0		0	
16	39660000	39680000	0	0	0	0		0	
16	39680000	39700000	0	0	0	0		0	
16	39700000	39720000	0	0	0	0		0	
16	39720000	39740000	0	0	0	0		0	
16	39740000	39760000	0	0	0	0		0	
16	39760000	39780000	0	0	0	0		0	
16	39780000	39800000	0	0	0	0		0	
16	39800000	39820000	0	0	0	0		0	
16	39820000	39840000	0	0	0	0		0	
16	39840000	39860000	0	0	0	0		0	
16	39860000	39880000	0	0	0	0		0	
16	39880000	39900000	0	0	0	0		0	
16	39900000	39920000	0	0	0	0		0	
16	39920000	39940000	0	0	0	0		0	
16	39940000	39960000	0	0	0	0		0	
16	39960000	39980000	0	0	0	0		0	
16	39980000	40000000	0	0	0	0		0	
16	40000000	40020000	0	0	0	0		0	
16	40020000	40040000	0	0	0	0		0	
16	40040000	40060000	0	0	0	0		0	
16	40060000	40080000	0	0	0	0		0	
16	40080000	40100000	0	0	0	0		0	
16	40100000	40120000	0	0	0	0		0	
16	40120000	40140000	0	0	0	0		0	
16	40140000	40160000	0	0	0	0		0	
16	40160000	40180000	0	0	0	0		0	
16	40180000	40200000	0	0	0	0		0	
16	40200000	40220000	0	0	0	0		0	
16	40220000	40240000	0	0	0	0		0	
16	40240000	40260000	0	0	0	0		0	
16	40260000	40280000	0	0	0	0		0	
16	40280000	40300000	0	0	0	0		0	
16	40300000	40320000	0	0	0	0		0	
16	40320000	40340000	0	0	0	0		0	
16	40340000	40360000	0	0	0	0		0	
16	40360000	40380000	0	0	0	0		0	
16	40380000	40400000	0	0	0	0		0	
16	40400000	40420000	0	0	0	0		0	
16	40420000	40440000	0	0	0	0		0	
16	40440000	40460000	0	0	0	0		0	
16	40460000	40480000	0	0	0	0		0	
16	40480000	40500000	0	0	0	0		0	
16	40500000	40520000	0	0	0	0		0	
16	40520000	40540000	0	0	0	0		0	
16	40540000	40560000	0	0	0	0		0	
16	40560000	40580000	0	0	0	0		0	
16	40580000	40600000	0	0	0	0		0	
16	40600000	40620000	0	0	0	0		0	
16	40620000	40640000	0	0	0	0		0	
16	40640000	40660000	0	0	0	0		0	
16	40660000	40680000	0	0	0	0		0	
16	40680000	40700000	0	0	0	0		0	
16	40700000	40720000	0	0	0	0		0	
16	40720000	40740000	0	0	0	0		0	
16	40740000	40760000	0	0	0	0		0	
16	40760000	40780000	0	0	0	0		0	
16	40780000	40800000	0	0	0	0		0	
16	40800000	40820000	0	0	0	0		0	
16	40820000	40840000	0	0	0	0		0	
16	40840000	40860000	0	0	0	0		0	
16	40860000	40880000	0	0	0	0		0	
16	40880000	40900000	0	0	0	0		0	
16	40900000	40920000	0	0	0	0		0	
16	40920000	40940000	0	0	0	0		0	
16	40940000	40960000	0	0	0	0		0	
16	40960000	40980000	0	0	0	0		0	
16	40980000	41000000	0	0	0	0		0	
16	41000000	41020000	0	0	0	0		0	
16	41020000	41040000	0	0	0	0		0	
16	41040000	41060000	0	0	0	0		0	
16	41060000	41080000	0	0	0	0		0	
16	41080000	41100000	0	0	0	0		0	
16	41100000	41120000	0	0	0	0		0	
16	41120000	41140000	0	0	0	0		0	
16	41140000	41160000	0	0	0	0		0	
16	41160000	41180000	0	0	0	0		0	
16	41180000	41200000	0	0	0	0		0	
16	41200000	41220000	0	0	0	0		0	
16	41220000	41240000	0	0	0	0		0	
16	41240000	41260000	0	0	0	0		0	
16	41260000	41280000	0	0	0	0		0	
16	41280000	41300000	0	0	0	0		0	
16	41300000	41320000	0	0	0	0		0	
16	41320000	41340000	0	0	0	0		0	
16	41340000	41360000	0	0	0	0		0	
16	41360000	41380000	0	0	0	0		0	
16	41380000	41400000	0	0	0	0		0	
16	41400000	41420000	0	0	0	0		0	
16	41420000	41440000	0	0	0	0		0	
16	41440000	41460000	0	0	0	0		0	
16	41460000	41480000	0	0	0	0		0	
16	41480000	41500000	0	0	0	0		0	
16	41500000	41520000	0	0	0	0		0	
16	41520000	41540000	0	0	0	0		0	
16	41540000	41560000	0	0	0	0		0	
16	41560000	41580000	0	0	0	0		0	
16	41580000	41600000	0	0	0	0		0	
16	41600000	41620000	0	0	0	0		0	
16	41620000	41640000	0	0	0	0		0	
16	41640000	41660000	0	0	0	0		0	
16	41660000	41680000	0	0	0	0		0	
16	41680000	41700000	0	0	0	0		0	
16	41700000	41720000	0	0	0	0		0	
16	41720000	41740000	0	0	0	0		0	
16	41740000	41760000	0	0	0	0		0	
16	41760000	41780000	0	0	0	0		0	
16	41780000	41800000	0	0	0	0		0	
16	41800000	41820000	0	0	0	0		0	
16	41820000	41840000	0	0	0	0		0	
16	41840000	41860000	0	0	0	0		0	
16	41860000	41880000	0	0	0	0		0	
16	41880000	41900000	0	0	0	0		0	
16	41900000	41920000	0	0	0	0		0	
16	41920000	41940000	0	0	0	0		0	
16	41940000	41960000	0	0	0	0		0	
16	41960000	41980000	0	0	0	0		0	
16	41980000	42000000	0	0	0	0		0	
16	42000000	42020000	0	0	0	0		0	
16	42020000	42040000	0	0	0	0		0	
16	42040000	42060000	0	0	0	0		0	
16	42060000	42080000	0	0	0	0		0	
16	42080000	42100000	0	0	0	0		0	
16	42100000	42120000	0	0	0	0		0	
16	42120000	42140000	0	0	0	0		0	
16	42140000	42160000	0	0	0	0		0	
16	42160000	42180000	0	0	0	0		0	
16	42180000	42200000	0	0	0	0		0	
16	42200000	42220000	0	0	0	0		0	
16	42220000	42240000	0	0	0	0		0	
16	42240000	42260000	0	0	0	0		0	
16	42260000	42280000	0	0	0	0		0	
16	42280000	42300000	0	0	0	0		0	
16	42300000	42320000	0	0	0	0		0	
16	42320000	42340000	0	0	0	0		0	
16	42340000	42360000	0	0	0	0		0	
16	42360000	42380000	0	0	0	0		0	
16	42380000	42400000	0	0	0	0		0	
16	42400000	42420000	0	0	0	0		0	
16	42420000	42440000	0	0	0	0		0	
16	42440000	42460000	0	0	0	0		0	
16	42460000	42480000	0	0	0	0		0	
16	42480000	42500000	0	0	0	0		0	
16	42500000	42520000	0	0	0	0		0	
16	42520000	42540000	0	0	0	0		0	
16	42540000	42560000	0	0	0	0		0	
16	42560000	42580000	0	0	0	0		0	
16	42580000	42600000	0	0	0	0		0	
16	42600000	42620000	0	0	0	0		0	
16	42620000	42640000	0	0	0	0		0	
16	42640000	42660000	0	0	0	0		0	
16	42660000	42680000	0	0	0	0		0	
16	42680000	42700000	0	0	0	0		0	
16	42700000	42720000	0	0	0	0		0	
16	42720000	42740000	0	0	0	0		0	
16	42740000	42760000	0	0	0	0		0	
16	42760000	42780000	0	0	0	0		0	
16	42780000	42800000	0	0	0	0		0	
16	42800000	42820000	0	0	0	0		0	
16	42820000	42840000	0	0	0	0		0	
16	42840000	42860000	0	0	0	0		0	
16	42860000	42880000	0	0	0	0		0	
16	42880000	42900000	0	0	0	0		0	
16	42900000	42920000	0	0	0	0		0	
16	42920000	42940000	0	0	0	0		0	
16	42940000	42960000	0	0	0	0		0	
16	42960000	42980000	0	0	0	0		0	
16	42980000	43000000	0	0	0	0		0	
16	43000000	43020000	0	0	0	0		0	
16	43020000	43040000	0	0	0	0		0	
16	43040000	43060000	0	0	0	0		0	
16	43060000	43080000	0	0	0	0		0	
16	43080000	43100000	0	0	0	0		0	
16	43100000	43120000	0	0	0	0		0	
16	43120000	43140000	0	0	0	0		0	
16	43140000	43160000	0	0	0	0		0	
16	43160000	43180000	0	0	0	0		0	
16	43180000	43200000	0	0	0	0		0	
16	43200000	43220000	0	0	0	0		0	
16	43220000	43240000	0	0	0	0		0	
16	43240000	43260000	0	0	0	0		0	
16	43260000	43280000	0	0	0	0		0	
16	43280000	43300000	0	0	0	0		0	
16	43300000	43320000	0	0	0	0		0	
16	43320000	43340000	0	0	0	0		0	
16	43340000	43360000	0	0	0	0		0	
16	43360000	43380000	0	0	0	0		0	
16	43380000	43400000	0	0	0	0		0	
16	43400000	43420000	0	0	0	0		0	
16	43420000	43440000	0	0	0	0		0	
16	43440000	43460000	0	0	0	0		0	
16	43460000	43480000	0	0	0	0		0	
16	43480000	43500000	0	0	0	0		0	
16	43500000	43520000	0	0	0	0		0	
16	43520000	43540000	0	0	0	0		0	
16	43540000	43560000	0	0	0	0		0	
16	43560000	43580000	0	0	0	0		0	
16	43580000	43600000	0	0	0	0		0	
16	43600000	43620000	0	0	0	0		0	
16	43620000	43640000	0	0	0	0		0	
16	43640000	43660000	0	0	0	0		0	
16	43660000	43680000	0	0	0	0		0	
16	43680000	43700000	0	0	0	0		0	
16	43700000	43720000	0	0	0	0		0	
16	43720000	43740000	0	0	0	0		0	
16	43740000	43760000	0	0	0	0		0	
16	43760000	43780000	0	0	0	0		0	
16	43780000	43800000	0	0	0	0		0	
16	43800000	43820000	0	0	0	0		0	
16	43820000	43840000	0	0	0	0		0	
16	43840000	43860000	0	0	0	0		0	
16	43860000	43880000	0	0	0	0		0	
16	43880000	43900000	0	0	0	0		0	
16	43900000	43920000	0	0	0	0		0	
16	43920000	43940000	0	0	0	0		0	
16	43940000	43960000	0	0	0	0		0	
16	43960000	43980000	0	0	0	0		0	
16	43980000	44000000	0	0	0	0		0	
16	44000000	44020000	0	0	0	0		0	
16	44020000	44040000	0	0	0	0		0	
16	44040000	44060000	0	0	0	0		0	
16	44060000	44080000	0	0	0	0		0	
16	44080000	44100000	0	0	0	0		0	
16	44100000	44120000	0	0	0	0		0	
16	44120000	44140000	0	0	0	0		0	
16	44140000	44160000	0	0	0	0		0	
16	44160000	44180000	0	0	0	0		0	
16	44180000	44200000	0	0	0	0		0	
16	44200000	44220000	0	0	0	0		0	
16	44220000	44240000	0	0	0	0		0	
16	44240000	44260000	0	0	0	0		0	
16	44260000	44280000	0	0	0	0		0	
16	44280000	44300000	0	0	0	0		0	
16	44300000	44320000	0	0	0	0		0	
16	44320000	44340000	0	0	0	0		0	
16	44340000	44360000	0	0	0	0		0	
16	44360000	44380000	0	0	0	0		0	
16	44380000	44400000	0	0	0	0		0	
16	44400000	44420000	0	0	0	0		0	
16	44420000	44440000	0	0	0	0		0	
16	44440000	44460000	0	0	0	0		0	
16	44460000	44480000	0	0	0	0		0	
16	44480000	44500000	0	0	0	0		0	
16	44500000	44520000	0	0	0	0		0	
16	44520000	44540000	0	0	0	0		0	
16	44540000	44560000	0	0	0	0		0	
16	44560000	44580000	0	0	0	0		0	
16	44580000	44600000	0	0	0	0		0	
16	44600000	44620000	0	0	0	0		0	
16	44620000	44640000	0	0	0	0		0	
16	44640000	44660000	0	0	0	0		0	
16	44660000	44680000	0	0	0	0		0	
16	44680000	44700000	0	0	0	0		0	
16	44700000	44720000	0	0	0	0		0	
16	44720000	44740000	0	0	0	0		0	
16	44740000	44760000	0	0	0	0		0	
16	44760000	44780000	0	0	0	0		0	
16	44780000	44800000	0	0	0	0		0	
16	44800000	44820000	0	0	0	0		0	
16	44820000	44840000	0	0	0	0		0	
16	44840000	44860000	0	0	0	0		0	
16	44860000	44880000	0	0	0	0		0	
16	44880000	44900000	0	0	0	0		0	
16	44900000	44920000	0	0	0	0		0	
16	44920000	44940000	0	0	0	0		0	
16	44940000	44960000	0	0	0	0		0	
16	44960000	44980000	0	0	0	0		0	
16	44980000	45000000	0	0	0	0		0	
16	45000000	45020000	0	0	0	0		0	
16	45020000	45040000	0	0	0	0		0	
16	45040000	45060000	0	0	0	0		0	
16	45060000	45080000	0	0	0	0		0	
16	45080000	45100000	0	0	0	0		0	
16	45100000	45120000	0	0	0	0		0	
16	45120000	45140000	0	0	0	0		0	
16	45140000	45160000	0	0	0	0		0	
16	45160000	45180000	0	0	0	0		0	
16	45180000	45200000	0	0	0	0		0	
16	45200000	45220000	0	0	0	0		0	
16	45220000	45240000	0	0	0	0		0	
16	45240000	45260000	0	0	0	0		0	
16	45260000	45280000	0	0	0	0		0	
16	45280000	45300000	0	0	0	0		0	
16	45300000	45320000	0	0	0	0		0	
16	45320000	45340000	0	0	0	0		0	
16	45340000	45360000	0	0	0	0		0	
16	45360000	45380000	0	0	0	0		0	
16	45380000	45400000	0	0	0	0		0	
16	45400000	45420000	0	0	0	0		0	
16	45420000	45440000	0	0	0	0		0	
16	45440000	45460000	0	0	0	0		0	
16	45460000	45480000	0	0	0	0		0	
16	45480000	45500000	0	0	0	0		0	
16	45500000	45520000	0	0	0	0		0	
16	45520000	45540000	0	0	0	0		0	
16	45540000	45560000	0	0	0	0		0	
16	45560000	45580000	0	0	0	0		0	
16	45580000	45600000	0	0	0	0		0	
16	45600000	45620000	0	0	0	0		0	
16	45620000	45640000	0	0	0	0		0	
16	45640000	45660000	0	0	0	0		0	
16	45660000	45680000	0	0	0	0		0	
16	45680000	45700000	0	0	0	0		0	
16	45700000	45720000	0	0	0	0		0	
16	45720000	45740000	0	0	0	0		0	
16	45740000	45760000	0	0	0	0		0	
16	45760000	45780000	0	0	0	0		0	
16	45780000	45800000	0	0	0	0		0	
16	45800000	45820000	0	0	0	0		0	
16	45820000	45840000	0	0	0	0		0	
16	45840000	45860000	0	0	0	0		0	
16	45860000	45880000	0	0	0	0		0	
16	45880000	45900000	0	0	0	0		0	
16	45900000	45920000	0	0	0	0		0	
16	45920000	45940000	0	0	0	0		0	
16	45940000	45960000	0	0	0	0		0	
16	45960000	45980000	0	0	0	0		0	
16	45980000	46000000	0	0	0	0		0	
16	46000000	46020000	0	0	0	0		0	
16	46020000	46040000	0	0	0	0		0	
16	46040000	46060000	0	0	0	0		0	
16	46060000	46080000	0	0	0	0		0	
16	46080000	46100000	0	0	0	0		0	
16	46100000	46120000	0	0	0	0		0	
16	46120000	46140000	0	0	0	0		0	
16	46140000	46160000	0	0	0	0		0	
16	46160000	46180000	0	0	0	0		0	
16	46180000	46200000	0	0	0	0		0	
16	46200000	46220000	0	0	0	0		0	
16	46220000	46240000	0	0	0	0		0	
16	46240000	46260000	0	0	0	0		0	
16	46260000	46280000	0	0	0	0		0	
16	46280000	46300000	0	0	0	0		0	
16	46300000	46320000	0	0	0	0		0	
16	46320000	46340000	0	0	0	0		0	
16	46340000	46360000	0	0	0	0		0	
16	46360000	46380000	0	0	0	0		0	
16	46380000	46400000	0	0	13686	0		0.6843	
16	46400000	46420000	0	0	19302	0		0.9651	
16	46420000	46440000	0	0	19580	0		0.979	
16	46440000	46460000	0	0	17569	29		0.87845	0
16	46460000	46480000	0	0	8370	298		0.4185	0
16	46480000	46500000	0	0	14065	13		0.70325	0
16	46500000	46520000	0	0	10661	11812		0.53305	0
16	46520000	46540000	0	0	12122	6634		0.6061	0
16	46540000	46560000	1837	16	14383	7365	0.00870985	0.71915	0.249423
16	46560000	46580000	5727	28	13348	5767	0.00488912	0.6674	0.993064
16	46580000	46600000	9624	50	9301	9696	0.00519534	0.46505	0.992574
16	46600000	46620000	11266	56	6496	11342	0.00497071	0.3248	0.993299
16	46620000	46640000	5778	20	14466	5861	0.00346141	0.7233	0.985839
16	46640000	46660000	8153	55	8274	8201	0.00674598	0.4137	0.994147
16	46660000	46680000	6750	31	14879	6794	0.00459259	0.74395	0.993524
16	46680000	46700000	7315	42	12020	7396	0.00574163	0.601	0.989048
16	46700000	46720000	3945	18	7645	3985	0.00456274	0.38225	0.989962
16	46720000	46740000	9593	35	9294	9678	0.00364849	0.4647	0.991217
16	46740000	46760000	9903	31	11229	9972	0.00313036	0.56145	0.993081
16	46760000	46780000	10495	53	10018	10688	0.00505002	0.5009	0.981942
16	46780000	46800000	9830	45	9536	10920	0.00457782	0.4768	0.900183
16	46800000	46820000	0	0	14961	7896		0.74805	0
16	46820000	46840000	0	0	13940	8654		0.697	0
16	46840000	46860000	0	0	12058	10216		0.6029	0
16	46860000	46880000	4578	22	13720	7032	0.00480559	0.686	0.651024
16	46880000	46900000	6543	28	13817	8032	0.00427938	0.69085	0.814617
16	46900000	46920000	6391	23	13911	6700	0.00359881	0.69555	0.953881
16	46920000	46940000	9889	43	8825	10180	0.00434827	0.44125	0.971415
16	46940000	46960000	10093	43	9265	10252	0.00426038	0.46325	0.984491
16	46960000	46980000	6018	47	12545	6652	0.0078099	0.62725	0.90469
16	46980000	47000000	6435	64	10086	8510	0.00994561	0.5043	0.756169
16	47000000	47020000	8359	105	10682	8979	0.0125613	0.5341	0.93095
16	47020000	47040000	6240	99	15833	6664	0.0158654	0.79165	0.936375
16	47040000	47060000	6763	89	13945	7774	0.0131598	0.69725	0.869951
16	47060000	47080000	8749	76	10097	9145	0.00868671	0.50485	0.956698
16	47080000	47100000	10141	59	10640	10982	0.00581797	0.532	0.92342
16	47100000	47120000	10101	58	8007	10182	0.00574201	0.40035	0.992045
16	47120000	47140000	5027	29	14777	6941	0.00576885	0.73885	0.724247
16	47140000	47160000	11373	60	13297	11477	0.00527565	0.66485	0.990938
16	47160000	47180000	12642	80	7148	12853	0.00632811	0.3574	0.983584
16	47180000	47200000	11763	59	10030	11823	0.00501573	0.5015	0.994925
16	47200000	47220000	6380	38	14906	6438	0.00595611	0.7453	0.990991
16	47220000	47240000	8247	50	13659	8311	0.00606281	0.68295	0.992299
16	47240000	47260000	9626	41	14643	9953	0.0042593	0.73215	0.967146
16	47260000	47280000	10576	39	12202	10642	0.00368759	0.6101	0.993798
16	47280000	47300000	12870	66	6977	12969	0.00512821	0.34885	0.992366
16	47300000	47320000	10459	64	14407	11309	0.00611913	0.72035	0.924839
16	47320000	47340000	9291	58	15136	9368	0.0062426	0.7568	0.991781
16	47340000	47360000	11104	66	8740	11281	0.0059438	0.437	0.98431
16	47360000	47380000	7258	54	15932	8143	0.00744007	0.7966	0.891318
16	47380000	47400000	7930	48	12139	8044	0.00605296	0.60695	0.985828
16	47400000	47420000	11957	68	8100	12180	0.00568705	0.405	0.981691
16	47420000	47440000	12591	87	10494	12679	0.0069097	0.5247	0.993059
16	47440000	47460000	7777	52	16813	7830	0.00668638	0.84065	0.993231
16	47460000	47480000	7272	55	15450	7339	0.00756326	0.7725	0.990871
16	47480000	47500000	12283	80	3872	12401	0.00651307	0.1936	0.990485
16	47500000	47520000	12180	89	7872	12293	0.00730706	0.3936	0.990808
16	47520000	47540000	10604	64	10924	10675	0.00603546	0.5462	0.993349
16	47540000	47560000	12377	80	9386	12461	0.0064636	0.4693	0.993259
16	47560000	47580000	6830	55	15552	7012	0.00805271	0.7776	0.974044
16	47580000	47600000	6073	44	12856	6125	0.00724518	0.6428	0.99151
16	47600000	47620000	10274	64	13325	10372	0.00622932	0.66625	0.990551
16	47620000	47640000	11314	66	6890	11414	0.00583348	0.3445	0.991239
16	47640000	47660000	11921	65	10662	12211	0.00545256	0.5331	0.976251
16	47660000	47680000	10507	48	9425	11129	0.00456838	0.47125	0.94411
16	47680000	47700000	12098	46	7279	12209	0.00380228	0.36395	0.990908
16	47700000	47720000	8637	52	10918	8739	0.00602061	0.5459	0.988328
16	47720000	47740000	11684	65	6848	11752	0.00556316	0.3424	0.994214
16	47740000	47760000	12274	77	9017	12500	0.00627342	0.45085	0.98192
16	47760000	47780000	11973	70	11140	12076	0.00584649	0.557	0.991471
16	47780000	47800000	9719	48	14752	9958	0.00493878	0.7376	0.975999
16	47800000	47820000	7242	41	15701	7312	0.00566142	0.78505	0.990427
16	47820000	47840000	8806	61	15120	9582	0.0069271	0.756	0.919015
16	47840000	47860000	7093	38	15539	7151	0.00535739	0.77695	0.991889
16	47860000	47880000	8137	37	14945	8235	0.00454713	0.74725	0.9881
16	47880000	47900000	10802	60	11600	10954	0.00555453	0.58	0.986124
16	47900000	47920000	13195	49	8251	13493	0.00371353	0.41255	0.977914
16	47920000	47940000	9530	55	10716	9773	0.00577125	0.5358	0.975136
16	47940000	47960000	8659	55	13434	8810	0.00635177	0.6717	0.98286
16	47960000	47980000	10513	52	12833	10606	0.00494626	0.64165	0.991231
16	47980000	48000000	11692	71	9420	11888	0.00607253	0.471	0.983513
16	48000000	48020000	13475	70	9241	13585	0.00519481	0.46205	0.991903
16	48020000	48040000	12244	94	10369	12351	0.00767723	0.51845	0.991337
16	48040000	48060000	8891	42	13031	9004	0.00472388	0.65155	0.98745
16	48060000	48080000	12362	54	8269	12557	0.00436823	0.41345	0.984471
16	48080000	48100000	10066	57	9513	10157	0.00566263	0.47565	0.991041
16	48100000	48120000	12706	92	8496	12818	0.00724067	0.4248	0.991262
16	48120000	48140000	13457	86	7891	13562	0.00639073	0.39455	0.992258
16	48140000	48160000	13338	52	5615	14487	0.00389864	0.28075	0.920688
16	48160000	48180000	13444	76	9074	13557	0.00565308	0.4537	0.991665
16	48180000	48200000	12459	91	10745	12624	0.00730396	0.53725	0.98693
16	48200000	48220000	11655	68	11354	11748	0.00583441	0.5677	0.992084
16	48220000	48240000	11849	59	9928	11934	0.00497932	0.4964	0.992877
16	48240000	48260000	12738	70	10384	12838	0.00549537	0.5192	0.992211
16	48260000	48280000	9301	50	13119	9373	0.00537577	0.65595	0.992318
16	48280000	48300000	10463	38	8649	10549	0.00363185	0.43245	0.991848
16	48300000	48320000	9954	41	9879	11536	0.00411895	0.49395	0.862864
16	48320000	48340000	9420	33	11735	9518	0.00350318	0.58675	0.989704
16	48340000	48360000	8047	39	13976	8164	0.00484653	0.6988	0.985669
16	48360000	48380000	10624	34	8631	10702	0.0032003	0.43155	0.992712
16	48380000	48400000	11467	53	6528	11709	0.00462196	0.3264	0.979332
16	48400000	48420000	9686	43	9138	10295	0.0044394	0.4569	0.940845
16	48420000	48440000	7655	32	11640	7933	0.00418027	0.582	0.964957
16	48440000	48460000	7144	20	13824	7204	0.00279955	0.6912	0.991671
16	48460000	48480000	8905	40	12392	9457	0.00449186	0.6196	0.941631
16	48480000	48500000	8101	48	14136	8199	0.00592519	0.7068	0.988047
16	48500000	48520000	5705	29	17209	6709	0.00508326	0.86045	0.85035
16	48520000	48540000	10266	53	9343	10350	0.00516267	0.46715	0.991884
16	48540000	48560000	8580	47	13657	8683	0.00547786	0.68285	0.988138
16	48560000	48580000	13191	63	6432	13341	0.00477598	0.3216	0.988756
16	48580000	48600000	12770	46	5833	12830	0.00360219	0.29165	0.995323
16	48600000	48620000	10098	38	13450	10176	0.00376312	0.6725	0.992335
16	48620000	48640000	8237	41	14182	8311	0.00497754	0.7091	0.991096
16	48640000	48660000	8453	48	9819	8560	0.00567846	0.49095	0.9875
16	48660000	48680000	7067	39	14726	7131	0.00551861	0.7363	0.991025
16	48680000	48700000	6116	44	19381	6169	0.00719424	0.96905	0.991409
16	48700000	48720000	9736	66	12631	9836	0.00677896	0.63155	0.989833
16	48720000	48740000	11003	60	11642	11083	0.00545306	0.5821	0.992782
16	48740000	48760000	9729	48	12291	9808	0.0049337	0.61455	0.991945
16	48760000	48780000	13463	55	9329	13580	0.00408527	0.46645	0.991384
16	48780000	48800000	5776	31	18303	5833	0.00536704	0.91515	0.990228
16	48800000	48820000	5781	30	19238	5833	0.00518941	0.9619	0.991085
16	48820000	48840000	11944	46	12276	12039	0.00385131	0.6138	0.992109
16	48840000	48860000	12308	72	11187	12740	0.00584985	0.55935	0.966091
16	48860000	48880000	13176	59	7293	13275	0.00447784	0.36465	0.992542
16	48880000	48900000	12301	71	7651	13324	0.00577189	0.38255	0.923221
16	48900000	48920000	13514	82	8620	13845	0.00606778	0.431	0.976092
16	48920000	48940000	13872	100	8270	14005	0.00720877	0.4135	0.990503
16	48940000	48960000	11308	59	10342	11422	0.00521755	0.5171	0.990019
16	48960000	48980000	11273	73	9919	12343	0.00647565	0.49595	0.913311
16	48980000	49000000	11055	89	9939	11170	0.00805066	0.49695	0.989705
16	49000000	49020000	13143	114	11289	13328	0.00867382	0.56445	0.986119
16	49020000	49040000	10688	78	12756	10783	0.0072979	0.6378	0.99119
16	49040000	49060000	13404	89	8607	13560	0.00663981	0.43035	0.988496
16	49060000	49080000	7797	46	16153	7858	0.00589971	0.80765	0.992237
16	49080000	49100000	13647	68	8098	13778	0.00498278	0.4049	0.990492
16	49100000	49120000	12159	53	11535	12276	0.00435891	0.57675	0.990469
16	49120000	49140000	12741	61	12999	12815	0.00478769	0.64995	0.994226
16	49140000	49160000	12218	73	8636	13558	0.00597479	0.4318	0.901165
16	49160000	49180000	12118	82	8057	12598	0.00676679	0.40285	0.961899
16	49180000	49200000	11389	81	12134	11735	0.00711213	0.6067	0.970516
16	49200000	49220000	13803	63	8180	14322	0.00456423	0.409	0.963762
16	49220000	49240000	13832	75	10314	13974	0.00542221	0.5157	0.989838
16	49240000	49260000	10861	76	9856	10968	0.00699751	0.4928	0.990244
16	49260000	49280000	9273	50	12736	9346	0.005392	0.6368	0.992189
16	49280000	49300000	10467	62	13334	11282	0.00592338	0.6667	0.927761
16	49300000	49320000	14653	94	3695	14806	0.00641507	0.18475	0.989666
16	49320000	49340000	13452	65	6745	13740	0.004832	0.33725	0.979039
16	49340000	49360000	12051	113	11289	12452	0.00937682	0.56445	0.967796
16	49360000	49380000	12913	161	8781	13258	0.0124681	0.43905	0.973978
16	49380000	49400000	13074	92	9113	13665	0.00703687	0.45565	0.956751
16	49400000	49420000	10965	55	12592	11080	0.00501596	0.6296	0.989621
16	49420000	49440000	11624	66	13497	11724	0.00567791	0.67485	0.99147
16	49440000	49460000	13238	83	8086	13341	0.00626983	0.4043	0.992279
16	49460000	49480000	12800	83	7432	14044	0.00648437	0.3716	0.911421
16	49480000	49500000	13000	78	9652	13218	0.006	0.4826	0.983507
16	49500000	49520000	12254	71	10756	12529	0.00579403	0.5378	0.978051
16	49520000	49540000	13826	58	5818	13947	0.00419499	0.2909	0.991324
16	49540000	49560000	13607	63	7514	13730	0.00462997	0.3757	0.991042
16	49560000	49580000	13017	58	4939	13585	0.00445571	0.24695	0.958189
16	49580000	49600000	14143	65	5361	14230	0.00459591	0.26805	0.993886
16	49600000	49620000	14860	100	5540	15043	0.00672948	0.277	0.987835
16	49620000	49640000	12066	53	3842	13520	0.00439251	0.1921	0.892456
16	49640000	49660000	12241	61	10351	12560	0.00498325	0.51755	0.974602
16	49660000	49680000	12144	64	6872	12279	0.00527009	0.3436	0.989006
16	49680000	49700000	12735	65	7492	12866	0.00510404	0.3746	0.989818
16	49700000	49720000	11612	71	8039	11703	0.00611436	0.40195	0.992224
16	49720000	49740000	12718	71	4860	12939	0.00558264	0.243	0.98292
16	49740000	49760000	11910	73	8244	12001	0.0061293	0.4122	0.992417
16	49760000	49780000	13542	56	5461	13640	0.00413528	0.27305	0.992815
16	49780000	49800000	11388	81	8703	11523	0.00711275	0.43515	0.988284
16	49800000	49820000	12100	63	9195	12235	0.00520661	0.45975	0.988966
16	49820000	49840000	12322	74	7728	12413	0.00600552	0.3864	0.992669
16	49840000	49860000	11350	68	6957	11687	0.00599119	0.34785	0.971165
16	49860000	49880000	11986	53	7897	12512	0.00442183	0.39485	0.95796
16	49880000	49900000	11127	50	5001	11358	0.00449357	0.25005	0.979662
16	49900000	49920000	10386	51	10264	10551	0.00491046	0.5132	0.984362
16	49920000	49940000	10384	73	13081	11063	0.00703005	0.65405	0.938624
16	49940000	49960000	11620	80	10164	11850	0.00688468	0.5082	0.980591
16	49960000	49980000	9761	76	11213	9894	0.00778609	0.56065	0.986558
16	49980000	50000000	9467	81	9353	9561	0.00855604	0.46765	0.990168
16	50000000	50020000	9679	95	10791	9839	0.00981506	0.53955	0.983738
16	50020000	50040000	3791	32	15456	9008	0.00844104	0.7728	0.420848
16	50040000	50060000	4322	24	15560	7148	0.00555298	0.778	0.604645
16	50060000	50080000	9348	28	9340	9549	0.00299529	0.467	0.978951
16	50080000	50100000	6680	34	11608	6801	0.00508982	0.5804	0.982208
16	50100000	50120000	10058	33	8568	10285	0.00328097	0.4284	0.977929
16	50120000	50140000	8655	40	10141	8867	0.00462161	0.50705	0.976091
16	50140000	50160000	6837	38	13388	6879	0.00555799	0.6694	0.993894
16	50160000	50180000	5885	26	17978	5994	0.00441801	0.8989	0.981815
16	50180000	50200000	7383	30	9732	7567	0.00406339	0.4866	0.975684
16	50200000	50220000	5595	24	15407	6025	0.00428954	0.77035	0.928631
16	50220000	50240000	8483	40	11638	8543	0.00471531	0.5819	0.992977
16	50240000	50260000	10902	42	7017	10967	0.0038525	0.35085	0.994073
16	50260000	50280000	9639	44	6230	11328	0.00456479	0.3115	0.8509
16	50280000	50300000	10533	52	10714	10887	0.00493687	0.5357	0.967484
16	50300000	50320000	11254	72	7391	12514	0.00639773	0.36955	0.899313
16	50320000	50340000	12384	94	6061	12509	0.00759044	0.30305	0.990007
16	50340000	50360000	13361	68	3305	13699	0.00508944	0.16525	0.975327
16	50360000	50380000	8872	24	9955	8946	0.00270514	0.49775	0.991728
16	50380000	50400000	10044	51	12550	10113	0.00507766	0.6275	0.993177
16	50400000	50420000	12295	75	10994	12393	0.00610004	0.5497	0.992092
16	50420000	50440000	11094	74	10195	11227	0.00667027	0.50975	0.988154
16	50440000	50460000	10488	57	14949	10842	0.00543478	0.74745	0.967349
16	50460000	50480000	9680	68	15257	9965	0.00702479	0.76285	0.9714
16	50480000	50500000	13015	111	8953	13319	0.00852862	0.44765	0.977175
16	50500000	50520000	10819	61	12742	10899	0.00563823	0.6371	0.99266
16	50520000	50540000	10701	82	12181	10803	0.00766284	0.60905	0.990558
16	50540000	50560000	10734	58	13635	10827	0.00540339	0.68175	0.99141
16	50560000	50580000	13298	59	9523	13418	0.00443676	0.47615	0.991057
16	50580000	50600000	11412	51	7224	12172	0.00446898	0.3612	0.937562
16	50600000	50620000	14302	66	6859	14407	0.00461474	0.34295	0.992712
16	50620000	50640000	13430	64	7857	13903	0.00476545	0.39285	0.965979
16	50640000	50660000	14266	71	5865	14611	0.00497687	0.29325	0.976388
16	50660000	50680000	14206	67	6664	14371	0.00471632	0.3332	0.988519
16	50680000	50700000	11744	70	10141	11818	0.00596049	0.50705	0.993738
16	50700000	50720000	13519	85	8322	13645	0.00628745	0.4161	0.990766
16	50720000	50740000	10592	66	10333	12520	0.00623112	0.51665	0.846006
16	50740000	50760000	13143	69	9366	13372	0.00524994	0.4683	0.982875
16	50760000	50780000	11389	40	7900	11449	0.00351216	0.395	0.994759
16	50780000	50800000	11489	52	10972	11571	0.00452607	0.5486	0.992913
16	50800000	50820000	11456	50	8730	11528	0.00436453	0.4365	0.993754
16	50820000	50840000	12886	67	4720	13058	0.00519944	0.236	0.986828
16	50840000	50860000	11004	79	10547	11135	0.00717921	0.52735	0.988235
16	50860000	50880000	12865	79	11592	13024	0.00614069	0.5796	0.987792
16	50880000	50900000	12270	70	11056	12367	0.00570497	0.5528	0.992157
16	50900000	50920000	12770	75	14558	12883	0.00587314	0.7279	0.991229
16	50920000	50940000	13160	107	11904	13282	0.0081307	0.5952	0.990815
16	50940000	50960000	13905	99	8563	14040	0.00711974	0.42815	0.990385
16	50960000	50980000	12767	103	9087	12889	0.00806767	0.45435	0.990535
16	50980000	51000000	13436	78	8945	13572	0.0058053	0.44725	0.989979
16	51000000	51020000	12778	92	10017	12932	0.00719987	0.50085	0.988092
16	51020000	51040000	12818	64	9411	12947	0.00499298	0.47055	0.990036
16	51040000	51060000	13152	68	5903	13235	0.00517032	0.29515	0.993729
16	51060000	51080000	12611	92	10094	12723	0.00729522	0.5047	0.991197
16	51080000	51100000	12143	84	11455	12268	0.00691757	0.57275	0.989811
16	51100000	51120000	10101	81	10258	10750	0.00801901	0.5129	0.939628
16	51120000	51140000	12334	83	9943	12463	0.00672937	0.49715	0.989649
16	51140000	51160000	13166	80	4892	13280	0.00607626	0.2446	0.991416
16	51160000	51180000	11269	46	2845	11411	0.00408199	0.14225	0.987556
16	51180000	51200000	12425	62	3732	12551	0.00498994	0.1866	0.989961
16	51200000	51220000	12459	73	8060	12564	0.00585922	0.403	0.991643
16	51220000	51240000	12655	85	6352	12785	0.00671671	0.3176	0.989832
16	51240000	51260000	11850	93	11047	12002	0.0078481	0.55235	0.987335
16	51260000	51280000	10934	63	10362	11852	0.00576184	0.5181	0.922545
16	51280000	51300000	7910	59	12459	8528	0.00745891	0.62295	0.927533
16	51300000	51320000	12764	86	8220	12878	0.0067377	0.411	0.991148
16	51320000	51340000	12778	66	8513	12909	0.00516513	0.42565	0.989852
16	51340000	51360000	13409	66	6074	13543	0.00492207	0.3037	0.990106
16	51360000	51380000	9067	55	12377	9122	0.00606595	0.61885	0.993971
16	51380000	51400000	12130	74	9222	12391	0.00610058	0.4611	0.978936
16	51400000	51420000	11185	86	10882	11301	0.00768887	0.5441	0.989735
16	51420000	51440000	12326	75	10195	12456	0.0060847	0.50975	0.989563
16	51440000	51460000	10361	57	8047	10445	0.0055014	0.40235	0.991958
16	51460000	51480000	12565	56	6138	12650	0.00445682	0.3069	0.993281
16	51480000	51500000	12599	64	7495	12785	0.00507977	0.37475	0.985452
16	51500000	51520000	7767	57	16348	7828	0.00733874	0.8174	0.992207
16	51520000	51540000	12736	91	10051	12862	0.0071451	0.50255	0.990204
16	51540000	51560000	7670	50	13253	7766	0.0065189	0.66265	0.987638
16	51560000	51580000	12802	82	6198	12954	0.00640525	0.3099	0.988266
16	51580000	51600000	13551	71	9421	13682	0.00523947	0.47105	0.990425
16	51600000	51620000	12333	73	8294	12442	0.00591908	0.4147	0.991239
16	51620000	51640000	11384	75	11397	11502	0.00658819	0.56985	0.989741
16	51640000	51660000	12003	59	6861	12125	0.00491544	0.34305	0.989938
16	51660000	51680000	13018	58	6107	13148	0.00445537	0.30535	0.990113
16	51680000	51700000	11938	58	7383	12139	0.00485844	0.36915	0.983442
16	51700000	51720000	13669	51	7372	13794	0.00373107	0.3686	0.990938
16	51720000	51740000	12877	87	11157	13006	0.00675623	0.55785	0.990082
16	51740000	51760000	13610	100	8641	13757	0.00734754	0.43205	0.989315
16	51760000	51780000	11728	107	10784	11850	0.00912347	0.5392	0.989705
16	51780000	51800000	14565	73	2455	14672	0.00501202	0.12275	0.992707
16	51800000	51820000	11909	60	7715	12032	0.00503821	0.38575	0.989777
16	51820000	51840000	13098	65	7253	13382	0.00496259	0.36265	0.978777
16	51840000	51860000	12143	81	10177	12572	0.00667051	0.50885	0.965877
16	51860000	51880000	12296	85	7059	12921	0.00691282	0.35295	0.951629
16	51880000	51900000	12476	73	6899	12843	0.00585123	0.34495	0.971424
16	51900000	51920000	14108	80	5497	14204	0.00567054	0.27485	0.993241
16	51920000	51940000	12716	62	8681	12969	0.00487575	0.43405	0.980492
16	51940000	51960000	13574	71	9017	13921	0.00523059	0.45085	0.975074
16	51960000	51980000	13331	55	6749	13794	0.00412572	0.33745	0.966435
16	51980000	52000000	13767	117	6826	13897	0.00849858	0.3413	0.990645
16	52000000	52020000	13084	74	6272	13215	0.00565576	0.3136	0.990087
16	52020000	52040000	12483	76	9130	12608	0.00608828	0.4565	0.990086
16	52040000	52060000	6920	58	12669	7016	0.0083815	0.63345	0.986317
16	52060000	52080000	11737	85	11220	11853	0.00724206	0.561	0.990213
16	52080000	52100000	13411	92	8838	13551	0.00686004	0.4419	0.989669
16	52100000	52120000	14848	62	4364	14983	0.00417565	0.2182	0.99099
16	52120000	52140000	12286	55	8668	12395	0.00447664	0.4334	0.991206
16	52140000	52160000	12915	92	7297	13044	0.0071235	0.36485	0.99011
16	52160000	52180000	12206	81	9957	12624	0.00663608	0.49785	0.966888
16	52180000	52200000	7946	55	14843	8038	0.00692172	0.74215	0.988554
16	52200000	52220000	14245	108	7882	14391	0.00758161	0.3941	0.989855
16	52220000	52240000	11034	74	8761	11909	0.00670654	0.43805	0.926526
16	52240000	52260000	11978	76	12393	12088	0.00634497	0.61965	0.9909
16	52260000	52280000	14149	85	9691	14266	0.00600749	0.48455	0.991799
16	52280000	52300000	11848	75	7066	11955	0.00633018	0.3533	0.99105
16	52300000	52320000	13318	82	8988	13669	0.00615708	0.4494	0.974321
16	52320000	52340000	11836	89	9941	11975	0.00751943	0.49705	0.988392
16	52340000	52360000	12633	82	8607	12761	0.00649094	0.43035	0.989969
16	52360000	52380000	8387	82	16491	8501	0.00977704	0.82455	0.98659
16	52380000	52400000	13567	82	13564	13681	0.00604408	0.6782	0.991667
16	52400000	52420000	13118	77	7391	13252	0.0058698	0.36955	0.989888
16	52420000	52440000	11773	75	9586	11910	0.00637051	0.4793	0.988497
16	52440000	52460000	12608	73	8549	13472	0.00578997	0.42745	0.935867
16	52460000	52480000	14011	57	3835	14112	0.00406823	0.19175	0.992843
16	52480000	52500000	13970	76	3879	14073	0.00544023	0.19395	0.992681
16	52500000	52520000	13543	79	6572	13854	0.00583327	0.3286	0.977552
16	52520000	52540000	12313	61	4790	12676	0.00495411	0.2395	0.971363
16	52540000	52560000	13591	84	5760	13685	0.00618056	0.288	0.993131
16	52560000	52580000	13348	89	6435	13464	0.00666767	0.32175	0.991384
16	52580000	52600000	13415	63	7071	13510	0.00469624	0.35355	0.992968
16	52600000	52620000	13936	103	8818	14033	0.00739093	0.4409	0.993088
16	52620000	52640000	13262	65	8090	13403	0.00490122	0.4045	0.98948
16	52640000	52660000	12818	81	10001	13320	0.00631924	0.50005	0.962312
16	52660000	52680000	12817	58	9602	12938	0.00452524	0.4801	0.990648
16	52680000	52700000	9167	71	13323	9345	0.00774517	0.66615	0.980952
16	52700000	52720000	12468	88	11025	12574	0.00705807	0.55125	0.99157
16	52720000	52740000	9759	59	10909	9902	0.0060457	0.54545	0.985558
16	52740000	52760000	12748	83	10184	12861	0.00651083	0.5092	0.991214
16	52760000	52780000	12022	72	10675	12153	0.00598902	0.53375	0.989221
16	52780000	52800000	12431	64	8696	12554	0.00514842	0.4348	0.990202
16	52800000	52820000	12854	73	8834	12980	0.00567917	0.4417	0.990293
16	52820000	52840000	11334	45	10671	11478	0.00397035	0.53355	0.987454
16	52840000	52860000	10310	67	10048	10466	0.00649855	0.5024	0.985095
16	52860000	52880000	11872	87	11938	12068	0.00732817	0.5969	0.983759
16	52880000	52900000	9768	91	13944	10012	0.00931613	0.6972	0.975629
16	52900000	52920000	12742	84	9297	12875	0.00659237	0.46485	0.98967
16	52920000	52940000	8620	54	16263	9626	0.0062645	0.81315	0.895491
16	52940000	52960000	9915	67	13946	11349	0.00675744	0.6973	0.873645
16	52960000	52980000	9899	62	11781	9998	0.00626326	0.58905	0.990098
16	52980000	53000000	9079	90	13569	9187	0.00991299	0.67845	0.988244
16	53000000	53020000	6387	44	15640	6556	0.00688899	0.782	0.974222
16	53020000	53040000	7737	50	13804	7784	0.00646245	0.6902	0.993962
16	53040000	53060000	9346	79	12649	9503	0.00845281	0.63245	0.983479
16	53060000	53080000	8144	54	12851	9285	0.00663065	0.64255	0.877114
16	53080000	53100000	7747	36	13783	7861	0.00464696	0.68915	0.985498
16	53100000	53120000	7490	44	13302	7560	0.0058745	0.6651	0.990741
16	53120000	53140000	9497	47	10587	10269	0.00494893	0.52935	0.924822
16	53140000	53160000	6494	23	13134	6818	0.00354173	0.6567	0.952479
16	53160000	53180000	9855	44	8809	9929	0.00446474	0.44045	0.992547
16	53180000	53200000	8270	30	12486	9265	0.00362757	0.6243	0.892607
16	53200000	53220000	9572	37	13115	9707	0.00386544	0.65575	0.986093
16	53220000	53240000	10493	36	12883	10585	0.00343086	0.64415	0.991308
16	53240000	53260000	12733	55	4801	12815	0.00431948	0.24005	0.993601
16	53260000	53280000	12906	45	8658	13038	0.00348675	0.4329	0.989876
16	53280000	53300000	10932	39	8411	11002	0.00356751	0.42055	0.993638
16	53300000	53320000	10281	35	12829	10358	0.00340434	0.64145	0.992566
16	53320000	53340000	11564	38	9750	11656	0.00328606	0.4875	0.992107
16	53340000	53360000	11323	26	7221	11426	0.00229621	0.36105	0.990985
16	53360000	53380000	2882	14	16144	6749	0.00485774	0.8072	0.427026
16	53380000	53400000	2083	24	10037	2123	0.0115218	0.50185	0.981159
16	53400000	53420000	5817	52	12465	6033	0.00893932	0.62325	0.964197
16	53420000	53440000	7757	40	14057	7983	0.00515663	0.70285	0.97169
16	53440000	53460000	4942	53	17159	4998	0.0107244	0.85795	0.988796
16	53460000	53480000	8497	58	12264	8567	0.00682594	0.6132	0.991829
16	53480000	53500000	10736	35	6913	10800	0.00326006	0.34565	0.994074
16	53500000	53520000	9459	52	13313	9542	0.00549741	0.66565	0.991302
16	53520000	53540000	9936	42	6701	10230	0.00422705	0.33505	0.971261
16	53540000	53560000	8762	69	11605	9362	0.00787491	0.58025	0.935911
16	53560000	53580000	10738	76	9588	10832	0.00707767	0.4794	0.991322
16	53580000	53600000	10307	68	9065	10390	0.00659746	0.45325	0.992012
16	53600000	53620000	9131	80	15604	9226	0.00876136	0.7802	0.989703
16	53620000	53640000	8599	31	10906	8647	0.00360507	0.5453	0.994449
16	53640000	53660000	10450	55	7423	10546	0.00526316	0.37115	0.990897
16	53660000	53680000	11750	63	9995	11836	0.0053617	0.49975	0.992734
16	53680000	53700000	12645	56	7239	12741	0.00442863	0.36195	0.992465
16	53700000	53720000	11496	53	5279	11593	0.0046103	0.26395	0.991633
16	53720000	53740000	11308	47	7605	11392	0.00415635	0.38025	0.992626
16	53740000	53760000	12348	61	9465	12420	0.00494007	0.47325	0.994203
16	53760000	53780000	11133	65	8680	11258	0.0058385	0.434	0.988897
16	53780000	53800000	10198	73	11339	10279	0.00715827	0.56695	0.99212
16	53800000	53820000	12769	79	10395	12945	0.00618686	0.51975	0.986404
16	53820000	53840000	11840	44	11694	11953	0.00371622	0.5847	0.990546
16	53840000	53860000	12215	83	12365	12364	0.00679492	0.61825	0.987949
16	53860000	53880000	10915	74	9627	11060	0.00677966	0.48135	0.98689
16	53880000	53900000	9918	85	10707	10008	0.00857028	0.53535	0.991007
16	53900000	53920000	10407	71	12633	10495	0.00682233	0.63165	0.991615
16	53920000	53940000	13122	71	5681	13225	0.00541076	0.28405	0.992212
16	53940000	53960000	13845	75	5844	13935	0.00541712	0.2922	0.993541
16	53960000	53980000	12966	54	7615	13064	0.00416474	0.38075	0.992498
16	53980000	54000000	13535	77	4235	13648	0.00568895	0.21175	0.99172
16	54000000	54020000	13571	77	7000	13710	0.00567386	0.35	0.989861
16	54020000	54040000	11557	58	7145	12737	0.0050186	0.35725	0.907357
16	54040000	54060000	10598	52	8444	10687	0.00490659	0.4222	0.991672
16	54060000	54080000	590	3	7682	11051	0.00508475	0.3841	0.0533888
16	54080000	54100000	9270	41	4548	12187	0.00442287	0.2274	0.760647
16	54100000	54120000	13727	90	4213	13858	0.00655642	0.21065	0.990547
16	54120000	54140000	12185	81	7743	12286	0.00664752	0.38715	0.991779
16	54140000	54160000	10957	72	6580	13135	0.00657114	0.329	0.834183
16	54160000	54180000	11418	62	9649	11894	0.00543002	0.48245	0.95998
16	54180000	54200000	9433	57	10576	10790	0.00604262	0.5288	0.874235
16	54200000	54220000	12497	78	8024	12582	0.0062415	0.4012	0.993244
16	54220000	54240000	12582	52	7397	12852	0.00413289	0.36985	0.978992
16	54240000	54260000	13027	73	9275	13168	0.00560375	0.46375	0.989292
16	54260000	54280000	11802	60	9714	11909	0.00508388	0.4857	0.991015
16	54280000	54300000	9647	46	12151	9795	0.00476832	0.60755	0.98489
16	54300000	54320000	11032	78	8141	11310	0.00707034	0.40705	0.97542
16	54320000	54340000	11696	74	9004	11800	0.00632695	0.4502	0.991186
16	54340000	54360000	12812	100	10122	12962	0.00780518	0.5061	0.988428
16	54360000	54380000	11156	101	10518	11737	0.00905342	0.5259	0.950498
16	54380000	54400000	11373	50	9923	11492	0.00439638	0.49615	0.989645
16	54400000	54420000	12058	66	7607	12184	0.00547354	0.38035	0.989659
16	54420000	54440000	13210	97	7327	13315	0.00734292	0.36635	0.992114
16	54440000	54460000	11494	66	9108	11710	0.00574213	0.4554	0.981554
16	54460000	54480000	12804	91	8956	13331	0.00710715	0.4478	0.960468
16	54480000	54500000	11142	56	10214	11241	0.00502603	0.5107	0.991193
16	54500000	54520000	13269	83	5684	13426	0.00625518	0.2842	0.988306
16	54520000	54540000	12336	99	8788	12455	0.00802529	0.4394	0.990446
16	54540000	54560000	13887	69	5805	13997	0.00496868	0.29025	0.992141
16	54560000	54580000	13743	107	6435	13892	0.00778578	0.32175	0.989274
16	54580000	54600000	11854	98	8856	12354	0.00826725	0.4428	0.959527
16	54600000	54620000	4300	28	9432	11322	0.00651163	0.4716	0.379792
16	54620000	54640000	11219	67	8443	13435	0.00597201	0.42215	0.835058
16	54640000	54660000	12275	86	12417	12402	0.00700611	0.62085	0.98976
16	54660000	54680000	13357	82	6821	13463	0.0061391	0.34105	0.992127
16	54680000	54700000	10706	83	10815	10793	0.00775266	0.54075	0.991939
16	54700000	54720000	9945	62	10965	10071	0.00623429	0.54825	0.987489
16	54720000	54740000	12098	67	8629	12235	0.00553811	0.43145	0.988803
16	54740000	54760000	14712	124	8207	14893	0.00842849	0.41035	0.987847
16	54760000	54780000	12089	97	10810	12191	0.00802382	0.5405	0.991633
16	54780000	54800000	11657	86	11247	12824	0.00737754	0.56235	0.908999
16	54800000	54820000	12318	77	9985	12431	0.00625101	0.49925	0.99091
16	54820000	54840000	11400	70	11401	11507	0.00614035	0.57005	0.990701
16	54840000	54860000	11688	65	7285	11783	0.00556126	0.36425	0.991938
16	54860000	54880000	9668	70	14088	9743	0.00724038	0.7044	0.992302
16	54880000	54900000	11835	57	10471	11948	0.00481622	0.52355	0.990542
16	54900000	54920000	10467	77	10969	10560	0.00735645	0.54845	0.991193
16	54920000	54940000	8726	45	12425	8831	0.005157	0.62125	0.98811
16	54940000	54960000	10796	61	7348	10870	0.00565024	0.3674	0.993192
16	54960000	54980000	11911	71	2799	11980	0.00596088	0.13995	0.99424
16	54980000	55000000	11443	73	10095	11668	0.00637945	0.50475	0.980716
16	55000000	55020000	11806	78	8520	12680	0.00660681	0.426	0.931073
16	55020000	55040000	12560	87	9642	12661	0.00692675	0.4821	0.992023
16	55040000	55060000	10063	78	11587	10179	0.00775117	0.57935	0.988604
16	55060000	55080000	11507	73	10175	11945	0.00634396	0.50875	0.963332
16	55080000	55100000	12619	84	11486	14355	0.00665663	0.5743	0.879067
16	55100000	55120000	9961	91	12049	11199	0.00913563	0.60245	0.889454
16	55120000	55140000	13110	94	10223	13510	0.0071701	0.51115	0.970392
16	55140000	55160000	13069	89	11970	13272	0.00681001	0.5985	0.984705
16	55160000	55180000	14397	94	10195	14532	0.00652914	0.50975	0.99071
16	55180000	55200000	13714	74	9527	13831	0.00539595	0.47635	0.991541
16	55200000	55220000	12882	88	9880	13009	0.00683124	0.494	0.990238
16	55220000	55240000	12249	75	13986	12393	0.00612295	0.6993	0.988381
16	55240000	55260000	13582	122	9170	13724	0.00898248	0.4585	0.989653
16	55260000	55280000	12158	92	11447	12258	0.00756703	0.57235	0.991842
16	55280000	55300000	12653	71	10291	12789	0.00561132	0.51455	0.989366
16	55300000	55320000	13802	84	8142	13921	0.00608607	0.4071	0.991452
16	55320000	55340000	13443	71	8759	13564	0.00528156	0.43795	0.991079
16	55340000	55360000	12348	68	6869	12446	0.00550696	0.34345	0.992126
16	55360000	55380000	13133	73	7123	13234	0.00555852	0.35615	0.992368
16	55380000	55400000	11996	102	10935	12116	0.00850283	0.54675	0.990096
16	55400000	55420000	14559	105	4938	14673	0.00721203	0.2469	0.992231
16	55420000	55440000	13380	71	9343	13533	0.00530643	0.46715	0.988694
16	55440000	55460000	13584	93	11233	13698	0.00684629	0.56165	0.991678
16	55460000	55480000	12987	83	8446	13135	0.00639101	0.4223	0.988732
16	55480000	55500000	11372	80	9593	11520	0.00703482	0.47965	0.987153
16	55500000	55520000	11269	63	11114	11497	0.00559056	0.5557	0.980169
16	55520000	55540000	13266	80	7319	13380	0.00603045	0.36595	0.99148
16	55540000	55560000	12403	62	14388	12492	0.00499879	0.7194	0.992875
16	55560000	55580000	13242	72	3546	13318	0.00543725	0.1773	0.994293
16	55580000	55600000	10675	61	10654	10775	0.00571429	0.5327	0.990719
16	55600000	55620000	13908	54	4704	13994	0.00388266	0.2352	0.993855
16	55620000	55640000	6117	47	18012	6999	0.0076835	0.9006	0.873982
16	55640000	55660000	5636	52	15030	7341	0.0092264	0.7515	0.767743
16	55660000	55680000	10146	75	12464	10617	0.00739208	0.6232	0.955637
16	55680000	55700000	13494	106	9692	13687	0.00785534	0.4846	0.985899
16	55700000	55720000	12379	70	10463	12509	0.00565474	0.52315	0.989607
16	55720000	55740000	14793	79	5459	14911	0.00534036	0.27295	0.992086
16	55740000	55760000	77	0	12734	9982	0	0.6367	0.00771388
16	55760000	55780000	0	0	7179	6591		0.35895	0
16	55780000	55800000	0	0	8386	3633		0.4193	0
16	55800000	55820000	0	0	7941	3903		0.39705	0
16	55820000	55840000	0	0	11614	507		0.5807	0
16	55840000	55860000	0	0	7290	2593		0.3645	0
16	55860000	55880000	2778	78	9558	4369	0.0280778	0.4779	0.635843
16	55880000	55900000	6039	139	11261	7392	0.0230171	0.56305	0.816964
16	55900000	55920000	11594	130	11811	12249	0.0112127	0.59055	0.946526
16	55920000	55940000	8497	46	12014	8568	0.00541368	0.6007	0.991713
16	55940000	55960000	11054	56	12252	11142	0.00506604	0.6126	0.992102
16	55960000	55980000	11982	84	13401	12124	0.00701052	0.67005	0.988288
16	55980000	56000000	13269	84	10096	13884	0.00633054	0.5048	0.955704
16	56000000	56020000	9568	79	15626	9645	0.00825669	0.7813	0.992017
16	56020000	56040000	9626	62	14633	9729	0.00644089	0.73165	0.989413
16	56040000	56060000	12852	93	5909	14096	0.00723623	0.29545	0.911748
16	56060000	56080000	12207	86	13864	12322	0.00704514	0.6932	0.990667
16	56080000	56100000	13128	64	9102	13235	0.00487508	0.4551	0.991915
16	56100000	56120000	11993	48	10001	12462	0.00400233	0.50005	0.962366
16	56120000	56140000	12224	52	11989	12306	0.00425393	0.59945	0.993337
16	56140000	56160000	13460	51	4871	13544	0.003789	0.24355	0.993798
16	56160000	56180000	12384	42	13148	12490	0.00339147	0.6574	0.991513
16	56180000	56200000	9554	24	13901	9609	0.00251204	0.69505	0.994276
16	56200000	56220000	9690	34	13895	9764	0.00350877	0.69475	0.992421
16	56220000	56240000	13652	41	5965	13783	0.00300322	0.29825	0.990496
16	56240000	56260000	13425	49	9960	13559	0.00364991	0.498	0.990117
16	56260000	56280000	13748	82	6545	13867	0.0059645	0.32725	0.991418
16	56280000	56300000	15339	84	6016	15471	0.00547624	0.3008	0.991468
16	56300000	56320000	14166	73	7311	14293	0.00515318	0.36555	0.991115
16	56320000	56340000	13189	62	7585	13313	0.00470089	0.37925	0.990686
16	56340000	56360000	14049	85	7414	14293	0.00605025	0.3707	0.982929
16	56360000	56380000	14046	76	4256	14370	0.00541079	0.2128	0.977453
16	56380000	56400000	12812	56	2760	13536	0.0043709	0.138	0.946513
16	56400000	56420000	8557	35	14681	9464	0.00409022	0.73405	0.904163
16	56420000	56440000	6581	27	12335	7058	0.00410272	0.61675	0.932417
16	56440000	56460000	9324	41	7245	9741	0.00439725	0.36225	0.957191
16	56460000	56480000	10322	43	10542	10520	0.00416586	0.5271	0.981179
16	56480000	56500000	11532	49	9591	11661	0.00424905	0.47955	0.988937
16	56500000	56520000	10823	47	7826	10918	0.0043426	0.3913	0.991299
16	56520000	56540000	11188	64	11501	11274	0.00572041	0.57505	0.992372
16	56540000	56560000	11940	70	9124	12028	0.00586265	0.4562	0.992684
16	56560000	56580000	9935	78	13771	10022	0.00785103	0.68855	0.991319
16	56580000	56600000	11136	65	11468	11250	0.00583693	0.5734	0.989867
16	56600000	56620000	9090	61	12741	9524	0.00671067	0.63705	0.954431
16	56620000	56640000	9084	71	14518	9191	0.00781594	0.7259	0.988358
16	56640000	56660000	1579	7	9714	8408	0.00443319	0.4857	0.187797
16	56660000	56680000	0	0	6071	7646		0.30355	0
16	56680000	56700000	4218	134	6195	10358	0.0317686	0.30975	0.407221
16	56700000	56720000	1684	68	5865	8478	0.04038	0.29325	0.198632
16	56720000	56740000	7210	38	12669	9685	0.00527046	0.63345	0.74445
16	56740000	56760000	8809	44	14516	8871	0.00499489	0.7258	0.993011
16	56760000	56780000	10980	40	10972	11062	0.00364299	0.5486	0.992587
16	56780000	56800000	10705	42	8854	10796	0.0039234	0.4427	0.991571
16	56800000	56820000	13388	54	2515	13592	0.00403346	0.12575	0.984991
16	56820000	56840000	10780	60	6515	10997	0.00556586	0.32575	0.980267
16	56840000	56860000	12025	81	8195	12123	0.00673597	0.40975	0.991916
16	56860000	56880000	13224	74	5650	13303	0.00559589	0.2825	0.994061
16	56880000	56900000	11559	64	7153	11656	0.00553681	0.35765	0.991678
16	56900000	56920000	10154	64	8399	11019	0.00630293	0.41995	0.921499
16	56920000	56940000	10343	69	10106	10659	0.00667118	0.5053	0.970354
16	56940000	56960000	10328	64	8351	10493	0.00619675	0.41755	0.984275
16	56960000	56980000	10255	36	7233	10343	0.00351048	0.36165	0.991492
16	56980000	57000000	9729	80	12520	10133	0.00822284	0.626	0.96013
16	57000000	57020000	8737	81	10196	11431	0.00927092	0.5098	0.764325
16	57020000	57040000	10297	64	10769	10394	0.0062154	0.53845	0.990668
16	57040000	57060000	9572	56	9867	9764	0.0058504	0.49335	0.980336
16	57060000	57080000	12417	64	7644	12982	0.00515422	0.3822	0.956478
16	57080000	57100000	10794	101	9428	11601	0.00935705	0.4714	0.930437
16	57100000	57120000	12180	77	9030	12317	0.00632184	0.4515	0.988877
16	57120000	57140000	10148	76	10528	10578	0.00748916	0.5264	0.95935
16	57140000	57160000	10489	63	8685	11966	0.00600629	0.43425	0.876567
16	57160000	57180000	12037	69	8645	12114	0.00573233	0.43225	0.993644
16	57180000	57200000	10643	45	7717	10847	0.00422813	0.38585	0.981193
16	57200000	57220000	11071	41	9143	11144	0.00370337	0.45715	0.993449
16	57220000	57240000	8166	34	7981	8226	0.00416361	0.39905	0.992706
16	57240000	57260000	8762	41	9136	8817	0.0046793	0.4568	0.993762
16	57260000	57280000	10764	38	9685	10821	0.00353029	0.48425	0.994732
16	57280000	57300000	8791	56	8405	8853	0.00637015	0.42025	0.992997
16	57300000	57320000	9749	61	9506	9838	0.00625705	0.4753	0.990953
16	57320000	57340000	6203	40	14787	6738	0.00644849	0.73935	0.9206
16	57340000	57360000	8650	58	11620	8733	0.0067052	0.581	0.990496
16	57360000	57380000	7920	59	17476	8192	0.00744949	0.8738	0.966797
16	57380000	57400000	8216	47	13656	8322	0.00572055	0.6828	0.987263
16	57400000	57420000	10768	82	8312	11916	0.00761516	0.4156	0.903659
16	57420000	57440000	4376	30	14927	7222	0.00685558	0.74635	0.605926
16	57440000	57460000	9666	88	10083	11089	0.00910408	0.50415	0.871675
16	57460000	57480000	8631	39	9790	8737	0.0045186	0.4895	0.987868
16	57480000	57500000	11730	79	8848	11795	0.00673487	0.4424	0.994489
16	57500000	57520000	11929	74	4093	12043	0.00620337	0.20465	0.990534
16	57520000	57540000	8421	53	14017	8572	0.00629379	0.70085	0.982385
16	57540000	57560000	9324	58	8889	11486	0.00622051	0.44445	0.811771
16	57560000	57580000	8830	60	8164	12206	0.00679502	0.4082	0.723415
16	57580000	57600000	8873	46	16178	9228	0.00518427	0.8089	0.96153
16	57600000	57620000	8920	46	12407	9768	0.00515695	0.62035	0.913186
16	57620000	57640000	8375	31	14263	11169	0.00370149	0.71315	0.749843
16	57640000	57660000	12673	72	8545	12830	0.00568137	0.42725	0.987763
16	57660000	57680000	12987	84	5923	13832	0.00646801	0.29615	0.93891
16	57680000	57700000	13024	107	5984	13943	0.0082156	0.2992	0.934089
16	57700000	57720000	8300	77	7923	12621	0.00927711	0.39615	0.657634
16	57720000	57740000	0	0	10176	11109		0.5088	0
16	57740000	57760000	0	0	12149	9879		0.60745	0
16	57760000	57780000	932	4	8701	11523	0.00429185	0.43505	0.0808817
16	57780000	57800000	12715	56	3439	13953	0.00440425	0.17195	0.911274
16	57800000	57820000	10228	50	9401	10830	0.00488854	0.47005	0.944414
16	57820000	57840000	11370	51	5857	11438	0.00448549	0.29285	0.994055
16	57840000	57860000	9199	58	10334	9272	0.00630503	0.5167	0.992127
16	57860000	57880000	9947	72	10447	10037	0.00723836	0.52235	0.991033
16	57880000	57900000	6572	30	13267	6930	0.00456482	0.66335	0.948341
16	57900000	57920000	8383	66	10580	8448	0.00787308	0.529	0.992306
16	57920000	57940000	10479	62	12202	10566	0.0059166	0.6101	0.991766
16	57940000	57960000	11166	86	8819	11598	0.00770195	0.44095	0.962752
16	57960000	57980000	9445	67	11929	9621	0.0070937	0.59645	0.981707
16	57980000	58000000	11685	68	7427	13394	0.00581943	0.37135	0.872406
16	58000000	58020000	8480	33	11788	9592	0.00389151	0.5894	0.88407
16	58020000	58040000	11782	72	6038	11904	0.00611102	0.3019	0.989751
16	58040000	58060000	11462	50	10455	11570	0.00436224	0.52275	0.990666
16	58060000	58080000	12458	58	4470	13961	0.00465564	0.2235	0.892343
16	58080000	58100000	8750	35	12361	8876	0.004	0.61805	0.985804
16	58100000	58120000	6793	29	15856	7480	0.0042691	0.7928	0.908155
16	58120000	58140000	6746	32	11354	8031	0.00474355	0.5677	0.839995
16	58140000	58160000	10300	46	8462	10390	0.00446602	0.4231	0.991338
16	58160000	58180000	4527	21	15096	8950	0.00463883	0.7548	0.50581
16	58180000	58200000	9868	54	7711	10622	0.00547223	0.38555	0.929015
16	58200000	58220000	11982	57	7290	12095	0.00475714	0.3645	0.990657
16	58220000	58240000	11302	72	7794	11655	0.00637055	0.3897	0.969713
16	58240000	58260000	9825	40	13986	9910	0.00407125	0.6993	0.991423
16	58260000	58280000	11190	52	14861	11291	0.00464701	0.74305	0.991055
16	58280000	58300000	10095	46	10601	10816	0.00455671	0.53005	0.933339
16	58300000	58320000	11106	62	11227	11391	0.00558257	0.56135	0.97498
16	58320000	58340000	9103	43	13784	9353	0.00472372	0.6892	0.973271
16	58340000	58360000	6536	44	16377	6650	0.00673195	0.81885	0.982857
16	58360000	58380000	7912	39	11963	8033	0.00492922	0.59815	0.984937
16	58380000	58400000	6473	57	15902	6549	0.00880581	0.7951	0.988395
16	58400000	58420000	10378	36	13047	10468	0.00346888	0.65235	0.991402
16	58420000	58440000	9358	35	13387	9444	0.00374012	0.66935	0.990894
16	58440000	58460000	7863	37	12217	7928	0.00470558	0.61085	0.991801
16	58460000	58480000	9411	66	11918	9849	0.00701307	0.5959	0.955528
16	58480000	58500000	10610	82	9829	11015	0.00772856	0.49145	0.963232
16	58500000	58520000	9629	75	11823	10945	0.00778897	0.59115	0.879762
16	58520000	58540000	11335	47	6397	11424	0.00414645	0.31985	0.992209
16	58540000	58560000	12398	47	3857	12608	0.00379093	0.19285	0.983344
16	58560000	58580000	11697	35	6246	11800	0.00299222	0.3123	0.991271
16	58580000	58600000	11141	37	7232	11224	0.00332107	0.3616	0.992605
16	58600000	58620000	8340	31	11568	8403	0.00371703	0.5784	0.992503
16	58620000	58640000	7656	35	10437	7716	0.00457158	0.52185	0.992224
16	58640000	58660000	4455	26	14013	4497	0.00583614	0.70065	0.99066
16	58660000	58680000	6792	25	12532	6844	0.0036808	0.6266	0.992402
16	58680000	58700000	7351	42	12672	7549	0.00571351	0.6336	0.973771
16	58700000	58720000	9828	51	9170	10015	0.00518926	0.4585	0.981328
16	58720000	58740000	5775	34	17689	6142	0.00588745	0.88445	0.940247
16	58740000	58760000	7760	43	9097	7946	0.00554124	0.45485	0.976592
16	58760000	58780000	6917	34	10131	7713	0.00491543	0.50655	0.896798
16	58780000	58800000	5841	55	15571	5921	0.0094162	0.77855	0.986489
16	58800000	58820000	5817	40	13415	6383	0.0068764	0.67075	0.911327
16	58820000	58840000	8711	46	15837	8798	0.00528068	0.79185	0.990111
16	58840000	58860000	8527	45	11788	8589	0.00527735	0.5894	0.992781
16	58860000	58880000	8953	67	11052	9079	0.00748353	0.5526	0.986122
16	58880000	58900000	12381	71	7568	12492	0.00573459	0.3784	0.991114
16	58900000	58920000	7191	35	14385	7246	0.0048672	0.71925	0.99241
16	58920000	58940000	8733	33	9354	10888	0.00377877	0.4677	0.802076
16	58940000	58960000	7827	53	12337	8158	0.00677143	0.61685	0.959426
16	58960000	58980000	10806	78	8731	10910	0.00721821	0.43655	0.990467
16	58980000	59000000	10699	61	10759	10796	0.00570147	0.53795	0.991015
16	59000000	59020000	6023	32	16590	7267	0.00531297	0.8295	0.828815
16	59020000	59040000	6143	42	15649	8404	0.00683705	0.78245	0.730961
16	59040000	59060000	12142	99	9304	12286	0.00815352	0.4652	0.988279
16	59060000	59080000	12541	71	7951	12637	0.00566143	0.39755	0.992403
16	59080000	59100000	11017	79	9842	11162	0.00717074	0.4921	0.987009
16	59100000	59120000	5431	42	17573	7125	0.00773338	0.87865	0.762246
16	59120000	59140000	8613	48	11406	8698	0.00557297	0.5703	0.990228
16	59140000	59160000	12384	62	7342	12495	0.00500646	0.3671	0.991116
16	59160000	59180000	9651	62	15206	9733	0.0064242	0.7603	0.991575
16	59180000	59200000	11255	70	8347	11365	0.00621946	0.41735	0.990321
16	59200000	59220000	10836	75	8749	11698	0.00692137	0.43745	0.926312
16	59220000	59240000	12689	70	6893	12799	0.00551659	0.34465	0.991406
16	59240000	59260000	12177	77	10580	12365	0.0063234	0.529	0.984796
16	59260000	59280000	8944	51	12137	9035	0.00570215	0.60685	0.989928
16	59280000	59300000	11595	63	8700	11745	0.00543338	0.435	0.987229
16	59300000	59320000	10826	64	12893	10952	0.00591169	0.64465	0.988495
16	59320000	59340000	12355	86	5907	12451	0.00696074	0.29535	0.99229
16	59340000	59360000	12171	75	7180	12574	0.00616219	0.359	0.96795
16	59360000	59380000	10404	55	10647	10503	0.00528643	0.53235	0.990574
16	59380000	59400000	9588	59	10779	10460	0.00615353	0.53895	0.916635
16	59400000	59420000	11790	68	12698	12379	0.0057676	0.6349	0.952419
16	59420000	59440000	11408	67	8291	11512	0.00587307	0.41455	0.990966
16	59440000	59460000	10014	55	10316	10115	0.00549231	0.5158	0.990015
16	59460000	59480000	11740	75	10471	11902	0.00638842	0.52355	0.986389
16	59480000	59500000	9724	56	14686	9827	0.00575895	0.7343	0.989519
16	59500000	59520000	10387	56	10189	10466	0.00539135	0.50945	0.992452
16	59520000	59540000	11519	51	8833	11607	0.00442747	0.44165	0.992418
16	59540000	59560000	5872	51	14683	6116	0.00868529	0.73415	0.960105
16	59560000	59580000	12476	89	6924	12595	0.0071337	0.3462	0.990552
16	59580000	59600000	8792	52	10959	8879	0.00591447	0.54795	0.990202
16	59600000	59620000	10820	75	9078	11021	0.00693161	0.4539	0.981762
16	59620000	59640000	12589	79	7043	12710	0.00627532	0.35215	0.99048
16	59640000	59660000	10412	70	9795	10528	0.00672301	0.48975	0.988982
16	59660000	59680000	12577	92	9775	12697	0.00731494	0.48875	0.990549
16	59680000	59700000	10161	75	11369	10287	0.00738116	0.56845	0.987752
16	59700000	59720000	9640	76	15416	9722	0.00788382	0.7708	0.991566
16	59720000	59740000	11727	77	9243	12256	0.00656604	0.46215	0.956837
16	59740000	59760000	11300	68	11076	11731	0.0060177	0.5538	0.96326
16	59760000	59780000	10696	49	9510	10810	0.00458115	0.4755	0.989454
16	59780000	59800000	10373	74	10722	10464	0.00713391	0.5361	0.991304
16	59800000	59820000	11725	73	11741	11818	0.00622601	0.58705	0.992131
16	59820000	59840000	12338	80	12845	12460	0.00648403	0.64225	0.990209
16	59840000	59860000	8011	59	16863	8090	0.00736487	0.84315	0.990235
16	59860000	59880000	8737	45	13128	9134	0.00515051	0.6564	0.956536
16	59880000	59900000	10924	69	9486	11029	0.00631637	0.4743	0.99048
16	59900000	59920000	10510	63	10499	10608	0.00599429	0.52495	0.990762
16	59920000	59940000	10414	93	13783	10529	0.00893029	0.68915	0.989078
16	59940000	59960000	14308	70	9295	14452	0.00489237	0.46475	0.990036
16	59960000	59980000	12439	98	14510	12612	0.00787845	0.7255	0.986283
16	59980000	60000000	12084	79	7594	12208	0.00653757	0.3797	0.989843
16	60000000	60020000	7940	55	13297	8033	0.00692695	0.66485	0.988423
16	60020000	60040000	9352	65	11050	9508	0.00695038	0.5525	0.983593
16	60040000	60060000	8848	90	13872	8955	0.0101718	0.6936	0.988051
16	60060000	60080000	11363	79	13465	11469	0.00695239	0.67325	0.990758
16	60080000	60100000	13154	71	7420	13283	0.0053976	0.371	0.990288
16	60100000	60120000	7112	46	12276	7373	0.00646794	0.6138	0.964601
16	60120000	60140000	9574	88	11430	9649	0.00919156	0.5715	0.992227
16	60140000	60160000	11350	83	8800	11516	0.00731278	0.44	0.985585
16	60160000	60180000	9799	221	13611	10123	0.0225533	0.68055	0.967994
16	60180000	60200000	10911	85	10195	11008	0.0077903	0.50975	0.991188
16	60200000	60220000	11389	83	12298	11504	0.00728773	0.6149	0.990003
16	60220000	60240000	8576	57	12294	8645	0.00664646	0.6147	0.992019
16	60240000	60260000	11229	75	13555	11314	0.00667913	0.67775	0.992487
16	60260000	60280000	8978	60	10769	9066	0.006683	0.53845	0.990293
16	60280000	60300000	11452	70	12391	11572	0.00611247	0.61955	0.98963
16	60300000	60320000	12235	74	7546	12347	0.00604822	0.3773	0.990929
16	60320000	60340000	12014	93	8754	12107	0.00774097	0.4377	0.992318
16	60340000	60360000	11625	64	8967	11718	0.00550538	0.44835	0.992063
16	60360000	60380000	11402	97	8273	11512	0.00850728	0.41365	0.990445
16	60380000	60400000	10255	90	6572	10365	0.00877621	0.3286	0.989387
16	60400000	60420000	12964	64	8845	13085	0.00493675	0.44225	0.990753
16	60420000	60440000	12356	64	7384	12482	0.00517967	0.3692	0.989905
16	60440000	60460000	12264	63	7545	12370	0.00513699	0.37725	0.991431
16	60460000	60480000	11618	70	10367	11700	0.00602513	0.51835	0.992991
16	60480000	60500000	11098	79	12657	11180	0.0071184	0.63285	0.992665
16	60500000	60520000	13036	86	6722	13331	0.00659712	0.3361	0.977871
16	60520000	60540000	13252	68	6650	13369	0.0051313	0.3325	0.991248
16	60540000	60560000	9929	45	15544	10011	0.00453218	0.7772	0.991809
16	60560000	60580000	7172	44	13676	7217	0.00613497	0.6838	0.993765
16	60580000	60600000	10568	52	10650	10744	0.00492051	0.5325	0.983619
16	60600000	60620000	10223	47	11674	10327	0.00459748	0.5837	0.989929
16	60620000	60640000	10299	63	11146	10439	0.0061171	0.5573	0.986589
16	60640000	60660000	10123	51	10327	13371	0.00503803	0.51635	0.757086
16	60660000	60680000	11686	77	13189	11814	0.00658908	0.65945	0.989165
16	60680000	60700000	13030	92	8694	13215	0.00706063	0.4347	0.986001
16	60700000	60720000	12675	77	7360	12781	0.00607495	0.368	0.991706
16	60720000	60740000	10927	79	8203	11956	0.0072298	0.41015	0.913934
16	60740000	60760000	11271	87	9951	11393	0.00771892	0.49755	0.989292
16	60760000	60780000	12240	91	7699	12345	0.00743464	0.38495	0.991495
16	60780000	60800000	12647	96	8394	12796	0.00759073	0.4197	0.988356
16	60800000	60820000	11177	74	9595	11305	0.00662074	0.47975	0.988678
16	60820000	60840000	11885	111	9661	12031	0.0093395	0.48305	0.987865
16	60840000	60860000	13014	112	7954	13173	0.00860612	0.3977	0.98793
16	60860000	60880000	10337	61	9295	10465	0.00590113	0.46475	0.987769
16	60880000	60900000	6164	47	9424	10333	0.00762492	0.4712	0.596535
16	60900000	60920000	8291	66	10699	8863	0.00796044	0.53495	0.935462
16	60920000	60940000	11629	73	9872	12211	0.00627741	0.4936	0.952338
16	60940000	60960000	13051	71	5559	13201	0.0054402	0.27795	0.988637
16	60960000	60980000	9238	81	10315	9354	0.00876813	0.51575	0.987599
16	60980000	61000000	10378	86	7943	13180	0.00828676	0.39715	0.787405
16	61000000	61020000	9225	83	8549	11513	0.00899729	0.42745	0.801268
16	61020000	61040000	12750	63	7566	12925	0.00494118	0.3783	0.98646
16	61040000	61060000	10775	72	8215	11027	0.00668213	0.41075	0.977147
16	61060000	61080000	12383	75	8696	12526	0.00605669	0.4348	0.988584
16	61080000	61100000	10415	71	10765	10531	0.00681709	0.53825	0.988985
16	61100000	61120000	13922	99	6489	14054	0.00711105	0.32445	0.990608
16	61120000	61140000	9198	58	11962	9283	0.00630572	0.5981	0.990843
16	61140000	61160000	14960	127	8597	15100	0.0084893	0.42985	0.990728
16	61160000	61180000	10878	52	17115	10971	0.00478029	0.85575	0.991523
16	61180000	61200000	9714	61	10906	9826	0.0062796	0.5453	0.988602
16	61200000	61220000	11580	54	11757	11682	0.00466321	0.58785	0.991269
16	61220000	61240000	12008	46	8307	12092	0.00383078	0.41535	0.993053
16	61240000	61260000	12606	37	7498	12693	0.00293511	0.3749	0.993146
16	61260000	61280000	13300	88	9060	13412	0.00661654	0.453	0.991649
16	61280000	61300000	11948	75	8049	12070	0.0062772	0.40245	0.989892
16	61300000	61320000	12573	77	8857	12666	0.00612423	0.44285	0.992658
16	61320000	61340000	12938	77	10229	13090	0.00595146	0.51145	0.988388
16	61340000	61360000	11392	63	12149	11528	0.0055302	0.60745	0.988203
16	61360000	61380000	11203	43	13015	11376	0.00383826	0.65075	0.984793
16	61380000	61400000	10931	54	12649	11049	0.00494008	0.63245	0.98932
16	61400000	61420000	12689	63	6159	12947	0.00496493	0.30795	0.980073
16	61420000	61440000	13646	102	7341	13993	0.00747472	0.36705	0.975202
16	61440000	61460000	11993	98	8218	12122	0.00817143	0.4109	0.989358
16	61460000	61480000	13565	66	8441	13712	0.00486546	0.42205	0.989279
16	61480000	61500000	10467	76	9391	10562	0.00726092	0.46955	0.991005
16	61500000	61520000	9823	79	14578	9945	0.00804235	0.7289	0.987733
16	61520000	61540000	12445	110	7859	12607	0.00883889	0.39295	0.98715
16	61540000	61560000	12081	115	6568	12228	0.00951908	0.3284	0.987978
16	61560000	61580000	11203	81	8823	11396	0.00723021	0.44115	0.983064
16	61580000	61600000	13848	128	7023	14017	0.00924321	0.35115	0.987943
16	61600000	61620000	11280	129	14121	11423	0.0114362	0.70605	0.987481
16	61620000	61640000	12426	129	8024	12562	0.0103815	0.4012	0.989174
16	61640000	61660000	13191	98	8523	13491	0.00742931	0.42615	0.977763
16	61660000	61680000	12387	101	7636	12502	0.00815371	0.3818	0.990801
16	61680000	61700000	13452	60	7023	13554	0.0044603	0.35115	0.992475
16	61700000	61720000	13334	69	7305	13465	0.00517474	0.36525	0.990271
16	61720000	61740000	13109	76	6323	13232	0.00579754	0.31615	0.990704
16	61740000	61760000	14656	86	3261	14799	0.0058679	0.16305	0.990337
16	61760000	61780000	13354	79	9698	13527	0.00591583	0.4849	0.987211
16	61780000	61800000	12607	75	7874	12723	0.00594908	0.3937	0.990883
16	61800000	61820000	11206	73	8658	11302	0.00651437	0.4329	0.991506
16	61820000	61840000	8764	63	9720	8854	0.0071885	0.486	0.989835
16	61840000	61860000	12539	87	6516	12653	0.00693835	0.3258	0.99099
16	61860000	61880000	12673	89	6624	12781	0.0070228	0.3312	0.99155
16	61880000	61900000	13723	49	4661	13837	0.00357065	0.23305	0.991761
16	61900000	61920000	12466	65	6392	12581	0.00521418	0.3196	0.990859
16	61920000	61940000	11893	67	6129	11989	0.00563357	0.30645	0.991993
16	61940000	61960000	9547	58	9425	9654	0.00607521	0.47125	0.988917
16	61960000	61980000	12769	58	6516	12893	0.00454225	0.3258	0.990382
16	61980000	62000000	12369	58	8002	12482	0.00468914	0.4001	0.990947
16	62000000	62020000	11231	74	9319	11313	0.00658891	0.46595	0.992752
16	62020000	62040000	12010	66	6938	12100	0.00549542	0.3469	0.992562
16	62040000	62060000	12673	77	6151	12774	0.00607591	0.30755	0.992093
16	62060000	62080000	13555	73	3074	13655	0.00538547	0.1537	0.992677
16	62080000	62100000	12359	64	6423	12969	0.00517841	0.32115	0.952965
16	62100000	62120000	11514	74	9055	11628	0.00642696	0.45275	0.990196
16	62120000	62140000	12924	72	6018	13056	0.00557103	0.3009	0.98989
16	62140000	62160000	9490	62	11401	9611	0.00653319	0.57005	0.98741
16	62160000	62180000	11704	82	11297	11796	0.00700615	0.56485	0.992201
16	62180000	62200000	10142	66	13194	10289	0.00650759	0.6597	0.985713
16	62200000	62220000	10963	87	11594	11083	0.00793578	0.5797	0.989173
16	62220000	62240000	13195	81	9988	13336	0.00613869	0.4994	0.989427
16	62240000	62260000	10293	53	13010	10389	0.00514913	0.6505	0.990759
16	62260000	62280000	11780	95	9334	12385	0.00806452	0.4667	0.951151
16	62280000	62300000	9375	52	8156	12327	0.00554667	0.4078	0.760526
16	62300000	62320000	10561	89	9870	11894	0.00842723	0.4935	0.887927
16	62320000	62340000	12485	82	9263	12589	0.00656788	0.46315	0.991739
16	62340000	62360000	11344	82	8954	11439	0.00722849	0.4477	0.991695
16	62360000	62380000	11917	84	8305	12015	0.00704875	0.41525	0.991844
16	62380000	62400000	12175	96	6692	12279	0.00788501	0.3346	0.99153
16	62400000	62420000	10795	73	9610	10915	0.00676239	0.4805	0.989006
16	62420000	62440000	10834	58	9267	10950	0.00535352	0.46335	0.989406
16	62440000	62460000	10952	62	12777	11048	0.00566107	0.63885	0.991311
16	62460000	62480000	9565	44	14908	9645	0.0046001	0.7454	0.991706
16	62480000	62500000	10203	69	12646	10310	0.00676272	0.6323	0.989622
16	62500000	62520000	7089	57	19069	7159	0.00804063	0.95345	0.990222
16	62520000	62540000	11405	52	12503	11487	0.0045594	0.62515	0.992861
16	62540000	62560000	7585	40	9968	7662	0.00527357	0.4984	0.98995
16	62560000	62580000	12467	100	8279	12591	0.00802118	0.41395	0.990152
16	62580000	62600000	10100	43	10588	10186	0.00425743	0.5294	0.991557
16	62600000	62620000	12587	73	7945	12768	0.00579963	0.39725	0.985824
16	62620000	62640000	10348	69	6771	12660	0.00666796	0.33855	0.817378
16	62640000	62660000	12291	78	7830	12403	0.00634611	0.3915	0.99097
16	62660000	62680000	11765	58	11371	11889	0.00492988	0.56855	0.98957
16	62680000	62700000	9795	51	12227	9886	0.00520674	0.61135	0.990795
16	62700000	62720000	10456	55	12203	10542	0.00526014	0.61015	0.991842
16	62720000	62740000	11721	63	7481	12011	0.00537497	0.37405	0.975855
16	62740000	62760000	10666	68	9779	10758	0.0063754	0.48895	0.991448
16	62760000	62780000	12928	78	4526	13113	0.00603342	0.2263	0.985892
16	62780000	62800000	12955	88	7978	13086	0.00679274	0.3989	0.989989
16	62800000	62820000	11653	70	12423	11772	0.00600704	0.62115	0.989891
16	62820000	62840000	9616	97	16760	9731	0.0100874	0.838	0.988182
16	62840000	62860000	12278	114	10828	12410	0.0092849	0.5414	0.989363
16	62860000	62880000	12334	78	7676	12483	0.00632398	0.3838	0.988064
16	62880000	62900000	12485	74	6607	12625	0.00592711	0.33035	0.988911
16	62900000	62920000	12433	92	6765	12550	0.00739966	0.33825	0.990677
16	62920000	62940000	11276	69	13675	11683	0.00611919	0.68375	0.965163
16	62940000	62960000	11860	76	8209	11983	0.00640809	0.41045	0.989735
16	62960000	62980000	12145	72	4678	12239	0.00592837	0.2339	0.99232
16	62980000	63000000	12435	87	9084	12592	0.00699638	0.4542	0.987532
16	63000000	63020000	9571	59	10214	9712	0.00616446	0.5107	0.985482
16	63020000	63040000	8077	59	12517	8183	0.00730469	0.62585	0.987046
16	63040000	63060000	5869	36	9537	11211	0.00613392	0.47685	0.523504
16	63060000	63080000	12386	55	12928	12496	0.0044405	0.6464	0.991197
16	63080000	63100000	12588	62	9086	12689	0.00492533	0.4543	0.99204
16	63100000	63120000	11995	60	11382	12150	0.00500208	0.5691	0.987243
16	63120000	63140000	12117	77	8963	12208	0.00635471	0.44815	0.992546
16	63140000	63160000	8430	38	12353	8519	0.00450771	0.61765	0.989553
16	63160000	63180000	10545	86	11466	10663	0.00815552	0.5733	0.988934
16	63180000	63200000	8448	45	13542	8576	0.0053267	0.6771	0.985075
16	63200000	63220000	12200	58	8999	12341	0.0047541	0.44995	0.988575
16	63220000	63240000	11191	76	9012	11815	0.00679117	0.4506	0.947186
16	63240000	63260000	11804	47	12757	12511	0.0039817	0.63785	0.94349
16	63260000	63280000	10178	72	12138	10505	0.00707408	0.6069	0.968872
16	63280000	63300000	9958	65	13377	10400	0.00652742	0.66885	0.9575
16	63300000	63320000	12081	72	7661	12241	0.00595977	0.38305	0.986929
16	63320000	63340000	12457	94	6386	12576	0.00754596	0.3193	0.990538
16	63340000	63360000	11900	82	9143	12044	0.00689076	0.45715	0.988044
16	63360000	63380000	12768	88	7933	12931	0.00689223	0.39665	0.987395
16	63380000	63400000	12673	90	7708	12820	0.00710171	0.3854	0.988534
16	63400000	63420000	10482	101	10976	10933	0.00963557	0.5488	0.958749
16	63420000	63440000	9068	54	11711	9138	0.00595501	0.58555	0.99234
16	63440000	63460000	13773	82	7772	14281	0.00595368	0.3886	0.964428
16	63460000	63480000	10556	74	10333	10627	0.00701023	0.51665	0.993319
16	63480000	63500000	13221	90	10668	13361	0.00680735	0.5334	0.989522
16	63500000	63520000	11862	85	7275	12025	0.00716574	0.36375	0.986445
16	63520000	63540000	13898	84	6596	14036	0.00604404	0.3298	0.990168
16	63540000	63560000	11896	73	13484	12014	0.00613652	0.6742	0.990178
16	63560000	63580000	12463	86	11792	12582	0.00690043	0.5896	0.990542
16	63580000	63600000	11253	69	9048	11358	0.0061317	0.4524	0.990755
16	63600000	63620000	12840	80	7361	12968	0.00623053	0.36805	0.99013
16	63620000	63640000	11849	75	5061	12800	0.00632965	0.25305	0.925703
16	63640000	63660000	9568	87	10499	11264	0.00909281	0.52495	0.849432
16	63660000	63680000	11559	76	10737	11866	0.00657496	0.53685	0.974128
16	63680000	63700000	11529	79	8817	11873	0.00685229	0.44085	0.971027
16	63700000	63720000	12210	90	9933	12348	0.00737101	0.49665	0.988824
16	63720000	63740000	10568	101	11436	10669	0.00955715	0.5718	0.990533
16	63740000	63760000	11203	84	13288	11350	0.00749799	0.6644	0.987048
16	63760000	63780000	12206	68	14582	12521	0.00557103	0.7291	0.974842
16	63780000	63800000	9612	62	14283	9776	0.00645027	0.71415	0.983224
16	63800000	63820000	12923	69	6069	13419	0.00533932	0.30345	0.963037
16	63820000	63840000	11560	58	11269	11662	0.0050173	0.56345	0.991254
16	63840000	63860000	10671	65	12846	10780	0.00609128	0.6423	0.989889
16	63860000	63880000	10103	90	16618	10199	0.00890825	0.8309	0.990587
16	63880000	63900000	13108	85	10515	13239	0.00648459	0.52575	0.990105
16	63900000	63920000	5176	44	9640	9020	0.00850077	0.482	0.573836
16	63920000	63940000	11695	114	8922	11808	0.00974776	0.4461	0.99043
16	63940000	63960000	11812	75	6600	11956	0.00634948	0.33	0.987956
16	63960000	63980000	11856	75	12473	11988	0.00632591	0.62365	0.988989
16	63980000	64000000	13491	77	8028	13598	0.00570751	0.4014	0.992131
16	64000000	64020000	12541	94	6787	12659	0.00749542	0.33935	0.990679
16	64020000	64040000	10667	98	12157	10793	0.00918721	0.60785	0.988326
16	64040000	64060000	12637	63	10302	12766	0.00498536	0.5151	0.989895
16	64060000	64080000	11223	73	12455	11363	0.0065045	0.62275	0.987679
16	64080000	64100000	10620	72	12179	10730	0.00677966	0.60895	0.989748
16	64100000	64120000	9749	74	10486	9846	0.00759052	0.5243	0.990148
16	64120000	64140000	11424	89	9041	12780	0.00779062	0.45205	0.893897
16	64140000	64160000	11283	73	12568	12631	0.00646991	0.6284	0.893278
16	64160000	64180000	10414	47	13866	11598	0.00451316	0.6933	0.897913
16	64180000	64200000	11228	76	7791	11939	0.00676879	0.38955	0.940447
16	64200000	64220000	9924	58	8977	10041	0.00584442	0.44885	0.988348
16	64220000	64240000	12818	74	6731	12950	0.00577313	0.33655	0.989807
16	64240000	64260000	13501	69	6738	13807	0.00511073	0.3369	0.977837
16	64260000	64280000	11668	57	10362	11745	0.00488516	0.5181	0.993444
16	64280000	64300000	12227	59	7823	12298	0.00482539	0.39115	0.994227
16	64300000	64320000	10941	30	12213	10998	0.00274198	0.61065	0.994817
16	64320000	64340000	4803	22	10564	12427	0.00458047	0.5282	0.386497
16	64340000	64360000	10053	58	8588	13061	0.00576942	0.4294	0.769696
16	64360000	64380000	10759	63	11434	10931	0.00585556	0.5717	0.984265
16	64380000	64400000	13040	84	7052	13140	0.00644172	0.3526	0.99239
16	64400000	64420000	12835	62	8351	12921	0.00483054	0.41755	0.993344
16	64420000	64440000	11466	58	7465	11546	0.00505843	0.37325	0.993071
16	64440000	64460000	13215	45	8302	13315	0.00340522	0.4151	0.99249
16	64460000	64480000	10700	67	12010	10769	0.00626168	0.6005	0.993593
16	64480000	64500000	13895	99	6173	14003	0.00712487	0.30865	0.992287
16	64500000	64520000	12346	73	8025	12431	0.00591285	0.40125	0.993162
16	64520000	64540000	11180	76	8907	11583	0.00679785	0.44535	0.965208
16	64540000	64560000	10650	75	13202	10818	0.00704225	0.6601	0.98447
16	64560000	64580000	13103	85	8969	13198	0.00648706	0.44845	0.992802
16	64580000	64600000	10537	70	8190	10637	0.00664326	0.4095	0.990599
16	64600000	64620000	12284	76	10287	12396	0.00618691	0.51435	0.990965
16	64620000	64640000	14285	96	7150	14413	0.00672034	0.3575	0.991119
16	64640000	64660000	7613	65	15436	7776	0.00853803	0.7718	0.979038
16	64660000	64680000	11114	57	10752	11227	0.00512867	0.5376	0.989935
16	64680000	64700000	9479	55	13602	9613	0.0058023	0.6801	0.986061
16	64700000	64720000	12254	60	9568	12470	0.00489636	0.4784	0.982678
16	64720000	64740000	14081	63	9422	14235	0.00447411	0.4711	0.989182
16	64740000	64760000	9040	71	8831	12619	0.00785398	0.44155	0.71638
16	64760000	64780000	13073	113	7937	13202	0.00864377	0.39685	0.990229
16	64780000	64800000	12003	91	9227	12125	0.00758144	0.46135	0.989938
16	64800000	64820000	12027	93	11131	12173	0.0077326	0.55655	0.988006
16	64820000	64840000	12868	81	6767	13006	0.00629468	0.33835	0.98939
16	64840000	64860000	11234	77	9738	11997	0.00685419	0.4869	0.936401
16	64860000	64880000	12304	58	13453	12901	0.00471391	0.67265	0.953725
16	64880000	64900000	12935	92	10184	13047	0.00711249	0.5092	0.991416
16	64900000	64920000	12418	96	7431	12518	0.00773071	0.37155	0.992012
16	64920000	64940000	12705	65	4872	12798	0.0051161	0.2436	0.992733
16	64940000	64960000	12314	75	7898	12434	0.00609063	0.3949	0.990349
16	64960000	64980000	11911	64	11919	12011	0.00537318	0.59595	0.991674
16	64980000	65000000	12365	66	7626	12451	0.00533765	0.3813	0.993093
16	65000000	65020000	13870	89	7457	14002	0.00641673	0.37285	0.990573
16	65020000	65040000	12737	71	8495	12823	0.00557431	0.42475	0.993293
16	65040000	65060000	10807	76	11234	11907	0.00703248	0.5617	0.907617
16	65060000	65080000	13017	81	6621	13091	0.00622263	0.33105	0.994347
16	65080000	65100000	13714	77	6591	13822	0.0056147	0.32955	0.992186
16	65100000	65120000	13402	69	6656	13592	0.00514849	0.3328	0.986021
16	65120000	65140000	13392	70	6528	13733	0.005227	0.3264	0.975169
16	65140000	65160000	13376	63	4602	13464	0.00470993	0.2301	0.993464
16	65160000	65180000	11817	80	8597	11918	0.00676991	0.42985	0.991525
16	65180000	65200000	11595	58	9898	12414	0.00500216	0.4949	0.934026
16	65200000	65220000	12413	81	7835	12530	0.00652542	0.39175	0.990662
16	65220000	65240000	12449	61	10450	12568	0.00489999	0.5225	0.990532
16	65240000	65260000	14040	70	7613	14211	0.00498575	0.38065	0.987967
16	65260000	65280000	7267	53	12032	7747	0.00729324	0.6016	0.938041
16	65280000	65300000	14085	61	8537	14197	0.00433085	0.42685	0.992111
16	65300000	65320000	11558	61	8744	11673	0.00527773	0.4372	0.990148
16	65320000	65340000	11766	58	12055	11896	0.00492946	0.60275	0.989072
16	65340000	65360000	10933	74	8129	11109	0.0067685	0.40645	0.984157
16	65360000	65380000	12850	71	9050	12965	0.00552529	0.4525	0.99113
16	65380000	65400000	10170	35	9793	10213	0.00344149	0.48965	0.99579
16	65400000	65420000	12263	40	8564	12356	0.00326184	0.4282	0.992473
16	65420000	65440000	13756	75	6981	13870	0.00545217	0.34905	0.991781
16	65440000	65460000	13775	57	5344	13918	0.00413793	0.2672	0.989726
16	65460000	65480000	12574	90	6520	12691	0.00715763	0.326	0.990781
16	65480000	65500000	12212	70	7976	13033	0.00573207	0.3988	0.937006
16	65500000	65520000	12761	97	7584	12894	0.00760129	0.3792	0.989685
16	65520000	65540000	12700	80	5165	12828	0.00629921	0.25825	0.990022
16	65540000	65560000	14041	105	7102	14369	0.0074781	0.3551	0.977173
16	65560000	65580000	12305	74	9825	12420	0.00601382	0.49125	0.990741
16	65580000	65600000	7918	81	11357	7992	0.0102299	0.56785	0.990741
16	65600000	65620000	11789	87	12248	11993	0.00737976	0.6124	0.98299
16	65620000	65640000	13693	97	9249	13831	0.00708391	0.46245	0.990022
16	65640000	65660000	11789	94	6463	12702	0.00797353	0.32315	0.928122
16	65660000	65680000	13471	88	6185	13664	0.00653255	0.30925	0.985875
16	65680000	65700000	12835	106	6124	13069	0.00825867	0.3062	0.982095
16	65700000	65720000	13353	90	8463	13580	0.00674006	0.42315	0.983284
16	65720000	65740000	8983	45	11214	9058	0.00500946	0.5607	0.99172
16	65740000	65760000	13073	82	6331	13188	0.00627247	0.31655	0.99128
16	65760000	65780000	13271	82	6783	13987	0.00617889	0.33915	0.94881
16	65780000	65800000	12040	53	8109	12167	0.00440199	0.40545	0.989562
16	65800000	65820000	12335	57	8504	12561	0.004621	0.4252	0.982008
16	65820000	65840000	12509	89	9311	12634	0.00711488	0.46555	0.990106
16	65840000	65860000	12392	74	7903	12519	0.00597159	0.39515	0.989855
16	65860000	65880000	12974	83	6917	13211	0.00639741	0.34585	0.98206
16	65880000	65900000	11922	88	9928	12046	0.00738131	0.4964	0.989706
16	65900000	65920000	12452	76	7993	14100	0.00610344	0.39965	0.883121
16	65920000	65940000	11878	100	10584	12647	0.00841893	0.5292	0.939195
16	65940000	65960000	12706	87	9120	12818	0.00684716	0.456	0.991262
16	65960000	65980000	10418	84	9727	10512	0.00806297	0.48635	0.991058
16	65980000	66000000	12713	92	7712	12859	0.00723669	0.3856	0.988646
16	66000000	66020000	11543	84	11205	11619	0.00727714	0.56025	0.993459
16	66020000	66040000	14150	112	7733	14294	0.00791519	0.38665	0.989926
16	66040000	66060000	11234	69	9564	11799	0.00614207	0.4782	0.952115
16	66060000	66080000	12607	76	7452	14036	0.0060284	0.3726	0.89819
16	66080000	66100000	13485	57	10108	13605	0.00422692	0.5054	0.99118
16	66100000	66120000	10921	50	12497	11010	0.00457834	0.62485	0.991916
16	66120000	66140000	13438	80	8603	13526	0.00595327	0.43015	0.993494
16	66140000	66160000	12314	85	10820	12625	0.00690271	0.541	0.975366
16	66160000	66180000	13939	76	5273	14091	0.00545233	0.26365	0.989213
16	66180000	66200000	14098	85	6980	14247	0.00602922	0.349	0.989542
16	66200000	66220000	12717	65	9604	12912	0.00511127	0.4802	0.984898
16	66220000	66240000	12689	75	8970	12791	0.00591063	0.4485	0.992026
16	66240000	66260000	11607	74	9607	12233	0.00637546	0.48035	0.948827
16	66260000	66280000	12301	75	7014	12443	0.00609707	0.3507	0.988588
16	66280000	66300000	11518	65	10576	11823	0.00564334	0.5288	0.974203
16	66300000	66320000	9590	57	13988	9868	0.00594369	0.6994	0.971828
16	66320000	66340000	12800	80	8225	12942	0.00625	0.41125	0.989028
16	66340000	66360000	12912	102	8797	13056	0.00789963	0.43985	0.988971
16	66360000	66380000	11489	58	8817	11588	0.00504831	0.44085	0.991457
16	66380000	66400000	11915	69	10236	12750	0.00579102	0.5118	0.93451
16	66400000	66420000	9470	64	9459	12088	0.00675818	0.47295	0.783422
16	66420000	66440000	12298	67	7830	12447	0.00544804	0.3915	0.988029
16	66440000	66460000	12120	43	10896	12475	0.00354785	0.5448	0.971543
16	66460000	66480000	11599	69	7070	12633	0.00594879	0.3535	0.918151
16	66480000	66500000	11121	55	11956	11218	0.0049456	0.5978	0.991353
16	66500000	66520000	12811	81	7386	13006	0.00632269	0.3693	0.985007
16	66520000	66540000	6595	38	13957	7029	0.00576194	0.69785	0.938256
16	66540000	66560000	10939	78	7794	11339	0.00713045	0.3897	0.964724
16	66560000	66580000	10228	61	11397	10302	0.00596402	0.56985	0.992817
16	66580000	66600000	11759	69	7377	11864	0.00586785	0.36885	0.99115
16	66600000	66620000	12457	46	8838	12560	0.0036927	0.4419	0.991799
16	66620000	66640000	6241	28	13753	7614	0.00448646	0.68765	0.819674
16	66640000	66660000	13064	58	3311	13147	0.00443968	0.16555	0.993687
16	66660000	66680000	8571	31	13200	8629	0.00361685	0.66	0.993278
16	66680000	66700000	9372	41	12559	9438	0.00437473	0.62795	0.993007
16	66700000	66720000	7816	27	11291	7884	0.00345445	0.56455	0.991375
16	66720000	66740000	7177	35	12514	7355	0.00487669	0.6257	0.975799
16	66740000	66760000	7948	33	10112	8291	0.00415199	0.5056	0.95863
16	66760000	66780000	9198	42	8193	9450	0.00456621	0.40965	0.973333
16	66780000	66800000	9446	31	9787	9604	0.00328181	0.48935	0.983549
16	66800000	66820000	8328	34	11767	8376	0.00408261	0.58835	0.994269
16	66820000	66840000	9331	40	10410	9430	0.00428679	0.5205	0.989502
16	66840000	66860000	9435	42	9246	9501	0.00445151	0.4623	0.993053
16	66860000	66880000	7968	44	11233	8022	0.00552209	0.56165	0.993269
16	66880000	66900000	10768	58	8959	11301	0.00538633	0.44795	0.952836
16	66900000	66920000	5781	32	10864	7338	0.00553537	0.5432	0.787817
16	66920000	66940000	10384	69	7713	10574	0.00664484	0.38565	0.982031
16	66940000	66960000	12820	95	3686	12939	0.0074103	0.1843	0.990803
16	66960000	66980000	10901	265	5579	11367	0.0243097	0.27895	0.959004
16	66980000	67000000	4873	177	10782	7695	0.0363226	0.5391	0.633268
16	67000000	67020000	7087	143	12097	8681	0.0201778	0.60485	0.816381
16	67020000	67040000	8871	128	10486	9658	0.014429	0.5243	0.918513
16	67040000	67060000	7043	92	10068	8926	0.0130626	0.5034	0.789043
16	67060000	67080000	8673	81	8850	8875	0.00933933	0.4425	0.977239
16	67080000	67100000	7536	36	12106	7865	0.00477707	0.6053	0.958169
16	67100000	67120000	8067	43	15387	8321	0.00533036	0.76935	0.969475
16	67120000	67140000	9774	42	9569	10040	0.00429711	0.47845	0.973506
16	67140000	67160000	8023	31	9670	8674	0.00386389	0.4835	0.924948
16	67160000	67180000	10157	36	8144	10702	0.00354435	0.4072	0.949075
16	67180000	67200000	10670	36	3931	11796	0.00337395	0.19655	0.904544
16	67200000	67220000	8701	37	5134	9933	0.00425238	0.2567	0.875969
16	67220000	67240000	11585	41	3369	11694	0.00353906	0.16845	0.990679
16	67240000	67260000	10187	45	7926	10978	0.00441739	0.3963	0.927947
16	67260000	67280000	11942	40	4536	12226	0.00334952	0.2268	0.976771
16	67280000	67300000	10933	34	6066	11901	0.00310985	0.3033	0.918662
16	67300000	67320000	9428	33	9161	9842	0.00350021	0.45805	0.957935
16	67320000	67340000	12941	48	3996	13426	0.00370914	0.1998	0.963876
16	67340000	67360000	7768	26	12417	8170	0.00334706	0.62085	0.950796
16	67360000	67380000	6711	20	14213	6781	0.00298018	0.71065	0.989677
16	67380000	67400000	10473	27	9260	10522	0.00257806	0.463	0.995343
16	67400000	67420000	9594	24	10598	9648	0.00250156	0.5299	0.994403
16	67420000	67440000	11914	45	3029	13661	0.00377707	0.15145	0.872118
16	67440000	67460000	10502	37	9250	10577	0.00352314	0.4625	0.992909
16	67460000	67480000	13207	32	3795	13346	0.00242296	0.18975	0.989585
16	67480000	67500000	13426	37	2710	13976	0.00275585	0.1355	0.960647
16	67500000	67520000	8910	34	10844	9044	0.00381594	0.5422	0.985184
16	67520000	67540000	6314	20	14115	7209	0.00316756	0.70575	0.87585
16	67540000	67560000	7169	35	13674	7225	0.00488213	0.6837	0.992249
16	67560000	67580000	11109	43	5698	11173	0.00387074	0.2849	0.994272
16	67580000	67600000	8379	29	10105	8669	0.00346103	0.50525	0.966547
16	67600000	67620000	4394	16	13678	5529	0.00364133	0.6839	0.794719
16	67620000	67640000	6464	40	11919	7226	0.00618812	0.59595	0.894547
16	67640000	67660000	7340	27	12501	7386	0.00367847	0.62505	0.993772
16	67660000	67680000	7244	25	9166	8180	0.00345113	0.4583	0.885575
16	67680000	67700000	11869	58	1849	13312	0.00488668	0.09245	0.891602
16	67700000	67720000	10376	51	7713	10678	0.00491519	0.38565	0.971718
16	67720000	67740000	6642	36	14514	6709	0.00542005	0.7257	0.990013
16	67740000	67760000	9405	32	9474	9475	0.00340245	0.4737	0.992612
16	67760000	67780000	11206	46	6256	11413	0.00410494	0.3128	0.981863
16	67780000	67800000	9949	48	8918	10016	0.00482461	0.4459	0.993311
16	67800000	67820000	3936	15	12315	6934	0.00381098	0.61575	0.567638
16	67820000	67840000	6364	33	11999	6546	0.00518542	0.59995	0.972197
16	67840000	67860000	6231	32	11555	6398	0.00513561	0.57775	0.973898
16	67860000	67880000	9621	46	6331	9721	0.00478121	0.31655	0.989713
16	67880000	67900000	8227	46	9612	8279	0.00559135	0.4806	0.993719
16	67900000	67920000	12610	46	2306	12743	0.0036479	0.1153	0.989563
16	67920000	67940000	6759	22	12319	6819	0.00325492	0.61595	0.991201
16	67940000	67960000	10400	42	6902	10739	0.00403846	0.3451	0.968433
16	67960000	67980000	11732	48	3905	11913	0.00409137	0.19525	0.984807
16	67980000	68000000	12548	47	5701	12955	0.00374562	0.28505	0.968584
16	68000000	68020000	7246	48	9496	7389	0.00662434	0.4748	0.980647
16	68020000	68040000	7344	38	8869	7631	0.00517429	0.44345	0.96239
16	68040000	68060000	6493	22	11882	7049	0.00338826	0.5941	0.921124
16	68060000	68080000	4507	19	16110	5275	0.00421566	0.8055	0.854408
16	68080000	68100000	8649	25	10683	8895	0.00289051	0.53415	0.972344
16	68100000	68120000	11927	50	5086	12003	0.00419217	0.2543	0.993668
16	68120000	68140000	9049	29	12223	9104	0.00320477	0.61115	0.993959
16	68140000	68160000	5486	16	15798	5585	0.00291651	0.7899	0.982274
16	68160000	68180000	7081	41	15464	7120	0.00579014	0.7732	0.994522
16	68180000	68200000	8199	92	13262	8479	0.0112209	0.6631	0.966977
16	68200000	68220000	8481	36	12867	8526	0.00424478	0.64335	0.994722
16	68220000	68240000	6799	29	12584	6904	0.00426533	0.6292	0.984791
16	68240000	68260000	7421	34	12890	7471	0.00458159	0.6445	0.993307
16	68260000	68280000	10606	35	4157	10721	0.00330002	0.20785	0.989273
16	68280000	68300000	10443	34	6875	10677	0.00325577	0.34375	0.978084
16	68300000	68320000	8010	28	11255	8871	0.00349563	0.56275	0.902942
16	68320000	68340000	11881	50	5102	12256	0.0042084	0.2551	0.969403
16	68340000	68360000	8730	43	11658	8946	0.00492554	0.5829	0.975855
16	68360000	68380000	10314	58	10285	10625	0.00562342	0.51425	0.970729
16	68380000	68400000	13655	88	2772	14578	0.00644453	0.1386	0.936685
16	68400000	68420000	14154	73	3598	14236	0.00515755	0.1799	0.99424
16	68420000	68440000	12224	66	6578	12428	0.00539921	0.3289	0.983585
16	68440000	68460000	14401	55	4818	14459	0.00381918	0.2409	0.995989
16	68460000	68480000	13367	42	5416	13936	0.00314207	0.2708	0.95917
16	68480000	68500000	11202	30	9111	11747	0.00267809	0.45555	0.953605
16	68500000	68520000	11356	46	8726	11751	0.00405072	0.4363	0.966386
16	68520000	68540000	11587	61	7451	11672	0.00526452	0.37255	0.992718
16	68540000	68560000	9698	53	10344	9774	0.00546504	0.5172	0.992224
16	68560000	68580000	7848	71	11743	8328	0.00904689	0.58715	0.942363
16	68580000	68600000	10092	59	10002	10164	0.00584621	0.5001	0.992916
16	68600000	68620000	8338	28	13558	8593	0.00335812	0.6779	0.970325
16	68620000	68640000	6036	38	16254	6225	0.00629556	0.8127	0.969639
16	68640000	68660000	6227	30	15834	6392	0.00481773	0.7917	0.974186
16	68660000	68680000	8105	40	13840	8293	0.00493523	0.692	0.97733
16	68680000	68700000	9188	58	9532	9267	0.00631258	0.4766	0.991475
16	68700000	68720000	9983	57	9453	10086	0.00570971	0.47265	0.989788
16	68720000	68740000	8370	56	10499	8772	0.00669056	0.52495	0.954172
16	68740000	68760000	6729	37	14542	7475	0.00549859	0.7271	0.900201
16	68760000	68780000	7943	46	11378	8117	0.00579126	0.5689	0.978564
16	68780000	68800000	7533	53	11420	8242	0.00703571	0.571	0.913977
16	68800000	68820000	9539	54	12450	9629	0.00566097	0.6225	0.990653
16	68820000	68840000	7592	29	11078	8269	0.00381981	0.5539	0.918128
16	68840000	68860000	9166	42	9906	9519	0.00458215	0.4953	0.962916
16	68860000	68880000	8205	69	11345	8286	0.00840951	0.56725	0.990224
16	68880000	68900000	7868	42	15003	7942	0.00533808	0.75015	0.990682
16	68900000	68920000	6688	51	14820	7041	0.0076256	0.741	0.949865
16	68920000	68940000	8583	40	10037	8643	0.00466038	0.50185	0.993058
16	68940000	68960000	8253	34	11649	8315	0.00411971	0.58245	0.992544
16	68960000	68980000	8511	30	12047	8578	0.00352485	0.60235	0.992189
16	68980000	69000000	7871	55	11670	8140	0.00698768	0.5835	0.966953
16	69000000	69020000	7641	34	12012	7760	0.00444968	0.6006	0.984665
16	69020000	69040000	7994	41	13680	8114	0.00512885	0.684	0.985211
16	69040000	69060000	8216	37	13242	8452	0.00450341	0.6621	0.972078
16	69060000	69080000	8266	37	10798	8691	0.00447617	0.5399	0.951099
16	69080000	69100000	7497	35	13546	7697	0.00466853	0.6773	0.974016
16	69100000	69120000	6942	38	13302	7085	0.00547393	0.6651	0.979817
16	69120000	69140000	9243	39	9638	9329	0.00421941	0.4819	0.990781
16	69140000	69160000	10806	32	4473	10884	0.00296132	0.22365	0.992834
16	69160000	69180000	9520	33	9357	9660	0.00346639	0.46785	0.985507
16	69180000	69200000	7553	31	11316	7633	0.00410433	0.5658	0.989519
16	69200000	69220000	6074	21	11971	6364	0.00345736	0.59855	0.954431
16	69220000	69240000	9785	44	8388	9858	0.00449668	0.4194	0.992595
16	69240000	69260000	6957	27	12121	7007	0.00388098	0.60605	0.992864
16	69260000	69280000	7905	37	11228	8917	0.00468058	0.5614	0.886509
16	69280000	69300000	7050	23	11432	7319	0.00326241	0.5716	0.963246
16	69300000	69320000	6729	31	13389	7165	0.00460693	0.66945	0.939149
16	69320000	69340000	7644	39	10050	7709	0.00510204	0.5025	0.991568
16	69340000	69360000	10650	55	7701	10735	0.00516432	0.38505	0.992082
16	69360000	69380000	7736	24	8492	9053	0.00310238	0.4246	0.854523
16	69380000	69400000	8698	22	9064	9406	0.00252932	0.4532	0.924729
16	69400000	69420000	9908	49	10993	10117	0.0049455	0.54965	0.979342
16	69420000	69440000	7700	36	11937	7764	0.00467532	0.59685	0.991757
16	69440000	69460000	7741	37	12179	7800	0.00477974	0.60895	0.992436
16	69460000	69480000	8246	24	13487	8305	0.0029105	0.67435	0.992896
16	69480000	69500000	10836	41	6035	10948	0.00378368	0.30175	0.98977
16	69500000	69520000	9240	48	11675	9420	0.00519481	0.58375	0.980892
16	69520000	69540000	7299	38	13372	8472	0.00520619	0.6686	0.861544
16	69540000	69560000	8162	48	14691	8429	0.00588091	0.73455	0.968324
16	69560000	69580000	8762	36	12268	8896	0.00410865	0.6134	0.984937
16	69580000	69600000	2355	9	11543	8070	0.00382166	0.57715	0.291822
16	69600000	69620000	5450	30	10440	8518	0.00550459	0.522	0.639822
16	69620000	69640000	6946	42	11599	8525	0.00604665	0.57995	0.81478
16	69640000	69660000	10082	83	9207	10261	0.00823249	0.46035	0.982555
16	69660000	69680000	8809	52	8360	8861	0.00590305	0.418	0.994132
16	69680000	69700000	8872	34	7598	8975	0.00383228	0.3799	0.988524
16	69700000	69720000	7971	51	10853	8030	0.00639819	0.54265	0.992653
16	69720000	69740000	11308	29	5780	11472	0.00256456	0.289	0.985704
16	69740000	69760000	7479	30	11217	8111	0.00401123	0.56085	0.922081
16	69760000	69780000	6557	49	13400	6870	0.00747293	0.67	0.95444
16	69780000	69800000	5542	21	10106	5865	0.00378925	0.5053	0.944928
16	69800000	69820000	7590	29	15514	7644	0.00382082	0.7757	0.992936
16	69820000	69840000	6892	42	14217	7684	0.00609402	0.71085	0.896929
16	69840000	69860000	7363	36	14690	7608	0.00488931	0.7345	0.967797
16	69860000	69880000	9384	51	10259	9817	0.00543478	0.51295	0.955893
16	69880000	69900000	7883	59	13561	7938	0.00748446	0.67805	0.993071
16	69900000	69920000	9179	48	10286	9255	0.00522933	0.5143	0.991788
16	69920000	69940000	9178	44	9990	9264	0.00479407	0.4995	0.990717
16	69940000	69960000	9673	48	9535	9747	0.00496227	0.47675	0.992408
16	69960000	69980000	9446	50	4555	10509	0.00529325	0.22775	0.898849
16	69980000	70000000	0	0	8319	0		0.41595	
16	70000000	70020000	0	0	10923	41		0.54615	0
16	70020000	70040000	0	0	11642	52		0.5821	0
16	70040000	70060000	0	0	10658	140		0.5329	0
16	70060000	70080000	0	0	10128	85		0.5064	0
16	70080000	70100000	0	0	11682	36		0.5841	0
16	70100000	70120000	85	8	10691	148	0.0941176	0.53455	0.574324
16	70120000	70140000	122	5	8738	138	0.0409836	0.4369	0.884058
16	70140000	70160000	0	0	11267	92		0.56335	0
16	70160000	70180000	0	0	9797	0		0.48985	
16	70180000	70200000	9	0	7668	9	0	0.3834	1
16	70200000	70220000	0	0	9629	0		0.48145	
16	70220000	70240000	0	0	11840	0		0.592	
16	70240000	70260000	0	0	12664	0		0.6332	
16	70260000	70280000	0	0	6981	1		0.34905	0
16	70280000	70300000	6134	34	8497	7060	0.00554288	0.42485	0.868839
16	70300000	70320000	5448	28	12851	5792	0.0051395	0.64255	0.940608
16	70320000	70340000	6037	34	14439	6079	0.00563194	0.72195	0.993091
16	70340000	70360000	5409	10	13665	5449	0.00184877	0.68325	0.992659
16	70360000	70380000	5784	21	12496	6478	0.00363071	0.6248	0.892868
16	70380000	70400000	6241	30	12524	6357	0.00480692	0.6262	0.981752
16	70400000	70420000	5589	27	10509	5761	0.00483092	0.52545	0.970144
16	70420000	70440000	7861	44	10233	9018	0.00559725	0.51165	0.871701
16	70440000	70460000	8353	42	9655	9355	0.00502813	0.48275	0.892892
16	70460000	70480000	8780	50	10207	8874	0.00569476	0.51035	0.989407
16	70480000	70500000	5863	32	14185	5926	0.00545796	0.70925	0.989369
16	70500000	70520000	11678	56	5647	11945	0.00479534	0.28235	0.977648
16	70520000	70540000	7845	39	12629	7875	0.00497132	0.63145	0.99619
16	70540000	70560000	6633	31	12130	6826	0.0046736	0.6065	0.971726
16	70560000	70580000	8081	40	10380	8250	0.00494988	0.519	0.979515
16	70580000	70600000	11664	43	6065	11723	0.00368656	0.30325	0.994967
16	70600000	70620000	8422	45	7581	9883	0.00534315	0.37905	0.85217
16	70620000	70640000	7889	38	11774	8033	0.00481683	0.5887	0.982074
16	70640000	70660000	4150	28	16640	4205	0.00674699	0.832	0.98692
16	70660000	70680000	6165	51	15594	6955	0.00827251	0.7797	0.886413
16	70680000	70700000	9910	76	6471	10060	0.00766902	0.32355	0.985089
16	70700000	70720000	10023	49	9220	10252	0.00488876	0.461	0.977663
16	70720000	70740000	13999	66	2285	14180	0.00471462	0.11425	0.987236
16	70740000	70760000	14038	61	4069	14165	0.00434535	0.20345	0.991034
16	70760000	70780000	11724	74	5620	11902	0.00631184	0.281	0.985045
16	70780000	70800000	14079	73	4436	14200	0.00518503	0.2218	0.991479
16	70800000	70820000	12198	64	8123	12281	0.00524676	0.40615	0.993242
16	70820000	70840000	12974	83	7416	13078	0.00639741	0.3708	0.992048
16	70840000	70860000	3500	18	14059	3525	0.00514286	0.70295	0.992908
16	70860000	70880000	0	0	12445	0		0.62225	
16	70880000	70900000	7	1	11517	7	0.142857	0.57585	1
16	70900000	70920000	0	0	11193	1		0.55965	0
16	70920000	70940000	0	0	10205	0		0.51025	
16	70940000	70960000	2	2	13557	9	1	0.67785	0.222222
16	70960000	70980000	6	0	11319	8	0	0.56595	0.75
16	70980000	71000000	0	0	9662	0		0.4831	
16	71000000	71020000	0	0	10125	1		0.50625	0
16	71020000	71040000	0	0	8721	8		0.43605	0
16	71040000	71060000	1	1	8696	6	1	0.4348	0.166667
16	71060000	71080000	15	1	9223	15	0.0666667	0.46115	1
16	71080000	71100000	0	0	8641	0		0.43205	
16	71100000	71120000	11	0	7672	16	0	0.3836	0.6875
16	71120000	71140000	2	2	10517	2	1	0.52585	1
16	71140000	71160000	0	0	8807	0		0.44035	
16	71160000	71180000	14	0	7964	15	0	0.3982	0.933333
16	71180000	71200000	1	0	12568	1	0	0.6284	1
16	71200000	71220000	10811	39	10792	11586	0.00360744	0.5396	0.933109
16	71220000	71240000	12428	35	11448	12514	0.00281622	0.5724	0.993128
16	71240000	71260000	9300	48	14563	9360	0.00516129	0.72815	0.99359
16	71260000	71280000	11242	51	11665	11332	0.00453656	0.58325	0.992058
16	71280000	71300000	12277	52	10752	12407	0.00423556	0.5376	0.989522
16	71300000	71320000	11983	49	10910	12227	0.00408913	0.5455	0.980044
16	71320000	71340000	9803	51	11860	9925	0.00520249	0.593	0.987708
16	71340000	71360000	9067	47	12121	9333	0.00518363	0.60605	0.971499
16	71360000	71380000	10313	81	11903	10390	0.00785416	0.59515	0.992589
16	71380000	71400000	13538	104	7532	14037	0.00768208	0.3766	0.964451
16	71400000	71420000	10903	48	7637	12724	0.00440246	0.38185	0.856885
16	71420000	71440000	11146	47	9477	11239	0.00421676	0.47385	0.991725
16	71440000	71460000	10049	50	7590	10121	0.00497562	0.3795	0.992886
16	71460000	71480000	12181	62	8003	12317	0.00508989	0.40015	0.988958
16	71480000	71500000	11013	40	9099	11077	0.00363207	0.45495	0.994222
16	71500000	71520000	12875	70	8244	13087	0.00543689	0.4122	0.983801
16	71520000	71540000	9961	55	11819	10137	0.00552153	0.59095	0.982638
16	71540000	71560000	9230	46	12122	9682	0.00498375	0.6061	0.953315
16	71560000	71580000	9918	44	8210	10356	0.00443638	0.4105	0.957706
16	71580000	71600000	8413	25	14649	8460	0.00297159	0.73245	0.994444
16	71600000	71620000	11181	45	7649	11241	0.00402468	0.38245	0.994662
16	71620000	71640000	6126	34	14648	6174	0.00555011	0.7324	0.992225
16	71640000	71660000	6239	41	15801	7942	0.00657157	0.79005	0.78557
16	71660000	71680000	9421	50	8127	9825	0.00530729	0.40635	0.95888
16	71680000	71700000	10635	45	8220	10743	0.00423131	0.411	0.989947
16	71700000	71720000	10799	46	8878	10900	0.00425965	0.4439	0.990734
16	71720000	71740000	9081	54	12088	9174	0.00594648	0.6044	0.989863
16	71740000	71760000	8511	47	9798	8590	0.00552227	0.4899	0.990803
16	71760000	71780000	9405	40	7151	9568	0.00425306	0.35755	0.982964
16	71780000	71800000	9432	43	10578	9537	0.00455895	0.5289	0.98899
16	71800000	71820000	9536	51	8793	9611	0.00534815	0.43965	0.992196
16	71820000	71840000	7052	23	11568	7110	0.00326149	0.5784	0.991842
16	71840000	71860000	5937	28	11750	6141	0.00471619	0.5875	0.966781
16	71860000	71880000	6553	29	12051	6600	0.00442545	0.60255	0.992879
16	71880000	71900000	11697	34	2966	12836	0.00290673	0.1483	0.911265
16	71900000	71920000	9240	39	7149	9362	0.00422078	0.35745	0.986969
16	71920000	71940000	5525	23	14207	5971	0.0041629	0.71035	0.925306
16	71940000	71960000	7981	32	12242	8076	0.00400952	0.6121	0.988237
16	71960000	71980000	8355	39	9857	8916	0.00466786	0.49285	0.937079
16	71980000	72000000	7402	48	11845	8099	0.00648473	0.59225	0.91394
16	72000000	72020000	8618	71	10835	8707	0.00823857	0.54175	0.989778
16	72020000	72040000	8050	62	11113	8248	0.00770186	0.55565	0.975994
16	72040000	72060000	11522	89	7642	11622	0.00772435	0.3821	0.991396
16	72060000	72080000	8205	49	14041	8293	0.00597197	0.70205	0.989389
16	72080000	72100000	4914	71	10937	5640	0.0144485	0.54685	0.871277
16	72100000	72120000	5277	104	14610	8167	0.0197082	0.7305	0.646137
16	72120000	72140000	13475	77	3902	13563	0.00571429	0.1951	0.993512
16	72140000	72160000	12019	57	7449	12104	0.00474249	0.37245	0.992978
16	72160000	72180000	11216	66	9798	11290	0.00588445	0.4899	0.993446
16	72180000	72200000	10205	54	10387	10252	0.00529152	0.51935	0.995416
16	72200000	72220000	12615	86	9282	12695	0.00681728	0.4641	0.993698
16	72220000	72240000	12896	57	5479	12978	0.00441998	0.27395	0.993682
16	72240000	72260000	13045	61	10736	13157	0.00467612	0.5368	0.991487
16	72260000	72280000	12839	62	8966	12946	0.00482904	0.4483	0.991735
16	72280000	72300000	13256	43	7201	13366	0.00324381	0.36005	0.99177
16	72300000	72320000	11631	50	6339	11722	0.00429886	0.31695	0.992237
16	72320000	72340000	12878	65	10280	12980	0.00504737	0.514	0.992142
16	72340000	72360000	8934	47	13558	8989	0.0052608	0.6779	0.993881
16	72360000	72380000	5465	26	17670	5510	0.00475755	0.8835	0.991833
16	72380000	72400000	10964	55	9897	11034	0.00501642	0.49485	0.993656
16	72400000	72420000	12293	43	11774	12390	0.00349793	0.5887	0.992171
16	72420000	72440000	12486	55	13512	12591	0.00440493	0.6756	0.991661
16	72440000	72460000	11509	64	12432	11593	0.00556087	0.6216	0.992754
16	72460000	72480000	11477	54	9963	11564	0.00470506	0.49815	0.992477
16	72480000	72500000	8047	44	15726	8125	0.00546788	0.7863	0.9904
16	72500000	72520000	12282	48	8719	12391	0.00390816	0.43595	0.991203
16	72520000	72540000	12234	49	7084	12341	0.00400523	0.3542	0.99133
16	72540000	72560000	9444	70	15110	9563	0.00741211	0.7555	0.987556
16	72560000	72580000	6468	41	13880	6515	0.0063389	0.694	0.992786
16	72580000	72600000	7120	40	16539	7180	0.00561798	0.82695	0.991643
16	72600000	72620000	5054	37	14896	6859	0.00732093	0.7448	0.736842
16	72620000	72640000	8544	41	10400	8643	0.00479869	0.52	0.988546
16	72640000	72660000	11074	58	9619	11152	0.00523749	0.48095	0.993006
16	72660000	72680000	7428	30	14757	7485	0.00403877	0.73785	0.992385
16	72680000	72700000	10270	56	14205	10370	0.00545278	0.71025	0.990357
16	72700000	72720000	10498	46	13789	10608	0.00438179	0.68945	0.98963
16	72720000	72740000	8989	44	11655	9074	0.00489487	0.58275	0.990633
16	72740000	72760000	11353	50	11690	11516	0.00440412	0.5845	0.985846
16	72760000	72780000	7707	54	10945	7771	0.00700662	0.54725	0.991764
16	72780000	72800000	11473	45	12914	11541	0.00392225	0.6457	0.994108
16	72800000	72820000	12278	49	9036	12479	0.00399088	0.4518	0.983893
16	72820000	72840000	13429	47	2230	13517	0.00349989	0.1115	0.99349
16	72840000	72860000	14012	67	2877	14106	0.00478162	0.14385	0.993336
16	72860000	72880000	13162	63	2953	13266	0.00478651	0.14765	0.99216
16	72880000	72900000	12502	61	4068	12594	0.00487922	0.2034	0.992695
16	72900000	72920000	12368	62	5170	12496	0.00501294	0.2585	0.989757
16	72920000	72940000	12713	56	5042	12820	0.00440494	0.2521	0.991654
16	72940000	72960000	11252	52	7783	11619	0.0046214	0.38915	0.968414
16	72960000	72980000	12033	91	5937	12169	0.00756254	0.29685	0.988824
16	72980000	73000000	12505	73	3687	12861	0.00583766	0.18435	0.972319
16	73000000	73020000	12137	77	7641	12254	0.00634424	0.38205	0.990452
16	73020000	73040000	11571	62	7667	11665	0.00535822	0.38335	0.991942
16	73040000	73060000	11747	67	7495	11828	0.00570358	0.37475	0.993152
16	73060000	73080000	12115	73	3563	12360	0.00602559	0.17815	0.980178
16	73080000	73100000	10893	42	1345	11029	0.00385569	0.06725	0.987669
16	73100000	73120000	9161	49	9107	9237	0.00534876	0.45535	0.991772
16	73120000	73140000	9611	61	9258	9899	0.00634689	0.4629	0.970906
16	73140000	73160000	8857	57	12059	9152	0.00643559	0.60295	0.967767
16	73160000	73180000	12117	96	7252	12212	0.00792275	0.3626	0.992221
16	73180000	73200000	10408	60	8542	10476	0.0057648	0.4271	0.993509
16	73200000	73220000	11647	54	6832	11731	0.00463639	0.3416	0.992839
16	73220000	73240000	11719	80	5179	11816	0.00682652	0.25895	0.991791
16	73240000	73260000	12197	56	9071	12297	0.00459129	0.45355	0.991868
16	73260000	73280000	12621	84	6323	12757	0.00665557	0.31615	0.989339
16	73280000	73300000	9672	58	9868	11097	0.00599669	0.4934	0.871587
16	73300000	73320000	10440	74	9639	10545	0.00708812	0.48195	0.990043
16	73320000	73340000	11917	91	5609	12055	0.00763615	0.28045	0.988552
16	73340000	73360000	9912	79	6882	12889	0.00797014	0.3441	0.769028
16	73360000	73380000	11875	81	9150	12887	0.00682105	0.4575	0.921471
16	73380000	73400000	13811	91	5362	13914	0.00658895	0.2681	0.992597
16	73400000	73420000	12839	93	9607	12965	0.00724355	0.48035	0.990282
16	73420000	73440000	11265	71	7449	11921	0.00630271	0.37245	0.944971
16	73440000	73460000	11773	83	7646	11876	0.00705003	0.3823	0.991327
16	73460000	73480000	12422	96	5654	12532	0.00772822	0.2827	0.991222
16	73480000	73500000	11845	89	9593	11946	0.00751372	0.47965	0.991545
16	73500000	73520000	12178	85	8867	12268	0.0069798	0.44335	0.992664
16	73520000	73540000	12695	64	6234	12794	0.00504135	0.3117	0.992262
16	73540000	73560000	13427	109	6200	13551	0.00811797	0.31	0.990849
16	73560000	73580000	12468	70	6623	12613	0.00561437	0.33115	0.988504
16	73580000	73600000	12165	58	3607	12313	0.00476778	0.18035	0.98798
16	73600000	73620000	11580	62	7130	11668	0.00535406	0.3565	0.992458
16	73620000	73640000	10149	71	12765	10234	0.00699576	0.63825	0.991694
16	73640000	73660000	11720	79	4597	11800	0.00674061	0.22985	0.99322
16	73660000	73680000	12666	76	7698	12859	0.00600032	0.3849	0.984991
16	73680000	73700000	11543	65	10774	11675	0.00563112	0.5387	0.988694
16	73700000	73720000	11877	87	9595	11999	0.00732508	0.47975	0.989832
16	73720000	73740000	11807	76	7795	11915	0.00643686	0.38975	0.990936
16	73740000	73760000	12623	96	7086	12742	0.00760517	0.3543	0.990661
16	73760000	73780000	13414	79	7522	13524	0.00588937	0.3761	0.991866
16	73780000	73800000	11598	79	7687	11692	0.00681152	0.38435	0.99196
16	73800000	73820000	11969	92	8307	12052	0.00768652	0.41535	0.993113
16	73820000	73840000	11373	78	7599	11465	0.00685835	0.37995	0.991976
16	73840000	73860000	12291	92	7078	12422	0.00748515	0.3539	0.989454
16	73860000	73880000	8565	86	9539	9094	0.0100409	0.47695	0.94183
16	73880000	73900000	11484	65	8137	11564	0.00566005	0.40685	0.993082
16	73900000	73920000	12364	86	2730	12462	0.00695568	0.1365	0.992136
16	73920000	73940000	10733	80	6442	10830	0.00745365	0.3221	0.991043
16	73940000	73960000	12154	98	8219	12258	0.00806319	0.41095	0.991516
16	73960000	73980000	8385	47	13767	8449	0.00560525	0.68835	0.992425
16	73980000	74000000	11878	81	7604	11979	0.00681933	0.3802	0.991569
16	74000000	74020000	11648	82	8546	11748	0.00703984	0.4273	0.991488
16	74020000	74040000	9124	72	15803	9212	0.00789128	0.79015	0.990447
16	74040000	74060000	12018	91	8505	12369	0.00757198	0.42525	0.971623
16	74060000	74080000	12616	89	4189	13045	0.00705453	0.20945	0.967114
16	74080000	74100000	11069	85	7946	11218	0.0076791	0.3973	0.986718
16	74100000	74120000	11273	85	9565	11899	0.00754014	0.47825	0.947391
16	74120000	74140000	9000	71	13434	9124	0.00788889	0.6717	0.986409
16	74140000	74160000	8757	50	14252	8960	0.00570972	0.7126	0.977344
16	74160000	74180000	9668	62	12664	9953	0.00641291	0.6332	0.971365
16	74180000	74200000	12080	56	13743	12186	0.00463576	0.68715	0.991301
16	74200000	74220000	9530	55	11149	10316	0.00577125	0.55745	0.923808
16	74220000	74240000	12054	54	8887	12175	0.00447984	0.44435	0.990062
16	74240000	74260000	11074	85	8700	11177	0.00767564	0.435	0.990785
16	74260000	74280000	11055	57	8709	11337	0.00515604	0.43545	0.975126
16	74280000	74300000	10334	51	9560	11042	0.00493517	0.478	0.935881
16	74300000	74320000	9907	34	10040	9965	0.00343192	0.502	0.99418
16	74320000	74340000	7358	41	8246	10245	0.00557217	0.4123	0.718204
16	74340000	74360000	0	0	12251	8945		0.61255	0
16	74360000	74380000	0	0	10635	610		0.53175	0
16	74380000	74400000	0	0	12262	35		0.6131	0
16	74400000	74420000	0	0	10575	0		0.52875	
16	74420000	74440000	0	0	10656	3		0.5328	0
16	74440000	74460000	0	0	8221	0		0.41105	
16	74460000	74480000	4448	42	14498	4481	0.00944245	0.7249	0.992636
16	74480000	74500000	10612	67	5924	10709	0.00631361	0.2962	0.990942
16	74500000	74520000	10665	54	7461	10783	0.00506329	0.37305	0.989057
16	74520000	74540000	9500	48	7246	9601	0.00505263	0.3623	0.98948
16	74540000	74560000	6598	39	15601	6971	0.00591088	0.78005	0.946493
16	74560000	74580000	136	11	8420	139	0.0808824	0.421	0.978417
16	74580000	74600000	4760	25	11301	4804	0.0052521	0.56505	0.990841
16	74600000	74620000	6830	31	13856	6906	0.0045388	0.6928	0.988995
16	74620000	74640000	6812	39	13025	6912	0.00572519	0.65125	0.985532
16	74640000	74660000	5683	36	11080	7759	0.00633468	0.554	0.73244
16	74660000	74680000	8921	56	10927	8982	0.00627732	0.54635	0.993209
16	74680000	74700000	8160	48	12680	8326	0.00588235	0.634	0.980062
16	74700000	74720000	8284	76	10728	8370	0.00917431	0.5364	0.989725
16	74720000	74740000	7877	49	14348	7957	0.00622064	0.7174	0.989946
16	74740000	74760000	9873	81	9808	9981	0.00820419	0.4904	0.989179
16	74760000	74780000	12117	68	6325	12254	0.00561195	0.31625	0.98882
16	74780000	74800000	10062	68	10438	10152	0.0067581	0.5219	0.991135
16	74800000	74820000	7913	62	14069	8421	0.00783521	0.70345	0.939675
16	74820000	74840000	7223	51	16921	8406	0.00706078	0.84605	0.859267
16	74840000	74860000	7843	65	13921	8189	0.00828765	0.69605	0.957748
16	74860000	74880000	8245	58	12725	8345	0.00703457	0.63625	0.988017
16	74880000	74900000	7715	84	13128	7861	0.0108879	0.6564	0.981427
16	74900000	74920000	9068	67	10466	9167	0.00738862	0.5233	0.9892
16	74920000	74940000	11585	85	5810	11911	0.00733707	0.2905	0.97263
16	74940000	74960000	8011	61	9793	8320	0.00761453	0.48965	0.962861
16	74960000	74980000	6937	45	10540	7009	0.00648695	0.527	0.989727
16	74980000	75000000	6894	40	12170	6953	0.00580215	0.6085	0.991514
16	75000000	75020000	5716	61	14108	6513	0.0106718	0.7054	0.877629
16	75020000	75040000	7326	49	11575	7449	0.00668851	0.57875	0.983488
16	75040000	75060000	9146	52	12243	9236	0.00568555	0.61215	0.990256
16	75060000	75080000	7394	48	14874	7930	0.00649175	0.7437	0.932409
16	75080000	75100000	9534	56	9000	9649	0.00587372	0.45	0.988082
16	75100000	75120000	11051	70	11578	11287	0.00633427	0.5789	0.979091
16	75120000	75140000	12199	83	5518	12498	0.00680384	0.2759	0.976076
16	75140000	75160000	8123	54	9745	8251	0.00664779	0.48725	0.984487
16	75160000	75180000	4103	39	18300	4911	0.00950524	0.915	0.835471
16	75180000	75200000	6558	51	14924	6751	0.00777676	0.7462	0.971412
16	75200000	75220000	8210	69	15073	8361	0.00840438	0.75365	0.98194
16	75220000	75240000	8611	125	12453	9185	0.0145163	0.62265	0.937507
16	75240000	75260000	4576	45	10403	7881	0.00983392	0.52015	0.580637
16	75260000	75280000	10384	63	3502	10547	0.00606703	0.1751	0.984545
16	75280000	75300000	12531	77	4728	12694	0.00614476	0.2364	0.987159
16	75300000	75320000	7498	40	13467	7584	0.00533476	0.67335	0.98866
16	75320000	75340000	11707	54	7537	11802	0.00461262	0.37685	0.991951
16	75340000	75360000	10035	56	9988	10106	0.00558047	0.4994	0.992974
16	75360000	75380000	9954	44	10119	10030	0.00442033	0.50595	0.992423
16	75380000	75400000	8959	48	13984	8996	0.00535774	0.6992	0.995887
16	75400000	75420000	10329	50	11106	10416	0.00484074	0.5553	0.991647
16	75420000	75440000	8693	40	11379	8887	0.0046014	0.56895	0.97817
16	75440000	75460000	7170	37	14990	7257	0.00516039	0.7495	0.988012
16	75460000	75480000	5883	35	14389	6405	0.00594935	0.71945	0.918501
16	75480000	75500000	8118	53	8688	8561	0.0065287	0.4344	0.948254
16	75500000	75520000	7118	58	11642	7277	0.00814836	0.5821	0.97815
16	75520000	75540000	6666	56	9474	6746	0.00840084	0.4737	0.988141
16	75540000	75560000	4355	6	12634	5435	0.00137773	0.6317	0.801288
16	75560000	75580000	6490	51	7412	6643	0.00785824	0.3706	0.976968
16	75580000	75600000	7955	51	11765	8330	0.00641106	0.58825	0.954982
16	75600000	75620000	11103	39	7496	11242	0.00351256	0.3748	0.987636
16	75620000	75640000	8631	60	12522	8780	0.00695169	0.6261	0.98303
16	75640000	75660000	9455	64	11883	9540	0.00676891	0.59415	0.99109
16	75660000	75680000	10717	67	8200	10806	0.00625175	0.41	0.991764
16	75680000	75700000	8044	44	10158	8215	0.00546992	0.5079	0.979184
16	75700000	75720000	5672	43	16729	6106	0.0075811	0.83645	0.928922
16	75720000	75740000	6259	49	13185	7639	0.00782873	0.65925	0.819348
16	75740000	75760000	5265	57	14313	5316	0.0108262	0.71565	0.990406
16	75760000	75780000	5471	35	16226	5536	0.00639737	0.8113	0.988259
16	75780000	75800000	10627	75	10685	10735	0.0070575	0.53425	0.989939
16	75800000	75820000	8524	55	14824	8966	0.00645237	0.7412	0.950703
16	75820000	75840000	9786	74	13155	10043	0.00756182	0.65775	0.97441
16	75840000	75860000	8165	63	11389	8749	0.00771586	0.56945	0.93325
16	75860000	75880000	6466	63	15066	6522	0.00974327	0.7533	0.991414
16	75880000	75900000	9403	71	12812	9556	0.00755078	0.6406	0.983989
16	75900000	75920000	10118	83	11359	10236	0.0082032	0.56795	0.988472
16	75920000	75940000	11286	91	14034	11411	0.00806309	0.7017	0.989046
16	75940000	75960000	11300	70	8418	11826	0.00619469	0.4209	0.955522
16	75960000	75980000	11589	90	9561	11711	0.00776598	0.47805	0.989582
16	75980000	76000000	13104	105	9552	13238	0.00801282	0.4776	0.989878
16	76000000	76020000	12033	132	5890	12642	0.0109698	0.2945	0.951827
16	76020000	76040000	11497	104	10251	11940	0.00904584	0.51255	0.962898
16	76040000	76060000	12483	103	9536	12605	0.00825122	0.4768	0.990321
16	76060000	76080000	11149	96	11885	11262	0.00861064	0.59425	0.989966
16	76080000	76100000	4730	27	15679	9297	0.00570825	0.78395	0.508766
16	76100000	76120000	3391	23	14201	11470	0.00678266	0.71005	0.295641
16	76120000	76140000	8030	55	15524	8190	0.00684932	0.7762	0.980464
16	76140000	76160000	11005	95	9465	11144	0.00863244	0.47325	0.987527
16	76160000	76180000	10287	56	10505	10401	0.00544376	0.52525	0.98904
16	76180000	76200000	11528	88	7940	11665	0.00763359	0.397	0.988255
16	76200000	76220000	10377	108	9611	10519	0.0104076	0.48055	0.986501
16	76220000	76240000	12088	101	8926	12225	0.00835539	0.4463	0.988793
16	76240000	76260000	11205	81	8589	11341	0.00722892	0.42945	0.988008
16	76260000	76280000	11280	73	6111	11433	0.00647163	0.30555	0.986618
16	76280000	76300000	8509	54	13645	8597	0.00634622	0.68225	0.989764
16	76300000	76320000	11577	97	9398	11704	0.00837868	0.4699	0.989149
16	76320000	76340000	10583	99	7168	12398	0.00935463	0.3584	0.853605
16	76340000	76360000	12430	122	8095	12598	0.00981496	0.40475	0.986665
16	76360000	76380000	11116	90	11194	11810	0.00809644	0.5597	0.941236
16	76380000	76400000	11919	93	8506	12025	0.00780267	0.4253	0.991185
16	76400000	76420000	10502	80	8433	10642	0.0076176	0.42165	0.986845
16	76420000	76440000	9815	111	9862	9917	0.0113092	0.4931	0.989715
16	76440000	76460000	12011	86	12594	12146	0.0071601	0.6297	0.988885
16	76460000	76480000	11844	97	8296	11983	0.0081898	0.4148	0.9884
16	76480000	76500000	12401	97	5940	12582	0.00782195	0.297	0.985614
16	76500000	76520000	11951	99	8536	12104	0.00828383	0.4268	0.98736
16	76520000	76540000	11346	72	9314	11463	0.00634585	0.4657	0.989793
16	76540000	76560000	11377	87	10073	11524	0.00764701	0.50365	0.987244
16	76560000	76580000	12977	84	4222	13325	0.00647299	0.2111	0.973884
16	76580000	76600000	13275	104	6799	13440	0.00783427	0.33995	0.987723
16	76600000	76620000	11542	109	8138	11677	0.00944377	0.4069	0.988439
16	76620000	76640000	10948	104	8241	11065	0.00949945	0.41205	0.989426
16	76640000	76660000	11123	94	8967	11237	0.00845096	0.44835	0.989855
16	76660000	76680000	11343	97	14959	12199	0.00855153	0.74795	0.92983
16	76680000	76700000	12484	90	8661	12579	0.00720923	0.43305	0.992448
16	76700000	76720000	12779	78	10517	12920	0.00610376	0.52585	0.989087
16	76720000	76740000	10024	96	15068	10178	0.00957702	0.7534	0.984869
16	76740000	76760000	9905	57	10662	10025	0.00575467	0.5331	0.98803
16	76760000	76780000	13067	81	10360	13213	0.00619882	0.518	0.98895
16	76780000	76800000	10947	75	15372	11078	0.00685119	0.7686	0.988175
16	76800000	76820000	13532	111	7256	13677	0.00820278	0.3628	0.989398
16	76820000	76840000	13586	160	7127	13880	0.0117768	0.35635	0.978818
16	76840000	76860000	11957	146	11551	12138	0.0122104	0.57755	0.985088
16	76860000	76880000	11836	142	10221	11995	0.0119973	0.51105	0.986744
16	76880000	76900000	11025	119	9388	11187	0.0107937	0.4694	0.985519
16	76900000	76920000	13272	87	5661	13635	0.00655515	0.28305	0.973377
16	76920000	76940000	13011	120	8484	13182	0.00922297	0.4242	0.987028
16	76940000	76960000	11666	117	10018	11869	0.0100291	0.5009	0.982897
16	76960000	76980000	13197	93	8587	13363	0.00704706	0.42935	0.987578
16	76980000	77000000	12057	91	8973	12208	0.00754748	0.44865	0.987631
16	77000000	77020000	11993	73	8749	12121	0.00608688	0.43745	0.98944
16	77020000	77040000	12808	146	8054	13049	0.0113991	0.4027	0.981531
16	77040000	77060000	12519	91	7914	12669	0.00726895	0.3957	0.98816
16	77060000	77080000	11082	73	9817	11204	0.00658726	0.49085	0.989111
16	77080000	77100000	12491	103	8267	12601	0.00824594	0.41335	0.991271
16	77100000	77120000	11195	113	13106	11438	0.0100938	0.6553	0.978755
16	77120000	77140000	12498	103	7309	12615	0.00824132	0.36545	0.990725
16	77140000	77160000	10994	105	8564	11129	0.00955066	0.4282	0.98787
16	77160000	77180000	11035	104	10802	11414	0.00942456	0.5401	0.966795
16	77180000	77200000	11144	78	8579	11273	0.00699928	0.42895	0.988557
16	77200000	77220000	10014	68	10395	12314	0.00679049	0.51975	0.813221
16	77220000	77240000	11349	55	8064	11483	0.00484624	0.4032	0.988331
16	77240000	77260000	11641	76	9344	11931	0.00652865	0.4672	0.975694
16	77260000	77280000	11531	96	11549	11653	0.00832538	0.57745	0.989531
16	77280000	77300000	6786	55	17093	7234	0.00810492	0.85465	0.93807
16	77300000	77320000	10022	78	10100	10149	0.00778288	0.505	0.987486
16	77320000	77340000	12665	154	6019	12902	0.0121595	0.30095	0.981631
16	77340000	77360000	11561	98	7041	12274	0.00847678	0.35205	0.94191
16	77360000	77380000	11088	116	9510	11267	0.0104618	0.4755	0.984113
16	77380000	77400000	12616	120	7467	12741	0.00951173	0.37335	0.990189
16	77400000	77420000	9281	92	11016	9371	0.00991272	0.5508	0.990396
16	77420000	77440000	13038	119	9077	13215	0.00912717	0.45385	0.986606
16	77440000	77460000	12139	79	10113	12274	0.00650795	0.50565	0.989001
16	77460000	77480000	12895	74	5846	13008	0.00573866	0.2923	0.991313
16	77480000	77500000	11185	87	10017	11292	0.00777827	0.50085	0.990524
16	77500000	77520000	12920	88	9600	13152	0.00681115	0.48	0.98236
16	77520000	77540000	9299	95	8732	12249	0.0102162	0.4366	0.759164
16	77540000	77560000	9745	79	9765	9851	0.00810672	0.48825	0.98924
16	77560000	77580000	10204	62	9612	10322	0.00607605	0.4806	0.988568
16	77580000	77600000	12658	96	8126	12797	0.00758414	0.4063	0.989138
16	77600000	77620000	12228	125	8681	12372	0.0102224	0.43405	0.988361
16	77620000	77640000	12635	100	10093	12771	0.00791452	0.50465	0.989351
16	77640000	77660000	11383	98	11561	11522	0.00860933	0.57805	0.987936
16	77660000	77680000	12522	111	9256	12692	0.0088644	0.4628	0.986606
16	77680000	77700000	11451	101	9833	11578	0.00882019	0.49165	0.989031
16	77700000	77720000	10930	68	8966	11039	0.00622141	0.4483	0.990126
16	77720000	77740000	12823	121	7569	12975	0.00943617	0.37845	0.988285
16	77740000	77760000	7120	55	13053	7244	0.00772472	0.65265	0.982882
16	77760000	77780000	9649	95	12303	9750	0.00984558	0.61515	0.989641
16	77780000	77800000	11878	91	7767	12597	0.00766122	0.38835	0.942923
16	77800000	77820000	9665	80	10950	10445	0.00827729	0.5475	0.925323
16	77820000	77840000	12020	109	6227	12161	0.00906822	0.31135	0.988406
16	77840000	77860000	11937	100	8687	12037	0.00837731	0.43435	0.991692
16	77860000	77880000	12040	104	8707	12179	0.00863787	0.43535	0.988587
16	77880000	77900000	12436	100	8988	12570	0.00804117	0.4494	0.98934
16	77900000	77920000	12772	117	6481	12893	0.00916066	0.32405	0.990615
16	77920000	77940000	11752	84	7828	11871	0.00714772	0.3914	0.989976
16	77940000	77960000	12008	113	10529	12142	0.00941039	0.52645	0.988964
16	77960000	77980000	9911	70	10726	10035	0.00706286	0.5363	0.987643
16	77980000	78000000	11220	110	10011	11412	0.00980392	0.50055	0.983176
16	78000000	78020000	11033	123	8913	11300	0.0111484	0.44565	0.976372
16	78020000	78040000	9771	112	12513	10015	0.0114625	0.62565	0.975637
16	78040000	78060000	10226	119	8610	11489	0.011637	0.4305	0.890069
16	78060000	78080000	11310	128	8562	11532	0.0113174	0.4281	0.980749
16	78080000	78100000	9146	104	7934	9276	0.0113711	0.3967	0.985985
16	78100000	78120000	10397	96	11711	10508	0.00923343	0.58555	0.989437
16	78120000	78140000	8868	98	10706	9028	0.011051	0.5353	0.982277
16	78140000	78160000	10216	90	7424	10328	0.00880971	0.3712	0.989156
16	78160000	78180000	12099	113	8261	12226	0.00933961	0.41305	0.989612
16	78180000	78200000	11744	87	9869	11882	0.00740804	0.49345	0.988386
16	78200000	78220000	12494	131	6198	12656	0.010485	0.3099	0.9872
16	78220000	78240000	11145	116	6774	11285	0.0104083	0.3387	0.987594
16	78240000	78260000	12994	114	6294	13306	0.00877328	0.3147	0.976552
16	78260000	78280000	11354	72	6728	11478	0.00634138	0.3364	0.989197
16	78280000	78300000	11157	69	8095	11302	0.00618446	0.40475	0.98717
16	78300000	78320000	13216	103	6559	13337	0.00779358	0.32795	0.990927
16	78320000	78340000	11409	75	4650	11491	0.00657376	0.2325	0.992864
16	78340000	78360000	11029	79	9283	11808	0.00716293	0.46415	0.934028
16	78360000	78380000	11388	127	8359	11546	0.0111521	0.41795	0.986316
16	78380000	78400000	11186	148	8364	11358	0.0132308	0.4182	0.984856
16	78400000	78420000	11379	97	8023	12528	0.00852447	0.40115	0.908285
16	78420000	78440000	11724	143	6695	11876	0.0121972	0.33475	0.987201
16	78440000	78460000	9040	116	11919	9160	0.0128319	0.59595	0.9869
16	78460000	78480000	11436	100	6575	11596	0.00874432	0.32875	0.986202
16	78480000	78500000	11736	100	6982	11863	0.00852079	0.3491	0.989294
16	78500000	78520000	12744	109	5510	12997	0.00855304	0.2755	0.980534
16	78520000	78540000	12217	109	5016	12344	0.00892199	0.2508	0.989712
16	78540000	78560000	11110	95	6236	11578	0.00855086	0.3118	0.959579
16	78560000	78580000	11015	102	8699	11149	0.0092601	0.43495	0.987981
16	78580000	78600000	12470	131	7222	12623	0.0105052	0.3611	0.987879
16	78600000	78620000	12397	109	7449	12652	0.00879245	0.37245	0.979845
16	78620000	78640000	13122	113	5881	13276	0.00861149	0.29405	0.9884
16	78640000	78660000	11803	131	6822	11975	0.0110989	0.3411	0.985637
16	78660000	78680000	11663	116	8519	11821	0.00994598	0.42595	0.986634
16	78680000	78700000	12563	120	8529	12711	0.00955186	0.42645	0.988357
16	78700000	78720000	11960	105	7875	12187	0.00877926	0.39375	0.981374
16	78720000	78740000	10416	100	8488	10544	0.00960061	0.4244	0.98786
16	78740000	78760000	11308	122	7509	11486	0.0107888	0.37545	0.984503
16	78760000	78780000	10582	130	9600	10762	0.012285	0.48	0.983274
16	78780000	78800000	12416	147	8575	12579	0.0118396	0.42875	0.987042
16	78800000	78820000	11079	116	10305	11234	0.0104703	0.51525	0.986203
16	78820000	78840000	10852	138	8963	11014	0.0127165	0.44815	0.985291
16	78840000	78860000	12272	148	6140	12426	0.01206	0.307	0.987607
16	78860000	78880000	13068	150	7423	13237	0.0114784	0.37115	0.987233
16	78880000	78900000	10614	154	10277	10798	0.0145091	0.51385	0.98296
16	78900000	78920000	11270	122	8347	11433	0.0108252	0.41735	0.985743
16	78920000	78940000	11467	114	5885	12885	0.00994157	0.29425	0.88995
16	78940000	78960000	11173	102	8911	11291	0.00912915	0.44555	0.989549
16	78960000	78980000	10952	111	6810	11105	0.0101351	0.3405	0.986222
16	78980000	79000000	11754	164	8632	11955	0.0139527	0.4316	0.983187
16	79000000	79020000	12192	100	6737	12346	0.0082021	0.33685	0.987526
16	79020000	79040000	12744	118	7277	13264	0.00925926	0.36385	0.960796
16	79040000	79060000	11366	114	11130	12425	0.0100299	0.5565	0.914769
16	79060000	79080000	9335	65	6602	11289	0.00696304	0.3301	0.826911
16	79080000	79100000	12521	127	6057	12745	0.010143	0.30285	0.982424
16	79100000	79120000	12566	133	5798	12697	0.0105841	0.2899	0.989683
16	79120000	79140000	12420	145	5940	12577	0.0116747	0.297	0.987517
16	79140000	79160000	12201	118	8457	12392	0.00967134	0.42285	0.984587
16	79160000	79180000	12503	102	6429	12663	0.00815804	0.32145	0.987365
16	79180000	79200000	12970	116	7332	13128	0.00894372	0.3666	0.987965
16	79200000	79220000	14081	118	5040	14221	0.00838009	0.252	0.990155
16	79220000	79240000	12689	126	5304	12853	0.00992986	0.2652	0.98724
16	79240000	79260000	10171	121	7975	10461	0.0118966	0.39875	0.972278
16	79260000	79280000	9058	87	9333	9150	0.00960477	0.46665	0.989945
16	79280000	79300000	12659	104	7365	12787	0.0082155	0.36825	0.98999
16	79300000	79320000	12927	106	6199	13083	0.00819989	0.30995	0.988076
16	79320000	79340000	12822	133	6747	12970	0.0103728	0.33735	0.988589
16	79340000	79360000	13281	132	7154	13425	0.00993901	0.3577	0.989274
16	79360000	79380000	12082	94	8676	13325	0.00778017	0.4338	0.906717
16	79380000	79400000	14264	118	5479	14432	0.00827257	0.27395	0.988359
16	79400000	79420000	12177	94	8524	12309	0.00771947	0.4262	0.989276
16	79420000	79440000	12466	103	6715	13521	0.00826247	0.33575	0.921973
16	79440000	79460000	11924	115	7666	12092	0.00964441	0.3833	0.986107
16	79460000	79480000	12667	129	8273	12797	0.0101839	0.41365	0.989841
16	79480000	79500000	11303	78	8626	11771	0.00690082	0.4313	0.960241
16	79500000	79520000	13309	140	7414	13462	0.0105192	0.3707	0.988635
16	79520000	79540000	13309	141	8467	13493	0.0105943	0.42335	0.986363
16	79540000	79560000	13707	137	7669	13853	0.00999489	0.38345	0.989461
16	79560000	79580000	11913	75	8453	12073	0.00629564	0.42265	0.986747
16	79580000	79600000	12869	88	6564	13054	0.00683814	0.3282	0.985828
16	79600000	79620000	14188	93	2899	14331	0.00655484	0.14495	0.990022
16	79620000	79640000	12295	69	1077	12377	0.00561204	0.05385	0.993375
16	79640000	79660000	14126	139	5589	14277	0.00984001	0.27945	0.989424
16	79660000	79680000	13174	109	5326	14745	0.00827387	0.2663	0.893455
16	79680000	79700000	13133	98	7562	13323	0.00746212	0.3781	0.985739
16	79700000	79720000	12112	87	10828	12247	0.00718296	0.5414	0.988977
16	79720000	79740000	11898	124	11459	12122	0.0104219	0.57295	0.981521
16	79740000	79760000	12203	113	8877	12509	0.00926002	0.44385	0.975538
16	79760000	79780000	13429	94	8232	13718	0.00699978	0.4116	0.978933
16	79780000	79800000	13314	100	6679	13471	0.00751089	0.33395	0.988345
16	79800000	79820000	13997	105	4837	14166	0.00750161	0.24185	0.98807
16	79820000	79840000	13057	109	7024	13239	0.00834801	0.3512	0.986253
16	79840000	79860000	13297	106	7728	13460	0.00797172	0.3864	0.98789
16	79860000	79880000	13983	135	6361	14160	0.00965458	0.31805	0.9875
16	79880000	79900000	6940	67	11197	10400	0.00965418	0.55985	0.667308
16	79900000	79920000	12797	126	6962	13035	0.00984606	0.3481	0.981741
16	79920000	79940000	14022	161	6644	14221	0.011482	0.3322	0.986007
16	79940000	79960000	12846	126	10270	13002	0.0098085	0.5135	0.988002
16	79960000	79980000	12252	97	7936	14472	0.00791707	0.3968	0.8466
16	79980000	80000000	12326	81	7161	12453	0.00657147	0.35805	0.989802
16	80000000	80020000	11404	103	7639	11884	0.00903192	0.38195	0.95961
16	80020000	80040000	12229	151	6783	13502	0.0123477	0.33915	0.905718
16	80040000	80060000	13712	131	7743	13904	0.00955368	0.38715	0.986191
16	80060000	80080000	14092	140	7798	14285	0.00993471	0.3899	0.986489
16	80080000	80100000	12483	123	8213	12642	0.0098534	0.41065	0.987423
16	80100000	80120000	14045	110	5991	14210	0.00783197	0.29955	0.988388
16	80120000	80140000	10324	85	13015	10509	0.00823324	0.65075	0.982396
16	80140000	80160000	13987	127	5871	14132	0.00907986	0.29355	0.98974
16	80160000	80180000	9598	66	13112	9709	0.00687643	0.6556	0.988567
16	80180000	80200000	13458	138	8923	14173	0.0102541	0.44615	0.949552
16	80200000	80220000	13131	119	11304	13446	0.00906252	0.5652	0.976573
16	80220000	80240000	12566	92	7445	12815	0.00732134	0.37225	0.98057
16	80240000	80260000	8877	85	11670	8995	0.00957531	0.5835	0.986882
16	80260000	80280000	10837	81	13006	10963	0.00747439	0.6503	0.988507
16	80280000	80300000	13004	100	7269	13134	0.00768994	0.36345	0.990102
16	80300000	80320000	13495	153	6998	13694	0.0113375	0.3499	0.985468
16	80320000	80340000	13169	139	8719	13367	0.0105551	0.43595	0.985187
16	80340000	80360000	13597	111	9619	13802	0.00816357	0.48095	0.985147
16	80360000	80380000	13468	134	7511	13685	0.00994951	0.37555	0.984143
16	80380000	80400000	12176	146	9129	12659	0.0119908	0.45645	0.961845
16	80400000	80420000	11061	84	6586	13837	0.00759425	0.3293	0.799378
16	80420000	80440000	10666	94	10738	10787	0.00881305	0.5369	0.988783
16	80440000	80460000	13491	124	8157	13745	0.00919131	0.40785	0.981521
16	80460000	80480000	12163	104	8842	12934	0.00855052	0.4421	0.94039
16	80480000	80500000	13542	135	8431	13689	0.00996899	0.42155	0.989261
16	80500000	80520000	12854	96	9039	12993	0.00746849	0.45195	0.989302
16	80520000	80540000	13257	93	9142	13368	0.00701516	0.4571	0.991697
16	80540000	80560000	12108	88	10521	12231	0.00726792	0.52605	0.989944
16	80560000	80580000	12447	87	10607	12606	0.00698964	0.53035	0.987387
16	80580000	80600000	13826	103	6793	13957	0.00744973	0.33965	0.990614
16	80600000	80620000	11560	139	10681	12450	0.0120242	0.53405	0.928514
16	80620000	80640000	12360	83	7292	12545	0.00671521	0.3646	0.985253
16	80640000	80660000	14554	145	8105	15181	0.0099629	0.40525	0.958698
16	80660000	80680000	7600	70	16240	7683	0.00921053	0.812	0.989197
16	80680000	80700000	11192	117	12804	11331	0.0104539	0.6402	0.987733
16	80700000	80720000	12290	108	7733	12445	0.00878763	0.38665	0.987545
16	80720000	80740000	11534	106	11960	11659	0.00919022	0.598	0.989279
16	80740000	80760000	12280	127	8387	13091	0.010342	0.41935	0.938049
16	80760000	80780000	9956	118	11478	10085	0.0118521	0.5739	0.987209
16	80780000	80800000	10003	94	12697	10884	0.00939718	0.63485	0.919055
16	80800000	80820000	11252	105	13720	11384	0.00933167	0.686	0.988405
16	80820000	80840000	10916	82	9157	12004	0.00751191	0.45785	0.909364
16	80840000	80860000	11990	55	11905	12103	0.00458716	0.59525	0.990663
16	80860000	80880000	11175	77	10942	11281	0.00689038	0.5471	0.990604
16	80880000	80900000	9949	57	12388	10223	0.00572922	0.6194	0.973198
16	80900000	80920000	10440	93	15026	10567	0.00890805	0.7513	0.987981
16	80920000	80940000	11550	112	10363	11677	0.00969697	0.51815	0.989124
16	80940000	80960000	10240	91	12974	10392	0.00888672	0.6487	0.985373
16	80960000	80980000	10292	64	11688	10513	0.00621842	0.5844	0.978978
16	80980000	81000000	8430	53	14600	8724	0.00628707	0.73	0.9663
16	81000000	81020000	10231	59	9925	11131	0.00576679	0.49625	0.919145
16	81020000	81040000	9255	54	13021	9628	0.00583468	0.65105	0.961259
16	81040000	81060000	2719	12	10493	9433	0.00441339	0.52465	0.288243
16	81060000	81080000	8097	46	7234	9234	0.00568112	0.3617	0.876868
16	81080000	81100000	8854	53	10628	8942	0.005986	0.5314	0.990159
16	81100000	81120000	7939	72	9608	8133	0.00906915	0.4804	0.976147
16	81120000	81140000	6404	66	12220	6711	0.0103061	0.611	0.954254
16	81140000	81160000	6558	67	12194	7716	0.0102165	0.6097	0.849922
16	81160000	81180000	6883	71	12686	8103	0.0103153	0.6343	0.849438
16	81180000	81200000	9349	78	11740	9453	0.00834314	0.587	0.988998
16	81200000	81220000	10915	114	12403	11022	0.0104443	0.62015	0.990292
16	81220000	81240000	9768	102	12543	9893	0.0104423	0.62715	0.987365
16	81240000	81260000	8922	113	12044	9210	0.0126653	0.6022	0.96873
16	81260000	81280000	9024	89	13000	9182	0.00986259	0.65	0.982792
16	81280000	81300000	7694	77	12698	8415	0.0100078	0.6349	0.91432
16	81300000	81320000	9303	84	11419	10086	0.00902935	0.57095	0.922368
16	81320000	81340000	10045	78	10971	10227	0.00776506	0.54855	0.982204
16	81340000	81360000	11614	76	6098	12483	0.00654383	0.3049	0.930385
16	81360000	81380000	8873	59	12154	8974	0.00664939	0.6077	0.988745
16	81380000	81400000	11861	70	8381	11986	0.00590169	0.41905	0.989571
16	81400000	81420000	10804	75	8578	12191	0.00694187	0.4289	0.886228
16	81420000	81440000	10210	103	9327	10396	0.0100881	0.46635	0.982109
16	81440000	81460000	7350	54	14869	7442	0.00734694	0.74345	0.987638
16	81460000	81480000	8983	63	10229	9466	0.00701325	0.51145	0.948975
16	81480000	81500000	12912	86	5162	14148	0.00666047	0.2581	0.912638
16	81500000	81520000	12421	121	8547	12761	0.00974157	0.42735	0.973356
16	81520000	81540000	12779	91	7492	12921	0.00712106	0.3746	0.98901
16	81540000	81560000	11288	103	9720	11599	0.00912473	0.486	0.973187
16	81560000	81580000	13140	101	8065	13287	0.00768645	0.40325	0.988937
16	81580000	81600000	13007	92	8627	13209	0.00707311	0.43135	0.984707
16	81600000	81620000	11940	102	9562	12525	0.00854271	0.4781	0.953293
16	81620000	81640000	11361	85	10667	11783	0.00748174	0.53335	0.964186
16	81640000	81660000	13922	111	6573	14441	0.00797299	0.32865	0.964061
16	81660000	81680000	12096	124	8202	12894	0.0102513	0.4101	0.938111
16	81680000	81700000	13618	115	8541	13916	0.00844471	0.42705	0.978586
16	81700000	81720000	11420	102	7551	11570	0.0089317	0.37755	0.987035
16	81720000	81740000	10966	115	7839	12449	0.010487	0.39195	0.880874
16	81740000	81760000	8147	62	12316	9979	0.00761016	0.6158	0.816414
16	81760000	81780000	8907	79	13172	9132	0.00886943	0.6586	0.975361
16	81780000	81800000	8793	85	13403	8954	0.00966678	0.67015	0.982019
16	81800000	81820000	9464	86	11830	9593	0.00908707	0.5915	0.986553
16	81820000	81840000	9876	91	12094	10694	0.00921426	0.6047	0.923509
16	81840000	81860000	9643	100	12816	9754	0.0103702	0.6408	0.98862
16	81860000	81880000	10189	113	11321	10308	0.0110904	0.56605	0.988456
16	81880000	81900000	11112	111	11370	11327	0.0099892	0.5685	0.981019
16	81900000	81920000	11789	115	7699	11975	0.00975486	0.38495	0.984468
16	81920000	81940000	10364	77	11449	10495	0.00742956	0.57245	0.987518
16	81940000	81960000	11012	88	9436	11293	0.00799128	0.4718	0.975117
16	81960000	81980000	13115	106	6450	13249	0.00808235	0.3225	0.989886
16	81980000	82000000	12432	116	9816	13136	0.00933076	0.4908	0.946407
16	82000000	82020000	4971	39	19250	5035	0.0078455	0.9625	0.987289
16	82020000	82040000	13786	113	7025	13932	0.00819672	0.35125	0.989521
16	82040000	82060000	11292	97	11538	11409	0.00859015	0.5769	0.989745
16	82060000	82080000	12512	108	7986	12681	0.00863171	0.3993	0.986673
16	82080000	82100000	12805	106	9563	13003	0.00827802	0.47815	0.984773
16	82100000	82120000	10189	76	11256	10327	0.00745902	0.5628	0.986637
16	82120000	82140000	612	2	10013	12906	0.00326797	0.50065	0.0474198
16	82140000	82160000	2987	34	13196	8662	0.0113827	0.6598	0.34484
16	82160000	82180000	6366	61	14874	6844	0.00958216	0.7437	0.930158
16	82180000	82200000	11683	121	11849	12115	0.0103569	0.59245	0.964342
16	82200000	82220000	11724	79	7943	11907	0.00673831	0.39715	0.984631
16	82220000	82240000	10325	91	11108	11313	0.00881356	0.5554	0.912667
16	82240000	82260000	7387	60	12616	8977	0.00812238	0.6308	0.822881
16	82260000	82280000	12095	129	10965	12383	0.0106656	0.54825	0.976742
16	82280000	82300000	12983	103	8422	13145	0.00793345	0.4211	0.987676
16	82300000	82320000	12251	114	8458	12379	0.00930536	0.4229	0.98966
16	82320000	82340000	9289	86	12367	10048	0.00925826	0.61835	0.924463
16	82340000	82360000	8914	92	14162	9454	0.0103208	0.7081	0.942881
16	82360000	82380000	11399	126	11036	11546	0.0110536	0.5518	0.987268
16	82380000	82400000	11094	129	13657	11276	0.0116279	0.68285	0.98386
16	82400000	82420000	12120	85	7337	12273	0.0070132	0.36685	0.987534
16	82420000	82440000	13885	113	9336	14040	0.00813828	0.4668	0.98896
16	82440000	82460000	13561	118	7880	13708	0.00870142	0.394	0.989276
16	82460000	82480000	10239	67	13438	11089	0.00654361	0.6719	0.923347
16	82480000	82500000	13110	146	10326	13263	0.0111365	0.5163	0.988464
16	82500000	82520000	11593	78	9545	11725	0.0067282	0.47725	0.988742
16	82520000	82540000	12909	115	7090	13068	0.00890851	0.3545	0.987833
16	82540000	82560000	13824	83	8788	14024	0.00600405	0.4394	0.985739
16	82560000	82580000	12838	121	11366	13070	0.00942514	0.5683	0.982249
16	82580000	82600000	9789	108	13292	10062	0.0110328	0.6646	0.972868
16	82600000	82620000	14050	83	8765	14196	0.00590747	0.43825	0.989715
16	82620000	82640000	11491	117	9701	12178	0.0101819	0.48505	0.943587
16	82640000	82660000	13629	123	9134	13953	0.00902487	0.4567	0.976779
16	82660000	82680000	13564	123	7394	13751	0.00906812	0.3697	0.986401
16	82680000	82700000	13055	153	8690	13221	0.0117196	0.4345	0.987444
16	82700000	82720000	14458	193	5351	14749	0.013349	0.26755	0.98027
16	82720000	82740000	13857	150	8149	14258	0.0108249	0.40745	0.971875
16	82740000	82760000	13382	154	9915	13608	0.011508	0.49575	0.983392
16	82760000	82780000	13548	143	8911	13733	0.0105551	0.44555	0.986529
16	82780000	82800000	13987	146	5540	14199	0.0104383	0.277	0.985069
16	82800000	82820000	13354	127	6910	13556	0.00951026	0.3455	0.985099
16	82820000	82840000	12971	176	5832	13164	0.0135687	0.2916	0.985339
16	82840000	82860000	13628	135	9169	13918	0.00990608	0.45845	0.979164
16	82860000	82880000	13248	114	7221	13524	0.00860507	0.36105	0.979592
16	82880000	82900000	10392	110	10243	10522	0.0105851	0.51215	0.987645
16	82900000	82920000	8436	67	8577	10743	0.00794215	0.42885	0.785256
16	82920000	82940000	13115	141	7295	13335	0.010751	0.36475	0.983502
16	82940000	82960000	12833	148	8920	12999	0.0115328	0.446	0.98723
16	82960000	82980000	11719	115	10828	11847	0.00981312	0.5414	0.989196
16	82980000	83000000	13118	112	9248	13270	0.00853789	0.4624	0.988546
16	83000000	83020000	11973	113	10734	12113	0.0094379	0.5367	0.988442
16	83020000	83040000	13125	117	6381	13407	0.00891429	0.31905	0.978966
16	83040000	83060000	12583	97	8076	12722	0.00770881	0.4038	0.989074
16	83060000	83080000	12467	105	8393	12643	0.00842223	0.41965	0.986079
16	83080000	83100000	12388	145	10331	12551	0.0117049	0.51655	0.987013
16	83100000	83120000	12779	124	10244	12936	0.00970342	0.5122	0.987863
16	83120000	83140000	12396	132	7530	12557	0.0106486	0.3765	0.987178
16	83140000	83160000	12422	147	8964	12598	0.0118338	0.4482	0.98603
16	83160000	83180000	11310	133	8898	11459	0.0117595	0.4449	0.986997
16	83180000	83200000	12220	111	7435	12341	0.00908347	0.37175	0.990195
16	83200000	83220000	11330	131	7878	11495	0.0115622	0.3939	0.985646
16	83220000	83240000	12334	116	8876	12479	0.0094049	0.4438	0.98838
16	83240000	83260000	12402	131	7814	12557	0.0105628	0.3907	0.987656
16	83260000	83280000	12742	136	8565	12950	0.0106734	0.42825	0.983938
16	83280000	83300000	12446	121	6706	12688	0.009722	0.3353	0.980927
16	83300000	83320000	12656	139	8984	12836	0.0109829	0.4492	0.985977
16	83320000	83340000	12033	144	10258	12198	0.0119671	0.5129	0.986473
16	83340000	83360000	12773	146	6214	12944	0.0114304	0.3107	0.986789
16	83360000	83380000	12732	144	7289	13006	0.0113101	0.36445	0.978933
16	83380000	83400000	12807	148	9412	12974	0.0115562	0.4706	0.987128
16	83400000	83420000	12200	148	10397	12431	0.0121311	0.51985	0.981417
16	83420000	83440000	12333	132	9472	12468	0.010703	0.4736	0.989172
16	83440000	83460000	13109	119	7267	13289	0.00907773	0.36335	0.986455
16	83460000	83480000	12202	125	8126	12364	0.0102442	0.4063	0.986897
16	83480000	83500000	11953	154	8425	12126	0.0128838	0.42125	0.985733
16	83500000	83520000	12126	157	6466	13524	0.0129474	0.3233	0.896628
16	83520000	83540000	10373	142	7047	11418	0.0136894	0.35235	0.908478
16	83540000	83560000	11533	133	8432	11695	0.0115321	0.4216	0.986148
16	83560000	83580000	12936	137	9298	13103	0.0105906	0.4649	0.987255
16	83580000	83600000	12104	104	7873	12234	0.0085922	0.39365	0.989374
16	83600000	83620000	11193	137	9300	11326	0.0122398	0.465	0.988257
16	83620000	83640000	14040	165	6306	14234	0.0117521	0.3153	0.986371
16	83640000	83660000	11584	128	10722	11766	0.0110497	0.5361	0.984532
16	83660000	83680000	7329	109	13115	7602	0.0148724	0.65575	0.964088
16	83680000	83700000	11372	156	6228	11570	0.0137179	0.3114	0.982887
16	83700000	83720000	10927	111	6889	13990	0.0101583	0.34445	0.781058
16	83720000	83740000	12711	121	9936	13030	0.00951931	0.4968	0.975518
16	83740000	83760000	13008	146	8248	13193	0.0112239	0.4124	0.985977
16	83760000	83780000	12410	130	8583	12546	0.0104754	0.42915	0.98916
16	83780000	83800000	11951	138	11041	12096	0.0115472	0.55205	0.988013
16	83800000	83820000	10973	85	8496	11104	0.00774629	0.4248	0.988202
16	83820000	83840000	10532	105	7942	10674	0.00996962	0.3971	0.986697
16	83840000	83860000	11333	119	7932	11464	0.0105003	0.3966	0.988573
16	83860000	83880000	11219	112	11594	11429	0.00998306	0.5797	0.981626
16	83880000	83900000	11047	110	10604	11201	0.00995745	0.5302	0.986251
16	83900000	83920000	7664	94	17126	7752	0.0122651	0.8563	0.988648
16	83920000	83940000	9455	112	11110	9561	0.0118456	0.5555	0.988913
16	83940000	83960000	9811	97	6991	11794	0.00988686	0.34955	0.831864
16	83960000	83980000	10609	106	9030	11887	0.00999152	0.4515	0.892488
16	83980000	84000000	10011	104	8107	12240	0.0103886	0.40535	0.817892
16	84000000	84020000	10417	114	7515	11373	0.0109436	0.37575	0.915941
16	84020000	84040000	12477	186	6991	13076	0.0149074	0.34955	0.954191
16	84040000	84060000	9614	154	11398	9941	0.0160183	0.5699	0.967106
16	84060000	84080000	11901	123	9213	12734	0.0103353	0.46065	0.934585
16	84080000	84100000	12615	116	4280	12797	0.0091954	0.214	0.985778
16	84100000	84120000	11894	123	9883	12053	0.0103413	0.49415	0.986808
16	84120000	84140000	11830	97	5606	11960	0.00819949	0.2803	0.98913
16	84140000	84160000	9902	88	8746	10232	0.00888709	0.4373	0.967748
16	84160000	84180000	9666	87	9096	10064	0.00900062	0.4548	0.960453
16	84180000	84200000	8336	78	13542	8707	0.00935701	0.6771	0.957391
16	84200000	84220000	11076	70	6969	11219	0.00631997	0.34845	0.987254
16	84220000	84240000	9566	121	10538	9659	0.012649	0.5269	0.990372
16	84240000	84260000	10941	93	10407	11058	0.00850014	0.52035	0.989419
16	84260000	84280000	10397	101	9937	11436	0.00971434	0.49685	0.909147
16	84280000	84300000	11011	113	10103	11942	0.0102625	0.50515	0.92204
16	84300000	84320000	12538	128	11073	12700	0.010209	0.55365	0.987244
16	84320000	84340000	11321	108	11447	11466	0.00953979	0.57235	0.987354
16	84340000	84360000	10789	111	9466	11254	0.0102883	0.4733	0.958681
16	84360000	84380000	9424	148	13834	9732	0.0157046	0.6917	0.968352
16	84380000	84400000	10512	111	13176	10656	0.0105594	0.6588	0.986486
16	84400000	84420000	10280	108	9694	10411	0.0105058	0.4847	0.987417
16	84420000	84440000	8350	102	13147	8500	0.0122156	0.65735	0.982353
16	84440000	84460000	11935	160	9310	12402	0.0134059	0.4655	0.962345
16	84460000	84480000	9775	108	10880	9941	0.0110486	0.544	0.983301
16	84480000	84500000	10865	113	7419	11079	0.0104004	0.37095	0.980684
16	84500000	84520000	8337	73	10294	8544	0.00875615	0.5147	0.975772
16	84520000	84540000	9343	98	11331	9851	0.0104891	0.56655	0.948432
16	84540000	84560000	9591	104	11888	10085	0.0108435	0.5944	0.951016
16	84560000	84580000	10980	86	11829	11721	0.00783242	0.59145	0.93678
16	84580000	84600000	10794	108	11075	11002	0.0100056	0.55375	0.981094
16	84600000	84620000	10530	91	9367	10662	0.00864198	0.46835	0.98762
16	84620000	84640000	11171	105	8457	11389	0.00939934	0.42285	0.980859
16	84640000	84660000	8573	64	11929	10722	0.0074653	0.59645	0.799571
16	84660000	84680000	9068	91	12585	10124	0.0100353	0.62925	0.895693
16	84680000	84700000	10943	81	7037	11239	0.00740199	0.35185	0.973663
16	84700000	84720000	9506	77	13238	9640	0.00810015	0.6619	0.9861
16	84720000	84740000	8127	56	11239	8792	0.00689061	0.56195	0.924363
16	84740000	84760000	11445	80	7985	11580	0.00698995	0.39925	0.988342
16	84760000	84780000	11519	91	5273	11661	0.00789999	0.26365	0.987823
16	84780000	84800000	11402	94	6720	11593	0.00824417	0.336	0.983525
16	84800000	84820000	8525	78	5565	10186	0.00914956	0.27825	0.836933
16	84820000	84840000	9821	101	12697	9922	0.0102841	0.63485	0.989821
16	84840000	84860000	12035	101	9197	12189	0.00839219	0.45985	0.987366
16	84860000	84880000	11411	75	9034	11949	0.00657261	0.4517	0.954975
16	84880000	84900000	8068	69	11667	8175	0.00855231	0.58335	0.986911
16	84900000	84920000	9669	72	9300	10093	0.00744648	0.465	0.957991
16	84920000	84940000	10004	116	11804	10113	0.0115954	0.5902	0.989222
16	84940000	84960000	11345	123	8977	11579	0.0108418	0.44885	0.979791
16	84960000	84980000	6994	80	11681	10041	0.0114384	0.58405	0.696544
16	84980000	85000000	11649	127	10572	12151	0.0109022	0.5286	0.958687
16	85000000	85020000	10320	55	6843	10476	0.00532946	0.34215	0.985109
16	85020000	85040000	10964	70	9464	11366	0.00638453	0.4732	0.964631
16	85040000	85060000	7110	56	14797	7423	0.00787623	0.73985	0.957834
16	85060000	85080000	10345	86	8182	10549	0.00831319	0.4091	0.980662
16	85080000	85100000	11120	122	11231	11243	0.0109712	0.56155	0.98906
16	85100000	85120000	12406	122	5580	12577	0.00983395	0.279	0.986404
16	85120000	85140000	12011	120	6262	12712	0.00999084	0.3131	0.944855
16	85140000	85160000	9323	81	10574	9620	0.00868819	0.5287	0.969127
16	85160000	85180000	9101	75	8765	11415	0.00824085	0.43825	0.797284
16	85180000	85200000	7818	90	10113	11030	0.0115119	0.50565	0.708794
16	85200000	85220000	13454	101	5653	14303	0.00750706	0.28265	0.940642
16	85220000	85240000	12462	109	8155	12626	0.00874659	0.40775	0.987011
16	85240000	85260000	11200	96	8643	11618	0.00857143	0.43215	0.964021
16	85260000	85280000	11175	98	8512	11550	0.00876957	0.4256	0.967532
16	85280000	85300000	11317	122	6376	12665	0.0107802	0.3188	0.893565
16	85300000	85320000	12789	142	5551	12949	0.0111033	0.27755	0.987644
16	85320000	85340000	11218	105	9652	11365	0.00935996	0.4826	0.987066
16	85340000	85360000	11010	69	7586	11245	0.00626703	0.3793	0.979102
16	85360000	85380000	11112	97	9592	11672	0.0087293	0.4796	0.952022
16	85380000	85400000	12068	108	6883	12463	0.00894929	0.34415	0.968306
16	85400000	85420000	12232	111	5892	12667	0.00907456	0.2946	0.965659
16	85420000	85440000	8700	85	6910	10613	0.00977011	0.3455	0.819749
16	85440000	85460000	8054	57	5177	8143	0.00707723	0.25885	0.98907
16	85460000	85480000	9961	65	7978	12500	0.00652545	0.3989	0.79688
16	85480000	85500000	12321	90	6556	12726	0.0073046	0.3278	0.968175
16	85500000	85520000	11492	107	9384	11702	0.00931082	0.4692	0.982054
16	85520000	85540000	12427	120	7375	12582	0.00965639	0.36875	0.987681
16	85540000	85560000	11316	76	6231	12122	0.00671615	0.31155	0.933509
16	85560000	85580000	13015	88	6948	13278	0.00676143	0.3474	0.980193
16	85580000	85600000	8586	56	6701	9937	0.00652225	0.33505	0.864043
16	85600000	85620000	13828	102	5415	14091	0.00737634	0.27075	0.981336
16	85620000	85640000	8188	61	6248	11705	0.00744993	0.3124	0.69953
16	85640000	85660000	10147	77	2512	11162	0.00758845	0.1256	0.909066
16	85660000	85680000	11745	123	3301	12619	0.0104725	0.16505	0.930739
16	85680000	85700000	11870	115	2690	13535	0.00968829	0.1345	0.876986
16	85700000	85720000	10687	110	5774	11091	0.0102929	0.2887	0.963574
16	85720000	85740000	9151	75	12213	9486	0.00819583	0.61065	0.964685
16	85740000	85760000	10738	104	10312	11285	0.00968523	0.5156	0.951529
16	85760000	85780000	9643	77	11149	9778	0.00798507	0.55745	0.986193
16	85780000	85800000	9480	73	9740	10739	0.00770042	0.487	0.882764
16	85800000	85820000	9994	101	8356	10140	0.0101061	0.4178	0.985602
16	85820000	85840000	11982	89	5919	12139	0.00742781	0.29595	0.987066
16	85840000	85860000	5901	66	10569	8807	0.0111845	0.52845	0.670035
16	85860000	85880000	8793	101	7348	11768	0.0114864	0.3674	0.747196
16	85880000	85900000	11274	77	10039	11497	0.00682987	0.50195	0.980604
16	85900000	85920000	8753	81	11354	8877	0.00925397	0.5677	0.986031
16	85920000	85940000	12884	111	7447	13057	0.00861534	0.37235	0.98675
16	85940000	85960000	13758	113	5132	14063	0.0082134	0.2566	0.978312
16	85960000	85980000	13086	123	8932	14025	0.00939936	0.4466	0.933048
16	85980000	86000000	12722	133	9588	12856	0.0104543	0.4794	0.989577
16	86000000	86020000	11168	130	6800	11314	0.0116404	0.34	0.987096
16	86020000	86040000	12307	110	8917	12521	0.008938	0.44585	0.982909
16	86040000	86060000	12348	106	11671	12848	0.00858439	0.58355	0.961083
16	86060000	86080000	12966	100	9664	13120	0.00771248	0.4832	0.988262
16	86080000	86100000	12738	132	9727	13054	0.0103627	0.48635	0.975793
16	86100000	86120000	13078	149	9445	13319	0.0113932	0.47225	0.981906
16	86120000	86140000	12350	98	7960	12614	0.00793522	0.398	0.979071
16	86140000	86160000	9592	109	9639	11001	0.0113636	0.48195	0.871921
16	86160000	86180000	10955	148	11985	11115	0.0135098	0.59925	0.985605
16	86180000	86200000	12565	106	10270	12688	0.00843613	0.5135	0.990306
16	86200000	86220000	12044	107	11637	12918	0.00888409	0.58185	0.932342
16	86220000	86240000	14093	130	4563	14273	0.00922444	0.22815	0.987389
16	86240000	86260000	12646	112	7893	13355	0.00885656	0.39465	0.946911
16	86260000	86280000	9695	115	10588	10099	0.0118618	0.5294	0.959996
16	86280000	86300000	9726	68	12548	9878	0.00699157	0.6274	0.984612
16	86300000	86320000	9544	65	9750	9944	0.00681056	0.4875	0.959775
16	86320000	86340000	13619	139	4485	13837	0.0102063	0.22425	0.984245
16	86340000	86360000	11606	87	7671	11845	0.00749612	0.38355	0.979823
16	86360000	86380000	12199	120	6908	12353	0.00983687	0.3454	0.987533
16	86380000	86400000	12773	123	8101	12953	0.00962969	0.40505	0.986104
16	86400000	86420000	13882	144	7186	14085	0.0103731	0.3593	0.985588
16	86420000	86440000	12572	131	8979	12800	0.01042	0.44895	0.982187
16	86440000	86460000	11624	88	10791	12366	0.00757054	0.53955	0.939997
16	86460000	86480000	12596	120	7631	12876	0.00952683	0.38155	0.978254
16	86480000	86500000	12715	92	9139	13038	0.00723555	0.45695	0.975226
16	86500000	86520000	13432	126	6786	13576	0.00938058	0.3393	0.989393
16	86520000	86540000	13407	111	3720	13599	0.00827926	0.186	0.985881
16	86540000	86560000	11611	103	2882	11823	0.0088709	0.1441	0.982069
16	86560000	86580000	11327	68	4092	12452	0.00600335	0.2046	0.909653
16	86580000	86600000	11697	98	6600	11832	0.00837822	0.33	0.98859
16	86600000	86620000	12888	94	1671	13199	0.00729361	0.08355	0.976438
16	86620000	86640000	11517	92	10747	11731	0.00798819	0.53735	0.981758
16	86640000	86660000	11992	121	9009	12297	0.0100901	0.45045	0.975197
16	86660000	86680000	13650	93	7231	14031	0.00681319	0.36155	0.972846
16	86680000	86700000	12276	98	9226	12417	0.00798306	0.4613	0.988645
16	86700000	86720000	10709	99	9287	10860	0.00924456	0.46435	0.986096
16	86720000	86740000	10707	90	11143	10835	0.00840572	0.55715	0.988186
16	86740000	86760000	13059	147	6279	13269	0.0112566	0.31395	0.984174
16	86760000	86780000	9016	81	8753	9988	0.00898403	0.43765	0.902683
16	86780000	86800000	10676	117	7124	10946	0.0109592	0.3562	0.975333
16	86800000	86820000	10438	98	8897	12750	0.00938877	0.44485	0.818667
16	86820000	86840000	9641	89	7752	12897	0.00923141	0.3876	0.747538
16	86840000	86860000	13264	113	10356	13436	0.0085193	0.5178	0.987199
16	86860000	86880000	11434	85	7883	11602	0.00743397	0.39415	0.98552
16	86880000	86900000	6842	70	8815	11601	0.0102309	0.44075	0.589777
16	86900000	86920000	11820	118	8372	12383	0.00998308	0.4186	0.954534
16	86920000	86940000	12558	125	6590	12735	0.00995381	0.3295	0.986101
16	86940000	86960000	13721	110	6610	14007	0.00801691	0.3305	0.979582
16	86960000	86980000	12791	109	7847	13780	0.00852162	0.39235	0.928229
16	86980000	87000000	12074	135	7279	13511	0.0111811	0.36395	0.893642
16	87000000	87020000	10249	107	8758	11993	0.01044	0.4379	0.854582
16	87020000	87040000	12596	132	7891	13111	0.0104795	0.39455	0.96072
16	87040000	87060000	11180	125	10053	11331	0.0111807	0.50265	0.986674
16	87060000	87080000	12046	154	6831	12208	0.0127843	0.34155	0.98673
16	87080000	87100000	13377	103	4764	13528	0.00769978	0.2382	0.988838
16	87100000	87120000	12268	85	8874	12416	0.00692859	0.4437	0.98808
16	87120000	87140000	11157	108	11047	11327	0.00968002	0.55235	0.984992
16	87140000	87160000	11545	88	10434	11696	0.00762235	0.5217	0.98709
16	87160000	87180000	12811	117	8595	12937	0.00913278	0.42975	0.99026
16	87180000	87200000	8893	62	11471	9363	0.00697178	0.57355	0.949802
16	87200000	87220000	11310	81	10419	11466	0.0071618	0.52095	0.986395
16	87220000	87240000	9059	85	12574	10846	0.00938293	0.6287	0.835239
16	87240000	87260000	6681	37	9671	11358	0.00553809	0.48355	0.58822
16	87260000	87280000	11434	95	6643	13335	0.00830855	0.33215	0.857443
16	87280000	87300000	10508	96	10025	10705	0.0091359	0.50125	0.981597
16	87300000	87320000	11092	94	10025	11214	0.00847458	0.50125	0.989121
16	87320000	87340000	11973	109	8967	12310	0.00910382	0.44835	0.972624
16	87340000	87360000	11678	102	9210	12253	0.00873437	0.4605	0.953073
16	87360000	87380000	13141	104	3709	13324	0.00791416	0.18545	0.986265
16	87380000	87400000	10235	107	6714	11274	0.0104543	0.3357	0.907841
16	87400000	87420000	6900	65	9477	7724	0.00942029	0.47385	0.89332
16	87420000	87440000	7497	71	6288	7620	0.00947045	0.3144	0.983858
16	87440000	87460000	12213	85	4285	12594	0.0069598	0.21425	0.969747
16	87460000	87480000	9714	68	10679	10261	0.00700021	0.53395	0.946691
16	87480000	87500000	10410	56	8948	10667	0.00537944	0.4474	0.975907
16	87500000	87520000	5016	45	8578	5717	0.00897129	0.4289	0.877383
16	87520000	87540000	297	6	8798	3151	0.020202	0.4399	0.0942558
16	87540000	87560000	0	0	13053	2618		0.65265	0
16	87560000	87580000	3076	19	13536	9556	0.00617685	0.6768	0.321892
16	87580000	87600000	10305	102	9632	11322	0.00989811	0.4816	0.910175
16	87600000	87620000	8779	84	12356	10143	0.00956829	0.6178	0.865523
16	87620000	87640000	8722	56	9812	10945	0.00642055	0.4906	0.796894
16	87640000	87660000	10412	99	8883	10662	0.00950826	0.44415	0.976552
16	87660000	87680000	12857	140	8021	13065	0.010889	0.40105	0.98408
16	87680000	87700000	11587	144	8979	11773	0.0124277	0.44895	0.984201
16	87700000	87720000	10153	145	8005	10679	0.0142815	0.40025	0.950744
16	87720000	87740000	12506	140	1666	12807	0.0111946	0.0833	0.976497
16	87740000	87760000	11367	126	5803	11565	0.0110847	0.29015	0.982879
16	87760000	87780000	8527	113	9573	8695	0.013252	0.47865	0.980679
16	87780000	87800000	9482	106	8657	9754	0.0111791	0.43285	0.972114
16	87800000	87820000	6536	52	11919	6625	0.00795594	0.59595	0.986566
16	87820000	87840000	9379	99	11677	9531	0.0105555	0.58385	0.984052
16	87840000	87860000	9837	81	9554	10001	0.00823422	0.4777	0.983602
16	87860000	87880000	12733	110	3557	12936	0.00863897	0.17785	0.984307
16	87880000	87900000	5430	44	3854	6926	0.00810313	0.1927	0.784002
16	87900000	87920000	2412	36	9772	2460	0.0149254	0.4886	0.980488
16	87920000	87940000	758	31	11627	777	0.0408971	0.58135	0.975547
16	87940000	87960000	2850	56	9567	2907	0.0196491	0.47835	0.980392
16	87960000	87980000	2072	26	11672	4528	0.0125483	0.5836	0.457597
16	87980000	88000000	10946	119	7297	12989	0.0108716	0.36485	0.842713
16	88000000	88020000	4459	61	6668	4589	0.0136802	0.3334	0.971671
16	88020000	88040000	5374	37	5450	5491	0.006885	0.2725	0.978692
16	88040000	88060000	2176	45	2606	2975	0.0206801	0.1303	0.731429
16	88060000	88080000	0	0	3617	681		0.18085	0
16	88080000	88100000	7201	54	5181	11313	0.00749896	0.25905	0.636524
16	88100000	88120000	9978	91	8050	10814	0.00912006	0.4025	0.922693
16	88120000	88140000	1894	48	5055	2302	0.0253432	0.25275	0.822763
16	88140000	88160000	397	41	8425	421	0.103275	0.42125	0.942993
16	88160000	88180000	822	34	6850	838	0.0413625	0.3425	0.980907
16	88180000	88200000	133	16	7940	229	0.120301	0.397	0.580786
16	88200000	88220000	254	20	13141	324	0.0787402	0.65705	0.783951
16	88220000	88240000	110	5	5550	3158	0.0454545	0.2775	0.0348322
16	88240000	88260000	163	23	15191	169	0.141104	0.75955	0.964497
16	88260000	88280000	102	11	5830	176	0.107843	0.2915	0.579545
16	88280000	88300000	0	0	10395	189		0.51975	0
16	88300000	88320000	0	0	5867	2754		0.29335	0
16	88320000	88340000	9974	84	5416	13330	0.0084219	0.2708	0.748237
16	88340000	88360000	11187	93	7133	11515	0.00831322	0.35665	0.971515
16	88360000	88380000	7375	75	7089	12395	0.0101695	0.35445	0.594998
16	88380000	88400000	0	0	3209	6840		0.16045	0
16	88400000	88420000	0	0	0	0		0	
16	88420000	88440000	0	0	301	443		0.01505	0
16	88440000	88460000	11175	109	6150	12414	0.00975391	0.3075	0.900193
16	88460000	88480000	11166	116	4845	12024	0.0103887	0.24225	0.928643
16	88480000	88500000	12611	132	3942	13164	0.0104671	0.1971	0.957991
16	88500000	88520000	12840	101	2529	13149	0.00786604	0.12645	0.9765
16	88520000	88540000	11362	118	3414	12569	0.0103855	0.1707	0.90397
16	88540000	88560000	11341	136	1996	12231	0.0119919	0.0998	0.927234
16	88560000	88580000	11641	130	2169	13011	0.0111674	0.10845	0.894704
16	88580000	88600000	6016	71	6042	10352	0.0118019	0.3021	0.581144
16	88600000	88620000	9008	86	8464	10267	0.00954707	0.4232	0.877374
16	88620000	88640000	8484	87	10267	8686	0.0102546	0.51335	0.976744
16	88640000	88660000	10168	106	7593	10308	0.0104249	0.37965	0.986418
16	88660000	88680000	9257	80	8585	10598	0.00864211	0.42925	0.873467
16	88680000	88700000	12653	88	4417	12821	0.00695487	0.22085	0.986896
16	88700000	88720000	11737	86	4871	12016	0.00732726	0.24355	0.976781
16	88720000	88740000	8990	59	9239	9123	0.00656285	0.46195	0.985421
16	88740000	88760000	11124	125	5843	11667	0.011237	0.29215	0.953458
16	88760000	88780000	12022	99	1981	12366	0.0082349	0.09905	0.972182
16	88780000	88800000	10848	134	3372	12010	0.0123525	0.1686	0.903247
16	88800000	88820000	11427	111	3582	11982	0.00971384	0.1791	0.953681
16	88820000	88840000	12289	138	3731	12784	0.0112296	0.18655	0.96128
16	88840000	88860000	9431	83	6197	9616	0.00880076	0.30985	0.980761
16	88860000	88880000	9188	64	7043	9845	0.00696561	0.35215	0.933266
16	88880000	88900000	10377	120	4723	10788	0.011564	0.23615	0.961902
16	88900000	88920000	8406	90	7040	10563	0.0107066	0.352	0.795797
16	88920000	88940000	3081	26	2881	12691	0.00843882	0.14405	0.24277
16	88940000	88960000	0	0	3878	12280		0.1939	0
16	88960000	88980000	11083	129	3695	12916	0.0116394	0.18475	0.858083
16	88980000	89000000	7253	89	5353	7776	0.0122708	0.26765	0.932742
16	89000000	89020000	9292	107	5903	10098	0.0115153	0.29515	0.920182
16	89020000	89040000	11041	113	3187	11637	0.0102346	0.15935	0.948784
16	89040000	89060000	8031	97	5155	11526	0.0120782	0.25775	0.696773
16	89060000	89080000	5538	75	8665	9251	0.0135428	0.43325	0.598638
16	89080000	89100000	8659	95	8382	9606	0.0109712	0.4191	0.901416
16	89100000	89120000	12048	117	1908	12850	0.00971116	0.0954	0.937588
16	89120000	89140000	7560	72	5034	11868	0.00952381	0.2517	0.637007
16	89140000	89160000	9828	96	6476	10790	0.00976801	0.3238	0.910843
16	89160000	89180000	11751	80	6343	11956	0.00680793	0.31715	0.982854
16	89180000	89200000	10190	86	8229	10704	0.00843965	0.41145	0.951981
16	89200000	89220000	8762	104	6914	10664	0.0118694	0.3457	0.821643
16	89220000	89240000	7058	66	1413	11117	0.00935109	0.07065	0.634884
16	89240000	89260000	9010	68	5560	9910	0.00754717	0.278	0.909183
16	89260000	89280000	7889	89	11740	8167	0.0112815	0.587	0.965961
16	89280000	89300000	6409	76	8999	8849	0.0118583	0.44995	0.724263
16	89300000	89320000	0	0	16719	5378		0.83595	0
16	89320000	89340000	919	18	12733	7219	0.0195865	0.63665	0.127303
16	89340000	89360000	11702	87	1811	11874	0.00743463	0.09055	0.985515
16	89360000	89380000	10848	63	4471	11318	0.00580752	0.22355	0.958473
16	89380000	89400000	11538	89	7141	12463	0.00771364	0.35705	0.92578
16	89400000	89420000	10913	91	8377	11240	0.00833868	0.41885	0.970907
16	89420000	89440000	9720	83	6047	11687	0.00853909	0.30235	0.831693
16	89440000	89460000	8441	57	10641	9024	0.00675275	0.53205	0.935395
16	89460000	89480000	8833	86	6072	10152	0.00973622	0.3036	0.870075
16	89480000	89500000	8219	77	6185	9357	0.00936854	0.30925	0.87838
16	89500000	89520000	9110	61	6309	10063	0.00669594	0.31545	0.905297
16	89520000	89540000	6446	64	12371	6935	0.00992864	0.61855	0.929488
16	89540000	89560000	7964	60	7153	8452	0.0075339	0.35765	0.942262
16	89560000	89580000	6335	54	10658	6692	0.00852407	0.5329	0.946653
16	89580000	89600000	6902	68	9194	7321	0.00985222	0.4597	0.942767
16	89600000	89620000	9775	99	7223	9927	0.0101279	0.36115	0.984688
16	89620000	89640000	10053	117	5044	10543	0.0116383	0.2522	0.953524
16	89640000	89660000	6039	48	4655	7705	0.00794834	0.23275	0.783777
16	89660000	89680000	6855	78	9213	8415	0.0113786	0.46065	0.814617
16	89680000	89700000	8439	99	9626	9507	0.0117312	0.4813	0.887662
16	89700000	89720000	7589	62	7031	8600	0.00816972	0.35155	0.882442
16	89720000	89740000	6908	56	11153	7263	0.00810654	0.55765	0.951122
16	89740000	89760000	4816	61	13561	5541	0.0126661	0.67805	0.869157
16	89760000	89780000	10094	47	4613	11211	0.00465623	0.23065	0.900366
16	89780000	89800000	6756	49	7621	8508	0.00725281	0.38105	0.794076
16	89800000	89820000	8241	77	7983	8432	0.00934353	0.39915	0.977348
16	89820000	89840000	7405	68	10791	8384	0.00918298	0.53955	0.88323
16	89840000	89860000	7137	66	10741	7356	0.00924758	0.53705	0.970228
16	89860000	89880000	5971	45	12051	6677	0.00753643	0.60255	0.894264
16	89880000	89900000	6004	58	10575	6685	0.00966023	0.52875	0.89813
16	89900000	89920000	6657	76	7466	7806	0.0114166	0.3733	0.852806
16	89920000	89940000	8232	80	8197	9488	0.00971817	0.40985	0.867622
16	89940000	89960000	6841	72	8729	6994	0.0105248	0.43645	0.978124
16	89960000	89980000	9833	96	5852	10028	0.00976304	0.2926	0.980554
16	89980000	90000000	8746	79	7278	9153	0.0090327	0.3639	0.955534
16	90000000	90020000	6605	62	12057	7297	0.00938683	0.60285	0.905167
16	90020000	90040000	9468	97	6839	9649	0.010245	0.34195	0.981242
16	90040000	90060000	7013	52	7524	9302	0.0074148	0.3762	0.753924
16	90060000	90080000	9368	90	2978	10319	0.00960717	0.1489	0.90784
16	90080000	90100000	8437	70	8338	8942	0.00829679	0.4169	0.943525
16	90100000	90120000	9951	59	7331	10917	0.00592905	0.36655	0.911514
16	90120000	90140000	466	4	11999	2683	0.00858369	0.59995	0.173686
16	90140000	90160000	0	0	14159	1982		0.70795	0
16	90160000	90180000	0	0	7013	35		0.35065	0
16	90180000	90200000	0	0	10155	0		0.50775	
16	90200000	90220000	0	0	11471	0		0.57355	
16	90220000	90240000	0	0	9263	0		0.46315	
16	90240000	90260000	0	0	9853	0		0.49265	
16	90260000	90280000	0	0	9454	0		0.4727	
16	90280000	90300000	0	0	6941	0		0.34705	
16	90300000	90320000	0	0	0	0		0	
16	90320000	90340000	0	0	0	0		0	
16	90340000	90360000	0	0	0	0		0	
