chrom	start	end	anc_valid_bp	hum_sub	repeat_bp	mask_bp	sub_rate	repeat_frac	anc_cov
17	0	20000	6801	44	9440	9820	0.00646964	0.472	0.692566
17	20000	40000	9620	73	7955	10606	0.00758836	0.39775	0.907034
17	40000	60000	9774	80	9882	10180	0.00818498	0.4941	0.960118
17	60000	80000	9273	81	8208	9826	0.00873504	0.4104	0.943721
17	80000	100000	8002	88	5303	9226	0.0109973	0.26515	0.867331
17	100000	120000	8970	93	10293	9375	0.0103679	0.51465	0.9568
17	120000	140000	8010	91	8723	10394	0.0113608	0.43615	0.770637
17	140000	160000	4905	45	4937	9293	0.00917431	0.24685	0.527817
17	160000	180000	7755	83	6588	10281	0.0107028	0.3294	0.754304
17	180000	200000	8286	110	8567	10070	0.0132754	0.42835	0.82284
17	200000	220000	8163	111	10041	8660	0.0135979	0.50205	0.94261
17	220000	240000	7289	104	7853	9644	0.0142681	0.39265	0.755807
17	240000	260000	4766	55	14315	7005	0.0115401	0.71575	0.680371
17	260000	280000	7557	78	11701	8064	0.0103216	0.58505	0.937128
17	280000	300000	6389	52	10790	7284	0.00813899	0.5395	0.877128
17	300000	320000	0	0	0	0		0	
17	320000	340000	0	0	0	0		0	
17	340000	360000	0	0	0	0		0	
17	360000	380000	0	0	0	0		0	
17	380000	400000	441	4	1629	1419	0.00907029	0.08145	0.310782
17	400000	420000	5152	49	6827	7195	0.00951087	0.34135	0.716053
17	420000	440000	10029	69	9602	10161	0.00688005	0.4801	0.987009
17	440000	460000	9841	90	9240	9959	0.00914541	0.462	0.988151
17	460000	480000	6514	54	10859	8068	0.00828984	0.54295	0.807387
17	480000	500000	3240	24	7946	3275	0.00740741	0.3973	0.989313
17	500000	520000	9814	70	8478	9933	0.00713267	0.4239	0.98802
17	520000	540000	8148	50	10281	8245	0.00613648	0.51405	0.988235
17	540000	560000	5825	27	9102	6017	0.00463519	0.4551	0.96809
17	560000	580000	8852	65	8519	8976	0.00734297	0.42595	0.986185
17	580000	600000	8911	83	13966	8994	0.00931433	0.6983	0.990772
17	600000	620000	7681	61	10657	7781	0.00794167	0.53285	0.987148
17	620000	640000	7638	77	10329	8242	0.0100812	0.51645	0.926717
17	640000	660000	10466	92	5187	10841	0.00879037	0.25935	0.965409
17	660000	680000	7302	56	9467	8462	0.00766913	0.47335	0.862917
17	680000	700000	9468	80	7619	9798	0.00844951	0.38095	0.96632
17	700000	720000	5987	58	5031	10695	0.00968766	0.25155	0.559794
17	720000	740000	7194	50	10109	7435	0.00695024	0.50545	0.967586
17	740000	760000	7800	46	9065	8447	0.00589744	0.45325	0.923405
17	760000	780000	6806	48	11656	8064	0.0070526	0.5828	0.843998
17	780000	800000	6671	69	9381	7711	0.0103433	0.46905	0.865128
17	800000	820000	7462	71	10161	7832	0.00951488	0.50805	0.952758
17	820000	840000	8071	79	9838	8540	0.00978813	0.4919	0.945082
17	840000	860000	6593	64	7879	6787	0.00970727	0.39395	0.971416
17	860000	880000	8223	66	9881	8809	0.00802627	0.49405	0.933477
17	880000	900000	6087	53	11904	6428	0.00870708	0.5952	0.946951
17	900000	920000	11108	73	4341	11632	0.00657184	0.21705	0.954952
17	920000	940000	8391	75	5832	11491	0.00893815	0.2916	0.730224
17	940000	960000	8747	82	6766	9890	0.00937464	0.3383	0.884429
17	960000	980000	4040	37	7091	7946	0.00915842	0.35455	0.508432
17	980000	1000000	10109	83	7212	10578	0.00821051	0.3606	0.955663
17	1000000	1020000	8042	68	8224	8397	0.00845561	0.4112	0.957723
17	1020000	1040000	7739	84	7484	7954	0.0108541	0.3742	0.97297
17	1040000	1060000	8857	104	10565	8972	0.0117421	0.52825	0.987182
17	1060000	1080000	9249	124	7816	9382	0.0134069	0.3908	0.985824
17	1080000	1100000	8369	53	8614	8669	0.0063329	0.4307	0.965394
17	1100000	1120000	6393	53	11303	6803	0.00829032	0.56515	0.939732
17	1120000	1140000	7435	75	11237	7962	0.0100874	0.56185	0.933811
17	1140000	1160000	4275	27	15940	4364	0.00631579	0.797	0.979606
17	1160000	1180000	7653	81	10444	7790	0.0105841	0.5222	0.982413
17	1180000	1200000	7220	85	11895	7473	0.0117729	0.59475	0.966145
17	1200000	1220000	8043	71	5958	8157	0.00882755	0.2979	0.986024
17	1220000	1240000	4794	44	13378	5469	0.00917814	0.6689	0.876577
17	1240000	1260000	5486	53	11253	6801	0.00966096	0.56265	0.806646
17	1260000	1280000	6148	62	13570	6676	0.0100846	0.6785	0.920911
17	1280000	1300000	6530	63	12076	6734	0.00964778	0.6038	0.969706
17	1300000	1320000	4697	47	13872	5219	0.0100064	0.6936	0.899981
17	1320000	1340000	6137	33	11748	6295	0.00537722	0.5874	0.974901
17	1340000	1360000	4648	37	12229	5763	0.00796041	0.61145	0.806524
17	1360000	1380000	8648	54	10044	8990	0.00624422	0.5022	0.961958
17	1380000	1400000	9005	61	6057	9135	0.00677401	0.30285	0.985769
17	1400000	1420000	10420	78	7389	10693	0.0074856	0.36945	0.974469
17	1420000	1440000	8356	58	9640	9289	0.00694112	0.482	0.899559
17	1440000	1460000	9689	75	7345	9798	0.00774074	0.36725	0.988875
17	1460000	1480000	9412	74	8167	9553	0.0078623	0.40835	0.98524
17	1480000	1500000	6998	62	9052	8096	0.00885967	0.4526	0.864377
17	1500000	1520000	6989	63	10852	7073	0.00901417	0.5426	0.988124
17	1520000	1540000	8130	76	7674	9381	0.00934809	0.3837	0.866645
17	1540000	1560000	10054	104	5941	10336	0.0103441	0.29705	0.972717
17	1560000	1580000	8492	166	10359	8741	0.0195478	0.51795	0.971514
17	1580000	1600000	4624	51	12223	6402	0.0110294	0.61115	0.722274
17	1600000	1620000	6914	26	8440	7946	0.00376049	0.422	0.870123
17	1620000	1640000	9506	57	7858	9598	0.00599621	0.3929	0.990415
17	1640000	1660000	7614	55	8087	8130	0.00722354	0.40435	0.936531
17	1660000	1680000	7155	52	11145	7960	0.00726765	0.55725	0.898869
17	1680000	1700000	8706	69	9300	8814	0.00792557	0.465	0.987747
17	1700000	1720000	6101	29	13460	6561	0.00475332	0.673	0.929889
17	1720000	1740000	6020	37	15599	6539	0.00614618	0.77995	0.92063
17	1740000	1760000	2548	24	14441	7879	0.00941915	0.72205	0.323391
17	1760000	1780000	421	1	10585	8386	0.0023753	0.52925	0.0502027
17	1780000	1800000	9040	77	8190	9634	0.0085177	0.4095	0.938343
17	1800000	1820000	9893	81	5875	11126	0.00818761	0.29375	0.889179
17	1820000	1840000	8789	70	7611	8936	0.0079645	0.38055	0.98355
17	1840000	1860000	9419	53	10451	9580	0.00562692	0.52255	0.983194
17	1860000	1880000	8376	54	12023	9650	0.00644699	0.60115	0.867979
17	1880000	1900000	9225	79	10113	9800	0.00856369	0.50565	0.941327
17	1900000	1920000	8497	85	10086	8604	0.0100035	0.5043	0.987564
17	1920000	1940000	10822	57	5078	11113	0.00526705	0.2539	0.973814
17	1940000	1960000	8773	39	5824	9044	0.00444546	0.2912	0.970035
17	1960000	1980000	12542	61	2109	13011	0.00486366	0.10545	0.963954
17	1980000	2000000	12161	58	6211	12258	0.00476934	0.31055	0.992087
17	2000000	2020000	8166	57	10179	8675	0.00698016	0.50895	0.941326
17	2020000	2040000	7859	60	13344	7923	0.00763456	0.6672	0.991922
17	2040000	2060000	8629	32	10610	8814	0.00370843	0.5305	0.979011
17	2060000	2080000	9022	28	10730	9328	0.00310352	0.5365	0.967196
17	2080000	2100000	12455	44	6011	12672	0.00353272	0.30055	0.982876
17	2100000	2120000	8644	54	9767	9125	0.00624711	0.48835	0.947288
17	2120000	2140000	10540	64	10330	10643	0.00607211	0.5165	0.990322
17	2140000	2160000	10132	66	8278	10223	0.00651402	0.4139	0.991099
17	2160000	2180000	8853	52	10377	8985	0.00587372	0.51885	0.985309
17	2180000	2200000	9226	77	14296	9322	0.00834598	0.7148	0.989702
17	2200000	2220000	7090	40	10374	7262	0.00564175	0.5187	0.976315
17	2220000	2240000	8629	44	8761	8689	0.00509908	0.43805	0.993095
17	2240000	2260000	7789	57	9241	7868	0.00731801	0.46205	0.989959
17	2260000	2280000	13094	104	3064	13272	0.00794257	0.1532	0.986588
17	2280000	2300000	11901	80	3854	12011	0.00672212	0.1927	0.990842
17	2300000	2320000	10131	74	6327	10207	0.00730431	0.31635	0.992554
17	2320000	2340000	9328	72	9180	9411	0.0077187	0.459	0.991181
17	2340000	2360000	6743	45	14197	6818	0.00667359	0.70985	0.989
17	2360000	2380000	7559	51	13384	7714	0.00674692	0.6692	0.979907
17	2380000	2400000	8568	73	13767	8714	0.00852007	0.68835	0.983245
17	2400000	2420000	6690	44	14368	6761	0.00657698	0.7184	0.989499
17	2420000	2440000	5326	62	15320	5401	0.011641	0.766	0.986114
17	2440000	2460000	5299	62	14782	5957	0.0117003	0.7391	0.889542
17	2460000	2480000	5603	52	16562	5691	0.00928074	0.8281	0.984537
17	2480000	2500000	6417	42	10414	6702	0.00654511	0.5207	0.957475
17	2500000	2520000	8194	29	11546	8416	0.00353918	0.5773	0.973622
17	2520000	2540000	4587	26	15348	4626	0.00566819	0.7674	0.991569
17	2540000	2560000	6707	33	15873	6796	0.00492023	0.79365	0.986904
17	2560000	2580000	6920	26	9866	7048	0.00375723	0.4933	0.981839
17	2580000	2600000	9471	80	4934	10554	0.00844684	0.2467	0.897385
17	2600000	2620000	8441	63	5350	10776	0.00746357	0.2675	0.783315
17	2620000	2640000	3947	25	9922	8615	0.00633392	0.4961	0.458154
17	2640000	2660000	6575	59	13105	7709	0.00897338	0.65525	0.852899
17	2660000	2680000	5512	46	15126	6614	0.00834543	0.7563	0.833384
17	2680000	2700000	9370	67	10132	9855	0.00715048	0.5066	0.950786
17	2700000	2720000	9479	84	8840	11027	0.00886169	0.442	0.859617
17	2720000	2740000	6080	56	14562	6542	0.00921053	0.7281	0.929379
17	2740000	2760000	7969	57	10730	8883	0.00715272	0.5365	0.897107
17	2760000	2780000	9869	92	12352	10046	0.00932212	0.6176	0.982381
17	2780000	2800000	8487	57	12914	8841	0.00671615	0.6457	0.959959
17	2800000	2820000	9737	71	10283	10031	0.00729177	0.51415	0.970691
17	2820000	2840000	9424	85	9164	9550	0.00901952	0.4582	0.986806
17	2840000	2860000	8438	71	12094	9112	0.00841432	0.6047	0.926032
17	2860000	2880000	10850	102	10979	11442	0.00940092	0.54895	0.948261
17	2880000	2900000	9423	82	10931	9557	0.00870211	0.54655	0.985979
17	2900000	2920000	10179	104	7203	10406	0.0102171	0.36015	0.978186
17	2920000	2940000	10986	80	8245	11467	0.007282	0.41225	0.958054
17	2940000	2960000	5369	38	12458	5645	0.00707767	0.6229	0.951107
17	2960000	2980000	0	0	11190	308		0.5595	0
17	2980000	3000000	0	0	16953	5937		0.84765	0
17	3000000	3020000	0	0	15253	8080		0.76265	0
17	3020000	3040000	0	0	10182	10722		0.5091	0
17	3040000	3060000	1797	18	15903	5208	0.0100167	0.79515	0.345046
17	3060000	3080000	7339	51	16410	7482	0.00694918	0.8205	0.980887
17	3080000	3100000	7150	41	14117	7236	0.00573427	0.70585	0.988115
17	3100000	3120000	9702	77	11834	9807	0.00793651	0.5917	0.989293
17	3120000	3140000	821	18	15413	1382	0.0219245	0.77065	0.594067
17	3140000	3160000	478	5	12728	486	0.0104603	0.6364	0.983539
17	3160000	3180000	9439	102	12854	9661	0.0108062	0.6427	0.977021
17	3180000	3200000	9118	80	9664	9309	0.00877385	0.4832	0.979482
17	3200000	3220000	10996	103	7456	11099	0.00936704	0.3728	0.99072
17	3220000	3240000	3373	16	16065	3743	0.00474355	0.80325	0.901149
17	3240000	3260000	3501	17	18247	3525	0.00485576	0.91235	0.993191
17	3260000	3280000	3604	17	17281	3678	0.00471698	0.86405	0.97988
17	3280000	3300000	10993	104	10260	11200	0.00946057	0.513	0.981518
17	3300000	3320000	7267	74	13123	7359	0.010183	0.65615	0.987498
17	3320000	3340000	7186	58	13644	7337	0.00807125	0.6822	0.979419
17	3340000	3360000	8154	57	13621	10459	0.00699043	0.68105	0.779616
17	3360000	3380000	0	0	9333	9732		0.46665	0
17	3380000	3400000	0	0	10492	11104		0.5246	0
17	3400000	3420000	0	0	9487	10286		0.47435	0
17	3420000	3440000	6915	50	10998	10127	0.00723066	0.5499	0.682828
17	3440000	3460000	8771	58	9443	10492	0.0066127	0.47215	0.83597
17	3460000	3480000	8005	47	11220	8243	0.00587133	0.561	0.971127
17	3480000	3500000	8665	66	7847	10170	0.00761685	0.39235	0.852016
17	3500000	3520000	9203	81	10640	9463	0.00880148	0.532	0.972525
17	3520000	3540000	7531	51	11259	7625	0.00677201	0.56295	0.987672
17	3540000	3560000	9481	91	9404	9574	0.00959814	0.4702	0.990286
17	3560000	3580000	10124	80	4424	11230	0.00790202	0.2212	0.901514
17	3580000	3600000	8741	86	5553	8834	0.00983869	0.27765	0.989472
17	3600000	3620000	7479	49	10578	7738	0.00655168	0.5289	0.966529
17	3620000	3640000	8784	36	9895	8873	0.00409836	0.49475	0.98997
17	3640000	3660000	9470	63	10361	9604	0.00665259	0.51805	0.986047
17	3660000	3680000	9662	84	12416	9773	0.00869385	0.6208	0.988642
17	3680000	3700000	6110	49	14479	6457	0.00801964	0.72395	0.94626
17	3700000	3720000	12362	81	6706	12871	0.00655234	0.3353	0.960454
17	3720000	3740000	9081	47	11471	9960	0.00517564	0.57355	0.911747
17	3740000	3760000	7194	41	12577	7456	0.00569919	0.62885	0.964861
17	3760000	3780000	9986	73	7949	10716	0.00731023	0.39745	0.931878
17	3780000	3800000	12566	89	7680	13432	0.0070826	0.384	0.935527
17	3800000	3820000	11061	80	7993	11555	0.00723262	0.39965	0.957248
17	3820000	3840000	10074	83	6928	10312	0.00823903	0.3464	0.97692
17	3840000	3860000	10390	78	7991	10642	0.00750722	0.39955	0.97632
17	3860000	3880000	10539	113	8497	10942	0.0107221	0.42485	0.963169
17	3880000	3900000	6711	47	11414	7172	0.00700343	0.5707	0.935722
17	3900000	3920000	10692	62	9025	10825	0.00579873	0.45125	0.987714
17	3920000	3940000	10187	76	10450	10290	0.00746049	0.5225	0.98999
17	3940000	3960000	11380	80	9956	11683	0.00702988	0.4978	0.974065
17	3960000	3980000	11495	90	8244	11603	0.00782949	0.4122	0.990692
17	3980000	4000000	11155	69	7186	11505	0.00618557	0.3593	0.969578
17	4000000	4020000	9727	47	8701	9806	0.00483191	0.43505	0.991944
17	4020000	4040000	6209	49	15380	7655	0.00789177	0.769	0.811104
17	4040000	4060000	8198	45	8978	10000	0.00548914	0.4489	0.8198
17	4060000	4080000	12341	94	4190	12723	0.00761689	0.2095	0.969976
17	4080000	4100000	10013	68	5876	10648	0.00679117	0.2938	0.940364
17	4100000	4120000	9126	61	8377	9206	0.0066842	0.41885	0.99131
17	4120000	4140000	8992	46	10129	9089	0.00511566	0.50645	0.989328
17	4140000	4160000	7684	68	11437	9041	0.00884956	0.57185	0.849906
17	4160000	4180000	10877	50	6704	11159	0.00459686	0.3352	0.974729
17	4180000	4200000	8425	53	11386	8706	0.0062908	0.5693	0.967723
17	4200000	4220000	10158	51	8051	10381	0.00502067	0.40255	0.978518
17	4220000	4240000	9952	46	11153	10062	0.00462219	0.55765	0.989068
17	4240000	4260000	7241	25	12400	7311	0.00345256	0.62	0.990425
17	4260000	4280000	4863	27	14063	5805	0.00555213	0.70315	0.837726
17	4280000	4300000	4990	31	15243	5534	0.00621242	0.76215	0.901699
17	4300000	4320000	3856	17	15387	4868	0.00440871	0.76935	0.792112
17	4320000	4340000	5655	43	15936	6043	0.00760389	0.7968	0.935793
17	4340000	4360000	7723	61	8335	10653	0.00789849	0.41675	0.72496
17	4360000	4380000	4466	27	13545	8846	0.00604568	0.67725	0.504861
17	4380000	4400000	11100	67	9201	11386	0.00603604	0.46005	0.974881
17	4400000	4420000	13563	120	4147	14186	0.0088476	0.20735	0.956083
17	4420000	4440000	10399	87	8207	11989	0.00836619	0.41035	0.867378
17	4440000	4460000	12129	97	3450	13499	0.00799736	0.1725	0.898511
17	4460000	4480000	9831	66	9385	10310	0.00671346	0.46925	0.95354
17	4480000	4500000	11907	100	5349	12269	0.00839842	0.26745	0.970495
17	4500000	4520000	9080	62	9810	9315	0.00682819	0.4905	0.974772
17	4520000	4540000	7078	67	10266	7402	0.00946595	0.5133	0.956228
17	4540000	4560000	5890	53	11184	6217	0.0089983	0.5592	0.947402
17	4560000	4580000	10504	47	10187	11200	0.00447449	0.50935	0.937857
17	4580000	4600000	6224	35	13965	7208	0.00562339	0.69825	0.863485
17	4600000	4620000	7700	45	10933	7953	0.00584416	0.54665	0.968188
17	4620000	4640000	8540	63	10354	8704	0.00737705	0.5177	0.981158
17	4640000	4660000	5596	33	11237	9098	0.00589707	0.56185	0.61508
17	4660000	4680000	6698	53	14846	6854	0.00791281	0.7423	0.97724
17	4680000	4700000	6957	40	11792	7024	0.0057496	0.5896	0.990461
17	4700000	4720000	8776	48	9705	9069	0.00546946	0.48525	0.967692
17	4720000	4740000	5654	26	10772	6216	0.00459851	0.5386	0.909588
17	4740000	4760000	8040	24	7775	10682	0.00298507	0.38875	0.752668
17	4760000	4780000	7308	52	11758	7471	0.00711549	0.5879	0.978182
17	4780000	4800000	12268	46	4876	12400	0.00374959	0.2438	0.989355
17	4800000	4820000	8046	52	8736	8447	0.00646284	0.4368	0.952528
17	4820000	4840000	6345	44	14140	6460	0.00693459	0.707	0.982198
17	4840000	4860000	11229	48	2757	11324	0.00427465	0.13785	0.991611
17	4860000	4880000	8776	40	7356	9307	0.00455789	0.3678	0.942946
17	4880000	4900000	7833	26	8001	9648	0.00331929	0.40005	0.811878
17	4900000	4920000	11056	65	6171	11406	0.00587916	0.30855	0.969314
17	4920000	4940000	8590	44	8853	8689	0.00512224	0.44265	0.988606
17	4940000	4960000	5027	29	14077	5644	0.00576885	0.70385	0.89068
17	4960000	4980000	5446	27	14086	6074	0.00495777	0.7043	0.896608
17	4980000	5000000	8784	47	9885	9151	0.00535064	0.49425	0.959895
17	5000000	5020000	9023	45	8797	9281	0.00498725	0.43985	0.972201
17	5020000	5040000	2371	32	5836	2401	0.0134964	0.2918	0.987505
17	5040000	5060000	961	17	7819	991	0.0176899	0.39095	0.969728
17	5060000	5080000	516	13	8343	554	0.0251938	0.41715	0.931408
17	5080000	5100000	4316	24	10893	4579	0.0055607	0.54465	0.942564
17	5100000	5120000	7169	41	14798	7227	0.00571907	0.7399	0.991975
17	5120000	5140000	7163	48	13710	7230	0.0067011	0.6855	0.990733
17	5140000	5160000	6109	38	15039	6163	0.00622033	0.75195	0.991238
17	5160000	5180000	5152	23	17065	5808	0.00446429	0.85325	0.887052
17	5180000	5200000	6853	27	13176	6909	0.00393988	0.6588	0.991895
17	5200000	5220000	8913	32	11164	8995	0.00359026	0.5582	0.990884
17	5220000	5240000	8170	41	16028	8240	0.00501836	0.8014	0.991505
17	5240000	5260000	8939	45	11806	9003	0.00503412	0.5903	0.992891
17	5260000	5280000	8475	37	11998	9229	0.00436578	0.5999	0.918301
17	5280000	5300000	10444	33	6833	11403	0.00315971	0.34165	0.915899
17	5300000	5320000	9271	31	11081	9613	0.00334376	0.55405	0.964423
17	5320000	5340000	9771	50	8922	9852	0.00511718	0.4461	0.991778
17	5340000	5360000	11296	66	7113	11379	0.00584278	0.35565	0.992706
17	5360000	5380000	9251	64	9150	9324	0.00691817	0.4575	0.992171
17	5380000	5400000	9446	59	9842	9509	0.00624603	0.4921	0.993375
17	5400000	5420000	6562	45	9864	10154	0.00685767	0.4932	0.646248
17	5420000	5440000	10376	56	10634	10838	0.00539707	0.5317	0.957372
17	5440000	5460000	9802	58	12678	11784	0.00591716	0.6339	0.831806
17	5460000	5480000	4911	27	16945	4931	0.00549786	0.84725	0.995944
17	5480000	5500000	10188	65	11265	10261	0.00638005	0.56325	0.992886
17	5500000	5520000	12022	47	9446	12146	0.0039095	0.4723	0.989791
17	5520000	5540000	11665	66	10687	12999	0.00565795	0.53435	0.897377
17	5540000	5560000	11876	66	12077	11974	0.00555743	0.60385	0.991816
17	5560000	5580000	11481	79	7944	12477	0.00688093	0.3972	0.920173
17	5580000	5600000	10859	77	11950	12383	0.00709089	0.5975	0.876928
17	5600000	5620000	12422	100	9802	12904	0.00805023	0.4901	0.962647
17	5620000	5640000	7924	62	13377	8683	0.00782433	0.66885	0.912588
17	5640000	5660000	9250	54	12823	9325	0.00583784	0.64115	0.991957
17	5660000	5680000	11470	84	10732	11573	0.00732345	0.5366	0.9911
17	5680000	5700000	12180	107	8915	12413	0.00878489	0.44575	0.981229
17	5700000	5720000	10934	83	13815	11093	0.007591	0.69075	0.985667
17	5720000	5740000	10871	67	11332	11605	0.00616319	0.5666	0.936751
17	5740000	5760000	8094	56	15520	8553	0.00691871	0.776	0.946335
17	5760000	5780000	10094	71	7615	12379	0.00703388	0.38075	0.815413
17	5780000	5800000	10647	77	13612	11174	0.00723208	0.6806	0.952837
17	5800000	5820000	10872	71	11255	11769	0.00653054	0.56275	0.923783
17	5820000	5840000	10859	75	10955	11815	0.00690671	0.54775	0.919086
17	5840000	5860000	12292	81	12441	12512	0.00658965	0.62205	0.982417
17	5860000	5880000	9530	52	11875	9611	0.00545645	0.59375	0.991572
17	5880000	5900000	10514	58	12601	10766	0.00551645	0.63005	0.976593
17	5900000	5920000	9858	80	14895	10044	0.00811524	0.74475	0.981481
17	5920000	5940000	13321	103	8912	13553	0.00773215	0.4456	0.982882
17	5940000	5960000	12068	103	10853	12193	0.00853497	0.54265	0.989748
17	5960000	5980000	13307	88	5957	13673	0.00661306	0.29785	0.973232
17	5980000	6000000	12822	93	6870	13136	0.00725316	0.3435	0.976096
17	6000000	6020000	10444	92	9489	10544	0.00880889	0.47445	0.990516
17	6020000	6040000	13478	122	6864	13635	0.00905179	0.3432	0.988486
17	6040000	6060000	11413	84	9829	12396	0.00736003	0.49145	0.9207
17	6060000	6080000	13397	114	9623	13524	0.00850937	0.48115	0.990609
17	6080000	6100000	9833	68	11569	10036	0.00691549	0.57845	0.979773
17	6100000	6120000	6891	47	10083	12047	0.00682049	0.50415	0.57201
17	6120000	6140000	7545	64	15333	7849	0.00848244	0.76665	0.961269
17	6140000	6160000	11758	88	10806	11885	0.00748427	0.5403	0.989314
17	6160000	6180000	10440	92	10849	11059	0.00881226	0.54245	0.944027
17	6180000	6200000	12526	100	11811	12654	0.00798339	0.59055	0.989885
17	6200000	6220000	12025	85	9970	12147	0.00706861	0.4985	0.989956
17	6220000	6240000	12037	78	9555	12130	0.00648002	0.47775	0.992333
17	6240000	6260000	11031	105	9263	11139	0.00951863	0.46315	0.990304
17	6260000	6280000	10350	85	12979	10760	0.00821256	0.64895	0.961896
17	6280000	6300000	10759	84	11697	11462	0.00780742	0.58485	0.938667
17	6300000	6320000	9155	70	12443	10989	0.0076461	0.62215	0.833106
17	6320000	6340000	10380	69	9858	10484	0.0066474	0.4929	0.99008
17	6340000	6360000	11041	89	7766	11161	0.00806086	0.3883	0.989248
17	6360000	6380000	12386	94	8130	14045	0.00758921	0.4065	0.88188
17	6380000	6400000	12842	88	7942	12957	0.00685252	0.3971	0.991124
17	6400000	6420000	11524	84	9011	11631	0.00728914	0.45055	0.9908
17	6420000	6440000	11914	68	9558	12005	0.00570757	0.4779	0.99242
17	6440000	6460000	12300	82	6453	12692	0.00666667	0.32265	0.969114
17	6460000	6480000	10096	65	7872	10764	0.00643819	0.3936	0.937941
17	6480000	6500000	12111	70	11527	12475	0.00577987	0.57635	0.970822
17	6500000	6520000	12787	51	9937	12875	0.00398843	0.49685	0.993165
17	6520000	6540000	11875	45	10086	11996	0.00378947	0.5043	0.989913
17	6540000	6560000	11135	61	5750	11411	0.00547822	0.2875	0.975813
17	6560000	6580000	9058	88	9267	9206	0.00971517	0.46335	0.983924
17	6580000	6600000	13236	123	7659	13420	0.00929284	0.38295	0.986289
17	6600000	6620000	10127	90	6725	11857	0.00888713	0.33625	0.854095
17	6620000	6640000	2824	20	17684	5609	0.00708215	0.8842	0.503477
17	6640000	6660000	7869	63	14574	8036	0.0080061	0.7287	0.979219
17	6660000	6680000	10179	61	11297	10278	0.00599273	0.56485	0.990368
17	6680000	6700000	9527	75	10703	9607	0.00787236	0.53515	0.991673
17	6700000	6720000	8102	49	12358	8169	0.00604789	0.6179	0.991798
17	6720000	6740000	11611	80	12830	11714	0.00689002	0.6415	0.991207
17	6740000	6760000	7179	57	12053	7279	0.00793982	0.60265	0.986262
17	6760000	6780000	6936	36	17331	7606	0.00519031	0.86655	0.911912
17	6780000	6800000	4832	35	14825	5107	0.00724338	0.74125	0.946152
17	6800000	6820000	10767	83	13917	11079	0.00770874	0.69585	0.971839
17	6820000	6840000	7689	80	13407	8077	0.0104045	0.67035	0.951962
17	6840000	6860000	8662	55	16399	8764	0.00634957	0.81995	0.988361
17	6860000	6880000	6785	44	17204	7021	0.00648489	0.8602	0.966387
17	6880000	6900000	6820	46	14737	7374	0.00674487	0.73685	0.924871
17	6900000	6920000	10281	54	5738	11212	0.00525241	0.2869	0.916964
17	6920000	6940000	11322	33	5466	11576	0.00291468	0.2733	0.978058
17	6940000	6960000	2837	9	9578	9331	0.00317237	0.4789	0.30404
17	6960000	6980000	0	0	11726	9183		0.5863	0
17	6980000	7000000	6596	41	15098	7278	0.00621589	0.7549	0.906293
17	7000000	7020000	8678	44	10358	10166	0.00507029	0.5179	0.85363
17	7020000	7040000	7832	48	13286	7951	0.0061287	0.6643	0.985033
17	7040000	7060000	6570	35	13743	6979	0.00532725	0.68715	0.941396
17	7060000	7080000	4826	28	16230	6388	0.00580191	0.8115	0.755479
17	7080000	7100000	10410	33	7490	10549	0.00317003	0.3745	0.986823
17	7100000	7120000	10310	34	7433	10724	0.00329777	0.37165	0.961395
17	7120000	7140000	12162	65	2496	12370	0.00534452	0.1248	0.983185
17	7140000	7160000	7459	44	4879	7988	0.00589891	0.24395	0.933776
17	7160000	7180000	5838	27	13441	6396	0.00462487	0.67205	0.912758
17	7180000	7200000	9702	53	5582	10155	0.00546279	0.2791	0.955391
17	7200000	7220000	5405	16	8347	6587	0.00296022	0.41735	0.820556
17	7220000	7240000	11118	42	4705	11342	0.00377766	0.23525	0.98025
17	7240000	7260000	3677	11	7038	9796	0.00299157	0.3519	0.375357
17	7260000	7280000	0	0	15915	5558		0.79575	0
17	7280000	7300000	2829	15	7315	10504	0.00530223	0.36575	0.269326
17	7300000	7320000	8566	37	5886	9554	0.0043194	0.2943	0.896588
17	7320000	7340000	10276	51	5196	11723	0.00496302	0.2598	0.876567
17	7340000	7360000	9474	28	6666	9802	0.00295546	0.3333	0.966537
17	7360000	7380000	8970	58	9879	9061	0.006466	0.49395	0.989957
17	7380000	7400000	8945	49	9493	9003	0.00547792	0.47465	0.993558
17	7400000	7420000	10280	44	8008	10746	0.00428016	0.4004	0.956635
17	7420000	7440000	2937	17	19259	3253	0.00578822	0.96295	0.902859
17	7440000	7460000	8227	54	13190	8314	0.00656375	0.6595	0.989536
17	7460000	7480000	10309	50	4397	10373	0.00485013	0.21985	0.99383
17	7480000	7500000	10684	47	2662	10752	0.0043991	0.1331	0.993676
17	7500000	7520000	6049	25	10701	6395	0.00413291	0.53505	0.945895
17	7520000	7540000	6474	34	12009	6781	0.00525178	0.60045	0.954726
17	7540000	7560000	6231	33	11510	6823	0.0052961	0.5755	0.913235
17	7560000	7580000	6296	24	11667	6361	0.00381194	0.58335	0.989781
17	7580000	7600000	6703	32	13754	7023	0.00477398	0.6877	0.954435
17	7600000	7620000	10369	22	5466	11493	0.00212171	0.2733	0.902201
17	7620000	7640000	9046	47	10206	9129	0.00519567	0.5103	0.990908
17	7640000	7660000	8924	50	10353	9060	0.00560287	0.51765	0.984989
17	7660000	7680000	9943	50	8901	10012	0.00502866	0.44505	0.993108
17	7680000	7700000	11413	53	9140	11503	0.00464383	0.457	0.992176
17	7700000	7720000	8951	36	10200	9016	0.0040219	0.51	0.992791
17	7720000	7740000	10993	61	7139	11054	0.00554899	0.35695	0.994482
17	7740000	7760000	11583	34	1221	11654	0.00293534	0.06105	0.993908
17	7760000	7780000	11100	39	10544	11176	0.00351351	0.5272	0.9932
17	7780000	7800000	10483	34	6011	10538	0.00324335	0.30055	0.994781
17	7800000	7820000	13533	39	2500	13602	0.00288184	0.125	0.994927
17	7820000	7840000	11649	46	5582	11708	0.00394884	0.2791	0.994961
17	7840000	7860000	9972	48	9161	10073	0.00481348	0.45805	0.989973
17	7860000	7880000	6664	39	14961	6732	0.00585234	0.74805	0.989899
17	7880000	7900000	7588	44	16120	7653	0.00579863	0.806	0.991507
17	7900000	7920000	11333	46	7091	11553	0.00405894	0.35455	0.980957
17	7920000	7940000	9716	67	9732	9868	0.00689584	0.4866	0.984597
17	7940000	7960000	10506	58	10092	10686	0.00552065	0.5046	0.983156
17	7960000	7980000	11138	75	10216	11226	0.0067337	0.5108	0.992161
17	7980000	8000000	9874	62	8885	10929	0.00627912	0.44425	0.903468
17	8000000	8020000	10391	49	8760	10788	0.00471562	0.438	0.9632
17	8020000	8040000	7734	52	9906	8424	0.00672356	0.4953	0.918091
17	8040000	8060000	11521	64	3932	11759	0.00555507	0.1966	0.97976
17	8060000	8080000	8459	49	8784	8655	0.00579265	0.4392	0.977354
17	8080000	8100000	6950	29	11544	7246	0.00417266	0.5772	0.95915
17	8100000	8120000	6734	47	12947	7101	0.00697951	0.64735	0.948317
17	8120000	8140000	7982	42	6174	10254	0.00526184	0.3087	0.778428
17	8140000	8160000	6334	28	10994	8445	0.00442059	0.5497	0.75003
17	8160000	8180000	10400	63	9066	10486	0.00605769	0.4533	0.991799
17	8180000	8200000	8068	48	9770	9083	0.00594943	0.4885	0.888253
17	8200000	8220000	7182	42	12457	7256	0.00584795	0.62285	0.989802
17	8220000	8240000	9307	54	11824	9555	0.00580208	0.5912	0.974045
17	8240000	8260000	7519	53	13472	7689	0.00704881	0.6736	0.97789
17	8260000	8280000	8575	42	10716	8931	0.00489796	0.5358	0.960139
17	8280000	8300000	9115	52	8655	9373	0.00570488	0.43275	0.972474
17	8300000	8320000	9591	57	10948	9696	0.00594307	0.5474	0.989171
17	8320000	8340000	9004	44	12079	9191	0.00488672	0.60395	0.979654
17	8340000	8360000	10825	55	9126	10920	0.00508083	0.4563	0.9913
17	8360000	8380000	13183	93	3449	13341	0.00705454	0.17245	0.988157
17	8380000	8400000	13338	63	5583	13480	0.00472335	0.27915	0.989466
17	8400000	8420000	12122	61	6939	12419	0.00503217	0.34695	0.976085
17	8420000	8440000	13648	89	3768	13744	0.0065211	0.1884	0.993015
17	8440000	8460000	11386	58	7825	11523	0.00509398	0.39125	0.988111
17	8460000	8480000	13323	71	6890	13438	0.00532913	0.3445	0.991442
17	8480000	8500000	11905	62	10575	11986	0.0052079	0.52875	0.993242
17	8500000	8520000	11081	65	11048	11355	0.0058659	0.5524	0.97587
17	8520000	8540000	10264	56	9916	10681	0.00545596	0.4958	0.960959
17	8540000	8560000	9984	44	12753	10222	0.00440705	0.63765	0.976717
17	8560000	8580000	10488	34	12055	10594	0.0032418	0.60275	0.989994
17	8580000	8600000	9082	35	12725	9179	0.00385378	0.63625	0.989432
17	8600000	8620000	10767	92	12107	11001	0.00854463	0.60535	0.978729
17	8620000	8640000	9543	48	11721	9641	0.00502986	0.58605	0.989835
17	8640000	8660000	9736	50	6841	10335	0.00513558	0.34205	0.942042
17	8660000	8680000	8737	47	13176	8876	0.00537942	0.6588	0.98434
17	8680000	8700000	11240	69	13115	11341	0.00613879	0.65575	0.991094
17	8700000	8720000	10022	64	11114	10651	0.00638595	0.5557	0.940945
17	8720000	8740000	10962	66	9189	11057	0.0060208	0.45945	0.991408
17	8740000	8760000	9255	73	13379	9337	0.00788763	0.66895	0.991218
17	8760000	8780000	11750	90	9234	11871	0.00765957	0.4617	0.989807
17	8780000	8800000	12944	96	6187	13078	0.00741656	0.30935	0.989754
17	8800000	8820000	12058	75	8530	12175	0.00621994	0.4265	0.99039
17	8820000	8840000	11132	57	15485	11221	0.00512037	0.77425	0.992068
17	8840000	8860000	10721	100	9803	11114	0.00932749	0.49015	0.964639
17	8860000	8880000	10465	56	10843	10822	0.00535117	0.54215	0.967012
17	8880000	8900000	8943	55	16379	9073	0.00615006	0.81895	0.985672
17	8900000	8920000	9178	55	12086	9542	0.00599259	0.6043	0.961853
17	8920000	8940000	11426	71	7824	11493	0.0062139	0.3912	0.99417
17	8940000	8960000	10076	67	14783	10153	0.00664946	0.73915	0.992416
17	8960000	8980000	10975	89	8752	11084	0.00810934	0.4376	0.990166
17	8980000	9000000	10147	62	11822	10226	0.00611018	0.5911	0.992275
17	9000000	9020000	9849	57	11938	9932	0.00578739	0.5969	0.991643
17	9020000	9040000	11120	67	9099	11218	0.00602518	0.45495	0.991264
17	9040000	9060000	11696	94	7232	11894	0.00803694	0.3616	0.983353
17	9060000	9080000	11783	87	7314	11955	0.00738352	0.3657	0.985613
17	9080000	9100000	11918	56	7895	12173	0.00469877	0.39475	0.979052
17	9100000	9120000	12236	64	9447	12416	0.00523047	0.47235	0.985503
17	9120000	9140000	11466	73	5051	12154	0.00636665	0.25255	0.943393
17	9140000	9160000	12176	76	5509	12680	0.00624179	0.27545	0.960252
17	9160000	9180000	10983	53	7744	11074	0.00482564	0.3872	0.991783
17	9180000	9200000	10302	53	10942	10677	0.00514463	0.5471	0.964878
17	9200000	9220000	8598	53	13215	8696	0.00616422	0.66075	0.98873
17	9220000	9240000	9111	52	10539	9518	0.00570739	0.52695	0.957239
17	9240000	9260000	8101	52	12665	8166	0.00641896	0.63325	0.99204
17	9260000	9280000	9178	64	10485	9256	0.0069732	0.52425	0.991573
17	9280000	9300000	8006	62	14312	8125	0.00774419	0.7156	0.985354
17	9300000	9320000	9237	61	11832	9638	0.00660388	0.5916	0.958394
17	9320000	9340000	9282	87	10854	9359	0.00937298	0.5427	0.991773
17	9340000	9360000	9566	71	9221	9736	0.00742212	0.46105	0.982539
17	9360000	9380000	9550	41	10930	9929	0.00429319	0.5465	0.961829
17	9380000	9400000	9583	78	11364	9697	0.00813941	0.5682	0.988244
17	9400000	9420000	8148	48	14578	8225	0.00589102	0.7289	0.990638
17	9420000	9440000	10521	48	11979	10605	0.0045623	0.59895	0.992079
17	9440000	9460000	9831	57	8278	10010	0.00579799	0.4139	0.982118
17	9460000	9480000	7905	54	11921	7982	0.00683112	0.59605	0.990353
17	9480000	9500000	8643	43	11756	8722	0.00497512	0.5878	0.990942
17	9500000	9520000	6470	52	12244	8139	0.00803709	0.6122	0.794938
17	9520000	9540000	6223	35	14367	6727	0.0056243	0.71835	0.925078
17	9540000	9560000	10167	59	8618	10291	0.00580309	0.4309	0.987951
17	9560000	9580000	10143	46	9257	11167	0.00453515	0.46285	0.908301
17	9580000	9600000	9306	30	10812	9367	0.00322373	0.5406	0.993488
17	9600000	9620000	9746	53	11070	10264	0.00543813	0.5535	0.949532
17	9620000	9640000	8526	38	10601	9623	0.00445696	0.53005	0.886002
17	9640000	9660000	9648	64	10258	9761	0.0066335	0.5129	0.988423
17	9660000	9680000	10691	80	9793	10807	0.00748293	0.48965	0.989266
17	9680000	9700000	11519	79	10247	11793	0.00685823	0.51235	0.976766
17	9700000	9720000	10329	79	9400	12303	0.00764837	0.47	0.839551
17	9720000	9740000	9774	67	9735	10549	0.00685492	0.48675	0.926533
17	9740000	9760000	10958	81	10649	11065	0.00739186	0.53245	0.99033
17	9760000	9780000	13001	117	9789	13146	0.00899931	0.48945	0.98897
17	9780000	9800000	11807	79	11038	11943	0.00669095	0.5519	0.988613
17	9800000	9820000	13108	102	7681	13223	0.00778151	0.38405	0.991303
17	9820000	9840000	11749	95	6940	12165	0.00808579	0.347	0.965804
17	9840000	9860000	10660	79	8724	11256	0.00741088	0.4362	0.94705
17	9860000	9880000	11612	110	8679	12513	0.00947296	0.43395	0.927995
17	9880000	9900000	10805	88	10334	10975	0.00814438	0.5167	0.98451
17	9900000	9920000	9500	86	10119	10357	0.00905263	0.50595	0.917254
17	9920000	9940000	12087	88	6878	12215	0.00728055	0.3439	0.989521
17	9940000	9960000	11018	68	9019	11126	0.00617172	0.45095	0.990293
17	9960000	9980000	10607	71	10375	10880	0.00669369	0.51875	0.974908
17	9980000	10000000	9983	77	12509	10274	0.00771311	0.62545	0.971676
17	10000000	10020000	9352	67	10715	10376	0.00716424	0.53575	0.901311
17	10020000	10040000	9824	75	10414	10370	0.00763436	0.5207	0.947348
17	10040000	10060000	8564	66	11461	9287	0.00770668	0.57305	0.922149
17	10060000	10080000	10064	74	11726	10153	0.00735294	0.5863	0.991234
17	10080000	10100000	9934	52	10435	10199	0.00523455	0.52175	0.974017
17	10100000	10120000	8615	71	11465	8689	0.00824144	0.57325	0.991483
17	10120000	10140000	9151	65	12228	9249	0.00710305	0.6114	0.989404
17	10140000	10160000	9229	52	13965	9321	0.00563441	0.69825	0.99013
17	10160000	10180000	9468	59	12730	9629	0.00623152	0.6365	0.98328
17	10180000	10200000	10022	49	13290	10096	0.00488924	0.6645	0.99267
17	10200000	10220000	11160	50	7707	11303	0.00448029	0.38535	0.987348
17	10220000	10240000	10378	56	9326	10451	0.00539603	0.4663	0.993015
17	10240000	10260000	10190	66	9437	10265	0.00647694	0.47185	0.992694
17	10260000	10280000	11898	60	9998	11992	0.00504286	0.4999	0.992161
17	10280000	10300000	11444	43	8413	11514	0.00375743	0.42065	0.99392
17	10300000	10320000	10978	57	4827	11070	0.0051922	0.24135	0.991689
17	10320000	10340000	11981	52	12101	12042	0.00434021	0.60505	0.994934
17	10340000	10360000	11645	69	5504	11680	0.00592529	0.2752	0.997003
17	10360000	10380000	12271	73	5482	12342	0.00594899	0.2741	0.994247
17	10380000	10400000	8242	28	14054	8317	0.00339723	0.7027	0.990982
17	10400000	10420000	10295	61	2993	10853	0.00592521	0.14965	0.948586
17	10420000	10440000	1918	11	4130	12857	0.00573514	0.2065	0.149179
17	10440000	10460000	11226	50	5947	11325	0.00445395	0.29735	0.991258
17	10460000	10480000	10725	62	10797	10822	0.00578089	0.53985	0.991037
17	10480000	10500000	10222	58	10804	10296	0.00567404	0.5402	0.992813
17	10500000	10520000	11936	72	8226	12023	0.00603217	0.4113	0.992764
17	10520000	10540000	10756	66	6835	10914	0.00613611	0.34175	0.985523
17	10540000	10560000	9085	44	6625	9678	0.00484315	0.33125	0.938727
17	10560000	10580000	10982	72	10044	11083	0.00655618	0.5022	0.990887
17	10580000	10600000	11552	69	7791	11647	0.00597299	0.38955	0.991843
17	10600000	10620000	11866	60	6609	11947	0.00505646	0.33045	0.99322
17	10620000	10640000	10434	43	11265	10516	0.00412114	0.56325	0.992202
17	10640000	10660000	9601	59	9761	11775	0.00614519	0.48805	0.815372
17	10660000	10680000	11260	63	11071	11892	0.00559503	0.55355	0.946855
17	10680000	10700000	11153	80	11832	11275	0.00717296	0.5916	0.98918
17	10700000	10720000	11617	85	9071	11715	0.00731686	0.45355	0.991635
17	10720000	10740000	12795	71	8632	12926	0.00554904	0.4316	0.989865
17	10740000	10760000	11857	80	9947	12082	0.00674707	0.49735	0.981377
17	10760000	10780000	9170	67	10817	9322	0.00730643	0.54085	0.983694
17	10780000	10800000	11157	74	11118	11754	0.00663261	0.5559	0.949209
17	10800000	10820000	9402	79	13367	9509	0.00840247	0.66835	0.988748
17	10820000	10840000	12189	95	9950	12293	0.00779391	0.4975	0.99154
17	10840000	10860000	12277	96	10954	12390	0.0078195	0.5477	0.99088
17	10860000	10880000	8695	82	16406	8795	0.00943071	0.8203	0.98863
17	10880000	10900000	12563	86	6703	12821	0.0068455	0.33515	0.979877
17	10900000	10920000	12164	103	9408	12919	0.00846761	0.4704	0.941559
17	10920000	10940000	12040	96	10186	12148	0.00797342	0.5093	0.99111
17	10940000	10960000	9938	70	13845	10026	0.00704367	0.69225	0.991223
17	10960000	10980000	11473	79	14335	11606	0.00688573	0.71675	0.98854
17	10980000	11000000	11539	73	9810	11650	0.00632637	0.4905	0.990472
17	11000000	11020000	11358	81	12522	11453	0.00713154	0.6261	0.991705
17	11020000	11040000	10167	84	14526	10285	0.00826202	0.7263	0.988527
17	11040000	11060000	12266	78	10870	12397	0.00635904	0.5435	0.989433
17	11060000	11080000	7137	50	15039	7535	0.00700574	0.75195	0.94718
17	11080000	11100000	11427	78	10428	11543	0.00682594	0.5214	0.989951
17	11100000	11120000	12236	82	9378	12362	0.00670154	0.4689	0.989807
17	11120000	11140000	13252	86	6901	13364	0.00648959	0.34505	0.991619
17	11140000	11160000	12686	86	5740	12893	0.00677913	0.287	0.983945
17	11160000	11180000	13821	80	7331	14156	0.00578829	0.36655	0.976335
17	11180000	11200000	11985	74	10840	12337	0.00617438	0.542	0.971468
17	11200000	11220000	11511	71	10212	12777	0.00616801	0.5106	0.900916
17	11220000	11240000	12399	72	9065	12491	0.00580692	0.45325	0.992635
17	11240000	11260000	13421	93	7429	13536	0.00692944	0.37145	0.991504
17	11260000	11280000	9647	59	11309	11990	0.00611589	0.56545	0.804587
17	11280000	11300000	13357	88	8582	13481	0.00658831	0.4291	0.990802
17	11300000	11320000	12327	79	9483	12495	0.0064087	0.47415	0.986555
17	11320000	11340000	11413	71	8370	11480	0.00622098	0.4185	0.994164
17	11340000	11360000	13068	89	8462	13361	0.00681053	0.4231	0.978071
17	11360000	11380000	9987	54	11156	10413	0.00540703	0.5578	0.95909
17	11380000	11400000	10613	50	9764	10737	0.0047112	0.4882	0.988451
17	11400000	11420000	13673	77	7245	13781	0.00563154	0.36225	0.992163
17	11420000	11440000	11229	58	10795	11298	0.0051652	0.53975	0.993893
17	11440000	11460000	13178	77	8463	13305	0.00584307	0.42315	0.990455
17	11460000	11480000	13134	86	6143	13302	0.00654789	0.30715	0.98737
17	11480000	11500000	11134	77	13469	11343	0.00691575	0.67345	0.981575
17	11500000	11520000	11740	82	9381	11998	0.00698467	0.46905	0.978496
17	11520000	11540000	12167	64	7458	12261	0.00526013	0.3729	0.992333
17	11540000	11560000	10937	72	8818	11068	0.00658316	0.4409	0.988164
17	11560000	11580000	12744	85	12890	12861	0.00666981	0.6445	0.990903
17	11580000	11600000	12462	50	8683	12678	0.0040122	0.43415	0.982963
17	11600000	11620000	12305	59	9358	12708	0.0047948	0.4679	0.968288
17	11620000	11640000	9911	78	8194	11612	0.00787004	0.4097	0.853514
17	11640000	11660000	11307	58	9950	11496	0.00512957	0.4975	0.983559
17	11660000	11680000	12001	115	9126	12101	0.00958253	0.4563	0.991736
17	11680000	11700000	13027	100	9687	13147	0.00767636	0.48435	0.990872
17	11700000	11720000	11172	54	7829	11578	0.00483351	0.39145	0.964933
17	11720000	11740000	11501	90	10158	11739	0.00782541	0.5079	0.979726
17	11740000	11760000	10073	73	13849	10179	0.0072471	0.69245	0.989586
17	11760000	11780000	7790	40	13231	8018	0.00513479	0.66155	0.971564
17	11780000	11800000	10941	56	7397	11099	0.00511836	0.36985	0.985764
17	11800000	11820000	8764	50	13721	10300	0.00570516	0.68605	0.850874
17	11820000	11840000	9066	54	8046	9331	0.00595632	0.4023	0.9716
17	11840000	11860000	10066	78	10538	10275	0.00774886	0.5269	0.979659
17	11860000	11880000	8592	54	14877	8679	0.00628492	0.74385	0.989976
17	11880000	11900000	11592	67	8902	11694	0.00577985	0.4451	0.991278
17	11900000	11920000	9642	50	11026	9777	0.00518565	0.5513	0.986192
17	11920000	11940000	12390	55	4988	12493	0.00443906	0.2494	0.991755
17	11940000	11960000	12710	52	5713	12807	0.00409127	0.28565	0.992426
17	11960000	11980000	11911	69	10463	11998	0.00579296	0.52315	0.992749
17	11980000	12000000	13714	46	3057	13834	0.00335424	0.15285	0.991326
17	12000000	12020000	11658	51	7779	11745	0.00437468	0.38895	0.992593
17	12020000	12040000	9191	39	11931	9258	0.00424328	0.59655	0.992763
17	12040000	12060000	7439	35	10947	7504	0.00470493	0.54735	0.991338
17	12060000	12080000	6815	39	18832	6866	0.00572267	0.9416	0.992572
17	12080000	12100000	10949	64	16773	11046	0.00584528	0.83865	0.991219
17	12100000	12120000	9882	89	10197	10704	0.00900627	0.50985	0.923206
17	12120000	12140000	10326	50	8740	11666	0.00484215	0.437	0.885136
17	12140000	12160000	10757	77	7932	10855	0.00715813	0.3966	0.990972
17	12160000	12180000	10178	88	12772	10630	0.0086461	0.6386	0.957479
17	12180000	12200000	11899	81	8433	12006	0.00680729	0.42165	0.991088
17	12200000	12220000	8360	44	12647	8443	0.00526316	0.63235	0.990169
17	12220000	12240000	8091	40	14360	8165	0.00494376	0.718	0.990937
17	12240000	12260000	11456	58	9080	11630	0.00506285	0.454	0.985039
17	12260000	12280000	12062	58	8930	12157	0.00480849	0.4465	0.992186
17	12280000	12300000	11280	82	12743	11390	0.0072695	0.63715	0.990342
17	12300000	12320000	9732	74	10317	10164	0.00760378	0.51585	0.957497
17	12320000	12340000	11738	73	10707	11858	0.00621912	0.53535	0.98988
17	12340000	12360000	6173	42	16605	6254	0.00680382	0.83025	0.987048
17	12360000	12380000	11901	70	12275	12133	0.00588186	0.61375	0.980879
17	12380000	12400000	10847	55	10450	10934	0.00507053	0.5225	0.992043
17	12400000	12420000	12072	75	11549	12167	0.00621272	0.57745	0.992192
17	12420000	12440000	12120	82	11904	12238	0.00676568	0.5952	0.990358
17	12440000	12460000	11950	64	10820	12049	0.00535565	0.541	0.991784
17	12460000	12480000	11118	89	12696	11346	0.00800504	0.6348	0.979905
17	12480000	12500000	10643	79	12312	11088	0.00742272	0.6156	0.959867
17	12500000	12520000	11446	73	11211	11550	0.00637777	0.56055	0.990996
17	12520000	12540000	10213	68	8896	10419	0.00665818	0.4448	0.980228
17	12540000	12560000	10669	48	8624	10748	0.00449902	0.4312	0.99265
17	12560000	12580000	12598	72	7570	12723	0.00571519	0.3785	0.990175
17	12580000	12600000	11774	73	7477	11838	0.0062001	0.37385	0.994594
17	12600000	12620000	12373	72	7755	12549	0.00581912	0.38775	0.985975
17	12620000	12640000	11948	63	7094	12074	0.00527285	0.3547	0.989564
17	12640000	12660000	10557	57	8714	10635	0.00539926	0.4357	0.992666
17	12660000	12680000	11659	67	8812	11859	0.00574663	0.4406	0.983135
17	12680000	12700000	11070	77	10079	11462	0.00695574	0.50395	0.9658
17	12700000	12720000	10816	61	10055	11549	0.00563979	0.50275	0.936531
17	12720000	12740000	11449	60	12538	11529	0.00524063	0.6269	0.993061
17	12740000	12760000	11106	62	9658	11180	0.00558257	0.4829	0.993381
17	12760000	12780000	10825	57	11458	10907	0.00526559	0.5729	0.992482
17	12780000	12800000	10370	60	16512	10994	0.00578592	0.8256	0.943242
17	12800000	12820000	11026	72	12677	11139	0.00653002	0.63385	0.989855
17	12820000	12840000	10704	60	9598	10790	0.00560538	0.4799	0.99203
17	12840000	12860000	11761	84	8521	12435	0.00714225	0.42605	0.945798
17	12860000	12880000	10987	81	7835	11169	0.00737235	0.39175	0.983705
17	12880000	12900000	13289	92	3101	13415	0.00692302	0.15505	0.990608
17	12900000	12920000	12743	90	6920	12945	0.0070627	0.346	0.984396
17	12920000	12940000	10627	68	9852	10766	0.0063988	0.4926	0.987089
17	12940000	12960000	11735	102	10163	11843	0.00869195	0.50815	0.990881
17	12960000	12980000	10767	87	11592	10843	0.00808025	0.5796	0.992991
17	12980000	13000000	8336	72	9563	12274	0.00863724	0.47815	0.679159
17	13000000	13020000	8350	82	11964	10094	0.00982036	0.5982	0.827224
17	13020000	13040000	10717	75	11723	11323	0.00699823	0.58615	0.946481
17	13040000	13060000	10446	71	13636	10541	0.00679686	0.6818	0.990988
17	13060000	13080000	9793	66	14849	9896	0.00673951	0.74245	0.989592
17	13080000	13100000	12277	101	11151	12393	0.00822677	0.55755	0.99064
17	13100000	13120000	9121	46	16677	9335	0.00504331	0.83385	0.977076
17	13120000	13140000	12135	44	9930	12419	0.00362588	0.4965	0.977132
17	13140000	13160000	12740	96	10889	12885	0.00753532	0.54445	0.988747
17	13160000	13180000	11894	66	8995	12026	0.00554902	0.44975	0.989024
17	13180000	13200000	10803	87	11421	10919	0.00805332	0.57105	0.989376
17	13200000	13220000	11332	87	8313	12624	0.00767737	0.41565	0.897655
17	13220000	13240000	11400	80	8760	11501	0.00701754	0.438	0.991218
17	13240000	13260000	11625	86	8985	11719	0.00739785	0.44925	0.991979
17	13260000	13280000	11284	91	9185	11530	0.00806452	0.45925	0.978664
17	13280000	13300000	12123	95	10256	12230	0.00783634	0.5128	0.991251
17	13300000	13320000	11068	78	8289	11178	0.00704734	0.41445	0.990159
17	13320000	13340000	12704	91	9264	12815	0.0071631	0.4632	0.991338
17	13340000	13360000	10212	60	8943	10362	0.00587544	0.44715	0.985524
17	13360000	13380000	12302	69	5797	12506	0.00560884	0.28985	0.983688
17	13380000	13400000	7730	58	7501	11875	0.00750323	0.37505	0.650947
17	13400000	13420000	11694	99	9883	11981	0.00846588	0.49415	0.976045
17	13420000	13440000	12678	84	6865	12855	0.00662565	0.34325	0.986231
17	13440000	13460000	11723	79	7716	11846	0.00673889	0.3858	0.989617
17	13460000	13480000	11263	85	9985	11371	0.00754683	0.49925	0.990502
17	13480000	13500000	10203	62	8100	10749	0.00607664	0.405	0.949205
17	13500000	13520000	11697	83	5700	11824	0.00709584	0.285	0.989259
17	13520000	13540000	11106	58	13375	11305	0.0052224	0.66875	0.982397
17	13540000	13560000	11587	72	8957	11863	0.00621386	0.44785	0.976734
17	13560000	13580000	8724	83	16375	8800	0.00951398	0.81875	0.991364
17	13580000	13600000	9370	72	16674	9476	0.0076841	0.8337	0.988814
17	13600000	13620000	9980	75	11956	10363	0.00751503	0.5978	0.963042
17	13620000	13640000	9393	78	11542	10626	0.00830406	0.5771	0.883964
17	13640000	13660000	12101	102	8511	12375	0.00842906	0.42555	0.977859
17	13660000	13680000	11259	90	9508	11369	0.00799361	0.4754	0.990325
17	13680000	13700000	11642	78	9731	11751	0.00669988	0.48655	0.990724
17	13700000	13720000	9830	69	10941	10050	0.00701933	0.54705	0.978109
17	13720000	13740000	11512	77	11553	12155	0.00668867	0.57765	0.9471
17	13740000	13760000	11707	88	11267	11834	0.00751687	0.56335	0.989268
17	13760000	13780000	10327	85	12148	10453	0.00823085	0.6074	0.987946
17	13780000	13800000	10869	67	11458	10987	0.00616432	0.5729	0.98926
17	13800000	13820000	6578	38	14177	8518	0.00577683	0.70885	0.772247
17	13820000	13840000	10119	75	15452	10487	0.0074118	0.7726	0.964909
17	13840000	13860000	12017	87	9777	12153	0.00723974	0.48885	0.988809
17	13860000	13880000	10980	85	13197	11159	0.00774135	0.65985	0.983959
17	13880000	13900000	12419	92	8230	12708	0.007408	0.4115	0.977258
17	13900000	13920000	12568	71	8823	12705	0.00564927	0.44115	0.989217
17	13920000	13940000	5783	39	10728	5843	0.0067439	0.5364	0.989731
17	13940000	13960000	11260	51	11135	11333	0.00452931	0.55675	0.993559
17	13960000	13980000	11605	62	7708	11692	0.00534252	0.3854	0.992559
17	13980000	14000000	13320	74	7253	13490	0.00555556	0.36265	0.987398
17	14000000	14020000	13516	82	5360	13603	0.00606688	0.268	0.993604
17	14020000	14040000	13509	53	5235	13597	0.00392331	0.26175	0.993528
17	14040000	14060000	12056	79	8363	12152	0.00655275	0.41815	0.9921
17	14060000	14080000	5994	56	13503	6054	0.00934268	0.67515	0.990089
17	14080000	14100000	1522	8	4983	1547	0.00525624	0.24915	0.98384
17	14100000	14120000	14090	82	4358	14204	0.00581973	0.2179	0.991974
17	14120000	14140000	8672	59	8866	8732	0.00680351	0.4433	0.993129
17	14140000	14160000	7136	45	13003	8583	0.00630605	0.65015	0.831411
17	14160000	14180000	9443	91	14178	11144	0.00963677	0.7089	0.847362
17	14180000	14200000	10765	72	13671	10863	0.00668834	0.68355	0.990979
17	14200000	14220000	12015	79	3798	12128	0.00657511	0.1899	0.990683
17	14220000	14240000	12486	77	5303	12598	0.00616691	0.26515	0.99111
17	14240000	14260000	11134	71	9318	11242	0.00637686	0.4659	0.990393
17	14260000	14280000	10557	94	10987	10773	0.00890404	0.54935	0.97995
17	14280000	14300000	10792	84	10271	10895	0.00778354	0.51355	0.990546
17	14300000	14320000	9644	70	14519	9732	0.0072584	0.72595	0.990958
17	14320000	14340000	12299	90	10068	12400	0.00731767	0.5034	0.991855
17	14340000	14360000	11256	95	10349	11412	0.00843994	0.51745	0.98633
17	14360000	14380000	9900	73	10791	10815	0.00737374	0.53955	0.915395
17	14380000	14400000	11045	82	12802	11194	0.00742417	0.6401	0.986689
17	14400000	14420000	13878	91	8568	14002	0.00655714	0.4284	0.991144
17	14420000	14440000	7913	58	15702	8002	0.00732971	0.7851	0.988878
17	14440000	14460000	11861	107	9760	12016	0.00902116	0.488	0.987101
17	14460000	14480000	10172	74	9861	10328	0.00727487	0.49305	0.984895
17	14480000	14500000	11752	67	8762	11842	0.00570116	0.4381	0.9924
17	14500000	14520000	6518	47	14924	6584	0.0072108	0.7462	0.989976
17	14520000	14540000	13354	88	8570	13817	0.00658979	0.4285	0.966491
17	14540000	14560000	11050	73	12069	11159	0.00660633	0.60345	0.990232
17	14560000	14580000	13857	105	9675	13999	0.0075774	0.48375	0.989856
17	14580000	14600000	10527	58	12964	10644	0.00550964	0.6482	0.989008
17	14600000	14620000	12458	79	8483	12556	0.00634131	0.42415	0.992195
17	14620000	14640000	10838	61	10062	11591	0.00562834	0.5031	0.935036
17	14640000	14660000	12077	80	9659	12184	0.00662416	0.48295	0.991218
17	14660000	14680000	11455	93	11840	11549	0.00811873	0.592	0.991861
17	14680000	14700000	12401	71	10424	12536	0.00572534	0.5212	0.989231
17	14700000	14720000	12333	59	12887	12437	0.00478391	0.64435	0.991638
17	14720000	14740000	10744	74	11631	10889	0.00688757	0.58155	0.986684
17	14740000	14760000	12522	106	8576	12819	0.0084651	0.4288	0.976831
17	14760000	14780000	11318	70	9729	11448	0.00618484	0.48645	0.988644
17	14780000	14800000	8987	59	18385	9101	0.00656504	0.91925	0.987474
17	14800000	14820000	12325	64	8297	12472	0.0051927	0.41485	0.988214
17	14820000	14840000	13371	69	9529	13525	0.00516042	0.47645	0.988614
17	14840000	14860000	12591	68	8508	12808	0.00540068	0.4254	0.983057
17	14860000	14880000	10365	54	10210	10454	0.00520984	0.5105	0.991487
17	14880000	14900000	11591	87	10336	11997	0.00750582	0.5168	0.966158
17	14900000	14920000	11972	64	7560	12834	0.00534581	0.378	0.932835
17	14920000	14940000	11845	86	9858	11956	0.00726045	0.4929	0.990716
17	14940000	14960000	11850	90	8855	11963	0.00759494	0.44275	0.990554
17	14960000	14980000	10700	68	12073	11426	0.00635514	0.60365	0.936461
17	14980000	15000000	13117	112	9659	13254	0.00853854	0.48295	0.989663
17	15000000	15020000	12037	97	7164	12210	0.00805849	0.3582	0.985831
17	15020000	15040000	12806	84	6982	12928	0.00655943	0.3491	0.990563
17	15040000	15060000	3703	20	12638	3748	0.00540103	0.6319	0.987994
17	15060000	15080000	11230	72	9401	11341	0.0064114	0.47005	0.990213
17	15080000	15100000	11848	81	10078	11967	0.0068366	0.5039	0.990056
17	15100000	15120000	7681	77	13330	7797	0.0100247	0.6665	0.985122
17	15120000	15140000	10421	52	11246	10539	0.00498992	0.5623	0.988803
17	15140000	15160000	12802	85	7554	13100	0.00663959	0.3777	0.977252
17	15160000	15180000	12833	77	4593	12949	0.00600016	0.22965	0.991042
17	15180000	15200000	12182	66	11078	12311	0.00541783	0.5539	0.989522
17	15200000	15220000	12856	61	5877	13025	0.00474487	0.29385	0.987025
17	15220000	15240000	8935	63	7975	11922	0.00705092	0.39875	0.749455
17	15240000	15260000	12211	88	9470	12333	0.00720662	0.4735	0.990108
17	15260000	15280000	7482	53	14289	7784	0.00708367	0.71445	0.961202
17	15280000	15300000	12285	100	9273	12426	0.00814001	0.46365	0.988653
17	15300000	15320000	11405	101	8158	11540	0.00885577	0.4079	0.988302
17	15320000	15340000	11735	74	9573	11852	0.00630592	0.47865	0.990128
17	15340000	15360000	12846	80	8027	13453	0.00622762	0.40135	0.95488
17	15360000	15380000	9341	53	8718	12583	0.00567391	0.4359	0.742351
17	15380000	15400000	11385	65	11795	11762	0.00570927	0.58975	0.967948
17	15400000	15420000	11615	71	8329	11735	0.00611279	0.41645	0.989774
17	15420000	15440000	1648	16	14775	1664	0.00970874	0.73875	0.990385
17	15440000	15460000	44	2	10007	673	0.0454545	0.50035	0.0653789
17	15460000	15480000	0	0	10076	36		0.5038	0
17	15480000	15500000	2	1	6188	74	0.5	0.3094	0.027027
17	15500000	15520000	47	5	11748	52	0.106383	0.5874	0.903846
17	15520000	15540000	44	3	9880	45	0.0681818	0.494	0.977778
17	15540000	15560000	4786	27	8226	4826	0.00564145	0.4113	0.991712
17	15560000	15580000	5400	15	8217	5443	0.00277778	0.41085	0.9921
17	15580000	15600000	117	3	14156	123	0.025641	0.7078	0.95122
17	15600000	15620000	1868	8	10291	1954	0.00428266	0.51455	0.955988
17	15620000	15640000	40	3	8883	45	0.075	0.44415	0.888889
17	15640000	15660000	22	0	5442	2281	0	0.2721	0.00964489
17	15660000	15680000	0	0	9940	633		0.497	0
17	15680000	15700000	0	0	9451	1739		0.47255	0
17	15700000	15720000	0	0	10260	5		0.513	0
17	15720000	15740000	12	2	9757	64	0.166667	0.48785	0.1875
17	15740000	15760000	14	3	10513	15	0.214286	0.52565	0.933333
17	15760000	15780000	29	5	13132	30	0.172414	0.6566	0.966667
17	15780000	15800000	4772	42	11261	4810	0.00880134	0.56305	0.9921
17	15800000	15820000	8819	48	11730	8894	0.00544279	0.5865	0.991567
17	15820000	15840000	8193	55	15084	8291	0.00671305	0.7542	0.98818
17	15840000	15860000	10284	67	8566	10764	0.00651497	0.4283	0.955407
17	15860000	15880000	10126	45	11089	10319	0.00444401	0.55445	0.981297
17	15880000	15900000	7465	32	13040	7511	0.00428667	0.652	0.993876
17	15900000	15920000	11007	47	10489	11089	0.00427001	0.52445	0.992605
17	15920000	15940000	10499	36	7704	10629	0.0034289	0.3852	0.987769
17	15940000	15960000	7683	36	11971	7749	0.00468567	0.59855	0.991483
17	15960000	15980000	12791	55	5110	12866	0.0042999	0.2555	0.994171
17	15980000	16000000	10297	53	9298	10369	0.00514713	0.4649	0.993056
17	16000000	16020000	8952	42	13013	8992	0.00469169	0.65065	0.995552
17	16020000	16040000	8464	39	8814	11265	0.00460775	0.4407	0.751354
17	16040000	16060000	10043	38	7059	10134	0.00378373	0.35295	0.99102
17	16060000	16080000	5470	29	11740	5507	0.00530165	0.587	0.993281
17	16080000	16100000	5950	37	15701	6034	0.00621849	0.78505	0.986079
17	16100000	16120000	3128	20	9940	3163	0.00639386	0.497	0.988935
17	16120000	16140000	6955	30	13140	7020	0.00431344	0.657	0.990741
17	16140000	16160000	6072	19	14967	6120	0.00312912	0.74835	0.992157
17	16160000	16180000	5211	19	15006	5634	0.00364613	0.7503	0.92492
17	16180000	16200000	7507	23	12089	7547	0.00306381	0.60445	0.9947
17	16200000	16220000	7730	31	10570	8153	0.00401035	0.5285	0.948117
17	16220000	16240000	7374	37	14441	7726	0.00501763	0.72205	0.95444
17	16240000	16260000	6450	38	10915	6511	0.00589147	0.54575	0.990631
17	16260000	16280000	5473	22	15464	5513	0.00401973	0.7732	0.992744
17	16280000	16300000	3107	22	11380	3194	0.00708079	0.569	0.972761
17	16300000	16320000	4597	18	13893	4654	0.0039156	0.69465	0.987752
17	16320000	16340000	10762	56	7869	10847	0.00520349	0.39345	0.992164
17	16340000	16360000	9928	52	8796	10191	0.00523771	0.4398	0.974193
17	16360000	16380000	12650	59	8913	12751	0.00466403	0.44565	0.992079
17	16380000	16400000	12297	69	6728	12411	0.00561112	0.3364	0.990815
17	16400000	16420000	9045	52	13815	9300	0.00574903	0.69075	0.972581
17	16420000	16440000	9527	47	14018	9600	0.00493335	0.7009	0.992396
17	16440000	16460000	8097	62	11761	8159	0.00765716	0.58805	0.992401
17	16460000	16480000	9874	43	12780	10501	0.00435487	0.639	0.940291
17	16480000	16500000	7976	38	14175	8222	0.00476429	0.70875	0.97008
17	16500000	16520000	9022	44	13018	10198	0.00487697	0.6509	0.884683
17	16520000	16540000	8891	52	11463	9252	0.00584861	0.57315	0.960981
17	16540000	16560000	10394	57	11445	10460	0.00548393	0.57225	0.99369
17	16560000	16580000	523	7	10159	2862	0.0133843	0.50795	0.182739
17	16580000	16600000	0	0	9997	710		0.49985	0
17	16600000	16620000	0	0	6734	0		0.3367	
17	16620000	16640000	2	0	11323	3	0	0.56615	0.666667
17	16640000	16660000	0	0	15414	0		0.7707	
17	16660000	16680000	0	0	9393	6		0.46965	0
17	16680000	16700000	22	2	13397	22	0.0909091	0.66985	1
17	16700000	16720000	0	0	7860	0		0.393	
17	16720000	16740000	0	0	7262	0		0.3631	
17	16740000	16760000	0	0	4259	141		0.21295	0
17	16760000	16780000	1019	16	8560	1117	0.0157017	0.428	0.912265
17	16780000	16800000	795	9	8220	5800	0.0113208	0.411	0.137069
17	16800000	16820000	5100	47	12330	5146	0.00921569	0.6165	0.991061
17	16820000	16840000	1809	6	4493	9151	0.00331675	0.22465	0.197683
17	16840000	16860000	3122	22	10894	9273	0.00704676	0.5447	0.336676
17	16860000	16880000	7404	56	13962	7466	0.00756348	0.6981	0.991696
17	16880000	16900000	9447	57	13864	10887	0.00603366	0.6932	0.867732
17	16900000	16920000	3236	34	10193	3275	0.0105068	0.50965	0.988092
17	16920000	16940000	9742	89	9669	10638	0.0091357	0.48345	0.915774
17	16940000	16960000	10439	40	8942	10985	0.00383178	0.4471	0.950296
17	16960000	16980000	12747	68	10141	12844	0.00533459	0.50705	0.992448
17	16980000	17000000	13976	68	5251	14088	0.00486548	0.26255	0.99205
17	17000000	17020000	13628	68	5757	13729	0.00498973	0.28785	0.992643
17	17020000	17040000	13385	65	4441	13715	0.00485618	0.22205	0.975939
17	17040000	17060000	12222	59	4472	12766	0.00482736	0.2236	0.957387
17	17060000	17080000	13652	52	1736	13734	0.00380897	0.0868	0.994029
17	17080000	17100000	10025	61	5579	10614	0.00608479	0.27895	0.944507
17	17100000	17120000	9274	53	8123	9906	0.0057149	0.40615	0.9362
17	17120000	17140000	10597	55	7413	10928	0.00519015	0.37065	0.969711
17	17140000	17160000	7061	35	10320	7109	0.0049568	0.516	0.993248
17	17160000	17180000	6805	24	10877	7512	0.00352682	0.54385	0.905884
17	17180000	17200000	7059	33	14959	7120	0.00467488	0.74795	0.991433
17	17200000	17220000	5777	32	15177	7192	0.00553921	0.75885	0.803254
17	17220000	17240000	6530	30	12700	8296	0.00459418	0.635	0.787126
17	17240000	17260000	10322	76	7686	10514	0.00736291	0.3843	0.981739
17	17260000	17280000	9172	52	12428	9312	0.00566943	0.6214	0.984966
17	17280000	17300000	10979	69	11389	11977	0.00628473	0.56945	0.916674
17	17300000	17320000	12807	61	10951	12923	0.00476302	0.54755	0.991024
17	17320000	17340000	9731	62	13032	9826	0.00637139	0.6516	0.990332
17	17340000	17360000	9897	56	9488	9991	0.00565828	0.4744	0.990592
17	17360000	17380000	10162	50	10062	10259	0.00492029	0.5031	0.990545
17	17380000	17400000	10708	39	7607	10818	0.00364214	0.38035	0.989832
17	17400000	17420000	11646	66	3417	13646	0.00566718	0.17085	0.853437
17	17420000	17440000	11556	75	9657	11656	0.00649013	0.48285	0.991421
17	17440000	17460000	12614	65	5585	12711	0.005153	0.27925	0.992369
17	17460000	17480000	13418	68	5993	13546	0.00506782	0.29965	0.990551
17	17480000	17500000	9330	45	9227	9441	0.00482315	0.46135	0.988243
17	17500000	17520000	7942	27	14232	8000	0.00339965	0.7116	0.99275
17	17520000	17540000	6515	48	15037	6596	0.00736761	0.75185	0.98772
17	17540000	17560000	7112	49	17033	7352	0.00688976	0.85165	0.967356
17	17560000	17580000	11300	65	12543	11379	0.00575221	0.62715	0.993057
17	17580000	17600000	10324	58	8827	10437	0.00561798	0.44135	0.989173
17	17600000	17620000	12508	50	7114	12888	0.00399744	0.3557	0.970515
17	17620000	17640000	13491	50	4339	13835	0.00370617	0.21695	0.975136
17	17640000	17660000	11100	48	6719	12126	0.00432432	0.33595	0.915388
17	17660000	17680000	11632	77	7092	13174	0.00661967	0.3546	0.882951
17	17680000	17700000	9284	42	3716	12031	0.00452391	0.1858	0.771673
17	17700000	17720000	11036	43	4292	12061	0.00389634	0.2146	0.915015
17	17720000	17740000	11574	60	6871	11804	0.00518403	0.34355	0.980515
17	17740000	17760000	12143	58	3156	13362	0.00477641	0.1578	0.908771
17	17760000	17780000	10784	40	6882	10869	0.0037092	0.3441	0.99218
17	17780000	17800000	14442	62	4469	14552	0.00429303	0.22345	0.992441
17	17800000	17820000	9601	45	11558	9656	0.00468701	0.5779	0.994304
17	17820000	17840000	10538	37	9985	10674	0.0035111	0.49925	0.987259
17	17840000	17860000	10299	45	9401	11362	0.00436936	0.47005	0.906443
17	17860000	17880000	9305	35	9921	9824	0.00376142	0.49605	0.94717
17	17880000	17900000	11047	55	9654	11148	0.00497873	0.4827	0.99094
17	17900000	17920000	10753	48	9390	10907	0.00446387	0.4695	0.985881
17	17920000	17940000	10051	32	8556	10150	0.00318376	0.4278	0.990246
17	17940000	17960000	8853	43	8453	8906	0.00485711	0.42265	0.994049
17	17960000	17980000	8732	32	9993	9434	0.00366468	0.49965	0.925588
17	17980000	18000000	6584	22	15779	6617	0.00334143	0.78895	0.995013
17	18000000	18020000	12235	51	6650	12869	0.00416837	0.3325	0.950734
17	18020000	18040000	12301	52	6683	12965	0.0042273	0.33415	0.948785
17	18040000	18060000	13102	41	5945	13626	0.00312929	0.29725	0.961544
17	18060000	18080000	12278	53	8487	12355	0.00431666	0.42435	0.993768
17	18080000	18100000	10133	39	7557	10635	0.00384881	0.37785	0.952797
17	18100000	18120000	9909	41	8835	10063	0.00413765	0.44175	0.984696
17	18120000	18140000	10510	41	7773	11267	0.00390105	0.38865	0.932813
17	18140000	18160000	13454	43	3376	13557	0.00319608	0.1688	0.992402
17	18160000	18180000	10544	44	7438	10679	0.00417299	0.3719	0.987358
17	18180000	18200000	9335	35	10630	9429	0.00374933	0.5315	0.990031
17	18200000	18220000	7671	29	9579	8183	0.00378047	0.47895	0.937431
17	18220000	18240000	11529	49	5563	11602	0.00425015	0.27815	0.993708
17	18240000	18260000	6147	28	12798	6320	0.00455507	0.6399	0.972627
17	18260000	18280000	3336	23	15276	3940	0.00689448	0.7638	0.846701
17	18280000	18300000	16	1	5298	385	0.0625	0.2649	0.0415584
17	18300000	18320000	0	0	8109	6		0.40545	0
17	18320000	18340000	0	0	3416	0		0.1708	
17	18340000	18360000	0	0	8701	0		0.43505	
17	18360000	18380000	0	0	9494	0		0.4747	
17	18380000	18400000	0	0	7962	0		0.3981	
17	18400000	18420000	0	0	7031	0		0.35155	
17	18420000	18440000	0	0	12546	1		0.6273	0
17	18440000	18460000	1	1	9858	1	1	0.4929	1
17	18460000	18480000	0	0	16339	6		0.81695	0
17	18480000	18500000	0	0	11350	0		0.5675	
17	18500000	18520000	0	0	6761	0		0.33805	
17	18520000	18540000	0	0	8221	638		0.41105	0
17	18540000	18560000	0	0	6689	6		0.33445	0
17	18560000	18580000	0	0	7469	84		0.37345	0
17	18580000	18600000	0	0	13668	28		0.6834	0
17	18600000	18620000	0	0	9571	143		0.47855	0
17	18620000	18640000	0	0	9071	34		0.45355	0
17	18640000	18660000	9	2	9331	13	0.222222	0.46655	0.692308
17	18660000	18680000	58	3	10593	2454	0.0517241	0.52965	0.0236349
17	18680000	18700000	19	2	11972	213	0.105263	0.5986	0.0892019
17	18700000	18720000	18	3	12310	19	0.166667	0.6155	0.947368
17	18720000	18740000	0	0	10623	88		0.53115	0
17	18740000	18760000	0	0	8308	3724		0.4154	0
17	18760000	18780000	6881	27	11446	7311	0.00392385	0.5723	0.941185
17	18780000	18800000	5550	33	14802	6104	0.00594595	0.7401	0.90924
17	18800000	18820000	6441	37	16063	6851	0.00574445	0.80315	0.940155
17	18820000	18840000	8189	42	12974	8238	0.00512883	0.6487	0.994052
17	18840000	18860000	7893	64	14205	7970	0.00810845	0.71025	0.990339
17	18860000	18880000	12547	74	7575	12665	0.00589782	0.37875	0.990683
17	18880000	18900000	13723	57	5937	14180	0.00415361	0.29685	0.967772
17	18900000	18920000	12032	54	7542	12351	0.00448803	0.3771	0.974172
17	18920000	18940000	4797	26	6215	4864	0.00542005	0.31075	0.986225
17	18940000	18960000	0	0	10857	0		0.54285	
17	18960000	18980000	0	0	16397	0		0.81985	
17	18980000	19000000	0	0	11481	0		0.57405	
17	19000000	19020000	0	0	14536	0		0.7268	
17	19020000	19040000	0	0	11185	0		0.55925	
17	19040000	19060000	0	0	9972	0		0.4986	
17	19060000	19080000	0	0	12001	0		0.60005	
17	19080000	19100000	0	0	15907	0		0.79535	
17	19100000	19120000	0	0	12394	0		0.6197	
17	19120000	19140000	0	0	13203	0		0.66015	
17	19140000	19160000	8468	38	10256	8569	0.00448748	0.5128	0.988213
17	19160000	19180000	12104	61	7649	12286	0.00503966	0.38245	0.985186
17	19180000	19200000	8358	37	7952	10053	0.0044269	0.3976	0.831394
17	19200000	19220000	12178	48	7400	12276	0.00394153	0.37	0.992017
17	19220000	19240000	12557	59	7304	12652	0.00469857	0.3652	0.992491
17	19240000	19260000	10578	53	12560	11158	0.0050104	0.628	0.948019
17	19260000	19280000	12659	52	9997	12731	0.00410775	0.49985	0.994345
17	19280000	19300000	11208	37	7879	12338	0.00330121	0.39395	0.908413
17	19300000	19320000	10502	41	8737	13063	0.00390402	0.43685	0.80395
17	19320000	19340000	0	0	14678	8611		0.7339	0
17	19340000	19360000	0	0	15251	7553		0.76255	0
17	19360000	19380000	0	0	15103	6879		0.75515	0
17	19380000	19400000	0	0	15344	7715		0.7672	0
17	19400000	19420000	0	0	12622	6711		0.6311	0
17	19420000	19440000	0	0	12688	7290		0.6344	0
17	19440000	19460000	7317	38	8312	11252	0.00519339	0.4156	0.650284
17	19460000	19480000	8444	38	11182	8921	0.00450024	0.5591	0.946531
17	19480000	19500000	7915	52	7785	7970	0.0065698	0.38925	0.993099
17	19500000	19520000	0	0	9150	0		0.4575	
17	19520000	19540000	0	0	13882	380		0.6941	0
17	19540000	19560000	172	0	12716	9520	0	0.6358	0.0180672
17	19560000	19580000	10576	51	7954	10910	0.00482224	0.3977	0.969386
17	19580000	19600000	7203	31	14939	7269	0.00430376	0.74695	0.99092
17	19600000	19620000	10666	53	9405	11010	0.00496906	0.47025	0.968756
17	19620000	19640000	10970	52	9466	11170	0.0047402	0.4733	0.982095
17	19640000	19660000	12444	49	5492	12534	0.00393764	0.2746	0.99282
17	19660000	19680000	11352	62	8331	11883	0.00546159	0.41655	0.955314
17	19680000	19700000	8589	58	12773	8650	0.00675282	0.63865	0.992948
17	19700000	19720000	11480	60	10564	11560	0.00522648	0.5282	0.99308
17	19720000	19740000	6731	40	14754	7807	0.00594265	0.7377	0.862175
17	19740000	19760000	7763	46	10399	7965	0.00592554	0.51995	0.974639
17	19760000	19780000	7083	34	11418	7132	0.00480023	0.5709	0.99313
17	19780000	19800000	3370	12	17528	4524	0.00356083	0.8764	0.744916
17	19800000	19820000	9942	34	9613	10548	0.00341984	0.48065	0.942548
17	19820000	19840000	6302	40	13613	6670	0.00634719	0.68065	0.944828
17	19840000	19860000	9141	42	13064	9208	0.00459468	0.6532	0.992724
17	19860000	19880000	8584	30	12409	8655	0.00349487	0.62045	0.991797
17	19880000	19900000	7626	40	13595	7674	0.00524521	0.67975	0.993745
17	19900000	19920000	6304	32	15308	6417	0.00507614	0.7654	0.982391
17	19920000	19940000	8380	54	16268	8479	0.00644391	0.8134	0.988324
17	19940000	19960000	6882	46	12847	7016	0.0066841	0.64235	0.980901
17	19960000	19980000	9297	58	13085	9365	0.00623857	0.65425	0.992739
17	19980000	20000000	8680	39	7151	12974	0.00449309	0.35755	0.66903
17	20000000	20020000	9125	47	8540	9194	0.00515068	0.427	0.992495
17	20020000	20040000	8926	50	12727	10053	0.00560161	0.63635	0.887894
17	20040000	20060000	9266	65	13408	9383	0.00701489	0.6704	0.987531
17	20060000	20080000	11140	61	9313	11282	0.00547576	0.46565	0.987414
17	20080000	20100000	9302	55	13819	9462	0.00591271	0.69095	0.98309
17	20100000	20120000	11020	69	8903	11275	0.00626134	0.44515	0.977384
17	20120000	20140000	7184	55	10347	7229	0.0076559	0.51735	0.993775
17	20140000	20160000	9856	65	9113	9942	0.00659497	0.45565	0.99135
17	20160000	20180000	8602	58	11579	8693	0.00674262	0.57895	0.989532
17	20180000	20200000	7479	51	9199	8257	0.00681909	0.45995	0.905777
17	20200000	20220000	7888	43	8842	10072	0.00545132	0.4421	0.783161
17	20220000	20240000	198	0	9187	249	0	0.45935	0.795181
17	20240000	20260000	0	0	9489	0		0.47445	
17	20260000	20280000	3	2	9872	3	0.666667	0.4936	1
17	20280000	20300000	1	1	14026	1	1	0.7013	1
17	20300000	20320000	14	1	14670	15	0.0714286	0.7335	0.933333
17	20320000	20340000	0	0	7557	1		0.37785	0
17	20340000	20360000	0	0	6401	21		0.32005	0
17	20360000	20380000	0	0	10615	2		0.53075	0
17	20380000	20400000	0	0	7426	2		0.3713	0
17	20400000	20420000	0	0	6016	0		0.3008	
17	20420000	20440000	0	0	6535	0		0.32675	
17	20440000	20460000	0	0	5820	27		0.291	0
17	20460000	20480000	0	0	10851	942		0.54255	0
17	20480000	20500000	0	0	6125	24		0.30625	0
17	20500000	20520000	0	0	9211	1053		0.46055	0
17	20520000	20540000	0	0	10649	4025		0.53245	0
17	20540000	20560000	8	1	8860	76	0.125	0.443	0.105263
17	20560000	20580000	6	0	11521	10	0	0.57605	0.6
17	20580000	20600000	6	0	13594	46	0	0.6797	0.130435
17	20600000	20620000	0	0	12145	499		0.60725	0
17	20620000	20640000	0	0	9718	610		0.4859	0
17	20640000	20660000	1716	34	5823	2106	0.0198135	0.29115	0.814815
17	20660000	20680000	3846	27	15046	3874	0.00702028	0.7523	0.992772
17	20680000	20700000	1802	15	12201	1857	0.00832408	0.61005	0.970382
17	20700000	20720000	1669	14	13216	2401	0.00838826	0.6608	0.695127
17	20720000	20740000	0	0	10599	1261		0.52995	0
17	20740000	20760000	0	0	3310	171		0.1655	0
17	20760000	20780000	0	0	10757	396		0.53785	0
17	20780000	20800000	0	0	9390	1015		0.4695	0
17	20800000	20820000	3958	67	9562	4167	0.0169277	0.4781	0.949844
17	20820000	20840000	9538	56	10587	9650	0.00587125	0.52935	0.988394
17	20840000	20860000	6986	64	10095	7501	0.00916118	0.50475	0.931342
17	20860000	20880000	6925	51	10242	7015	0.00736462	0.5121	0.98717
17	20880000	20900000	7209	62	10318	8051	0.00860036	0.5159	0.895417
17	20900000	20920000	10812	66	5064	10965	0.00610433	0.2532	0.986047
17	20920000	20940000	10388	68	10491	10507	0.00654601	0.52455	0.988674
17	20940000	20960000	7064	44	13779	7671	0.00622877	0.68895	0.920871
17	20960000	20980000	8296	55	14223	9336	0.0066297	0.71115	0.888603
17	20980000	21000000	6050	47	16743	6104	0.0077686	0.83715	0.991153
17	21000000	21020000	5328	34	16424	6130	0.00638138	0.8212	0.869168
17	21020000	21040000	6842	53	15098	6898	0.00774627	0.7549	0.991882
17	21040000	21060000	5654	37	17202	5677	0.00654404	0.8601	0.995949
17	21060000	21080000	10217	51	8888	10316	0.00499168	0.4444	0.990403
17	21080000	21100000	10250	56	9440	10315	0.00546341	0.472	0.993698
17	21100000	21120000	10630	64	6230	10751	0.0060207	0.3115	0.988745
17	21120000	21140000	9912	64	12606	10889	0.00645682	0.6303	0.910276
17	21140000	21160000	11907	73	8456	12252	0.00613085	0.4228	0.971841
17	21160000	21180000	8950	46	12122	9031	0.00513966	0.6061	0.991031
17	21180000	21200000	8245	53	7328	8610	0.00642814	0.3664	0.957607
17	21200000	21220000	3125	34	7102	3188	0.01088	0.3551	0.980238
17	21220000	21240000	1589	23	12677	1661	0.0144745	0.63385	0.956653
17	21240000	21260000	4069	64	9345	4597	0.0157287	0.46725	0.885142
17	21260000	21280000	13363	75	6000	13625	0.00561251	0.3	0.980771
17	21280000	21300000	12428	89	5866	13005	0.00716125	0.2933	0.955632
17	21300000	21320000	2827	42	6342	3477	0.0148567	0.3171	0.813057
17	21320000	21340000	1627	37	6095	2693	0.0227412	0.30475	0.604159
17	21340000	21360000	0	0	7794	1078		0.3897	0
17	21360000	21380000	0	0	7706	3439		0.3853	0
17	21380000	21400000	0	0	15522	1977		0.7761	0
17	21400000	21420000	0	0	11115	2312		0.55575	0
17	21420000	21440000	0	0	9990	7264		0.4995	0
17	21440000	21460000	0	0	11411	6473		0.57055	0
17	21460000	21480000	0	0	13490	688		0.6745	0
17	21480000	21500000	0	0	8730	846		0.4365	0
17	21500000	21520000	0	0	8277	1313		0.41385	0
17	21520000	21540000	0	0	11409	162		0.57045	0
17	21540000	21560000	0	0	8340	195		0.417	0
17	21560000	21580000	0	0	2199	60		0.10995	0
17	21580000	21600000	0	0	0	0		0	
17	21600000	21620000	0	0	0	0		0	
17	21620000	21640000	0	0	0	0		0	
17	21640000	21660000	0	0	0	0		0	
17	21660000	21680000	0	0	5202	269		0.2601	0
17	21680000	21700000	0	0	10388	0		0.5194	
17	21700000	21720000	0	0	7854	2144		0.3927	0
17	21720000	21740000	0	0	12860	3426		0.643	0
17	21740000	21760000	0	0	14559	1091		0.72795	0
17	21760000	21780000	0	0	19949	662		0.99745	0
17	21780000	21800000	0	0	14107	2382		0.70535	0
17	21800000	21820000	2366	16	8371	2637	0.00676247	0.41855	0.897232
17	21820000	21840000	1659	26	9460	1669	0.0156721	0.473	0.994008
17	21840000	21860000	392	10	13846	397	0.0255102	0.6923	0.987406
17	21860000	21880000	531	13	12918	538	0.0244821	0.6459	0.986989
17	21880000	21900000	698	11	13970	704	0.0157593	0.6985	0.991477
17	21900000	21920000	2022	33	14180	2060	0.0163205	0.709	0.981553
17	21920000	21940000	2038	25	11638	2052	0.0122669	0.5819	0.993177
17	21940000	21960000	2341	33	11924	2362	0.0140965	0.5962	0.991109
17	21960000	21980000	1999	25	13832	2036	0.0125063	0.6916	0.981827
17	21980000	22000000	2193	29	14360	2223	0.0132239	0.718	0.986505
17	22000000	22020000	3077	31	5823	3673	0.0100747	0.29115	0.837735
17	22020000	22040000	2519	28	2489	5726	0.0111155	0.12445	0.439923
17	22040000	22060000	375	19	6705	379	0.0506667	0.33525	0.989446
17	22060000	22080000	1080	26	7728	1655	0.0240741	0.3864	0.652568
17	22080000	22100000	1119	24	7822	1815	0.0214477	0.3911	0.616529
17	22100000	22120000	0	0	11319	187		0.56595	0
17	22120000	22140000	696	10	10403	1565	0.0143678	0.52015	0.444728
17	22140000	22160000	1715	23	14224	2071	0.0134111	0.7112	0.828102
17	22160000	22180000	0	0	17881	705		0.89405	0
17	22180000	22200000	0	0	16161	5821		0.80805	0
17	22200000	22220000	0	0	7786	4664		0.3893	0
17	22220000	22240000	0	0	19144	175		0.9572	0
17	22240000	22260000	0	0	19980	15		0.999	0
17	22260000	22280000	0	0	3006	0		0.1503	
17	22280000	22300000	0	0	0	0		0	
17	22300000	22320000	0	0	0	0		0	
17	22320000	22340000	0	0	0	0		0	
17	22340000	22360000	0	0	0	0		0	
17	22360000	22380000	0	0	0	0		0	
17	22380000	22400000	0	0	0	0		0	
17	22400000	22420000	0	0	0	0		0	
17	22420000	22440000	0	0	0	0		0	
17	22440000	22460000	0	0	0	0		0	
17	22460000	22480000	0	0	0	0		0	
17	22480000	22500000	0	0	0	0		0	
17	22500000	22520000	0	0	0	0		0	
17	22520000	22540000	0	0	0	0		0	
17	22540000	22560000	0	0	0	0		0	
17	22560000	22580000	0	0	0	0		0	
17	22580000	22600000	0	0	0	0		0	
17	22600000	22620000	0	0	0	0		0	
17	22620000	22640000	0	0	0	0		0	
17	22640000	22660000	0	0	0	0		0	
17	22660000	22680000	0	0	0	0		0	
17	22680000	22700000	0	0	0	0		0	
17	22700000	22720000	0	0	0	0		0	
17	22720000	22740000	0	0	0	0		0	
17	22740000	22760000	0	0	0	0		0	
17	22760000	22780000	0	0	0	0		0	
17	22780000	22800000	0	0	0	0		0	
17	22800000	22820000	0	0	0	0		0	
17	22820000	22840000	0	0	0	0		0	
17	22840000	22860000	0	0	0	0		0	
17	22860000	22880000	0	0	0	0		0	
17	22880000	22900000	0	0	0	0		0	
17	22900000	22920000	0	0	0	0		0	
17	22920000	22940000	0	0	0	0		0	
17	22940000	22960000	0	0	0	0		0	
17	22960000	22980000	0	0	0	0		0	
17	22980000	23000000	0	0	0	0		0	
17	23000000	23020000	0	0	0	0		0	
17	23020000	23040000	0	0	0	0		0	
17	23040000	23060000	0	0	0	0		0	
17	23060000	23080000	0	0	0	0		0	
17	23080000	23100000	0	0	0	0		0	
17	23100000	23120000	0	0	0	0		0	
17	23120000	23140000	0	0	0	0		0	
17	23140000	23160000	0	0	0	0		0	
17	23160000	23180000	0	0	0	0		0	
17	23180000	23200000	0	0	0	0		0	
17	23200000	23220000	0	0	0	0		0	
17	23220000	23240000	0	0	0	0		0	
17	23240000	23260000	0	0	0	0		0	
17	23260000	23280000	0	0	0	0		0	
17	23280000	23300000	0	0	0	0		0	
17	23300000	23320000	0	0	0	0		0	
17	23320000	23340000	0	0	0	0		0	
17	23340000	23360000	0	0	0	0		0	
17	23360000	23380000	0	0	0	0		0	
17	23380000	23400000	0	0	0	0		0	
17	23400000	23420000	0	0	0	0		0	
17	23420000	23440000	0	0	0	0		0	
17	23440000	23460000	0	0	0	0		0	
17	23460000	23480000	0	0	0	0		0	
17	23480000	23500000	0	0	0	0		0	
17	23500000	23520000	0	0	0	0		0	
17	23520000	23540000	0	0	0	0		0	
17	23540000	23560000	0	0	0	0		0	
17	23560000	23580000	0	0	0	0		0	
17	23580000	23600000	0	0	0	0		0	
17	23600000	23620000	0	0	0	0		0	
17	23620000	23640000	0	0	0	0		0	
17	23640000	23660000	0	0	0	0		0	
17	23660000	23680000	0	0	0	0		0	
17	23680000	23700000	0	0	0	0		0	
17	23700000	23720000	0	0	0	0		0	
17	23720000	23740000	0	0	0	0		0	
17	23740000	23760000	0	0	0	0		0	
17	23760000	23780000	0	0	0	0		0	
17	23780000	23800000	0	0	0	0		0	
17	23800000	23820000	0	0	0	0		0	
17	23820000	23840000	0	0	0	0		0	
17	23840000	23860000	0	0	0	0		0	
17	23860000	23880000	0	0	0	0		0	
17	23880000	23900000	0	0	0	0		0	
17	23900000	23920000	0	0	0	0		0	
17	23920000	23940000	0	0	0	0		0	
17	23940000	23960000	0	0	0	0		0	
17	23960000	23980000	0	0	0	0		0	
17	23980000	24000000	0	0	0	0		0	
17	24000000	24020000	0	0	0	0		0	
17	24020000	24040000	0	0	0	0		0	
17	24040000	24060000	0	0	0	0		0	
17	24060000	24080000	0	0	0	0		0	
17	24080000	24100000	0	0	0	0		0	
17	24100000	24120000	0	0	0	0		0	
17	24120000	24140000	0	0	0	0		0	
17	24140000	24160000	0	0	0	0		0	
17	24160000	24180000	0	0	0	0		0	
17	24180000	24200000	0	0	0	0		0	
17	24200000	24220000	0	0	0	0		0	
17	24220000	24240000	0	0	0	0		0	
17	24240000	24260000	0	0	0	0		0	
17	24260000	24280000	0	0	0	0		0	
17	24280000	24300000	0	0	0	0		0	
17	24300000	24320000	0	0	0	0		0	
17	24320000	24340000	0	0	0	0		0	
17	24340000	24360000	0	0	0	0		0	
17	24360000	24380000	0	0	0	0		0	
17	24380000	24400000	0	0	0	0		0	
17	24400000	24420000	0	0	0	0		0	
17	24420000	24440000	0	0	0	0		0	
17	24440000	24460000	0	0	0	0		0	
17	24460000	24480000	0	0	0	0		0	
17	24480000	24500000	0	0	0	0		0	
17	24500000	24520000	0	0	0	0		0	
17	24520000	24540000	0	0	0	0		0	
17	24540000	24560000	0	0	0	0		0	
17	24560000	24580000	0	0	0	0		0	
17	24580000	24600000	0	0	0	0		0	
17	24600000	24620000	0	0	0	0		0	
17	24620000	24640000	0	0	0	0		0	
17	24640000	24660000	0	0	0	0		0	
17	24660000	24680000	0	0	0	0		0	
17	24680000	24700000	0	0	0	0		0	
17	24700000	24720000	0	0	0	0		0	
17	24720000	24740000	0	0	0	0		0	
17	24740000	24760000	0	0	0	0		0	
17	24760000	24780000	0	0	0	0		0	
17	24780000	24800000	0	0	0	0		0	
17	24800000	24820000	0	0	0	0		0	
17	24820000	24840000	0	0	0	0		0	
17	24840000	24860000	0	0	0	0		0	
17	24860000	24880000	0	0	0	0		0	
17	24880000	24900000	0	0	0	0		0	
17	24900000	24920000	0	0	0	0		0	
17	24920000	24940000	0	0	0	0		0	
17	24940000	24960000	0	0	0	0		0	
17	24960000	24980000	0	0	0	0		0	
17	24980000	25000000	0	0	0	0		0	
17	25000000	25020000	0	0	0	0		0	
17	25020000	25040000	0	0	0	0		0	
17	25040000	25060000	0	0	0	0		0	
17	25060000	25080000	0	0	0	0		0	
17	25080000	25100000	0	0	0	0		0	
17	25100000	25120000	0	0	0	0		0	
17	25120000	25140000	0	0	0	0		0	
17	25140000	25160000	0	0	0	0		0	
17	25160000	25180000	0	0	0	0		0	
17	25180000	25200000	0	0	0	0		0	
17	25200000	25220000	0	0	0	0		0	
17	25220000	25240000	0	0	0	0		0	
17	25240000	25260000	0	0	0	0		0	
17	25260000	25280000	0	0	10461	138		0.52305	0
17	25280000	25300000	0	0	10890	152		0.5445	0
17	25300000	25320000	0	0	6521	483		0.32605	0
17	25320000	25340000	0	0	10188	461		0.5094	0
17	25340000	25360000	0	0	14268	1366		0.7134	0
17	25360000	25380000	0	0	16096	1434		0.8048	0
17	25380000	25400000	2144	17	10735	4609	0.0079291	0.53675	0.465177
17	25400000	25420000	1554	19	9125	6357	0.0122265	0.45625	0.244455
17	25420000	25440000	0	0	12812	1052		0.6406	0
17	25440000	25460000	0	0	10530	2502		0.5265	0
17	25460000	25480000	0	0	13648	1982		0.6824	0
17	25480000	25500000	0	0	17626	3801		0.8813	0
17	25500000	25520000	0	0	19985	1448		0.99925	0
17	25520000	25540000	268	2	12945	3514	0.00746269	0.64725	0.0762664
17	25540000	25560000	7598	52	13708	7772	0.00684391	0.6854	0.977612
17	25560000	25580000	8643	43	10949	8752	0.00497512	0.54745	0.987546
17	25580000	25600000	9089	44	11574	9164	0.00484102	0.5787	0.991816
17	25600000	25620000	8190	29	11741	8464	0.0035409	0.58705	0.967628
17	25620000	25640000	9017	27	6306	9761	0.00299434	0.3153	0.923778
17	25640000	25660000	8884	40	8496	8993	0.00450248	0.4248	0.987879
17	25660000	25680000	8063	39	13035	8449	0.00483691	0.65175	0.954314
17	25680000	25700000	8064	56	13901	9338	0.00694444	0.69505	0.863568
17	25700000	25720000	9339	59	12824	9400	0.00631759	0.6412	0.993511
17	25720000	25740000	9080	74	12865	9132	0.00814978	0.64325	0.994306
17	25740000	25760000	3992	52	6217	4395	0.0130261	0.31085	0.908305
17	25760000	25780000	7160	41	13476	7228	0.00572626	0.6738	0.990592
17	25780000	25800000	9052	34	7570	9111	0.00375608	0.3785	0.993524
17	25800000	25820000	12029	41	9061	12167	0.00340843	0.45305	0.988658
17	25820000	25840000	13290	49	7778	13391	0.00368698	0.3889	0.992458
17	25840000	25860000	11857	40	8437	12074	0.00337353	0.42185	0.982027
17	25860000	25880000	13586	63	6908	13668	0.00463713	0.3454	0.994001
17	25880000	25900000	13381	65	6167	13458	0.00485763	0.30835	0.994278
17	25900000	25920000	11106	43	7317	13615	0.00387178	0.36585	0.815718
17	25920000	25940000	13191	74	6999	13489	0.00560989	0.34995	0.977908
17	25940000	25960000	10749	48	6723	10828	0.00446553	0.33615	0.992704
17	25960000	25980000	2383	28	7900	2553	0.0117499	0.395	0.933412
17	25980000	26000000	4475	56	4498	4530	0.012514	0.2249	0.987859
17	26000000	26020000	2742	31	12169	3879	0.0113056	0.60845	0.706883
17	26020000	26040000	2499	20	13708	4086	0.0080032	0.6854	0.611601
17	26040000	26060000	0	0	16478	3427		0.8239	0
17	26060000	26080000	0	0	10804	2357		0.5402	0
17	26080000	26100000	2556	25	4786	4601	0.00978091	0.2393	0.555531
17	26100000	26120000	12453	55	7706	12528	0.00441661	0.3853	0.994013
17	26120000	26140000	12843	83	7412	12928	0.00646266	0.3706	0.993425
17	26140000	26160000	8024	36	14425	8671	0.00448654	0.72125	0.925383
17	26160000	26180000	6101	36	17458	7993	0.00590067	0.8729	0.763293
17	26180000	26200000	12275	76	11881	12369	0.00619145	0.59405	0.9924
17	26200000	26220000	12597	55	9953	12691	0.00436612	0.49765	0.992593
17	26220000	26240000	9723	58	10254	9789	0.00596524	0.5127	0.993258
17	26240000	26260000	9959	42	13374	10022	0.00421729	0.6687	0.993714
17	26260000	26280000	11660	53	11307	11737	0.00454545	0.56535	0.99344
17	26280000	26300000	11291	43	10393	11832	0.00380834	0.51965	0.954277
17	26300000	26320000	12109	52	9582	12190	0.00429433	0.4791	0.993355
17	26320000	26340000	12176	58	11897	12253	0.00476347	0.59485	0.993716
17	26340000	26360000	8865	37	12494	10495	0.00417372	0.6247	0.844688
17	26360000	26380000	10099	27	9176	10419	0.00267353	0.4588	0.969287
17	26380000	26400000	10371	26	12176	10460	0.00250699	0.6088	0.991491
17	26400000	26420000	11021	33	9707	11091	0.00299428	0.48535	0.993689
17	26420000	26440000	9477	25	9021	11872	0.00263797	0.45105	0.798265
17	26440000	26460000	12451	43	8883	12539	0.00345354	0.44415	0.992982
17	26460000	26480000	12680	39	6160	12741	0.00307571	0.308	0.995212
17	26480000	26500000	10354	35	9019	10484	0.00338034	0.45095	0.9876
17	26500000	26520000	11205	35	7700	11269	0.00312361	0.385	0.994321
17	26520000	26540000	7093	23	14184	7137	0.00324263	0.7092	0.993835
17	26540000	26560000	4397	24	12527	4531	0.00545827	0.62635	0.970426
17	26560000	26580000	4761	47	12105	5240	0.00987188	0.60525	0.908588
17	26580000	26600000	3664	35	9096	3836	0.0095524	0.4548	0.955162
17	26600000	26620000	5326	34	8872	5450	0.00638378	0.4436	0.977248
17	26620000	26640000	4142	18	8137	4312	0.00434573	0.40685	0.960575
17	26640000	26660000	9672	37	5907	9783	0.00382548	0.29535	0.988654
17	26660000	26680000	12613	49	5470	12808	0.00388488	0.2735	0.984775
17	26680000	26700000	12031	55	3799	12501	0.00457152	0.18995	0.962403
17	26700000	26720000	9505	51	11556	9591	0.0053656	0.5778	0.991033
17	26720000	26740000	12177	50	9171	12638	0.0041061	0.45855	0.963523
17	26740000	26760000	4562	28	11661	8761	0.00613766	0.58305	0.520717
17	26760000	26780000	0	0	17282	6055		0.8641	0
17	26780000	26800000	0	0	12924	8219		0.6462	0
17	26800000	26820000	11889	73	9958	12598	0.00614013	0.4979	0.943721
17	26820000	26840000	13822	54	3522	14063	0.00390682	0.1761	0.982863
17	26840000	26860000	11711	54	4317	11791	0.00461105	0.21585	0.993215
17	26860000	26880000	12139	52	5971	12481	0.00428371	0.29855	0.972598
17	26880000	26900000	9917	29	11033	10360	0.00292427	0.55165	0.957239
17	26900000	26920000	8772	31	5422	12066	0.00353397	0.2711	0.727001
17	26920000	26940000	7163	23	12299	7200	0.00321095	0.61495	0.994861
17	26940000	26960000	10757	39	7351	10921	0.00362555	0.36755	0.984983
17	26960000	26980000	9790	41	6637	10952	0.00418795	0.33185	0.893901
17	26980000	27000000	8586	32	11127	8656	0.003727	0.55635	0.991913
17	27000000	27020000	9766	29	7598	9834	0.00296949	0.3799	0.993085
17	27020000	27040000	12262	33	6095	12534	0.00269124	0.30475	0.978299
17	27040000	27060000	7365	19	6373	8876	0.00257977	0.31865	0.829766
17	27060000	27080000	9687	36	6137	10650	0.00371632	0.30685	0.909577
17	27080000	27100000	9123	39	8365	9182	0.00427491	0.41825	0.993574
17	27100000	27120000	5929	27	14016	6039	0.00455389	0.7008	0.981785
17	27120000	27140000	6940	38	10093	6999	0.0054755	0.50465	0.99157
17	27140000	27160000	5238	16	14206	5907	0.0030546	0.7103	0.886745
17	27160000	27180000	4503	24	14463	4556	0.00532978	0.72315	0.988367
17	27180000	27200000	8400	38	10437	8475	0.00452381	0.52185	0.99115
17	27200000	27220000	11041	49	8285	11098	0.004438	0.41425	0.994864
17	27220000	27240000	10262	34	6161	11584	0.00331319	0.30805	0.885877
17	27240000	27260000	10539	34	8190	10608	0.00322611	0.4095	0.993495
17	27260000	27280000	10723	46	4970	10783	0.00428984	0.2485	0.994436
17	27280000	27300000	13275	57	6790	13366	0.00429379	0.3395	0.993192
17	27300000	27320000	12481	45	8226	12552	0.00360548	0.4113	0.994344
17	27320000	27340000	13052	38	3901	13611	0.00291143	0.19505	0.95893
17	27340000	27360000	10992	41	7528	11489	0.00372999	0.3764	0.956741
17	27360000	27380000	11911	58	8583	11992	0.00486945	0.42915	0.993245
17	27380000	27400000	11095	54	7656	11182	0.00486706	0.3828	0.99222
17	27400000	27420000	13646	69	2912	13812	0.00505643	0.1456	0.987981
17	27420000	27440000	13953	63	4757	14183	0.00451516	0.23785	0.983783
17	27440000	27460000	13681	61	2301	13781	0.00445874	0.11505	0.992744
17	27460000	27480000	10994	41	7528	11074	0.00372931	0.3764	0.992776
17	27480000	27500000	12051	45	6898	12230	0.00373413	0.3449	0.985364
17	27500000	27520000	7866	28	12686	8173	0.00355962	0.6343	0.962437
17	27520000	27540000	8114	43	10218	8255	0.00529948	0.5109	0.982919
17	27540000	27560000	7533	37	15644	7647	0.00491172	0.7822	0.985092
17	27560000	27580000	9013	33	11138	9069	0.00366138	0.5569	0.993825
17	27580000	27600000	8872	31	5186	8939	0.00349414	0.2593	0.992505
17	27600000	27620000	8464	29	8511	8503	0.00342628	0.42555	0.995413
17	27620000	27640000	7151	18	12436	7207	0.00251713	0.6218	0.99223
17	27640000	27660000	6156	31	15477	6268	0.00503574	0.77385	0.982131
17	27660000	27680000	5228	23	15535	5483	0.00439939	0.77675	0.953493
17	27680000	27700000	6761	24	14151	7153	0.00354977	0.70755	0.945198
17	27700000	27720000	8075	28	10290	8290	0.00346749	0.5145	0.974065
17	27720000	27740000	5641	21	12933	6225	0.00372274	0.64665	0.906185
17	27740000	27760000	5362	23	15847	5484	0.00428944	0.79235	0.977753
17	27760000	27780000	7710	27	13853	7743	0.00350195	0.69265	0.995738
17	27780000	27800000	6408	31	14994	6464	0.0048377	0.7497	0.991337
17	27800000	27820000	9293	27	10562	9352	0.00290541	0.5281	0.993691
17	27820000	27840000	7327	22	11769	7384	0.00300259	0.58845	0.992281
17	27840000	27860000	6007	18	12313	6145	0.0029965	0.61565	0.977543
17	27860000	27880000	9558	21	6534	9726	0.00219711	0.3267	0.982727
17	27880000	27900000	9242	67	6920	9372	0.00724951	0.346	0.986129
17	27900000	27920000	12476	59	3052	12551	0.00472908	0.1526	0.994024
17	27920000	27940000	10222	52	10484	10275	0.00508707	0.5242	0.994842
17	27940000	27960000	13570	42	1088	13650	0.00309506	0.0544	0.994139
17	27960000	27980000	9305	28	8401	9367	0.00300913	0.42005	0.993381
17	27980000	28000000	9720	26	10117	9757	0.0026749	0.50585	0.996208
17	28000000	28020000	9228	27	9385	9536	0.00292588	0.46925	0.967701
17	28020000	28040000	9140	27	10080	9201	0.00295405	0.504	0.99337
17	28040000	28060000	9033	25	10651	9113	0.00276763	0.53255	0.991221
17	28060000	28080000	9209	50	9941	9329	0.00542947	0.49705	0.987137
17	28080000	28100000	10135	39	9704	10194	0.00384805	0.4852	0.994212
17	28100000	28120000	6803	27	12087	6846	0.00396884	0.60435	0.993719
17	28120000	28140000	10071	39	10092	10326	0.00387251	0.5046	0.975305
17	28140000	28160000	10505	45	9417	10807	0.00428367	0.47085	0.972055
17	28160000	28180000	9050	33	10015	9106	0.00364641	0.50075	0.99385
17	28180000	28200000	9624	30	9621	9714	0.00311721	0.48105	0.990735
17	28200000	28220000	8183	24	13027	8258	0.00293291	0.65135	0.990918
17	28220000	28240000	6433	30	14888	6466	0.00466345	0.7444	0.994896
17	28240000	28260000	9734	19	8873	9876	0.00195192	0.44365	0.985622
17	28260000	28280000	9201	42	11737	9262	0.00456472	0.58685	0.993414
17	28280000	28300000	6928	40	16933	6988	0.00577367	0.84665	0.991414
17	28300000	28320000	6985	23	13016	7671	0.00329277	0.6508	0.910572
17	28320000	28340000	8402	48	13628	8524	0.00571293	0.6814	0.985687
17	28340000	28360000	7063	37	14424	7117	0.00523857	0.7212	0.992413
17	28360000	28380000	8666	50	16849	8714	0.00576967	0.84245	0.994492
17	28380000	28400000	8684	48	11441	8732	0.00552741	0.57205	0.994503
17	28400000	28420000	11689	40	9029	11967	0.00342202	0.45145	0.976769
17	28420000	28440000	10093	34	10794	10291	0.00336867	0.5397	0.98076
17	28440000	28460000	7940	27	12888	8352	0.0034005	0.6444	0.95067
17	28460000	28480000	7342	32	15593	7417	0.00435849	0.77965	0.989888
17	28480000	28500000	7528	29	12456	7590	0.00385228	0.6228	0.991831
17	28500000	28520000	8455	38	11021	8920	0.00449438	0.55105	0.94787
17	28520000	28540000	11944	58	5478	12053	0.00485599	0.2739	0.990957
17	28540000	28560000	11752	67	5970	11985	0.00570116	0.2985	0.980559
17	28560000	28580000	9551	32	6722	12366	0.00335043	0.3361	0.77236
17	28580000	28600000	12410	41	4701	12490	0.00330379	0.23505	0.993595
17	28600000	28620000	11321	31	6688	11396	0.00273827	0.3344	0.993419
17	28620000	28640000	8990	34	13669	9047	0.00378198	0.68345	0.9937
17	28640000	28660000	10282	59	9659	10355	0.00573818	0.48295	0.99295
17	28660000	28680000	9478	44	13478	9696	0.00464233	0.6739	0.977517
17	28680000	28700000	9011	36	12185	9063	0.00399512	0.60925	0.994262
17	28700000	28720000	11863	51	8173	11982	0.00429908	0.40865	0.990068
17	28720000	28740000	6908	33	14761	6960	0.00477707	0.73805	0.992529
17	28740000	28760000	10414	36	11108	10476	0.00345688	0.5554	0.994082
17	28760000	28780000	8222	27	11740	8263	0.00328387	0.587	0.995038
17	28780000	28800000	11091	36	9083	11160	0.00324588	0.45415	0.993817
17	28800000	28820000	8750	35	10782	8848	0.004	0.5391	0.988924
17	28820000	28840000	5382	24	12081	5798	0.00445931	0.60405	0.928251
17	28840000	28860000	10991	43	9063	11060	0.00391229	0.45315	0.993761
17	28860000	28880000	8760	44	11609	9249	0.00502283	0.58045	0.947129
17	28880000	28900000	0	0	3909	1609		0.19545	0
17	28900000	28920000	0	0	13060	1339		0.653	0
17	28920000	28940000	0	0	9771	566		0.48855	0
17	28940000	28960000	0	0	7035	0		0.35175	
17	28960000	28980000	1	0	11520	1	0	0.576	1
17	28980000	29000000	0	0	13991	0		0.69955	
17	29000000	29020000	78	20	17154	100	0.25641	0.8577	0.78
17	29020000	29040000	276	20	9872	783	0.0724638	0.4936	0.35249
17	29040000	29060000	255	5	13221	434	0.0196078	0.66105	0.587558
17	29060000	29080000	14	6	10880	170	0.428571	0.544	0.0823529
17	29080000	29100000	71	11	10696	142	0.15493	0.5348	0.5
17	29100000	29120000	2948	13	10989	4413	0.00440977	0.54945	0.668026
17	29120000	29140000	6108	29	12349	6147	0.00474787	0.61745	0.993655
17	29140000	29160000	6265	34	11748	6342	0.00542698	0.5874	0.987859
17	29160000	29180000	7516	34	13148	7697	0.00452368	0.6574	0.976484
17	29180000	29200000	6087	28	14340	6180	0.00459997	0.717	0.984951
17	29200000	29220000	5546	20	13863	5692	0.0036062	0.69315	0.97435
17	29220000	29240000	8958	37	9880	9052	0.00413039	0.494	0.989616
17	29240000	29260000	7920	40	12683	8064	0.00505051	0.63415	0.982143
17	29260000	29280000	8209	39	14081	8274	0.00475088	0.70405	0.992144
17	29280000	29300000	6159	56	14205	6816	0.00909239	0.71025	0.903609
17	29300000	29320000	5227	29	16939	5295	0.00554812	0.84695	0.987158
17	29320000	29340000	4769	34	10420	5465	0.00712938	0.521	0.872644
17	29340000	29360000	0	0	8895	0		0.44475	
17	29360000	29380000	1499	15	8353	1517	0.0100067	0.41765	0.988134
17	29380000	29400000	6657	56	9928	7266	0.0084122	0.4964	0.916185
17	29400000	29420000	8682	29	13452	8779	0.00334024	0.6726	0.988951
17	29420000	29440000	8906	36	9453	9041	0.00404222	0.47265	0.985068
17	29440000	29460000	6344	24	16210	6479	0.0037831	0.8105	0.979163
17	29460000	29480000	7256	36	16000	7382	0.00496141	0.8	0.982931
17	29480000	29500000	11558	40	7830	11734	0.00346081	0.3915	0.985001
17	29500000	29520000	4348	22	15894	4407	0.0050598	0.7947	0.986612
17	29520000	29540000	7624	35	9148	7728	0.00459077	0.4574	0.986542
17	29540000	29560000	5583	26	5102	5612	0.00465699	0.2551	0.994833
17	29560000	29580000	8473	28	11062	8512	0.00330461	0.5531	0.995418
17	29580000	29600000	6746	25	6766	6793	0.0037059	0.3383	0.993081
17	29600000	29620000	9128	32	10902	9245	0.0035057	0.5451	0.987345
17	29620000	29640000	12682	64	4444	12814	0.00504652	0.2222	0.989699
17	29640000	29660000	11321	40	6480	11392	0.00353326	0.324	0.993768
17	29660000	29680000	9786	30	5132	9863	0.0030656	0.2566	0.992193
17	29680000	29700000	12009	46	4918	12088	0.00383046	0.2459	0.993465
17	29700000	29720000	11196	39	6434	11807	0.00348339	0.3217	0.948251
17	29720000	29740000	11690	63	8652	11849	0.00538922	0.4326	0.986581
17	29740000	29760000	10258	57	11959	10341	0.00555664	0.59795	0.991974
17	29760000	29780000	9976	56	12032	10570	0.00561347	0.6016	0.943803
17	29780000	29800000	9897	49	12036	10207	0.004951	0.6018	0.969629
17	29800000	29820000	10312	51	8917	10786	0.00494569	0.44585	0.956054
17	29820000	29840000	9609	34	8753	9687	0.00353835	0.43765	0.991948
17	29840000	29860000	12138	37	5262	12652	0.00304828	0.2631	0.959374
17	29860000	29880000	10883	40	9257	10989	0.00367546	0.46285	0.990354
17	29880000	29900000	11726	58	6883	12300	0.00494627	0.34415	0.953333
17	29900000	29920000	9867	57	10784	10391	0.00577683	0.5392	0.949572
17	29920000	29940000	10208	51	10186	10741	0.00499608	0.5093	0.950377
17	29940000	29960000	8422	31	17431	8486	0.00368084	0.87155	0.992458
17	29960000	29980000	5421	38	16778	5526	0.00700978	0.8389	0.980999
17	29980000	30000000	7115	36	13866	7169	0.00505973	0.6933	0.992468
17	30000000	30020000	10034	55	13724	10121	0.00548136	0.6862	0.991404
17	30020000	30040000	9701	56	15098	10022	0.0057726	0.7549	0.96797
17	30040000	30060000	7707	41	12737	9205	0.00531984	0.63685	0.837262
17	30060000	30080000	11703	60	10435	11870	0.00512689	0.52175	0.985931
17	30080000	30100000	4578	22	16471	4602	0.00480559	0.82355	0.994785
17	30100000	30120000	8159	58	13378	8592	0.00710871	0.6689	0.949604
17	30120000	30140000	7965	34	13306	8033	0.00426868	0.6653	0.991535
17	30140000	30160000	8967	43	15112	9067	0.00479536	0.7556	0.988971
17	30160000	30180000	7856	46	13594	7908	0.0058554	0.6797	0.993424
17	30180000	30200000	4575	13	13255	6078	0.00284153	0.66275	0.752715
17	30200000	30220000	6145	25	11706	6303	0.00406835	0.5853	0.974933
17	30220000	30240000	6809	40	12691	6876	0.00587458	0.63455	0.990256
17	30240000	30260000	4714	17	13959	5253	0.00360628	0.69795	0.897392
17	30260000	30280000	1203	7	9269	1324	0.00581879	0.46345	0.90861
17	30280000	30300000	194	5	12862	212	0.0257732	0.6431	0.915094
17	30300000	30320000	1649	8	12686	1886	0.00485143	0.6343	0.874337
17	30320000	30340000	0	0	9476	5207		0.4738	0
17	30340000	30360000	0	0	7871	1152		0.39355	0
17	30360000	30380000	0	0	8747	408		0.43735	0
17	30380000	30400000	0	0	13107	0		0.65535	
17	30400000	30420000	0	0	12435	1		0.62175	0
17	30420000	30440000	2779	31	8888	2819	0.0111551	0.4444	0.985811
17	30440000	30460000	4355	23	12814	4375	0.00528129	0.6407	0.995429
17	30460000	30480000	7586	31	10543	7628	0.00408648	0.52715	0.994494
17	30480000	30500000	6801	25	14706	7149	0.00367593	0.7353	0.951322
17	30500000	30520000	5985	30	12850	6551	0.00501253	0.6425	0.913601
17	30520000	30540000	9802	38	8084	9854	0.00387676	0.4042	0.994723
17	30540000	30560000	9814	26	7691	9849	0.00264928	0.38455	0.996446
17	30560000	30580000	8008	40	14652	8330	0.004995	0.7326	0.961345
17	30580000	30600000	10314	50	6471	11268	0.00484778	0.32355	0.915335
17	30600000	30620000	11123	58	8998	11216	0.00521442	0.4499	0.991708
17	30620000	30640000	8912	31	10628	9198	0.00347846	0.5314	0.968906
17	30640000	30660000	9012	48	9966	9171	0.00532623	0.4983	0.982663
17	30660000	30680000	7419	48	10138	7973	0.00646987	0.5069	0.930515
17	30680000	30700000	8481	53	8096	8577	0.00624926	0.4048	0.988807
17	30700000	30720000	10253	54	7015	10367	0.00526675	0.35075	0.989004
17	30720000	30740000	6102	38	12777	6498	0.00622747	0.63885	0.939058
17	30740000	30760000	5380	36	16367	5769	0.00669145	0.81835	0.932571
17	30760000	30780000	8717	54	11683	8768	0.00619479	0.58415	0.994183
17	30780000	30800000	8438	44	9588	8505	0.00521451	0.4794	0.992122
17	30800000	30820000	11918	53	3840	12296	0.00444705	0.192	0.969258
17	30820000	30840000	11741	54	8049	11821	0.00459927	0.40245	0.993232
17	30840000	30860000	11030	48	6835	11106	0.00435177	0.34175	0.993157
17	30860000	30880000	9226	58	10785	9356	0.00628658	0.53925	0.986105
17	30880000	30900000	11944	63	9963	12012	0.00527461	0.49815	0.994339
17	30900000	30920000	10065	43	10717	10136	0.00427223	0.53585	0.992995
17	30920000	30940000	9898	59	12116	10088	0.0059608	0.6058	0.981166
17	30940000	30960000	11179	67	12652	11254	0.00599338	0.6326	0.993336
17	30960000	30980000	9169	31	13237	9234	0.00338096	0.66185	0.992961
17	30980000	31000000	12564	49	9327	12666	0.00390003	0.46635	0.991947
17	31000000	31020000	7580	41	12353	7648	0.00540897	0.61765	0.991109
17	31020000	31040000	10918	46	13591	11039	0.00421323	0.67955	0.989039
17	31040000	31060000	10547	58	15544	10644	0.00549919	0.7772	0.990887
17	31060000	31080000	10683	62	12314	10787	0.00580361	0.6157	0.990359
17	31080000	31100000	12501	54	8042	12602	0.00431965	0.4021	0.991985
17	31100000	31120000	10964	35	9457	11049	0.00319227	0.47285	0.992307
17	31120000	31140000	11201	45	9957	11287	0.0040175	0.49785	0.992381
17	31140000	31160000	10029	41	9939	10093	0.00408814	0.49695	0.993659
17	31160000	31180000	11554	57	11240	11691	0.00493336	0.562	0.988282
17	31180000	31200000	12480	61	9308	12657	0.00488782	0.4654	0.986016
17	31200000	31220000	8181	23	11165	8241	0.00281139	0.55825	0.992719
17	31220000	31240000	7790	45	12724	8461	0.00577664	0.6362	0.920695
17	31240000	31260000	6516	33	14296	6582	0.00506446	0.7148	0.989973
17	31260000	31280000	12117	67	7068	12196	0.00552942	0.3534	0.993522
17	31280000	31300000	6693	43	15633	7031	0.00642462	0.78165	0.951927
17	31300000	31320000	6617	44	14641	6922	0.00664954	0.73205	0.955938
17	31320000	31340000	11387	84	9212	11675	0.00737683	0.4606	0.975332
17	31340000	31360000	13461	93	8322	14297	0.00690885	0.4161	0.941526
17	31360000	31380000	11956	77	9627	13481	0.00644028	0.48135	0.886878
17	31380000	31400000	9571	43	13290	9663	0.00449274	0.6645	0.990479
17	31400000	31420000	13683	84	7889	14181	0.006139	0.39445	0.964883
17	31420000	31440000	13355	96	10283	13665	0.00718832	0.51415	0.977314
17	31440000	31460000	13551	75	9534	13675	0.00553465	0.4767	0.990932
17	31460000	31480000	13471	86	8205	13577	0.00638408	0.41025	0.992193
17	31480000	31500000	13355	72	10418	13478	0.00539124	0.5209	0.990874
17	31500000	31520000	12342	79	11429	13151	0.00640091	0.57145	0.938484
17	31520000	31540000	14903	70	9097	15012	0.00469704	0.45485	0.992739
17	31540000	31560000	13926	86	7010	14099	0.0061755	0.3505	0.98773
17	31560000	31580000	13057	77	10687	13322	0.00589722	0.53435	0.980108
17	31580000	31600000	12446	92	9879	13740	0.00739193	0.49395	0.905822
17	31600000	31620000	13199	102	6567	13752	0.00772786	0.32835	0.959788
17	31620000	31640000	10853	39	8160	11774	0.00359348	0.408	0.921777
17	31640000	31660000	12943	78	9610	13094	0.00602642	0.4805	0.988468
17	31660000	31680000	13220	75	9392	13940	0.00567322	0.4696	0.94835
17	31680000	31700000	14002	61	8073	14100	0.00435652	0.40365	0.99305
17	31700000	31720000	12650	82	11842	12920	0.00648221	0.5921	0.979102
17	31720000	31740000	13616	105	7646	13738	0.00771152	0.3823	0.99112
17	31740000	31760000	13515	75	7598	13623	0.00554939	0.3799	0.992072
17	31760000	31780000	10812	76	13356	11005	0.00702923	0.6678	0.982463
17	31780000	31800000	13250	85	8237	13366	0.00641509	0.41185	0.991321
17	31800000	31820000	12883	92	9225	13536	0.00714119	0.46125	0.951758
17	31820000	31840000	9783	65	8470	13347	0.00664418	0.4235	0.732974
17	31840000	31860000	13616	70	6738	13730	0.00514101	0.3369	0.991697
17	31860000	31880000	13783	63	9928	13902	0.00457085	0.4964	0.99144
17	31880000	31900000	14517	65	7153	14623	0.00447751	0.35765	0.992751
17	31900000	31920000	13993	104	8995	14160	0.00743229	0.44975	0.988206
17	31920000	31940000	13554	68	9126	13748	0.00501697	0.4563	0.985889
17	31940000	31960000	12490	78	9328	13168	0.006245	0.4664	0.948512
17	31960000	31980000	11181	56	7708	11317	0.0050085	0.3854	0.987983
17	31980000	32000000	11748	75	7354	13434	0.00638407	0.3677	0.874498
17	32000000	32020000	11843	82	9764	11948	0.00692392	0.4882	0.991212
17	32020000	32040000	13096	71	10015	13221	0.0054215	0.50075	0.990545
17	32040000	32060000	12686	70	10159	12808	0.00551789	0.50795	0.990475
17	32060000	32080000	12592	100	9701	12776	0.00794155	0.48505	0.985598
17	32080000	32100000	9840	69	10797	12232	0.0070122	0.53985	0.804447
17	32100000	32120000	12292	87	10370	12417	0.00707777	0.5185	0.989933
17	32120000	32140000	15176	82	5595	15293	0.00540327	0.27975	0.992349
17	32140000	32160000	13359	88	6882	13456	0.00658732	0.3441	0.992791
17	32160000	32180000	14119	78	7168	14258	0.00552447	0.3584	0.990251
17	32180000	32200000	13323	87	7696	13653	0.00653006	0.3848	0.975829
17	32200000	32220000	10410	68	11432	10503	0.00653218	0.5716	0.991145
17	32220000	32240000	13387	82	6773	13515	0.00612535	0.33865	0.990529
17	32240000	32260000	12709	78	8599	12820	0.00613738	0.42995	0.991342
17	32260000	32280000	14688	94	7878	14986	0.00639978	0.3939	0.980115
17	32280000	32300000	13437	97	7866	13550	0.00721887	0.3933	0.991661
17	32300000	32320000	13494	84	6223	14759	0.00622499	0.31115	0.91429
17	32320000	32340000	12451	67	11250	12674	0.00538109	0.5625	0.982405
17	32340000	32360000	9942	74	11361	10104	0.00744317	0.56805	0.983967
17	32360000	32380000	8908	47	8970	8997	0.00527616	0.4485	0.990108
17	32380000	32400000	9725	72	11344	9818	0.0074036	0.5672	0.990528
17	32400000	32420000	10305	61	11582	10641	0.00591946	0.5791	0.968424
17	32420000	32440000	12262	61	13099	12374	0.00497472	0.65495	0.990949
17	32440000	32460000	14186	95	8911	14306	0.00669674	0.44555	0.991612
17	32460000	32480000	13216	69	9487	13399	0.00522094	0.47435	0.986342
17	32480000	32500000	14001	63	5881	14114	0.00449968	0.29405	0.991994
17	32500000	32520000	7951	37	13137	8035	0.0046535	0.65685	0.989546
17	32520000	32540000	10542	74	13053	10672	0.00701954	0.65265	0.987819
17	32540000	32560000	7948	46	13437	8712	0.00578762	0.67185	0.912305
17	32560000	32580000	13542	103	6377	13687	0.00760597	0.31885	0.989406
17	32580000	32600000	13212	55	8247	13319	0.00416288	0.41235	0.991966
17	32600000	32620000	9335	57	12632	9414	0.00610605	0.6316	0.991608
17	32620000	32640000	9751	80	10407	9864	0.00820429	0.52035	0.988544
17	32640000	32660000	12046	82	11373	12182	0.00680724	0.56865	0.988836
17	32660000	32680000	6240	54	16607	6404	0.00865385	0.83035	0.974391
17	32680000	32700000	12209	92	6012	13921	0.00753542	0.3006	0.87702
17	32700000	32720000	13325	65	8522	13431	0.00487805	0.4261	0.992108
17	32720000	32740000	13147	91	9270	13310	0.00692173	0.4635	0.987754
17	32740000	32760000	11388	88	10475	12772	0.00772743	0.52375	0.891638
17	32760000	32780000	14001	113	7272	14446	0.00807085	0.3636	0.969196
17	32780000	32800000	14318	96	6850	14692	0.00670485	0.3425	0.974544
17	32800000	32820000	14463	71	8074	14578	0.00490908	0.4037	0.992111
17	32820000	32840000	14864	92	9827	15374	0.00618945	0.49135	0.966827
17	32840000	32860000	13239	66	7098	15707	0.00498527	0.3549	0.842873
17	32860000	32880000	14041	81	9444	14243	0.00576882	0.4722	0.985818
17	32880000	32900000	10217	49	9760	13316	0.00479593	0.488	0.767272
17	32900000	32920000	13923	56	5244	14377	0.00402212	0.2622	0.968422
17	32920000	32940000	13567	77	8117	14303	0.00567554	0.40585	0.948542
17	32940000	32960000	11242	48	5239	13385	0.0042697	0.26195	0.839895
17	32960000	32980000	14487	86	4868	14674	0.00593636	0.2434	0.987256
17	32980000	33000000	13086	77	9308	13608	0.00588415	0.4654	0.96164
17	33000000	33020000	11859	65	10763	12678	0.00548107	0.53815	0.9354
17	33020000	33040000	13399	87	9386	13504	0.00649302	0.4693	0.992225
17	33040000	33060000	14132	77	7699	14255	0.00544863	0.38495	0.991371
17	33060000	33080000	11404	59	14673	11498	0.00517362	0.73365	0.991825
17	33080000	33100000	13719	68	10055	14133	0.00495663	0.50275	0.970707
17	33100000	33120000	13884	67	6753	14185	0.0048257	0.33765	0.97878
17	33120000	33140000	13380	73	10640	13517	0.0054559	0.532	0.989865
17	33140000	33160000	12976	72	9759	13530	0.00554871	0.48795	0.959054
17	33160000	33180000	13014	79	8918	14077	0.00607039	0.4459	0.924487
17	33180000	33200000	12939	59	8856	13630	0.00455986	0.4428	0.949303
17	33200000	33220000	13526	75	8311	13641	0.00554488	0.41555	0.99157
17	33220000	33240000	13122	51	8722	13225	0.0038866	0.4361	0.992212
17	33240000	33260000	9031	44	12068	9711	0.00487211	0.6034	0.929976
17	33260000	33280000	9933	27	16861	9997	0.00271821	0.84305	0.993598
17	33280000	33300000	11185	42	8759	11415	0.00375503	0.43795	0.979851
17	33300000	33320000	10688	30	9491	10764	0.00280689	0.47455	0.992939
17	33320000	33340000	12183	43	3890	12259	0.00352951	0.1945	0.9938
17	33340000	33360000	12209	45	7089	12372	0.00368581	0.35445	0.986825
17	33360000	33380000	9463	34	9881	9523	0.00359294	0.49405	0.993699
17	33380000	33400000	9573	41	9655	9624	0.00428288	0.48275	0.994701
17	33400000	33420000	9939	38	7658	10008	0.00382332	0.3829	0.993106
17	33420000	33440000	8445	31	12835	9139	0.00367081	0.64175	0.924062
17	33440000	33460000	10486	48	9836	10910	0.00457753	0.4918	0.961137
17	33460000	33480000	10673	57	9752	11052	0.00534058	0.4876	0.965708
17	33480000	33500000	10815	49	11208	10910	0.00453074	0.5604	0.991292
17	33500000	33520000	10126	54	11131	10433	0.00533281	0.55655	0.970574
17	33520000	33540000	3007	14	16710	3055	0.0046558	0.8355	0.984288
17	33540000	33560000	10349	57	12085	10430	0.00550778	0.60425	0.992234
17	33560000	33580000	11162	56	15183	11424	0.00501702	0.75915	0.977066
17	33580000	33600000	10572	64	10857	10636	0.00605373	0.54285	0.993983
17	33600000	33620000	7218	48	17068	7286	0.00665004	0.8534	0.990667
17	33620000	33640000	2895	31	18486	3198	0.0107081	0.9243	0.905253
17	33640000	33660000	3890	33	19540	3955	0.00848329	0.977	0.983565
17	33660000	33680000	7468	77	14154	7538	0.0103107	0.7077	0.990714
17	33680000	33700000	9800	42	11075	9883	0.00428571	0.55375	0.991602
17	33700000	33720000	4862	37	14142	4894	0.00761004	0.7071	0.993461
17	33720000	33740000	5295	20	14000	5822	0.00377715	0.7	0.909481
17	33740000	33760000	7958	34	13714	8004	0.00427243	0.6857	0.994253
17	33760000	33780000	9219	50	8492	9730	0.00542358	0.4246	0.947482
17	33780000	33800000	6256	37	16993	6306	0.00591432	0.84965	0.992071
17	33800000	33820000	7512	43	10752	7696	0.00572417	0.5376	0.976091
17	33820000	33840000	3958	41	12453	4043	0.0103588	0.62265	0.978976
17	33840000	33860000	5016	45	13837	5590	0.00897129	0.69185	0.897317
17	33860000	33880000	10418	41	10511	10487	0.0039355	0.52555	0.99342
17	33880000	33900000	7646	38	9725	8186	0.00496992	0.48625	0.934034
17	33900000	33920000	9678	47	7967	9735	0.00485638	0.39835	0.994145
17	33920000	33940000	10234	53	8605	10326	0.00517882	0.43025	0.99109
17	33940000	33960000	11399	63	7390	11468	0.0055268	0.3695	0.993983
17	33960000	33980000	9288	41	9705	9395	0.0044143	0.48525	0.988611
17	33980000	34000000	12437	66	5404	12507	0.00530675	0.2702	0.994403
17	34000000	34020000	9590	50	11458	9643	0.00521376	0.5729	0.994504
17	34020000	34040000	9611	45	9619	9701	0.00468214	0.48095	0.990723
17	34040000	34060000	12875	54	3371	12971	0.00419417	0.16855	0.992599
17	34060000	34080000	13328	50	6004	13417	0.0037515	0.3002	0.993367
17	34080000	34100000	9587	64	9495	10823	0.00667571	0.47475	0.885799
17	34100000	34120000	8203	29	10094	10727	0.00353529	0.5047	0.764706
17	34120000	34140000	8496	43	9464	8634	0.00506121	0.4732	0.984017
17	34140000	34160000	9100	35	8082	9202	0.00384615	0.4041	0.988915
17	34160000	34180000	8650	37	10939	9214	0.00427746	0.54695	0.938789
17	34180000	34200000	10865	46	9959	11533	0.00423378	0.49795	0.942079
17	34200000	34220000	8529	36	11348	9218	0.00422089	0.5674	0.925255
17	34220000	34240000	9253	57	9147	9521	0.00616016	0.45735	0.971852
17	34240000	34260000	5764	35	7061	5811	0.00607217	0.35305	0.991912
17	34260000	34280000	7012	44	12259	7168	0.00627496	0.61295	0.978237
17	34280000	34300000	5640	46	12859	5702	0.00815603	0.64295	0.989127
17	34300000	34320000	11562	58	8018	11823	0.00501643	0.4009	0.977924
17	34320000	34340000	7290	44	14803	7351	0.00603567	0.74015	0.991702
17	34340000	34360000	8825	52	13051	8898	0.00589235	0.65255	0.991796
17	34360000	34380000	8154	56	15149	8227	0.00686779	0.75745	0.991127
17	34380000	34400000	11563	48	9587	11621	0.00415117	0.47935	0.995009
17	34400000	34420000	5435	36	7142	5486	0.00662374	0.3571	0.990704
17	34420000	34440000	1966	24	9453	2076	0.0122075	0.47265	0.947013
17	34440000	34460000	24	0	12526	113	0	0.6263	0.212389
17	34460000	34480000	0	0	11737	173		0.58685	0
17	34480000	34500000	0	0	6050	4		0.3025	0
17	34500000	34520000	0	0	5561	0		0.27805	
17	34520000	34540000	0	0	7598	0		0.3799	
17	34540000	34560000	0	0	14359	0		0.71795	
17	34560000	34580000	0	0	10126	0		0.5063	
17	34580000	34600000	0	0	3780	0		0.189	
17	34600000	34620000	0	0	6296	0		0.3148	
17	34620000	34640000	0	0	8206	0		0.4103	
17	34640000	34660000	0	0	14035	0		0.70175	
17	34660000	34680000	0	0	8628	0		0.4314	
17	34680000	34700000	0	0	0	0		0	
17	34700000	34720000	0	0	0	0		0	
17	34720000	34740000	0	0	8741	0		0.43705	
17	34740000	34760000	0	0	3521	0		0.17605	
17	34760000	34780000	0	0	15068	2		0.7534	0
17	34780000	34800000	0	0	12474	0		0.6237	
17	34800000	34820000	0	0	5342	3240		0.2671	0
17	34820000	34840000	6292	44	13693	7884	0.00699301	0.68465	0.798072
17	34840000	34860000	10420	65	8173	10493	0.006238	0.40865	0.993043
17	34860000	34880000	10855	48	10143	10928	0.00442193	0.50715	0.99332
17	34880000	34900000	10370	45	6949	10428	0.00433944	0.34745	0.994438
17	34900000	34920000	3252	13	9475	8209	0.00399754	0.47375	0.396151
17	34920000	34940000	6856	42	11131	7016	0.00612602	0.55655	0.977195
17	34940000	34960000	12261	59	5108	12343	0.00481201	0.2554	0.993357
17	34960000	34980000	10454	54	10950	10533	0.00516549	0.5475	0.9925
17	34980000	35000000	12050	36	6418	12116	0.00298755	0.3209	0.994553
17	35000000	35020000	12467	56	6977	12541	0.00449186	0.34885	0.994099
17	35020000	35040000	12160	60	8998	12262	0.00493421	0.4499	0.991682
17	35040000	35060000	13686	64	7092	13783	0.00467631	0.3546	0.992962
17	35060000	35080000	11217	69	10585	11286	0.00615138	0.52925	0.993886
17	35080000	35100000	8175	46	8541	11917	0.00562691	0.42705	0.685995
17	35100000	35120000	10675	81	8213	12600	0.00758782	0.41065	0.847222
17	35120000	35140000	11467	79	10464	11570	0.00688933	0.5232	0.991098
17	35140000	35160000	10834	50	12891	10912	0.0046151	0.64455	0.992852
17	35160000	35180000	10329	52	6400	12702	0.00503437	0.32	0.813179
17	35180000	35200000	11426	63	11183	11520	0.00551374	0.55915	0.99184
17	35200000	35220000	11338	71	9196	11558	0.00626213	0.4598	0.980966
17	35220000	35240000	12573	94	9874	13078	0.00747634	0.4937	0.961386
17	35240000	35260000	11604	63	7585	12146	0.00542916	0.37925	0.955376
17	35260000	35280000	11079	54	8635	11577	0.00487409	0.43175	0.956984
17	35280000	35300000	13460	58	1499	13601	0.00430906	0.07495	0.989633
17	35300000	35320000	11980	43	6321	12283	0.00358932	0.31605	0.975332
17	35320000	35340000	10791	51	11772	10857	0.00472616	0.5886	0.993921
17	35340000	35360000	9665	36	9220	9708	0.00372478	0.461	0.995571
17	35360000	35380000	7683	33	11305	10530	0.0042952	0.56525	0.72963
17	35380000	35400000	10708	65	8849	10786	0.00607023	0.44245	0.992768
17	35400000	35420000	11714	76	6328	11805	0.00648796	0.3164	0.992291
17	35420000	35440000	8390	48	12716	8876	0.0057211	0.6358	0.945246
17	35440000	35460000	13735	75	5235	13857	0.0054605	0.26175	0.991196
17	35460000	35480000	11205	46	4635	11720	0.00410531	0.23175	0.956058
17	35480000	35500000	13177	53	3137	13252	0.00402216	0.15685	0.99434
17	35500000	35520000	10317	54	9275	10744	0.00523408	0.46375	0.960257
17	35520000	35540000	11978	59	4216	12053	0.0049257	0.2108	0.993777
17	35540000	35560000	11704	59	4161	11820	0.00504101	0.20805	0.990186
17	35560000	35580000	13128	63	3915	13213	0.0047989	0.19575	0.993567
17	35580000	35600000	11186	46	7184	11274	0.00411228	0.3592	0.992194
17	35600000	35620000	11972	47	9024	12061	0.00392583	0.4512	0.992621
17	35620000	35640000	11570	66	9573	11655	0.00570441	0.47865	0.992707
17	35640000	35660000	7973	40	12056	8148	0.00501693	0.6028	0.978522
17	35660000	35680000	7883	37	14930	8104	0.00469364	0.7465	0.97273
17	35680000	35700000	5817	23	13240	5893	0.00395393	0.662	0.987103
17	35700000	35720000	5892	31	12275	6280	0.00526137	0.61375	0.938217
17	35720000	35740000	6449	35	12827	6547	0.0054272	0.64135	0.985031
17	35740000	35760000	8627	39	10424	8894	0.00452069	0.5212	0.96998
17	35760000	35780000	4159	28	14616	6045	0.00673239	0.7308	0.688007
17	35780000	35800000	7682	24	13432	7741	0.00312419	0.6716	0.992378
17	35800000	35820000	8164	33	9297	8504	0.00404214	0.46485	0.960019
17	35820000	35840000	6642	30	8358	9358	0.00451671	0.4179	0.709767
17	35840000	35860000	8652	39	8246	8718	0.00450763	0.4123	0.992429
17	35860000	35880000	10203	46	6897	11071	0.00450848	0.34485	0.921597
17	35880000	35900000	11225	62	9894	11333	0.00552339	0.4947	0.99047
17	35900000	35920000	11588	56	4669	11647	0.00483259	0.23345	0.994934
17	35920000	35940000	8841	46	9673	8943	0.00520303	0.48365	0.988594
17	35940000	35960000	9883	41	11805	9964	0.00414854	0.59025	0.991871
17	35960000	35980000	9285	61	9559	9376	0.00656974	0.47795	0.990294
17	35980000	36000000	9685	44	9809	9760	0.00454311	0.49045	0.992316
17	36000000	36020000	10462	51	13010	10619	0.00487478	0.6505	0.985215
17	36020000	36040000	10693	59	9893	11752	0.00551763	0.49465	0.909888
17	36040000	36060000	10962	89	9922	11056	0.00811896	0.4961	0.991498
17	36060000	36080000	13997	97	6172	14123	0.00693006	0.3086	0.991078
17	36080000	36100000	13029	69	5806	13111	0.00529588	0.2903	0.993746
17	36100000	36120000	12108	49	6761	12177	0.00404691	0.33805	0.994334
17	36120000	36140000	10494	55	10129	11357	0.00524109	0.50645	0.924012
17	36140000	36160000	8957	51	11771	9062	0.00569387	0.58855	0.988413
17	36160000	36180000	10028	61	13207	10104	0.00608297	0.66035	0.992478
17	36180000	36200000	10223	52	9219	10296	0.00508657	0.46095	0.99291
17	36200000	36220000	3012	21	13448	7051	0.00697211	0.6724	0.427173
17	36220000	36240000	0	0	13021	311		0.65105	0
17	36240000	36260000	0	0	16765	1490		0.83825	0
17	36260000	36280000	0	0	15734	0		0.7867	
17	36280000	36300000	0	0	3985	0		0.19925	
17	36300000	36320000	0	0	11969	0		0.59845	
17	36320000	36340000	0	0	9500	0		0.475	
17	36340000	36360000	0	0	4541	0		0.22705	
17	36360000	36380000	0	0	11899	0		0.59495	
17	36380000	36400000	0	0	13230	0		0.6615	
17	36400000	36420000	2	1	11954	3	0.5	0.5977	0.666667
17	36420000	36440000	32	1	12965	36	0.03125	0.64825	0.888889
17	36440000	36460000	34	2	11836	34	0.0588235	0.5918	1
17	36460000	36480000	2995	10	14542	3070	0.0033389	0.7271	0.97557
17	36480000	36500000	13206	55	3123	13785	0.00416477	0.15615	0.957998
17	36500000	36520000	9185	40	8502	9538	0.00435493	0.4251	0.96299
17	36520000	36540000	7674	25	11658	7702	0.00325775	0.5829	0.996365
17	36540000	36560000	9239	26	10410	9657	0.00281416	0.5205	0.956715
17	36560000	36580000	8890	34	8740	9615	0.00382452	0.437	0.924597
17	36580000	36600000	10064	39	7842	11266	0.0038752	0.3921	0.893307
17	36600000	36620000	10735	55	6787	11533	0.00512343	0.33935	0.930807
17	36620000	36640000	3129	23	7913	3434	0.00735059	0.39565	0.911182
17	36640000	36660000	53	3	9432	247	0.0566038	0.4716	0.214575
17	36660000	36680000	4685	23	13351	5188	0.00490928	0.66755	0.903045
17	36680000	36700000	5508	35	10174	5555	0.00635439	0.5087	0.991539
17	36700000	36720000	13249	51	4625	13399	0.00384935	0.23125	0.988805
17	36720000	36740000	11913	42	3843	13122	0.00352556	0.19215	0.907865
17	36740000	36760000	13667	70	3654	14020	0.00512183	0.1827	0.974822
17	36760000	36780000	9624	43	9016	10020	0.004468	0.4508	0.960479
17	36780000	36800000	4863	22	18886	5360	0.00452396	0.9443	0.907276
17	36800000	36820000	7078	31	13587	7821	0.00437977	0.67935	0.904999
17	36820000	36840000	8287	44	10591	8595	0.00530952	0.52955	0.964165
17	36840000	36860000	6492	27	12686	8968	0.00415896	0.6343	0.723907
17	36860000	36880000	10326	40	5789	12324	0.00387372	0.28945	0.837877
17	36880000	36900000	9278	44	3989	9980	0.0047424	0.19945	0.929659
17	36900000	36920000	5992	30	6936	8366	0.00500668	0.3468	0.716232
17	36920000	36940000	10469	40	7257	11602	0.0038208	0.36285	0.902344
17	36940000	36960000	9099	29	8555	9186	0.00318716	0.42775	0.990529
17	36960000	36980000	5502	30	13185	5577	0.00545256	0.65925	0.986552
17	36980000	37000000	4199	16	13794	4291	0.00381043	0.6897	0.97856
17	37000000	37020000	5372	28	12497	5424	0.00521221	0.62485	0.990413
17	37020000	37040000	9860	59	6808	9929	0.00598377	0.3404	0.993051
17	37040000	37060000	11527	71	7905	11609	0.00615945	0.39525	0.992937
17	37060000	37080000	10390	43	7887	10539	0.00413859	0.39435	0.985862
17	37080000	37100000	8355	41	9356	8457	0.00490724	0.4678	0.987939
17	37100000	37120000	5799	32	12345	5956	0.00551819	0.61725	0.97364
17	37120000	37140000	5482	23	13382	6677	0.00419555	0.6691	0.821027
17	37140000	37160000	6239	20	17051	6737	0.00320564	0.85255	0.92608
17	37160000	37180000	5898	35	13746	6486	0.00593421	0.6873	0.909343
17	37180000	37200000	1272	13	7675	4454	0.0102201	0.38375	0.285586
17	37200000	37220000	0	0	10647	7082		0.53235	0
17	37220000	37240000	6138	23	6949	11676	0.00374715	0.34745	0.525694
17	37240000	37260000	11139	46	8851	11364	0.00412963	0.44255	0.980201
17	37260000	37280000	10528	44	9766	11545	0.00417933	0.4883	0.91191
17	37280000	37300000	7594	40	13618	7896	0.00526732	0.6809	0.961753
17	37300000	37320000	9291	51	9885	9444	0.00548918	0.49425	0.983799
17	37320000	37340000	9450	41	10160	9645	0.00433862	0.508	0.979782
17	37340000	37360000	9461	32	6245	9953	0.00338231	0.31225	0.950568
17	37360000	37380000	9527	41	7010	10334	0.00430356	0.3505	0.921908
17	37380000	37400000	9194	45	8548	9361	0.0048945	0.4274	0.98216
17	37400000	37420000	7120	31	7023	7247	0.00435393	0.35115	0.982476
17	37420000	37440000	7328	31	9687	7386	0.00423035	0.48435	0.992147
17	37440000	37460000	7195	27	13883	7267	0.00375261	0.69415	0.990092
17	37460000	37480000	2097	10	13659	6427	0.00476872	0.68295	0.32628
17	37480000	37500000	5600	40	15522	6006	0.00714286	0.7761	0.932401
17	37500000	37520000	5128	26	15939	5839	0.0050702	0.79695	0.878233
17	37520000	37540000	5874	26	15737	5956	0.00442629	0.78685	0.986232
17	37540000	37560000	7087	40	9860	7218	0.00564414	0.493	0.981851
17	37560000	37580000	7688	9	9139	7845	0.00117066	0.45695	0.979987
17	37580000	37600000	5338	23	13055	5506	0.00430873	0.65275	0.969488
17	37600000	37620000	5461	27	12517	5481	0.00494415	0.62585	0.996351
17	37620000	37640000	4738	15	13450	4758	0.00316589	0.6725	0.995797
17	37640000	37660000	4205	16	14406	4847	0.00380499	0.7203	0.867547
17	37660000	37680000	7129	32	12729	7164	0.00448871	0.63645	0.995114
17	37680000	37700000	12686	31	3551	13038	0.00244364	0.17755	0.973002
17	37700000	37720000	10853	38	6749	10940	0.00350134	0.33745	0.992048
17	37720000	37740000	11933	38	7777	11990	0.00318445	0.38885	0.995246
17	37740000	37760000	9564	49	7460	10842	0.00512338	0.373	0.882125
17	37760000	37780000	10753	39	5501	10811	0.00362689	0.27505	0.994635
17	37780000	37800000	13022	52	4948	13493	0.00399324	0.2474	0.965093
17	37800000	37820000	10240	55	7711	11569	0.00537109	0.38555	0.885124
17	37820000	37840000	12535	54	4992	12820	0.00430794	0.2496	0.977769
17	37840000	37860000	9770	39	9042	9846	0.00399181	0.4521	0.992281
17	37860000	37880000	11078	23	8766	11214	0.00207619	0.4383	0.987872
17	37880000	37900000	10342	31	7050	10823	0.00299749	0.3525	0.955558
17	37900000	37920000	10691	34	5934	10763	0.00318025	0.2967	0.99331
17	37920000	37940000	11199	36	6235	11281	0.00321457	0.31175	0.992731
17	37940000	37960000	11231	43	7527	11295	0.00382869	0.37635	0.994334
17	37960000	37980000	10921	40	11339	11002	0.00366267	0.56695	0.992638
17	37980000	38000000	7292	25	14082	8419	0.00342841	0.7041	0.866136
17	38000000	38020000	9469	41	10895	9524	0.00432992	0.54475	0.994225
17	38020000	38040000	10084	24	10023	10146	0.00238001	0.50115	0.993889
17	38040000	38060000	7740	30	15531	7777	0.00387597	0.77655	0.995242
17	38060000	38080000	11256	60	6983	11334	0.00533049	0.34915	0.993118
17	38080000	38100000	9632	44	9714	9847	0.00456811	0.4857	0.978166
17	38100000	38120000	8545	50	8082	8646	0.00585138	0.4041	0.988318
17	38120000	38140000	10316	32	7730	10585	0.00310198	0.3865	0.974587
17	38140000	38160000	8814	43	11006	8887	0.0048786	0.5503	0.991786
17	38160000	38180000	8210	48	9626	8522	0.00584653	0.4813	0.963389
17	38180000	38200000	9950	45	8706	10014	0.00452261	0.4353	0.993609
17	38200000	38220000	7064	30	11558	7226	0.00424689	0.5779	0.977581
17	38220000	38240000	8949	43	6729	9539	0.00480501	0.33645	0.938149
17	38240000	38260000	9127	33	4783	10925	0.00361565	0.23915	0.835423
17	38260000	38280000	8368	25	7598	8420	0.00298757	0.3799	0.993824
17	38280000	38300000	9453	27	6974	9990	0.00285624	0.3487	0.946246
17	38300000	38320000	6212	16	14582	6290	0.00257566	0.7291	0.987599
17	38320000	38340000	9034	33	6671	9532	0.00365287	0.33355	0.947755
17	38340000	38360000	7639	26	12102	7678	0.00340359	0.6051	0.994921
17	38360000	38380000	4047	15	15910	4502	0.00370645	0.7955	0.898934
17	38380000	38400000	5674	19	13895	5723	0.00334861	0.69475	0.991438
17	38400000	38420000	5759	20	12132	6821	0.00347283	0.6066	0.844304
17	38420000	38440000	8906	35	10270	9552	0.00392993	0.5135	0.93237
17	38440000	38460000	9756	26	7716	9819	0.00266503	0.3858	0.993584
17	38460000	38480000	11676	43	2485	11878	0.00368277	0.12425	0.982994
17	38480000	38500000	9634	42	5916	10472	0.00435956	0.2958	0.919977
17	38500000	38520000	11836	59	3973	11910	0.00498479	0.19865	0.993787
17	38520000	38540000	6631	33	12323	6818	0.00497662	0.61615	0.972573
17	38540000	38560000	7438	24	10421	8332	0.00322667	0.52105	0.892703
17	38560000	38580000	8635	35	8626	9142	0.00405327	0.4313	0.944542
17	38580000	38600000	10235	48	9441	10332	0.00468979	0.47205	0.990612
17	38600000	38620000	11753	55	4239	12760	0.00467966	0.21195	0.921082
17	38620000	38640000	9065	54	9583	10196	0.00595698	0.47915	0.889074
17	38640000	38660000	13077	78	7876	13174	0.00596467	0.3938	0.992637
17	38660000	38680000	11277	55	10728	11669	0.00487718	0.5364	0.966407
17	38680000	38700000	12481	62	9986	12619	0.00496755	0.4993	0.989064
17	38700000	38720000	13530	62	5562	13625	0.00458241	0.2781	0.993028
17	38720000	38740000	6964	40	13952	7802	0.00574383	0.6976	0.892592
17	38740000	38760000	7773	43	15605	7904	0.00553197	0.78025	0.983426
17	38760000	38780000	11548	69	6552	11664	0.00597506	0.3276	0.990055
17	38780000	38800000	12159	63	3565	12230	0.00518135	0.17825	0.994195
17	38800000	38820000	11045	53	6630	11123	0.00479855	0.3315	0.992988
17	38820000	38840000	11089	70	8991	11239	0.00631256	0.44955	0.986654
17	38840000	38860000	10306	74	6228	10382	0.00718028	0.3114	0.99268
17	38860000	38880000	10109	88	9285	10195	0.00870511	0.46425	0.991564
17	38880000	38900000	11520	69	12080	11615	0.00598958	0.604	0.991821
17	38900000	38920000	10108	56	11823	10335	0.00554017	0.59115	0.978036
17	38920000	38940000	12046	57	4860	12140	0.00473186	0.243	0.992257
17	38940000	38960000	11871	53	7786	11957	0.00446466	0.3893	0.992808
17	38960000	38980000	11510	41	9416	11569	0.00356212	0.4708	0.9949
17	38980000	39000000	10836	68	7015	11503	0.00627538	0.35075	0.942015
17	39000000	39020000	11890	57	9063	11971	0.00479394	0.45315	0.993234
17	39020000	39040000	12723	61	5432	12798	0.00479447	0.2716	0.99414
17	39040000	39060000	10689	58	7856	11949	0.00542614	0.3928	0.894552
17	39060000	39080000	11616	64	6118	11709	0.00550964	0.3059	0.992057
17	39080000	39100000	11647	60	6889	12357	0.00515154	0.34445	0.942543
17	39100000	39120000	13018	66	6498	13101	0.0050699	0.3249	0.993665
17	39120000	39140000	10173	71	10885	10268	0.00697926	0.54425	0.990748
17	39140000	39160000	9791	38	9921	12171	0.00388112	0.49605	0.804453
17	39160000	39180000	0	0	9885	12492		0.49425	0
17	39180000	39200000	0	0	7456	11141		0.3728	0
17	39200000	39220000	0	0	8773	8928		0.43865	0
17	39220000	39240000	8850	55	10348	10118	0.00621469	0.5174	0.874679
17	39240000	39260000	303	10	13056	1731	0.0330033	0.6528	0.175043
17	39260000	39280000	2213	32	11672	2411	0.01446	0.5836	0.917876
17	39280000	39300000	9545	39	12311	9636	0.00408591	0.61555	0.990556
17	39300000	39320000	9437	38	11299	9518	0.0040267	0.56495	0.99149
17	39320000	39340000	11766	63	9064	11850	0.00535441	0.4532	0.992911
17	39340000	39360000	585	3	11466	8051	0.00512821	0.5733	0.0726618
17	39360000	39380000	0	0	17023	4737		0.85115	0
17	39380000	39400000	0	0	9330	3822		0.4665	0
17	39400000	39420000	0	0	11767	3775		0.58835	0
17	39420000	39440000	3639	24	7185	8646	0.00659522	0.35925	0.420888
17	39440000	39460000	6141	27	10141	12041	0.00439668	0.50705	0.510007
17	39460000	39480000	11802	73	9422	11890	0.00618539	0.4711	0.992599
17	39480000	39500000	9584	72	5690	9861	0.00751252	0.2845	0.97191
17	39500000	39520000	11733	80	6458	11844	0.00681838	0.3229	0.990628
17	39520000	39540000	9030	44	4903	11506	0.00487265	0.24515	0.784808
17	39540000	39560000	11980	89	8220	12090	0.00742905	0.411	0.990902
17	39560000	39580000	13534	69	5125	13656	0.00509827	0.25625	0.991066
17	39580000	39600000	10073	67	6028	10134	0.00665144	0.3014	0.993981
17	39600000	39620000	12750	75	8868	12837	0.00588235	0.4434	0.993223
17	39620000	39640000	11066	73	8053	11152	0.00659678	0.40265	0.992288
17	39640000	39660000	14392	120	3439	14478	0.00833797	0.17195	0.99406
17	39660000	39680000	14401	83	5214	14509	0.00576349	0.2607	0.992556
17	39680000	39700000	10522	77	7592	11923	0.007318	0.3796	0.882496
17	39700000	39720000	11848	88	11325	11994	0.00742741	0.56625	0.987827
17	39720000	39740000	10155	48	7603	10389	0.00472674	0.38015	0.977476
17	39740000	39760000	7432	57	8419	8148	0.00766954	0.42095	0.912126
17	39760000	39780000	874	10	5921	1873	0.0114416	0.29605	0.466631
17	39780000	39800000	0	0	6561	6970		0.32805	0
17	39800000	39820000	6007	36	7868	11287	0.00599301	0.3934	0.532205
17	39820000	39840000	8384	54	13657	8516	0.00644084	0.68285	0.9845
17	39840000	39860000	3987	29	12500	6247	0.00727364	0.625	0.638226
17	39860000	39880000	8351	35	11670	8582	0.00419111	0.5835	0.973083
17	39880000	39900000	9359	68	9279	9440	0.00726573	0.46395	0.991419
17	39900000	39920000	7306	28	11677	7599	0.00383247	0.58385	0.961442
17	39920000	39940000	9063	40	8953	9175	0.00441355	0.44765	0.987793
17	39940000	39960000	8971	43	8951	9188	0.00479322	0.44755	0.976382
17	39960000	39980000	9253	49	8401	9377	0.00529558	0.42005	0.986776
17	39980000	40000000	7734	20	10276	7808	0.00258598	0.5138	0.990523
17	40000000	40020000	7409	25	10601	8129	0.00337427	0.53005	0.911428
17	40020000	40040000	5153	26	10287	8242	0.0050456	0.51435	0.625212
17	40040000	40060000	9096	41	9724	9167	0.00450748	0.4862	0.992255
17	40060000	40080000	11281	45	5996	11376	0.00398901	0.2998	0.991649
17	40080000	40100000	7829	31	10062	9092	0.00395964	0.5031	0.861087
17	40100000	40120000	7299	31	11962	7423	0.00424716	0.5981	0.983295
17	40120000	40140000	9730	38	6775	9796	0.00390545	0.33875	0.993263
17	40140000	40160000	8573	38	9035	9160	0.00443252	0.45175	0.935917
17	40160000	40180000	9984	31	6647	10297	0.00310497	0.33235	0.969603
17	40180000	40200000	9275	38	10329	9874	0.00409704	0.51645	0.939336
17	40200000	40220000	10840	48	8253	11058	0.00442804	0.41265	0.980286
17	40220000	40240000	9347	42	11107	9445	0.00449342	0.55535	0.989624
17	40240000	40260000	9652	43	7919	10045	0.00445504	0.39595	0.960876
17	40260000	40280000	10792	50	5131	10886	0.00463306	0.25655	0.991365
17	40280000	40300000	10402	46	8016	10531	0.00442223	0.4008	0.98775
17	40300000	40320000	9717	25	8590	9800	0.00257281	0.4295	0.991531
17	40320000	40340000	10448	40	8526	10500	0.00382848	0.4263	0.995048
17	40340000	40360000	8776	34	9156	8903	0.0038742	0.4578	0.985735
17	40360000	40380000	6549	33	8600	6603	0.00503894	0.43	0.991822
17	40380000	40400000	8308	28	10372	8373	0.00337025	0.5186	0.992237
17	40400000	40420000	8041	34	10844	8088	0.00422833	0.5422	0.994189
17	40420000	40440000	11247	51	6146	11373	0.00453454	0.3073	0.988921
17	40440000	40460000	7399	38	7895	7469	0.00513583	0.39475	0.990628
17	40460000	40480000	10938	36	5607	11008	0.00329128	0.28035	0.993641
17	40480000	40500000	7958	24	10036	8047	0.00301583	0.5018	0.98894
17	40500000	40520000	8734	50	12083	9325	0.00572475	0.60415	0.936622
17	40520000	40540000	6951	30	12017	7020	0.00431593	0.60085	0.990171
17	40540000	40560000	8468	29	10929	8856	0.00342466	0.54645	0.956188
17	40560000	40580000	0	0	9746	7626		0.4873	0
17	40580000	40600000	0	0	16422	5559		0.8211	0
17	40600000	40620000	5773	34	12657	6717	0.00588949	0.63285	0.859461
17	40620000	40640000	8421	40	8261	8471	0.00475003	0.41305	0.994098
17	40640000	40660000	8121	37	9944	8235	0.00455609	0.4972	0.986157
17	40660000	40680000	11771	50	6007	11861	0.00424773	0.30035	0.992412
17	40680000	40700000	5532	34	11177	5575	0.00614606	0.55885	0.992287
17	40700000	40720000	6624	40	8449	6699	0.00603865	0.42245	0.988804
17	40720000	40740000	11428	37	4891	11514	0.00323766	0.24455	0.992531
17	40740000	40760000	5496	20	12791	5587	0.00363901	0.63955	0.983712
17	40760000	40780000	7282	31	8648	7380	0.00425707	0.4324	0.986721
17	40780000	40800000	4702	20	15248	6287	0.00425351	0.7624	0.747892
17	40800000	40820000	6317	29	11647	6583	0.00459079	0.58235	0.959593
17	40820000	40840000	11009	26	5094	11278	0.0023617	0.2547	0.976148
17	40840000	40860000	10975	38	4853	11620	0.00346241	0.24265	0.944492
17	40860000	40880000	8842	21	9459	8897	0.00237503	0.47295	0.993818
17	40880000	40900000	4299	13	13685	4846	0.00302396	0.68425	0.887123
17	40900000	40920000	9032	29	8535	9113	0.00321081	0.42675	0.991112
17	40920000	40940000	9562	43	8013	9671	0.00449697	0.40065	0.988729
17	40940000	40960000	9516	24	7556	11317	0.00252207	0.3778	0.840859
17	40960000	40980000	9682	32	10071	9861	0.0033051	0.50355	0.981848
17	40980000	41000000	10698	45	8776	10969	0.00420639	0.4388	0.975294
17	41000000	41020000	8235	40	6943	9178	0.00485732	0.34715	0.897254
17	41020000	41040000	6860	54	10090	8293	0.00787172	0.5045	0.827204
17	41040000	41060000	8499	58	11152	8633	0.00682433	0.5576	0.984478
17	41060000	41080000	7771	27	11263	8085	0.00347446	0.56315	0.961163
17	41080000	41100000	5460	28	13448	6817	0.00512821	0.6724	0.800939
17	41100000	41120000	5358	25	13513	6618	0.00466592	0.67565	0.80961
17	41120000	41140000	5324	24	11765	6111	0.00450789	0.58825	0.871216
17	41140000	41160000	7020	28	9777	7056	0.0039886	0.48885	0.994898
17	41160000	41180000	9311	52	7210	9659	0.00558479	0.3605	0.963971
17	41180000	41200000	9474	32	8761	9573	0.00337767	0.43805	0.989658
17	41200000	41220000	7481	30	11938	7530	0.00401016	0.5969	0.993493
17	41220000	41240000	8989	38	7691	9044	0.00422739	0.38455	0.993919
17	41240000	41260000	8414	32	9581	8681	0.00380319	0.47905	0.969243
17	41260000	41280000	3870	28	12303	3988	0.00723514	0.61515	0.970411
17	41280000	41300000	1396	21	11127	2827	0.015043	0.55635	0.49381
17	41300000	41320000	1607	14	16122	1615	0.00871189	0.8061	0.995046
17	41320000	41340000	5104	26	10891	5163	0.00509404	0.54455	0.988573
17	41340000	41360000	7685	19	10427	7718	0.00247235	0.52135	0.995724
17	41360000	41380000	10330	42	7575	10471	0.00406583	0.37875	0.986534
17	41380000	41400000	1207	7	15321	3453	0.0057995	0.76605	0.349551
17	41400000	41420000	1361	24	19565	5558	0.0176341	0.97825	0.244872
17	41420000	41440000	3246	42	16667	3774	0.012939	0.83335	0.860095
17	41440000	41460000	5405	43	13872	5597	0.0079556	0.6936	0.965696
17	41460000	41480000	9313	48	9413	9378	0.00515409	0.47065	0.993069
17	41480000	41500000	9490	40	11048	9525	0.00421496	0.5524	0.996325
17	41500000	41520000	7435	35	13800	8307	0.00470746	0.69	0.895028
17	41520000	41540000	7280	23	13536	7334	0.00315934	0.6768	0.992637
17	41540000	41560000	8846	51	8806	8891	0.00576532	0.4403	0.994939
17	41560000	41580000	8655	42	11260	8694	0.00485269	0.563	0.995514
17	41580000	41600000	8505	32	10847	8586	0.00376249	0.54235	0.990566
17	41600000	41620000	10330	55	6314	11284	0.0053243	0.3157	0.915456
17	41620000	41640000	10658	35	6985	10714	0.00328392	0.34925	0.994773
17	41640000	41660000	9472	48	10514	10271	0.00506757	0.5257	0.922208
17	41660000	41680000	8725	46	13475	8805	0.00527221	0.67375	0.990914
17	41680000	41700000	9330	58	12623	9450	0.00621651	0.63115	0.987302
17	41700000	41720000	9492	37	10495	10486	0.00389802	0.52475	0.905207
17	41720000	41740000	10269	53	8943	10446	0.00516116	0.44715	0.983056
17	41740000	41760000	11088	46	8285	11211	0.00414863	0.41425	0.989029
17	41760000	41780000	10509	59	10063	10555	0.00561424	0.50315	0.995642
17	41780000	41800000	10484	65	8610	10912	0.00619992	0.4305	0.960777
17	41800000	41820000	10772	51	10781	11148	0.0047345	0.53905	0.966272
17	41820000	41840000	11054	54	6689	11244	0.00488511	0.33445	0.983102
17	41840000	41860000	11048	50	8612	11190	0.00452571	0.4306	0.98731
17	41860000	41880000	7070	26	14458	7135	0.00367751	0.7229	0.99089
17	41880000	41900000	11232	43	8914	11471	0.00382835	0.4457	0.979165
17	41900000	41920000	10543	38	10082	10610	0.00360429	0.5041	0.993685
17	41920000	41940000	12675	77	8882	12864	0.00607495	0.4441	0.985308
17	41940000	41960000	7531	31	10441	10575	0.00411632	0.52205	0.712151
17	41960000	41980000	5436	14	10756	10314	0.00257542	0.5378	0.527051
17	41980000	42000000	8791	29	9164	8864	0.00329883	0.4582	0.991764
17	42000000	42020000	4973	36	5742	5035	0.00723909	0.2871	0.987686
17	42020000	42040000	6448	42	10269	6520	0.00651365	0.51345	0.988957
17	42040000	42060000	5545	37	15606	6033	0.00667268	0.7803	0.919112
17	42060000	42080000	8203	32	12864	8357	0.00390101	0.6432	0.981572
17	42080000	42100000	8501	33	9403	8775	0.0038819	0.47015	0.968775
17	42100000	42120000	8783	50	8895	9622	0.00569282	0.44475	0.912804
17	42120000	42140000	6010	23	13103	6326	0.00382696	0.65515	0.950047
17	42140000	42160000	9871	37	6959	10026	0.00374835	0.34795	0.98454
17	42160000	42180000	8522	34	8425	8580	0.00398967	0.42125	0.99324
17	42180000	42200000	11226	47	3786	11424	0.00418671	0.1893	0.982668
17	42200000	42220000	5333	16	13376	5405	0.00300019	0.6688	0.986679
17	42220000	42240000	8281	35	9531	8328	0.00422654	0.47655	0.994356
17	42240000	42260000	7129	37	11759	7199	0.00519007	0.58795	0.990276
17	42260000	42280000	8271	38	5609	9221	0.00459437	0.28045	0.896974
17	42280000	42300000	11175	38	3827	11258	0.00340045	0.19135	0.992627
17	42300000	42320000	4051	35	13619	5549	0.00863984	0.68095	0.730041
17	42320000	42340000	10135	49	7169	11123	0.00483473	0.35845	0.911175
17	42340000	42360000	10525	52	9383	10639	0.00494062	0.46915	0.989285
17	42360000	42380000	7333	48	17025	7432	0.00654575	0.85125	0.986679
17	42380000	42400000	9753	51	6973	10299	0.00522916	0.34865	0.946985
17	42400000	42420000	6248	26	12793	6289	0.00416133	0.63965	0.993481
17	42420000	42440000	11102	45	5569	12344	0.00405332	0.27845	0.899384
17	42440000	42460000	7534	26	9345	8013	0.00345102	0.46725	0.940222
17	42460000	42480000	10743	32	6379	10798	0.00297868	0.31895	0.994906
17	42480000	42500000	8335	34	9926	8402	0.00407918	0.4963	0.992026
17	42500000	42520000	8458	29	9417	8516	0.00342871	0.47085	0.993189
17	42520000	42540000	5063	20	10670	5758	0.00395023	0.5335	0.879298
17	42540000	42560000	5172	24	8374	5334	0.00464037	0.4187	0.969629
17	42560000	42580000	7973	27	11102	8240	0.00338643	0.5551	0.967597
17	42580000	42600000	5782	26	16324	5866	0.00449671	0.8162	0.98568
17	42600000	42620000	6600	41	12463	7697	0.00621212	0.62315	0.857477
17	42620000	42640000	10515	48	7192	10678	0.00456491	0.3596	0.984735
17	42640000	42660000	5430	30	14538	6648	0.00552486	0.7269	0.816787
17	42660000	42680000	9736	42	8767	10299	0.00431389	0.43835	0.945334
17	42680000	42700000	6380	36	12316	8704	0.00564263	0.6158	0.732996
17	42700000	42720000	8218	40	11962	8441	0.00486736	0.5981	0.973581
17	42720000	42740000	6454	32	12030	6517	0.00495817	0.6015	0.990333
17	42740000	42760000	10683	27	5156	10740	0.00252738	0.2578	0.994693
17	42760000	42780000	6272	24	13933	6820	0.00382653	0.69665	0.919648
17	42780000	42800000	5779	28	15561	6183	0.00484513	0.77805	0.93466
17	42800000	42820000	9223	35	9659	9301	0.00379486	0.48295	0.991614
17	42820000	42840000	10030	57	7278	10487	0.00568295	0.3639	0.956422
17	42840000	42860000	12066	55	4376	12197	0.00455826	0.2188	0.98926
17	42860000	42880000	7587	28	11129	7644	0.00369052	0.55645	0.992543
17	42880000	42900000	6803	19	10724	6993	0.00279289	0.5362	0.97283
17	42900000	42920000	5037	21	13813	5123	0.00416915	0.69065	0.983213
17	42920000	42940000	9690	42	7676	9767	0.00433437	0.3838	0.992116
17	42940000	42960000	10120	34	8845	10529	0.00335968	0.44225	0.961155
17	42960000	42980000	9832	40	11563	9939	0.00406835	0.57815	0.989234
17	42980000	43000000	12536	55	4498	12624	0.00438736	0.2249	0.993029
17	43000000	43020000	12864	50	6984	13019	0.00388682	0.3492	0.988094
17	43020000	43040000	9428	38	10918	9482	0.00403055	0.5459	0.994305
17	43040000	43060000	9941	50	6240	10574	0.00502968	0.312	0.940136
17	43060000	43080000	9505	49	8955	11192	0.00515518	0.44775	0.849267
17	43080000	43100000	9789	52	8577	10006	0.00531208	0.42885	0.978313
17	43100000	43120000	8447	32	8177	10702	0.00378833	0.40885	0.789292
17	43120000	43140000	6106	37	13245	6353	0.00605961	0.66225	0.961121
17	43140000	43160000	6658	28	11075	6846	0.00420547	0.55375	0.972539
17	43160000	43180000	9557	32	9338	9616	0.00334833	0.4669	0.993864
17	43180000	43200000	11044	61	3510	13247	0.00552336	0.1755	0.833698
17	43200000	43220000	8532	36	8652	9458	0.00421941	0.4326	0.902093
17	43220000	43240000	8346	42	6825	8421	0.00503235	0.34125	0.991094
17	43240000	43260000	7284	32	11400	7415	0.00439319	0.57	0.982333
17	43260000	43280000	5930	34	14924	6212	0.00573356	0.7462	0.954604
17	43280000	43300000	4624	38	15247	4704	0.00821799	0.76235	0.982993
17	43300000	43320000	13139	63	4336	13271	0.00479489	0.2168	0.990054
17	43320000	43340000	11905	57	5338	11975	0.0047879	0.2669	0.994154
17	43340000	43360000	9701	44	8840	9759	0.00453561	0.442	0.994057
17	43360000	43380000	12355	60	6552	12427	0.00485633	0.3276	0.994206
17	43380000	43400000	10946	50	6498	11012	0.00456788	0.3249	0.994007
17	43400000	43420000	10216	53	12293	10493	0.00518794	0.61465	0.973601
17	43420000	43440000	7750	44	15569	7807	0.00567742	0.77845	0.992699
17	43440000	43460000	10135	50	12103	10207	0.0049334	0.60515	0.992946
17	43460000	43480000	9679	51	11271	11392	0.00526914	0.56355	0.849631
17	43480000	43500000	8089	30	8399	8167	0.00370874	0.41995	0.990449
17	43500000	43520000	4017	30	5618	4366	0.00746826	0.2809	0.920064
17	43520000	43540000	105	4	10553	119	0.0380952	0.52765	0.882353
17	43540000	43560000	20	1	10267	21	0.05	0.51335	0.952381
17	43560000	43580000	40	0	8972	40	0	0.4486	1
17	43580000	43600000	23	2	6834	28	0.0869565	0.3417	0.821429
17	43600000	43620000	0	0	11570	0		0.5785	
17	43620000	43640000	0	0	7817	0		0.39085	
17	43640000	43660000	0	0	12597	2221		0.62985	0
17	43660000	43680000	1	1	9807	251	1	0.49035	0.00398406
17	43680000	43700000	7	1	14150	13	0.142857	0.7075	0.538462
17	43700000	43720000	0	0	12701	6795		0.63505	0
17	43720000	43740000	8761	67	9770	11954	0.00764753	0.4885	0.732893
17	43740000	43760000	12309	76	8266	12363	0.00617434	0.4133	0.995632
17	43760000	43780000	12482	77	9419	12584	0.00616888	0.47095	0.991894
17	43780000	43800000	12316	70	7575	12444	0.00568366	0.37875	0.989714
17	43800000	43820000	12949	70	11364	13058	0.00540582	0.5682	0.991653
17	43820000	43840000	12290	79	9051	12408	0.00642799	0.45255	0.99049
17	43840000	43860000	12494	63	9154	12582	0.00504242	0.4577	0.993006
17	43860000	43880000	12958	58	5155	13101	0.004476	0.25775	0.989085
17	43880000	43900000	14177	100	6344	14293	0.00705368	0.3172	0.991884
17	43900000	43920000	13076	52	5471	13155	0.00397675	0.27355	0.993995
17	43920000	43940000	11566	53	9219	11687	0.0045824	0.46095	0.989647
17	43940000	43960000	9311	48	13394	9360	0.00515519	0.6697	0.994765
17	43960000	43980000	11570	71	10261	11651	0.00613656	0.51305	0.993048
17	43980000	44000000	11134	66	6795	11213	0.00592779	0.33975	0.992955
17	44000000	44020000	11460	69	9674	11530	0.00602094	0.4837	0.993929
17	44020000	44040000	10861	44	9261	10935	0.00405119	0.46305	0.993233
17	44040000	44060000	11670	45	6970	12849	0.00385604	0.3485	0.908242
17	44060000	44080000	12441	67	5590	12522	0.00538542	0.2795	0.993531
17	44080000	44100000	9198	51	10086	9247	0.00554468	0.5043	0.994701
17	44100000	44120000	13553	51	3689	13622	0.003763	0.18445	0.994935
17	44120000	44140000	10145	42	9645	10209	0.00413997	0.48225	0.993731
17	44140000	44160000	11400	58	8684	11473	0.00508772	0.4342	0.993637
17	44160000	44180000	5857	34	8389	5913	0.00580502	0.41945	0.990529
17	44180000	44200000	10623	41	10382	10765	0.00385955	0.5191	0.986809
17	44200000	44220000	9777	49	10622	9819	0.00501176	0.5311	0.995723
17	44220000	44240000	10732	50	7362	10786	0.00465896	0.3681	0.994994
17	44240000	44260000	10891	29	8862	10949	0.00266275	0.4431	0.994703
17	44260000	44280000	8885	28	7655	8967	0.00315138	0.38275	0.990855
17	44280000	44300000	2882	17	14145	3137	0.00589868	0.70725	0.918712
17	44300000	44320000	15	0	14321	18	0	0.71605	0.833333
17	44320000	44340000	3	1	12854	155	0.333333	0.6427	0.0193548
17	44340000	44360000	662	5	10038	2372	0.00755287	0.5019	0.279089
17	44360000	44380000	6	0	8798	21	0	0.4399	0.285714
17	44380000	44400000	0	0	11713	0		0.58565	
17	44400000	44420000	0	0	8236	0		0.4118	
17	44420000	44440000	0	0	12624	0		0.6312	
17	44440000	44460000	0	0	11271	0		0.56355	
17	44460000	44480000	0	0	14106	0		0.7053	
17	44480000	44500000	0	0	10225	0		0.51125	
17	44500000	44520000	0	0	5098	0		0.2549	
17	44520000	44540000	0	0	10675	0		0.53375	
17	44540000	44560000	0	0	10558	0		0.5279	
17	44560000	44580000	0	0	14288	0		0.7144	
17	44580000	44600000	0	0	7363	0		0.36815	
17	44600000	44620000	0	0	12470	0		0.6235	
17	44620000	44640000	0	0	7917	0		0.39585	
17	44640000	44660000	0	0	12901	0		0.64505	
17	44660000	44680000	0	0	11141	0		0.55705	
17	44680000	44700000	0	0	14601	0		0.73005	
17	44700000	44720000	0	0	8506	0		0.4253	
17	44720000	44740000	0	0	5875	0		0.29375	
17	44740000	44760000	0	0	11220	0		0.561	
17	44760000	44780000	0	0	10300	0		0.515	
17	44780000	44800000	8680	33	10007	8711	0.00380184	0.50035	0.996441
17	44800000	44820000	12500	45	6979	12566	0.0036	0.34895	0.994748
17	44820000	44840000	11668	38	6704	11722	0.00325677	0.3352	0.995393
17	44840000	44860000	12748	54	5815	12820	0.00423596	0.29075	0.994384
17	44860000	44880000	11762	72	8209	11831	0.00612141	0.41045	0.994168
17	44880000	44900000	12238	57	5433	12299	0.00465762	0.27165	0.99504
17	44900000	44920000	9842	53	9195	10098	0.00538508	0.45975	0.974648
17	44920000	44940000	10792	36	9783	10847	0.0033358	0.48915	0.994929
17	44940000	44960000	12164	62	5899	12226	0.00509701	0.29495	0.994929
17	44960000	44980000	10833	65	8693	10970	0.00600018	0.43465	0.987511
17	44980000	45000000	11190	47	12641	11245	0.00420018	0.63205	0.995109
17	45000000	45020000	12496	51	4517	12547	0.00408131	0.22585	0.995935
17	45020000	45040000	10974	55	10005	11028	0.00501185	0.50025	0.995103
17	45040000	45060000	11378	52	8746	11810	0.00457022	0.4373	0.963421
17	45060000	45080000	6986	48	12708	7093	0.00687088	0.6354	0.984915
17	45080000	45100000	1146	8	10297	2234	0.0069808	0.51485	0.512981
17	45100000	45120000	0	0	12122	23		0.6061	0
17	45120000	45140000	194	7	9353	299	0.0360825	0.46765	0.648829
17	45140000	45160000	3382	32	10759	3413	0.00946186	0.53795	0.990917
17	45160000	45180000	2780	15	12465	2796	0.00539568	0.62325	0.994278
17	45180000	45200000	6426	26	11533	6452	0.00404606	0.57665	0.99597
17	45200000	45220000	7048	32	9693	7098	0.0045403	0.48465	0.992956
17	45220000	45240000	8630	26	10082	8773	0.00301275	0.5041	0.9837
17	45240000	45260000	9951	31	10566	9998	0.00311526	0.5283	0.995299
17	45260000	45280000	9331	32	11138	9427	0.00342943	0.5569	0.989816
17	45280000	45300000	11940	50	8593	12007	0.0041876	0.42965	0.99442
17	45300000	45320000	9812	72	10931	9870	0.00733795	0.54655	0.994124
17	45320000	45340000	9494	41	10825	9538	0.00431852	0.54125	0.995387
17	45340000	45360000	10166	47	9740	10216	0.00462325	0.487	0.995106
17	45360000	45380000	13378	48	6014	13474	0.00358798	0.3007	0.992875
17	45380000	45400000	8832	29	11474	8879	0.00328351	0.5737	0.994707
17	45400000	45420000	8379	30	12758	8437	0.00358038	0.6379	0.993126
17	45420000	45440000	7340	22	13691	7392	0.00299728	0.68455	0.992965
17	45440000	45460000	9072	28	10000	9674	0.00308642	0.5	0.937771
17	45460000	45480000	4388	24	12394	8203	0.00546946	0.6197	0.534926
17	45480000	45500000	6429	22	12905	8666	0.00342199	0.64525	0.741865
17	45500000	45520000	0	0	12555	6583		0.62775	0
17	45520000	45540000	0	0	13543	802		0.67715	0
17	45540000	45560000	0	0	16297	915		0.81485	0
17	45560000	45580000	28	2	12391	29	0.0714286	0.61955	0.965517
17	45580000	45600000	32	1	12706	38	0.03125	0.6353	0.842105
17	45600000	45620000	18	1	11059	21	0.0555556	0.55295	0.857143
17	45620000	45640000	50	1	13613	80	0.02	0.68065	0.625
17	45640000	45660000	67	3	11869	81	0.0447761	0.59345	0.82716
17	45660000	45680000	3015	24	8501	3062	0.0079602	0.42505	0.984651
17	45680000	45700000	9046	40	10316	9157	0.00442184	0.5158	0.987878
17	45700000	45720000	7344	32	13884	7638	0.0043573	0.6942	0.961508
17	45720000	45740000	7613	33	8539	7676	0.00433469	0.42695	0.991793
17	45740000	45760000	9242	51	7264	9305	0.00551829	0.3632	0.993229
17	45760000	45780000	9931	41	5327	10017	0.00412849	0.26635	0.991415
17	45780000	45800000	14504	58	2460	14627	0.0039989	0.123	0.991591
17	45800000	45820000	11104	39	7718	11182	0.00351225	0.3859	0.993025
17	45820000	45840000	9486	30	13619	9544	0.00316256	0.68095	0.993923
17	45840000	45860000	9670	45	13786	9735	0.00465357	0.6893	0.993323
17	45860000	45880000	9722	51	12213	10015	0.00524583	0.61065	0.970744
17	45880000	45900000	13023	75	3016	13821	0.00575904	0.1508	0.942262
17	45900000	45920000	10629	70	7307	10718	0.00658576	0.36535	0.991696
17	45920000	45940000	12696	75	3878	13327	0.00590737	0.1939	0.952653
17	45940000	45960000	11739	61	5266	11816	0.00519635	0.2633	0.993483
17	45960000	45980000	9828	49	7578	9929	0.00498575	0.3789	0.989828
17	45980000	46000000	8459	34	11750	9485	0.00401939	0.5875	0.891829
17	46000000	46020000	9756	52	7195	10538	0.00533005	0.35975	0.925792
17	46020000	46040000	12842	61	6017	12930	0.00475004	0.30085	0.993194
17	46040000	46060000	9819	51	8141	9883	0.00519401	0.40705	0.993524
17	46060000	46080000	11258	79	8092	11330	0.00701723	0.4046	0.993645
17	46080000	46100000	9164	36	9379	9543	0.00392842	0.46895	0.960285
17	46100000	46120000	8513	29	7244	10316	0.00340655	0.3622	0.825223
17	46120000	46140000	9897	34	3102	11502	0.00343538	0.1551	0.860459
17	46140000	46160000	6934	25	8498	7036	0.00360542	0.4249	0.985503
17	46160000	46180000	5483	16	13140	5736	0.00291811	0.657	0.955893
17	46180000	46200000	6993	29	11118	7362	0.004147	0.5559	0.949878
17	46200000	46220000	10048	48	9710	10111	0.00477707	0.4855	0.993769
17	46220000	46240000	11411	51	5258	11521	0.00446937	0.2629	0.990452
17	46240000	46260000	12903	37	3044	13000	0.00286755	0.1522	0.992538
17	46260000	46280000	11309	41	5470	11408	0.00362543	0.2735	0.991322
17	46280000	46300000	11990	64	6981	12064	0.00533778	0.34905	0.993866
17	46300000	46320000	13308	37	6470	13361	0.00278028	0.3235	0.996033
17	46320000	46340000	13877	54	3134	13935	0.00389133	0.1567	0.995838
17	46340000	46360000	10580	25	8401	10790	0.00236295	0.42005	0.980538
17	46360000	46380000	13528	53	3375	13622	0.0039178	0.16875	0.993099
17	46380000	46400000	13217	45	4322	13451	0.00340471	0.2161	0.982604
17	46400000	46420000	12327	54	6193	12424	0.00438063	0.30965	0.992193
17	46420000	46440000	11379	46	6622	11449	0.00404253	0.3311	0.993886
17	46440000	46460000	10184	54	9799	10279	0.00530244	0.48995	0.990758
17	46460000	46480000	10129	41	8864	10618	0.00404778	0.4432	0.953946
17	46480000	46500000	9799	23	12013	9893	0.00234718	0.60065	0.990498
17	46500000	46520000	12702	62	5797	13007	0.00488112	0.28985	0.976551
17	46520000	46540000	11065	65	11104	11128	0.00587438	0.5552	0.994339
17	46540000	46560000	9835	44	10619	9904	0.00447382	0.53095	0.993033
17	46560000	46580000	11956	45	7482	12025	0.0037638	0.3741	0.994262
17	46580000	46600000	10154	45	9926	10261	0.00443175	0.4963	0.989572
17	46600000	46620000	11082	40	5940	11154	0.00360946	0.297	0.993545
17	46620000	46640000	12128	25	1270	12557	0.00206135	0.0635	0.965836
17	46640000	46660000	13163	65	521	13628	0.00493808	0.02605	0.965879
17	46660000	46680000	13882	43	417	13948	0.00309754	0.02085	0.995268
17	46680000	46700000	11188	36	1226	11937	0.00321773	0.0613	0.937254
17	46700000	46720000	13720	51	1147	13813	0.0037172	0.05735	0.993267
17	46720000	46740000	8777	34	14244	8926	0.00387376	0.7122	0.983307
17	46740000	46760000	8099	40	14750	8152	0.00493888	0.7375	0.993499
17	46760000	46780000	6422	32	16884	6504	0.00498287	0.8442	0.987392
17	46780000	46800000	11005	51	7238	11086	0.00463426	0.3619	0.992693
17	46800000	46820000	11426	55	5105	11550	0.00481358	0.25525	0.989264
17	46820000	46840000	12189	61	5019	12275	0.00500451	0.25095	0.992994
17	46840000	46860000	6283	19	15402	7147	0.00302403	0.7701	0.87911
17	46860000	46880000	11900	39	8045	11982	0.00327731	0.40225	0.993156
17	46880000	46900000	8469	38	10033	8510	0.00448695	0.50165	0.995182
17	46900000	46920000	5462	14	13225	6420	0.00256316	0.66125	0.850779
17	46920000	46940000	8766	33	8805	8826	0.00376454	0.44025	0.993202
17	46940000	46960000	8778	27	10402	8827	0.00307587	0.5201	0.994449
17	46960000	46980000	6747	25	11338	7300	0.00370535	0.5669	0.924247
17	46980000	47000000	6705	45	9961	8067	0.00671141	0.49805	0.831164
17	47000000	47020000	8365	63	8296	8793	0.00753138	0.4148	0.951325
17	47020000	47040000	5471	41	13527	5627	0.00749406	0.67635	0.972277
17	47040000	47060000	5102	23	14350	5658	0.00450804	0.7175	0.901732
17	47060000	47080000	9393	37	6461	9791	0.0039391	0.32305	0.95935
17	47080000	47100000	8826	42	6483	10733	0.00475867	0.32415	0.822324
17	47100000	47120000	8823	29	9491	9027	0.00328686	0.47455	0.977401
17	47120000	47140000	10744	39	7060	10819	0.00362993	0.353	0.993068
17	47140000	47160000	1844	13	15208	7094	0.00704989	0.7604	0.259938
17	47160000	47180000	0	0	15277	7879		0.76385	0
17	47180000	47200000	0	0	12803	11033		0.64015	0
17	47200000	47220000	3531	11	13845	6159	0.00311526	0.69225	0.573307
17	47220000	47240000	6203	39	13922	6549	0.00628728	0.6961	0.947168
17	47240000	47260000	6537	36	13766	7107	0.00550711	0.6883	0.919797
17	47260000	47280000	7602	54	13749	7655	0.00710339	0.68745	0.993076
17	47280000	47300000	11235	55	8333	11308	0.00489542	0.41665	0.993544
17	47300000	47320000	8546	34	8355	8599	0.00397847	0.41775	0.993836
17	47320000	47340000	6791	41	12949	6868	0.0060374	0.64745	0.988789
17	47340000	47360000	6047	34	16236	6096	0.00562262	0.8118	0.991962
17	47360000	47380000	9779	37	8034	9852	0.00378362	0.4017	0.99259
17	47380000	47400000	8752	30	10311	8832	0.00342779	0.51555	0.990942
17	47400000	47420000	6369	28	13941	6420	0.00439629	0.69705	0.992056
17	47420000	47440000	8107	27	9242	8428	0.00333046	0.4621	0.961913
17	47440000	47460000	8194	33	10420	8255	0.00402734	0.521	0.992611
17	47460000	47480000	9315	51	9884	9407	0.00547504	0.4942	0.99022
17	47480000	47500000	7328	31	9577	7383	0.00423035	0.47885	0.99255
17	47500000	47520000	9139	65	11354	9526	0.00711238	0.5677	0.959374
17	47520000	47540000	12309	65	7761	13577	0.00528069	0.38805	0.906607
17	47540000	47560000	11738	66	8939	13392	0.00562276	0.44695	0.876493
17	47560000	47580000	10860	61	5090	13132	0.00561694	0.2545	0.826988
17	47580000	47600000	12712	59	6369	12835	0.00464128	0.31845	0.990417
17	47600000	47620000	5711	43	13520	7213	0.00752933	0.676	0.791765
17	47620000	47640000	10749	89	9314	11407	0.00827984	0.4657	0.942316
17	47640000	47660000	10707	49	8501	11359	0.00457645	0.42505	0.942601
17	47660000	47680000	12317	50	7416	12461	0.00405943	0.3708	0.988444
17	47680000	47700000	11517	38	7133	11571	0.00329947	0.35665	0.995333
17	47700000	47720000	9980	26	9137	10056	0.00260521	0.45685	0.992442
17	47720000	47740000	9468	33	9945	9630	0.00348542	0.49725	0.983178
17	47740000	47760000	8255	25	11510	8310	0.00302847	0.5755	0.993381
17	47760000	47780000	6906	30	10397	9620	0.00434405	0.51985	0.717879
17	47780000	47800000	9464	40	5246	12408	0.00422654	0.2623	0.762734
17	47800000	47820000	11306	40	6073	11377	0.00353794	0.30365	0.993759
17	47820000	47840000	11217	45	7382	11288	0.00401177	0.3691	0.99371
17	47840000	47860000	9854	27	8956	10068	0.00274	0.4478	0.978745
17	47860000	47880000	9767	31	8211	9842	0.00317395	0.41055	0.99238
17	47880000	47900000	9432	30	8388	9489	0.00318066	0.4194	0.993993
17	47900000	47920000	10395	52	7913	10477	0.00500241	0.39565	0.992173
17	47920000	47940000	11261	63	7642	11332	0.00559453	0.3821	0.993735
17	47940000	47960000	11217	46	7255	11305	0.00410092	0.36275	0.992216
17	47960000	47980000	12315	48	5984	12381	0.00389769	0.2992	0.994669
17	47980000	48000000	13228	59	6129	13328	0.00446024	0.30645	0.992497
17	48000000	48020000	13132	79	5753	13241	0.00601584	0.28765	0.991768
17	48020000	48040000	11186	60	8837	11290	0.00536385	0.44185	0.990788
17	48040000	48060000	13613	66	2565	13703	0.00484831	0.12825	0.993432
17	48060000	48080000	12031	54	6584	12166	0.0044884	0.3292	0.988904
17	48080000	48100000	7781	52	15708	7891	0.00668295	0.7854	0.98606
17	48100000	48120000	8897	65	10783	9138	0.00730583	0.53915	0.973627
17	48120000	48140000	11870	84	5409	13734	0.00707666	0.27045	0.864278
17	48140000	48160000	11762	68	7221	11855	0.00578133	0.36105	0.992155
17	48160000	48180000	11254	45	7310	11673	0.00399858	0.3655	0.964105
17	48180000	48200000	13896	54	6550	14026	0.00388601	0.3275	0.990731
17	48200000	48220000	11985	48	4719	12642	0.00400501	0.23595	0.94803
17	48220000	48240000	10661	38	7374	11281	0.00356439	0.3687	0.94504
17	48240000	48260000	9883	49	6661	12348	0.00495801	0.33305	0.800373
17	48260000	48280000	13259	56	1421	13472	0.00422355	0.07105	0.984189
17	48280000	48300000	11784	50	8835	13177	0.00424304	0.44175	0.894285
17	48300000	48320000	6107	29	18311	6511	0.00474865	0.91555	0.937951
17	48320000	48340000	8259	28	14668	8372	0.00339024	0.7334	0.986503
17	48340000	48360000	12498	70	3548	13369	0.0056009	0.1774	0.934849
17	48360000	48380000	8913	42	14262	8998	0.00471222	0.7131	0.990553
17	48380000	48400000	10110	52	14371	10171	0.00514342	0.71855	0.994003
17	48400000	48420000	8745	50	12933	8905	0.00571755	0.64665	0.982033
17	48420000	48440000	11766	41	6702	11970	0.00348462	0.3351	0.982957
17	48440000	48460000	12271	63	5392	12344	0.00513406	0.2696	0.994086
17	48460000	48480000	9003	58	10592	9075	0.0064423	0.5296	0.992066
17	48480000	48500000	3284	20	17172	3412	0.00609013	0.8586	0.962485
17	48500000	48520000	8879	36	10942	8944	0.00405451	0.5471	0.992733
17	48520000	48540000	9548	62	11183	9628	0.00649351	0.55915	0.991691
17	48540000	48560000	12256	57	6676	12328	0.00465078	0.3338	0.99416
17	48560000	48580000	9495	46	12894	9570	0.00484466	0.6447	0.992163
17	48580000	48600000	10599	50	7729	11164	0.00471743	0.38645	0.949391
17	48600000	48620000	12754	63	4627	13235	0.00493963	0.23135	0.963657
17	48620000	48640000	11560	59	6302	12546	0.00510381	0.3151	0.921409
17	48640000	48660000	13980	60	4143	14349	0.00429185	0.20715	0.974284
17	48660000	48680000	12741	65	4651	13653	0.00510164	0.23255	0.933201
17	48680000	48700000	12702	65	3438	14257	0.0051173	0.1719	0.890931
17	48700000	48720000	13157	63	4691	13828	0.00478833	0.23455	0.951475
17	48720000	48740000	7726	47	12046	10302	0.00608335	0.6023	0.749951
17	48740000	48760000	10701	41	9389	11280	0.00383142	0.46945	0.94867
17	48760000	48780000	11885	53	6056	12575	0.0044594	0.3028	0.945129
17	48780000	48800000	7647	43	11083	8157	0.00562312	0.55415	0.937477
17	48800000	48820000	7913	52	12443	8006	0.00657146	0.62215	0.988384
17	48820000	48840000	10223	53	6259	10341	0.00518439	0.31295	0.988589
17	48840000	48860000	7641	49	13175	7828	0.00641277	0.65875	0.976111
17	48860000	48880000	11133	79	13110	11245	0.00709602	0.6555	0.99004
17	48880000	48900000	7799	50	11788	9983	0.00641108	0.5894	0.781228
17	48900000	48920000	11598	71	6995	11959	0.00612175	0.34975	0.969814
17	48920000	48940000	11354	56	6405	11500	0.00493218	0.32025	0.987304
17	48940000	48960000	8164	27	10184	8321	0.0033072	0.5092	0.981132
17	48960000	48980000	10203	56	9510	10383	0.00548858	0.4755	0.982664
17	48980000	49000000	11442	68	7884	11546	0.00594302	0.3942	0.990993
17	49000000	49020000	10692	64	10431	10969	0.00598578	0.52155	0.974747
17	49020000	49040000	11883	66	6602	11976	0.00555415	0.3301	0.992234
17	49040000	49060000	10888	46	7432	11019	0.00422483	0.3716	0.988111
17	49060000	49080000	9731	43	8869	9809	0.00441887	0.44345	0.992048
17	49080000	49100000	10667	50	9478	10721	0.00468735	0.4739	0.994963
17	49100000	49120000	9902	41	10043	10083	0.00414058	0.50215	0.982049
17	49120000	49140000	10353	35	8350	10441	0.00338066	0.4175	0.991572
17	49140000	49160000	8110	25	10817	8317	0.00308261	0.54085	0.975111
17	49160000	49180000	6105	16	13888	6367	0.0026208	0.6944	0.95885
17	49180000	49200000	1140	6	12109	5962	0.00526316	0.60545	0.191211
17	49200000	49220000	5109	29	14385	5238	0.00567626	0.71925	0.975372
17	49220000	49240000	3991	71	12648	7270	0.01779	0.6324	0.548968
17	49240000	49260000	7153	106	8306	7769	0.014819	0.4153	0.920711
17	49260000	49280000	8841	45	7764	9216	0.00508992	0.3882	0.95931
17	49280000	49300000	9896	42	7139	10911	0.00424414	0.35695	0.906975
17	49300000	49320000	8073	32	16171	8185	0.00396383	0.80855	0.986316
17	49320000	49340000	10447	48	11428	10537	0.00459462	0.5714	0.991459
17	49340000	49360000	10260	37	9947	10424	0.00360624	0.49735	0.984267
17	49360000	49380000	8859	25	7985	9229	0.00282199	0.39925	0.959909
17	49380000	49400000	2392	21	18271	2457	0.00877926	0.91355	0.973545
17	49400000	49420000	7378	29	13832	7445	0.0039306	0.6916	0.991001
17	49420000	49440000	11846	50	10024	11957	0.00422083	0.5012	0.990717
17	49440000	49460000	12101	74	8457	12272	0.0061152	0.42285	0.986066
17	49460000	49480000	12463	78	8422	12580	0.00625853	0.4211	0.9907
17	49480000	49500000	12406	68	11516	12534	0.00548122	0.5758	0.989788
17	49500000	49520000	12071	59	11161	12185	0.00488775	0.55805	0.990644
17	49520000	49540000	6533	42	14213	7714	0.0064289	0.71065	0.846902
17	49540000	49560000	10111	63	10365	10617	0.00623084	0.51825	0.952341
17	49560000	49580000	11081	65	12845	11172	0.0058659	0.64225	0.991855
17	49580000	49600000	11060	76	10096	11279	0.00687161	0.5048	0.980583
17	49600000	49620000	11298	73	12638	11406	0.00646132	0.6319	0.990531
17	49620000	49640000	12260	71	8844	12365	0.00579119	0.4422	0.991508
17	49640000	49660000	6878	31	13805	6949	0.00450712	0.69025	0.989783
17	49660000	49680000	9670	68	13966	10256	0.00703206	0.6983	0.942863
17	49680000	49700000	12644	118	9337	12906	0.00933249	0.46685	0.979699
17	49700000	49720000	11301	61	9311	11411	0.00539775	0.46555	0.99036
17	49720000	49740000	13987	90	5757	14116	0.00643455	0.28785	0.990861
17	49740000	49760000	5082	49	8571	11903	0.00964187	0.42855	0.426951
17	49760000	49780000	100	1	14155	10221	0.01	0.70775	0.00978378
17	49780000	49800000	31	0	10546	11722	0	0.5273	0.0026446
17	49800000	49820000	102	0	6565	13785	0	0.32825	0.00739935
17	49820000	49840000	35	0	6419	13213	0	0.32095	0.00264891
17	49840000	49860000	5500	44	8272	13308	0.008	0.4136	0.413285
17	49860000	49880000	11633	78	9647	11707	0.00670506	0.48235	0.993679
17	49880000	49900000	13312	80	10118	13422	0.00600962	0.5059	0.991805
17	49900000	49920000	14563	93	7249	14667	0.00638605	0.36245	0.992909
17	49920000	49940000	14591	84	6193	14703	0.00575697	0.30965	0.992383
17	49940000	49960000	12721	79	9520	12825	0.0062102	0.476	0.991891
17	49960000	49980000	10886	66	12018	11084	0.00606283	0.6009	0.982136
17	49980000	50000000	14213	105	6872	14387	0.0073876	0.3436	0.987906
17	50000000	50020000	14662	91	5646	14821	0.00620652	0.2823	0.989272
17	50020000	50040000	13705	66	8851	13806	0.00481576	0.44255	0.992684
17	50040000	50060000	10529	69	14582	10727	0.00655333	0.7291	0.981542
17	50060000	50080000	11566	69	8643	11673	0.00596576	0.43215	0.990834
17	50080000	50100000	11670	85	11556	11786	0.00728363	0.5778	0.990158
17	50100000	50120000	11108	72	10616	12583	0.00648181	0.5308	0.882778
17	50120000	50140000	11109	72	14344	11342	0.00648123	0.7172	0.979457
17	50140000	50160000	11635	71	9664	11763	0.00610228	0.4832	0.989118
17	50160000	50180000	13305	104	10455	14124	0.00781661	0.52275	0.942014
17	50180000	50200000	10307	42	10320	10451	0.0040749	0.516	0.986221
17	50200000	50220000	12698	62	8709	12782	0.00488266	0.43545	0.993428
17	50220000	50240000	13711	72	3753	13800	0.00525126	0.18765	0.993551
17	50240000	50260000	12125	59	9268	12225	0.00486598	0.4634	0.99182
17	50260000	50280000	11589	91	11684	11717	0.00785227	0.5842	0.989076
17	50280000	50300000	12697	71	7409	13510	0.00559187	0.37045	0.939822
17	50300000	50320000	13790	94	7224	13920	0.00681653	0.3612	0.990661
17	50320000	50340000	10911	63	14515	11010	0.00577399	0.72575	0.991008
17	50340000	50360000	13271	84	10475	13362	0.00632959	0.52375	0.99319
17	50360000	50380000	11168	60	11450	11915	0.00537249	0.5725	0.937306
17	50380000	50400000	12650	81	10113	12763	0.00640316	0.50565	0.991146
17	50400000	50420000	8216	51	11734	8302	0.0062074	0.5867	0.989641
17	50420000	50440000	6690	28	16556	6772	0.00418535	0.8278	0.987891
17	50440000	50460000	13588	74	9887	13695	0.00544598	0.49435	0.992187
17	50460000	50480000	11203	63	9208	11291	0.00562349	0.4604	0.992206
17	50480000	50500000	8324	40	12437	8376	0.00480538	0.62185	0.993792
17	50500000	50520000	9592	88	13879	10094	0.00917431	0.69395	0.950267
17	50520000	50540000	9498	63	12577	10901	0.00663298	0.62885	0.871296
17	50540000	50560000	11605	73	15489	11702	0.00629039	0.77445	0.991711
17	50560000	50580000	12940	92	10427	13044	0.00710974	0.52135	0.992027
17	50580000	50600000	12340	54	10079	12441	0.00437601	0.50395	0.991882
17	50600000	50620000	13103	74	8908	13248	0.00564756	0.4454	0.989055
17	50620000	50640000	11874	57	9142	12002	0.0048004	0.4571	0.989335
17	50640000	50660000	8959	41	11202	9118	0.0045764	0.5601	0.982562
17	50660000	50680000	8812	42	13691	8888	0.00476623	0.68455	0.991449
17	50680000	50700000	10589	75	9373	10691	0.00708282	0.46865	0.990459
17	50700000	50720000	10005	59	12516	10106	0.00589705	0.6258	0.990006
17	50720000	50740000	11419	73	7653	11970	0.00639285	0.38265	0.953968
17	50740000	50760000	12869	98	12056	12984	0.0076152	0.6028	0.991143
17	50760000	50780000	13633	63	6354	14611	0.00462114	0.3177	0.933064
17	50780000	50800000	12459	55	11217	12600	0.00441448	0.56085	0.98881
17	50800000	50820000	12670	71	6184	12784	0.00560379	0.3092	0.991083
17	50820000	50840000	12569	100	9875	12667	0.00795608	0.49375	0.992263
17	50840000	50860000	9074	72	13706	9170	0.00793476	0.6853	0.989531
17	50860000	50880000	11565	78	13074	11772	0.00674449	0.6537	0.982416
17	50880000	50900000	9028	75	13321	9121	0.00830749	0.66605	0.989804
17	50900000	50920000	9870	52	11288	9946	0.00526849	0.5644	0.992359
17	50920000	50940000	11741	91	9644	11856	0.00775062	0.4822	0.9903
17	50940000	50960000	12743	85	7596	12902	0.00667033	0.3798	0.987676
17	50960000	50980000	12801	79	7606	12968	0.00617139	0.3803	0.987122
17	50980000	51000000	9204	69	12477	9305	0.00749674	0.62385	0.989146
17	51000000	51020000	10346	64	13572	10733	0.00618597	0.6786	0.963943
17	51020000	51040000	10968	74	10337	11091	0.0067469	0.51685	0.98891
17	51040000	51060000	10145	66	14272	10337	0.00650567	0.7136	0.981426
17	51060000	51080000	9991	56	9620	10177	0.00560504	0.481	0.981723
17	51080000	51100000	11561	74	9211	11698	0.00640083	0.46055	0.988289
17	51100000	51120000	10753	87	13277	10851	0.00809077	0.66385	0.990969
17	51120000	51140000	9156	53	16022	9261	0.00578855	0.8011	0.988662
17	51140000	51160000	11191	61	10097	11311	0.00545081	0.50485	0.989391
17	51160000	51180000	12585	86	10110	12878	0.00683353	0.5055	0.977248
17	51180000	51200000	10579	60	10063	10691	0.00567161	0.50315	0.989524
17	51200000	51220000	7836	69	7396	12770	0.00880551	0.3698	0.613626
17	51220000	51240000	11481	59	12747	11602	0.00513893	0.63735	0.989571
17	51240000	51260000	11748	78	9277	11880	0.00663943	0.46385	0.988889
17	51260000	51280000	11314	59	10485	11407	0.00521478	0.52425	0.991847
17	51280000	51300000	9237	67	13908	9467	0.00725344	0.6954	0.975705
17	51300000	51320000	8001	67	13686	11514	0.00837395	0.6843	0.694893
17	51320000	51340000	10729	111	12947	10839	0.0103458	0.64735	0.989851
17	51340000	51360000	13845	101	5619	13996	0.00729505	0.28095	0.989211
17	51360000	51380000	11192	66	13828	11705	0.00589707	0.6914	0.956173
17	51380000	51400000	7961	41	14835	9200	0.00515011	0.74175	0.865326
17	51400000	51420000	10781	82	11745	10910	0.00760597	0.58725	0.988176
17	51420000	51440000	9256	73	10836	9360	0.00788678	0.5418	0.988889
17	51440000	51460000	11529	93	12017	11649	0.00806661	0.60085	0.989699
17	51460000	51480000	13437	88	7672	13566	0.00654908	0.3836	0.990491
17	51480000	51500000	10130	86	11236	10221	0.00848963	0.5618	0.991097
17	51500000	51520000	10814	89	6154	11861	0.00823007	0.3077	0.911728
17	51520000	51540000	7691	47	10909	9013	0.00611104	0.54545	0.853323
17	51540000	51560000	12693	94	8509	12822	0.00740566	0.42545	0.989939
17	51560000	51580000	11006	67	9530	11123	0.00608759	0.4765	0.989481
17	51580000	51600000	10324	98	13534	10450	0.00949244	0.6767	0.987943
17	51600000	51620000	8860	63	12785	9158	0.00711061	0.63925	0.96746
17	51620000	51640000	11422	102	10578	11550	0.00893013	0.5289	0.988918
17	51640000	51660000	5032	42	9606	12542	0.00834658	0.4803	0.401212
17	51660000	51680000	0	0	14579	9468		0.72895	0
17	51680000	51700000	4057	25	11874	10273	0.00616219	0.5937	0.394919
17	51700000	51720000	10140	81	12143	10242	0.00798817	0.60715	0.990041
17	51720000	51740000	10688	66	11377	10812	0.00617515	0.56885	0.988531
17	51740000	51760000	10182	79	12784	10305	0.00775879	0.6392	0.988064
17	51760000	51780000	11451	76	9308	11588	0.00663697	0.4654	0.988177
17	51780000	51800000	10866	63	13852	10984	0.0057979	0.6926	0.989257
17	51800000	51820000	11355	64	10551	11447	0.00563628	0.52755	0.991963
17	51820000	51840000	8329	57	11610	8435	0.00684356	0.5805	0.987433
17	51840000	51860000	8474	75	14592	8916	0.0088506	0.7296	0.950426
17	51860000	51880000	11102	97	11579	11224	0.00873716	0.57895	0.98913
17	51880000	51900000	10382	76	8774	10549	0.00732036	0.4387	0.984169
17	51900000	51920000	9704	50	11488	9826	0.00515251	0.5744	0.987584
17	51920000	51940000	8099	49	13058	8168	0.00605013	0.6529	0.991552
17	51940000	51960000	9238	57	14610	9339	0.00617017	0.7305	0.989185
17	51960000	51980000	11327	86	12054	11445	0.00759248	0.6027	0.98969
17	51980000	52000000	8406	59	10853	9423	0.0070188	0.54265	0.892073
17	52000000	52020000	11512	87	11173	11623	0.00755733	0.55865	0.99045
17	52020000	52040000	9585	53	11536	9686	0.00552947	0.5768	0.989573
17	52040000	52060000	11622	72	9858	11727	0.00619515	0.4929	0.991046
17	52060000	52080000	12154	79	13021	13226	0.00649992	0.65105	0.918948
17	52080000	52100000	10683	90	9834	12306	0.0084246	0.4917	0.868113
17	52100000	52120000	10996	64	9431	11094	0.0058203	0.47155	0.991166
17	52120000	52140000	11553	98	8937	11658	0.00848265	0.44685	0.990993
17	52140000	52160000	8140	64	15061	8251	0.00786241	0.75305	0.986547
17	52160000	52180000	9465	57	13880	9539	0.00602219	0.694	0.992242
17	52180000	52200000	11069	52	14181	11155	0.0046978	0.70905	0.99229
17	52200000	52220000	7446	35	14093	7509	0.00470051	0.70465	0.99161
17	52220000	52240000	11390	68	10897	11505	0.00597015	0.54485	0.990004
17	52240000	52260000	10463	69	9437	10573	0.00659467	0.47185	0.989596
17	52260000	52280000	11801	53	10107	12062	0.00449114	0.50535	0.978362
17	52280000	52300000	11992	61	6860	12090	0.00508672	0.343	0.991894
17	52300000	52320000	12515	86	9099	12689	0.00687175	0.45495	0.986287
17	52320000	52340000	11698	94	11874	11835	0.00803556	0.5937	0.988424
17	52340000	52360000	12287	87	10485	12463	0.00708065	0.52425	0.985878
17	52360000	52380000	8067	73	13465	8165	0.00904921	0.67325	0.987998
17	52380000	52400000	7998	52	12470	8078	0.00650163	0.6235	0.990097
17	52400000	52420000	6783	49	15741	7409	0.00722394	0.78705	0.915508
17	52420000	52440000	9702	63	15833	9794	0.00649351	0.79165	0.990606
17	52440000	52460000	12254	64	8357	12423	0.00522278	0.41785	0.986396
17	52460000	52480000	10720	69	10320	10821	0.00643657	0.516	0.990666
17	52480000	52500000	7319	69	13526	7620	0.00942752	0.6763	0.960499
17	52500000	52520000	8119	46	13266	8193	0.00566572	0.6633	0.990968
17	52520000	52540000	9801	76	12687	9895	0.00775431	0.63435	0.9905
17	52540000	52560000	10048	77	11810	10128	0.00766322	0.5905	0.992101
17	52560000	52580000	13349	93	8638	13552	0.00696681	0.4319	0.985021
17	52580000	52600000	8997	72	12924	9080	0.00800267	0.6462	0.990859
17	52600000	52620000	8986	46	15615	9114	0.00511907	0.78075	0.985956
17	52620000	52640000	10229	63	16983	10346	0.00615896	0.84915	0.988691
17	52640000	52660000	9506	85	13276	9606	0.00894172	0.6638	0.98959
17	52660000	52680000	3826	34	17433	4878	0.00888657	0.87165	0.784338
17	52680000	52700000	11805	77	11735	11940	0.00652266	0.58675	0.988693
17	52700000	52720000	9159	56	14223	9218	0.0061142	0.71115	0.993599
17	52720000	52740000	6331	62	15681	6399	0.00979308	0.78405	0.989373
17	52740000	52760000	12854	72	9965	12985	0.00560137	0.49825	0.989911
17	52760000	52780000	11020	99	9978	11133	0.00898367	0.4989	0.98985
17	52780000	52800000	6931	76	12112	7036	0.0109652	0.6056	0.985077
17	52800000	52820000	10289	65	11118	10363	0.00631743	0.5559	0.992859
17	52820000	52840000	10426	60	12621	10535	0.00575484	0.63105	0.989654
17	52840000	52860000	12063	68	8627	12164	0.00563707	0.43135	0.991697
17	52860000	52880000	12289	49	7742	12444	0.00398731	0.3871	0.987544
17	52880000	52900000	8948	62	15376	9009	0.00692892	0.7688	0.993229
17	52900000	52920000	9361	56	12643	9439	0.00598227	0.63215	0.991736
17	52920000	52940000	12576	74	9164	12698	0.00588422	0.4582	0.990392
17	52940000	52960000	11235	57	10203	11308	0.00507343	0.51015	0.993544
17	52960000	52980000	11075	57	8928	11185	0.00514673	0.4464	0.990165
17	52980000	53000000	12609	67	6597	12684	0.00531366	0.32985	0.994087
17	53000000	53020000	10189	49	11532	10255	0.00480911	0.5766	0.993564
17	53020000	53040000	10809	97	11380	11269	0.008974	0.569	0.95918
17	53040000	53060000	12180	68	8701	12281	0.00558292	0.43505	0.991776
17	53060000	53080000	12329	65	7444	12435	0.00527212	0.3722	0.991476
17	53080000	53100000	7585	45	12476	7656	0.00593276	0.6238	0.990726
17	53100000	53120000	12718	70	10289	12859	0.00550401	0.51445	0.989035
17	53120000	53140000	11392	44	13007	11484	0.00386236	0.65035	0.991989
17	53140000	53160000	13815	47	6718	13888	0.0034021	0.3359	0.994744
17	53160000	53180000	10114	34	10539	10670	0.00336168	0.52695	0.947891
17	53180000	53200000	8512	49	12068	8802	0.00575658	0.6034	0.967053
17	53200000	53220000	12851	74	9923	13081	0.00575831	0.49615	0.982417
17	53220000	53240000	13925	64	6677	14004	0.00459605	0.33385	0.994359
17	53240000	53260000	13451	50	10625	13557	0.0037172	0.53125	0.992181
17	53260000	53280000	13373	47	8595	13752	0.00351454	0.42975	0.97244
17	53280000	53300000	11872	55	10781	12037	0.00463275	0.53905	0.986292
17	53300000	53320000	11241	42	8286	11383	0.00373632	0.4143	0.987525
17	53320000	53340000	13029	59	10343	13142	0.00452836	0.51715	0.991402
17	53340000	53360000	12785	50	4586	12879	0.00391083	0.2293	0.992701
17	53360000	53380000	11065	66	6840	12975	0.00596475	0.342	0.852794
17	53380000	53400000	13554	79	6182	14000	0.00582854	0.3091	0.968143
17	53400000	53420000	11990	46	9356	12084	0.00383653	0.4678	0.992221
17	53420000	53440000	11984	80	12487	12062	0.00667557	0.62435	0.993533
17	53440000	53460000	9839	52	13475	9980	0.00528509	0.67375	0.985872
17	53460000	53480000	11561	51	9299	12093	0.00441138	0.46495	0.956008
17	53480000	53500000	11932	49	5350	12035	0.0041066	0.2675	0.991442
17	53500000	53520000	9879	56	10851	10067	0.00566859	0.54255	0.981325
17	53520000	53540000	10154	73	10126	10389	0.00718929	0.5063	0.97738
17	53540000	53560000	6389	51	14690	6451	0.00798247	0.7345	0.990389
17	53560000	53580000	9310	53	11067	9469	0.0056928	0.55335	0.983208
17	53580000	53600000	8288	50	13681	8820	0.00603282	0.68405	0.939683
17	53600000	53620000	9856	58	10826	9994	0.00588474	0.5413	0.986192
17	53620000	53640000	7571	61	14368	8846	0.00805706	0.7184	0.855867
17	53640000	53660000	10965	76	9791	11079	0.00693114	0.48955	0.98971
17	53660000	53680000	11133	52	14071	11252	0.0046708	0.70355	0.989424
17	53680000	53700000	11903	74	8611	11998	0.00621692	0.43055	0.992082
17	53700000	53720000	13391	59	11169	13503	0.00440594	0.55845	0.991706
17	53720000	53740000	13211	97	6698	13464	0.00734237	0.3349	0.981209
17	53740000	53760000	12684	90	6821	12792	0.00709555	0.34105	0.991557
17	53760000	53780000	9306	77	9242	12099	0.00827423	0.4621	0.769154
17	53780000	53800000	12939	74	7053	13117	0.00571914	0.35265	0.98643
17	53800000	53820000	14296	75	6029	14409	0.00524622	0.30145	0.992158
17	53820000	53840000	13457	83	10950	13599	0.00616779	0.5475	0.989558
17	53840000	53860000	12907	74	7752	13272	0.00573332	0.3876	0.972498
17	53860000	53880000	10675	52	13595	10754	0.00487119	0.67975	0.992654
17	53880000	53900000	11943	51	9771	12025	0.00427028	0.48855	0.993181
17	53900000	53920000	12864	72	7686	12970	0.00559701	0.3843	0.991827
17	53920000	53940000	12963	78	10882	13044	0.00601713	0.5441	0.99379
17	53940000	53960000	8519	36	15961	8897	0.00422585	0.79805	0.957514
17	53960000	53980000	12542	79	11558	12674	0.00629884	0.5779	0.989585
17	53980000	54000000	9817	86	14702	9966	0.00876031	0.7351	0.985049
17	54000000	54020000	10038	79	12549	10135	0.00787009	0.62745	0.990429
17	54020000	54040000	7815	45	14882	7894	0.00575816	0.7441	0.989992
17	54040000	54060000	11203	78	9984	11317	0.00696242	0.4992	0.989927
17	54060000	54080000	11309	74	12406	11402	0.00654346	0.6203	0.991844
17	54080000	54100000	9556	62	13698	9624	0.00648807	0.6849	0.992934
17	54100000	54120000	14621	75	8178	14745	0.00512961	0.4089	0.99159
17	54120000	54140000	6519	43	15015	6594	0.0065961	0.75075	0.988626
17	54140000	54160000	11261	107	12022	11496	0.00950182	0.6011	0.979558
17	54160000	54180000	11044	93	9104	13479	0.00842086	0.4552	0.819349
17	54180000	54200000	13912	72	9609	14060	0.00517539	0.48045	0.989474
17	54200000	54220000	13272	78	7508	13589	0.00587703	0.3754	0.976672
17	54220000	54240000	12503	62	6985	12615	0.00495881	0.34925	0.991122
17	54240000	54260000	13402	79	6213	13512	0.00589464	0.31065	0.991859
17	54260000	54280000	8723	36	13697	8783	0.00412702	0.68485	0.993169
17	54280000	54300000	11034	71	9753	11135	0.00643466	0.48765	0.99093
17	54300000	54320000	11001	51	10025	11089	0.00463594	0.50125	0.992064
17	54320000	54340000	13458	100	7829	13565	0.00743052	0.39145	0.992112
17	54340000	54360000	10754	44	10053	10849	0.0040915	0.50265	0.991243
17	54360000	54380000	13240	73	6533	13343	0.0055136	0.32665	0.992281
17	54380000	54400000	11196	74	11466	11281	0.0066095	0.5733	0.992465
17	54400000	54420000	9048	33	12612	9119	0.00364721	0.6306	0.992214
17	54420000	54440000	11214	51	11370	11556	0.00454789	0.5685	0.970405
17	54440000	54460000	10532	71	8542	10608	0.00674136	0.4271	0.992836
17	54460000	54480000	7698	53	14145	7808	0.00688491	0.70725	0.985912
17	54480000	54500000	7230	56	13847	7288	0.0077455	0.69235	0.992042
17	54500000	54520000	12441	73	6608	12529	0.0058677	0.3304	0.992976
17	54520000	54540000	12999	58	9268	13111	0.00446188	0.4634	0.991458
17	54540000	54560000	11744	63	7865	11842	0.00536444	0.39325	0.991724
17	54560000	54580000	13721	39	7445	14630	0.00284236	0.37225	0.937867
17	54580000	54600000	11876	78	3932	14692	0.00656787	0.1966	0.808331
17	54600000	54620000	13342	68	8049	13440	0.00509669	0.40245	0.992708
17	54620000	54640000	11993	43	11259	12098	0.00358542	0.56295	0.991321
17	54640000	54660000	10708	53	9648	10931	0.00494957	0.4824	0.979599
17	54660000	54680000	11100	45	4710	11665	0.00405405	0.2355	0.951565
17	54680000	54700000	13003	68	9894	13144	0.00522956	0.4947	0.989273
17	54700000	54720000	12727	77	8446	12885	0.00605013	0.4223	0.987738
17	54720000	54740000	13200	90	6635	14229	0.00681818	0.33175	0.927683
17	54740000	54760000	12331	92	9184	12744	0.00746087	0.4592	0.967593
17	54760000	54780000	10122	71	12445	10203	0.00701442	0.62225	0.992061
17	54780000	54800000	12530	98	11051	12649	0.00782123	0.55255	0.990592
17	54800000	54820000	12325	70	7188	12432	0.00567951	0.3594	0.991393
17	54820000	54840000	10628	57	11672	10705	0.00536319	0.5836	0.992807
17	54840000	54860000	13627	68	9665	13776	0.00499009	0.48325	0.989184
17	54860000	54880000	10617	63	12188	11068	0.00593388	0.6094	0.959252
17	54880000	54900000	10068	41	9239	12741	0.00407231	0.46195	0.790205
17	54900000	54920000	10440	60	9250	10533	0.00574713	0.4625	0.991171
17	54920000	54940000	9787	48	10223	9923	0.00490447	0.51115	0.986294
17	54940000	54960000	8993	42	8536	9076	0.0046703	0.4268	0.990855
17	54960000	54980000	12435	81	7422	12557	0.00651387	0.3711	0.990284
17	54980000	55000000	10041	59	13490	10148	0.00587591	0.6745	0.989456
17	55000000	55020000	6115	38	14287	6159	0.00621423	0.71435	0.992856
17	55020000	55040000	7532	48	10877	7586	0.00637281	0.54385	0.992882
17	55040000	55060000	5662	37	14971	5713	0.00653479	0.74855	0.991073
17	55060000	55080000	10618	71	8888	10700	0.00668676	0.4444	0.992336
17	55080000	55100000	8984	73	16411	9064	0.00812556	0.82055	0.991174
17	55100000	55120000	7316	53	14482	7361	0.0072444	0.7241	0.993887
17	55120000	55140000	6759	42	15152	7253	0.00621394	0.7576	0.93189
17	55140000	55160000	10454	56	12702	10544	0.0053568	0.6351	0.991464
17	55160000	55180000	11948	42	5773	12026	0.00351523	0.28865	0.993514
17	55180000	55200000	12971	66	4310	13104	0.00508827	0.2155	0.98985
17	55200000	55220000	10706	65	10642	10793	0.00607136	0.5321	0.991939
17	55220000	55240000	8597	52	13032	9226	0.00604862	0.6516	0.931823
17	55240000	55260000	8980	59	13350	9346	0.00657016	0.6675	0.960839
17	55260000	55280000	10570	71	10119	10642	0.00671712	0.50595	0.993234
17	55280000	55300000	9759	69	14874	10270	0.0070704	0.7437	0.950243
17	55300000	55320000	10725	57	14611	10846	0.00531469	0.73055	0.988844
17	55320000	55340000	11366	54	7818	11754	0.00475101	0.3909	0.96699
17	55340000	55360000	13913	80	5143	13989	0.00575002	0.25715	0.994567
17	55360000	55380000	11511	64	6835	11579	0.0055599	0.34175	0.994127
17	55380000	55400000	12445	88	7452	12535	0.00707111	0.3726	0.99282
17	55400000	55420000	11948	83	7960	12189	0.00694677	0.398	0.980228
17	55420000	55440000	12960	73	7885	13271	0.00563272	0.39425	0.976565
17	55440000	55460000	11544	71	7503	12053	0.00615038	0.37515	0.95777
17	55460000	55480000	11576	63	6062	12582	0.00544229	0.3031	0.920045
17	55480000	55500000	13150	82	5695	13246	0.00623574	0.28475	0.992753
17	55500000	55520000	13268	80	6764	13369	0.00602954	0.3382	0.992445
17	55520000	55540000	11951	67	6607	12057	0.00560623	0.33035	0.991208
17	55540000	55560000	13307	64	5567	13385	0.0048095	0.27835	0.994173
17	55560000	55580000	13662	80	6870	13762	0.00585566	0.3435	0.992734
17	55580000	55600000	13426	67	4748	13537	0.00499032	0.2374	0.9918
17	55600000	55620000	12966	76	5837	13078	0.00586148	0.29185	0.991436
17	55620000	55640000	14696	82	3176	14806	0.00557975	0.1588	0.992571
17	55640000	55660000	13973	82	5198	14099	0.00586846	0.2599	0.991063
17	55660000	55680000	12998	61	6580	13101	0.00469303	0.329	0.992138
17	55680000	55700000	11754	65	7534	11857	0.00553003	0.3767	0.991313
17	55700000	55720000	14371	95	4691	14697	0.00661054	0.23455	0.977819
17	55720000	55740000	13245	68	4780	13336	0.00513401	0.239	0.993176
17	55740000	55760000	12315	51	1905	13418	0.00414129	0.09525	0.917797
17	55760000	55780000	11228	63	11266	11347	0.00561097	0.5633	0.989513
17	55780000	55800000	12557	74	10583	12646	0.00589313	0.52915	0.992962
17	55800000	55820000	13215	75	7515	13336	0.00567537	0.37575	0.990927
17	55820000	55840000	12183	98	8340	12284	0.008044	0.417	0.991778
17	55840000	55860000	13215	63	7186	13687	0.00476731	0.3593	0.965515
17	55860000	55880000	10190	63	13988	10255	0.00618253	0.6994	0.993662
17	55880000	55900000	8975	54	12612	9637	0.00601671	0.6306	0.931306
17	55900000	55920000	10273	52	9684	10346	0.00506181	0.4842	0.992944
17	55920000	55940000	8624	44	11132	8687	0.00510204	0.5566	0.992748
17	55940000	55960000	12929	81	5336	13016	0.00626499	0.2668	0.993316
17	55960000	55980000	11797	75	8733	11882	0.00635755	0.43665	0.992846
17	55980000	56000000	11489	36	8053	11568	0.00313343	0.40265	0.993171
17	56000000	56020000	10386	50	8653	10458	0.00481417	0.43265	0.993115
17	56020000	56040000	9658	36	7395	10526	0.00372748	0.36975	0.917538
17	56040000	56060000	9882	30	5833	9966	0.00303582	0.29165	0.991571
17	56060000	56080000	11923	36	1930	12298	0.00301937	0.0965	0.969507
17	56080000	56100000	7034	29	9695	7174	0.00412283	0.48475	0.980485
17	56100000	56120000	8381	36	15098	8442	0.00429543	0.7549	0.992774
17	56120000	56140000	12287	57	9662	12377	0.00463905	0.4831	0.992728
17	56140000	56160000	11007	72	12427	11319	0.00654129	0.62135	0.972436
17	56160000	56180000	11436	49	9122	11756	0.00428471	0.4561	0.97278
17	56180000	56200000	10287	63	14058	10561	0.00612423	0.7029	0.974055
17	56200000	56220000	8611	47	15490	8692	0.00545813	0.7745	0.990681
17	56220000	56240000	10382	74	11060	10447	0.00712772	0.553	0.993778
17	56240000	56260000	12262	62	11523	12360	0.00505627	0.57615	0.992071
17	56260000	56280000	12828	81	6770	12942	0.00631431	0.3385	0.991191
17	56280000	56300000	11540	62	6957	11989	0.00537262	0.34785	0.962549
17	56300000	56320000	11593	46	9811	11888	0.00396791	0.49055	0.975185
17	56320000	56340000	11208	50	11861	11342	0.0044611	0.59305	0.988186
17	56340000	56360000	13460	46	6185	13565	0.00341753	0.30925	0.992259
17	56360000	56380000	10319	55	13906	10399	0.00532997	0.6953	0.992307
17	56380000	56400000	13574	63	4182	13837	0.00464123	0.2091	0.980993
17	56400000	56420000	13221	44	2675	13429	0.00332804	0.13375	0.984511
17	56420000	56440000	11109	51	7809	11175	0.00459087	0.39045	0.994094
17	56440000	56460000	13501	56	6343	13587	0.00414784	0.31715	0.99367
17	56460000	56480000	12613	57	5903	12678	0.00451915	0.29515	0.994873
17	56480000	56500000	12906	40	3310	12983	0.00309933	0.1655	0.994069
17	56500000	56520000	8637	31	15668	8706	0.00358921	0.7834	0.992074
17	56520000	56540000	6453	36	16628	6523	0.0055788	0.8314	0.989269
17	56540000	56560000	9053	33	8176	9169	0.0036452	0.4088	0.987349
17	56560000	56580000	9969	26	8083	10173	0.00260809	0.40415	0.979947
17	56580000	56600000	11653	35	5229	11811	0.00300352	0.26145	0.986623
17	56600000	56620000	13754	37	2993	13849	0.00269013	0.14965	0.99314
17	56620000	56640000	9497	43	11678	9551	0.00452775	0.5839	0.994346
17	56640000	56660000	10536	36	8913	10599	0.00341686	0.44565	0.994056
17	56660000	56680000	8574	46	10739	8738	0.00536506	0.53695	0.981231
17	56680000	56700000	10145	41	11006	10221	0.0040414	0.5503	0.992564
17	56700000	56720000	6146	40	13411	6220	0.0065083	0.67055	0.988103
17	56720000	56740000	6090	30	12974	6290	0.00492611	0.6487	0.968203
17	56740000	56760000	6920	24	13658	7145	0.00346821	0.6829	0.968509
17	56760000	56780000	6830	31	12310	6873	0.0045388	0.6155	0.993744
17	56780000	56800000	6240	26	14213	6284	0.00416667	0.71065	0.992998
17	56800000	56820000	6036	28	11750	6312	0.00463883	0.5875	0.956274
17	56820000	56840000	9766	34	10051	9833	0.00348147	0.50255	0.993186
17	56840000	56860000	8451	26	12169	8476	0.00307656	0.60845	0.99705
17	56860000	56880000	6269	25	15946	7697	0.00398788	0.7973	0.814473
17	56880000	56900000	9986	40	11196	10034	0.00400561	0.5598	0.995216
17	56900000	56920000	7149	26	16427	7175	0.00363687	0.82135	0.996376
17	56920000	56940000	5926	28	16855	5943	0.00472494	0.84275	0.997139
17	56940000	56960000	8813	26	14475	8883	0.00295019	0.72375	0.99212
17	56960000	56980000	7008	17	15982	7199	0.0024258	0.7991	0.973469
17	56980000	57000000	9166	29	15395	9399	0.00316387	0.76975	0.97521
17	57000000	57020000	7304	24	13626	7709	0.00328587	0.6813	0.947464
17	57020000	57040000	7553	46	15899	8249	0.0060903	0.79495	0.915626
17	57040000	57060000	11175	33	5995	11467	0.00295302	0.29975	0.974536
17	57060000	57080000	10341	48	10906	10409	0.00464172	0.5453	0.993467
17	57080000	57100000	8645	44	12727	8695	0.00508965	0.63635	0.99425
17	57100000	57120000	9643	54	12622	9732	0.00559992	0.6311	0.990855
17	57120000	57140000	8081	49	13121	8156	0.00606361	0.65605	0.990804
17	57140000	57160000	10266	59	8649	10334	0.00574713	0.43245	0.99342
17	57160000	57180000	8325	55	13011	8542	0.00660661	0.65055	0.974596
17	57180000	57200000	8029	39	10618	8209	0.00485739	0.5309	0.978073
17	57200000	57220000	6046	23	11871	6737	0.00380417	0.59355	0.897432
17	57220000	57240000	8271	18	10942	8317	0.00217628	0.5471	0.994469
17	57240000	57260000	2635	13	11527	3023	0.00493359	0.57635	0.871651
17	57260000	57280000	7807	32	12488	7875	0.00409889	0.6244	0.991365
17	57280000	57300000	6346	29	9630	6409	0.00456981	0.4815	0.99017
17	57300000	57320000	5862	19	13589	6397	0.00324121	0.67945	0.916367
17	57320000	57340000	5986	26	14127	6251	0.00434347	0.70635	0.957607
17	57340000	57360000	7029	38	10744	7154	0.00540617	0.5372	0.982527
17	57360000	57380000	5629	30	12950	6208	0.00532954	0.6475	0.906733
17	57380000	57400000	4142	21	15087	4943	0.00507001	0.75435	0.837953
17	57400000	57420000	9894	57	9166	9983	0.00576107	0.4583	0.991085
17	57420000	57440000	11629	46	6445	11833	0.00395563	0.32225	0.98276
17	57440000	57460000	12379	64	7282	12477	0.00517005	0.3641	0.992146
17	57460000	57480000	10440	55	8305	10554	0.0052682	0.41525	0.989198
17	57480000	57500000	8885	40	12017	9017	0.00450197	0.60085	0.985361
17	57500000	57520000	10885	45	8554	11000	0.00413413	0.4277	0.989545
17	57520000	57540000	7432	37	14885	7503	0.00497847	0.74425	0.990537
17	57540000	57560000	6620	27	14043	7660	0.00407855	0.70215	0.86423
17	57560000	57580000	9830	41	8885	9898	0.00417091	0.44425	0.99313
17	57580000	57600000	9075	35	14564	9198	0.00385675	0.7282	0.986628
17	57600000	57620000	9187	25	11327	9252	0.00272124	0.56635	0.992974
17	57620000	57640000	7678	23	12868	7828	0.00299557	0.6434	0.980838
17	57640000	57660000	4327	16	9244	4374	0.00369771	0.4622	0.989255
17	57660000	57680000	1153	5	14378	1172	0.00433651	0.7189	0.983788
17	57680000	57700000	10874	45	7289	11038	0.00413831	0.36445	0.985142
17	57700000	57720000	8685	25	9441	8813	0.00287853	0.47205	0.985476
17	57720000	57740000	10769	39	7554	10824	0.00362151	0.3777	0.994919
17	57740000	57760000	12396	42	5730	12509	0.00338819	0.2865	0.990967
17	57760000	57780000	12002	38	5273	12108	0.00316614	0.26365	0.991245
17	57780000	57800000	9052	29	11105	9092	0.00320371	0.55525	0.995601
17	57800000	57820000	8713	29	11114	8777	0.00332836	0.5557	0.992708
17	57820000	57840000	8763	31	11225	8811	0.0035376	0.56125	0.994552
17	57840000	57860000	8764	31	10631	8801	0.0035372	0.53155	0.995796
17	57860000	57880000	7621	25	11158	7669	0.00328041	0.5579	0.993741
17	57880000	57900000	8465	16	8417	8518	0.00189014	0.42085	0.993778
17	57900000	57920000	7472	18	8125	7523	0.00240899	0.40625	0.993221
17	57920000	57940000	6606	32	9682	6943	0.00484408	0.4841	0.951462
17	57940000	57960000	5397	13	14232	6011	0.00240875	0.7116	0.897854
17	57960000	57980000	5768	29	12212	5924	0.00502774	0.6106	0.973666
17	57980000	58000000	5818	21	14402	5886	0.00360949	0.7201	0.988447
17	58000000	58020000	344	8	10828	370	0.0232558	0.5414	0.92973
17	58020000	58040000	1793	12	5184	1865	0.00669269	0.2592	0.961394
17	58040000	58060000	84	0	12636	2286	0	0.6318	0.0367454
17	58060000	58080000	0	0	11504	9		0.5752	0
17	58080000	58100000	0	0	3951	191		0.19755	0
17	58100000	58120000	0	0	8287	3779		0.41435	0
17	58120000	58140000	8197	40	7376	12578	0.00487983	0.3688	0.651693
17	58140000	58160000	13108	62	6195	13171	0.00472994	0.30975	0.995217
17	58160000	58180000	8804	48	8900	8933	0.00545207	0.445	0.985559
17	58180000	58200000	1049	10	7096	1115	0.00953289	0.3548	0.940807
17	58200000	58220000	7052	50	8751	7405	0.00709019	0.43755	0.95233
17	58220000	58240000	11448	69	5933	11833	0.00602725	0.29665	0.967464
17	58240000	58260000	4455	29	8045	4487	0.00650954	0.40225	0.992868
17	58260000	58280000	802	10	10011	815	0.0124688	0.50055	0.984049
17	58280000	58300000	858	2	6896	863	0.002331	0.3448	0.994206
17	58300000	58320000	9004	33	12379	9061	0.00366504	0.61895	0.993709
17	58320000	58340000	8745	21	11012	8810	0.00240137	0.5506	0.992622
17	58340000	58360000	9275	28	10040	9373	0.00301887	0.502	0.989544
17	58360000	58380000	10490	36	13374	10574	0.00343184	0.6687	0.992056
17	58380000	58400000	5900	20	14360	7960	0.00338983	0.718	0.741206
17	58400000	58420000	5224	30	13837	6811	0.00574273	0.69185	0.766995
17	58420000	58440000	6979	24	13124	8319	0.00343889	0.6562	0.838923
17	58440000	58460000	3335	17	12316	3395	0.00509745	0.6158	0.982327
17	58460000	58480000	9899	39	9008	10029	0.00393979	0.4504	0.987038
17	58480000	58500000	6349	23	14857	6527	0.00362262	0.74285	0.972729
17	58500000	58520000	7291	48	11478	7342	0.00658346	0.5739	0.993054
17	58520000	58540000	9996	31	9586	10094	0.00310124	0.4793	0.990291
17	58540000	58560000	10159	30	10550	10223	0.00295305	0.5275	0.99374
17	58560000	58580000	4892	20	16252	4927	0.00408831	0.8126	0.992896
17	58580000	58600000	6515	34	14626	6814	0.00521873	0.7313	0.95612
17	58600000	58620000	7084	43	13505	7162	0.00607002	0.67525	0.989109
17	58620000	58640000	6313	35	14888	6352	0.00554412	0.7444	0.99386
17	58640000	58660000	7569	34	13763	7627	0.00449201	0.68815	0.992395
17	58660000	58680000	8477	43	11660	8593	0.00507255	0.583	0.986501
17	58680000	58700000	6158	44	16422	6824	0.00714518	0.8211	0.902403
17	58700000	58720000	8257	41	13042	8322	0.00496548	0.6521	0.992189
17	58720000	58740000	7179	33	12403	7754	0.00459674	0.62015	0.925845
17	58740000	58760000	5579	28	13020	6005	0.00501882	0.651	0.929059
17	58760000	58780000	6012	31	12771	6519	0.00515635	0.63855	0.922227
17	58780000	58800000	6971	32	15124	7038	0.00459045	0.7562	0.99048
17	58800000	58820000	6900	35	15497	6966	0.00507246	0.77485	0.990525
17	58820000	58840000	8454	52	11617	8530	0.00615093	0.58085	0.99109
17	58840000	58860000	5625	23	15800	5666	0.00408889	0.79	0.992764
17	58860000	58880000	7785	27	15067	7902	0.00346821	0.75335	0.985194
17	58880000	58900000	8862	48	11532	8952	0.00541638	0.5766	0.989946
17	58900000	58920000	11419	56	6704	11640	0.00490411	0.3352	0.981014
17	58920000	58940000	6867	113	13797	7325	0.0164555	0.68985	0.937474
17	58940000	58960000	9798	54	11262	9937	0.00551133	0.5631	0.986012
17	58960000	58980000	6822	47	14745	6984	0.00688948	0.73725	0.976804
17	58980000	59000000	10092	41	10985	10155	0.00406262	0.54925	0.993796
17	59000000	59020000	10150	50	8903	10230	0.00492611	0.44515	0.99218
17	59020000	59040000	9671	47	14986	9741	0.00485989	0.7493	0.992814
17	59040000	59060000	7042	36	16836	7127	0.00511218	0.8418	0.988074
17	59060000	59080000	8953	54	12268	9067	0.0060315	0.6134	0.987427
17	59080000	59100000	12377	43	4409	12550	0.00347419	0.22045	0.986215
17	59100000	59120000	12572	66	4858	12649	0.00524976	0.2429	0.993913
17	59120000	59140000	10531	55	9529	10812	0.00522268	0.47645	0.97401
17	59140000	59160000	10794	41	6434	10851	0.00379841	0.3217	0.994747
17	59160000	59180000	12021	57	7616	12082	0.0047417	0.3808	0.994951
17	59180000	59200000	7400	26	15832	7453	0.00351351	0.7916	0.992889
17	59200000	59220000	12913	77	4763	13078	0.00596298	0.23815	0.987383
17	59220000	59240000	12008	46	3757	12083	0.00383078	0.18785	0.993793
17	59240000	59260000	9326	40	10459	9384	0.00428908	0.52295	0.993819
17	59260000	59280000	10509	40	8310	10669	0.00380626	0.4155	0.985003
17	59280000	59300000	11833	46	4553	11939	0.00388743	0.22765	0.991122
17	59300000	59320000	10666	53	8449	10755	0.00496906	0.42245	0.991725
17	59320000	59340000	7639	32	6384	7689	0.00418903	0.3192	0.993497
17	59340000	59360000	7961	47	14843	8231	0.00590378	0.74215	0.967197
17	59360000	59380000	11998	77	6012	12081	0.00641774	0.3006	0.99313
17	59380000	59400000	12718	67	5721	12793	0.00526812	0.28605	0.994137
17	59400000	59420000	9900	63	9204	11557	0.00636364	0.4602	0.856624
17	59420000	59440000	11934	70	9072	12070	0.00586559	0.4536	0.988732
17	59440000	59460000	11897	67	5486	12176	0.00563167	0.2743	0.977086
17	59460000	59480000	13002	59	1795	14145	0.00453776	0.08975	0.919194
17	59480000	59500000	11417	43	5393	12021	0.00376631	0.26965	0.949755
17	59500000	59520000	8532	49	15161	9316	0.00574308	0.75805	0.915844
17	59520000	59540000	13758	60	3686	13845	0.0043611	0.1843	0.993716
17	59540000	59560000	14165	70	4877	14285	0.00494176	0.24385	0.9916
17	59560000	59580000	13111	59	5705	13263	0.00450004	0.28525	0.98854
17	59580000	59600000	9385	59	11584	9891	0.00628663	0.5792	0.948842
17	59600000	59620000	8867	59	12828	8938	0.00665389	0.6414	0.992056
17	59620000	59640000	9931	69	11965	9998	0.00694794	0.59825	0.993299
17	59640000	59660000	10563	54	8957	10637	0.00511218	0.44785	0.993043
17	59660000	59680000	11986	56	8926	12157	0.00467212	0.4463	0.985934
17	59680000	59700000	10311	49	12028	10410	0.00475221	0.6014	0.99049
17	59700000	59720000	6528	31	18777	6577	0.00474877	0.93885	0.99255
17	59720000	59740000	11186	62	12840	11272	0.00554264	0.642	0.99237
17	59740000	59760000	6064	21	12890	6469	0.00346306	0.6445	0.937394
17	59760000	59780000	9225	39	15860	9365	0.00422764	0.793	0.985051
17	59780000	59800000	7813	35	16039	8126	0.00447971	0.80195	0.961482
17	59800000	59820000	11640	40	9152	11712	0.00343643	0.4576	0.993852
17	59820000	59840000	8998	29	15161	9074	0.00322294	0.75805	0.991624
17	59840000	59860000	9089	30	12099	9441	0.00330069	0.60495	0.962716
17	59860000	59880000	10181	39	13381	10269	0.00383066	0.66905	0.991431
17	59880000	59900000	11060	32	7796	11237	0.00289331	0.3898	0.984248
17	59900000	59920000	8837	36	14820	8949	0.00407378	0.741	0.987485
17	59920000	59940000	10153	34	12703	10470	0.00334876	0.63515	0.969723
17	59940000	59960000	10870	30	8124	11074	0.00275989	0.4062	0.981578
17	59960000	59980000	8317	38	11683	8370	0.00456896	0.58415	0.993668
17	59980000	60000000	5529	27	15581	6236	0.00488334	0.77905	0.886626
17	60000000	60020000	5342	19	12468	6244	0.00355672	0.6234	0.855541
17	60020000	60040000	9856	28	7729	9899	0.00284091	0.38645	0.995656
17	60040000	60060000	9231	28	11995	9289	0.00303326	0.59975	0.993756
17	60060000	60080000	9123	40	7914	9414	0.00438452	0.3957	0.969089
17	60080000	60100000	8039	44	13769	8091	0.00547332	0.68845	0.993573
17	60100000	60120000	8039	40	12139	8102	0.00497574	0.60695	0.992224
17	60120000	60140000	9578	45	8836	9652	0.00469827	0.4418	0.992333
17	60140000	60160000	9000	36	11381	9149	0.004	0.56905	0.983714
17	60160000	60180000	9842	45	10338	10238	0.00457224	0.5169	0.961321
17	60180000	60200000	9355	52	10601	9454	0.00555852	0.53005	0.989528
17	60200000	60220000	5563	36	10547	6192	0.00647133	0.52735	0.898417
17	60220000	60240000	6850	43	14145	6899	0.00627737	0.70725	0.992898
17	60240000	60260000	9017	49	13722	9136	0.00543418	0.6861	0.986975
17	60260000	60280000	6656	35	15756	6752	0.00525841	0.7878	0.985782
17	60280000	60300000	920	15	13033	1631	0.0163043	0.65165	0.564071
17	60300000	60320000	3	1	10864	146	0.333333	0.5432	0.0205479
17	60320000	60340000	0	0	11285	165		0.56425	0
17	60340000	60360000	0	0	6338	8		0.3169	0
17	60360000	60380000	0	0	7033	1395		0.35165	0
17	60380000	60400000	0	0	11050	8990		0.5525	0
17	60400000	60420000	4958	34	14172	7188	0.0068576	0.7086	0.689761
17	60420000	60440000	4827	34	14738	4899	0.00704371	0.7369	0.985303
17	60440000	60460000	7232	51	11526	9062	0.00705199	0.5763	0.798058
17	60460000	60480000	2449	18	11854	8972	0.00734994	0.5927	0.27296
17	60480000	60500000	4324	21	11892	4352	0.00485661	0.5946	0.993566
17	60500000	60520000	123	7	11419	127	0.0569106	0.57095	0.968504
17	60520000	60540000	250	22	11594	294	0.088	0.5797	0.85034
17	60540000	60560000	107	17	11311	157	0.158879	0.56555	0.681529
17	60560000	60580000	85	13	13370	136	0.152941	0.6685	0.625
17	60580000	60600000	119	17	14198	132	0.142857	0.7099	0.901515
17	60600000	60620000	134	13	12510	165	0.0970149	0.6255	0.812121
17	60620000	60640000	452	4	11592	462	0.00884956	0.5796	0.978355
17	60640000	60660000	9951	39	8162	10087	0.0039192	0.4081	0.986517
17	60660000	60680000	8607	36	9433	8672	0.00418264	0.47165	0.992505
17	60680000	60700000	9711	39	6681	9770	0.00401606	0.33405	0.993961
17	60700000	60720000	8745	60	10009	8833	0.00686106	0.50045	0.990037
17	60720000	60740000	9930	74	11081	10154	0.00745217	0.55405	0.97794
17	60740000	60760000	12142	78	6343	12238	0.00642398	0.31715	0.992156
17	60760000	60780000	10004	45	8380	10242	0.0044982	0.419	0.976762
17	60780000	60800000	11447	60	6942	11614	0.00524155	0.3471	0.985621
17	60800000	60820000	10785	48	9130	10866	0.00445063	0.4565	0.992546
17	60820000	60840000	11452	50	6816	11693	0.00436605	0.3408	0.979389
17	60840000	60860000	10392	78	11438	10558	0.00750577	0.5719	0.984277
17	60860000	60880000	6505	45	11478	8493	0.00691776	0.5739	0.765925
17	60880000	60900000	9752	55	9224	9829	0.00563987	0.4612	0.992166
17	60900000	60920000	7582	36	15478	7707	0.00474809	0.7739	0.983781
17	60920000	60940000	7485	43	11145	8684	0.00574482	0.55725	0.86193
17	60940000	60960000	10895	73	11035	11414	0.00670032	0.55175	0.95453
17	60960000	60980000	10166	48	9845	10554	0.00472162	0.49225	0.963237
17	60980000	61000000	9862	57	12600	9939	0.00577976	0.63	0.992253
17	61000000	61020000	10990	54	13630	11064	0.00491356	0.6815	0.993312
17	61020000	61040000	9176	56	12216	9233	0.00610288	0.6108	0.993826
17	61040000	61060000	11321	47	9161	11508	0.00415158	0.45805	0.98375
17	61060000	61080000	9262	55	14237	9333	0.00593824	0.71185	0.992393
17	61080000	61100000	9053	44	15167	9514	0.00486027	0.75835	0.951545
17	61100000	61120000	12504	44	10625	12619	0.00351887	0.53125	0.990887
17	61120000	61140000	10522	44	13269	10589	0.00418171	0.66345	0.993673
17	61140000	61160000	12394	41	10721	12504	0.00330805	0.53605	0.991203
17	61160000	61180000	10379	43	13582	10446	0.00414298	0.6791	0.993586
17	61180000	61200000	11920	49	8227	12001	0.00411074	0.41135	0.993251
17	61200000	61220000	10983	55	8312	11256	0.00500774	0.4156	0.975746
17	61220000	61240000	12539	46	7632	12651	0.00366855	0.3816	0.991147
17	61240000	61260000	11272	42	8869	11358	0.00372605	0.44345	0.992428
17	61260000	61280000	11166	52	10010	11250	0.00465699	0.5005	0.992533
17	61280000	61300000	9916	39	15844	9983	0.00393304	0.7922	0.993289
17	61300000	61320000	7358	43	13602	8011	0.00584398	0.6801	0.918487
17	61320000	61340000	8687	42	14358	8789	0.00483481	0.7179	0.988395
17	61340000	61360000	11223	38	8436	11299	0.0033859	0.4218	0.993274
17	61360000	61380000	9508	48	16680	9616	0.00504838	0.834	0.988769
17	61380000	61400000	9169	50	10874	9257	0.00545316	0.5437	0.990494
17	61400000	61420000	9199	41	11103	9261	0.00445701	0.55515	0.993305
17	61420000	61440000	11867	42	10318	12045	0.00353923	0.5159	0.985222
17	61440000	61460000	10913	45	8176	10983	0.00412352	0.4088	0.993627
17	61460000	61480000	11895	46	8633	11980	0.00386717	0.43165	0.992905
17	61480000	61500000	14136	68	2085	14206	0.00481041	0.10425	0.995073
17	61500000	61520000	12971	85	3335	13077	0.00655308	0.16675	0.991894
17	61520000	61540000	8837	52	9498	9430	0.00588435	0.4749	0.937116
17	61540000	61560000	8669	57	10610	9429	0.00657515	0.5305	0.919398
17	61560000	61580000	10107	61	5637	12022	0.00603542	0.28185	0.840709
17	61580000	61600000	5676	19	8565	11849	0.00334743	0.42825	0.479028
17	61600000	61620000	12137	47	5853	12926	0.00387246	0.29265	0.93896
17	61620000	61640000	10189	78	10572	10310	0.00765531	0.5286	0.988264
17	61640000	61660000	9497	51	11411	9719	0.00537012	0.57055	0.977158
17	61660000	61680000	10036	47	8255	10258	0.00468314	0.41275	0.978358
17	61680000	61700000	7418	43	10605	7554	0.00579671	0.53025	0.981996
17	61700000	61720000	10846	42	6290	10931	0.0038724	0.3145	0.992224
17	61720000	61740000	8710	19	10656	8759	0.0021814	0.5328	0.994406
17	61740000	61760000	10657	36	8613	10710	0.00337806	0.43065	0.995051
17	61760000	61780000	12098	47	3270	12507	0.00388494	0.1635	0.967298
17	61780000	61800000	10065	36	10104	10406	0.00357675	0.5052	0.96723
17	61800000	61820000	7465	32	10744	7515	0.00428667	0.5372	0.993347
17	61820000	61840000	8785	31	8894	8931	0.00352874	0.4447	0.983652
17	61840000	61860000	8607	38	9668	8938	0.00441501	0.4834	0.962967
17	61860000	61880000	8861	38	9962	8915	0.00428846	0.4981	0.993943
17	61880000	61900000	12098	37	5200	12197	0.00305836	0.26	0.991883
17	61900000	61920000	12458	44	3190	12533	0.00353187	0.1595	0.994016
17	61920000	61940000	6388	26	9464	8911	0.00407013	0.4732	0.716867
17	61940000	61960000	644	10	7174	795	0.015528	0.3587	0.810063
17	61960000	61980000	33	3	6705	385	0.0909091	0.33525	0.0857143
17	61980000	62000000	558	24	6886	864	0.0430108	0.3443	0.645833
17	62000000	62020000	10882	55	6008	11149	0.00505422	0.3004	0.976052
17	62020000	62040000	10617	87	5267	11895	0.00819441	0.26335	0.89256
17	62040000	62060000	9794	72	10113	11604	0.00735144	0.50565	0.844019
17	62060000	62080000	8518	34	6081	11456	0.00399155	0.30405	0.743541
17	62080000	62100000	9760	48	13432	9826	0.00491803	0.6716	0.993283
17	62100000	62120000	9620	40	10324	9834	0.004158	0.5162	0.978239
17	62120000	62140000	14412	60	6384	14737	0.0041632	0.3192	0.977947
17	62140000	62160000	12432	45	7425	12532	0.00361969	0.37125	0.99202
17	62160000	62180000	11992	56	7130	12072	0.00466978	0.3565	0.993373
17	62180000	62200000	10836	40	6766	10942	0.0036914	0.3383	0.990313
17	62200000	62220000	8042	30	10169	8111	0.00373042	0.50845	0.991493
17	62220000	62240000	12915	41	4391	13009	0.0031746	0.21955	0.992774
17	62240000	62260000	12122	59	6726	12350	0.00486718	0.3363	0.981538
17	62260000	62280000	11195	39	8861	11277	0.0034837	0.44305	0.992729
17	62280000	62300000	10771	45	7412	10855	0.00417789	0.3706	0.992262
17	62300000	62320000	11399	79	7491	11479	0.00693043	0.37455	0.993031
17	62320000	62340000	10957	56	6953	11025	0.00511089	0.34765	0.993832
17	62340000	62360000	10454	58	9923	10557	0.00554812	0.49615	0.990243
17	62360000	62380000	8246	35	13891	8319	0.00424448	0.69455	0.991225
17	62380000	62400000	7192	37	12974	7419	0.00514461	0.6487	0.969403
17	62400000	62420000	5770	26	3938	5809	0.00450607	0.1969	0.993286
17	62420000	62440000	0	0	0	0		0	
17	62440000	62460000	0	0	0	0		0	
17	62460000	62480000	7937	35	11109	8049	0.00440973	0.55545	0.986085
17	62480000	62500000	10785	44	7425	10881	0.00407974	0.37125	0.991177
17	62500000	62520000	10136	68	5855	10214	0.00670876	0.29275	0.992363
17	62520000	62540000	11290	45	6492	11419	0.00398583	0.3246	0.988703
17	62540000	62560000	10297	50	6616	10368	0.00485578	0.3308	0.993152
17	62560000	62580000	9578	35	9596	9717	0.00365421	0.4798	0.985695
17	62580000	62600000	3876	29	9151	3903	0.00748194	0.45755	0.993082
17	62600000	62620000	9821	29	10654	9859	0.00295286	0.5327	0.996146
17	62620000	62640000	9113	19	12094	9157	0.00208493	0.6047	0.995195
17	62640000	62660000	4157	24	10307	4177	0.00577339	0.51535	0.995212
17	62660000	62680000	4824	25	13397	4842	0.00518242	0.66985	0.996283
17	62680000	62700000	5897	26	13855	5924	0.00440902	0.69275	0.995442
17	62700000	62720000	4388	30	14372	4689	0.00683683	0.7186	0.935807
17	62720000	62740000	231	6	12550	1945	0.025974	0.6275	0.118766
17	62740000	62760000	0	0	8479	2844		0.42395	0
17	62760000	62780000	0	0	6967	3795		0.34835	0
17	62780000	62800000	37	8	7539	1002	0.216216	0.37695	0.0369261
17	62800000	62820000	54	11	11288	55	0.203704	0.5644	0.981818
17	62820000	62840000	45	3	9047	48	0.0666667	0.45235	0.9375
17	62840000	62860000	96	17	8390	105	0.177083	0.4195	0.914286
17	62860000	62880000	1	1	13303	1	1	0.66515	1
17	62880000	62900000	0	0	7302	0		0.3651	
17	62900000	62920000	0	0	11997	589		0.59985	0
17	62920000	62940000	0	0	9368	2169		0.4684	0
17	62940000	62960000	0	0	8469	1841		0.42345	0
17	62960000	62980000	820	35	8475	2040	0.0426829	0.42375	0.401961
17	62980000	63000000	171	8	10913	1963	0.0467836	0.54565	0.0871116
17	63000000	63020000	6050	50	7232	10534	0.00826446	0.3616	0.574331
17	63020000	63040000	9643	54	9540	9732	0.00559992	0.477	0.990855
17	63040000	63060000	9758	55	7966	9822	0.0056364	0.3983	0.993484
17	63060000	63080000	8712	45	11502	8767	0.00516529	0.5751	0.993726
17	63080000	63100000	8210	46	13218	8316	0.00560292	0.6609	0.987253
17	63100000	63120000	9015	37	11813	10873	0.00410427	0.59065	0.829118
17	63120000	63140000	9689	69	10710	10150	0.00712148	0.5355	0.954581
17	63140000	63160000	9856	65	9722	10063	0.00659497	0.4861	0.97943
17	63160000	63180000	10359	51	9473	11855	0.00492326	0.47365	0.873809
17	63180000	63200000	11181	92	7354	11476	0.00822824	0.3677	0.974294
17	63200000	63220000	12203	65	8054	13002	0.00532656	0.4027	0.938548
17	63220000	63240000	10767	86	9856	10865	0.00798737	0.4928	0.99098
17	63240000	63260000	9920	80	11795	10175	0.00806452	0.58975	0.974939
17	63260000	63280000	9562	59	11545	9640	0.00617026	0.57725	0.991909
17	63280000	63300000	10881	110	11331	10970	0.0101094	0.56655	0.991887
17	63300000	63320000	12370	77	8782	12505	0.00622474	0.4391	0.989204
17	63320000	63340000	10846	83	14010	10971	0.00765259	0.7005	0.988606
17	63340000	63360000	11397	65	12283	11491	0.00570326	0.61415	0.99182
17	63360000	63380000	13162	69	7861	13289	0.00524236	0.39305	0.990443
17	63380000	63400000	11763	85	6689	11979	0.00722605	0.33445	0.981968
17	63400000	63420000	9296	61	13513	9435	0.00656196	0.67565	0.985268
17	63420000	63440000	12111	81	10029	12220	0.00668813	0.50145	0.99108
17	63440000	63460000	12564	101	10548	12682	0.00803884	0.5274	0.990695
17	63460000	63480000	6786	52	9943	11237	0.00766284	0.49715	0.603898
17	63480000	63500000	0	0	11079	8414		0.55395	0
17	63500000	63520000	4774	25	12535	9258	0.0052367	0.62675	0.515662
17	63520000	63540000	11971	55	4188	12281	0.00459444	0.2094	0.974758
17	63540000	63560000	12223	50	3434	12523	0.00409065	0.1717	0.976044
17	63560000	63580000	8415	62	10426	8610	0.0073678	0.5213	0.977352
17	63580000	63600000	11470	65	6710	11991	0.00566696	0.3355	0.956551
17	63600000	63620000	9451	68	10532	9535	0.00719501	0.5266	0.99119
17	63620000	63640000	10945	73	6110	11183	0.00666971	0.3055	0.978718
17	63640000	63660000	11005	78	7385	11095	0.00708769	0.36925	0.991888
17	63660000	63680000	11987	63	9125	12081	0.00525569	0.45625	0.992219
17	63680000	63700000	12141	61	8138	12289	0.0050243	0.4069	0.987957
17	63700000	63720000	13587	80	6863	13697	0.00588798	0.34315	0.991969
17	63720000	63740000	12147	81	10937	12250	0.00666831	0.54685	0.991592
17	63740000	63760000	10913	84	12439	10991	0.00769724	0.62195	0.992903
17	63760000	63780000	8111	60	13526	8623	0.00739736	0.6763	0.940624
17	63780000	63800000	12028	49	10939	12099	0.00407383	0.54695	0.994132
17	63800000	63820000	11337	50	11791	11563	0.00441034	0.58955	0.980455
17	63820000	63840000	7318	38	15039	7666	0.00519268	0.75195	0.954605
17	63840000	63860000	10772	42	11437	11185	0.003899	0.57185	0.963076
17	63860000	63880000	11637	77	8096	11786	0.00661683	0.4048	0.987358
17	63880000	63900000	13941	88	4282	14016	0.00631232	0.2141	0.994649
17	63900000	63920000	11518	73	10096	11622	0.00633791	0.5048	0.991051
17	63920000	63940000	8448	47	15649	8542	0.00556345	0.78245	0.988996
17	63940000	63960000	9391	54	13936	9467	0.00575019	0.6968	0.991972
17	63960000	63980000	10388	51	10538	10481	0.00490951	0.5269	0.991127
17	63980000	64000000	9753	51	10948	9822	0.00522916	0.5474	0.992975
17	64000000	64020000	10301	36	13278	10453	0.00349481	0.6639	0.985459
17	64020000	64040000	11312	47	11415	11379	0.00415488	0.57075	0.994112
17	64040000	64060000	9214	44	13863	9281	0.00477534	0.69315	0.992781
17	64060000	64080000	8614	33	11657	8676	0.00383097	0.58285	0.992854
17	64080000	64100000	9170	45	15497	9231	0.00490731	0.77485	0.993392
17	64100000	64120000	6606	29	17063	6658	0.00438995	0.85315	0.99219
17	64120000	64140000	10244	46	11802	10325	0.00449043	0.5901	0.992155
17	64140000	64160000	6455	28	19086	6511	0.00433772	0.9543	0.991399
17	64160000	64180000	10216	67	9104	10322	0.00655834	0.4552	0.989731
17	64180000	64200000	8560	56	10796	8875	0.00654206	0.5398	0.964507
17	64200000	64220000	10926	59	12857	11071	0.00539996	0.64285	0.986903
17	64220000	64240000	8929	44	11534	9127	0.00492776	0.5767	0.978306
17	64240000	64260000	6187	36	14501	6506	0.00581865	0.72505	0.950968
17	64260000	64280000	8190	58	13244	8335	0.00708181	0.6622	0.982603
17	64280000	64300000	7833	49	10286	7883	0.00625559	0.5143	0.993657
17	64300000	64320000	9577	47	5733	11272	0.00490759	0.28665	0.849627
17	64320000	64340000	11349	68	8608	11426	0.00599172	0.4304	0.993261
17	64340000	64360000	11550	48	6537	11653	0.00415584	0.32685	0.991161
17	64360000	64380000	11457	72	7060	11551	0.00628437	0.353	0.991862
17	64380000	64400000	11896	75	7065	11997	0.00630464	0.35325	0.991581
17	64400000	64420000	10390	68	8180	10491	0.00654475	0.409	0.990373
17	64420000	64440000	12605	92	5661	12716	0.00729869	0.28305	0.991271
17	64440000	64460000	11967	101	5069	12075	0.00843988	0.25345	0.991056
17	64460000	64480000	10621	69	8035	10788	0.00649656	0.40175	0.98452
17	64480000	64500000	11814	58	6867	11950	0.00490943	0.34335	0.988619
17	64500000	64520000	11717	77	7311	11832	0.00657165	0.36555	0.990281
17	64520000	64540000	13823	94	3915	13935	0.00680026	0.19575	0.991963
17	64540000	64560000	11312	76	9379	11382	0.00671853	0.46895	0.99385
17	64560000	64580000	11514	88	8916	11603	0.00764287	0.4458	0.99233
17	64580000	64600000	6840	52	13266	7299	0.00760234	0.6633	0.937115
17	64600000	64620000	12833	84	7525	12959	0.00654562	0.37625	0.990277
17	64620000	64640000	11912	93	6934	12016	0.00780725	0.3467	0.991345
17	64640000	64660000	12252	56	5443	12767	0.00457068	0.27215	0.959662
17	64660000	64680000	12388	71	9088	12542	0.00573135	0.4544	0.987721
17	64680000	64700000	11101	89	10046	11218	0.0080173	0.5023	0.98957
17	64700000	64720000	12085	90	6238	12187	0.00744725	0.3119	0.99163
17	64720000	64740000	10518	81	7891	10913	0.00770108	0.39455	0.963805
17	64740000	64760000	9574	67	10938	11080	0.00699812	0.5469	0.864079
17	64760000	64780000	10588	64	8960	10921	0.00604458	0.448	0.969508
17	64780000	64800000	9884	61	5940	12102	0.00617159	0.297	0.816725
17	64800000	64820000	11855	85	7764	11972	0.00716997	0.3882	0.990227
17	64820000	64840000	12775	85	7368	12928	0.00665362	0.3684	0.988165
17	64840000	64860000	11038	80	11106	11480	0.00724769	0.5553	0.961498
17	64860000	64880000	12798	56	10841	12922	0.00437568	0.54205	0.990404
17	64880000	64900000	12072	61	9371	12475	0.00505302	0.46855	0.967695
17	64900000	64920000	10794	53	11371	11504	0.00491014	0.56855	0.938282
17	64920000	64940000	11477	68	11909	11604	0.00592489	0.59545	0.989055
17	64940000	64960000	12871	78	7417	13008	0.00606014	0.37085	0.989468
17	64960000	64980000	11248	69	7722	12393	0.00613442	0.3861	0.907609
17	64980000	65000000	11592	75	9716	11731	0.00646998	0.4858	0.988151
17	65000000	65020000	12688	77	8268	12787	0.00606873	0.4134	0.992258
17	65020000	65040000	10172	64	9917	11620	0.00629178	0.49585	0.875387
17	65040000	65060000	11091	73	8610	11211	0.00658191	0.4305	0.989296
17	65060000	65080000	11635	64	6067	11716	0.00550064	0.30335	0.993086
17	65080000	65100000	9461	49	10114	9542	0.00517916	0.5057	0.991511
17	65100000	65120000	11538	49	9002	11773	0.00424684	0.4501	0.980039
17	65120000	65140000	11595	55	8453	12056	0.00474342	0.42265	0.961762
17	65140000	65160000	11787	49	6834	11875	0.00415712	0.3417	0.992589
17	65160000	65180000	11330	55	7796	11435	0.00485437	0.3898	0.990818
17	65180000	65200000	11493	55	6310	11594	0.00478552	0.3155	0.991289
17	65200000	65220000	9239	57	10994	9742	0.0061695	0.5497	0.948368
17	65220000	65240000	9883	48	9698	9944	0.00485682	0.4849	0.993866
17	65240000	65260000	6290	39	12768	7277	0.00620032	0.6384	0.864367
17	65260000	65280000	4656	37	14422	5575	0.00794674	0.7211	0.835157
17	65280000	65300000	5352	41	15497	5400	0.00766069	0.77485	0.991111
17	65300000	65320000	5301	36	14509	5746	0.00679117	0.72545	0.922555
17	65320000	65340000	6675	44	14428	6897	0.00659176	0.7214	0.967812
17	65340000	65360000	8661	35	9704	8733	0.0040411	0.4852	0.991755
17	65360000	65380000	7874	34	9185	7996	0.00431801	0.45925	0.984742
17	65380000	65400000	8727	56	11071	8811	0.00641687	0.55355	0.990466
17	65400000	65420000	7810	32	11103	9022	0.00409731	0.55515	0.865662
17	65420000	65440000	7706	41	11983	8103	0.00532053	0.59915	0.951006
17	65440000	65460000	8144	63	13521	8311	0.00773576	0.67605	0.979906
17	65460000	65480000	9829	63	9541	9966	0.0064096	0.47705	0.986253
17	65480000	65500000	8693	117	9864	9114	0.0134591	0.4932	0.953807
17	65500000	65520000	9801	109	9552	10444	0.0111213	0.4776	0.938434
17	65520000	65540000	10102	63	11744	10204	0.00623639	0.5872	0.990004
17	65540000	65560000	11579	82	5967	11716	0.00708179	0.29835	0.988307
17	65560000	65580000	8128	47	8930	9663	0.00578248	0.4465	0.841147
17	65580000	65600000	10022	54	12383	10336	0.00538815	0.61915	0.969621
17	65600000	65620000	8646	52	9460	8780	0.00601434	0.473	0.984738
17	65620000	65640000	10752	71	9748	10966	0.00660342	0.4874	0.980485
17	65640000	65660000	9356	55	11512	9483	0.00587858	0.5756	0.986608
17	65660000	65680000	8223	37	9955	8383	0.00449957	0.49775	0.980914
17	65680000	65700000	10694	44	6392	10776	0.00411446	0.3196	0.99239
17	65700000	65720000	7257	33	11208	7595	0.00454733	0.5604	0.955497
17	65720000	65740000	7472	25	10737	7855	0.00334582	0.53685	0.951241
17	65740000	65760000	6455	42	14558	6520	0.00650658	0.7279	0.990031
17	65760000	65780000	4322	31	14593	4382	0.00717261	0.72965	0.986308
17	65780000	65800000	6188	58	14721	6248	0.00937298	0.73605	0.990397
17	65800000	65820000	4218	19	14241	4277	0.0045045	0.71205	0.986205
17	65820000	65840000	3050	22	10173	3082	0.00721311	0.50865	0.989617
17	65840000	65860000	5930	29	11619	5985	0.00489039	0.58095	0.99081
17	65860000	65880000	7527	34	11495	7588	0.00451707	0.57475	0.991961
17	65880000	65900000	8203	32	9419	8263	0.00390101	0.47095	0.992739
17	65900000	65920000	7795	25	8833	7846	0.00320718	0.44165	0.9935
17	65920000	65940000	6996	46	10848	7080	0.00657519	0.5424	0.988136
17	65940000	65960000	5909	29	9571	5941	0.00490777	0.47855	0.994614
17	65960000	65980000	4213	36	11427	4299	0.00854498	0.57135	0.979995
17	65980000	66000000	3792	28	10288	3836	0.00738397	0.5144	0.98853
17	66000000	66020000	4043	33	15782	4271	0.00816226	0.7891	0.946617
17	66020000	66040000	3804	19	13318	5376	0.00499474	0.6659	0.707589
17	66040000	66060000	0	0	10119	1923		0.50595	0
17	66060000	66080000	1007	17	15907	1605	0.0168818	0.79535	0.627414
17	66080000	66100000	1791	37	10002	2538	0.0206588	0.5001	0.705674
17	66100000	66120000	2953	22	13238	2988	0.00745005	0.6619	0.988286
17	66120000	66140000	1940	26	8303	1961	0.0134021	0.41515	0.989291
17	66140000	66160000	2253	39	6209	2278	0.0173103	0.31045	0.989025
17	66160000	66180000	3643	84	13888	3734	0.0230579	0.6944	0.975629
17	66180000	66200000	3624	82	7803	3681	0.0226269	0.39015	0.984515
17	66200000	66220000	1664	35	12101	1705	0.0210337	0.60505	0.975953
17	66220000	66240000	1414	21	11521	1454	0.0148515	0.57605	0.97249
17	66240000	66260000	1014	10	6897	3182	0.00986193	0.34485	0.318668
17	66260000	66280000	3682	18	10170	3920	0.00488865	0.5085	0.939286
17	66280000	66300000	10173	49	8625	10269	0.00481667	0.43125	0.990651
17	66300000	66320000	8998	61	10426	9521	0.00677928	0.5213	0.945069
17	66320000	66340000	9335	62	14181	9418	0.00664167	0.70905	0.991187
17	66340000	66360000	10113	64	9786	10198	0.00632849	0.4893	0.991665
17	66360000	66380000	10526	82	10377	10640	0.00779023	0.51885	0.989286
17	66380000	66400000	10328	72	7707	10423	0.00697134	0.38535	0.990886
17	66400000	66420000	4249	23	16696	4298	0.00541304	0.8348	0.988599
17	66420000	66440000	11454	67	6408	11567	0.00584948	0.3204	0.990231
17	66440000	66460000	10989	68	5004	11082	0.00618801	0.2502	0.991608
17	66460000	66480000	9223	72	13508	9335	0.00780657	0.6754	0.988002
17	66480000	66500000	8377	49	14873	8486	0.00584935	0.74365	0.987155
17	66500000	66520000	9226	66	8546	9296	0.0071537	0.4273	0.99247
17	66520000	66540000	13050	101	2698	13170	0.00773946	0.1349	0.990888
17	66540000	66560000	7081	48	13618	8783	0.0067787	0.6809	0.806217
17	66560000	66580000	10579	58	10448	10834	0.00548256	0.5224	0.976463
17	66580000	66600000	10494	37	6512	11658	0.00352582	0.3256	0.900154
17	66600000	66620000	11645	72	11077	11917	0.00618291	0.55385	0.977175
17	66620000	66640000	10104	80	13494	10249	0.00791766	0.6747	0.985852
17	66640000	66660000	9854	71	13265	9947	0.0072052	0.66325	0.99065
17	66660000	66680000	10279	53	9999	11155	0.00515614	0.49995	0.92147
17	66680000	66700000	12679	81	6344	12815	0.00638852	0.3172	0.989387
17	66700000	66720000	12443	92	7252	12580	0.00739372	0.3626	0.98911
17	66720000	66740000	10201	84	14554	10322	0.00823449	0.7277	0.988277
17	66740000	66760000	10218	83	9341	10331	0.00812292	0.46705	0.989062
17	66760000	66780000	9492	44	10457	9567	0.00463548	0.52285	0.992161
17	66780000	66800000	8615	54	10143	8815	0.00626814	0.50715	0.977311
17	66800000	66820000	12134	80	8797	12245	0.00659304	0.43985	0.990935
17	66820000	66840000	10862	69	11669	10957	0.00635242	0.58345	0.99133
17	66840000	66860000	9329	74	9640	9414	0.00793225	0.482	0.990971
17	66860000	66880000	10467	78	8385	10546	0.00745199	0.41925	0.992509
17	66880000	66900000	12039	93	10603	12127	0.00772489	0.53015	0.992743
17	66900000	66920000	8830	51	10835	8912	0.00577576	0.54175	0.990799
17	66920000	66940000	12687	78	5881	12855	0.00614803	0.29405	0.986931
17	66940000	66960000	8993	70	12636	9091	0.00778383	0.6318	0.98922
17	66960000	66980000	9092	40	11145	9198	0.00439947	0.55725	0.988476
17	66980000	67000000	8811	50	11306	8881	0.00567472	0.5653	0.992118
17	67000000	67020000	12500	59	8125	12598	0.00472	0.40625	0.992221
17	67020000	67040000	9639	48	9003	9723	0.00497977	0.45015	0.991361
17	67040000	67060000	10686	45	10648	10789	0.00421112	0.5324	0.990453
17	67060000	67080000	8550	51	12326	8600	0.00596491	0.6163	0.994186
17	67080000	67100000	13138	47	5154	13256	0.00357741	0.2577	0.991098
17	67100000	67120000	12679	36	8463	12763	0.00283934	0.42315	0.993418
17	67120000	67140000	12287	57	8459	12591	0.00463905	0.42295	0.975856
17	67140000	67160000	10361	37	8633	10422	0.00357108	0.43165	0.994147
17	67160000	67180000	11375	48	8837	11449	0.00421978	0.44185	0.993537
17	67180000	67200000	10623	45	8763	11030	0.00423609	0.43815	0.963101
17	67200000	67220000	10370	49	11300	10487	0.00472517	0.565	0.988843
17	67220000	67240000	12790	94	10242	12880	0.00734949	0.5121	0.993012
17	67240000	67260000	10601	39	6664	10979	0.0036789	0.3332	0.965571
17	67260000	67280000	9576	47	10116	10102	0.0049081	0.5058	0.947931
17	67280000	67300000	10830	42	9671	10924	0.00387812	0.48355	0.991395
17	67300000	67320000	11868	53	7432	11969	0.00446579	0.3716	0.991562
17	67320000	67340000	11550	63	8410	11652	0.00545455	0.4205	0.991246
17	67340000	67360000	7381	40	12055	7891	0.00541932	0.60275	0.935369
17	67360000	67380000	7387	46	15010	7543	0.00622716	0.7505	0.979319
17	67380000	67400000	7724	57	12490	7786	0.0073796	0.6245	0.992037
17	67400000	67420000	11222	58	7017	11315	0.00516842	0.35085	0.991781
17	67420000	67440000	11244	63	8903	11327	0.00560299	0.44515	0.992672
17	67440000	67460000	11344	67	8803	11725	0.00590621	0.44015	0.967505
17	67460000	67480000	8977	48	11875	11186	0.005347	0.59375	0.802521
17	67480000	67500000	9802	51	9254	9886	0.00520302	0.4627	0.991503
17	67500000	67520000	11128	48	9171	11215	0.00431344	0.45855	0.992243
17	67520000	67540000	12142	71	4636	12240	0.00584747	0.2318	0.991993
17	67540000	67560000	11445	45	6162	11584	0.00393185	0.3081	0.988001
17	67560000	67580000	12798	71	5101	12904	0.00554774	0.25505	0.991785
17	67580000	67600000	11198	78	9859	11304	0.00696553	0.49295	0.990623
17	67600000	67620000	7260	23	13904	7366	0.00316804	0.6952	0.98561
17	67620000	67640000	10801	59	11547	10882	0.00546246	0.57735	0.992557
17	67640000	67660000	10515	44	13737	10601	0.0041845	0.68685	0.991888
17	67660000	67680000	11008	55	13305	11119	0.00499637	0.66525	0.990017
17	67680000	67700000	8389	39	13041	8462	0.00464895	0.65205	0.991373
17	67700000	67720000	13760	86	5431	13864	0.00625	0.27155	0.992499
17	67720000	67740000	8988	47	12547	9069	0.00522919	0.62735	0.991068
17	67740000	67760000	12547	61	7907	12668	0.00486172	0.39535	0.990448
17	67760000	67780000	8778	53	13809	8844	0.00603782	0.69045	0.992537
17	67780000	67800000	10973	61	13580	11546	0.0055591	0.679	0.950372
17	67800000	67820000	11943	65	8351	12052	0.00544252	0.41755	0.990956
17	67820000	67840000	12409	60	11455	12533	0.0048352	0.57275	0.990106
17	67840000	67860000	11653	52	11810	11730	0.00446237	0.5905	0.993436
17	67860000	67880000	10824	70	11030	11238	0.00646711	0.5515	0.963161
17	67880000	67900000	12583	73	8299	12720	0.00580148	0.41495	0.98923
17	67900000	67920000	11563	84	8813	11640	0.00726455	0.44065	0.993385
17	67920000	67940000	10726	61	9619	10818	0.00568712	0.48095	0.991496
17	67940000	67960000	12038	75	8135	12126	0.00623027	0.40675	0.992743
17	67960000	67980000	13181	69	7096	13329	0.00523481	0.3548	0.988896
17	67980000	68000000	10857	84	12823	11065	0.00773694	0.64115	0.981202
17	68000000	68020000	12359	88	11113	12483	0.00712032	0.55565	0.990066
17	68020000	68040000	10153	65	9826	10239	0.00640205	0.4913	0.991601
17	68040000	68060000	12171	78	7687	12284	0.00640868	0.38435	0.990801
17	68060000	68080000	13069	95	4811	13191	0.00726911	0.24055	0.990751
17	68080000	68100000	12311	75	7023	12539	0.00609211	0.35115	0.981817
17	68100000	68120000	11491	90	7977	11611	0.00783222	0.39885	0.989665
17	68120000	68140000	12351	76	4731	12502	0.00615335	0.23655	0.987922
17	68140000	68160000	10956	74	8005	11066	0.00675429	0.40025	0.99006
17	68160000	68180000	12743	50	2004	13706	0.00392372	0.1002	0.929739
17	68180000	68200000	12450	83	6763	12634	0.00666667	0.33815	0.985436
17	68200000	68220000	11904	82	6620	12229	0.00688844	0.331	0.973424
17	68220000	68240000	11750	93	8293	11880	0.00791489	0.41465	0.989057
17	68240000	68260000	13348	81	10784	13465	0.00606832	0.5392	0.991311
17	68260000	68280000	12509	83	6597	12650	0.00663522	0.32985	0.988854
17	68280000	68300000	11584	85	11557	11690	0.00733771	0.57785	0.990932
17	68300000	68320000	12978	104	5242	13092	0.00801356	0.2621	0.991292
17	68320000	68340000	12813	91	8045	12940	0.00710216	0.40225	0.990185
17	68340000	68360000	11540	77	10525	11672	0.00667244	0.52625	0.988691
17	68360000	68380000	13369	81	8739	13494	0.00605879	0.43695	0.990737
17	68380000	68400000	12077	66	8218	12177	0.00546493	0.4109	0.991788
17	68400000	68420000	13372	58	6394	13476	0.00433742	0.3197	0.992283
17	68420000	68440000	12238	66	8665	12346	0.00539304	0.43325	0.991252
17	68440000	68460000	7841	57	14122	7895	0.00726948	0.7061	0.99316
17	68460000	68480000	9762	91	9429	11688	0.00932186	0.47145	0.835216
17	68480000	68500000	12623	69	6581	13333	0.00546621	0.32905	0.946749
17	68500000	68520000	12832	78	6605	12933	0.00607855	0.33025	0.992191
17	68520000	68540000	10236	92	8387	11358	0.00898789	0.41935	0.901215
17	68540000	68560000	8174	65	12462	8252	0.00795204	0.6231	0.990548
17	68560000	68580000	12230	77	6081	12652	0.00629599	0.30405	0.966646
17	68580000	68600000	11318	62	9385	11458	0.005478	0.46925	0.987781
17	68600000	68620000	12012	84	8239	12122	0.00699301	0.41195	0.990926
17	68620000	68640000	14107	88	5368	14233	0.00623804	0.2684	0.991147
17	68640000	68660000	11538	56	6242	11705	0.00485353	0.3121	0.985733
17	68660000	68680000	12145	61	6296	12244	0.00502264	0.3148	0.991914
17	68680000	68700000	11289	92	7508	11382	0.00814953	0.3754	0.991829
17	68700000	68720000	11149	80	9719	11403	0.00717553	0.48595	0.977725
17	68720000	68740000	12035	72	6540	12749	0.00598255	0.327	0.943996
17	68740000	68760000	11992	70	6887	12742	0.00583722	0.34435	0.94114
17	68760000	68780000	13142	76	5815	13277	0.00578299	0.29075	0.989832
17	68780000	68800000	13728	90	8524	13853	0.00655594	0.4262	0.990977
17	68800000	68820000	8888	56	12297	9190	0.00630063	0.61485	0.967138
17	68820000	68840000	9935	55	8966	10044	0.00553598	0.4483	0.989148
17	68840000	68860000	10329	73	8354	10526	0.00706748	0.4177	0.981284
17	68860000	68880000	13100	74	5730	13199	0.00564885	0.2865	0.992499
17	68880000	68900000	12639	103	7256	12832	0.00814938	0.3628	0.984959
17	68900000	68920000	10081	60	11082	10174	0.00595179	0.5541	0.990859
17	68920000	68940000	12708	67	5013	13335	0.00527227	0.25065	0.952981
17	68940000	68960000	7844	50	14213	8756	0.0063743	0.71065	0.895843
17	68960000	68980000	11331	66	10399	11424	0.00582473	0.51995	0.991859
17	68980000	69000000	10934	71	9214	11088	0.00649351	0.4607	0.986111
17	69000000	69020000	10777	89	8833	10885	0.00825833	0.44165	0.990078
17	69020000	69040000	12939	96	5581	13065	0.00741943	0.27905	0.990356
17	69040000	69060000	12686	81	7272	12805	0.00638499	0.3636	0.990707
17	69060000	69080000	12530	73	10489	12640	0.00582602	0.52445	0.991297
17	69080000	69100000	9932	80	9538	10604	0.00805477	0.4769	0.936628
17	69100000	69120000	12355	74	6602	12467	0.00598948	0.3301	0.991016
17	69120000	69140000	9356	68	11130	9448	0.00726806	0.5565	0.990262
17	69140000	69160000	11752	63	6162	11836	0.00536079	0.3081	0.992903
17	69160000	69180000	12944	61	6321	13216	0.00471261	0.31605	0.979419
17	69180000	69200000	12699	70	6147	12814	0.00551225	0.30735	0.991025
17	69200000	69220000	9696	64	12860	11074	0.00660066	0.643	0.875564
17	69220000	69240000	11912	73	6315	12022	0.00612827	0.31575	0.99085
17	69240000	69260000	11457	86	5712	12277	0.00750633	0.2856	0.933208
17	69260000	69280000	11501	66	8897	11648	0.00573863	0.44485	0.98738
17	69280000	69300000	12252	72	10077	12552	0.00587659	0.50385	0.976099
17	69300000	69320000	8905	70	13293	8969	0.00786075	0.66465	0.992864
17	69320000	69340000	11690	57	7875	11777	0.00487596	0.39375	0.992613
17	69340000	69360000	8961	59	13358	9059	0.00658409	0.6679	0.989182
17	69360000	69380000	12637	66	4339	12787	0.00522276	0.21695	0.988269
17	69380000	69400000	10308	55	8941	10411	0.00533566	0.44705	0.990107
17	69400000	69420000	11537	92	9532	11673	0.00797434	0.4766	0.988349
17	69420000	69440000	14376	108	2825	14504	0.00751252	0.14125	0.991175
17	69440000	69460000	11919	82	5142	12032	0.00687977	0.2571	0.990608
17	69460000	69480000	12576	88	4853	12686	0.00699746	0.24265	0.991329
17	69480000	69500000	12056	82	8541	12146	0.00680159	0.42705	0.99259
17	69500000	69520000	11727	94	7448	11838	0.00801569	0.3724	0.990623
17	69520000	69540000	12818	73	8678	12936	0.00569512	0.4339	0.990878
17	69540000	69560000	12908	117	5477	13027	0.00906415	0.27385	0.990865
17	69560000	69580000	11829	94	9359	11934	0.00794657	0.46795	0.991202
17	69580000	69600000	11421	97	5084	13203	0.00849313	0.2542	0.865031
17	69600000	69620000	9036	71	10069	9277	0.00785746	0.50345	0.974022
17	69620000	69640000	10969	84	12442	12256	0.00765795	0.6221	0.89499
17	69640000	69660000	9787	51	10440	9890	0.00521099	0.522	0.989585
17	69660000	69680000	13727	116	7245	13845	0.0084505	0.36225	0.991477
17	69680000	69700000	11867	72	10338	12028	0.00606725	0.5169	0.986615
17	69700000	69720000	13118	78	9724	13250	0.00594603	0.4862	0.990038
17	69720000	69740000	11594	87	8809	11695	0.00750388	0.44045	0.991364
17	69740000	69760000	12865	86	6686	12986	0.0066848	0.3343	0.990682
17	69760000	69780000	11286	64	8664	11391	0.00567074	0.4332	0.990782
17	69780000	69800000	11192	69	8131	11597	0.00616512	0.40655	0.965077
17	69800000	69820000	10380	60	11623	10503	0.00578035	0.58115	0.988289
17	69820000	69840000	12298	67	6762	12407	0.00544804	0.3381	0.991215
17	69840000	69860000	11307	52	7388	11397	0.00459892	0.3694	0.992103
17	69860000	69880000	12482	71	7776	12600	0.00568819	0.3888	0.990635
17	69880000	69900000	11884	75	8131	12155	0.00631101	0.40655	0.977705
17	69900000	69920000	11615	53	6342	11737	0.00456307	0.3171	0.989606
17	69920000	69940000	11621	87	7629	11744	0.00748645	0.38145	0.989527
17	69940000	69960000	9573	54	13198	9661	0.00564086	0.6599	0.990891
17	69960000	69980000	10532	73	10225	11627	0.00693126	0.51125	0.905823
17	69980000	70000000	11853	94	8512	12000	0.00793048	0.4256	0.98775
17	70000000	70020000	11358	72	6341	11448	0.00633914	0.31705	0.992138
17	70020000	70040000	12972	80	5557	13087	0.00616713	0.27785	0.991213
17	70040000	70060000	11625	63	7713	11728	0.00541935	0.38565	0.991218
17	70060000	70080000	11515	74	7092	12388	0.0064264	0.3546	0.929529
17	70080000	70100000	13694	75	5665	13798	0.00547685	0.28325	0.992463
17	70100000	70120000	11619	44	2587	11716	0.0037869	0.12935	0.991721
17	70120000	70140000	12918	59	6812	13453	0.00456727	0.3406	0.960232
17	70140000	70160000	11500	46	8379	11652	0.004	0.41895	0.986955
17	70160000	70180000	13707	72	4791	13844	0.00525279	0.23955	0.990104
17	70180000	70200000	10571	75	7632	11137	0.00709488	0.3816	0.949178
17	70200000	70220000	11217	70	6472	11335	0.00624053	0.3236	0.98959
17	70220000	70240000	10163	51	11404	10515	0.0050182	0.5702	0.966524
17	70240000	70260000	12917	77	6881	13006	0.00596114	0.34405	0.993157
17	70260000	70280000	11903	67	7425	12005	0.00562883	0.37125	0.991504
17	70280000	70300000	12685	79	8330	13519	0.00622783	0.4165	0.938309
17	70300000	70320000	10886	84	9603	12302	0.00771633	0.48015	0.884897
17	70320000	70340000	10105	47	7302	13601	0.00465116	0.3651	0.74296
17	70340000	70360000	12238	92	7470	12430	0.00751757	0.3735	0.984553
17	70360000	70380000	12239	74	7483	12402	0.00604625	0.37415	0.986857
17	70380000	70400000	11682	75	6516	11796	0.00642013	0.3258	0.990336
17	70400000	70420000	12312	77	6644	12417	0.00625406	0.3322	0.991544
17	70420000	70440000	12685	93	5732	12790	0.00733149	0.2866	0.99179
17	70440000	70460000	10973	69	7892	11099	0.00628816	0.3946	0.988648
17	70460000	70480000	12059	67	6336	12162	0.00555602	0.3168	0.991531
17	70480000	70500000	11574	76	9993	11687	0.00656644	0.49965	0.990331
17	70500000	70520000	11225	65	8270	11311	0.00579065	0.4135	0.992397
17	70520000	70540000	11157	61	7847	11653	0.00546742	0.39235	0.957436
17	70540000	70560000	6678	49	11468	9400	0.00733753	0.5734	0.710426
17	70560000	70580000	11420	69	4873	11540	0.00604203	0.24365	0.989601
17	70580000	70600000	11281	100	8537	11718	0.00886446	0.42685	0.962707
17	70600000	70620000	11563	73	8789	11670	0.00631324	0.43945	0.990831
17	70620000	70640000	10948	77	10189	11025	0.00703325	0.50945	0.993016
17	70640000	70660000	12564	79	6274	12676	0.00628781	0.3137	0.991164
17	70660000	70680000	10228	74	13842	10428	0.00723504	0.6921	0.980821
17	70680000	70700000	10147	58	7146	12090	0.00571598	0.3573	0.839289
17	70700000	70720000	11339	78	9313	11431	0.00687891	0.46565	0.991952
17	70720000	70740000	11278	112	7927	11505	0.00993084	0.39635	0.980269
17	70740000	70760000	10135	73	9560	10572	0.00720276	0.478	0.958664
17	70760000	70780000	10550	88	9714	10672	0.00834123	0.4857	0.988568
17	70780000	70800000	11204	72	9659	11320	0.00642628	0.48295	0.989753
17	70800000	70820000	10869	58	11553	11371	0.00533628	0.57765	0.955853
17	70820000	70840000	9930	91	10265	10231	0.00916415	0.51325	0.97058
17	70840000	70860000	10349	75	9560	10429	0.00724708	0.478	0.992329
17	70860000	70880000	11196	92	11352	11487	0.00821722	0.5676	0.974667
17	70880000	70900000	10790	90	10359	11137	0.00834106	0.51795	0.968843
17	70900000	70920000	10345	83	8393	10838	0.0080232	0.41965	0.954512
17	70920000	70940000	10590	98	9623	10866	0.00925401	0.48115	0.9746
17	70940000	70960000	10216	73	8679	10308	0.00714565	0.43395	0.991075
17	70960000	70980000	10305	92	10039	10514	0.0089277	0.50195	0.980122
17	70980000	71000000	10833	67	11810	11027	0.00618481	0.5905	0.982407
17	71000000	71020000	8569	58	13080	9265	0.00676858	0.654	0.924879
17	71020000	71040000	10583	82	9268	10683	0.00774828	0.4634	0.990639
17	71040000	71060000	8558	63	14540	8646	0.00736153	0.727	0.989822
17	71060000	71080000	9127	60	10885	9225	0.0065739	0.54425	0.989377
17	71080000	71100000	8423	53	11412	8687	0.00629229	0.5706	0.96961
17	71100000	71120000	8410	67	12470	8521	0.00796671	0.6235	0.986973
17	71120000	71140000	9045	61	10300	9767	0.00674406	0.515	0.926078
17	71140000	71160000	5507	39	11194	8730	0.0070819	0.5597	0.630813
17	71160000	71180000	11044	72	5589	11212	0.00651938	0.27945	0.985016
17	71180000	71200000	9681	59	10310	9911	0.00609441	0.5155	0.976793
17	71200000	71220000	8887	45	8392	8961	0.00506358	0.4196	0.991742
17	71220000	71240000	9785	68	6175	9982	0.00694941	0.30875	0.980264
17	71240000	71260000	12323	65	4934	12430	0.00527469	0.2467	0.991392
17	71260000	71280000	7423	63	12923	7497	0.00848713	0.64615	0.990129
17	71280000	71300000	8834	62	9130	9035	0.00701834	0.4565	0.977753
17	71300000	71320000	10311	67	7908	10459	0.00649791	0.3954	0.98585
17	71320000	71340000	9074	53	9228	9517	0.00584086	0.4614	0.953452
17	71340000	71360000	11999	82	6176	12119	0.0068339	0.3088	0.990098
17	71360000	71380000	9739	62	11919	9848	0.00636616	0.59595	0.988932
17	71380000	71400000	12157	84	6997	12278	0.0069096	0.34985	0.990145
17	71400000	71420000	8853	66	12447	8939	0.0074551	0.62235	0.990379
17	71420000	71440000	11463	89	9181	11560	0.00776411	0.45905	0.991609
17	71440000	71460000	10364	92	9022	12279	0.00887688	0.4511	0.844043
17	71460000	71480000	9655	53	8518	11324	0.00548938	0.4259	0.852614
17	71480000	71500000	12186	107	8679	12826	0.00878057	0.43395	0.950101
17	71500000	71520000	13835	96	7335	13985	0.00693892	0.36675	0.989274
17	71520000	71540000	14073	102	5324	14365	0.00724792	0.2662	0.979673
17	71540000	71560000	13466	106	6663	13597	0.00787168	0.33315	0.990366
17	71560000	71580000	11451	93	11077	11599	0.00812156	0.55385	0.98724
17	71580000	71600000	12927	82	7707	13151	0.00634331	0.38535	0.982967
17	71600000	71620000	11594	66	8937	12744	0.0056926	0.44685	0.909761
17	71620000	71640000	12580	84	7002	12951	0.00667727	0.3501	0.971354
17	71640000	71660000	11949	80	10379	12137	0.00669512	0.51895	0.98451
17	71660000	71680000	10489	50	15443	10580	0.0047669	0.77215	0.991399
17	71680000	71700000	11041	83	10928	11278	0.00751744	0.5464	0.978986
17	71700000	71720000	13096	110	7841	13319	0.00839951	0.39205	0.983257
17	71720000	71740000	11013	73	6667	12997	0.00662853	0.33335	0.847349
17	71740000	71760000	13090	73	5766	13308	0.00557678	0.2883	0.983619
17	71760000	71780000	13302	75	6854	13612	0.00563825	0.3427	0.977226
17	71780000	71800000	13991	107	7094	14122	0.00764777	0.3547	0.990724
17	71800000	71820000	10013	76	12050	10255	0.00759013	0.6025	0.976402
17	71820000	71840000	12902	93	7936	13328	0.00720818	0.3968	0.968037
17	71840000	71860000	11190	73	8237	11291	0.00652368	0.41185	0.991055
17	71860000	71880000	13476	97	5599	13613	0.00719798	0.27995	0.989936
17	71880000	71900000	14272	100	8930	14448	0.00700673	0.4465	0.987818
17	71900000	71920000	12405	80	14235	12530	0.00644901	0.71175	0.990024
17	71920000	71940000	11430	93	10799	11587	0.00813648	0.53995	0.98645
17	71940000	71960000	10904	87	11598	11605	0.00797872	0.5799	0.939595
17	71960000	71980000	12447	86	8210	12703	0.0069093	0.4105	0.979847
17	71980000	72000000	12087	91	8338	12551	0.00752875	0.4169	0.963031
17	72000000	72020000	12343	84	6363	12944	0.00680548	0.31815	0.953569
17	72020000	72040000	12297	87	8612	12448	0.0070749	0.4306	0.98787
17	72040000	72060000	13319	93	7642	13833	0.00698251	0.3821	0.962842
17	72060000	72080000	11622	67	9568	12797	0.00576493	0.4784	0.908182
17	72080000	72100000	12973	121	9619	13237	0.00932706	0.48095	0.980056
17	72100000	72120000	12268	100	8497	12580	0.00815129	0.42485	0.975199
17	72120000	72140000	9398	91	13337	10920	0.00968291	0.66685	0.860623
17	72140000	72160000	11708	114	10980	11826	0.00973693	0.549	0.990022
17	72160000	72180000	10942	94	12096	11191	0.00859075	0.6048	0.97775
17	72180000	72200000	11338	92	8599	11416	0.00811431	0.42995	0.993167
17	72200000	72220000	11062	81	6902	11267	0.00732236	0.3451	0.981805
17	72220000	72240000	11427	73	8657	11563	0.00638838	0.43285	0.988238
17	72240000	72260000	11620	93	7438	12155	0.00800344	0.3719	0.955985
17	72260000	72280000	7849	43	10745	8306	0.0054784	0.53725	0.94498
17	72280000	72300000	8324	53	12742	9121	0.00636713	0.6371	0.912619
17	72300000	72320000	9702	79	10247	10317	0.00814265	0.51235	0.94039
17	72320000	72340000	11893	92	6521	12031	0.00773564	0.32605	0.98853
17	72340000	72360000	12937	78	4045	13441	0.00602922	0.20225	0.962503
17	72360000	72380000	10127	57	7583	10395	0.00562852	0.37915	0.974218
17	72380000	72400000	8979	67	12182	9274	0.00746186	0.6091	0.968191
17	72400000	72420000	7449	69	13586	7562	0.00926299	0.6793	0.985057
17	72420000	72440000	11121	83	5066	11404	0.00746336	0.2533	0.975184
17	72440000	72460000	11471	76	4983	11668	0.0066254	0.24915	0.983116
17	72460000	72480000	8737	64	9213	10606	0.00732517	0.46065	0.823779
17	72480000	72500000	7256	60	12663	7469	0.00826902	0.63315	0.971482
17	72500000	72520000	6636	55	13030	6712	0.00828813	0.6515	0.988677
17	72520000	72540000	7285	49	11777	9571	0.00672615	0.58885	0.761153
17	72540000	72560000	10936	111	9190	11181	0.01015	0.4595	0.978088
17	72560000	72580000	6592	38	8046	11771	0.00576456	0.4023	0.56002
17	72580000	72600000	9532	70	10916	9882	0.00734368	0.5458	0.964582
17	72600000	72620000	11221	76	7438	13396	0.00677301	0.3719	0.837638
17	72620000	72640000	8188	57	13134	10250	0.00696141	0.6567	0.798829
17	72640000	72660000	11464	62	11842	11724	0.00540823	0.5921	0.977823
17	72660000	72680000	10712	70	10248	10811	0.00653473	0.5124	0.990843
17	72680000	72700000	10810	70	11970	10911	0.00647549	0.5985	0.990743
17	72700000	72720000	8017	54	13676	8107	0.00673569	0.6838	0.988898
17	72720000	72740000	5617	28	8341	10362	0.00498487	0.41705	0.542077
17	72740000	72760000	11410	57	5036	11652	0.00499562	0.2518	0.979231
17	72760000	72780000	11447	61	5728	11553	0.00532891	0.2864	0.990825
17	72780000	72800000	13329	80	3550	13460	0.00600195	0.1775	0.990267
17	72800000	72820000	13998	74	2763	14123	0.00528647	0.13815	0.991149
17	72820000	72840000	13800	73	1897	14048	0.00528986	0.09485	0.982346
17	72840000	72860000	9822	69	5614	12711	0.00702505	0.2807	0.772717
17	72860000	72880000	11058	67	7339	12053	0.00605896	0.36695	0.917448
17	72880000	72900000	9710	93	8648	10072	0.00957775	0.4324	0.964059
17	72900000	72920000	7690	66	11568	7765	0.00858257	0.5784	0.990341
17	72920000	72940000	9796	81	6694	11210	0.00826868	0.3347	0.873863
17	72940000	72960000	12084	66	5728	12206	0.00546177	0.2864	0.990005
17	72960000	72980000	7137	36	11056	8171	0.00504414	0.5528	0.873455
17	72980000	73000000	8716	42	11424	8800	0.00481872	0.5712	0.990455
17	73000000	73020000	8726	59	9796	9112	0.0067614	0.4898	0.957638
17	73020000	73040000	5536	34	11942	5895	0.00614162	0.5971	0.939101
17	73040000	73060000	7626	42	8746	7697	0.00550747	0.4373	0.990776
17	73060000	73080000	7693	46	9523	8627	0.00597946	0.47615	0.891735
17	73080000	73100000	8142	38	10484	8781	0.00466716	0.5242	0.927229
17	73100000	73120000	8105	52	11860	8200	0.00641579	0.593	0.988415
17	73120000	73140000	6730	31	9515	8112	0.00460624	0.47575	0.829635
17	73140000	73160000	6339	20	11022	6928	0.00315507	0.5511	0.914983
17	73160000	73180000	3856	19	12219	4446	0.00492739	0.61095	0.867296
17	73180000	73200000	3052	13	16658	3110	0.0042595	0.8329	0.98135
17	73200000	73220000	7053	27	13189	7226	0.00382816	0.65945	0.976059
17	73220000	73240000	12040	48	4707	12132	0.00398671	0.23535	0.992417
17	73240000	73260000	4734	24	10296	6707	0.00506971	0.5148	0.70583
17	73260000	73280000	7607	44	9290	8227	0.00578415	0.4645	0.924638
17	73280000	73300000	6484	35	13163	6700	0.0053979	0.65815	0.967761
17	73300000	73320000	6037	32	10495	7125	0.00530065	0.52475	0.847298
17	73320000	73340000	8952	60	8713	9195	0.00670241	0.43565	0.973573
17	73340000	73360000	8464	42	11269	9077	0.00496219	0.56345	0.932467
17	73360000	73380000	8721	46	9365	8804	0.00527462	0.46825	0.990572
17	73380000	73400000	8507	45	9978	8561	0.00528976	0.4989	0.993692
17	73400000	73420000	5745	36	14822	6125	0.00626632	0.7411	0.937959
17	73420000	73440000	5134	25	13501	5715	0.0048695	0.67505	0.898338
17	73440000	73460000	6721	37	12255	6967	0.00550513	0.61275	0.964691
17	73460000	73480000	8964	40	10228	9108	0.00446229	0.5114	0.98419
17	73480000	73500000	13018	41	2367	13145	0.00314949	0.11835	0.990339
17	73500000	73520000	10674	49	5690	11561	0.00459059	0.2845	0.923277
17	73520000	73540000	8941	51	8423	9229	0.00570406	0.42115	0.968794
17	73540000	73560000	10554	86	8259	10756	0.00814857	0.41295	0.98122
17	73560000	73580000	9161	71	9994	9756	0.00775025	0.4997	0.939012
17	73580000	73600000	9787	58	8623	9929	0.00592623	0.43115	0.985698
17	73600000	73620000	10352	58	6632	10764	0.00560278	0.3316	0.961724
17	73620000	73640000	14103	75	2482	14729	0.00531802	0.1241	0.957499
17	73640000	73660000	10199	44	10700	10282	0.00431415	0.535	0.991928
17	73660000	73680000	10133	49	8577	10228	0.00483569	0.42885	0.990712
17	73680000	73700000	12990	74	4228	13102	0.00569669	0.2114	0.991452
17	73700000	73720000	8865	62	10744	8965	0.0069938	0.5372	0.988846
17	73720000	73740000	10963	66	7554	11059	0.00602025	0.3777	0.991319
17	73740000	73760000	9487	55	7592	9687	0.00579741	0.3796	0.979354
17	73760000	73780000	8387	51	7324	8488	0.00608084	0.3662	0.988101
17	73780000	73800000	7625	30	9702	7684	0.00393443	0.4851	0.992322
17	73800000	73820000	11358	43	6606	11437	0.00378588	0.3303	0.993093
17	73820000	73840000	10540	50	5867	10865	0.00474383	0.29335	0.970087
17	73840000	73860000	8162	46	8567	8435	0.00563587	0.42835	0.967635
17	73860000	73880000	7369	40	10015	7579	0.00542814	0.50075	0.972292
17	73880000	73900000	9535	70	8120	9799	0.00734137	0.406	0.973058
17	73900000	73920000	9813	59	7557	9884	0.00601243	0.37785	0.992817
17	73920000	73940000	8456	42	9526	8702	0.00496689	0.4763	0.971731
17	73940000	73960000	7745	35	9645	8036	0.00451904	0.48225	0.963788
17	73960000	73980000	6523	42	11041	6690	0.00643876	0.55205	0.975037
17	73980000	74000000	5477	35	12243	6375	0.00639036	0.61215	0.859137
17	74000000	74020000	9938	78	6030	10077	0.00784866	0.3015	0.986206
17	74020000	74040000	7735	50	7667	7849	0.00646412	0.38335	0.985476
17	74040000	74060000	7597	43	9214	8020	0.00566013	0.4607	0.947257
17	74060000	74080000	9866	54	5935	10524	0.00547334	0.29675	0.937476
17	74080000	74100000	9254	51	5758	10713	0.00551113	0.2879	0.86381
17	74100000	74120000	5363	27	13809	5491	0.0050345	0.69045	0.976689
17	74120000	74140000	9797	58	6443	11452	0.00592018	0.32215	0.855484
17	74140000	74160000	12504	58	4407	13707	0.00463852	0.22035	0.912235
17	74160000	74180000	9958	54	10351	10061	0.00542278	0.51755	0.989762
17	74180000	74200000	9899	64	11334	10003	0.0064653	0.5667	0.989603
17	74200000	74220000	9096	55	11870	9160	0.00604661	0.5935	0.993013
17	74220000	74240000	8187	54	9587	8297	0.00659582	0.47935	0.986742
17	74240000	74260000	7091	45	10949	7532	0.00634607	0.54745	0.94145
17	74260000	74280000	11873	83	3077	12363	0.00699065	0.15385	0.960366
17	74280000	74300000	5393	61	12756	5899	0.011311	0.6378	0.914223
17	74300000	74320000	7824	46	10515	8071	0.00587935	0.52575	0.969397
17	74320000	74340000	6296	32	12264	6379	0.00508259	0.6132	0.986989
17	74340000	74360000	5203	27	12583	5453	0.00518931	0.62915	0.954154
17	74360000	74380000	7844	59	11069	8016	0.00752167	0.55345	0.978543
17	74380000	74400000	10480	60	3730	11719	0.00572519	0.1865	0.894274
17	74400000	74420000	11080	82	6940	11940	0.00740072	0.347	0.927973
17	74420000	74440000	9932	70	11613	10279	0.00704793	0.58065	0.966242
17	74440000	74460000	10250	51	8124	10397	0.00497561	0.4062	0.985861
17	74460000	74480000	11327	72	5318	11880	0.00635649	0.2659	0.953451
17	74480000	74500000	11065	62	7174	11256	0.00560325	0.3587	0.983031
17	74500000	74520000	7576	51	11744	7764	0.00673178	0.5872	0.975786
17	74520000	74540000	9904	32	4908	11504	0.00323102	0.2454	0.860918
17	74540000	74560000	6854	46	9478	9736	0.00671141	0.4739	0.703985
17	74560000	74580000	8208	62	8977	9651	0.00755361	0.44885	0.850482
17	74580000	74600000	7201	30	11440	7804	0.00416609	0.572	0.922732
17	74600000	74620000	4465	40	16898	5114	0.00895857	0.8449	0.873093
17	74620000	74640000	10031	70	8571	10320	0.00697837	0.42855	0.971996
17	74640000	74660000	7544	55	13890	7715	0.00729056	0.6945	0.977835
17	74660000	74680000	9832	60	8286	9962	0.00610252	0.4143	0.98695
17	74680000	74700000	9630	75	8010	9803	0.00778816	0.4005	0.982352
17	74700000	74720000	10133	68	5784	10283	0.00671075	0.2892	0.985413
17	74720000	74740000	8139	33	6602	8196	0.00405455	0.3301	0.993045
17	74740000	74760000	6525	50	13822	6649	0.00766284	0.6911	0.981351
17	74760000	74780000	8276	59	13074	8346	0.00712905	0.6537	0.991613
17	74780000	74800000	4800	34	16534	4826	0.00708333	0.8267	0.994613
17	74800000	74820000	3624	53	13877	6457	0.0146247	0.69385	0.561251
17	74820000	74840000	6350	62	11853	7997	0.00976378	0.59265	0.794048
17	74840000	74860000	8240	58	13335	8333	0.00703883	0.66675	0.98884
17	74860000	74880000	10809	63	6395	12299	0.00582848	0.31975	0.878852
17	74880000	74900000	9398	73	9401	10125	0.00776761	0.47005	0.928198
17	74900000	74920000	13033	88	7011	13212	0.00675209	0.35055	0.986452
17	74920000	74940000	10498	111	9229	11326	0.0105734	0.46145	0.926894
17	74940000	74960000	9806	91	9310	11623	0.00928003	0.4655	0.843672
17	74960000	74980000	9006	81	11860	10569	0.008994	0.593	0.852115
17	74980000	75000000	8773	88	11955	9246	0.0100308	0.59775	0.948843
17	75000000	75020000	6820	56	16963	7048	0.00821114	0.84815	0.96765
17	75020000	75040000	10331	91	11389	10710	0.00880844	0.56945	0.964613
17	75040000	75060000	6947	64	10063	9319	0.00921261	0.50315	0.745466
17	75060000	75080000	8128	67	12052	8302	0.00824311	0.6026	0.979041
17	75080000	75100000	7349	65	11191	7816	0.00884474	0.55955	0.940251
17	75100000	75120000	7637	51	10856	7887	0.00667801	0.5428	0.968302
17	75120000	75140000	7256	41	10574	8471	0.0056505	0.5287	0.856569
17	75140000	75160000	10294	61	9013	10579	0.00592578	0.45065	0.97306
17	75160000	75180000	9026	54	13500	9529	0.00598272	0.675	0.947214
17	75180000	75200000	9278	67	9227	9434	0.00722138	0.46135	0.983464
17	75200000	75220000	10503	66	5620	10766	0.00628392	0.281	0.975571
17	75220000	75240000	6106	72	10544	8317	0.0117917	0.5272	0.734159
17	75240000	75260000	6311	59	9721	9124	0.00934876	0.48605	0.691692
17	75260000	75280000	8630	72	12337	8874	0.00834299	0.61685	0.972504
17	75280000	75300000	8882	65	10806	9607	0.00731817	0.5403	0.924534
17	75300000	75320000	11701	123	5982	12368	0.0105119	0.2991	0.946071
17	75320000	75340000	6594	53	14431	8610	0.00803761	0.72155	0.765854
17	75340000	75360000	10413	72	11853	10589	0.00691443	0.59265	0.983379
17	75360000	75380000	11867	88	3987	12892	0.00741552	0.19935	0.920493
17	75380000	75400000	12350	110	6000	12648	0.00890688	0.3	0.976439
17	75400000	75420000	10193	76	6203	11112	0.0074561	0.31015	0.917297
17	75420000	75440000	13440	95	5799	13559	0.00706845	0.28995	0.991224
17	75440000	75460000	11786	77	6931	11938	0.00653317	0.34655	0.987268
17	75460000	75480000	9530	66	6295	12139	0.0069255	0.31475	0.785073
17	75480000	75500000	3611	28	6112	11414	0.00775408	0.3056	0.316366
17	75500000	75520000	9166	59	12347	9494	0.00643683	0.61735	0.965452
17	75520000	75540000	10364	75	8453	10878	0.00723659	0.42265	0.952749
17	75540000	75560000	9928	67	6513	11018	0.00674859	0.32565	0.901071
17	75560000	75580000	10947	91	8976	11062	0.00831278	0.4488	0.989604
17	75580000	75600000	11060	83	8397	11197	0.00750452	0.41985	0.987765
17	75600000	75620000	11029	111	11996	11144	0.0100644	0.5998	0.989681
17	75620000	75640000	10053	66	12884	10161	0.0065652	0.6442	0.989371
17	75640000	75660000	11179	89	10253	11319	0.00796136	0.51265	0.987631
17	75660000	75680000	11526	75	11299	12037	0.00650703	0.56495	0.957548
17	75680000	75700000	7890	47	8824	11653	0.00595691	0.4412	0.677079
17	75700000	75720000	11602	94	13665	11742	0.00810205	0.68325	0.988077
17	75720000	75740000	12907	113	9885	13070	0.00875494	0.49425	0.987529
17	75740000	75760000	11033	109	6921	11217	0.00987945	0.34605	0.983596
17	75760000	75780000	10231	100	7735	10942	0.00977422	0.38675	0.935021
17	75780000	75800000	11707	72	6996	11812	0.00615017	0.3498	0.991111
17	75800000	75820000	11369	73	9742	11840	0.00642097	0.4871	0.96022
17	75820000	75840000	12371	107	9257	12512	0.00864926	0.46285	0.988731
17	75840000	75860000	12163	124	8771	12319	0.0101949	0.43855	0.987337
17	75860000	75880000	11891	69	8256	12036	0.00580271	0.4128	0.987953
17	75880000	75900000	11917	84	6571	12054	0.00704875	0.32855	0.988634
17	75900000	75920000	8706	72	10765	8807	0.00827016	0.53825	0.988532
17	75920000	75940000	10289	64	8689	10394	0.00622024	0.43445	0.989898
17	75940000	75960000	11576	82	7555	11676	0.00708362	0.37775	0.991435
17	75960000	75980000	10438	69	11985	10501	0.00661046	0.59925	0.994001
17	75980000	76000000	11984	53	11053	12058	0.00442256	0.55265	0.993863
17	76000000	76020000	12091	54	6942	12172	0.00446613	0.3471	0.993345
17	76020000	76040000	10742	64	8697	10935	0.00595792	0.43485	0.98235
17	76040000	76060000	12034	47	6337	12149	0.0039056	0.31685	0.990534
17	76060000	76080000	11513	57	7842	11630	0.00495093	0.3921	0.98994
17	76080000	76100000	10614	45	7928	10702	0.00423968	0.3964	0.991777
17	76100000	76120000	9916	48	5761	10031	0.00484066	0.28805	0.988536
17	76120000	76140000	11271	68	3820	12476	0.00603318	0.191	0.903415
17	76140000	76160000	7246	63	11703	7454	0.00869445	0.58515	0.972096
17	76160000	76180000	9254	71	6276	9556	0.00767236	0.3138	0.968397
17	76180000	76200000	5523	48	12068	6830	0.00869093	0.6034	0.808638
17	76200000	76220000	7501	45	10418	7751	0.0059992	0.5209	0.967746
17	76220000	76240000	10585	87	7051	10877	0.00821918	0.35255	0.973154
17	76240000	76260000	9451	84	10020	9842	0.00888795	0.501	0.960272
17	76260000	76280000	9551	74	8815	10544	0.00774788	0.44075	0.905823
17	76280000	76300000	8462	66	11115	8804	0.00779957	0.55575	0.961154
17	76300000	76320000	9068	73	10147	9492	0.00805029	0.50735	0.955331
17	76320000	76340000	8721	67	9665	8950	0.00768261	0.48325	0.974413
17	76340000	76360000	10474	50	6684	10554	0.00477373	0.3342	0.99242
17	76360000	76380000	8710	45	9336	8901	0.00516648	0.4668	0.978542
17	76380000	76400000	9943	66	7347	10640	0.00663784	0.36735	0.934492
17	76400000	76420000	12205	102	5166	12360	0.00835723	0.2583	0.98746
17	76420000	76440000	11688	130	5772	11895	0.0111225	0.2886	0.982598
17	76440000	76460000	10318	103	7404	11228	0.00998255	0.3702	0.918953
17	76460000	76480000	6443	71	9371	8775	0.0110197	0.46855	0.734245
17	76480000	76500000	11101	125	5363	12670	0.0112602	0.26815	0.876164
17	76500000	76520000	4812	59	12362	9242	0.012261	0.6181	0.520667
17	76520000	76540000	8169	85	9225	10471	0.0104052	0.46125	0.780155
17	76540000	76560000	10230	121	9738	11297	0.011828	0.4869	0.90555
17	76560000	76580000	11074	114	8135	12136	0.0102944	0.40675	0.912492
17	76580000	76600000	8674	88	12886	9228	0.0101453	0.6443	0.939965
17	76600000	76620000	10106	107	9895	10412	0.0105878	0.49475	0.970611
17	76620000	76640000	7350	59	12267	8861	0.00802721	0.61335	0.829477
17	76640000	76660000	9284	101	11056	9405	0.0108789	0.5528	0.987135
17	76660000	76680000	13661	90	7905	13792	0.0065881	0.39525	0.990502
17	76680000	76700000	10838	52	8172	10930	0.00479793	0.4086	0.991583
17	76700000	76720000	11285	67	8023	12128	0.00593708	0.40115	0.930491
17	76720000	76740000	11640	73	7985	11763	0.00627148	0.39925	0.989543
17	76740000	76760000	8876	55	11524	8998	0.00619648	0.5762	0.986441
17	76760000	76780000	6828	38	10308	7117	0.00556532	0.5154	0.959393
17	76780000	76800000	9933	61	6478	10628	0.00614115	0.3239	0.934607
17	76800000	76820000	9860	60	7857	9948	0.00608519	0.39285	0.991154
17	76820000	76840000	10751	57	7911	10866	0.00530183	0.39555	0.989417
17	76840000	76860000	8017	41	9482	8190	0.00511413	0.4741	0.978877
17	76860000	76880000	6580	49	9115	9039	0.00744681	0.45575	0.727957
17	76880000	76900000	11690	81	6776	11834	0.006929	0.3388	0.987832
17	76900000	76920000	8567	54	10172	8875	0.00630326	0.5086	0.965296
17	76920000	76940000	9189	64	8537	9308	0.00696485	0.42685	0.987215
17	76940000	76960000	9051	85	10964	9480	0.00939123	0.5482	0.954747
17	76960000	76980000	11736	79	7284	12134	0.00673142	0.3642	0.9672
17	76980000	77000000	9166	72	8536	10485	0.00785512	0.4268	0.874201
17	77000000	77020000	7501	55	10949	9433	0.00733236	0.54745	0.795187
17	77020000	77040000	8875	57	7934	9903	0.00642254	0.3967	0.896193
17	77040000	77060000	7489	45	12344	9213	0.00600881	0.6172	0.812873
17	77060000	77080000	9348	82	10393	9431	0.00877193	0.51965	0.991199
17	77080000	77100000	13056	89	1217	13342	0.00681679	0.06085	0.978564
17	77100000	77120000	11680	98	5670	13354	0.00839041	0.2835	0.874644
17	77120000	77140000	12908	115	3665	14110	0.0089092	0.18325	0.914812
17	77140000	77160000	10340	85	4261	13165	0.0082205	0.21305	0.785416
17	77160000	77180000	12277	102	4762	13117	0.00830822	0.2381	0.935961
17	77180000	77200000	13183	89	4535	13428	0.00675112	0.22675	0.981755
17	77200000	77220000	13038	113	5791	13441	0.00866697	0.28955	0.970017
17	77220000	77240000	12290	108	9211	12602	0.00878763	0.46055	0.975242
17	77240000	77260000	11237	104	5839	12089	0.00925514	0.29195	0.929523
17	77260000	77280000	12507	111	5994	13001	0.00887503	0.2997	0.962003
17	77280000	77300000	12479	88	5492	12912	0.00705185	0.2746	0.966465
17	77300000	77320000	12849	89	5314	12981	0.00692661	0.2657	0.989831
17	77320000	77340000	12647	96	5177	12849	0.00759073	0.25885	0.984279
17	77340000	77360000	12122	73	8333	12253	0.00602211	0.41665	0.989309
17	77360000	77380000	13575	136	3219	13769	0.0100184	0.16095	0.98591
17	77380000	77400000	13047	111	4178	13205	0.0085077	0.2089	0.988035
17	77400000	77420000	12570	95	6805	13428	0.00755768	0.34025	0.936104
17	77420000	77440000	12941	123	5286	13106	0.00950468	0.2643	0.98741
17	77440000	77460000	13614	138	6736	13778	0.0101366	0.3368	0.988097
17	77460000	77480000	1825	10	5495	1841	0.00547945	0.27475	0.991309
17	77480000	77500000	0	0	7032	0		0.3516	
17	77500000	77520000	0	0	4737	0		0.23685	
17	77520000	77540000	6897	51	4945	6969	0.00739452	0.24725	0.989669
17	77540000	77560000	667	4	936	4051	0.005997	0.0468	0.164651
17	77560000	77580000	0	0	0	0		0	
17	77580000	77600000	0	0	1758	0		0.0879	
17	77600000	77620000	0	0	4560	0		0.228	
17	77620000	77640000	1518	12	8089	4388	0.00790514	0.40445	0.345943
17	77640000	77660000	13369	110	7277	13514	0.00822799	0.36385	0.98927
17	77660000	77680000	10512	108	8143	10751	0.010274	0.40715	0.97777
17	77680000	77700000	2811	31	7828	2998	0.0110281	0.3914	0.937625
17	77700000	77720000	8356	66	8645	8468	0.00789852	0.43225	0.986774
17	77720000	77740000	8367	55	11659	8505	0.00657344	0.58295	0.983774
17	77740000	77760000	10669	70	6672	10839	0.00656106	0.3336	0.984316
17	77760000	77780000	12077	69	1184	12159	0.00571334	0.0592	0.993256
17	77780000	77800000	11665	88	5063	11893	0.00754393	0.25315	0.980829
17	77800000	77820000	11178	44	2195	11553	0.0039363	0.10975	0.967541
17	77820000	77840000	10980	75	9974	11112	0.0068306	0.4987	0.988121
17	77840000	77860000	8285	67	14955	8376	0.0080869	0.74775	0.989136
17	77860000	77880000	10405	108	15128	10554	0.0103796	0.7564	0.985882
17	77880000	77900000	12200	110	7957	12345	0.00901639	0.39785	0.988254
17	77900000	77920000	14167	92	1840	14350	0.00649396	0.092	0.987247
17	77920000	77940000	10081	63	10534	10176	0.00624938	0.5267	0.990664
17	77940000	77960000	9593	65	9340	10190	0.00677577	0.467	0.941413
17	77960000	77980000	10829	92	7945	11191	0.00849571	0.39725	0.967653
17	77980000	78000000	7989	55	9375	9793	0.00688447	0.46875	0.815787
17	78000000	78020000	9515	97	9470	9606	0.0101944	0.4735	0.990527
17	78020000	78040000	8761	77	9828	9254	0.00878895	0.4914	0.946726
17	78040000	78060000	7541	64	11116	9047	0.00848694	0.5558	0.833536
17	78060000	78080000	11265	90	7831	11528	0.00798935	0.39155	0.977186
17	78080000	78100000	11455	91	7245	11795	0.00794413	0.36225	0.971174
17	78100000	78120000	6100	33	11647	10403	0.00540984	0.58235	0.586369
17	78120000	78140000	122	3	16318	6902	0.0245902	0.8159	0.017676
17	78140000	78160000	8908	75	9429	9650	0.0084194	0.47145	0.923109
17	78160000	78180000	11231	101	7412	11623	0.00899297	0.3706	0.966274
17	78180000	78200000	9477	65	5512	11467	0.00685871	0.2756	0.826459
17	78200000	78220000	9270	67	12961	9337	0.00722762	0.64805	0.992824
17	78220000	78240000	8685	61	9916	8940	0.0070236	0.4958	0.971477
17	78240000	78260000	5131	46	11387	7984	0.00896511	0.56935	0.64266
17	78260000	78280000	6646	56	10377	8291	0.00842612	0.51885	0.801592
17	78280000	78300000	5756	43	12211	7382	0.00747047	0.61055	0.779734
17	78300000	78320000	10386	59	8788	10588	0.00568072	0.4394	0.980922
17	78320000	78340000	12689	85	4287	12847	0.00669872	0.21435	0.987701
17	78340000	78360000	13064	96	5050	13205	0.00734844	0.2525	0.989322
17	78360000	78380000	6230	43	11787	6566	0.00690209	0.58935	0.948827
17	78380000	78400000	7438	61	12414	7697	0.00820113	0.6207	0.966351
17	78400000	78420000	11987	77	5946	12408	0.00642363	0.2973	0.96607
17	78420000	78440000	12187	62	6719	12332	0.00508739	0.33595	0.988242
17	78440000	78460000	9741	58	3631	12482	0.00595421	0.18155	0.780404
17	78460000	78480000	5596	34	9474	10554	0.00607577	0.4737	0.530226
17	78480000	78500000	8256	77	9135	10260	0.00932655	0.45675	0.804678
17	78500000	78520000	8685	60	9921	8784	0.00690846	0.49605	0.98873
17	78520000	78540000	9633	75	13065	9717	0.00778574	0.65325	0.991355
17	78540000	78560000	10144	74	13310	10271	0.00729495	0.6655	0.987635
17	78560000	78580000	10638	61	11310	10765	0.00573416	0.5655	0.988203
17	78580000	78600000	11422	71	7711	11564	0.00621607	0.38555	0.987721
17	78600000	78620000	11069	77	9371	11231	0.00695636	0.46855	0.985576
17	78620000	78640000	11712	68	7979	11812	0.00580601	0.39895	0.991534
17	78640000	78660000	10994	72	8682	11113	0.00654903	0.4341	0.989292
17	78660000	78680000	12926	67	5220	13111	0.00518335	0.261	0.98589
17	78680000	78700000	10674	51	9545	11704	0.00477797	0.47725	0.911996
17	78700000	78720000	10782	60	6953	10900	0.00556483	0.34765	0.989174
17	78720000	78740000	10254	97	6466	10373	0.00945972	0.3233	0.988528
17	78740000	78760000	12911	103	6277	13056	0.00797769	0.31385	0.988894
17	78760000	78780000	13129	88	5939	13271	0.00670272	0.29695	0.9893
17	78780000	78800000	11579	106	7337	11720	0.0091545	0.36685	0.987969
17	78800000	78820000	7485	61	6355	11522	0.00814963	0.31775	0.649627
17	78820000	78840000	13280	118	6681	13497	0.00888554	0.33405	0.983922
17	78840000	78860000	10732	82	6484	11583	0.0076407	0.3242	0.92653
17	78860000	78880000	12649	104	5516	12881	0.00822199	0.2758	0.981989
17	78880000	78900000	11470	121	5370	11928	0.0105493	0.2685	0.961603
17	78900000	78920000	11995	91	8156	12508	0.00758649	0.4078	0.958986
17	78920000	78940000	11405	103	4459	11569	0.00903113	0.22295	0.985824
17	78940000	78960000	9500	98	10001	9754	0.0103158	0.50005	0.973959
17	78960000	78980000	9894	98	7463	10337	0.00990499	0.37315	0.957144
17	78980000	79000000	7194	73	14692	7661	0.0101473	0.7346	0.939042
17	79000000	79020000	12043	128	3852	12193	0.0106286	0.1926	0.987698
17	79020000	79040000	12042	98	4681	12199	0.00813818	0.23405	0.98713
17	79040000	79060000	13075	135	2547	13286	0.010325	0.12735	0.984119
17	79060000	79080000	13594	129	1363	13985	0.00948948	0.06815	0.972041
17	79080000	79100000	12029	105	1145	12861	0.00872891	0.05725	0.935308
17	79100000	79120000	10136	95	4802	11463	0.00937253	0.2401	0.884236
17	79120000	79140000	10484	103	7950	10613	0.00982449	0.3975	0.987845
17	79140000	79160000	9766	102	8419	10526	0.0104444	0.42095	0.927798
17	79160000	79180000	11865	110	3203	12560	0.00927097	0.16015	0.944666
17	79180000	79200000	7293	62	9590	8934	0.0085013	0.4795	0.81632
17	79200000	79220000	10112	86	4092	12151	0.00850475	0.2046	0.832195
17	79220000	79240000	10130	106	2692	13304	0.010464	0.1346	0.761425
17	79240000	79260000	11684	94	6090	11904	0.00804519	0.3045	0.981519
17	79260000	79280000	7075	64	8844	10838	0.00904594	0.4422	0.652796
17	79280000	79300000	10062	79	5230	11207	0.00785132	0.2615	0.897832
17	79300000	79320000	11118	76	3675	11268	0.00683576	0.18375	0.986688
17	79320000	79340000	7446	69	12576	7534	0.00926672	0.6288	0.98832
17	79340000	79360000	10312	94	9022	10439	0.00911559	0.4511	0.987834
17	79360000	79380000	10372	61	1003	10574	0.00588122	0.05015	0.980897
17	79380000	79400000	10213	66	3075	11209	0.00646235	0.15375	0.911143
17	79400000	79420000	10909	86	1346	12368	0.0078834	0.0673	0.882034
17	79420000	79440000	11500	68	1390	12728	0.00591304	0.0695	0.90352
17	79440000	79460000	10306	61	6906	10681	0.00591888	0.3453	0.964891
17	79460000	79480000	5131	28	11633	6062	0.00545703	0.58165	0.84642
17	79480000	79500000	8058	62	5676	9651	0.00769422	0.2838	0.834939
17	79500000	79520000	11119	75	2887	12702	0.00674521	0.14435	0.875374
17	79520000	79540000	10087	60	7738	10528	0.00594825	0.3869	0.958112
17	79540000	79560000	10738	74	8004	10849	0.00689141	0.4002	0.989769
17	79560000	79580000	8681	56	9442	8865	0.00645087	0.4721	0.979244
17	79580000	79600000	5825	37	13468	5900	0.00635193	0.6734	0.987288
17	79600000	79620000	6760	47	9874	7099	0.00695266	0.4937	0.952247
17	79620000	79640000	6485	50	10675	7619	0.0077101	0.53375	0.851162
17	79640000	79660000	7759	64	6188	8869	0.00824849	0.3094	0.874845
17	79660000	79680000	10045	71	5959	10167	0.00706819	0.29795	0.988
17	79680000	79700000	3960	28	10171	8767	0.00707071	0.50855	0.451694
17	79700000	79720000	0	0	3371	4497		0.16855	0
17	79720000	79740000	0	0	0	0		0	
17	79740000	79760000	0	0	686	251		0.0343	0
17	79760000	79780000	0	0	4044	10062		0.2022	0
17	79780000	79800000	0	0	6683	9799		0.33415	0
17	79800000	79820000	7900	54	7747	8941	0.00683544	0.38735	0.88357
17	79820000	79840000	8407	46	9357	8528	0.00547163	0.46785	0.985811
17	79840000	79860000	8158	87	7861	8260	0.0106644	0.39305	0.987651
17	79860000	79880000	12138	126	888	12398	0.0103806	0.0444	0.979029
17	79880000	79900000	11349	47	1973	12407	0.00414133	0.09865	0.914726
17	79900000	79920000	5170	46	9496	6503	0.00889749	0.4748	0.795018
17	79920000	79940000	6517	53	11216	8194	0.00813258	0.5608	0.795338
17	79940000	79960000	9723	70	6585	9887	0.00719942	0.32925	0.983413
17	79960000	79980000	11144	90	2213	11749	0.00807609	0.11065	0.948506
17	79980000	80000000	9652	80	4525	10155	0.00828844	0.22625	0.950468
17	80000000	80020000	5988	82	3424	12132	0.0136941	0.1712	0.493571
17	80020000	80040000	0	0	10447	8352		0.52235	0
17	80040000	80060000	4316	32	984	12641	0.00741427	0.0492	0.341429
17	80060000	80080000	10630	61	5959	11071	0.00573848	0.29795	0.960166
17	80080000	80100000	7600	59	13102	7684	0.00776316	0.6551	0.989068
17	80100000	80120000	6775	67	9104	8282	0.0098893	0.4552	0.818039
17	80120000	80140000	9186	95	12261	9294	0.0103418	0.61305	0.98838
17	80140000	80160000	5919	27	10053	8699	0.00456158	0.50265	0.680423
17	80160000	80180000	7943	59	10213	9046	0.00742792	0.51065	0.878068
17	80180000	80200000	10055	78	2398	10524	0.00775733	0.1199	0.955435
17	80200000	80220000	11210	82	4229	11441	0.0073149	0.21145	0.979809
17	80220000	80240000	10190	88	7618	10278	0.00863592	0.3809	0.991438
17	80240000	80260000	8604	73	10764	9538	0.00848443	0.5382	0.902076
17	80260000	80280000	10002	68	6161	10502	0.00679864	0.30805	0.95239
17	80280000	80300000	9744	113	6393	10388	0.0115969	0.31965	0.938005
17	80300000	80320000	6890	54	7721	9457	0.00783745	0.38605	0.728561
17	80320000	80340000	0	0	8346	9096		0.4173	0
17	80340000	80360000	1948	22	4871	10809	0.0112936	0.24355	0.18022
17	80360000	80380000	8408	52	7702	8524	0.00618459	0.3851	0.986391
17	80380000	80400000	9295	76	9173	9445	0.00817644	0.45865	0.984119
17	80400000	80420000	7509	49	8931	7629	0.0065255	0.44655	0.984271
17	80420000	80440000	8305	71	8981	9190	0.00854907	0.44905	0.9037
17	80440000	80460000	9363	67	7753	9565	0.00715583	0.38765	0.978881
17	80460000	80480000	4215	30	15131	4763	0.00711744	0.75655	0.884946
17	80480000	80500000	4483	46	11755	7195	0.010261	0.58775	0.623072
17	80500000	80520000	7750	61	11410	7861	0.00787097	0.5705	0.98588
17	80520000	80540000	8055	68	7376	8163	0.00844196	0.3688	0.98677
17	80540000	80560000	11008	102	6374	11183	0.00926599	0.3187	0.984351
17	80560000	80580000	8969	68	7547	9177	0.00758167	0.37735	0.977335
17	80580000	80600000	7149	64	12079	7212	0.0089523	0.60395	0.991265
17	80600000	80620000	9186	76	9476	9317	0.00827346	0.4738	0.98594
17	80620000	80640000	8655	69	8636	8815	0.00797227	0.4318	0.981849
17	80640000	80660000	7217	45	10871	7286	0.00623528	0.54355	0.99053
17	80660000	80680000	8382	62	8950	8579	0.0073968	0.4475	0.977037
17	80680000	80700000	7093	87	9031	7222	0.0122656	0.45155	0.982138
17	80700000	80720000	6828	60	13080	6909	0.00878735	0.654	0.988276
17	80720000	80740000	7887	82	10494	8061	0.0103969	0.5247	0.978415
17	80740000	80760000	9997	80	4347	10744	0.0080024	0.21735	0.930473
17	80760000	80780000	10985	78	6490	11168	0.00710059	0.3245	0.983614
17	80780000	80800000	10556	69	6858	11035	0.00653657	0.3429	0.956593
17	80800000	80820000	7359	47	10357	9273	0.00638674	0.51785	0.793594
17	80820000	80840000	13387	103	2379	13572	0.00769403	0.11895	0.986369
17	80840000	80860000	10411	76	4510	12800	0.00729997	0.2255	0.813359
17	80860000	80880000	11571	103	4421	11767	0.00890156	0.22105	0.983343
17	80880000	80900000	11753	100	3405	12455	0.00850847	0.17025	0.943637
17	80900000	80920000	6274	42	8357	11265	0.00669429	0.41785	0.556946
17	80920000	80940000	6802	59	8232	8359	0.00867392	0.4116	0.813734
17	80940000	80960000	5649	50	15948	5812	0.00885112	0.7974	0.971955
17	80960000	80980000	8657	68	6262	10240	0.00785492	0.3131	0.84541
17	80980000	81000000	8952	97	8009	9373	0.0108356	0.40045	0.955084
17	81000000	81020000	8321	82	8887	8850	0.00985458	0.44435	0.940226
17	81020000	81040000	10557	83	3742	10776	0.00786208	0.1871	0.979677
17	81040000	81060000	11000	127	188	13003	0.0115455	0.0094	0.845959
17	81060000	81080000	5988	47	5393	12675	0.00784903	0.26965	0.472426
17	81080000	81100000	11034	75	6943	11529	0.00679717	0.34715	0.957065
17	81100000	81120000	6080	63	13034	6205	0.0103618	0.6517	0.979855
17	81120000	81140000	0	0	4906	0		0.2453	
17	81140000	81160000	0	0	4451	1356		0.22255	0
17	81160000	81180000	0	0	11199	0		0.55995	
17	81180000	81200000	0	0	11746	0		0.5873	
