chrom	start	end	anc_valid_bp	hum_sub	repeat_bp	mask_bp	sub_rate	repeat_frac	anc_cov
15	0	50000	0	0	0	0		0	
15	50000	100000	0	0	0	0		0	
15	100000	150000	0	0	0	0		0	
15	150000	200000	0	0	0	0		0	
15	200000	250000	0	0	0	0		0	
15	250000	300000	0	0	0	0		0	
15	300000	350000	0	0	0	0		0	
15	350000	400000	0	0	0	0		0	
15	400000	450000	0	0	0	0		0	
15	450000	500000	0	0	0	0		0	
15	500000	550000	0	0	0	0		0	
15	550000	600000	0	0	0	0		0	
15	600000	650000	0	0	0	0		0	
15	650000	700000	0	0	0	0		0	
15	700000	750000	0	0	0	0		0	
15	750000	800000	0	0	0	0		0	
15	800000	850000	0	0	0	0		0	
15	850000	900000	0	0	0	0		0	
15	900000	950000	0	0	0	0		0	
15	950000	1000000	0	0	0	0		0	
15	1000000	1050000	0	0	0	0		0	
15	1050000	1100000	0	0	0	0		0	
15	1100000	1150000	0	0	0	0		0	
15	1150000	1200000	0	0	0	0		0	
15	1200000	1250000	0	0	0	0		0	
15	1250000	1300000	0	0	0	0		0	
15	1300000	1350000	0	0	0	0		0	
15	1350000	1400000	0	0	0	0		0	
15	1400000	1450000	0	0	0	0		0	
15	1450000	1500000	0	0	0	0		0	
15	1500000	1550000	0	0	0	0		0	
15	1550000	1600000	0	0	0	0		0	
15	1600000	1650000	0	0	0	0		0	
15	1650000	1700000	0	0	0	0		0	
15	1700000	1750000	0	0	0	0		0	
15	1750000	1800000	0	0	0	0		0	
15	1800000	1850000	0	0	0	0		0	
15	1850000	1900000	0	0	0	0		0	
15	1900000	1950000	0	0	0	0		0	
15	1950000	2000000	0	0	0	0		0	
15	2000000	2050000	0	0	0	0		0	
15	2050000	2100000	0	0	0	0		0	
15	2100000	2150000	0	0	0	0		0	
15	2150000	2200000	0	0	0	0		0	
15	2200000	2250000	0	0	0	0		0	
15	2250000	2300000	0	0	0	0		0	
15	2300000	2350000	0	0	0	0		0	
15	2350000	2400000	0	0	0	0		0	
15	2400000	2450000	0	0	0	0		0	
15	2450000	2500000	0	0	0	0		0	
15	2500000	2550000	0	0	0	0		0	
15	2550000	2600000	0	0	0	0		0	
15	2600000	2650000	0	0	0	0		0	
15	2650000	2700000	0	0	0	0		0	
15	2700000	2750000	0	0	0	0		0	
15	2750000	2800000	0	0	0	0		0	
15	2800000	2850000	0	0	0	0		0	
15	2850000	2900000	0	0	0	0		0	
15	2900000	2950000	0	0	0	0		0	
15	2950000	3000000	0	0	0	0		0	
15	3000000	3050000	0	0	0	0		0	
15	3050000	3100000	0	0	0	0		0	
15	3100000	3150000	0	0	0	0		0	
15	3150000	3200000	0	0	0	0		0	
15	3200000	3250000	0	0	0	0		0	
15	3250000	3300000	0	0	0	0		0	
15	3300000	3350000	0	0	0	0		0	
15	3350000	3400000	0	0	0	0		0	
15	3400000	3450000	0	0	0	0		0	
15	3450000	3500000	0	0	0	0		0	
15	3500000	3550000	0	0	0	0		0	
15	3550000	3600000	0	0	0	0		0	
15	3600000	3650000	0	0	0	0		0	
15	3650000	3700000	0	0	0	0		0	
15	3700000	3750000	0	0	0	0		0	
15	3750000	3800000	0	0	0	0		0	
15	3800000	3850000	0	0	0	0		0	
15	3850000	3900000	0	0	0	0		0	
15	3900000	3950000	0	0	0	0		0	
15	3950000	4000000	0	0	0	0		0	
15	4000000	4050000	0	0	0	0		0	
15	4050000	4100000	0	0	0	0		0	
15	4100000	4150000	0	0	0	0		0	
15	4150000	4200000	0	0	0	0		0	
15	4200000	4250000	0	0	0	0		0	
15	4250000	4300000	0	0	0	0		0	
15	4300000	4350000	0	0	0	0		0	
15	4350000	4400000	0	0	0	0		0	
15	4400000	4450000	0	0	0	0		0	
15	4450000	4500000	0	0	0	0		0	
15	4500000	4550000	0	0	0	0		0	
15	4550000	4600000	0	0	0	0		0	
15	4600000	4650000	0	0	0	0		0	
15	4650000	4700000	0	0	0	0		0	
15	4700000	4750000	0	0	0	0		0	
15	4750000	4800000	0	0	0	0		0	
15	4800000	4850000	0	0	0	0		0	
15	4850000	4900000	0	0	0	0		0	
15	4900000	4950000	0	0	0	0		0	
15	4950000	5000000	0	0	0	0		0	
15	5000000	5050000	0	0	0	0		0	
15	5050000	5100000	0	0	0	0		0	
15	5100000	5150000	0	0	0	0		0	
15	5150000	5200000	0	0	0	0		0	
15	5200000	5250000	0	0	0	0		0	
15	5250000	5300000	0	0	0	0		0	
15	5300000	5350000	0	0	0	0		0	
15	5350000	5400000	0	0	0	0		0	
15	5400000	5450000	0	0	0	0		0	
15	5450000	5500000	0	0	0	0		0	
15	5500000	5550000	0	0	0	0		0	
15	5550000	5600000	0	0	0	0		0	
15	5600000	5650000	0	0	0	0		0	
15	5650000	5700000	0	0	0	0		0	
15	5700000	5750000	0	0	0	0		0	
15	5750000	5800000	0	0	0	0		0	
15	5800000	5850000	0	0	0	0		0	
15	5850000	5900000	0	0	0	0		0	
15	5900000	5950000	0	0	0	0		0	
15	5950000	6000000	0	0	0	0		0	
15	6000000	6050000	0	0	0	0		0	
15	6050000	6100000	0	0	0	0		0	
15	6100000	6150000	0	0	0	0		0	
15	6150000	6200000	0	0	0	0		0	
15	6200000	6250000	0	0	0	0		0	
15	6250000	6300000	0	0	0	0		0	
15	6300000	6350000	0	0	0	0		0	
15	6350000	6400000	0	0	0	0		0	
15	6400000	6450000	0	0	0	0		0	
15	6450000	6500000	0	0	0	0		0	
15	6500000	6550000	0	0	0	0		0	
15	6550000	6600000	0	0	0	0		0	
15	6600000	6650000	0	0	0	0		0	
15	6650000	6700000	0	0	0	0		0	
15	6700000	6750000	0	0	0	0		0	
15	6750000	6800000	0	0	0	0		0	
15	6800000	6850000	0	0	0	0		0	
15	6850000	6900000	0	0	0	0		0	
15	6900000	6950000	0	0	0	0		0	
15	6950000	7000000	0	0	0	0		0	
15	7000000	7050000	0	0	0	0		0	
15	7050000	7100000	0	0	0	0		0	
15	7100000	7150000	0	0	0	0		0	
15	7150000	7200000	0	0	0	0		0	
15	7200000	7250000	0	0	0	0		0	
15	7250000	7300000	0	0	0	0		0	
15	7300000	7350000	0	0	0	0		0	
15	7350000	7400000	0	0	0	0		0	
15	7400000	7450000	0	0	0	0		0	
15	7450000	7500000	0	0	0	0		0	
15	7500000	7550000	0	0	0	0		0	
15	7550000	7600000	0	0	0	0		0	
15	7600000	7650000	0	0	0	0		0	
15	7650000	7700000	0	0	0	0		0	
15	7700000	7750000	0	0	0	0		0	
15	7750000	7800000	0	0	0	0		0	
15	7800000	7850000	0	0	0	0		0	
15	7850000	7900000	0	0	0	0		0	
15	7900000	7950000	0	0	0	0		0	
15	7950000	8000000	0	0	0	0		0	
15	8000000	8050000	0	0	0	0		0	
15	8050000	8100000	0	0	0	0		0	
15	8100000	8150000	0	0	0	0		0	
15	8150000	8200000	0	0	0	0		0	
15	8200000	8250000	0	0	0	0		0	
15	8250000	8300000	0	0	0	0		0	
15	8300000	8350000	0	0	0	0		0	
15	8350000	8400000	0	0	0	0		0	
15	8400000	8450000	0	0	0	0		0	
15	8450000	8500000	0	0	0	0		0	
15	8500000	8550000	0	0	0	0		0	
15	8550000	8600000	0	0	0	0		0	
15	8600000	8650000	0	0	0	0		0	
15	8650000	8700000	0	0	0	0		0	
15	8700000	8750000	0	0	0	0		0	
15	8750000	8800000	0	0	0	0		0	
15	8800000	8850000	0	0	0	0		0	
15	8850000	8900000	0	0	0	0		0	
15	8900000	8950000	0	0	0	0		0	
15	8950000	9000000	0	0	0	0		0	
15	9000000	9050000	0	0	0	0		0	
15	9050000	9100000	0	0	0	0		0	
15	9100000	9150000	0	0	0	0		0	
15	9150000	9200000	0	0	0	0		0	
15	9200000	9250000	0	0	0	0		0	
15	9250000	9300000	0	0	0	0		0	
15	9300000	9350000	0	0	0	0		0	
15	9350000	9400000	0	0	0	0		0	
15	9400000	9450000	0	0	0	0		0	
15	9450000	9500000	0	0	0	0		0	
15	9500000	9550000	0	0	0	0		0	
15	9550000	9600000	0	0	0	0		0	
15	9600000	9650000	0	0	0	0		0	
15	9650000	9700000	0	0	0	0		0	
15	9700000	9750000	0	0	0	0		0	
15	9750000	9800000	0	0	0	0		0	
15	9800000	9850000	0	0	0	0		0	
15	9850000	9900000	0	0	0	0		0	
15	9900000	9950000	0	0	0	0		0	
15	9950000	10000000	0	0	0	0		0	
15	10000000	10050000	0	0	0	0		0	
15	10050000	10100000	0	0	0	0		0	
15	10100000	10150000	0	0	0	0		0	
15	10150000	10200000	0	0	0	0		0	
15	10200000	10250000	0	0	0	0		0	
15	10250000	10300000	0	0	0	0		0	
15	10300000	10350000	0	0	0	0		0	
15	10350000	10400000	0	0	0	0		0	
15	10400000	10450000	0	0	0	0		0	
15	10450000	10500000	0	0	0	0		0	
15	10500000	10550000	0	0	0	0		0	
15	10550000	10600000	0	0	0	0		0	
15	10600000	10650000	0	0	0	0		0	
15	10650000	10700000	0	0	0	0		0	
15	10700000	10750000	0	0	0	0		0	
15	10750000	10800000	0	0	0	0		0	
15	10800000	10850000	0	0	0	0		0	
15	10850000	10900000	0	0	0	0		0	
15	10900000	10950000	0	0	0	0		0	
15	10950000	11000000	0	0	0	0		0	
15	11000000	11050000	0	0	0	0		0	
15	11050000	11100000	0	0	0	0		0	
15	11100000	11150000	0	0	0	0		0	
15	11150000	11200000	0	0	0	0		0	
15	11200000	11250000	0	0	0	0		0	
15	11250000	11300000	0	0	0	0		0	
15	11300000	11350000	0	0	0	0		0	
15	11350000	11400000	0	0	0	0		0	
15	11400000	11450000	0	0	0	0		0	
15	11450000	11500000	0	0	0	0		0	
15	11500000	11550000	0	0	0	0		0	
15	11550000	11600000	0	0	0	0		0	
15	11600000	11650000	0	0	0	0		0	
15	11650000	11700000	0	0	0	0		0	
15	11700000	11750000	0	0	0	0		0	
15	11750000	11800000	0	0	0	0		0	
15	11800000	11850000	0	0	0	0		0	
15	11850000	11900000	0	0	0	0		0	
15	11900000	11950000	0	0	0	0		0	
15	11950000	12000000	0	0	0	0		0	
15	12000000	12050000	0	0	0	0		0	
15	12050000	12100000	0	0	0	0		0	
15	12100000	12150000	0	0	0	0		0	
15	12150000	12200000	0	0	0	0		0	
15	12200000	12250000	0	0	0	0		0	
15	12250000	12300000	0	0	0	0		0	
15	12300000	12350000	0	0	0	0		0	
15	12350000	12400000	0	0	0	0		0	
15	12400000	12450000	0	0	0	0		0	
15	12450000	12500000	0	0	0	0		0	
15	12500000	12550000	0	0	0	0		0	
15	12550000	12600000	0	0	0	0		0	
15	12600000	12650000	0	0	0	0		0	
15	12650000	12700000	0	0	0	0		0	
15	12700000	12750000	0	0	0	0		0	
15	12750000	12800000	0	0	0	0		0	
15	12800000	12850000	0	0	0	0		0	
15	12850000	12900000	0	0	0	0		0	
15	12900000	12950000	0	0	0	0		0	
15	12950000	13000000	0	0	0	0		0	
15	13000000	13050000	0	0	0	0		0	
15	13050000	13100000	0	0	0	0		0	
15	13100000	13150000	0	0	0	0		0	
15	13150000	13200000	0	0	0	0		0	
15	13200000	13250000	0	0	0	0		0	
15	13250000	13300000	0	0	0	0		0	
15	13300000	13350000	0	0	0	0		0	
15	13350000	13400000	0	0	0	0		0	
15	13400000	13450000	0	0	0	0		0	
15	13450000	13500000	0	0	0	0		0	
15	13500000	13550000	0	0	0	0		0	
15	13550000	13600000	0	0	0	0		0	
15	13600000	13650000	0	0	0	0		0	
15	13650000	13700000	0	0	0	0		0	
15	13700000	13750000	0	0	0	0		0	
15	13750000	13800000	0	0	0	0		0	
15	13800000	13850000	0	0	0	0		0	
15	13850000	13900000	0	0	0	0		0	
15	13900000	13950000	0	0	0	0		0	
15	13950000	14000000	0	0	0	0		0	
15	14000000	14050000	0	0	0	0		0	
15	14050000	14100000	0	0	0	0		0	
15	14100000	14150000	0	0	0	0		0	
15	14150000	14200000	0	0	0	0		0	
15	14200000	14250000	0	0	0	0		0	
15	14250000	14300000	0	0	0	0		0	
15	14300000	14350000	0	0	0	0		0	
15	14350000	14400000	0	0	0	0		0	
15	14400000	14450000	0	0	0	0		0	
15	14450000	14500000	0	0	0	0		0	
15	14500000	14550000	0	0	0	0		0	
15	14550000	14600000	0	0	0	0		0	
15	14600000	14650000	0	0	0	0		0	
15	14650000	14700000	0	0	0	0		0	
15	14700000	14750000	0	0	0	0		0	
15	14750000	14800000	0	0	0	0		0	
15	14800000	14850000	0	0	0	0		0	
15	14850000	14900000	0	0	0	0		0	
15	14900000	14950000	0	0	0	0		0	
15	14950000	15000000	0	0	0	0		0	
15	15000000	15050000	0	0	0	0		0	
15	15050000	15100000	0	0	0	0		0	
15	15100000	15150000	0	0	0	0		0	
15	15150000	15200000	0	0	0	0		0	
15	15200000	15250000	0	0	0	0		0	
15	15250000	15300000	0	0	0	0		0	
15	15300000	15350000	0	0	0	0		0	
15	15350000	15400000	0	0	0	0		0	
15	15400000	15450000	0	0	0	0		0	
15	15450000	15500000	0	0	0	0		0	
15	15500000	15550000	0	0	0	0		0	
15	15550000	15600000	0	0	0	0		0	
15	15600000	15650000	0	0	0	0		0	
15	15650000	15700000	0	0	0	0		0	
15	15700000	15750000	0	0	0	0		0	
15	15750000	15800000	0	0	0	0		0	
15	15800000	15850000	0	0	0	0		0	
15	15850000	15900000	0	0	0	0		0	
15	15900000	15950000	0	0	0	0		0	
15	15950000	16000000	0	0	0	0		0	
15	16000000	16050000	0	0	0	0		0	
15	16050000	16100000	0	0	0	0		0	
15	16100000	16150000	0	0	0	0		0	
15	16150000	16200000	0	0	0	0		0	
15	16200000	16250000	0	0	0	0		0	
15	16250000	16300000	0	0	0	0		0	
15	16300000	16350000	0	0	0	0		0	
15	16350000	16400000	0	0	0	0		0	
15	16400000	16450000	0	0	0	0		0	
15	16450000	16500000	0	0	0	0		0	
15	16500000	16550000	0	0	0	0		0	
15	16550000	16600000	0	0	0	0		0	
15	16600000	16650000	0	0	0	0		0	
15	16650000	16700000	0	0	0	0		0	
15	16700000	16750000	0	0	0	0		0	
15	16750000	16800000	0	0	0	0		0	
15	16800000	16850000	0	0	0	0		0	
15	16850000	16900000	0	0	0	0		0	
15	16900000	16950000	0	0	0	0		0	
15	16950000	17000000	0	0	0	0		0	
15	17000000	17050000	0	0	0	0		0	
15	17050000	17100000	0	0	0	0		0	
15	17100000	17150000	0	0	0	0		0	
15	17150000	17200000	0	0	0	0		0	
15	17200000	17250000	0	0	0	0		0	
15	17250000	17300000	0	0	0	0		0	
15	17300000	17350000	0	0	0	0		0	
15	17350000	17400000	0	0	0	0		0	
15	17400000	17450000	0	0	0	0		0	
15	17450000	17500000	0	0	0	0		0	
15	17500000	17550000	0	0	0	0		0	
15	17550000	17600000	0	0	0	0		0	
15	17600000	17650000	0	0	0	0		0	
15	17650000	17700000	0	0	0	0		0	
15	17700000	17750000	0	0	0	0		0	
15	17750000	17800000	0	0	0	0		0	
15	17800000	17850000	0	0	0	0		0	
15	17850000	17900000	0	0	0	0		0	
15	17900000	17950000	0	0	0	0		0	
15	17950000	18000000	0	0	0	0		0	
15	18000000	18050000	0	0	0	0		0	
15	18050000	18100000	0	0	0	0		0	
15	18100000	18150000	0	0	0	0		0	
15	18150000	18200000	0	0	0	0		0	
15	18200000	18250000	0	0	0	0		0	
15	18250000	18300000	0	0	0	0		0	
15	18300000	18350000	0	0	0	0		0	
15	18350000	18400000	0	0	0	0		0	
15	18400000	18450000	0	0	0	0		0	
15	18450000	18500000	0	0	0	0		0	
15	18500000	18550000	0	0	0	0		0	
15	18550000	18600000	0	0	0	0		0	
15	18600000	18650000	0	0	0	0		0	
15	18650000	18700000	0	0	0	0		0	
15	18700000	18750000	0	0	0	0		0	
15	18750000	18800000	0	0	0	0		0	
15	18800000	18850000	0	0	0	0		0	
15	18850000	18900000	0	0	0	0		0	
15	18900000	18950000	0	0	0	0		0	
15	18950000	19000000	0	0	0	0		0	
15	19000000	19050000	0	0	0	0		0	
15	19050000	19100000	0	0	0	0		0	
15	19100000	19150000	0	0	0	0		0	
15	19150000	19200000	0	0	0	0		0	
15	19200000	19250000	0	0	0	0		0	
15	19250000	19300000	0	0	0	0		0	
15	19300000	19350000	0	0	0	0		0	
15	19350000	19400000	0	0	0	0		0	
15	19400000	19450000	0	0	0	0		0	
15	19450000	19500000	0	0	0	0		0	
15	19500000	19550000	0	0	0	0		0	
15	19550000	19600000	0	0	0	0		0	
15	19600000	19650000	0	0	0	0		0	
15	19650000	19700000	0	0	0	0		0	
15	19700000	19750000	0	0	0	0		0	
15	19750000	19800000	0	0	0	0		0	
15	19800000	19850000	0	0	0	0		0	
15	19850000	19900000	0	0	0	0		0	
15	19900000	19950000	0	0	0	0		0	
15	19950000	20000000	0	0	0	0		0	
15	20000000	20050000	0	0	46522	19		0.93044	0
15	20050000	20100000	0	0	31705	125		0.6341	0
15	20100000	20150000	0	0	23167	192		0.46334	0
15	20150000	20200000	0	0	27757	4076		0.55514	0
15	20200000	20250000	0	0	26010	0		0.5202	
15	20250000	20300000	0	0	29269	0		0.58538	
15	20300000	20350000	0	0	32601	0		0.65202	
15	20350000	20400000	0	0	30408	0		0.60816	
15	20400000	20450000	9	1	30043	9	0.111111	0.60086	1
15	20450000	20500000	0	0	28672	0		0.57344	
15	20500000	20550000	0	0	33250	0		0.665	
15	20550000	20600000	0	0	24242	0		0.48484	
15	20600000	20650000	0	0	28316	0		0.56632	
15	20650000	20700000	0	0	30108	0		0.60216	
15	20700000	20750000	0	0	24057	0		0.48114	
15	20750000	20800000	0	0	21320	0		0.4264	
15	20800000	20850000	0	0	27600	9		0.552	0
15	20850000	20900000	232	3	17841	345	0.012931	0.35682	0.672464
15	20900000	20950000	0	0	11143	0		0.22286	
15	20950000	21000000	0	0	19566	0		0.39132	
15	21000000	21050000	0	0	24233	0		0.48466	
15	21050000	21100000	0	0	17882	0		0.35764	
15	21100000	21150000	12	1	25488	12	0.0833333	0.50976	1
15	21150000	21200000	0	0	23699	0		0.47398	
15	21200000	21250000	0	0	23694	4		0.47388	0
15	21250000	21300000	0	0	29839	0		0.59678	
15	21300000	21350000	0	0	32316	0		0.64632	
15	21350000	21400000	0	0	33727	0		0.67454	
15	21400000	21450000	0	0	0	0		0	
15	21450000	21500000	0	0	0	0		0	
15	21500000	21550000	0	0	0	0		0	
15	21550000	21600000	0	0	0	0		0	
15	21600000	21650000	0	0	0	0		0	
15	21650000	21700000	0	0	0	0		0	
15	21700000	21750000	0	0	0	0		0	
15	21750000	21800000	0	0	0	0		0	
15	21800000	21850000	0	0	0	0		0	
15	21850000	21900000	0	0	4913	0		0.09826	
15	21900000	21950000	53	2	21571	108	0.0377358	0.43142	0.490741
15	21950000	22000000	0	0	20753	0		0.41506	
15	22000000	22050000	0	0	20731	0		0.41462	
15	22050000	22100000	0	0	18937	0		0.37874	
15	22100000	22150000	0	0	24741	0		0.49482	
15	22150000	22200000	0	0	25361	0		0.50722	
15	22200000	22250000	0	0	4850	0		0.097	
15	22250000	22300000	0	0	16697	0		0.33394	
15	22300000	22350000	69	4	25933	111	0.057971	0.51866	0.621622
15	22350000	22400000	1	0	32375	455	0	0.6475	0.0021978
15	22400000	22450000	0	0	32377	177		0.64754	0
15	22450000	22500000	0	0	22295	155		0.4459	0
15	22500000	22550000	0	0	26890	148		0.5378	0
15	22550000	22600000	0	0	19798	34		0.39596	0
15	22600000	22650000	0	0	1171	0		0.02342	
15	22650000	22700000	0	0	25200	0		0.504	
15	22700000	22750000	0	0	17724	11		0.35448	0
15	22750000	22800000	1208	24	28551	9057	0.0198675	0.57102	0.133377
15	22800000	22850000	14750	103	27389	14873	0.00698305	0.54778	0.99173
15	22850000	22900000	19953	100	32061	20248	0.00501178	0.64122	0.985431
15	22900000	22950000	23818	135	26143	24930	0.00566798	0.52286	0.955395
15	22950000	23000000	26659	189	22954	26933	0.00708954	0.45908	0.989827
15	23000000	23050000	23317	112	23912	23740	0.00480336	0.47824	0.982182
15	23050000	23100000	14036	109	30127	14561	0.00776575	0.60254	0.963945
15	23100000	23150000	0	0	23757	86		0.47514	0
15	23150000	23200000	0	0	21044	88		0.42088	0
15	23200000	23250000	68	8	22845	120	0.117647	0.4569	0.566667
15	23250000	23300000	0	0	21133	2		0.42266	0
15	23300000	23350000	0	0	23391	1		0.46782	0
15	23350000	23400000	0	0	30061	0		0.60122	
15	23400000	23450000	0	0	19101	0		0.38202	
15	23450000	23500000	0	0	26620	0		0.5324	
15	23500000	23550000	0	0	9288	0		0.18576	
15	23550000	23600000	0	0	16109	0		0.32218	
15	23600000	23650000	0	0	18241	0		0.36482	
15	23650000	23700000	1	0	25901	2934	0	0.51802	0.000340832
15	23700000	23750000	18406	127	39137	20337	0.00689992	0.78274	0.90505
15	23750000	23800000	23838	152	44513	25872	0.00637637	0.89026	0.921382
15	23800000	23850000	26916	143	31362	27197	0.00531283	0.62724	0.989668
15	23850000	23900000	25006	197	27497	27396	0.00787811	0.54994	0.912761
15	23900000	23950000	24709	170	29969	24929	0.00688008	0.59938	0.991175
15	23950000	24000000	21424	150	40489	21656	0.00700149	0.80978	0.989287
15	24000000	24050000	24982	185	32908	25616	0.00740533	0.65816	0.97525
15	24050000	24100000	25467	174	32025	25807	0.00683237	0.6405	0.986825
15	24100000	24150000	29993	178	26592	30233	0.00593472	0.53184	0.992062
15	24150000	24200000	27232	145	32514	27456	0.00532462	0.65028	0.991841
15	24200000	24250000	23520	216	41779	23730	0.00918367	0.83558	0.99115
15	24250000	24300000	21736	203	41021	21928	0.00933934	0.82042	0.991244
15	24300000	24350000	16557	160	37572	17092	0.00966359	0.75144	0.968699
15	24350000	24400000	0	0	36817	1787		0.73634	0
15	24400000	24450000	0	0	34005	1592		0.6801	0
15	24450000	24500000	0	0	37696	2536		0.75392	0
15	24500000	24550000	164	14	34486	598	0.0853659	0.68972	0.274247
15	24550000	24600000	123	12	37325	533	0.097561	0.7465	0.230769
15	24600000	24650000	609	36	35160	1927	0.0591133	0.7032	0.316035
15	24650000	24700000	545	64	33916	1224	0.117431	0.67832	0.445261
15	24700000	24750000	88	9	31290	379	0.102273	0.6258	0.23219
15	24750000	24800000	688	28	40884	737	0.0406977	0.81768	0.933514
15	24800000	24850000	13835	96	35529	14099	0.00693892	0.71058	0.981275
15	24850000	24900000	23654	148	35585	24182	0.00625687	0.7117	0.978166
15	24900000	24950000	23851	135	30802	24266	0.00566014	0.61604	0.982898
15	24950000	25000000	23977	113	34896	24232	0.00471285	0.69792	0.989477
15	25000000	25050000	24129	200	35822	25203	0.00828878	0.71644	0.957386
15	25050000	25100000	25908	205	31138	26805	0.00791261	0.62276	0.966536
15	25100000	25150000	19550	143	33706	21985	0.00731458	0.67412	0.889243
15	25150000	25200000	19118	124	36090	19595	0.00648603	0.7218	0.975657
15	25200000	25250000	28417	140	12901	28921	0.00492663	0.25802	0.982573
15	25250000	25300000	27235	127	22134	27771	0.00466312	0.44268	0.980699
15	25300000	25350000	27445	168	3328	28920	0.00612133	0.06656	0.948997
15	25350000	25400000	31803	129	27428	32077	0.00405622	0.54856	0.991458
15	25400000	25450000	20322	439	6124	22992	0.0216022	0.12248	0.883873
15	25450000	25500000	16485	129	2045	16756	0.0078253	0.0409	0.983827
15	25500000	25550000	22348	131	35246	23251	0.00586182	0.70492	0.961163
15	25550000	25600000	27845	130	28669	28184	0.0046687	0.57338	0.987972
15	25600000	25650000	27102	109	24793	27526	0.00402184	0.49586	0.984596
15	25650000	25700000	30068	106	25329	30474	0.00352534	0.50658	0.986677
15	25700000	25750000	28688	156	27001	28932	0.00543781	0.54002	0.991566
15	25750000	25800000	29523	183	28283	29858	0.00619856	0.56566	0.98878
15	25800000	25850000	27268	209	30470	27656	0.00766466	0.6094	0.98597
15	25850000	25900000	23329	219	29423	24644	0.00938746	0.58846	0.94664
15	25900000	25950000	31426	295	19044	31803	0.00938713	0.38088	0.988146
15	25950000	26000000	31682	248	19390	32044	0.00782779	0.3878	0.988703
15	26000000	26050000	28462	250	21212	28930	0.00878364	0.42424	0.983823
15	26050000	26100000	29637	238	23204	30102	0.0080305	0.46408	0.984553
15	26100000	26150000	27918	208	23616	28401	0.00745039	0.47232	0.982994
15	26150000	26200000	21081	232	34686	21529	0.0110052	0.69372	0.979191
15	26200000	26250000	27213	239	23278	27550	0.00878257	0.46556	0.987768
15	26250000	26300000	23196	230	31412	24287	0.0099155	0.62824	0.955079
15	26300000	26350000	25232	202	28834	25508	0.00800571	0.57668	0.98918
15	26350000	26400000	26163	196	27505	27403	0.0074915	0.5501	0.954749
15	26400000	26450000	29488	232	23130	29843	0.00786761	0.4626	0.988104
15	26450000	26500000	26202	183	27092	26790	0.0069842	0.54184	0.978052
15	26500000	26550000	27788	220	29174	28135	0.00791709	0.58348	0.987667
15	26550000	26600000	24806	173	30730	25123	0.00697412	0.6146	0.987382
15	26600000	26650000	32691	227	22247	32964	0.00694381	0.44494	0.991718
15	26650000	26700000	27777	179	29509	28098	0.00644418	0.59018	0.988576
15	26700000	26750000	24888	186	35599	25373	0.00747348	0.71198	0.980885
15	26750000	26800000	25677	158	27289	25943	0.00615337	0.54578	0.989747
15	26800000	26850000	30584	155	20941	30842	0.00506801	0.41882	0.991635
15	26850000	26900000	25374	194	26395	27396	0.00764562	0.5279	0.926194
15	26900000	26950000	32473	217	19685	33184	0.00668247	0.3937	0.978574
15	26950000	27000000	27150	222	22930	28575	0.0081768	0.4586	0.950131
15	27000000	27050000	28450	235	26256	29002	0.00826011	0.52512	0.980967
15	27050000	27100000	25162	179	32904	25505	0.0071139	0.65808	0.986552
15	27100000	27150000	28345	197	21593	29018	0.00695008	0.43186	0.976807
15	27150000	27200000	30763	180	25334	31086	0.00585118	0.50668	0.989609
15	27200000	27250000	26204	152	31318	26516	0.00580064	0.62636	0.988234
15	27250000	27300000	29143	209	20612	29432	0.00717153	0.41224	0.990181
15	27300000	27350000	33355	284	17704	34129	0.00851447	0.35408	0.977321
15	27350000	27400000	30366	207	31253	30699	0.00681683	0.62506	0.989153
15	27400000	27450000	25417	193	27716	26671	0.00759334	0.55432	0.952983
15	27450000	27500000	30466	248	14537	33206	0.00814022	0.29074	0.917485
15	27500000	27550000	25957	187	31543	29939	0.00720422	0.63086	0.866996
15	27550000	27600000	27367	189	24516	29284	0.00690613	0.49032	0.934538
15	27600000	27650000	32455	248	23055	32796	0.00764135	0.4611	0.989602
15	27650000	27700000	29836	193	27190	30194	0.0064687	0.5438	0.988143
15	27700000	27750000	31018	186	25414	31414	0.00599652	0.50828	0.987394
15	27750000	27800000	30943	164	20053	32586	0.00530007	0.40106	0.94958
15	27800000	27850000	30974	268	26553	31394	0.00865242	0.53106	0.986622
15	27850000	27900000	26003	228	30111	26380	0.00876822	0.60222	0.985709
15	27900000	27950000	31151	248	20345	31574	0.00796122	0.4069	0.986603
15	27950000	28000000	33068	284	27286	33474	0.00858836	0.54572	0.987871
15	28000000	28050000	31207	219	26739	31504	0.00701766	0.53478	0.990573
15	28050000	28100000	31212	240	19752	31718	0.00768935	0.39504	0.984047
15	28100000	28150000	25826	189	29226	26218	0.00731821	0.58452	0.985048
15	28150000	28200000	26726	185	31545	26940	0.0069221	0.6309	0.992056
15	28200000	28250000	26374	181	25248	26572	0.00686282	0.50496	0.992549
15	28250000	28300000	29407	190	19981	30564	0.00646105	0.39962	0.962145
15	28300000	28350000	23978	211	31955	24725	0.00879973	0.6391	0.969788
15	28350000	28400000	20442	127	16985	20931	0.0062127	0.3397	0.976638
15	28400000	28450000	14603	77	26093	14758	0.00527289	0.52186	0.989497
15	28450000	28500000	6940	41	20196	7030	0.00590778	0.40392	0.987198
15	28500000	28550000	13386	70	26936	13456	0.00522934	0.53872	0.994798
15	28550000	28600000	47	4	27176	48	0.0851064	0.54352	0.979167
15	28600000	28650000	0	0	19547	0		0.39094	
15	28650000	28700000	0	0	24702	0		0.49404	
15	28700000	28750000	0	0	22756	1		0.45512	0
15	28750000	28800000	0	0	19596	0		0.39192	
15	28800000	28850000	0	0	25535	0		0.5107	
15	28850000	28900000	0	0	28748	0		0.57496	
15	28900000	28950000	1	1	21050	1	1	0.421	1
15	28950000	29000000	52	2	20632	153	0.0384615	0.41264	0.339869
15	29000000	29050000	0	0	19232	99		0.38464	0
15	29050000	29100000	0	0	23866	67		0.47732	0
15	29100000	29150000	0	0	23498	22561		0.46996	0
15	29150000	29200000	0	0	2803	3477		0.05606	0
15	29200000	29250000	24734	232	18489	25705	0.0093798	0.36978	0.962225
15	29250000	29300000	29995	198	25694	30742	0.0066011	0.51388	0.975701
15	29300000	29350000	27031	166	27374	27538	0.0061411	0.54748	0.981589
15	29350000	29400000	31288	233	15849	31939	0.00744694	0.31698	0.979617
15	29400000	29450000	32103	279	14730	32908	0.00869078	0.2946	0.975538
15	29450000	29500000	23736	189	29821	24283	0.00796259	0.59642	0.977474
15	29500000	29550000	19727	168	29839	19951	0.00851625	0.59678	0.988772
15	29550000	29600000	28298	171	29631	28865	0.00604283	0.59262	0.980357
15	29600000	29650000	28453	190	28239	28743	0.00667768	0.56478	0.989911
15	29650000	29700000	26383	160	25820	27042	0.00606451	0.5164	0.975631
15	29700000	29750000	28463	183	26517	28738	0.0064294	0.53034	0.990431
15	29750000	29800000	24347	163	31860	24774	0.00669487	0.6372	0.982764
15	29800000	29850000	26743	175	27982	27067	0.00654377	0.55964	0.98803
15	29850000	29900000	24261	108	32687	25407	0.00445159	0.65374	0.954894
15	29900000	29950000	23992	192	30126	25424	0.00800267	0.60252	0.943675
15	29950000	30000000	20157	145	24898	26426	0.00719353	0.49796	0.762772
15	30000000	30050000	27012	84	16061	27170	0.00310973	0.32122	0.994185
15	30050000	30100000	25282	108	28639	25639	0.00427181	0.57278	0.986076
15	30100000	30150000	25546	108	26418	25994	0.00422767	0.52836	0.982765
15	30150000	30200000	26661	146	23879	26886	0.00547616	0.47758	0.991631
15	30200000	30250000	29164	161	23034	29928	0.0055205	0.46068	0.974472
15	30250000	30300000	25397	168	31733	26054	0.00661495	0.63466	0.974783
15	30300000	30350000	482	1	33114	19531	0.00207469	0.66228	0.0246787
15	30350000	30400000	0	0	19651	9615		0.39302	0
15	30400000	30450000	0	0	17067	0		0.34134	
15	30450000	30500000	0	0	22965	0		0.4593	
15	30500000	30550000	0	0	28930	0		0.5786	
15	30550000	30600000	0	0	31693	0		0.63386	
15	30600000	30650000	0	0	31301	0		0.62602	
15	30650000	30700000	0	0	16621	0		0.33242	
15	30700000	30750000	5	1	22913	5	0.2	0.45826	1
15	30750000	30800000	0	0	26559	0		0.53118	
15	30800000	30850000	0	0	20897	0		0.41794	
15	30850000	30900000	0	0	17484	0		0.34968	
15	30900000	30950000	26	1	18329	1000	0.0384615	0.36658	0.026
15	30950000	31000000	0	0	29480	3220		0.5896	0
15	31000000	31050000	527	56	30518	894	0.106262	0.61036	0.589485
15	31050000	31100000	0	0	31865	2590		0.6373	0
15	31100000	31150000	977	11	27771	4212	0.011259	0.55542	0.231956
15	31150000	31200000	18590	121	37325	19240	0.00650888	0.7465	0.966216
15	31200000	31250000	28876	147	19383	29409	0.00509073	0.38766	0.981876
15	31250000	31300000	32073	159	15766	32300	0.00495744	0.31532	0.992972
15	31300000	31350000	29400	164	21221	29959	0.00557823	0.42442	0.981341
15	31350000	31400000	27982	181	23492	28251	0.00646844	0.46984	0.990478
15	31400000	31450000	21978	134	34514	22209	0.00609701	0.69028	0.989599
15	31450000	31500000	25258	182	30118	26148	0.00720564	0.60236	0.965963
15	31500000	31550000	26055	175	27880	26332	0.00671656	0.5576	0.98948
15	31550000	31600000	29963	197	25172	31303	0.00657478	0.50344	0.957193
15	31600000	31650000	29993	183	15195	30647	0.00610142	0.3039	0.97866
15	31650000	31700000	28150	165	18350	28848	0.00586146	0.367	0.975804
15	31700000	31750000	22321	152	37977	23304	0.00680973	0.75954	0.957818
15	31750000	31800000	30012	193	22487	30783	0.00643076	0.44974	0.974954
15	31800000	31850000	29786	190	28090	30030	0.00637884	0.5618	0.991875
15	31850000	31900000	12276	69	31482	25658	0.00562072	0.62964	0.478447
15	31900000	31950000	3700	54	41882	3748	0.0145946	0.83764	0.987193
15	31950000	32000000	633	23	29516	647	0.0363349	0.59032	0.978362
15	32000000	32050000	14673	77	32113	15851	0.00524773	0.64226	0.925683
15	32050000	32100000	29966	193	19440	31342	0.00644063	0.3888	0.956097
15	32100000	32150000	30148	124	18951	30619	0.00411304	0.37902	0.984617
15	32150000	32200000	29377	141	30927	29608	0.00479967	0.61854	0.992198
15	32200000	32250000	27089	171	34941	27313	0.00631253	0.69882	0.991799
15	32250000	32300000	28639	161	28665	30284	0.0056217	0.5733	0.945681
15	32300000	32350000	26933	162	33978	27133	0.00601493	0.67956	0.992629
15	32350000	32400000	27468	178	32181	27759	0.00648027	0.64362	0.989517
15	32400000	32450000	24533	169	27090	24750	0.00688868	0.5418	0.991232
15	32450000	32500000	0	0	25034	5		0.50068	0
15	32500000	32550000	4360	23	35403	4458	0.00527523	0.70806	0.978017
15	32550000	32600000	0	0	32052	0		0.64104	
15	32600000	32650000	0	0	24000	0		0.48	
15	32650000	32700000	0	0	16961	0		0.33922	
15	32700000	32750000	0	0	17601	0		0.35202	
15	32750000	32800000	0	0	25598	0		0.51196	
15	32800000	32850000	0	0	24238	0		0.48476	
15	32850000	32900000	0	0	19792	10		0.39584	0
15	32900000	32950000	15865	65	20496	16314	0.00409707	0.40992	0.972478
15	32950000	33000000	32490	193	17424	33389	0.00594029	0.34848	0.973075
15	33000000	33050000	26730	188	24451	27037	0.0070333	0.48902	0.988645
15	33050000	33100000	30117	253	18148	30425	0.00840057	0.36296	0.989877
15	33100000	33150000	30912	206	14046	31188	0.00666408	0.28092	0.99115
15	33150000	33200000	30963	261	19580	31493	0.00842942	0.3916	0.983171
15	33200000	33250000	31899	293	19901	32189	0.00918524	0.39802	0.990991
15	33250000	33300000	30281	259	17040	30601	0.00855322	0.3408	0.989543
15	33300000	33350000	26384	232	30935	26908	0.00879321	0.6187	0.980526
15	33350000	33400000	30078	270	18889	30491	0.00897666	0.37778	0.986455
15	33400000	33450000	32923	276	13656	33289	0.0083832	0.27312	0.989005
15	33450000	33500000	26951	189	22173	27761	0.00701273	0.44346	0.970822
15	33500000	33550000	25867	197	27205	26064	0.00761588	0.5441	0.992442
15	33550000	33600000	25956	190	28015	26195	0.00732008	0.5603	0.990876
15	33600000	33650000	28068	160	20963	28344	0.00570044	0.41926	0.990262
15	33650000	33700000	32501	217	20746	33230	0.00667672	0.41492	0.978062
15	33700000	33750000	31500	220	19753	31852	0.00698413	0.39506	0.988949
15	33750000	33800000	33570	198	19004	33875	0.00589812	0.38008	0.990996
15	33800000	33850000	33562	235	12147	34543	0.00700197	0.24294	0.971601
15	33850000	33900000	26069	181	25299	26293	0.00694311	0.50598	0.991481
15	33900000	33950000	33826	246	12050	34710	0.00727251	0.241	0.974532
15	33950000	34000000	29156	223	18267	29555	0.00764851	0.36534	0.9865
15	34000000	34050000	29850	203	19250	30685	0.00680067	0.385	0.972788
15	34050000	34100000	27301	170	20964	27664	0.00622688	0.41928	0.986878
15	34100000	34150000	30236	167	14338	30865	0.00552322	0.28676	0.979621
15	34150000	34200000	24708	190	22027	25481	0.00768982	0.44054	0.969664
15	34200000	34250000	21442	149	25964	24771	0.00694898	0.51928	0.865609
15	34250000	34300000	28985	152	18737	29231	0.00524409	0.37474	0.991584
15	34300000	34350000	19545	130	29989	19788	0.00665132	0.59978	0.98772
15	34350000	34400000	24110	105	21998	24682	0.00435504	0.43996	0.976825
15	34400000	34450000	21629	97	26172	21778	0.00448472	0.52344	0.993158
15	34450000	34500000	16852	109	36892	16978	0.00646808	0.73784	0.992579
15	34500000	34550000	26010	98	19350	26621	0.00376778	0.387	0.977048
15	34550000	34600000	20877	85	32456	21887	0.00407147	0.64912	0.953854
15	34600000	34650000	24509	112	20939	24727	0.00456975	0.41878	0.991184
15	34650000	34700000	5288	28	16648	9139	0.00529501	0.33296	0.578619
15	34700000	34750000	0	0	19100	0		0.382	
15	34750000	34800000	0	0	21164	0		0.42328	
15	34800000	34850000	0	0	14939	0		0.29878	
15	34850000	34900000	6531	93	20576	6605	0.0142398	0.41152	0.988796
15	34900000	34950000	15739	120	20424	16656	0.00762437	0.40848	0.944945
15	34950000	35000000	30143	198	27772	31881	0.00656869	0.55544	0.945485
15	35000000	35050000	31701	197	11415	33341	0.00621432	0.2283	0.950811
15	35050000	35100000	31210	228	20542	31524	0.00730535	0.41084	0.990039
15	35100000	35150000	29151	191	28472	29702	0.00655209	0.56944	0.981449
15	35150000	35200000	31009	124	20415	31436	0.00399884	0.4083	0.986417
15	35200000	35250000	20969	107	24937	21097	0.00510277	0.49874	0.993933
15	35250000	35300000	21819	107	26474	22012	0.00490398	0.52948	0.991232
15	35300000	35350000	21485	120	26922	21673	0.00558529	0.53844	0.991326
15	35350000	35400000	25432	155	20770	25901	0.00609468	0.4154	0.981893
15	35400000	35450000	31216	160	16186	31444	0.00512558	0.32372	0.992749
15	35450000	35500000	31358	181	17617	31666	0.00577205	0.35234	0.990273
15	35500000	35550000	24790	119	26286	25020	0.00480032	0.52572	0.990807
15	35550000	35600000	25464	121	20003	25630	0.00475181	0.40006	0.993523
15	35600000	35650000	21185	111	34715	21332	0.00523956	0.6943	0.993109
15	35650000	35700000	23427	148	29246	23841	0.0063175	0.58492	0.982635
15	35700000	35750000	26971	183	26427	27659	0.00678507	0.52854	0.975126
15	35750000	35800000	29000	117	21533	31024	0.00403448	0.43066	0.93476
15	35800000	35850000	33707	133	15191	33979	0.00394577	0.30382	0.991995
15	35850000	35900000	32192	187	19041	32428	0.0058089	0.38082	0.992722
15	35900000	35950000	28650	120	24586	28884	0.00418848	0.49172	0.991899
15	35950000	36000000	32609	174	13326	32906	0.00533595	0.26652	0.990974
15	36000000	36050000	31671	172	17436	31875	0.00543084	0.34872	0.9936
15	36050000	36100000	29166	136	24970	29409	0.00466296	0.4994	0.991737
15	36100000	36150000	35450	167	14506	35708	0.00471086	0.29012	0.992775
15	36150000	36200000	28560	177	23969	29154	0.00619748	0.47938	0.979625
15	36200000	36250000	34238	210	19963	34889	0.00613354	0.39926	0.981341
15	36250000	36300000	33194	194	13137	33699	0.00584443	0.26274	0.985014
15	36300000	36350000	29539	202	24519	29870	0.00683842	0.49038	0.988919
15	36350000	36400000	28587	157	25948	30399	0.00549201	0.51896	0.940393
15	36400000	36450000	29891	152	26065	30128	0.00508514	0.5213	0.992134
15	36450000	36500000	28568	153	27270	28777	0.00535564	0.5454	0.992737
15	36500000	36550000	28370	142	25566	28572	0.00500529	0.51132	0.99293
15	36550000	36600000	26845	183	24644	27253	0.00681691	0.49288	0.985029
15	36600000	36650000	31028	183	29002	31327	0.0058979	0.58004	0.990456
15	36650000	36700000	29394	187	12356	29673	0.00636184	0.24712	0.990598
15	36700000	36750000	32727	203	14408	33088	0.00620283	0.28816	0.98909
15	36750000	36800000	29553	190	17774	29816	0.00642913	0.35548	0.991179
15	36800000	36850000	31085	179	21296	31424	0.0057584	0.42592	0.989212
15	36850000	36900000	29369	165	19093	29856	0.00561817	0.38186	0.983688
15	36900000	36950000	26373	241	16339	26844	0.00913813	0.32678	0.982454
15	36950000	37000000	30391	185	14458	31088	0.00608733	0.28916	0.97758
15	37000000	37050000	17739	85	14892	31510	0.0047917	0.29784	0.562964
15	37050000	37100000	27841	119	14148	31341	0.00427427	0.28296	0.888325
15	37100000	37150000	31603	147	18341	31883	0.00465146	0.36682	0.991218
15	37150000	37200000	35100	147	8217	35351	0.00418803	0.16434	0.9929
15	37200000	37250000	33530	125	8660	33735	0.003728	0.1732	0.993923
15	37250000	37300000	29499	117	16839	31206	0.00396624	0.33678	0.945299
15	37300000	37350000	32758	123	10525	32993	0.00375481	0.2105	0.992877
15	37350000	37400000	33339	143	6074	33540	0.00428927	0.12148	0.994007
15	37400000	37450000	33525	165	16297	33823	0.0049217	0.32594	0.991189
15	37450000	37500000	26441	151	28430	26712	0.00571083	0.5686	0.989855
15	37500000	37550000	23437	134	25223	23943	0.00571746	0.50446	0.978866
15	37550000	37600000	24156	172	32073	25127	0.00712038	0.64146	0.961356
15	37600000	37650000	22652	182	26948	23048	0.00803461	0.53896	0.982818
15	37650000	37700000	23486	167	26581	23710	0.00711062	0.53162	0.990553
15	37700000	37750000	21477	141	26867	21696	0.00656516	0.53734	0.989906
15	37750000	37800000	19685	116	34334	20247	0.00589281	0.68668	0.972243
15	37800000	37850000	25449	185	30164	25692	0.00726944	0.60328	0.990542
15	37850000	37900000	27844	154	23180	30435	0.00553081	0.4636	0.914868
15	37900000	37950000	27547	209	29981	28408	0.00758703	0.59962	0.969692
15	37950000	38000000	28580	168	26828	29852	0.00587824	0.53656	0.95739
15	38000000	38050000	27934	208	24169	28197	0.00744612	0.48338	0.990673
15	38050000	38100000	32205	212	14744	32467	0.00658283	0.29488	0.99193
15	38100000	38150000	31189	172	20934	31459	0.00551476	0.41868	0.991417
15	38150000	38200000	34960	200	10976	35214	0.00572082	0.21952	0.992787
15	38200000	38250000	24156	153	31341	24337	0.00633383	0.62682	0.992563
15	38250000	38300000	17396	112	39911	17563	0.00643826	0.79822	0.990491
15	38300000	38350000	29964	200	28903	30209	0.00667468	0.57806	0.99189
15	38350000	38400000	28309	169	20296	28534	0.00596983	0.40592	0.992115
15	38400000	38450000	21440	133	32061	21619	0.00620336	0.64122	0.99172
15	38450000	38500000	31144	197	26364	31698	0.00632546	0.52728	0.982523
15	38500000	38550000	29060	142	16115	30542	0.00488644	0.3223	0.951477
15	38550000	38600000	28940	110	23124	29272	0.00380097	0.46248	0.988658
15	38600000	38650000	31996	120	22760	32276	0.00375047	0.4552	0.991325
15	38650000	38700000	28333	206	33518	28589	0.00727067	0.67036	0.991046
15	38700000	38750000	26149	178	31205	26501	0.00680714	0.6241	0.986717
15	38750000	38800000	31236	137	15157	31507	0.00438596	0.30314	0.991399
15	38800000	38850000	33264	196	18107	33553	0.00589226	0.36214	0.991387
15	38850000	38900000	23307	175	26132	23547	0.00750847	0.52264	0.989808
15	38900000	38950000	31352	206	22877	32293	0.00657055	0.45754	0.970861
15	38950000	39000000	31467	172	20289	31796	0.00546604	0.40578	0.989653
15	39000000	39050000	31386	257	19104	33139	0.00818836	0.38208	0.947102
15	39050000	39100000	21475	163	30446	21797	0.00759022	0.60892	0.985227
15	39100000	39150000	24666	190	24018	25236	0.00770291	0.48036	0.977413
15	39150000	39200000	30297	206	20655	30612	0.00679935	0.4131	0.98971
15	39200000	39250000	25569	192	27902	25825	0.00750909	0.55804	0.990087
15	39250000	39300000	25416	150	30245	25788	0.00590179	0.6049	0.985575
15	39300000	39350000	29442	227	22320	30008	0.00771007	0.4464	0.981138
15	39350000	39400000	30770	240	21426	31132	0.00779981	0.42852	0.988372
15	39400000	39450000	30738	217	22208	31026	0.00705967	0.44416	0.990717
15	39450000	39500000	35483	249	17128	35835	0.00701744	0.34256	0.990177
15	39500000	39550000	27371	250	22782	27885	0.00913375	0.45564	0.981567
15	39550000	39600000	25946	181	23794	26227	0.00697603	0.47588	0.989286
15	39600000	39650000	33555	216	15559	33878	0.00643719	0.31118	0.990466
15	39650000	39700000	31902	194	24748	32219	0.00608112	0.49496	0.990161
15	39700000	39750000	30217	216	20459	30532	0.00714829	0.40918	0.989683
15	39750000	39800000	32955	201	19069	33776	0.00609923	0.38138	0.975693
15	39800000	39850000	31234	195	22414	31544	0.0062432	0.44828	0.990172
15	39850000	39900000	34773	171	14053	35047	0.00491761	0.28106	0.992182
15	39900000	39950000	30352	165	21053	30631	0.00543622	0.42106	0.990892
15	39950000	40000000	32938	137	17031	33163	0.00415933	0.34062	0.993215
15	40000000	40050000	27438	219	24828	28045	0.00798163	0.49656	0.978356
15	40050000	40100000	31309	208	21337	31604	0.00664346	0.42674	0.990666
15	40100000	40150000	28745	159	28389	29150	0.0055314	0.56778	0.986106
15	40150000	40200000	27658	142	25932	27930	0.00513414	0.51864	0.990261
15	40200000	40250000	26678	121	23322	26894	0.00453557	0.46644	0.991968
15	40250000	40300000	27043	120	15659	27526	0.00443738	0.31318	0.982453
15	40300000	40350000	28268	138	19389	29298	0.00488185	0.38778	0.964844
15	40350000	40400000	29155	125	18252	30446	0.00428743	0.36504	0.957597
15	40400000	40450000	17702	134	28515	19165	0.00756977	0.5703	0.923663
15	40450000	40500000	23479	122	29356	23653	0.00519613	0.58712	0.992644
15	40500000	40550000	30664	164	17263	30956	0.00534829	0.34526	0.990567
15	40550000	40600000	32992	173	9395	33621	0.0052437	0.1879	0.981291
15	40600000	40650000	31647	191	13843	32504	0.00603533	0.27686	0.973634
15	40650000	40700000	24980	132	23714	25578	0.00528423	0.47428	0.976621
15	40700000	40750000	21598	73	14526	28884	0.00337994	0.29052	0.74775
15	40750000	40800000	20533	95	22853	25402	0.0046267	0.45706	0.808322
15	40800000	40850000	24516	135	28788	24732	0.00550661	0.57576	0.991266
15	40850000	40900000	19162	90	31291	19562	0.0046968	0.62582	0.979552
15	40900000	40950000	19743	94	29212	19869	0.00476118	0.58424	0.993658
15	40950000	41000000	10826	62	39402	11134	0.00572695	0.78804	0.972337
15	41000000	41050000	19787	96	24924	20882	0.00485167	0.49848	0.947562
15	41050000	41100000	20671	94	22943	22514	0.00454743	0.45886	0.91814
15	41100000	41150000	23820	130	26933	24281	0.0054576	0.53866	0.981014
15	41150000	41200000	21651	79	23649	22695	0.00364879	0.47298	0.953999
15	41200000	41250000	30489	117	11024	31089	0.00383745	0.22048	0.980701
15	41250000	41300000	26984	190	18772	27736	0.00704121	0.37544	0.972887
15	41300000	41350000	24867	90	19572	25346	0.00361925	0.39144	0.981102
15	41350000	41400000	19974	83	29441	20283	0.0041554	0.58882	0.984766
15	41400000	41450000	9397	56	43057	9898	0.00595935	0.86114	0.949384
15	41450000	41500000	11221	66	34703	13246	0.00588183	0.69406	0.847124
15	41500000	41550000	17262	90	28442	17791	0.00521376	0.56884	0.970266
15	41550000	41600000	13026	63	27166	14743	0.00483648	0.54332	0.883538
15	41600000	41650000	14843	61	34605	15327	0.00410968	0.6921	0.968422
15	41650000	41700000	13077	52	34867	13598	0.00397645	0.69734	0.961686
15	41700000	41750000	13396	62	33259	15831	0.00462825	0.66518	0.846188
15	41750000	41800000	23572	88	20495	24047	0.00373324	0.4099	0.980247
15	41800000	41850000	20373	90	25025	21171	0.00441761	0.5005	0.962307
15	41850000	41900000	18993	120	24834	19358	0.00631812	0.49668	0.981145
15	41900000	41950000	16912	67	34671	18618	0.00396168	0.69342	0.908368
15	41950000	42000000	22345	86	28345	23018	0.00384874	0.5669	0.970762
15	42000000	42050000	23572	91	22380	24085	0.00386051	0.4476	0.9787
15	42050000	42100000	26095	80	18353	26755	0.00306572	0.36706	0.975332
15	42100000	42150000	10563	55	9609	33605	0.00520685	0.19218	0.314328
15	42150000	42200000	30451	190	10327	34164	0.00623953	0.20654	0.891318
15	42200000	42250000	31496	203	16942	31785	0.00644526	0.33884	0.990908
15	42250000	42300000	29006	131	21573	29782	0.00451631	0.43146	0.973944
15	42300000	42350000	30660	205	19809	31640	0.00668624	0.39618	0.969027
15	42350000	42400000	29994	222	19949	30889	0.00740148	0.39898	0.971025
15	42400000	42450000	28088	245	28452	28509	0.00872259	0.56904	0.985233
15	42450000	42500000	28541	152	20719	28746	0.00532567	0.41438	0.992869
15	42500000	42550000	23287	111	29523	23462	0.00476661	0.59046	0.992541
15	42550000	42600000	22011	112	28046	22528	0.00508836	0.56092	0.977051
15	42600000	42650000	24817	118	24366	25075	0.00475481	0.48732	0.989711
15	42650000	42700000	26253	175	25596	27913	0.0066659	0.51192	0.94053
15	42700000	42750000	26867	141	17507	27350	0.00524807	0.35014	0.98234
15	42750000	42800000	18073	115	31749	19666	0.00636308	0.63498	0.918997
15	42800000	42850000	20391	101	23898	20701	0.00495317	0.47796	0.985025
15	42850000	42900000	15386	77	23866	20748	0.00500455	0.47732	0.741565
15	42900000	42950000	17596	140	34155	18015	0.00795635	0.6831	0.976742
15	42950000	43000000	28479	125	20339	29620	0.0043892	0.40678	0.961479
15	43000000	43050000	26411	128	18621	28320	0.00484647	0.37242	0.932592
15	43050000	43100000	18806	92	32980	19468	0.00489206	0.6596	0.965995
15	43100000	43150000	23924	96	28591	24191	0.00401271	0.57182	0.988963
15	43150000	43200000	15128	52	40633	16201	0.00343733	0.81266	0.93377
15	43200000	43250000	20651	78	27737	21190	0.00377706	0.55474	0.974563
15	43250000	43300000	22063	92	26458	22898	0.00416988	0.52916	0.963534
15	43300000	43350000	22573	88	26432	22888	0.00389846	0.52864	0.986237
15	43350000	43400000	21700	84	30226	21935	0.00387097	0.60452	0.989287
15	43400000	43450000	19392	77	27143	19975	0.00397071	0.54286	0.970814
15	43450000	43500000	23342	80	29105	23935	0.0034273	0.5821	0.975225
15	43500000	43550000	30906	190	21682	31403	0.00614767	0.43364	0.984173
15	43550000	43600000	26297	156	22929	27333	0.00593224	0.45858	0.962097
15	43600000	43650000	28353	136	23172	28858	0.00479667	0.46344	0.982501
15	43650000	43700000	27561	99	21339	27754	0.00359203	0.42678	0.993046
15	43700000	43750000	26919	106	20577	27090	0.00393774	0.41154	0.993688
15	43750000	43800000	21379	76	30126	21531	0.00355489	0.60252	0.99294
15	43800000	43850000	24072	85	22114	24210	0.00353107	0.44228	0.9943
15	43850000	43900000	470	9	12378	479	0.0191489	0.24756	0.981211
15	43900000	43950000	1790	30	25146	2532	0.0167598	0.50292	0.706951
15	43950000	44000000	42	0	12143	42	0	0.24286	1
15	44000000	44050000	3890	64	22552	4741	0.0164524	0.45104	0.820502
15	44050000	44100000	19795	78	24134	20102	0.00394039	0.48268	0.984728
15	44100000	44150000	16677	74	31395	17362	0.00443725	0.6279	0.960546
15	44150000	44200000	23778	88	15381	29258	0.0037009	0.30762	0.812701
15	44200000	44250000	31458	159	15603	31678	0.00505436	0.31206	0.993055
15	44250000	44300000	19777	108	31724	19949	0.00546089	0.63448	0.991378
15	44300000	44350000	22203	110	28614	22379	0.00495429	0.57228	0.992135
15	44350000	44400000	22953	106	21798	29072	0.00461813	0.43596	0.789523
15	44400000	44450000	21745	135	30685	22368	0.00620832	0.6137	0.972148
15	44450000	44500000	24317	115	23374	25011	0.0047292	0.46748	0.972252
15	44500000	44550000	17579	92	31820	17707	0.00523352	0.6364	0.992771
15	44550000	44600000	17721	83	31685	18067	0.00468371	0.6337	0.980849
15	44600000	44650000	18116	94	30778	18831	0.00518878	0.61556	0.962031
15	44650000	44700000	15734	61	35436	16102	0.00387695	0.70872	0.977146
15	44700000	44750000	15440	76	32554	15724	0.00492228	0.65108	0.981938
15	44750000	44800000	20001	105	30742	20283	0.00524974	0.61484	0.986097
15	44800000	44850000	18234	64	22465	20312	0.00350993	0.4493	0.897696
15	44850000	44900000	20131	78	23324	20700	0.00387462	0.46648	0.972512
15	44900000	44950000	20296	70	33360	20591	0.00344896	0.6672	0.985673
15	44950000	45000000	19975	84	29415	20189	0.00420526	0.5883	0.9894
15	45000000	45050000	20426	98	31099	21259	0.00479781	0.62198	0.960817
15	45050000	45100000	13832	126	28053	14349	0.00910931	0.56106	0.96397
15	45100000	45150000	2906	50	19990	2993	0.0172058	0.3998	0.970932
15	45150000	45200000	3148	35	39927	3249	0.0111182	0.79854	0.968914
15	45200000	45250000	8117	75	31088	9151	0.00923987	0.62176	0.887007
15	45250000	45300000	4763	49	30089	4847	0.0102876	0.60178	0.98267
15	45300000	45350000	3143	32	32643	4356	0.0101814	0.65286	0.721534
15	45350000	45400000	15052	79	16475	15846	0.00524847	0.3295	0.949893
15	45400000	45450000	32524	158	11012	32729	0.00485795	0.22024	0.993736
15	45450000	45500000	28668	112	16182	28859	0.0039068	0.32364	0.993382
15	45500000	45550000	18246	134	36673	18444	0.00734408	0.73346	0.989265
15	45550000	45600000	24964	156	27942	25166	0.006249	0.55884	0.991973
15	45600000	45650000	22796	180	30536	22984	0.00789612	0.61072	0.99182
15	45650000	45700000	29270	136	16796	29462	0.0046464	0.33592	0.993483
15	45700000	45750000	24451	129	27450	24676	0.00527586	0.549	0.990882
15	45750000	45800000	21563	79	27198	21707	0.00366368	0.54396	0.993366
15	45800000	45850000	19934	113	30106	20128	0.00566871	0.60212	0.990362
15	45850000	45900000	20222	135	32597	20442	0.0066759	0.65194	0.989238
15	45900000	45950000	21857	122	30145	22242	0.00558174	0.6029	0.98269
15	45950000	46000000	24527	184	24535	27962	0.00750194	0.4907	0.877155
15	46000000	46050000	28150	172	25534	28417	0.00611012	0.51068	0.990604
15	46050000	46100000	32918	191	24500	33232	0.0058023	0.49	0.990551
15	46100000	46150000	19707	142	33307	20455	0.00720556	0.66614	0.963432
15	46150000	46200000	26610	166	28466	26908	0.00623826	0.56932	0.988925
15	46200000	46250000	29562	189	27884	29812	0.00639334	0.55768	0.991614
15	46250000	46300000	25673	214	32776	26546	0.00833561	0.65552	0.967114
15	46300000	46350000	24095	220	40251	24476	0.00913053	0.80502	0.984434
15	46350000	46400000	28956	271	27930	29565	0.00935903	0.5586	0.979401
15	46400000	46450000	20848	211	37843	21137	0.0101209	0.75686	0.986327
15	46450000	46500000	24726	263	32424	25058	0.0106366	0.64848	0.986751
15	46500000	46550000	22158	227	29559	22673	0.0102446	0.59118	0.977286
15	46550000	46600000	27655	207	24533	28023	0.00748508	0.49066	0.986868
15	46600000	46650000	30983	232	21097	31536	0.00748798	0.42194	0.982464
15	46650000	46700000	21451	193	33566	22425	0.00899725	0.67132	0.956566
15	46700000	46750000	29075	164	25374	29310	0.00564058	0.50748	0.991982
15	46750000	46800000	26758	188	27091	27073	0.00702594	0.54182	0.988365
15	46800000	46850000	25822	143	38025	26230	0.00553791	0.7605	0.984445
15	46850000	46900000	28315	245	26707	28627	0.00865266	0.53414	0.989101
15	46900000	46950000	30358	215	27068	30613	0.00708215	0.54136	0.99167
15	46950000	47000000	31199	199	23286	31519	0.00637841	0.46572	0.989847
15	47000000	47050000	26677	185	32183	26996	0.00693481	0.64366	0.988183
15	47050000	47100000	26478	206	28144	26705	0.00778004	0.56288	0.9915
15	47100000	47150000	30208	186	28169	31317	0.00615731	0.56338	0.964588
15	47150000	47200000	31428	243	25113	31733	0.00773196	0.50226	0.990389
15	47200000	47250000	27735	161	32052	27989	0.00580494	0.64104	0.990925
15	47250000	47300000	15667	150	45268	15865	0.00957426	0.90536	0.98752
15	47300000	47350000	19378	138	34475	19580	0.00712148	0.6895	0.989683
15	47350000	47400000	2850	72	25557	2898	0.0252632	0.51114	0.983437
15	47400000	47450000	22331	182	34162	22839	0.00815011	0.68324	0.977757
15	47450000	47500000	29383	137	20635	29616	0.00466256	0.4127	0.992133
15	47500000	47550000	30521	143	23961	30813	0.0046853	0.47922	0.990523
15	47550000	47600000	29882	144	25205	30107	0.00481895	0.5041	0.992527
15	47600000	47650000	29382	173	26024	29707	0.00588796	0.52048	0.98906
15	47650000	47700000	34151	206	16342	34429	0.00603203	0.32684	0.991925
15	47700000	47750000	34525	208	13818	34833	0.00602462	0.27636	0.991158
15	47750000	47800000	35382	202	13596	35642	0.00570912	0.27192	0.992705
15	47800000	47850000	33945	179	10897	34436	0.00527324	0.21794	0.985742
15	47850000	47900000	33046	196	20385	33363	0.00593113	0.4077	0.990498
15	47900000	47950000	33487	213	21164	33726	0.00636068	0.42328	0.992913
15	47950000	48000000	32311	164	18023	32608	0.00507567	0.36046	0.990892
15	48000000	48050000	33932	195	14827	34389	0.00574679	0.29654	0.986711
15	48050000	48100000	33400	195	11679	33636	0.00583832	0.23358	0.992984
15	48100000	48150000	33214	196	19544	33757	0.00590113	0.39088	0.983914
15	48150000	48200000	27709	175	24033	28680	0.00631564	0.48066	0.966144
15	48200000	48250000	30259	209	21363	32862	0.00690704	0.42726	0.92079
15	48250000	48300000	34154	253	19462	34582	0.00740762	0.38924	0.987624
15	48300000	48350000	30725	183	23876	31093	0.00595606	0.47752	0.988165
15	48350000	48400000	34376	200	18273	34722	0.00581801	0.36546	0.990035
15	48400000	48450000	33911	147	15143	34130	0.00433488	0.30286	0.993583
15	48450000	48500000	31170	165	16665	31406	0.00529355	0.3333	0.992486
15	48500000	48550000	31398	185	15586	31673	0.0058921	0.31172	0.991318
15	48550000	48600000	31052	126	16607	32159	0.00405771	0.33214	0.965577
15	48600000	48650000	26969	148	23269	27188	0.00548778	0.46538	0.991945
15	48650000	48700000	29657	195	20400	29909	0.00657518	0.408	0.991574
15	48700000	48750000	34793	140	7331	35178	0.0040238	0.14662	0.989056
15	48750000	48800000	35430	191	8813	35718	0.00539091	0.17626	0.991937
15	48800000	48850000	33889	163	11607	34209	0.00480982	0.23214	0.990646
15	48850000	48900000	33854	182	15151	34155	0.00537603	0.30302	0.991187
15	48900000	48950000	33136	175	12694	33399	0.00528127	0.25388	0.992126
15	48950000	49000000	26456	143	30103	26701	0.0054052	0.60206	0.990824
15	49000000	49050000	29406	130	25134	29624	0.00442087	0.50268	0.992641
15	49050000	49100000	32244	179	15460	32570	0.00555142	0.3092	0.989991
15	49100000	49150000	28752	124	26538	29122	0.00431274	0.53076	0.987295
15	49150000	49200000	27799	169	18636	28055	0.00607936	0.37272	0.990875
15	49200000	49250000	25032	125	25078	26243	0.00499361	0.50156	0.953854
15	49250000	49300000	27093	101	16845	28295	0.0037279	0.3369	0.957519
15	49300000	49350000	27784	94	21597	27972	0.00338324	0.43194	0.993279
15	49350000	49400000	25365	142	28159	25602	0.00559827	0.56318	0.990743
15	49400000	49450000	26548	100	20004	27287	0.00376676	0.40008	0.972918
15	49450000	49500000	20371	83	37340	20677	0.00407442	0.7468	0.985201
15	49500000	49550000	24915	112	34447	25872	0.00449528	0.68894	0.96301
15	49550000	49600000	27235	105	25395	27477	0.00385533	0.5079	0.991193
15	49600000	49650000	26107	105	23253	26311	0.00402191	0.46506	0.992247
15	49650000	49700000	17188	71	35034	17352	0.00413079	0.70068	0.990549
15	49700000	49750000	32822	132	15869	33039	0.00402169	0.31738	0.993432
15	49750000	49800000	18304	104	21572	18465	0.00568182	0.43144	0.991281
15	49800000	49850000	17995	102	42938	19030	0.00566824	0.85876	0.945612
15	49850000	49900000	18069	103	40907	18927	0.00570037	0.81814	0.954668
15	49900000	49950000	28109	116	25230	28354	0.00412679	0.5046	0.991359
15	49950000	50000000	26798	114	23589	27955	0.00425405	0.47178	0.958612
15	50000000	50050000	22510	151	33394	25338	0.00670813	0.66788	0.888389
15	50050000	50100000	19080	89	33883	21721	0.00466457	0.67766	0.878413
15	50100000	50150000	24036	121	31068	24319	0.00503412	0.62136	0.988363
15	50150000	50200000	33273	174	16451	33520	0.00522947	0.32902	0.992631
15	50200000	50250000	24827	143	34399	25151	0.00575986	0.68798	0.987118
15	50250000	50300000	27570	157	23356	27748	0.0056946	0.46712	0.993585
15	50300000	50350000	33297	154	20994	33547	0.00462504	0.41988	0.992548
15	50350000	50400000	26466	154	25477	27972	0.00581879	0.50954	0.94616
15	50400000	50450000	28327	200	29773	28602	0.0070604	0.59546	0.990385
15	50450000	50500000	20435	116	32788	21060	0.00567654	0.65576	0.970323
15	50500000	50550000	25449	117	23325	27545	0.00459743	0.4665	0.923906
15	50550000	50600000	25751	112	23586	25947	0.00434935	0.47172	0.992446
15	50600000	50650000	23324	76	29178	23519	0.00325845	0.58356	0.991709
15	50650000	50700000	16512	48	35401	18251	0.00290698	0.70802	0.904718
15	50700000	50750000	19718	88	25716	19885	0.00446293	0.51432	0.991602
15	50750000	50800000	20554	91	25294	20725	0.00442736	0.50588	0.991749
15	50800000	50850000	17488	113	37615	18504	0.00646157	0.7523	0.945093
15	50850000	50900000	25818	124	23566	26010	0.00480285	0.47132	0.992618
15	50900000	50950000	21018	83	28013	21180	0.003949	0.56026	0.992351
15	50950000	51000000	15388	78	33813	15702	0.00506888	0.67626	0.980003
15	51000000	51050000	19971	89	25528	20192	0.00445646	0.51056	0.989055
15	51050000	51100000	16456	79	32739	17664	0.00480068	0.65478	0.931612
15	51100000	51150000	18729	103	33522	20506	0.00549949	0.67044	0.913342
15	51150000	51200000	11389	85	34403	19265	0.00746334	0.68806	0.591176
15	51200000	51250000	23298	135	21527	23809	0.00579449	0.43054	0.978538
15	51250000	51300000	22416	126	30835	22596	0.00562099	0.6167	0.992034
15	51300000	51350000	20811	98	33760	21079	0.00470905	0.6752	0.987286
15	51350000	51400000	31729	153	17271	33136	0.00482209	0.34542	0.957539
15	51400000	51450000	28252	143	26764	28942	0.00506159	0.53528	0.976159
15	51450000	51500000	29491	125	21657	29731	0.00423858	0.43314	0.991928
15	51500000	51550000	34868	124	12598	35105	0.00355627	0.25196	0.993249
15	51550000	51600000	29859	118	16545	30478	0.00395191	0.3309	0.97969
15	51600000	51650000	31198	139	22759	31563	0.00445541	0.45518	0.988436
15	51650000	51700000	31136	190	18959	31419	0.00610226	0.37918	0.990993
15	51700000	51750000	15868	87	40044	17445	0.00548273	0.80088	0.909602
15	51750000	51800000	31729	155	17775	31989	0.00488512	0.3555	0.991872
15	51800000	51850000	23827	144	29688	24120	0.00604356	0.59376	0.987852
15	51850000	51900000	20475	125	35592	21685	0.00610501	0.71184	0.944201
15	51900000	51950000	24351	140	30433	24686	0.00574925	0.60866	0.98643
15	51950000	52000000	30266	128	22927	30483	0.00422917	0.45854	0.992881
15	52000000	52050000	28234	179	23220	29202	0.00633987	0.4644	0.966852
15	52050000	52100000	24883	166	27297	25087	0.00667122	0.54594	0.991868
15	52100000	52150000	28115	136	20750	28334	0.00483728	0.415	0.992271
15	52150000	52200000	25144	115	24559	25490	0.00457366	0.49118	0.986426
15	52200000	52250000	23904	185	22783	24724	0.00773929	0.45566	0.966834
15	52250000	52300000	18118	80	34288	18417	0.0044155	0.68576	0.983765
15	52300000	52350000	17450	83	30512	17976	0.00475645	0.61024	0.970739
15	52350000	52400000	22602	144	24649	24125	0.00637112	0.49298	0.93687
15	52400000	52450000	29589	152	23512	30365	0.00513704	0.47024	0.974444
15	52450000	52500000	23537	114	29479	24081	0.00484344	0.58958	0.97741
15	52500000	52550000	30534	182	17386	31147	0.00596057	0.34772	0.980319
15	52550000	52600000	29585	169	23848	30310	0.00571235	0.47696	0.976081
15	52600000	52650000	30933	111	14217	31158	0.0035884	0.28434	0.992779
15	52650000	52700000	31100	119	16126	31313	0.00382637	0.32252	0.993198
15	52700000	52750000	24307	123	28085	24726	0.00506027	0.5617	0.983054
15	52750000	52800000	18665	102	33133	18782	0.00546477	0.66266	0.993771
15	52800000	52850000	22397	159	23560	22675	0.00709917	0.4712	0.98774
15	52850000	52900000	25624	111	22358	26195	0.00433188	0.44716	0.978202
15	52900000	52950000	28804	198	17542	29092	0.00687405	0.35084	0.9901
15	52950000	53000000	27478	153	26636	28339	0.00556809	0.53272	0.969618
15	53000000	53050000	25057	123	24308	25306	0.00490881	0.48616	0.99016
15	53050000	53100000	32630	179	10704	32879	0.00548575	0.21408	0.992427
15	53100000	53150000	24804	152	24051	25545	0.00612804	0.48102	0.970992
15	53150000	53200000	26944	205	23764	27204	0.00760837	0.47528	0.990443
15	53200000	53250000	30913	252	20907	31192	0.00815191	0.41814	0.991055
15	53250000	53300000	30050	184	23865	30346	0.00612313	0.4773	0.990246
15	53300000	53350000	23211	190	30998	23418	0.00818577	0.61996	0.991161
15	53350000	53400000	28148	204	21185	28849	0.00724741	0.4237	0.975701
15	53400000	53450000	27734	196	25119	28015	0.00706714	0.50238	0.98997
15	53450000	53500000	29332	180	21719	29630	0.00613664	0.43438	0.989943
15	53500000	53550000	32223	233	19754	32791	0.00723086	0.39508	0.982678
15	53550000	53600000	31415	214	23360	31793	0.00681203	0.4672	0.988111
15	53600000	53650000	30474	246	22775	31072	0.00807246	0.4555	0.980754
15	53650000	53700000	33125	251	18886	33987	0.00757736	0.37772	0.974637
15	53700000	53750000	29498	193	20564	31090	0.00654282	0.41128	0.948794
15	53750000	53800000	30714	166	24092	31022	0.0054047	0.48184	0.990072
15	53800000	53850000	30459	161	16375	30725	0.00528579	0.3275	0.991343
15	53850000	53900000	30709	252	19302	31036	0.00820606	0.38604	0.989464
15	53900000	53950000	28970	213	22439	29380	0.00735243	0.44878	0.986045
15	53950000	54000000	26807	182	20098	27389	0.00678927	0.40196	0.978751
15	54000000	54050000	30584	226	21876	30892	0.00738948	0.43752	0.99003
15	54050000	54100000	23196	214	34691	24018	0.00922573	0.69382	0.965776
15	54100000	54150000	26052	204	29973	26320	0.00783049	0.59946	0.989818
15	54150000	54200000	27332	216	24618	27625	0.00790282	0.49236	0.989394
15	54200000	54250000	25934	228	26483	26566	0.00879155	0.52966	0.97621
15	54250000	54300000	32977	253	18639	33303	0.00767201	0.37278	0.990211
15	54300000	54350000	30644	204	19510	30939	0.00665709	0.3902	0.990465
15	54350000	54400000	28884	230	24499	29232	0.00796289	0.48998	0.988095
15	54400000	54450000	28038	288	31383	28321	0.0102718	0.62766	0.990007
15	54450000	54500000	24907	204	28393	25386	0.00819047	0.56786	0.981131
15	54500000	54550000	28461	197	22981	29089	0.00692175	0.45962	0.978411
15	54550000	54600000	30967	212	17571	31353	0.006846	0.35142	0.987689
15	54600000	54650000	30185	234	22428	31035	0.00775219	0.44856	0.972612
15	54650000	54700000	31565	200	26028	32254	0.00633613	0.52056	0.978638
15	54700000	54750000	21639	171	34282	21885	0.0079024	0.68564	0.988759
15	54750000	54800000	26918	188	30818	27212	0.00698417	0.61636	0.989196
15	54800000	54850000	28293	207	19071	29008	0.0073163	0.38142	0.975352
15	54850000	54900000	28710	198	20967	29429	0.00689655	0.41934	0.975568
15	54900000	54950000	23645	182	30241	27143	0.00769719	0.60482	0.871127
15	54950000	55000000	22722	153	28651	25458	0.00673356	0.57302	0.892529
15	55000000	55050000	24402	212	38985	24724	0.00868781	0.7797	0.986976
15	55050000	55100000	24375	234	32995	24664	0.0096	0.6599	0.988283
15	55100000	55150000	26064	217	28318	26362	0.00832566	0.56636	0.988696
15	55150000	55200000	21032	234	37401	21718	0.0111259	0.74802	0.968413
15	55200000	55250000	18651	202	36871	18958	0.0108305	0.73742	0.983806
15	55250000	55300000	26896	189	27345	27980	0.00702707	0.5469	0.961258
15	55300000	55350000	30251	246	27053	30587	0.00813196	0.54106	0.989015
15	55350000	55400000	22132	166	35353	22561	0.00750045	0.70706	0.980985
15	55400000	55450000	19999	146	32643	20205	0.00730037	0.65286	0.989805
15	55450000	55500000	11858	75	19842	28339	0.00632484	0.39684	0.418434
15	55500000	55550000	28116	205	22084	28843	0.00729122	0.44168	0.974795
15	55550000	55600000	19145	108	33729	19328	0.00564116	0.67458	0.990532
15	55600000	55650000	21660	80	27584	21808	0.00369344	0.55168	0.993213
15	55650000	55700000	21543	98	24383	21859	0.00454904	0.48766	0.985544
15	55700000	55750000	13474	64	34956	13655	0.00474989	0.69912	0.986745
15	55750000	55800000	13922	86	39438	14363	0.00617727	0.78876	0.969296
15	55800000	55850000	17904	129	33926	19790	0.00720509	0.67852	0.904699
15	55850000	55900000	17649	120	38231	19061	0.00679925	0.76462	0.925922
15	55900000	55950000	26156	166	18601	26446	0.00634654	0.37202	0.989034
15	55950000	56000000	29681	134	19148	29956	0.00451467	0.38296	0.99082
15	56000000	56050000	21572	106	23979	23922	0.00491378	0.47958	0.901764
15	56050000	56100000	21339	111	26994	22928	0.00520174	0.53988	0.930696
15	56100000	56150000	26098	140	23365	26563	0.0053644	0.4673	0.982494
15	56150000	56200000	24226	113	29059	24444	0.00466441	0.58118	0.991082
15	56200000	56250000	20926	112	30106	21443	0.00535219	0.60212	0.97589
15	56250000	56300000	20150	120	32478	20346	0.00595533	0.64956	0.990367
15	56300000	56350000	22234	146	33985	22638	0.00656652	0.6797	0.982154
15	56350000	56400000	24720	113	25929	24903	0.0045712	0.51858	0.992651
15	56400000	56450000	15571	72	37219	15695	0.00462398	0.74438	0.992099
15	56450000	56500000	30115	131	27399	30381	0.00434999	0.54798	0.991245
15	56500000	56550000	27005	138	26333	27411	0.00511016	0.52666	0.985188
15	56550000	56600000	22038	92	39251	22517	0.00417461	0.78502	0.978727
15	56600000	56650000	22192	84	35368	22519	0.00378515	0.70736	0.985479
15	56650000	56700000	21416	93	36065	21780	0.00434255	0.7213	0.983287
15	56700000	56750000	25407	117	35631	25631	0.00460503	0.71262	0.991261
15	56750000	56800000	26422	139	28044	26758	0.00526077	0.56088	0.987443
15	56800000	56850000	21706	160	33819	21901	0.00737123	0.67638	0.991096
15	56850000	56900000	15506	119	47099	16638	0.00767445	0.94198	0.931963
15	56900000	56950000	29613	94	25637	29821	0.00317428	0.51274	0.993025
15	56950000	57000000	28353	115	18561	28620	0.00405601	0.37122	0.990671
15	57000000	57050000	25917	137	32455	26242	0.00528611	0.6491	0.987615
15	57050000	57100000	23729	174	31419	24297	0.0073328	0.62838	0.976623
15	57100000	57150000	29837	177	33164	30073	0.00593223	0.66328	0.992152
15	57150000	57200000	24234	118	32710	24785	0.00486919	0.6542	0.977769
15	57200000	57250000	25401	123	24600	25694	0.00484233	0.492	0.988597
15	57250000	57300000	26643	130	26193	27071	0.00487933	0.52386	0.98419
15	57300000	57350000	26024	129	27484	28146	0.00495696	0.54968	0.924607
15	57350000	57400000	30485	145	15183	30760	0.00475644	0.30366	0.99106
15	57400000	57450000	30374	159	18430	30707	0.00523474	0.3686	0.989156
15	57450000	57500000	26529	131	23082	26739	0.00493799	0.46164	0.992146
15	57500000	57550000	29371	174	10892	29613	0.00592421	0.21784	0.991828
15	57550000	57600000	26120	168	22697	26459	0.00643185	0.45394	0.987188
15	57600000	57650000	26943	237	22329	27670	0.00879635	0.44658	0.973726
15	57650000	57700000	26705	193	22733	27363	0.00722711	0.45466	0.975953
15	57700000	57750000	30191	218	22031	30791	0.00722069	0.44062	0.980514
15	57750000	57800000	31699	235	18881	32956	0.00741348	0.37762	0.961858
15	57800000	57850000	35304	262	11662	35644	0.00742126	0.23324	0.990461
15	57850000	57900000	31806	229	20637	34115	0.0071999	0.41274	0.932317
15	57900000	57950000	32229	201	14691	33430	0.00623662	0.29382	0.964074
15	57950000	58000000	30699	238	24268	30975	0.0077527	0.48536	0.99109
15	58000000	58050000	26582	184	19083	28672	0.00692198	0.38166	0.927107
15	58050000	58100000	31945	298	20429	32385	0.00932853	0.40858	0.986413
15	58100000	58150000	25975	226	27622	26424	0.00870067	0.55244	0.983008
15	58150000	58200000	29725	238	26075	30417	0.00800673	0.5215	0.97725
15	58200000	58250000	30684	203	17747	31059	0.00661583	0.35494	0.987926
15	58250000	58300000	28876	165	21783	29267	0.00571409	0.43566	0.98664
15	58300000	58350000	27591	166	25888	27982	0.00601645	0.51776	0.986027
15	58350000	58400000	29600	211	25959	30008	0.00712838	0.51918	0.986404
15	58400000	58450000	25735	158	22622	26430	0.0061395	0.45244	0.973704
15	58450000	58500000	27960	223	24724	28432	0.00797568	0.49448	0.983399
15	58500000	58550000	27656	192	24960	28595	0.00694244	0.4992	0.967162
15	58550000	58600000	32164	294	26409	32775	0.00914065	0.52818	0.981358
15	58600000	58650000	22762	184	32438	23612	0.00808365	0.64876	0.964001
15	58650000	58700000	26819	204	27501	27636	0.00760655	0.55002	0.970437
15	58700000	58750000	30686	221	22213	31345	0.00720198	0.44426	0.978976
15	58750000	58800000	33213	194	18030	33600	0.00584109	0.3606	0.988482
15	58800000	58850000	33665	265	19927	34067	0.00787168	0.39854	0.9882
15	58850000	58900000	29087	185	22806	29668	0.00636023	0.45612	0.980417
15	58900000	58950000	22497	155	27883	24775	0.00688981	0.55766	0.908052
15	58950000	59000000	25596	147	27563	26042	0.00574308	0.55126	0.982874
15	59000000	59050000	23236	143	23218	23598	0.00615424	0.46436	0.98466
15	59050000	59100000	19849	88	27949	20991	0.00443347	0.55898	0.945596
15	59100000	59150000	18901	118	30505	19666	0.00624306	0.6101	0.9611
15	59150000	59200000	24437	111	20725	25146	0.00454229	0.4145	0.971805
15	59200000	59250000	22304	112	30282	22662	0.00502152	0.60564	0.984203
15	59250000	59300000	21350	115	35581	21536	0.00538642	0.71162	0.991363
15	59300000	59350000	23611	111	26862	23837	0.0047012	0.53724	0.990519
15	59350000	59400000	25667	120	20462	25951	0.00467526	0.40924	0.989056
15	59400000	59450000	22836	110	23797	24526	0.00481696	0.47594	0.931094
15	59450000	59500000	27299	204	17590	27579	0.0074728	0.3518	0.989847
15	59500000	59550000	28094	190	19864	28438	0.00676301	0.39728	0.987904
15	59550000	59600000	28971	197	17788	29334	0.0067999	0.35576	0.987625
15	59600000	59650000	25115	173	22230	25398	0.00688831	0.4446	0.988857
15	59650000	59700000	19699	162	22961	24372	0.00822377	0.45922	0.808264
15	59700000	59750000	24916	146	23095	26000	0.00585969	0.4619	0.958308
15	59750000	59800000	18407	135	36269	18834	0.00733417	0.72538	0.977328
15	59800000	59850000	22977	218	29781	23465	0.00948775	0.59562	0.979203
15	59850000	59900000	18524	236	34061	21524	0.0127402	0.68122	0.860621
15	59900000	59950000	19208	131	28702	23015	0.00682007	0.57404	0.834586
15	59950000	60000000	25786	141	15709	26024	0.00546808	0.31418	0.990855
15	60000000	60050000	26815	195	24064	27152	0.00727205	0.48128	0.987588
15	60050000	60100000	21321	182	32062	21682	0.00853618	0.64124	0.98335
15	60100000	60150000	30361	210	23186	30669	0.00691677	0.46372	0.989957
15	60150000	60200000	27983	182	18321	28878	0.00650395	0.36642	0.969008
15	60200000	60250000	31026	223	19314	31371	0.00718752	0.38628	0.989003
15	60250000	60300000	27258	167	22489	27666	0.00612664	0.44978	0.985253
15	60300000	60350000	29090	179	23980	29306	0.00615332	0.4796	0.992629
15	60350000	60400000	31375	225	17930	31676	0.00717131	0.3586	0.990498
15	60400000	60450000	31093	223	22932	31406	0.00717203	0.45864	0.990034
15	60450000	60500000	31697	257	20419	32253	0.00810802	0.40838	0.982761
15	60500000	60550000	27549	255	25744	27902	0.00925623	0.51488	0.987349
15	60550000	60600000	25150	232	29241	25496	0.00922465	0.58482	0.986429
15	60600000	60650000	24729	209	21618	25910	0.00845162	0.43236	0.954419
15	60650000	60700000	27101	195	15534	27554	0.00719531	0.31068	0.98356
15	60700000	60750000	22970	122	21026	23503	0.00531128	0.42052	0.977322
15	60750000	60800000	28670	151	18606	29050	0.00526683	0.37212	0.986919
15	60800000	60850000	33726	151	13776	34049	0.00447726	0.27552	0.990514
15	60850000	60900000	31133	178	14897	31852	0.00571741	0.29794	0.977427
15	60900000	60950000	33195	187	13313	33443	0.00563338	0.26626	0.992584
15	60950000	61000000	31996	174	12951	32265	0.00543818	0.25902	0.991663
15	61000000	61050000	34251	217	14093	34534	0.00633558	0.28186	0.991805
15	61050000	61100000	36455	213	13767	36759	0.00584282	0.27534	0.99173
15	61100000	61150000	33030	216	15844	33322	0.00653951	0.31688	0.991237
15	61150000	61200000	34081	234	12776	34728	0.006866	0.25552	0.98137
15	61200000	61250000	29409	180	18640	30248	0.00612058	0.3728	0.972263
15	61250000	61300000	32232	217	18960	32729	0.00673244	0.3792	0.984815
15	61300000	61350000	33634	203	14306	33923	0.00603556	0.28612	0.991481
15	61350000	61400000	33960	232	12698	34263	0.00683157	0.25396	0.991157
15	61400000	61450000	34020	188	13311	34303	0.00552616	0.26622	0.99175
15	61450000	61500000	33181	229	15233	33549	0.00690154	0.30466	0.989031
15	61500000	61550000	31315	197	20287	31895	0.00629091	0.40574	0.981815
15	61550000	61600000	27620	174	29255	28738	0.00629978	0.5851	0.961097
15	61600000	61650000	30980	263	24283	33018	0.00848935	0.48566	0.938276
15	61650000	61700000	29841	209	30184	30165	0.00700379	0.60368	0.989259
15	61700000	61750000	26815	189	29437	27106	0.00704829	0.58874	0.989264
15	61750000	61800000	34270	257	20062	34920	0.00749927	0.40124	0.981386
15	61800000	61850000	33032	233	23349	33338	0.00705377	0.46698	0.990821
15	61850000	61900000	29170	234	21244	30756	0.00802194	0.42488	0.948433
15	61900000	61950000	33425	207	18238	33729	0.00619297	0.36476	0.990987
15	61950000	62000000	34113	186	22972	34418	0.00545247	0.45944	0.991138
15	62000000	62050000	31416	217	20475	31742	0.00690731	0.4095	0.98973
15	62050000	62100000	31373	197	28703	31773	0.00627928	0.57406	0.987411
15	62100000	62150000	34077	176	20026	34424	0.00516477	0.40052	0.98992
15	62150000	62200000	24966	192	28432	25254	0.00769046	0.56864	0.988596
15	62200000	62250000	29060	198	16772	29417	0.00681349	0.33544	0.987864
15	62250000	62300000	26844	162	26880	27111	0.00603487	0.5376	0.990152
15	62300000	62350000	24729	193	21671	25394	0.0078046	0.43342	0.973813
15	62350000	62400000	28129	214	22620	28795	0.00760781	0.4524	0.976871
15	62400000	62450000	30237	193	21375	30480	0.00638291	0.4275	0.992028
15	62450000	62500000	21420	180	26736	26925	0.00840336	0.53472	0.795543
15	62500000	62550000	15632	127	20521	20679	0.00812436	0.41042	0.755936
15	62550000	62600000	6548	39	21106	18000	0.00595602	0.42212	0.363778
15	62600000	62650000	24045	214	29749	24316	0.00889998	0.59498	0.988855
15	62650000	62700000	25188	174	24005	25507	0.00690805	0.4801	0.987494
15	62700000	62750000	29550	166	17484	29967	0.0056176	0.34968	0.986085
15	62750000	62800000	29467	180	17141	29795	0.00610853	0.34282	0.988991
15	62800000	62850000	30138	194	16237	30439	0.00643706	0.32474	0.990111
15	62850000	62900000	28769	160	20344	29069	0.00556154	0.40688	0.98968
15	62900000	62950000	31725	242	14106	32508	0.00762805	0.28212	0.975914
15	62950000	63000000	30561	230	22604	31035	0.00752593	0.45208	0.984727
15	63000000	63050000	34586	195	14519	34897	0.00563812	0.29038	0.991088
15	63050000	63100000	33458	208	13140	33822	0.00621675	0.2628	0.989238
15	63100000	63150000	33152	250	11957	33630	0.00754102	0.23914	0.985787
15	63150000	63200000	28399	244	24651	28685	0.00859185	0.49302	0.99003
15	63200000	63250000	18026	98	27120	27728	0.00543659	0.5424	0.650101
15	63250000	63300000	23988	169	22102	31480	0.00704519	0.44204	0.762008
15	63300000	63350000	33289	179	15934	33923	0.00537715	0.31868	0.981311
15	63350000	63400000	27717	179	17650	28133	0.00645813	0.353	0.985213
15	63400000	63450000	23656	94	26266	23947	0.00397362	0.52532	0.987848
15	63450000	63500000	27684	94	20692	27907	0.00339546	0.41384	0.992009
15	63500000	63550000	27018	119	19786	27333	0.00440447	0.39572	0.988475
15	63550000	63600000	26374	139	21134	26551	0.00527034	0.42268	0.993334
15	63600000	63650000	29133	185	17896	30433	0.00635019	0.35792	0.957283
15	63650000	63700000	29909	179	21700	30260	0.00598482	0.434	0.988401
15	63700000	63750000	27620	183	27892	27905	0.00662563	0.55784	0.989787
15	63750000	63800000	26656	157	23592	27817	0.00588986	0.47184	0.958263
15	63800000	63850000	31058	143	18929	31308	0.00460429	0.37858	0.992015
15	63850000	63900000	29439	147	15718	30564	0.00499338	0.31436	0.963192
15	63900000	63950000	28117	152	18307	28324	0.00540598	0.36614	0.992692
15	63950000	64000000	28797	150	21232	28993	0.00520888	0.42464	0.99324
15	64000000	64050000	26504	168	25391	26979	0.00633867	0.50782	0.982394
15	64050000	64100000	23639	152	30953	24354	0.00643005	0.61906	0.970641
15	64100000	64150000	23523	157	29770	23734	0.00667432	0.5954	0.99111
15	64150000	64200000	26901	155	22836	27695	0.00576187	0.45672	0.971331
15	64200000	64250000	26959	177	24325	27190	0.00656553	0.4865	0.991504
15	64250000	64300000	24333	152	27056	25089	0.00624666	0.54112	0.969867
15	64300000	64350000	31804	158	22141	32062	0.00496793	0.44282	0.991953
15	64350000	64400000	20945	120	29913	21343	0.00572929	0.59826	0.981352
15	64400000	64450000	27718	120	18183	27923	0.00432932	0.36366	0.992658
15	64450000	64500000	26528	84	16163	26695	0.00316647	0.32326	0.993744
15	64500000	64550000	22627	90	26210	22763	0.00397755	0.5242	0.994025
15	64550000	64600000	19123	64	31153	19356	0.00334676	0.62306	0.987962
15	64600000	64650000	16287	61	31642	17204	0.00374532	0.63284	0.946698
15	64650000	64700000	16613	73	27719	16838	0.00439415	0.55438	0.986637
15	64700000	64750000	21197	89	24447	21551	0.00419871	0.48894	0.983574
15	64750000	64800000	22365	82	23460	23899	0.00366644	0.4692	0.935813
15	64800000	64850000	18626	74	30904	19296	0.00397294	0.61808	0.965278
15	64850000	64900000	20376	220	30211	21109	0.010797	0.60422	0.965275
15	64900000	64950000	19911	81	27070	20064	0.0040681	0.5414	0.992374
15	64950000	65000000	25563	89	18397	27067	0.00348159	0.36794	0.944434
15	65000000	65050000	20211	113	26933	20757	0.00559101	0.53866	0.973696
15	65050000	65100000	18105	87	29723	18261	0.0048053	0.59446	0.991457
15	65100000	65150000	22781	85	24318	23912	0.00373118	0.48636	0.952702
15	65150000	65200000	26844	104	25370	27128	0.00387424	0.5074	0.989531
15	65200000	65250000	24924	127	28409	25165	0.00509549	0.56818	0.990423
15	65250000	65300000	21363	130	25531	21846	0.00608529	0.51062	0.977891
15	65300000	65350000	25031	138	26683	25516	0.00551316	0.53366	0.980992
15	65350000	65400000	30417	102	18684	30702	0.00335339	0.37368	0.990717
15	65400000	65450000	20179	60	30148	20588	0.00297339	0.60296	0.980134
15	65450000	65500000	23659	86	24348	24048	0.00363498	0.48696	0.983824
15	65500000	65550000	22927	112	29660	23159	0.00488507	0.5932	0.989982
15	65550000	65600000	22866	146	29274	23295	0.00638503	0.58548	0.981584
15	65600000	65650000	20991	91	25513	21766	0.00433519	0.51026	0.964394
15	65650000	65700000	29593	103	16330	30518	0.00348055	0.3266	0.96969
15	65700000	65750000	23854	98	25831	25252	0.00410833	0.51662	0.944638
15	65750000	65800000	15258	59	30456	15394	0.00386682	0.60912	0.991165
15	65800000	65850000	20711	89	31196	21132	0.00429723	0.62392	0.980078
15	65850000	65900000	26016	108	24361	26273	0.00415129	0.48722	0.990218
15	65900000	65950000	26152	79	20212	29209	0.0030208	0.40424	0.89534
15	65950000	66000000	26885	92	24273	27085	0.00342198	0.48546	0.992616
15	66000000	66050000	24284	98	27218	24461	0.00403558	0.54436	0.992764
15	66050000	66100000	21293	83	24897	21574	0.00389799	0.49794	0.986975
15	66100000	66150000	15656	66	34705	17060	0.00421564	0.6941	0.917702
15	66150000	66200000	25182	113	18491	25382	0.00448733	0.36982	0.99212
15	66200000	66250000	33232	174	17717	33733	0.00523592	0.35434	0.985148
15	66250000	66300000	31979	202	20976	32249	0.00631665	0.41952	0.991628
15	66300000	66350000	32496	248	20707	32838	0.00763171	0.41414	0.989585
15	66350000	66400000	31904	220	19753	32273	0.00689569	0.39506	0.988566
15	66400000	66450000	36006	243	16264	36317	0.00674888	0.32528	0.991437
15	66450000	66500000	20382	130	24066	30451	0.00637818	0.48132	0.669338
15	66500000	66550000	28079	194	21778	31399	0.00690908	0.43556	0.894264
15	66550000	66600000	25018	180	24283	25321	0.00719482	0.48566	0.988034
15	66600000	66650000	21347	102	26436	21979	0.00477819	0.52872	0.971245
15	66650000	66700000	15011	95	31412	16910	0.00632869	0.62824	0.8877
15	66700000	66750000	23025	140	25319	23527	0.00608035	0.50638	0.978663
15	66750000	66800000	22708	120	22127	23322	0.00528448	0.44254	0.973673
15	66800000	66850000	21849	97	27140	22947	0.00443956	0.5428	0.952151
15	66850000	66900000	24781	148	27241	25769	0.00597232	0.54482	0.961659
15	66900000	66950000	29219	179	22482	29897	0.00612615	0.44964	0.977322
15	66950000	67000000	27708	122	27000	28428	0.00440306	0.54	0.974673
15	67000000	67050000	32568	189	18811	33028	0.00580324	0.37622	0.986072
15	67050000	67100000	31174	191	20790	31506	0.0061269	0.4158	0.989462
15	67100000	67150000	26895	217	26449	27743	0.00806841	0.52898	0.969434
15	67150000	67200000	26444	204	30053	26795	0.00771442	0.60106	0.986901
15	67200000	67250000	31483	238	27152	31782	0.00755964	0.54304	0.990592
15	67250000	67300000	21068	151	35685	21268	0.00716727	0.7137	0.990596
15	67300000	67350000	26405	162	27850	26979	0.0061352	0.557	0.978724
15	67350000	67400000	31403	197	16208	32294	0.00627329	0.32416	0.97241
15	67400000	67450000	31147	184	16871	31526	0.00590747	0.33742	0.987978
15	67450000	67500000	33391	186	14632	33597	0.00557036	0.29264	0.993869
15	67500000	67550000	28106	116	20691	28537	0.00412723	0.41382	0.984897
15	67550000	67600000	25959	90	31231	26152	0.00346701	0.62462	0.99262
15	67600000	67650000	28267	107	29611	29779	0.00378533	0.59222	0.949226
15	67650000	67700000	31650	98	12740	31869	0.00309637	0.2548	0.993128
15	67700000	67750000	21221	83	29067	21365	0.00391122	0.58134	0.99326
15	67750000	67800000	28598	78	24322	29020	0.00272746	0.48644	0.985458
15	67800000	67850000	25549	126	21974	25791	0.0049317	0.43948	0.990617
15	67850000	67900000	30051	116	16134	30316	0.0038601	0.32268	0.991259
15	67900000	67950000	24754	117	28637	25555	0.00472651	0.57274	0.968656
15	67950000	68000000	30371	165	20292	30590	0.00543281	0.40584	0.992841
15	68000000	68050000	31543	128	15497	31778	0.00405795	0.30994	0.992605
15	68050000	68100000	35341	129	11028	35561	0.00365015	0.22056	0.993813
15	68100000	68150000	26932	127	18610	29058	0.00471558	0.3722	0.926836
15	68150000	68200000	23821	136	38184	24081	0.00570925	0.76368	0.989203
15	68200000	68250000	23922	166	34682	25005	0.00693922	0.69364	0.956689
15	68250000	68300000	25280	153	29726	25587	0.00605222	0.59452	0.988002
15	68300000	68350000	21316	117	35612	22007	0.00548883	0.71224	0.968601
15	68350000	68400000	26130	144	26228	26541	0.00551091	0.52456	0.984515
15	68400000	68450000	26198	133	28484	26407	0.00507672	0.56968	0.992085
15	68450000	68500000	28347	164	18177	28584	0.00578544	0.36354	0.991709
15	68500000	68550000	21467	148	32015	21958	0.0068943	0.6403	0.977639
15	68550000	68600000	27621	132	23541	28110	0.00477897	0.47082	0.982604
15	68600000	68650000	34099	255	14697	34452	0.00747823	0.29394	0.989754
15	68650000	68700000	29774	196	23841	31244	0.00658292	0.47682	0.952951
15	68700000	68750000	33518	262	23765	33911	0.0078167	0.4753	0.988411
15	68750000	68800000	30855	206	27884	31577	0.00667639	0.55768	0.977135
15	68800000	68850000	31079	173	29227	31437	0.00556646	0.58454	0.988612
15	68850000	68900000	31007	164	21039	31435	0.00528913	0.42078	0.986385
15	68900000	68950000	32748	183	21392	33363	0.00558813	0.42784	0.981566
15	68950000	69000000	27691	161	25906	28290	0.00581416	0.51812	0.978826
15	69000000	69050000	25412	131	29315	25739	0.00515504	0.5863	0.987296
15	69050000	69100000	27341	176	23587	28576	0.00643722	0.47174	0.956782
15	69100000	69150000	26736	147	23186	27368	0.0054982	0.46372	0.976907
15	69150000	69200000	24541	134	33902	24785	0.00546025	0.67804	0.990155
15	69200000	69250000	25079	93	32133	26363	0.00370828	0.64266	0.951295
15	69250000	69300000	22545	117	39359	22715	0.00518962	0.78718	0.992516
15	69300000	69350000	30966	117	23960	31178	0.00377834	0.4792	0.9932
15	69350000	69400000	33704	200	20735	34007	0.00593401	0.4147	0.99109
15	69400000	69450000	32792	185	21941	33154	0.00564162	0.43882	0.989081
15	69450000	69500000	27859	103	29463	28066	0.00369719	0.58926	0.992625
15	69500000	69550000	28107	88	28178	28316	0.00313089	0.56356	0.992619
15	69550000	69600000	29810	166	18419	30055	0.0055686	0.36838	0.991848
15	69600000	69650000	21833	149	33750	22061	0.00682453	0.675	0.989665
15	69650000	69700000	29406	195	22071	29757	0.0066313	0.44142	0.988204
15	69700000	69750000	26543	112	18860	26702	0.00421957	0.3772	0.994045
15	69750000	69800000	26115	174	25571	27637	0.00666284	0.51142	0.944929
15	69800000	69850000	31671	180	26423	31962	0.00568343	0.52846	0.990895
15	69850000	69900000	32861	210	20318	33462	0.00639055	0.40636	0.982039
15	69900000	69950000	26012	136	30657	27522	0.00522836	0.61314	0.945135
15	69950000	70000000	30739	199	25336	31773	0.00647386	0.50672	0.967457
15	70000000	70050000	32700	172	23275	33022	0.00525994	0.4655	0.990249
15	70050000	70100000	28449	228	27291	28755	0.00801434	0.54582	0.989358
15	70100000	70150000	31958	216	17346	34712	0.00675887	0.34692	0.920661
15	70150000	70200000	34280	177	17405	34571	0.00516336	0.3481	0.991583
15	70200000	70250000	32943	191	24456	33196	0.00579789	0.48912	0.992379
15	70250000	70300000	32342	232	22751	32751	0.00717333	0.45502	0.987512
15	70300000	70350000	35286	187	18378	35600	0.00529955	0.36756	0.99118
15	70350000	70400000	32443	138	9387	34335	0.00425361	0.18774	0.944896
15	70400000	70450000	30704	169	23080	31204	0.00550417	0.4616	0.983976
15	70450000	70500000	34290	229	19845	34687	0.00667833	0.3969	0.988555
15	70500000	70550000	32282	196	21145	34330	0.00607149	0.4229	0.940344
15	70550000	70600000	32325	214	23918	33926	0.00662026	0.47836	0.952809
15	70600000	70650000	32919	197	25584	33214	0.00598439	0.51168	0.991118
15	70650000	70700000	27523	180	23504	27750	0.00653998	0.47008	0.99182
15	70700000	70750000	31763	161	20786	32463	0.00506879	0.41572	0.978437
15	70750000	70800000	32275	210	17234	34437	0.00650658	0.34468	0.937219
15	70800000	70850000	26151	180	24914	30802	0.0068831	0.49828	0.849003
15	70850000	70900000	26007	159	28111	29396	0.00611374	0.56222	0.884712
15	70900000	70950000	26840	119	26864	28119	0.00443368	0.53728	0.954515
15	70950000	71000000	30459	86	16916	30707	0.00282347	0.33832	0.991924
15	71000000	71050000	21131	85	28881	22625	0.00402253	0.57762	0.933967
15	71050000	71100000	24670	134	24397	25319	0.0054317	0.48794	0.974367
15	71100000	71150000	25633	163	25350	25812	0.00635899	0.507	0.993065
15	71150000	71200000	29486	134	22705	29678	0.00454453	0.4541	0.993531
15	71200000	71250000	26719	80	29157	26889	0.00299412	0.58314	0.993678
15	71250000	71300000	21106	81	33936	21255	0.00383777	0.67872	0.99299
15	71300000	71350000	16091	56	33631	22857	0.00348021	0.67262	0.703986
15	71350000	71400000	25159	123	30776	25833	0.00488891	0.61552	0.973909
15	71400000	71450000	32899	165	18989	33144	0.00501535	0.37978	0.992608
15	71450000	71500000	24199	159	26226	25238	0.00657052	0.52452	0.958832
15	71500000	71550000	30947	180	19783	31180	0.0058164	0.39566	0.992527
15	71550000	71600000	27574	133	24597	28159	0.00482338	0.49194	0.979225
15	71600000	71650000	31118	213	19568	31514	0.00684491	0.39136	0.987434
15	71650000	71700000	27538	174	29792	27803	0.00631854	0.59584	0.990469
15	71700000	71750000	25885	164	31131	26143	0.00633572	0.62262	0.990131
15	71750000	71800000	31239	250	21097	31476	0.00800282	0.42194	0.99247
15	71800000	71850000	32117	226	25903	32420	0.00703677	0.51806	0.990654
15	71850000	71900000	27364	191	26538	27706	0.00697997	0.53076	0.987656
15	71900000	71950000	31536	201	18695	31924	0.00637367	0.3739	0.987846
15	71950000	72000000	26955	176	25041	27479	0.0065294	0.50082	0.980931
15	72000000	72050000	29421	212	23758	29707	0.00720574	0.47516	0.990373
15	72050000	72100000	22995	167	27911	24821	0.00726245	0.55822	0.926433
15	72100000	72150000	31957	117	19065	32225	0.00366117	0.3813	0.991683
15	72150000	72200000	29925	96	22940	30098	0.00320802	0.4588	0.994252
15	72200000	72250000	25877	97	32852	26197	0.0037485	0.65704	0.987785
15	72250000	72300000	25246	134	31622	25770	0.00530777	0.63244	0.979666
15	72300000	72350000	21706	117	31244	22878	0.00539021	0.62488	0.948772
15	72350000	72400000	16000	89	37832	16115	0.0055625	0.75664	0.992864
15	72400000	72450000	23130	120	25450	24877	0.00518807	0.509	0.929774
15	72450000	72500000	28274	130	17890	28699	0.00459786	0.3578	0.985191
15	72500000	72550000	26579	91	18555	26726	0.00342376	0.3711	0.9945
15	72550000	72600000	27229	90	18863	29858	0.0033053	0.37726	0.91195
15	72600000	72650000	24969	110	26172	25254	0.00440546	0.52344	0.988715
15	72650000	72700000	24107	94	25236	25864	0.00389928	0.50472	0.932068
15	72700000	72750000	17109	102	37633	17273	0.00596177	0.75266	0.990505
15	72750000	72800000	22984	86	26592	23240	0.00374173	0.53184	0.988985
15	72800000	72850000	24503	137	27555	25251	0.00559115	0.5511	0.970377
15	72850000	72900000	25259	136	23604	26316	0.00538422	0.47208	0.959834
15	72900000	72950000	0	0	22186	1615		0.44372	0
15	72950000	73000000	14005	99	23143	14142	0.0070689	0.46286	0.990313
15	73000000	73050000	24932	139	23852	25915	0.00557516	0.47704	0.962068
15	73050000	73100000	25605	142	27878	26000	0.00554579	0.55756	0.984808
15	73100000	73150000	28323	193	30112	29962	0.00681425	0.60224	0.945297
15	73150000	73200000	29478	175	30505	29839	0.00593663	0.6101	0.987902
15	73200000	73250000	28207	165	31244	28622	0.00584961	0.62488	0.985501
15	73250000	73300000	30269	199	26497	30530	0.00657438	0.52994	0.991451
15	73300000	73350000	30695	156	19779	31115	0.00508226	0.39558	0.986502
15	73350000	73400000	15510	78	27534	28816	0.00502901	0.55068	0.538243
15	73400000	73450000	30538	166	25518	30765	0.00543585	0.51036	0.992621
15	73450000	73500000	27578	111	29484	27779	0.00402495	0.58968	0.992764
15	73500000	73550000	22970	98	28970	23151	0.00426643	0.5794	0.992182
15	73550000	73600000	30360	193	16795	30840	0.00635705	0.3359	0.984436
15	73600000	73650000	31341	157	20065	33916	0.00500941	0.4013	0.924077
15	73650000	73700000	30353	130	22145	30731	0.00428294	0.4429	0.9877
15	73700000	73750000	24691	137	34324	24936	0.00554858	0.68648	0.990175
15	73750000	73800000	26541	150	32345	26795	0.00565163	0.6469	0.990521
15	73800000	73850000	21779	103	34515	21960	0.00472933	0.6903	0.991758
15	73850000	73900000	30429	98	14341	30660	0.00322061	0.28682	0.992466
15	73900000	73950000	25947	117	25231	27188	0.00450919	0.50462	0.954355
15	73950000	74000000	29036	155	26800	29541	0.0053382	0.536	0.982905
15	74000000	74050000	31472	167	16405	32491	0.0053063	0.3281	0.968637
15	74050000	74100000	34107	209	18518	34667	0.00612777	0.37036	0.983846
15	74100000	74150000	32752	222	19345	34040	0.00677821	0.3869	0.962162
15	74150000	74200000	33302	219	19206	33829	0.00657618	0.38412	0.984422
15	74200000	74250000	32313	187	17122	32587	0.00578714	0.34244	0.991592
15	74250000	74300000	22959	98	32652	23483	0.00426848	0.65304	0.977686
15	74300000	74350000	20444	96	20608	26425	0.00469575	0.41216	0.773661
15	74350000	74400000	0	0	14279	592		0.28558	0
15	74400000	74450000	20349	104	27421	21620	0.00511082	0.54842	0.941212
15	74450000	74500000	32881	197	13993	33184	0.0059913	0.27986	0.990869
15	74500000	74550000	30005	155	18401	32163	0.00516581	0.36802	0.932904
15	74550000	74600000	31682	199	14342	34270	0.00628117	0.28684	0.924482
15	74600000	74650000	25453	133	20084	28920	0.00522532	0.40168	0.880118
15	74650000	74700000	26072	179	20810	28024	0.0068656	0.4162	0.930345
15	74700000	74750000	33125	152	12381	34080	0.00458868	0.24762	0.971978
15	74750000	74800000	18719	70	40668	19272	0.00373952	0.81336	0.971306
15	74800000	74850000	17549	74	33673	17693	0.00421676	0.67346	0.991861
15	74850000	74900000	27570	115	17799	27768	0.0041712	0.35598	0.992869
15	74900000	74950000	28319	114	12244	32174	0.00402557	0.24488	0.880183
15	74950000	75000000	20159	125	35740	20543	0.0062007	0.7148	0.981308
15	75000000	75050000	18816	96	28344	21855	0.00510204	0.56688	0.860947
15	75050000	75100000	26159	131	21803	27351	0.00500784	0.43606	0.956418
15	75100000	75150000	30004	154	13544	30336	0.00513265	0.27088	0.989056
15	75150000	75200000	20075	112	27194	20943	0.00557908	0.54388	0.958554
15	75200000	75250000	15940	72	29724	16873	0.00451694	0.59448	0.944705
15	75250000	75300000	16802	131	33907	19433	0.00779669	0.67814	0.864612
15	75300000	75350000	28800	132	20131	29601	0.00458333	0.40262	0.97294
15	75350000	75400000	16052	97	40948	16954	0.00604286	0.81896	0.946797
15	75400000	75450000	18512	89	35813	19148	0.00480769	0.71626	0.966785
15	75450000	75500000	23247	133	25358	24052	0.00572117	0.50716	0.966531
15	75500000	75550000	17511	120	16627	17900	0.00685284	0.33254	0.978268
15	75550000	75600000	360	2	10922	385	0.00555556	0.21844	0.935065
15	75600000	75650000	11416	79	27349	11627	0.00692011	0.54698	0.981853
15	75650000	75700000	24416	86	18233	25595	0.00352228	0.36466	0.953936
15	75700000	75750000	19401	96	25826	19794	0.0049482	0.51652	0.980145
15	75750000	75800000	14393	38	30838	18391	0.00264017	0.61676	0.782611
15	75800000	75850000	16416	72	30683	17101	0.00438596	0.61366	0.959944
15	75850000	75900000	13374	57	32605	16079	0.004262	0.6521	0.831768
15	75900000	75950000	18445	79	26893	21013	0.004283	0.53786	0.87779
15	75950000	76000000	17256	127	10974	18606	0.00735976	0.21948	0.927443
15	76000000	76050000	7561	61	19597	11934	0.00806772	0.39194	0.633568
15	76050000	76100000	0	0	17300	3649		0.346	0
15	76100000	76150000	0	0	25964	20963		0.51928	0
15	76150000	76200000	7024	45	22299	18644	0.00640661	0.44598	0.376743
15	76200000	76250000	24361	129	30456	24682	0.00529535	0.60912	0.986995
15	76250000	76300000	24191	121	34593	24379	0.00500186	0.69186	0.992288
15	76300000	76350000	17490	66	37005	17811	0.00377358	0.7401	0.981977
15	76350000	76400000	21316	119	31511	23247	0.00558266	0.63022	0.916936
15	76400000	76450000	27494	176	23724	28298	0.0064014	0.47448	0.971588
15	76450000	76500000	34302	204	18762	34781	0.00594718	0.37524	0.986228
15	76500000	76550000	23519	95	23834	28597	0.00403929	0.47668	0.822429
15	76550000	76600000	14680	112	31837	20807	0.00762943	0.63674	0.705532
15	76600000	76650000	29633	145	18380	29875	0.00489319	0.3676	0.9919
15	76650000	76700000	28250	151	22020	30430	0.00534513	0.4404	0.92836
15	76700000	76750000	22437	123	36557	23229	0.00548202	0.73114	0.965905
15	76750000	76800000	25748	158	29168	26345	0.0061364	0.58336	0.977339
15	76800000	76850000	23986	154	30327	25093	0.00642041	0.60654	0.955884
15	76850000	76900000	16100	124	41006	16231	0.00770186	0.82012	0.991929
15	76900000	76950000	17719	159	41386	17857	0.00897342	0.82772	0.992272
15	76950000	77000000	26080	145	33587	27157	0.00555982	0.67174	0.960342
15	77000000	77050000	20541	98	40771	20805	0.00477095	0.81542	0.987311
15	77050000	77100000	24770	105	35009	24923	0.004239	0.70018	0.993861
15	77100000	77150000	15555	79	40261	17144	0.00507875	0.80522	0.907315
15	77150000	77200000	19117	84	37628	19902	0.00439399	0.75256	0.960557
15	77200000	77250000	25781	109	30187	25990	0.00422792	0.60374	0.991958
15	77250000	77300000	26954	126	25052	28364	0.00467463	0.50104	0.950289
15	77300000	77350000	32057	158	13358	35177	0.00492872	0.26716	0.911306
15	77350000	77400000	27979	123	24026	28418	0.00439615	0.48052	0.984552
15	77400000	77450000	26580	133	23749	26722	0.00500376	0.47498	0.994686
15	77450000	77500000	26930	108	22384	27807	0.0040104	0.44768	0.968461
15	77500000	77550000	25358	88	28176	26534	0.00347031	0.56352	0.95568
15	77550000	77600000	20189	84	34095	20367	0.00416068	0.6819	0.99126
15	77600000	77650000	26423	123	25667	26630	0.00465504	0.51334	0.992227
15	77650000	77700000	25971	172	26147	26193	0.00662277	0.52294	0.991524
15	77700000	77750000	25559	134	28405	28296	0.00524277	0.5681	0.903273
15	77750000	77800000	32267	142	19475	32524	0.00440078	0.3895	0.992098
15	77800000	77850000	31705	230	21126	32174	0.00725438	0.42252	0.985423
15	77850000	77900000	31402	183	19989	33321	0.00582765	0.39978	0.942409
15	77900000	77950000	33038	194	12724	35275	0.00587203	0.25448	0.936584
15	77950000	78000000	31116	192	18074	35408	0.00617046	0.36148	0.878784
15	78000000	78050000	32716	165	18592	33834	0.0050434	0.37184	0.966956
15	78050000	78100000	30857	332	21436	33144	0.0107593	0.42872	0.930998
15	78100000	78150000	29895	286	22408	30480	0.00956682	0.44816	0.980807
15	78150000	78200000	4949	73	9827	5660	0.0147505	0.19654	0.874382
15	78200000	78250000	436	8	14224	1176	0.0183486	0.28448	0.370748
15	78250000	78300000	7691	80	15655	9185	0.0104018	0.3131	0.837343
15	78300000	78350000	29137	148	19887	29972	0.00507945	0.39774	0.972141
15	78350000	78400000	26966	167	21813	28653	0.00619298	0.43626	0.941123
15	78400000	78450000	26907	148	24224	27149	0.00550043	0.48448	0.991086
15	78450000	78500000	26186	126	23291	26730	0.00481173	0.46582	0.979648
15	78500000	78550000	25056	175	29157	25304	0.00698436	0.58314	0.990199
15	78550000	78600000	30414	202	17404	30714	0.00664168	0.34808	0.990232
15	78600000	78650000	28090	180	22794	29733	0.00640797	0.45588	0.944742
15	78650000	78700000	25802	153	30259	26172	0.00592977	0.60518	0.985863
15	78700000	78750000	24627	139	31538	24809	0.00564421	0.63076	0.992664
15	78750000	78800000	23968	101	23059	24170	0.00421395	0.46118	0.991643
15	78800000	78850000	22009	120	28378	23030	0.00545231	0.56756	0.955667
15	78850000	78900000	26153	129	22026	26519	0.00493251	0.44052	0.986199
15	78900000	78950000	18629	121	28244	23556	0.00649525	0.56488	0.790839
15	78950000	79000000	19748	131	29599	20843	0.00663358	0.59198	0.947464
15	79000000	79050000	1713	31	19831	2205	0.0180969	0.39662	0.776871
15	79050000	79100000	5982	63	19686	6708	0.0105316	0.39372	0.891771
15	79100000	79150000	21111	121	29775	22129	0.00573161	0.5955	0.953997
15	79150000	79200000	20342	109	23866	20638	0.00535837	0.47732	0.985658
15	79200000	79250000	24620	141	23876	26874	0.00572705	0.47752	0.916127
15	79250000	79300000	29301	199	18896	30212	0.00679158	0.37792	0.969846
15	79300000	79350000	30387	150	20879	33288	0.00493632	0.41758	0.912851
15	79350000	79400000	34070	237	19242	35268	0.00695627	0.38484	0.966032
15	79400000	79450000	30592	217	31645	30983	0.00709336	0.6329	0.98738
15	79450000	79500000	32497	236	22261	33725	0.00726221	0.44522	0.963588
15	79500000	79550000	31460	190	22317	32104	0.00603942	0.44634	0.97994
15	79550000	79600000	31711	165	24874	31995	0.00520324	0.49748	0.991124
15	79600000	79650000	27164	148	28632	28882	0.00544839	0.57264	0.940517
15	79650000	79700000	26480	177	35847	26744	0.00668429	0.71694	0.990129
15	79700000	79750000	32056	181	20751	32872	0.00564637	0.41502	0.975176
15	79750000	79800000	29480	165	25720	29812	0.00559701	0.5144	0.988864
15	79800000	79850000	32817	197	21752	33584	0.00600299	0.43504	0.977162
15	79850000	79900000	30348	210	25605	30709	0.00691973	0.5121	0.988244
15	79900000	79950000	29475	195	29012	29915	0.00661578	0.58024	0.985292
15	79950000	80000000	28843	209	31599	29155	0.00724613	0.63198	0.989299
15	80000000	80050000	19645	168	28540	19845	0.00855179	0.5708	0.989922
15	80050000	80100000	24619	209	29265	25188	0.00848938	0.5853	0.97741
15	80100000	80150000	31809	208	24913	32317	0.00653903	0.49826	0.984281
15	80150000	80200000	24401	118	24900	24621	0.00483587	0.498	0.991065
15	80200000	80250000	16410	137	31596	17647	0.00834857	0.63192	0.929903
15	80250000	80300000	19392	126	29658	20258	0.00649752	0.59316	0.957251
15	80300000	80350000	20269	124	36223	20541	0.00611772	0.72446	0.986758
15	80350000	80400000	26226	200	23132	26466	0.00762602	0.46264	0.990932
15	80400000	80450000	25135	190	26143	25981	0.00755918	0.52286	0.967438
15	80450000	80500000	30763	179	25124	33323	0.00581868	0.50248	0.923176
15	80500000	80550000	29527	171	26927	29826	0.00579131	0.53854	0.989975
15	80550000	80600000	26732	174	28063	28891	0.00650905	0.56126	0.925271
15	80600000	80650000	32169	192	28169	32458	0.00596848	0.56338	0.991096
15	80650000	80700000	28690	177	21317	28959	0.0061694	0.42634	0.990711
15	80700000	80750000	33647	197	16232	34155	0.00585491	0.32464	0.985127
15	80750000	80800000	29715	160	15435	34285	0.00538449	0.3087	0.866706
15	80800000	80850000	28421	203	29093	29609	0.00714261	0.58186	0.959877
15	80850000	80900000	34551	208	16225	34920	0.00602009	0.3245	0.989433
15	80900000	80950000	24850	200	25807	27403	0.00804829	0.51614	0.906835
15	80950000	81000000	26166	152	26344	26571	0.00580907	0.52688	0.984758
15	81000000	81050000	30788	224	17771	31095	0.00727556	0.35542	0.990127
15	81050000	81100000	29216	180	21033	29472	0.00616101	0.42066	0.991314
15	81100000	81150000	29690	156	16073	33151	0.00525429	0.32146	0.895599
15	81150000	81200000	34066	198	18687	34353	0.00581225	0.37374	0.991646
15	81200000	81250000	33730	170	16241	34574	0.00504002	0.32482	0.975589
15	81250000	81300000	25438	121	24086	26327	0.00475666	0.48172	0.966232
15	81300000	81350000	27651	183	24898	28040	0.00661821	0.49796	0.986127
15	81350000	81400000	26941	163	28389	27718	0.00605026	0.56778	0.971968
15	81400000	81450000	23615	145	32086	23816	0.00614017	0.64172	0.99156
15	81450000	81500000	27584	175	27065	28094	0.00634426	0.5413	0.981847
15	81500000	81550000	27188	146	33241	27468	0.00537002	0.66482	0.989806
15	81550000	81600000	34337	188	18146	34673	0.00547514	0.36292	0.990309
15	81600000	81650000	32404	184	18073	32730	0.00567831	0.36146	0.99004
15	81650000	81700000	30775	170	21494	31072	0.00552396	0.42988	0.990442
15	81700000	81750000	26690	173	31906	26980	0.00648183	0.63812	0.989251
15	81750000	81800000	30689	191	26730	30955	0.00622373	0.5346	0.991407
15	81800000	81850000	28957	154	25103	29206	0.00531823	0.50206	0.991474
15	81850000	81900000	27098	134	31905	27546	0.00494501	0.6381	0.983736
15	81900000	81950000	25869	158	32370	26354	0.0061077	0.6474	0.981597
15	81950000	82000000	13812	88	34122	13942	0.00637127	0.68244	0.990676
15	82000000	82050000	22619	106	28684	22803	0.00468633	0.57368	0.991931
15	82050000	82100000	27378	156	26354	27612	0.00569801	0.52708	0.991525
15	82100000	82150000	28878	177	23861	29148	0.00612923	0.47722	0.990737
15	82150000	82200000	27073	178	26801	27395	0.00657482	0.53602	0.988246
15	82200000	82250000	26612	145	28861	27324	0.00544867	0.57722	0.973942
15	82250000	82300000	23537	118	36532	23753	0.00501338	0.73064	0.990906
15	82300000	82350000	28100	161	20995	31017	0.00572954	0.4199	0.905955
15	82350000	82400000	26190	196	24901	28140	0.00748377	0.49802	0.930704
15	82400000	82450000	30679	136	18925	31481	0.004433	0.3785	0.974524
15	82450000	82500000	22392	149	18038	22641	0.00665416	0.36076	0.989002
15	82500000	82550000	5758	69	21059	6137	0.0119833	0.42118	0.938243
15	82550000	82600000	4979	37	26291	5807	0.00743121	0.52582	0.857413
15	82600000	82650000	0	0	12752	0		0.25504	
15	82650000	82700000	0	0	26860	0		0.5372	
15	82700000	82750000	0	0	16642	0		0.33284	
15	82750000	82800000	0	0	19249	0		0.38498	
15	82800000	82850000	0	0	6870	0		0.1374	
15	82850000	82900000	0	0	12421	0		0.24842	
15	82900000	82950000	0	0	12259	0		0.24518	
15	82950000	83000000	0	0	22250	0		0.445	
15	83000000	83050000	0	0	18205	0		0.3641	
15	83050000	83100000	0	0	22753	0		0.45506	
15	83100000	83150000	0	0	12306	0		0.24612	
15	83150000	83200000	0	0	22587	0		0.45174	
15	83200000	83250000	18745	69	16702	21744	0.00368098	0.33404	0.862077
15	83250000	83300000	20964	96	36413	21183	0.00457928	0.72826	0.989662
15	83300000	83350000	29628	123	19065	29868	0.00415148	0.3813	0.991965
15	83350000	83400000	18118	97	30297	19432	0.00535379	0.60594	0.93238
15	83400000	83450000	21509	92	28319	22709	0.00427728	0.56638	0.947158
15	83450000	83500000	16923	89	26253	17072	0.00525911	0.52506	0.991272
15	83500000	83550000	28078	151	20635	29450	0.00537788	0.4127	0.953413
15	83550000	83600000	24218	143	28426	24861	0.0059047	0.56852	0.974136
15	83600000	83650000	22033	94	28021	27202	0.00426633	0.56042	0.809977
15	83650000	83700000	22255	100	25044	22412	0.00449337	0.50088	0.992995
15	83700000	83750000	21634	95	33035	22294	0.00439124	0.6607	0.970396
15	83750000	83800000	29663	136	24450	30052	0.00458484	0.489	0.987056
15	83800000	83850000	26115	105	28172	26374	0.00402068	0.56344	0.99018
15	83850000	83900000	21835	80	33052	22730	0.00366384	0.66104	0.960625
15	83900000	83950000	25769	99	29183	26341	0.00384183	0.58366	0.978285
15	83950000	84000000	30439	123	18906	30663	0.00404087	0.37812	0.992695
15	84000000	84050000	27862	133	22107	28474	0.00477353	0.44214	0.978507
15	84050000	84100000	23426	113	30628	23697	0.0048237	0.61256	0.988564
15	84100000	84150000	23315	129	30512	24027	0.00553292	0.61024	0.970367
15	84150000	84200000	25447	144	27732	28577	0.00565882	0.55464	0.890471
15	84200000	84250000	30260	178	28386	30511	0.00588235	0.56772	0.991773
15	84250000	84300000	26417	133	26373	26723	0.00503464	0.52746	0.988549
15	84300000	84350000	28172	158	27850	28544	0.00560841	0.557	0.986967
15	84350000	84400000	27416	172	25217	27795	0.00627371	0.50434	0.986364
15	84400000	84450000	26186	130	29352	26791	0.00496448	0.58704	0.977418
15	84450000	84500000	21474	138	34836	23091	0.00642638	0.69672	0.929973
15	84500000	84550000	26792	150	29736	27108	0.00559869	0.59472	0.988343
15	84550000	84600000	30319	209	22328	30571	0.00689337	0.44656	0.991757
15	84600000	84650000	22272	140	31113	22480	0.00628592	0.62226	0.990747
15	84650000	84700000	31247	151	25981	31576	0.00483246	0.51962	0.989581
15	84700000	84750000	12424	68	31436	12533	0.00547328	0.62872	0.991303
15	84750000	84800000	5427	72	19372	5541	0.013267	0.38744	0.979426
15	84800000	84850000	790	9	17216	1602	0.0113924	0.34432	0.493134
15	84850000	84900000	0	0	20784	0		0.41568	
15	84900000	84950000	0	0	20862	158		0.41724	0
15	84950000	85000000	0	0	8571	0		0.17142	
15	85000000	85050000	0	0	5074	0		0.10148	
15	85050000	85100000	0	0	19067	458		0.38134	0
15	85100000	85150000	1794	5	26183	6808	0.00278707	0.52366	0.263514
15	85150000	85200000	21040	99	24140	21626	0.00470532	0.4828	0.972903
15	85200000	85250000	22267	78	26667	22414	0.00350294	0.53334	0.993442
15	85250000	85300000	18450	59	30781	18799	0.00319783	0.61562	0.981435
15	85300000	85350000	26179	115	22050	26381	0.00439283	0.441	0.992343
15	85350000	85400000	29313	119	24588	30076	0.00405963	0.49176	0.974631
15	85400000	85450000	28426	151	23551	29222	0.00531204	0.47102	0.97276
15	85450000	85500000	25628	148	26353	26394	0.00577493	0.52706	0.970978
15	85500000	85550000	27401	174	26386	28094	0.00635013	0.52772	0.975333
15	85550000	85600000	24014	127	30308	24206	0.00528858	0.60616	0.992068
15	85600000	85650000	29120	179	22247	30225	0.00614698	0.44494	0.963441
15	85650000	85700000	27593	159	28977	27858	0.00576233	0.57954	0.990487
15	85700000	85750000	5363	32	24956	6137	0.00596681	0.49912	0.87388
15	85750000	85800000	0	0	20030	1		0.4006	0
15	85800000	85850000	2547	24	21688	10121	0.00942285	0.43376	0.251655
15	85850000	85900000	16548	114	28731	20625	0.00688905	0.57462	0.802327
15	85900000	85950000	24193	135	26482	24685	0.00558013	0.52964	0.980069
15	85950000	86000000	21270	132	27951	22270	0.00620592	0.55902	0.955097
15	86000000	86050000	24851	151	19244	27553	0.00607621	0.38488	0.901934
15	86050000	86100000	30109	179	16745	31515	0.00594507	0.3349	0.955386
15	86100000	86150000	27497	119	17130	28590	0.00432774	0.3426	0.96177
15	86150000	86200000	29171	165	20991	29567	0.0056563	0.41982	0.986607
15	86200000	86250000	28544	133	16575	28856	0.00465947	0.3315	0.989188
15	86250000	86300000	30102	158	15312	30371	0.00524882	0.30624	0.991143
15	86300000	86350000	29462	151	19109	29799	0.00512525	0.38218	0.988691
15	86350000	86400000	21588	170	29006	23239	0.00787475	0.58012	0.928956
15	86400000	86450000	26840	211	22659	27718	0.0078614	0.45318	0.968324
15	86450000	86500000	30418	183	24541	31378	0.00601617	0.49082	0.969405
15	86500000	86550000	25372	245	23391	26125	0.00965631	0.46782	0.971177
15	86550000	86600000	28060	196	23522	28983	0.00698503	0.47044	0.968154
15	86600000	86650000	30888	252	26485	31218	0.00815851	0.5297	0.989429
15	86650000	86700000	26747	209	25362	27048	0.00781396	0.50724	0.988872
15	86700000	86750000	28462	207	27180	28789	0.00727286	0.5436	0.988641
15	86750000	86800000	28698	220	23112	29763	0.00766604	0.46224	0.964217
15	86800000	86850000	32195	209	16961	32711	0.00649169	0.33922	0.984225
15	86850000	86900000	29015	187	26752	29291	0.00644494	0.53504	0.990577
15	86900000	86950000	31443	233	24031	32187	0.00741023	0.48062	0.976885
15	86950000	87000000	30297	227	20336	30627	0.00749249	0.40672	0.989225
15	87000000	87050000	24595	197	28829	24858	0.00800976	0.57658	0.98942
15	87050000	87100000	28528	190	26305	29527	0.00666012	0.5261	0.966167
15	87100000	87150000	24794	202	31998	25152	0.00814713	0.63996	0.985767
15	87150000	87200000	32051	229	20548	32538	0.00714486	0.41096	0.985033
15	87200000	87250000	29671	192	22143	30005	0.00647096	0.44286	0.988869
15	87250000	87300000	28037	235	21591	28614	0.00838178	0.43182	0.979835
15	87300000	87350000	32841	232	20049	33187	0.00706434	0.40098	0.989574
15	87350000	87400000	27944	207	26759	30087	0.00740767	0.53518	0.928773
15	87400000	87450000	28173	230	18583	28723	0.00816384	0.37166	0.980852
15	87450000	87500000	29761	208	24347	30111	0.00698901	0.48694	0.988376
15	87500000	87550000	21875	151	31585	23049	0.00690286	0.6317	0.949065
15	87550000	87600000	21436	177	35614	21720	0.00825714	0.71228	0.986924
15	87600000	87650000	30373	227	28827	30729	0.00747374	0.57654	0.988415
15	87650000	87700000	29531	180	28322	29807	0.00609529	0.56644	0.99074
15	87700000	87750000	31655	218	24919	32007	0.00688675	0.49838	0.989002
15	87750000	87800000	26135	166	24793	26414	0.00635164	0.49586	0.989437
15	87800000	87850000	24847	160	36488	25254	0.00643941	0.72976	0.983884
15	87850000	87900000	29423	163	24980	29751	0.00553988	0.4996	0.988975
15	87900000	87950000	25938	145	35739	26205	0.00559025	0.71478	0.989811
15	87950000	88000000	31402	253	25420	31719	0.00805681	0.5084	0.990006
15	88000000	88050000	28603	281	24716	28972	0.00982414	0.49432	0.987264
15	88050000	88100000	23667	185	29496	25092	0.00781679	0.58992	0.943209
15	88100000	88150000	32671	229	23479	33596	0.00700927	0.46958	0.972467
15	88150000	88200000	34314	240	21705	34682	0.00699423	0.4341	0.989389
15	88200000	88250000	26985	150	31240	27239	0.00555864	0.6248	0.990675
15	88250000	88300000	34750	245	14991	35089	0.00705036	0.29982	0.990339
15	88300000	88350000	29210	216	23966	29557	0.00739473	0.47932	0.98826
15	88350000	88400000	23280	254	30600	26586	0.0109107	0.612	0.875649
15	88400000	88450000	33724	200	13896	33985	0.00593049	0.27792	0.99232
15	88450000	88500000	35671	217	13232	36017	0.00608337	0.26464	0.990393
15	88500000	88550000	33771	184	15527	34734	0.00544846	0.31054	0.972275
15	88550000	88600000	35619	247	14795	36049	0.0069345	0.2959	0.988072
15	88600000	88650000	33099	193	19719	33427	0.00583099	0.39438	0.990188
15	88650000	88700000	32177	194	16474	34390	0.00602915	0.32948	0.93565
15	88700000	88750000	35655	209	16453	35993	0.00586173	0.32906	0.990609
15	88750000	88800000	33740	212	15632	36493	0.00628334	0.31264	0.924561
15	88800000	88850000	33475	184	14907	34755	0.00549664	0.29814	0.963171
15	88850000	88900000	32598	202	26150	32930	0.0061967	0.523	0.989918
15	88900000	88950000	27778	197	26097	29194	0.00709194	0.52194	0.951497
15	88950000	89000000	31808	201	32780	32114	0.00631916	0.6556	0.990471
15	89000000	89050000	32276	166	22178	32597	0.00514314	0.44356	0.990152
15	89050000	89100000	18552	116	37112	19531	0.0062527	0.74224	0.949875
15	89100000	89150000	22347	147	33062	22597	0.00657806	0.66124	0.988937
15	89150000	89200000	27826	213	21377	28204	0.00765471	0.42754	0.986598
15	89200000	89250000	25211	174	30919	26211	0.00690175	0.61838	0.961848
15	89250000	89300000	28365	174	26350	28951	0.00613432	0.527	0.979759
15	89300000	89350000	27732	173	28035	29160	0.00623828	0.5607	0.951029
15	89350000	89400000	29426	178	17126	29815	0.00604907	0.34252	0.986953
15	89400000	89450000	29002	215	16172	30443	0.00741328	0.32344	0.952666
15	89450000	89500000	15785	137	34269	15958	0.00867913	0.68538	0.989159
15	89500000	89550000	13706	105	38896	14630	0.00766088	0.77792	0.936842
15	89550000	89600000	17118	148	37820	17290	0.00864587	0.7564	0.990052
15	89600000	89650000	23903	114	23588	27540	0.00476928	0.47176	0.867938
15	89650000	89700000	29603	161	18145	30541	0.00543864	0.3629	0.969287
15	89700000	89750000	29079	185	17911	29477	0.00636198	0.35822	0.986498
15	89750000	89800000	22944	98	32225	23305	0.00427127	0.6445	0.98451
15	89800000	89850000	25375	116	24238	25622	0.00457143	0.48476	0.99036
15	89850000	89900000	30315	137	19153	30693	0.00451921	0.38306	0.987684
15	89900000	89950000	34901	171	7051	35610	0.00489957	0.14102	0.98009
15	89950000	90000000	31594	162	17009	33097	0.00512756	0.34018	0.954588
15	90000000	90050000	27651	146	24138	29012	0.0052801	0.48276	0.953088
15	90050000	90100000	24203	140	33336	24688	0.00578441	0.66672	0.980355
15	90100000	90150000	16799	77	31544	24626	0.00458361	0.63088	0.682165
15	90150000	90200000	20714	87	25463	24060	0.00420006	0.50926	0.860931
15	90200000	90250000	25958	183	23634	27737	0.00704985	0.47268	0.935862
15	90250000	90300000	24369	161	26373	25414	0.00660675	0.52746	0.958881
15	90300000	90350000	26310	190	22652	26525	0.00722159	0.45304	0.991894
15	90350000	90400000	26501	164	25619	26769	0.00618845	0.51238	0.989988
15	90400000	90450000	23079	110	26639	23246	0.00476624	0.53278	0.992816
15	90450000	90500000	18407	165	35437	18600	0.00896398	0.70874	0.989624
15	90500000	90550000	19462	132	32622	20295	0.00678245	0.65244	0.958955
15	90550000	90600000	28037	165	22996	29044	0.00588508	0.45992	0.965328
15	90600000	90650000	25654	174	20417	26161	0.00678257	0.40834	0.98062
15	90650000	90700000	14256	120	38766	14909	0.00841751	0.77532	0.956201
15	90700000	90750000	20849	155	30885	21042	0.00743441	0.6177	0.990828
15	90750000	90800000	23119	152	20938	24889	0.00657468	0.41876	0.928884
15	90800000	90850000	11771	107	18473	12843	0.00909014	0.36946	0.91653
15	90850000	90900000	16168	90	32322	16822	0.00556655	0.64644	0.961122
15	90900000	90950000	3425	23	27668	21758	0.00671533	0.55336	0.157413
15	90950000	91000000	24019	124	23417	25431	0.00516258	0.46834	0.944477
15	91000000	91050000	26468	103	21192	26745	0.00389149	0.42384	0.989643
15	91050000	91100000	21152	114	34395	21479	0.00538956	0.6879	0.984776
15	91100000	91150000	25866	118	27338	26099	0.00456197	0.54676	0.991072
15	91150000	91200000	24471	124	20647	27258	0.00506722	0.41294	0.897755
15	91200000	91250000	18425	105	31586	18679	0.00569878	0.63172	0.986402
15	91250000	91300000	21672	119	35544	22282	0.00549096	0.71088	0.972624
15	91300000	91350000	24327	153	29183	24725	0.00628931	0.58366	0.983903
15	91350000	91400000	20466	132	26959	21371	0.00644972	0.53918	0.957653
15	91400000	91450000	26945	126	16785	27295	0.00467619	0.3357	0.987177
15	91450000	91500000	26502	158	19221	27492	0.00596181	0.38442	0.96399
15	91500000	91550000	24195	134	22826	24624	0.00553833	0.45652	0.982578
15	91550000	91600000	17538	141	24545	17869	0.00803969	0.4909	0.981476
15	91600000	91650000	24884	169	34022	25137	0.00679151	0.68044	0.989935
15	91650000	91700000	28885	223	23002	29548	0.00772027	0.46004	0.977562
15	91700000	91750000	25899	236	28389	26375	0.00911232	0.56778	0.981953
15	91750000	91800000	31305	216	23609	31635	0.00689986	0.47218	0.989569
15	91800000	91850000	31323	239	18604	32113	0.00763018	0.37208	0.975399
15	91850000	91900000	28716	216	26900	29688	0.00752194	0.538	0.967259
15	91900000	91950000	23627	172	34646	24199	0.00727981	0.69292	0.976363
15	91950000	92000000	23406	181	31878	24469	0.00773306	0.63756	0.956557
15	92000000	92050000	26119	240	34067	26420	0.00918871	0.68134	0.988607
15	92050000	92100000	33009	273	22841	34584	0.00827047	0.45682	0.954459
15	92100000	92150000	29759	226	28374	30068	0.00759434	0.56748	0.989723
15	92150000	92200000	27429	206	26679	29667	0.0075103	0.53358	0.924563
15	92200000	92250000	33914	222	22368	34286	0.00654597	0.44736	0.98915
15	92250000	92300000	30069	237	27575	30803	0.00788187	0.5515	0.976171
15	92300000	92350000	31057	235	21818	31405	0.00756673	0.43636	0.988919
15	92350000	92400000	30611	175	21178	30959	0.0057169	0.42356	0.988759
15	92400000	92450000	30275	172	19044	32286	0.00568126	0.38088	0.937713
15	92450000	92500000	32599	224	17260	32893	0.00687138	0.3452	0.991062
15	92500000	92550000	30678	242	21591	31272	0.00788839	0.43182	0.981005
15	92550000	92600000	31295	251	18968	32517	0.00802045	0.37936	0.96242
15	92600000	92650000	32625	263	20498	33057	0.0080613	0.40996	0.986932
15	92650000	92700000	32007	299	17836	32641	0.00934171	0.35672	0.980577
15	92700000	92750000	29938	270	19032	30700	0.00901864	0.38064	0.975179
15	92750000	92800000	20249	175	36133	20530	0.0086424	0.72266	0.986313
15	92800000	92850000	27822	196	29733	28227	0.00704478	0.59466	0.985652
15	92850000	92900000	32701	225	21346	33009	0.00688052	0.42692	0.990669
15	92900000	92950000	32312	198	19785	33148	0.00612775	0.3957	0.97478
15	92950000	93000000	32023	197	18947	32394	0.00615183	0.37894	0.988547
15	93000000	93050000	32537	231	18905	32885	0.00709961	0.3781	0.989418
15	93050000	93100000	26078	183	32574	26609	0.00701741	0.65148	0.980044
15	93100000	93150000	29072	169	18271	31354	0.00581315	0.36542	0.927218
15	93150000	93200000	11261	91	18426	29521	0.00808099	0.36852	0.381457
15	93200000	93250000	26175	192	27421	26982	0.00733524	0.54842	0.970091
15	93250000	93300000	18538	129	33920	18772	0.00695868	0.6784	0.987535
15	93300000	93350000	12925	123	36324	13317	0.00951644	0.72648	0.970564
15	93350000	93400000	17645	117	27015	17858	0.00663077	0.5403	0.988073
15	93400000	93450000	22961	118	20838	23440	0.00513915	0.41676	0.979565
15	93450000	93500000	26788	168	18486	27516	0.00627146	0.36972	0.973543
15	93500000	93550000	28900	180	22089	29185	0.00622837	0.44178	0.990235
15	93550000	93600000	28695	257	18564	31665	0.00895626	0.37128	0.906206
15	93600000	93650000	29914	221	17097	30332	0.00738785	0.34194	0.986219
15	93650000	93700000	28135	236	23391	28547	0.00838813	0.46782	0.985568
15	93700000	93750000	25689	208	27881	26686	0.00809685	0.55762	0.96264
15	93750000	93800000	25661	187	28350	27858	0.00728732	0.567	0.921136
15	93800000	93850000	26855	189	24530	27816	0.0070378	0.4906	0.965452
15	93850000	93900000	26595	185	22093	27029	0.00695619	0.44186	0.983943
15	93900000	93950000	23063	207	27933	23560	0.00897542	0.55866	0.978905
15	93950000	94000000	29846	291	24261	30296	0.00975005	0.48522	0.985147
15	94000000	94050000	27307	210	18151	28980	0.00769034	0.36302	0.942271
15	94050000	94100000	29828	217	25317	30130	0.00727504	0.50634	0.989977
15	94100000	94150000	31448	267	22123	32192	0.00849021	0.44246	0.976889
15	94150000	94200000	27233	271	26440	29199	0.00995116	0.5288	0.932669
15	94200000	94250000	26523	195	27846	27162	0.00735211	0.55692	0.976474
15	94250000	94300000	21847	162	35111	22150	0.00741521	0.70222	0.986321
15	94300000	94350000	27761	183	20706	28899	0.00659198	0.41412	0.960621
15	94350000	94400000	26184	228	28981	27296	0.00870761	0.57962	0.959261
15	94400000	94450000	30947	251	23733	31237	0.00811064	0.47466	0.990716
15	94450000	94500000	29615	217	24460	29929	0.00732737	0.4892	0.989509
15	94500000	94550000	30865	202	23081	31203	0.00654463	0.46162	0.989168
15	94550000	94600000	18418	171	25331	27784	0.0092844	0.50662	0.6629
15	94600000	94650000	31769	270	19388	32133	0.00849885	0.38776	0.988672
15	94650000	94700000	26135	184	31539	26424	0.00704037	0.63078	0.989063
15	94700000	94750000	24506	183	34613	24793	0.00746756	0.69226	0.988424
15	94750000	94800000	25374	155	24371	25992	0.00610862	0.48742	0.976223
15	94800000	94850000	29322	237	27175	29709	0.00808267	0.5435	0.986974
15	94850000	94900000	31048	217	13538	31838	0.00698918	0.27076	0.975187
15	94900000	94950000	32955	246	9991	33936	0.00746472	0.19982	0.971093
15	94950000	95000000	32338	215	20218	32643	0.00664852	0.40436	0.990656
15	95000000	95050000	28830	207	26723	29231	0.00718002	0.53446	0.986282
15	95050000	95100000	31189	227	24963	31659	0.00727821	0.49926	0.985154
15	95100000	95150000	34263	293	16899	34597	0.0085515	0.33798	0.990346
15	95150000	95200000	32554	223	19372	33409	0.00685016	0.38744	0.974408
15	95200000	95250000	33116	227	12717	33475	0.00685469	0.25434	0.989276
15	95250000	95300000	29438	163	21392	29780	0.00553706	0.42784	0.988516
15	95300000	95350000	29227	209	23811	30307	0.00715092	0.47622	0.964365
15	95350000	95400000	25356	176	27760	25610	0.00694116	0.5552	0.990082
15	95400000	95450000	29696	196	30855	30035	0.00660022	0.6171	0.988713
15	95450000	95500000	27890	142	28956	28702	0.00509143	0.57912	0.971709
15	95500000	95550000	28428	187	29948	28689	0.00657802	0.59896	0.990902
15	95550000	95600000	27670	201	25677	27984	0.00726419	0.51354	0.988779
15	95600000	95650000	27599	158	27234	27925	0.00572485	0.54468	0.988326
15	95650000	95700000	28981	220	24765	29261	0.00759118	0.4953	0.990431
15	95700000	95750000	26312	211	25144	26584	0.00801915	0.50288	0.989768
15	95750000	95800000	27665	194	26254	27938	0.00701247	0.52508	0.990228
15	95800000	95850000	32911	212	8288	33690	0.00644162	0.16576	0.976877
15	95850000	95900000	30152	217	21782	30872	0.00719687	0.43564	0.976678
15	95900000	95950000	31548	206	20872	31856	0.00652973	0.41744	0.990331
15	95950000	96000000	30942	207	21233	31231	0.00668994	0.42466	0.990746
15	96000000	96050000	33838	270	12353	34207	0.00797919	0.24706	0.989213
15	96050000	96100000	29270	231	20859	29654	0.00789204	0.41718	0.987051
15	96100000	96150000	32988	253	13813	33399	0.00766946	0.27626	0.987694
15	96150000	96200000	33014	190	13627	33353	0.00575513	0.27254	0.989836
15	96200000	96250000	29753	154	20461	30061	0.00517595	0.40922	0.989754
15	96250000	96300000	33443	181	20374	33738	0.00541219	0.40748	0.991256
15	96300000	96350000	28768	163	22339	29371	0.00566602	0.44678	0.97947
15	96350000	96400000	32147	228	20067	32445	0.00709242	0.40134	0.990815
15	96400000	96450000	32607	201	11157	32896	0.00616432	0.22314	0.991215
15	96450000	96500000	32455	249	10740	32935	0.00767216	0.2148	0.985426
15	96500000	96550000	31514	211	16370	33243	0.00669544	0.3274	0.947989
15	96550000	96600000	29442	206	14863	32190	0.00699681	0.29726	0.914632
15	96600000	96650000	30831	216	14545	31638	0.00700594	0.2909	0.974493
15	96650000	96700000	29867	186	16817	30259	0.00622761	0.33634	0.987045
15	96700000	96750000	29689	187	21861	29932	0.00629863	0.43722	0.991882
15	96750000	96800000	30330	202	19065	30748	0.00666007	0.3813	0.986406
15	96800000	96850000	30884	240	16068	31352	0.00777101	0.32136	0.985073
15	96850000	96900000	31992	161	2828	32332	0.00503251	0.05656	0.989484
15	96900000	96950000	29201	167	16687	29493	0.00571898	0.33374	0.990099
15	96950000	97000000	28594	209	12995	29293	0.00730923	0.2599	0.976138
15	97000000	97050000	30999	219	22035	31954	0.00706474	0.4407	0.970113
15	97050000	97100000	30891	162	18966	31152	0.00524425	0.37932	0.991622
15	97100000	97150000	32887	152	13397	34697	0.00462189	0.26794	0.947834
15	97150000	97200000	29686	198	15496	32091	0.00666981	0.30992	0.925057
15	97200000	97250000	30423	160	19561	30981	0.00525918	0.39122	0.981989
15	97250000	97300000	32845	202	15075	33399	0.0061501	0.3015	0.983413
15	97300000	97350000	33086	214	9150	33619	0.00646799	0.183	0.984146
15	97350000	97400000	27965	185	27812	28441	0.00661541	0.55624	0.983264
15	97400000	97450000	26688	117	17614	28038	0.00438399	0.35228	0.951851
15	97450000	97500000	28622	182	28187	28908	0.00635875	0.56374	0.990107
15	97500000	97550000	30853	201	23945	31102	0.00651476	0.4789	0.991994
15	97550000	97600000	30265	148	29631	30677	0.00489014	0.59262	0.98657
15	97600000	97650000	24736	139	21147	27267	0.00561934	0.42294	0.907177
15	97650000	97700000	28372	187	26744	28629	0.00659101	0.53488	0.991023
15	97700000	97750000	34538	232	21841	34867	0.00671724	0.43682	0.990564
15	97750000	97800000	28594	209	27835	28833	0.00730923	0.5567	0.991711
15	97800000	97850000	11063	135	40664	11230	0.0122028	0.81328	0.985129
15	97850000	97900000	31076	211	21665	31387	0.00678981	0.4333	0.990091
15	97900000	97950000	25161	183	19061	25539	0.00727316	0.38122	0.985199
15	97950000	98000000	24946	155	25513	25285	0.00621342	0.51026	0.986593
15	98000000	98050000	30313	241	24869	30615	0.00795038	0.49738	0.990136
15	98050000	98100000	31357	228	25621	31735	0.0072711	0.51242	0.988089
15	98100000	98150000	29388	214	23140	29659	0.00728188	0.4628	0.990863
15	98150000	98200000	25161	188	29705	26072	0.00747188	0.5941	0.965058
15	98200000	98250000	30284	220	26738	30592	0.00726456	0.53476	0.989932
15	98250000	98300000	33996	207	18339	34314	0.00608895	0.36678	0.990733
15	98300000	98350000	30517	216	21412	30769	0.00707802	0.42824	0.99181
15	98350000	98400000	28610	212	29274	29114	0.00741	0.58548	0.982689
15	98400000	98450000	28636	200	17586	28929	0.00698422	0.35172	0.989872
15	98450000	98500000	30116	241	25141	30404	0.00800239	0.50282	0.990528
15	98500000	98550000	26168	179	15379	28503	0.00684042	0.30758	0.918079
15	98550000	98600000	28616	198	29920	29068	0.00691921	0.5984	0.98445
15	98600000	98650000	19549	159	31098	20694	0.00813341	0.62196	0.94467
15	98650000	98700000	30305	213	24630	30975	0.00702854	0.4926	0.97837
15	98700000	98750000	31690	258	20817	32065	0.00814137	0.41634	0.988305
15	98750000	98800000	29689	197	21190	30043	0.00663545	0.4238	0.988217
15	98800000	98850000	30512	251	21589	30870	0.00822627	0.43178	0.988403
15	98850000	98900000	29352	226	23340	29637	0.00769965	0.4668	0.990384
15	98900000	98950000	30105	269	25255	30412	0.00893539	0.5051	0.989905
15	98950000	99000000	27636	238	21950	28155	0.00861196	0.439	0.981566
15	99000000	99050000	22873	192	32394	23094	0.00839418	0.64788	0.99043
15	99050000	99100000	23158	187	25039	24344	0.00807496	0.50078	0.951282
15	99100000	99150000	23447	170	25169	23995	0.00725039	0.50338	0.977162
15	99150000	99200000	24454	178	20542	25121	0.00727897	0.41084	0.973449
15	99200000	99250000	28653	153	17799	29312	0.00533975	0.35598	0.977518
15	99250000	99300000	33400	175	10599	33827	0.00523952	0.21198	0.987377
15	99300000	99350000	30965	199	12076	32383	0.00642661	0.24152	0.956212
15	99350000	99400000	30380	216	14423	30763	0.00710994	0.28846	0.98755
15	99400000	99450000	30865	223	14596	31258	0.00722501	0.29192	0.987427
15	99450000	99500000	34605	301	9611	35035	0.00869817	0.19222	0.987727
15	99500000	99550000	19520	155	26870	20410	0.00794057	0.5374	0.956394
15	99550000	99600000	22251	158	29914	22599	0.0071008	0.59828	0.984601
15	99600000	99650000	24580	170	28283	27153	0.00691619	0.56566	0.905241
15	99650000	99700000	31997	237	15174	32386	0.00740694	0.30348	0.987989
15	99700000	99750000	24631	171	28426	25946	0.00694247	0.56852	0.949318
15	99750000	99800000	23812	173	29333	24738	0.00726524	0.58666	0.962568
15	99800000	99850000	25860	170	24655	26131	0.00657386	0.4931	0.989629
15	99850000	99900000	28376	202	23305	28690	0.00711869	0.4661	0.989055
15	99900000	99950000	26577	189	26742	26846	0.00711141	0.53484	0.98998
15	99950000	100000000	26456	203	20895	27711	0.00767312	0.4179	0.954711
15	100000000	100050000	28420	235	25169	28763	0.00826882	0.50338	0.988075
15	100050000	100100000	25792	165	31989	26161	0.00639733	0.63978	0.985895
15	100100000	100150000	22859	107	28488	29136	0.00468087	0.56976	0.784562
15	100150000	100200000	29543	159	25576	29804	0.00538199	0.51152	0.991243
15	100200000	100250000	27142	119	26442	27400	0.00438435	0.52884	0.990584
15	100250000	100300000	24778	188	23887	28305	0.00758738	0.47774	0.875393
15	100300000	100350000	4882	61	15181	6107	0.0124949	0.30362	0.799411
15	100350000	100400000	4360	82	25091	6308	0.0188073	0.50182	0.691186
15	100400000	100450000	11990	164	24381	12668	0.0136781	0.48762	0.946479
15	100450000	100500000	26982	245	32966	27350	0.00908013	0.65932	0.986545
15	100500000	100550000	29879	291	19682	30893	0.00973928	0.39364	0.967177
15	100550000	100600000	28576	227	22757	28979	0.00794373	0.45514	0.986093
15	100600000	100650000	18106	166	27305	18406	0.00916823	0.5461	0.983701
15	100650000	100700000	29883	286	21253	31642	0.00957066	0.42506	0.944409
15	100700000	100750000	31176	344	18703	32082	0.0110341	0.37406	0.97176
15	100750000	100800000	30051	300	16938	30918	0.00998303	0.33876	0.971958
15	100800000	100850000	27085	209	26179	28243	0.00771645	0.52358	0.958999
15	100850000	100900000	28679	241	23011	29319	0.00840336	0.46022	0.978171
15	100900000	100950000	18713	128	38505	21575	0.00684016	0.7701	0.867346
15	100950000	101000000	16247	119	38065	16472	0.00732443	0.7613	0.98634
15	101000000	101050000	32393	220	20831	32706	0.00679159	0.41662	0.99043
15	101050000	101100000	22503	179	16752	22964	0.00795449	0.33504	0.979925
15	101100000	101150000	23104	127	23895	23506	0.00549688	0.4779	0.982898
15	101150000	101200000	29419	215	19913	29767	0.0073082	0.39826	0.988309
15	101200000	101250000	27437	214	24450	27755	0.00779969	0.489	0.988543
15	101250000	101300000	29273	249	27780	29935	0.00850613	0.5556	0.977885
15	101300000	101350000	27785	223	24549	28513	0.00802591	0.49098	0.974468
15	101350000	101400000	28859	239	23864	29671	0.00828165	0.47728	0.972633
15	101400000	101450000	34081	306	10066	34498	0.00897861	0.20132	0.987912
15	101450000	101500000	28685	284	23446	29685	0.00990064	0.46892	0.966313
15	101500000	101550000	29565	257	24564	30024	0.00869271	0.49128	0.984712
15	101550000	101600000	29822	277	20882	31189	0.00928844	0.41764	0.95617
15	101600000	101650000	22477	202	20166	26749	0.00898696	0.40332	0.840293
15	101650000	101700000	25733	230	21870	30471	0.00893794	0.4374	0.844508
15	101700000	101750000	30053	324	15770	30519	0.010781	0.3154	0.984731
15	101750000	101800000	27129	266	22581	28218	0.00980501	0.45162	0.961408
15	101800000	101850000	27588	213	21382	28203	0.00772075	0.42764	0.978194
15	101850000	101900000	31158	260	17575	31872	0.00834457	0.3515	0.977598
15	101900000	101950000	31122	302	16055	31578	0.00970375	0.3211	0.98556
15	101950000	102000000	32488	275	20196	33223	0.00846466	0.40392	0.977877
15	102000000	102050000	31453	290	19202	32978	0.00922011	0.38404	0.953757
15	102050000	102100000	28514	320	24439	30718	0.0112226	0.48878	0.928251
15	102100000	102150000	25105	176	34085	25575	0.00701056	0.6817	0.981623
15	102150000	102200000	26687	246	23964	27265	0.00921797	0.47928	0.978801
15	102200000	102250000	27656	227	32954	27994	0.00820798	0.65908	0.987926
15	102250000	102300000	12480	62	23115	13633	0.00496795	0.4623	0.915426
15	102300000	102350000	0	0	11721	10811		0.23442	0
15	102350000	102400000	26130	178	27597	28582	0.00681209	0.55194	0.914212
15	102400000	102450000	192	4	35496	199	0.0208333	0.70992	0.964824
15	102450000	102500000	0	0	25017	0		0.50034	
15	102500000	102550000	0	0	5637	0		0.11274	
