chrom	start	end	anc_valid_bp	hum_sub	repeat_bp	mask_bp	sub_rate	repeat_frac	anc_cov
19	0	20000	0	0	0	0		0	
19	20000	40000	0	0	0	0		0	
19	40000	60000	0	0	0	0		0	
19	60000	80000	0	0	6924	0		0.3462	
19	80000	100000	0	0	9159	0		0.45795	
19	100000	120000	0	0	9050	0		0.4525	
19	120000	140000	0	0	17710	0		0.8855	
19	140000	160000	0	0	13422	0		0.6711	
19	160000	180000	0	0	11166	0		0.5583	
19	180000	200000	0	0	7002	0		0.3501	
19	200000	220000	0	0	13951	0		0.69755	
19	220000	240000	0	0	8189	0		0.40945	
19	240000	260000	0	0	13327	235		0.66635	0
19	260000	280000	0	0	12777	8133		0.63885	0
19	280000	300000	5351	73	7202	9597	0.0136423	0.3601	0.55757
19	300000	320000	5230	43	7668	7952	0.0082218	0.3834	0.657696
19	320000	340000	8126	70	11444	8249	0.00861432	0.5722	0.985089
19	340000	360000	7822	60	13417	8589	0.00767067	0.67085	0.9107
19	360000	380000	8522	100	7522	9932	0.0117343	0.3761	0.858035
19	380000	400000	4897	53	10959	7094	0.010823	0.54795	0.690302
19	400000	420000	7377	83	4027	10005	0.0112512	0.20135	0.737331
19	420000	440000	6779	61	5763	7440	0.00899838	0.28815	0.911156
19	440000	460000	1600	11	11378	7854	0.006875	0.5689	0.203718
19	460000	480000	3425	45	10089	7200	0.0131387	0.50445	0.475694
19	480000	500000	6871	80	10191	7858	0.0116431	0.50955	0.874396
19	500000	520000	6091	65	10583	6743	0.0106715	0.52915	0.903307
19	520000	540000	7842	108	7240	8178	0.013772	0.362	0.958914
19	540000	560000	5149	36	10234	7291	0.00699165	0.5117	0.706213
19	560000	580000	6306	59	11008	7449	0.00935617	0.5504	0.846557
19	580000	600000	9710	103	4124	9997	0.0106076	0.2062	0.971291
19	600000	620000	3723	48	6000	6194	0.0128928	0.3	0.601066
19	620000	640000	6389	67	8241	7441	0.0104868	0.41205	0.858621
19	640000	660000	7907	83	5138	9862	0.010497	0.2569	0.801764
19	660000	680000	7971	62	9343	8092	0.0077782	0.46715	0.985047
19	680000	700000	7220	68	9767	7368	0.00941828	0.48835	0.979913
19	700000	720000	1855	17	10954	6806	0.00916442	0.5477	0.272554
19	720000	740000	6273	55	10266	7588	0.00876773	0.5133	0.8267
19	740000	760000	9983	84	7998	10108	0.0084143	0.3999	0.987634
19	760000	780000	5485	57	12783	6133	0.010392	0.63915	0.894342
19	780000	800000	6580	54	9402	6745	0.00820669	0.4701	0.975537
19	800000	820000	8448	67	5042	9314	0.00793087	0.2521	0.907022
19	820000	840000	5014	73	11832	5525	0.0145592	0.5916	0.907511
19	840000	860000	5858	53	10008	6702	0.00904746	0.5004	0.874067
19	860000	880000	3996	50	5810	7669	0.0125125	0.2905	0.521059
19	880000	900000	8657	79	7094	9146	0.00912556	0.3547	0.946534
19	900000	920000	1148	10	9505	6705	0.0087108	0.47525	0.171216
19	920000	940000	0	0	8117	7522		0.40585	0
19	940000	960000	0	0	7910	8632		0.3955	0
19	960000	980000	0	0	8669	7502		0.43345	0
19	980000	1000000	0	0	6609	9150		0.33045	0
19	1000000	1020000	0	0	3078	11231		0.1539	0
19	1020000	1040000	3656	46	8233	5153	0.0125821	0.41165	0.70949
19	1040000	1060000	10006	72	5881	10351	0.00719568	0.29405	0.96667
19	1060000	1080000	8726	68	6872	9186	0.0077928	0.3436	0.949924
19	1080000	1100000	2576	25	6878	9677	0.00970497	0.3439	0.266198
19	1100000	1120000	8177	83	4115	8692	0.0101504	0.20575	0.94075
19	1120000	1140000	8269	74	7477	8915	0.00894909	0.37385	0.927538
19	1140000	1160000	6849	64	6483	9220	0.00934443	0.32415	0.742842
19	1160000	1180000	6959	54	7708	8884	0.00775974	0.3854	0.783318
19	1180000	1200000	3536	32	12767	3981	0.00904977	0.63835	0.888219
19	1200000	1220000	7031	66	9179	7179	0.009387	0.45895	0.979384
19	1220000	1240000	8987	103	1793	11467	0.011461	0.08965	0.783727
19	1240000	1260000	4020	41	3683	7135	0.010199	0.18415	0.56342
19	1260000	1280000	9225	76	2843	10058	0.00823848	0.14215	0.91718
19	1280000	1300000	10379	84	3869	11245	0.00809327	0.19345	0.922988
19	1300000	1320000	7096	86	8103	7286	0.0121195	0.40515	0.973923
19	1320000	1340000	2710	103	11356	6254	0.0380074	0.5678	0.433323
19	1340000	1360000	6275	153	11037	6536	0.0243825	0.55185	0.960067
19	1360000	1380000	10789	170	4177	11198	0.0157568	0.20885	0.963476
19	1380000	1400000	9187	58	6882	10059	0.00631327	0.3441	0.913311
19	1400000	1420000	9547	58	5866	9825	0.00607521	0.2933	0.971705
19	1420000	1440000	10445	65	3044	11339	0.00622307	0.1522	0.921157
19	1440000	1460000	8724	61	5665	9382	0.00699221	0.28325	0.929866
19	1460000	1480000	8517	67	5799	9084	0.00786662	0.28995	0.937583
19	1480000	1500000	6162	59	7817	7629	0.00957481	0.39085	0.807707
19	1500000	1520000	7109	79	8954	8633	0.0111127	0.4477	0.823468
19	1520000	1540000	7027	65	9363	7871	0.00925004	0.46815	0.892771
19	1540000	1560000	4345	35	12110	5769	0.00805524	0.6055	0.753163
19	1560000	1580000	8152	78	8833	8464	0.0095682	0.44165	0.963138
19	1580000	1600000	7712	55	10709	7807	0.00713174	0.53545	0.987831
19	1600000	1620000	9195	70	7822	9311	0.00761283	0.3911	0.987542
19	1620000	1640000	8358	72	4206	9970	0.0086145	0.2103	0.838315
19	1640000	1660000	8988	91	7010	9290	0.0101246	0.3505	0.967492
19	1660000	1680000	6038	56	10463	6993	0.00927459	0.52315	0.863435
19	1680000	1700000	6889	49	12366	6997	0.00711279	0.6183	0.984565
19	1700000	1720000	4296	39	13393	6301	0.00907821	0.66965	0.681797
19	1720000	1740000	6808	59	11893	7381	0.00866627	0.59465	0.922368
19	1740000	1760000	5070	49	5567	10632	0.00966469	0.27835	0.476862
19	1760000	1780000	0	0	6938	9746		0.3469	0
19	1780000	1800000	0	0	8733	8627		0.43665	0
19	1800000	1820000	0	0	5539	10033		0.27695	0
19	1820000	1840000	0	0	6871	10006		0.34355	0
19	1840000	1860000	3049	26	4382	11694	0.00852739	0.2191	0.260732
19	1860000	1880000	5558	53	6183	6686	0.0095358	0.30915	0.831289
19	1880000	1900000	5366	40	12716	6549	0.00745434	0.6358	0.819362
19	1900000	1920000	6465	52	10330	7858	0.00804331	0.5165	0.822728
19	1920000	1940000	8043	53	10216	8364	0.00658958	0.5108	0.961621
19	1940000	1960000	9936	104	4342	10699	0.010467	0.2171	0.928685
19	1960000	1980000	7779	103	9057	9370	0.0132408	0.45285	0.830203
19	1980000	2000000	7167	93	9298	8347	0.0129761	0.4649	0.858632
19	2000000	2020000	4835	61	13643	5815	0.0126163	0.68215	0.83147
19	2020000	2040000	5345	64	12121	6238	0.0119738	0.60605	0.856845
19	2040000	2060000	9101	67	4558	10052	0.00736183	0.2279	0.905392
19	2060000	2080000	7017	46	10949	7106	0.00655551	0.54745	0.987475
19	2080000	2100000	6382	60	8880	7391	0.00940144	0.444	0.863483
19	2100000	2120000	11560	86	6667	11715	0.00743945	0.33335	0.986769
19	2120000	2140000	10489	82	5938	10814	0.00781771	0.2969	0.969946
19	2140000	2160000	5560	59	13427	5792	0.0106115	0.67135	0.959945
19	2160000	2180000	6697	52	12167	6810	0.00776467	0.60835	0.983407
19	2180000	2200000	12706	122	4754	12851	0.00960176	0.2377	0.988717
19	2200000	2220000	11269	84	5768	11452	0.00745408	0.2884	0.98402
19	2220000	2240000	10632	66	5360	10843	0.00620767	0.268	0.98054
19	2240000	2260000	10740	87	4381	11364	0.00810056	0.21905	0.94509
19	2260000	2280000	6193	39	9765	6512	0.00629743	0.48825	0.951014
19	2280000	2300000	6359	37	9361	7374	0.00581852	0.46805	0.862354
19	2300000	2320000	9399	90	10152	9772	0.00957549	0.5076	0.96183
19	2320000	2340000	9696	92	6734	10150	0.00948845	0.3367	0.955271
19	2340000	2360000	4345	38	5398	9009	0.00874568	0.2699	0.482295
19	2360000	2380000	4493	38	11470	6958	0.0084576	0.5735	0.645732
19	2380000	2400000	4560	49	14800	5292	0.0107456	0.74	0.861678
19	2400000	2420000	6280	69	12711	6591	0.0109873	0.63555	0.952814
19	2420000	2440000	9245	76	4803	9416	0.00822066	0.24015	0.981839
19	2440000	2460000	8217	77	9673	8541	0.00937082	0.48365	0.962065
19	2460000	2480000	4418	35	12525	5597	0.00792214	0.62625	0.789351
19	2480000	2500000	8260	75	9920	8498	0.0090799	0.496	0.971993
19	2500000	2520000	6819	57	11712	7378	0.008359	0.5856	0.924234
19	2520000	2540000	7760	52	13098	8021	0.00670103	0.6549	0.96746
19	2540000	2560000	6870	59	11338	7207	0.00858806	0.5669	0.95324
19	2560000	2580000	6462	71	13178	7261	0.0109873	0.6589	0.88996
19	2580000	2600000	3973	36	11780	6131	0.00906116	0.589	0.648018
19	2600000	2620000	6493	69	12438	7302	0.0106268	0.6219	0.889208
19	2620000	2640000	8171	63	10149	9097	0.00771019	0.50745	0.898208
19	2640000	2660000	5720	57	13391	6869	0.00996503	0.66955	0.832727
19	2660000	2680000	8132	77	11735	8911	0.00946877	0.58675	0.91258
19	2680000	2700000	4548	53	14040	6131	0.0116535	0.702	0.741804
19	2700000	2720000	7135	63	11778	7259	0.00882971	0.5889	0.982918
19	2720000	2740000	9532	76	7833	10568	0.00797314	0.39165	0.901968
19	2740000	2760000	7429	72	12516	7574	0.00969175	0.6258	0.980856
19	2760000	2780000	10194	134	7427	10405	0.013145	0.37135	0.979721
19	2780000	2800000	9006	65	9717	9107	0.00721741	0.48585	0.98891
19	2800000	2820000	9507	66	5527	11331	0.00694225	0.27635	0.839026
19	2820000	2840000	5148	49	13425	5732	0.00951826	0.67125	0.898116
19	2840000	2860000	8300	59	9839	8479	0.00710843	0.49195	0.978889
19	2860000	2880000	6049	54	13038	6540	0.0089271	0.6519	0.924924
19	2880000	2900000	7120	46	11729	7491	0.00646067	0.58645	0.950474
19	2900000	2920000	6957	85	11944	8073	0.0122179	0.5972	0.861761
19	2920000	2940000	5652	53	11920	6190	0.00937721	0.596	0.913086
19	2940000	2960000	5237	45	13910	6333	0.00859271	0.6955	0.826938
19	2960000	2980000	3798	35	15616	4567	0.00921538	0.7808	0.831618
19	2980000	3000000	6841	47	11365	7224	0.00687034	0.56825	0.946982
19	3000000	3020000	7448	62	11085	7985	0.00832438	0.55425	0.932749
19	3020000	3040000	7175	64	11156	8722	0.00891986	0.5578	0.822632
19	3040000	3060000	7830	64	9825	8472	0.00817369	0.49125	0.924221
19	3060000	3080000	5070	45	14592	5287	0.00887574	0.7296	0.958956
19	3080000	3100000	5994	47	12420	6283	0.00784117	0.621	0.954003
19	3100000	3120000	10375	99	5463	11733	0.00954217	0.27315	0.884258
19	3120000	3140000	6185	60	11636	6454	0.00970089	0.5818	0.95832
19	3140000	3160000	4201	35	11763	7397	0.00833135	0.58815	0.567933
19	3160000	3180000	5655	44	10329	6007	0.00778073	0.51645	0.941402
19	3180000	3200000	10175	147	8364	10495	0.0144472	0.4182	0.969509
19	3200000	3220000	8845	102	9313	8990	0.0115319	0.46565	0.983871
19	3220000	3240000	2589	16	12453	8331	0.00617999	0.62265	0.310767
19	3240000	3260000	5621	43	14183	7568	0.00764988	0.70915	0.742733
19	3260000	3280000	6344	67	10548	9125	0.0105612	0.5274	0.695233
19	3280000	3300000	7603	60	10401	7977	0.00789162	0.52005	0.953115
19	3300000	3320000	6214	61	13683	7416	0.00981654	0.68415	0.837918
19	3320000	3340000	4494	34	14283	6924	0.00756564	0.71415	0.649047
19	3340000	3360000	6629	44	13165	7607	0.0066375	0.65825	0.871434
19	3360000	3380000	3830	26	8060	8677	0.00678851	0.403	0.441397
19	3380000	3400000	5211	45	11797	7195	0.00863558	0.58985	0.724253
19	3400000	3420000	6719	46	13636	7029	0.00684626	0.6818	0.955897
19	3420000	3440000	5846	53	13969	6543	0.00906603	0.69845	0.893474
19	3440000	3460000	8091	65	8225	8527	0.00803362	0.41125	0.948868
19	3460000	3480000	5676	40	8662	8454	0.00704722	0.4331	0.671398
19	3480000	3500000	7936	65	12774	8110	0.00819052	0.6387	0.978545
19	3500000	3520000	8768	52	7919	9129	0.00593066	0.39595	0.960456
19	3520000	3540000	11289	83	5807	11882	0.00735229	0.29035	0.950093
19	3540000	3560000	8160	73	9128	8779	0.00894608	0.4564	0.929491
19	3560000	3580000	5668	40	10802	7016	0.00705716	0.5401	0.807868
19	3580000	3600000	5632	38	11341	6234	0.00674716	0.56705	0.903433
19	3600000	3620000	10789	108	4976	11237	0.0100102	0.2488	0.960132
19	3620000	3640000	10655	81	6804	10801	0.00760206	0.3402	0.986483
19	3640000	3660000	9121	69	5861	10494	0.00756496	0.29305	0.869163
19	3660000	3680000	9225	90	8597	11421	0.0097561	0.42985	0.807723
19	3680000	3700000	9474	108	10124	9796	0.0113996	0.5062	0.967129
19	3700000	3720000	4379	41	13484	4642	0.00936287	0.6742	0.943343
19	3720000	3740000	8568	48	9779	8624	0.00560224	0.48895	0.993506
19	3740000	3760000	6271	47	10842	8085	0.00749482	0.5421	0.775634
19	3760000	3780000	7884	62	7951	10002	0.00786403	0.39755	0.788242
19	3780000	3800000	7007	48	11372	8608	0.00685029	0.5686	0.81401
19	3800000	3820000	8901	89	8493	9217	0.00999888	0.42465	0.965716
19	3820000	3840000	8762	84	7369	9106	0.00958685	0.36845	0.962223
19	3840000	3860000	5739	53	14136	7795	0.00923506	0.7068	0.736241
19	3860000	3880000	6642	48	10210	6812	0.00722674	0.5105	0.975044
19	3880000	3900000	5736	31	13583	5868	0.00540446	0.67915	0.977505
19	3900000	3920000	5347	32	13566	5947	0.00598466	0.6783	0.899109
19	3920000	3940000	4651	31	11123	6460	0.00666523	0.55615	0.719969
19	3940000	3960000	5040	39	11464	7151	0.0077381	0.5732	0.704797
19	3960000	3980000	6115	58	8592	8519	0.00948487	0.4296	0.717807
19	3980000	4000000	6758	54	11702	7077	0.00799053	0.5851	0.954924
19	4000000	4020000	7529	40	9099	9401	0.00531279	0.45495	0.800872
19	4020000	4040000	2423	20	8282	8808	0.00825423	0.4141	0.275091
19	4040000	4060000	5532	24	7888	7828	0.00433839	0.3944	0.706694
19	4060000	4080000	6182	53	9744	6522	0.00857328	0.4872	0.947869
19	4080000	4100000	5898	62	8571	8638	0.010512	0.42855	0.682797
19	4100000	4120000	5112	53	8894	10025	0.0103678	0.4447	0.509925
19	4120000	4140000	4494	28	13365	4983	0.00623053	0.66825	0.901866
19	4140000	4160000	5650	45	13561	5941	0.0079646	0.67805	0.951018
19	4160000	4180000	6462	41	12318	7178	0.00634478	0.6159	0.900251
19	4180000	4200000	6600	63	12919	7656	0.00954545	0.64595	0.862069
19	4200000	4220000	5181	40	11011	7789	0.00772052	0.55055	0.665169
19	4220000	4240000	4628	44	14856	5489	0.00950735	0.7428	0.843141
19	4240000	4260000	4939	50	15169	6141	0.0101235	0.75845	0.804266
19	4260000	4280000	4530	43	13194	5512	0.00949227	0.6597	0.821843
19	4280000	4300000	6396	39	12677	6645	0.00609756	0.63385	0.962528
19	4300000	4320000	6581	36	11124	7545	0.00547029	0.5562	0.872233
19	4320000	4340000	2632	16	9267	6333	0.00607903	0.46335	0.415601
19	4340000	4360000	4753	29	11931	7130	0.00610141	0.59655	0.66662
19	4360000	4380000	10384	73	2151	11674	0.00703005	0.10755	0.889498
19	4380000	4400000	8890	69	9208	9225	0.00776153	0.4604	0.963686
19	4400000	4420000	8081	54	8816	8350	0.00668234	0.4408	0.967784
19	4420000	4440000	6574	49	10463	8046	0.00745361	0.52315	0.817052
19	4440000	4460000	10150	88	7183	10873	0.00866995	0.35915	0.933505
19	4460000	4480000	3674	18	13371	5066	0.00489929	0.66855	0.725227
19	4480000	4500000	5093	47	12636	7444	0.00922835	0.6318	0.684175
19	4500000	4520000	8607	72	6812	9143	0.00836528	0.3406	0.941376
19	4520000	4540000	8582	68	10959	8705	0.00792356	0.54795	0.98587
19	4540000	4560000	7668	43	9527	9013	0.00560772	0.47635	0.850771
19	4560000	4580000	6989	93	13785	7309	0.0133066	0.68925	0.956218
19	4580000	4600000	6397	119	10382	9331	0.0186025	0.5191	0.685564
19	4600000	4620000	3463	65	14855	5669	0.0187699	0.74275	0.610866
19	4620000	4640000	5633	94	11925	7037	0.0166874	0.59625	0.800483
19	4640000	4660000	8057	140	11100	8615	0.0173762	0.555	0.935229
19	4660000	4680000	2964	10	9047	8209	0.00337382	0.45235	0.361067
19	4680000	4700000	10406	48	8510	10545	0.00461272	0.4255	0.986818
19	4700000	4720000	11612	77	8007	11864	0.00663107	0.40035	0.978759
19	4720000	4740000	6508	41	13367	6838	0.00629994	0.66835	0.95174
19	4740000	4760000	5074	35	14909	5211	0.00689791	0.74545	0.973709
19	4760000	4780000	6490	39	12270	7521	0.00600924	0.6135	0.862917
19	4780000	4800000	4559	37	12289	4769	0.00811581	0.61445	0.955966
19	4800000	4820000	6798	49	13143	6895	0.007208	0.65715	0.985932
19	4820000	4840000	3681	26	15456	4713	0.0070633	0.7728	0.781031
19	4840000	4860000	3123	33	15518	4527	0.0105668	0.7759	0.689861
19	4860000	4880000	5896	31	13604	6126	0.0052578	0.6802	0.962455
19	4880000	4900000	3130	21	15365	3515	0.00670927	0.76825	0.890469
19	4900000	4920000	6985	48	11839	7038	0.00687187	0.59195	0.992469
19	4920000	4940000	7359	69	13467	7644	0.00937627	0.67335	0.962716
19	4940000	4960000	6469	59	11433	6974	0.00912042	0.57165	0.927588
19	4960000	4980000	7749	44	9391	8009	0.00567815	0.46955	0.967537
19	4980000	5000000	8889	72	12312	9391	0.0080999	0.6156	0.946545
19	5000000	5020000	9191	83	12384	9454	0.00903057	0.6192	0.972181
19	5020000	5040000	9418	86	6919	10879	0.00913145	0.34595	0.865705
19	5040000	5060000	10980	70	5297	11280	0.00637523	0.26485	0.973404
19	5060000	5080000	12636	104	2971	12870	0.00823045	0.14855	0.981818
19	5080000	5100000	12062	69	4942	12226	0.00572044	0.2471	0.986586
19	5100000	5120000	12883	87	4395	13039	0.00675309	0.21975	0.988036
19	5120000	5140000	13392	126	4142	13581	0.0094086	0.2071	0.986083
19	5140000	5160000	10825	101	5405	10965	0.00933025	0.27025	0.987232
19	5160000	5180000	4936	26	17369	4981	0.00526742	0.86845	0.990966
19	5180000	5200000	5075	56	15801	5243	0.0110345	0.79005	0.967957
19	5200000	5220000	11370	95	7759	11488	0.00835532	0.38795	0.989728
19	5220000	5240000	9934	73	9356	10128	0.0073485	0.4678	0.980845
19	5240000	5260000	10018	64	6293	10163	0.0063885	0.31465	0.985733
19	5260000	5280000	8345	74	9766	8450	0.00886759	0.4883	0.987574
19	5280000	5300000	10523	91	8896	10623	0.00864772	0.4448	0.990586
19	5300000	5320000	7341	64	14119	7753	0.00871816	0.70595	0.946859
19	5320000	5340000	9552	77	9099	9674	0.00806114	0.45495	0.987389
19	5340000	5360000	8390	66	12273	8483	0.00786651	0.61365	0.989037
19	5360000	5380000	7323	67	14692	7416	0.00914926	0.7346	0.98746
19	5380000	5400000	7767	39	13493	8319	0.00502124	0.67465	0.933646
19	5400000	5420000	5902	39	16317	6505	0.00660793	0.81585	0.907302
19	5420000	5440000	7498	44	13887	7680	0.00586823	0.69435	0.976302
19	5440000	5460000	9062	80	13864	9143	0.00882807	0.6932	0.991141
19	5460000	5480000	8461	67	14418	8546	0.00791869	0.7209	0.990054
19	5480000	5500000	8479	45	11843	9139	0.00530723	0.59215	0.927782
19	5500000	5520000	7739	59	14269	7824	0.00762372	0.71345	0.989136
19	5520000	5540000	6756	46	13921	7056	0.00680876	0.69605	0.957483
19	5540000	5560000	3038	23	14207	5704	0.00757077	0.71035	0.532609
19	5560000	5580000	6267	46	12217	8032	0.00734004	0.61085	0.780254
19	5580000	5600000	11119	80	6354	11221	0.00719489	0.3177	0.99091
19	5600000	5620000	10151	40	8262	10234	0.0039405	0.4131	0.99189
19	5620000	5640000	9559	47	8612	9635	0.00491683	0.4306	0.992112
19	5640000	5660000	7836	38	7239	8742	0.00484941	0.36195	0.896362
19	5660000	5680000	8524	36	7625	8726	0.00422337	0.38125	0.976851
19	5680000	5700000	9013	78	6583	9900	0.00865417	0.32915	0.910404
19	5700000	5720000	7658	58	10088	7828	0.00757378	0.5044	0.978283
19	5720000	5740000	3434	33	14515	4506	0.00960978	0.72575	0.762095
19	5740000	5760000	4026	43	14704	4445	0.0106806	0.7352	0.905737
19	5760000	5780000	3855	24	14500	4609	0.00622568	0.725	0.836407
19	5780000	5800000	7574	61	8939	9097	0.00805387	0.44695	0.832582
19	5800000	5820000	6454	43	9807	8653	0.00666253	0.49035	0.745868
19	5820000	5840000	8446	49	8117	8530	0.00580156	0.40585	0.990152
19	5840000	5860000	1928	15	14755	3099	0.00778008	0.73775	0.622136
19	5860000	5880000	5395	50	9493	6617	0.00926784	0.47465	0.815324
19	5880000	5900000	6853	45	10315	8704	0.00656647	0.51575	0.787339
19	5900000	5920000	8505	42	8341	8697	0.00493827	0.41705	0.977923
19	5920000	5940000	11817	80	5533	11920	0.00676991	0.27665	0.991359
19	5940000	5960000	13438	72	3065	13598	0.00535794	0.15325	0.988234
19	5960000	5980000	12731	63	7680	12835	0.00494855	0.384	0.991897
19	5980000	6000000	10176	68	9947	10418	0.00668239	0.49735	0.976771
19	6000000	6020000	10296	90	8344	10490	0.00874126	0.4172	0.981506
19	6020000	6040000	10256	65	11129	10584	0.00633775	0.55645	0.96901
19	6040000	6060000	10652	54	9823	10988	0.00506947	0.49115	0.969421
19	6060000	6080000	11333	58	7778	11858	0.0051178	0.3889	0.955726
19	6080000	6100000	8610	63	11139	8694	0.00731707	0.55695	0.990338
19	6100000	6120000	8781	70	10913	8950	0.00797176	0.54565	0.981117
19	6120000	6140000	6866	54	13812	7929	0.00786484	0.6906	0.865935
19	6140000	6160000	6778	59	14696	7679	0.00870463	0.7348	0.882667
19	6160000	6180000	6318	57	14307	8144	0.00902184	0.71535	0.775786
19	6180000	6200000	9189	71	11404	9393	0.00772663	0.5702	0.978282
19	6200000	6220000	9284	68	7889	9999	0.00732443	0.39445	0.928493
19	6220000	6240000	12645	105	3765	12864	0.00830368	0.18825	0.982976
19	6240000	6260000	10323	72	14247	10431	0.00697472	0.71235	0.989646
19	6260000	6280000	12254	98	5189	12366	0.00799739	0.25945	0.990943
19	6280000	6300000	4606	45	18260	4679	0.00976987	0.913	0.984398
19	6300000	6320000	6738	58	14153	6867	0.0086079	0.70765	0.981215
19	6320000	6340000	4989	36	16266	5054	0.00721587	0.8133	0.987139
19	6340000	6360000	4813	33	15394	5168	0.00685643	0.7697	0.931308
19	6360000	6380000	7466	47	11168	7684	0.0062952	0.5584	0.971629
19	6380000	6400000	6810	52	11666	6876	0.00763583	0.5833	0.990401
19	6400000	6420000	7113	46	9335	8207	0.00646703	0.46675	0.866699
19	6420000	6440000	6109	32	10503	6748	0.00523817	0.52515	0.905305
19	6440000	6460000	7168	40	10241	7955	0.00558036	0.51205	0.901069
19	6460000	6480000	6794	42	7958	8730	0.00618193	0.3979	0.778236
19	6480000	6500000	3987	22	14290	5005	0.00551793	0.7145	0.796603
19	6500000	6520000	4361	30	12145	6077	0.00687916	0.60725	0.717624
19	6520000	6540000	4662	37	12569	6279	0.00793651	0.62845	0.742475
19	6540000	6560000	5260	30	14909	5366	0.00570342	0.74545	0.980246
19	6560000	6580000	3969	31	16457	4809	0.00781053	0.82285	0.825328
19	6580000	6600000	4549	47	14728	5550	0.0103319	0.7364	0.81964
19	6600000	6620000	5534	40	16507	5589	0.00722804	0.82535	0.990159
19	6620000	6640000	4264	53	18576	4445	0.0124296	0.9288	0.95928
19	6640000	6660000	725	5	16931	6101	0.00689655	0.84655	0.118833
19	6660000	6680000	5562	47	11354	8338	0.0084502	0.5677	0.667066
19	6680000	6700000	9870	69	9830	10023	0.00699088	0.4915	0.984735
19	6700000	6720000	6756	66	10250	8104	0.00976909	0.5125	0.833662
19	6720000	6740000	8710	54	7801	9157	0.00619977	0.39005	0.951185
19	6740000	6760000	8860	46	8737	9000	0.00519187	0.43685	0.984444
19	6760000	6780000	7076	52	13285	7982	0.00734878	0.66425	0.886495
19	6780000	6800000	6213	53	16468	6510	0.0085305	0.8234	0.954378
19	6800000	6820000	7564	67	16338	7961	0.00885775	0.8169	0.950132
19	6820000	6840000	7734	45	11547	7834	0.00581846	0.57735	0.987235
19	6840000	6860000	6231	58	14840	6971	0.0093083	0.742	0.893846
19	6860000	6880000	6147	46	15784	6277	0.00748333	0.7892	0.979289
19	6880000	6900000	6835	50	13624	7537	0.00731529	0.6812	0.906859
19	6900000	6920000	8249	49	13605	9467	0.00594011	0.68025	0.871343
19	6920000	6940000	6752	43	13598	8198	0.00636848	0.6799	0.823616
19	6940000	6960000	7263	36	11545	9719	0.00495663	0.57725	0.747299
19	6960000	6980000	9664	68	12966	9910	0.00703642	0.6483	0.975177
19	6980000	7000000	9215	76	12423	9623	0.00824742	0.62115	0.957602
19	7000000	7020000	5687	55	10402	5763	0.00967118	0.5201	0.986812
19	7020000	7040000	0	0	11168	0		0.5584	
19	7040000	7060000	0	0	11978	0		0.5989	
19	7060000	7080000	5624	40	13759	5972	0.00711238	0.68795	0.941728
19	7080000	7100000	5437	48	11969	7810	0.0088284	0.59845	0.696159
19	7100000	7120000	7318	47	10082	8894	0.00642252	0.5041	0.822802
19	7120000	7140000	6584	41	12965	6856	0.00622722	0.64825	0.960327
19	7140000	7160000	6799	54	13309	7529	0.00794234	0.66545	0.903042
19	7160000	7180000	7262	59	13424	7324	0.00812448	0.6712	0.991535
19	7180000	7200000	6911	40	12743	7104	0.00578787	0.63715	0.972832
19	7200000	7220000	7977	58	11108	8106	0.0072709	0.5554	0.984086
19	7220000	7240000	7241	46	12048	7437	0.00635271	0.6024	0.973645
19	7240000	7260000	5797	41	13446	6365	0.00707262	0.6723	0.910762
19	7260000	7280000	3084	20	12689	7555	0.00648508	0.63445	0.408206
19	7280000	7300000	0	0	14336	5881		0.7168	0
19	7300000	7320000	0	0	11996	1005		0.5998	0
19	7320000	7340000	0	0	13785	0		0.68925	
19	7340000	7360000	0	0	3254	0		0.1627	
19	7360000	7380000	0	0	0	0		0	
19	7380000	7400000	0	0	2807	1457		0.14035	0
19	7400000	7420000	0	0	13889	7072		0.69445	0
19	7420000	7440000	3985	26	11653	8542	0.00652447	0.58265	0.466518
19	7440000	7460000	7719	64	11406	8017	0.00829123	0.5703	0.962829
19	7460000	7480000	5739	41	13621	6269	0.0071441	0.68105	0.915457
19	7480000	7500000	6327	42	11124	7460	0.00663822	0.5562	0.848123
19	7500000	7520000	5695	21	9667	6709	0.00368745	0.48335	0.84886
19	7520000	7540000	8197	75	8555	8395	0.00914969	0.42775	0.976415
19	7540000	7560000	8141	67	11057	8571	0.00822995	0.55285	0.949831
19	7560000	7580000	6885	44	11757	7812	0.0063907	0.58785	0.881336
19	7580000	7600000	9407	38	6070	9915	0.00403955	0.3035	0.948764
19	7600000	7620000	8390	57	7928	8819	0.0067938	0.3964	0.951355
19	7620000	7640000	5235	45	12605	6847	0.00859599	0.63025	0.764568
19	7640000	7660000	2801	37	15995	5058	0.0132096	0.79975	0.553776
19	7660000	7680000	6057	47	8679	8770	0.00775962	0.43395	0.69065
19	7680000	7700000	11592	92	2928	12383	0.00793651	0.1464	0.936122
19	7700000	7720000	8752	47	7431	9743	0.0053702	0.37155	0.898286
19	7720000	7740000	6198	55	12528	6593	0.00887383	0.6264	0.940088
19	7740000	7760000	7264	61	8119	8900	0.00839758	0.40595	0.81618
19	7760000	7780000	7662	79	10612	8636	0.0103106	0.5306	0.887216
19	7780000	7800000	2159	25	12912	6919	0.0115794	0.6456	0.312039
19	7800000	7820000	3192	28	12181	7103	0.00877193	0.60905	0.449388
19	7820000	7840000	5327	59	15067	6520	0.0110757	0.75335	0.817025
19	7840000	7860000	5968	56	14057	6092	0.00938338	0.70285	0.979645
19	7860000	7880000	4779	47	17427	4827	0.00983469	0.87135	0.990056
19	7880000	7900000	6949	44	12604	7287	0.00633185	0.6302	0.953616
19	7900000	7920000	9512	64	9378	9618	0.00672834	0.4689	0.988979
19	7920000	7940000	10990	65	3034	11057	0.00591447	0.1517	0.99394
19	7940000	7960000	3058	27	12825	4575	0.0088293	0.64125	0.668415
19	7960000	7980000	10050	56	5194	10170	0.00557214	0.2597	0.988201
19	7980000	8000000	10464	55	3409	10564	0.00525612	0.17045	0.990534
19	8000000	8020000	5150	33	14086	5250	0.00640777	0.7043	0.980952
19	8020000	8040000	11350	72	4144	11447	0.00634361	0.2072	0.991526
19	8040000	8060000	13004	66	8565	13110	0.00507536	0.42825	0.991915
19	8060000	8080000	5999	31	14376	6322	0.00516753	0.7188	0.948909
19	8080000	8100000	5214	51	15225	5272	0.00978136	0.76125	0.988998
19	8100000	8120000	6704	39	12923	6784	0.00581742	0.64615	0.988208
19	8120000	8140000	7761	46	12397	7855	0.00592707	0.61985	0.988033
19	8140000	8160000	8869	84	11320	8955	0.00947119	0.566	0.990396
19	8160000	8180000	8532	68	11537	8635	0.00797	0.57685	0.988072
19	8180000	8200000	7979	77	11602	8861	0.00965033	0.5801	0.900463
19	8200000	8220000	8267	73	7514	8731	0.00883029	0.3757	0.946856
19	8220000	8240000	3773	22	16396	4369	0.0058309	0.8198	0.863584
19	8240000	8260000	2482	19	16699	3827	0.00765512	0.83495	0.64855
19	8260000	8280000	5062	40	12759	6331	0.00790202	0.63795	0.799558
19	8280000	8300000	4891	41	15800	5158	0.00838274	0.79	0.948236
19	8300000	8320000	6409	42	12743	7051	0.00655328	0.63715	0.908949
19	8320000	8340000	6120	62	13668	6376	0.0101307	0.6834	0.959849
19	8340000	8360000	0	0	17460	0		0.873	
19	8360000	8380000	6002	48	11444	6161	0.00799733	0.5722	0.974193
19	8380000	8400000	7040	41	10971	7246	0.00582386	0.54855	0.971571
19	8400000	8420000	5152	49	13826	5312	0.00951087	0.6913	0.96988
19	8420000	8440000	5539	35	12739	6409	0.00631883	0.63695	0.864253
19	8440000	8460000	3594	29	14670	4085	0.008069	0.7335	0.879804
19	8460000	8480000	7433	40	12181	7943	0.00538141	0.60905	0.935793
19	8480000	8500000	2778	11	14889	4276	0.00395968	0.74445	0.649673
19	8500000	8520000	6079	45	11657	6886	0.00740253	0.58285	0.882806
19	8520000	8540000	11927	60	4111	12006	0.0050306	0.20555	0.99342
19	8540000	8560000	9316	73	6107	10611	0.00783598	0.30535	0.877957
19	8560000	8580000	7599	40	8561	8415	0.00526385	0.42805	0.90303
19	8580000	8600000	5105	25	11940	5678	0.00489716	0.597	0.899084
19	8600000	8620000	5547	35	12139	6562	0.00630972	0.60695	0.845322
19	8620000	8640000	3824	17	13638	5116	0.00444561	0.6819	0.747459
19	8640000	8660000	8369	42	8724	8620	0.00501852	0.4362	0.970882
19	8660000	8680000	7513	42	9496	8790	0.00559031	0.4748	0.854721
19	8680000	8700000	2267	20	4484	2465	0.00882223	0.2242	0.919675
19	8700000	8720000	0	0	0	0		0	
19	8720000	8740000	573	3	2443	577	0.0052356	0.12215	0.993068
19	8740000	8760000	5521	37	14631	6472	0.00670168	0.73155	0.853059
19	8760000	8780000	7339	40	13054	7958	0.00545033	0.6527	0.922217
19	8780000	8800000	9223	53	11335	9324	0.0057465	0.56675	0.989168
19	8800000	8820000	6912	35	12722	7021	0.00506366	0.6361	0.984475
19	8820000	8840000	8175	50	12867	8258	0.00611621	0.64335	0.989949
19	8840000	8860000	2226	12	11655	2236	0.00539084	0.58275	0.995528
19	8860000	8880000	0	0	7078	0		0.3539	
19	8880000	8900000	216	37	8517	228	0.171296	0.42585	0.947368
19	8900000	8920000	3873	36	15573	4265	0.00929512	0.77865	0.908089
19	8920000	8940000	8999	57	12101	9050	0.00633404	0.60505	0.994365
19	8940000	8960000	7519	49	12051	7597	0.00651682	0.60255	0.989733
19	8960000	8980000	8242	53	12828	10101	0.00643048	0.6414	0.815959
19	8980000	9000000	4790	42	10943	8859	0.00876827	0.54715	0.540693
19	9000000	9020000	1420	63	4303	7334	0.0443662	0.21515	0.193619
19	9020000	9040000	5222	50	10346	7437	0.00957488	0.5173	0.702165
19	9040000	9060000	9940	63	6441	10069	0.00633803	0.32205	0.987188
19	9060000	9080000	7167	56	1065	10322	0.00781359	0.05325	0.694342
19	9080000	9100000	8958	45	7118	11225	0.00502344	0.3559	0.79804
19	9100000	9120000	4329	37	14161	7116	0.00854701	0.70805	0.608347
19	9120000	9140000	5331	98	13555	6510	0.018383	0.67775	0.818894
19	9140000	9160000	5155	66	14862	6228	0.0128031	0.7431	0.827714
19	9160000	9180000	3255	50	16054	5038	0.015361	0.8027	0.64609
19	9180000	9200000	2976	37	14516	5166	0.0124328	0.7258	0.576074
19	9200000	9220000	0	0	13104	5651		0.6552	0
19	9220000	9240000	3622	31	12527	4684	0.00855881	0.62635	0.773271
19	9240000	9260000	6769	59	13186	6996	0.00871621	0.6593	0.967553
19	9260000	9280000	8000	62	9855	8070	0.00775	0.49275	0.991326
19	9280000	9300000	3751	31	12053	4563	0.00826446	0.60265	0.822047
19	9300000	9320000	6777	54	11150	7818	0.00796813	0.5575	0.866846
19	9320000	9340000	7541	64	12422	8105	0.00848694	0.6211	0.930413
19	9340000	9360000	3006	26	11924	7981	0.00864937	0.5962	0.376645
19	9360000	9380000	3294	19	10863	5657	0.00576806	0.54315	0.582287
19	9380000	9400000	7160	51	13187	7257	0.00712291	0.65935	0.986634
19	9400000	9420000	6524	29	12196	7804	0.00444513	0.6098	0.835982
19	9420000	9440000	3592	20	15313	3750	0.00556793	0.76565	0.957867
19	9440000	9460000	9140	53	11014	9240	0.00579869	0.5507	0.989177
19	9460000	9480000	6807	33	15024	6990	0.00484795	0.7512	0.97382
19	9480000	9500000	9350	38	14149	9479	0.00406417	0.70745	0.986391
19	9500000	9520000	5603	25	16811	5660	0.0044619	0.84055	0.989929
19	9520000	9540000	10206	47	11237	10271	0.00460513	0.56185	0.993672
19	9540000	9560000	7966	73	15494	8623	0.00916395	0.7747	0.923808
19	9560000	9580000	5795	60	15627	5845	0.0103538	0.78135	0.991446
19	9580000	9600000	7078	83	14221	7512	0.0117265	0.71105	0.942226
19	9600000	9620000	7121	43	16509	7172	0.00603848	0.82545	0.992889
19	9620000	9640000	6002	35	14032	6076	0.00583139	0.7016	0.987821
19	9640000	9660000	3880	18	14734	4170	0.00463918	0.7367	0.930456
19	9660000	9680000	6131	23	15831	6409	0.00375143	0.79155	0.956623
19	9680000	9700000	3918	34	17503	4197	0.0086779	0.87515	0.933524
19	9700000	9720000	893	45	18504	2275	0.0503919	0.9252	0.392527
19	9720000	9740000	484	14	14251	3857	0.0289256	0.71255	0.125486
19	9740000	9760000	239	4	17550	5913	0.0167364	0.8775	0.0404194
19	9760000	9780000	38	0	14546	2162	0	0.7273	0.0175763
19	9780000	9800000	60	0	16460	3566	0	0.823	0.0168256
19	9800000	9820000	0	0	14179	2620		0.70895	0
19	9820000	9840000	0	0	17908	3003		0.8954	0
19	9840000	9860000	0	0	16217	5190		0.81085	0
19	9860000	9880000	0	0	12662	5805		0.6331	0
19	9880000	9900000	0	0	15289	4656		0.76445	0
19	9900000	9920000	0	0	16460	5199		0.823	0
19	9920000	9940000	4676	34	12635	5339	0.00727117	0.63175	0.875819
19	9940000	9960000	10235	94	9282	10380	0.00918417	0.4641	0.986031
19	9960000	9980000	9392	69	9203	9464	0.00734668	0.46015	0.992392
19	9980000	10000000	6881	57	15663	6931	0.00828368	0.78315	0.992786
19	10000000	10020000	7672	69	12622	7804	0.00899374	0.6311	0.983086
19	10020000	10040000	7263	47	14504	7334	0.00647116	0.7252	0.990319
19	10040000	10060000	7731	37	13369	7943	0.00478593	0.66845	0.97331
19	10060000	10080000	6610	39	13059	6699	0.00590015	0.65295	0.986714
19	10080000	10100000	7683	46	8179	9084	0.00598724	0.40895	0.845773
19	10100000	10120000	9192	37	7986	9544	0.00402524	0.3993	0.963118
19	10120000	10140000	6335	30	12271	7416	0.0047356	0.61355	0.854234
19	10140000	10160000	8811	53	10970	10586	0.00601521	0.5485	0.832326
19	10160000	10180000	3070	16	12894	7254	0.00521173	0.6447	0.423215
19	10180000	10200000	6764	36	13364	7219	0.00532229	0.6682	0.936972
19	10200000	10220000	8224	54	9722	8541	0.00656615	0.4861	0.962885
19	10220000	10240000	8413	73	9441	8496	0.00867705	0.47205	0.990231
19	10240000	10260000	9488	59	7398	9547	0.00621838	0.3699	0.99382
19	10260000	10280000	8924	51	8305	8982	0.00571493	0.41525	0.993543
19	10280000	10300000	5907	33	12647	5954	0.00558659	0.63235	0.992106
19	10300000	10320000	5420	23	14989	5452	0.00424354	0.74945	0.994131
19	10320000	10340000	7312	44	12299	7353	0.00601751	0.61495	0.994424
19	10340000	10360000	5559	27	13935	5662	0.00485699	0.69675	0.981809
19	10360000	10380000	6386	24	12842	6523	0.00375822	0.6421	0.978997
19	10380000	10400000	7840	48	10174	8779	0.00612245	0.5087	0.89304
19	10400000	10420000	8721	39	8128	9247	0.00447196	0.4064	0.943117
19	10420000	10440000	8318	52	9189	9024	0.0062515	0.45945	0.921764
19	10440000	10460000	5859	20	11394	6509	0.00341355	0.5697	0.900138
19	10460000	10480000	2836	9	9255	8534	0.00317348	0.46275	0.332318
19	10480000	10500000	3058	26	15510	4049	0.00850229	0.7755	0.755248
19	10500000	10520000	8424	42	9435	8961	0.00498575	0.47175	0.940074
19	10520000	10540000	7461	32	10575	7686	0.00428897	0.52875	0.970726
19	10540000	10560000	5888	40	12685	6051	0.00679348	0.63425	0.973062
19	10560000	10580000	5636	32	9092	8147	0.00567779	0.4546	0.691788
19	10580000	10600000	4345	21	14581	4428	0.00483314	0.72905	0.981256
19	10600000	10620000	5261	28	14040	5356	0.00532218	0.702	0.982263
19	10620000	10640000	5524	23	13302	6817	0.00416365	0.6651	0.810327
19	10640000	10660000	4692	31	14538	5102	0.00660699	0.7269	0.919639
19	10660000	10680000	8148	38	8914	8530	0.00466372	0.4457	0.955217
19	10680000	10700000	5120	20	13446	5193	0.00390625	0.6723	0.985943
19	10700000	10720000	4605	20	13996	4736	0.00434311	0.6998	0.97234
19	10720000	10740000	4511	26	15258	4555	0.00576369	0.7629	0.99034
19	10740000	10760000	6958	36	10963	7375	0.0051739	0.54815	0.943458
19	10760000	10780000	6309	32	11929	6506	0.00507212	0.59645	0.96972
19	10780000	10800000	10964	47	4671	11035	0.00428676	0.23355	0.993566
19	10800000	10820000	3986	15	12008	8130	0.00376317	0.6004	0.490283
19	10820000	10840000	6486	18	11924	6993	0.00277521	0.5962	0.927499
19	10840000	10860000	7089	33	14061	7339	0.0046551	0.70305	0.965935
19	10860000	10880000	8115	49	9620	10415	0.0060382	0.481	0.779165
19	10880000	10900000	7577	49	10928	7647	0.00646694	0.5464	0.990846
19	10900000	10920000	9133	65	8848	9559	0.00711705	0.4424	0.955435
19	10920000	10940000	10167	43	8943	10261	0.00422937	0.44715	0.990839
19	10940000	10960000	7035	39	11610	7275	0.00554371	0.5805	0.96701
19	10960000	10980000	5184	26	15149	5724	0.00501543	0.75745	0.90566
19	10980000	11000000	7691	35	9948	8186	0.00455077	0.4974	0.939531
19	11000000	11020000	8799	50	10727	8929	0.00568246	0.53635	0.985441
19	11020000	11040000	8931	41	7041	10066	0.00459075	0.35205	0.887244
19	11040000	11060000	4186	27	15276	4357	0.00645007	0.7638	0.960753
19	11060000	11080000	4598	25	14163	4641	0.00543715	0.70815	0.990735
19	11080000	11100000	9421	50	10498	9538	0.00530729	0.5249	0.987733
19	11100000	11120000	7725	42	13459	7785	0.00543689	0.67295	0.992293
19	11120000	11140000	13348	81	6200	13485	0.00606832	0.31	0.989841
19	11140000	11160000	10457	74	10754	11073	0.0070766	0.5377	0.944369
19	11160000	11180000	9563	81	9320	9819	0.00847015	0.466	0.973928
19	11180000	11200000	3312	21	14975	4494	0.00634058	0.74875	0.736983
19	11200000	11220000	5166	33	11909	5702	0.00638792	0.59545	0.905998
19	11220000	11240000	5240	45	13272	5415	0.00858779	0.6636	0.967682
19	11240000	11260000	6634	51	11553	6707	0.00768767	0.57765	0.989116
19	11260000	11280000	5246	26	15116	5593	0.00495616	0.7558	0.937958
19	11280000	11300000	6180	49	12889	6854	0.0079288	0.64445	0.901663
19	11300000	11320000	8656	48	7895	8887	0.00554529	0.39475	0.974007
19	11320000	11340000	7151	47	12130	7343	0.00657251	0.6065	0.973853
19	11340000	11360000	10050	67	9346	10792	0.00666667	0.4673	0.931245
19	11360000	11380000	8205	50	11502	8326	0.00609385	0.5751	0.985467
19	11380000	11400000	3623	18	17236	4155	0.00496826	0.8618	0.871961
19	11400000	11420000	5968	36	12863	6117	0.00603217	0.64315	0.975642
19	11420000	11440000	5563	34	14284	6463	0.00611181	0.7142	0.860746
19	11440000	11460000	6593	34	11354	7008	0.00515698	0.5677	0.940782
19	11460000	11480000	7731	43	8071	9563	0.00556202	0.40355	0.808428
19	11480000	11500000	6948	28	11330	7290	0.00402994	0.5665	0.953086
19	11500000	11520000	6448	39	12124	6782	0.00604839	0.6062	0.950752
19	11520000	11540000	6170	46	12167	6979	0.00745543	0.60835	0.884081
19	11540000	11560000	8207	97	9801	8555	0.0118192	0.49005	0.959322
19	11560000	11580000	6145	80	9962	7191	0.0130187	0.4981	0.85454
19	11580000	11600000	7066	86	10776	7605	0.012171	0.5388	0.929126
19	11600000	11620000	8321	146	12793	8575	0.017546	0.63965	0.970379
19	11620000	11640000	3206	14	14701	4975	0.00436681	0.73505	0.644422
19	11640000	11660000	6844	41	13215	6941	0.00599065	0.66075	0.986025
19	11660000	11680000	6539	56	12626	8002	0.008564	0.6313	0.817171
19	11680000	11700000	6180	36	11622	6447	0.00582524	0.5811	0.958585
19	11700000	11720000	5873	37	14309	5956	0.00630002	0.71545	0.986064
19	11720000	11740000	4904	19	14908	5005	0.00387439	0.7454	0.97982
19	11740000	11760000	4895	32	15813	5143	0.00653728	0.79065	0.951779
19	11760000	11780000	6772	41	11421	7342	0.00605434	0.57105	0.922364
19	11780000	11800000	7607	40	13704	7818	0.00525831	0.6852	0.973011
19	11800000	11820000	6714	57	15664	7314	0.00848972	0.7832	0.917966
19	11820000	11840000	6864	43	13395	7273	0.00626457	0.66975	0.943765
19	11840000	11860000	5908	29	14674	7363	0.0049086	0.7337	0.80239
19	11860000	11880000	6672	49	13816	6823	0.00734412	0.6908	0.977869
19	11880000	11900000	5979	44	14563	6096	0.00735909	0.72815	0.980807
19	11900000	11920000	4550	34	14229	5497	0.00747253	0.71145	0.827724
19	11920000	11940000	3010	20	14621	3458	0.00664452	0.73105	0.870445
19	11940000	11960000	30	2	8799	1924	0.0666667	0.43995	0.0155925
19	11960000	11980000	0	0	15498	2641		0.7749	0
19	11980000	12000000	0	0	12034	3646		0.6017	0
19	12000000	12020000	0	0	14656	728		0.7328	0
19	12020000	12040000	0	0	12801	1638		0.64005	0
19	12040000	12060000	0	0	16191	1549		0.80955	0
19	12060000	12080000	0	0	10993	2893		0.54965	0
19	12080000	12100000	2509	15	11732	4107	0.00597848	0.5866	0.610908
19	12100000	12120000	4226	46	16448	4373	0.010885	0.8224	0.966385
19	12120000	12140000	3387	26	14187	4161	0.00767641	0.70935	0.813987
19	12140000	12160000	5270	29	13557	5369	0.00550285	0.67785	0.981561
19	12160000	12180000	4976	32	14678	5457	0.00643087	0.7339	0.911856
19	12180000	12200000	1506	10	11025	5664	0.00664011	0.55125	0.26589
19	12200000	12220000	0	0	13793	4871		0.68965	0
19	12220000	12240000	4417	23	11010	7595	0.00520715	0.5505	0.581567
19	12240000	12260000	6149	43	9241	6936	0.00699301	0.46205	0.886534
19	12260000	12280000	7956	44	11023	8037	0.00553042	0.55115	0.989922
19	12280000	12300000	6403	29	11385	7381	0.00452913	0.56925	0.867498
19	12300000	12320000	5490	83	11274	7019	0.0151184	0.5637	0.782163
19	12320000	12340000	0	0	18246	4161		0.9123	0
19	12340000	12360000	0	0	13177	7508		0.65885	0
19	12360000	12380000	3368	18	13517	7107	0.00534442	0.67585	0.473899
19	12380000	12400000	6903	46	13262	7004	0.00666377	0.6631	0.98558
19	12400000	12420000	5572	32	13250	6017	0.005743	0.6625	0.926043
19	12420000	12440000	6312	30	14149	6354	0.00475285	0.70745	0.99339
19	12440000	12460000	8019	41	14576	8106	0.00511286	0.7288	0.989267
19	12460000	12480000	5859	57	11875	5937	0.00972862	0.59375	0.986862
19	12480000	12500000	4984	43	12737	5598	0.00862761	0.63685	0.890318
19	12500000	12520000	30	0	13575	1845	0	0.67875	0.0162602
19	12520000	12540000	0	0	16464	6730		0.8232	0
19	12540000	12560000	0	0	13473	721		0.67365	0
19	12560000	12580000	934	2	12498	5245	0.00214133	0.6249	0.178074
19	12580000	12600000	7952	42	13487	8679	0.00528169	0.67435	0.916235
19	12600000	12620000	5659	28	12772	5811	0.00494787	0.6386	0.973843
19	12620000	12640000	6065	35	11519	6348	0.00577082	0.57595	0.955419
19	12640000	12660000	6662	48	16240	6785	0.00720504	0.812	0.981872
19	12660000	12680000	4451	27	12434	4737	0.00606605	0.6217	0.939624
19	12680000	12700000	7140	38	13939	7194	0.00532213	0.69695	0.992494
19	12700000	12720000	5543	39	17185	5615	0.0070359	0.85925	0.987177
19	12720000	12740000	4668	18	12422	4891	0.00385604	0.6211	0.954406
19	12740000	12760000	6405	31	10746	6792	0.00483997	0.5373	0.943021
19	12760000	12780000	8416	28	9380	8872	0.003327	0.469	0.948602
19	12780000	12800000	8188	39	10829	8632	0.00476307	0.54145	0.948563
19	12800000	12820000	9099	40	8500	9657	0.00439609	0.425	0.942218
19	12820000	12840000	6734	28	10742	7005	0.004158	0.5371	0.961313
19	12840000	12860000	7321	36	10848	7744	0.00491736	0.5424	0.945377
19	12860000	12880000	8648	37	8548	9144	0.00427845	0.4274	0.945757
19	12880000	12900000	6389	30	7690	8559	0.00469557	0.3845	0.746466
19	12900000	12920000	7486	46	7892	7693	0.0061448	0.3946	0.973092
19	12920000	12940000	4998	22	14656	5110	0.00440176	0.7328	0.978082
19	12940000	12960000	10822	37	7375	10904	0.00341896	0.36875	0.99248
19	12960000	12980000	7569	49	13024	7629	0.00647377	0.6512	0.992135
19	12980000	13000000	6647	26	9727	7818	0.00391154	0.48635	0.850217
19	13000000	13020000	7776	40	9725	7908	0.00514403	0.48625	0.983308
19	13020000	13040000	6923	40	13292	6986	0.00577784	0.6646	0.990982
19	13040000	13060000	8979	34	8491	9158	0.00378661	0.42455	0.980454
19	13060000	13080000	4865	16	14565	5214	0.0032888	0.72825	0.933065
19	13080000	13100000	3254	11	10682	6847	0.00338045	0.5341	0.475245
19	13100000	13120000	8921	39	6010	9736	0.00437171	0.3005	0.91629
19	13120000	13140000	11546	37	1189	11620	0.00320457	0.05945	0.993632
19	13140000	13160000	12721	49	5020	12901	0.0038519	0.251	0.986048
19	13160000	13180000	12089	52	2919	12160	0.00430143	0.14595	0.994161
19	13180000	13200000	11375	41	4418	12421	0.0036044	0.2209	0.915788
19	13200000	13220000	8551	28	4236	9257	0.00327447	0.2118	0.923733
19	13220000	13240000	8877	41	9756	9284	0.00461868	0.4878	0.956161
19	13240000	13260000	7209	30	9316	7511	0.00416146	0.4658	0.959792
19	13260000	13280000	6955	34	7306	7131	0.00488857	0.3653	0.975319
19	13280000	13300000	3630	25	15741	3670	0.00688705	0.78705	0.989101
19	13300000	13320000	2593	14	14177	3948	0.00539915	0.70885	0.656788
19	13320000	13340000	5990	37	10310	9221	0.00617696	0.5155	0.649604
19	13340000	13360000	8928	37	9888	9988	0.00414427	0.4944	0.893873
19	13360000	13380000	7018	36	12697	7970	0.00512967	0.63485	0.880552
19	13380000	13400000	8260	50	9175	10257	0.00605327	0.45875	0.805304
19	13400000	13420000	8992	47	12061	9306	0.00522687	0.60305	0.966258
19	13420000	13440000	7885	39	13190	8110	0.0049461	0.6595	0.972256
19	13440000	13460000	9174	66	13909	9255	0.00719424	0.69545	0.991248
19	13460000	13480000	10080	67	11892	10155	0.00664683	0.5946	0.992614
19	13480000	13500000	7365	62	15581	7462	0.00841819	0.77905	0.987001
19	13500000	13520000	8994	45	12578	9313	0.00500334	0.6289	0.965747
19	13520000	13540000	6600	29	14724	7334	0.00439394	0.7362	0.899918
19	13540000	13560000	8298	53	13771	8386	0.00638708	0.68855	0.989506
19	13560000	13580000	8975	65	12369	9054	0.00724234	0.61845	0.991275
19	13580000	13600000	11337	65	13613	11435	0.00573344	0.68065	0.99143
19	13600000	13620000	11849	85	8507	11949	0.0071736	0.42535	0.991631
19	13620000	13640000	8977	60	15268	9045	0.00668375	0.7634	0.992482
19	13640000	13660000	8327	60	13522	8406	0.00720548	0.6761	0.990602
19	13660000	13680000	8097	43	14274	8178	0.00531061	0.7137	0.990095
19	13680000	13700000	1826	17	14570	8062	0.00930997	0.7285	0.226495
19	13700000	13720000	0	0	14159	6771		0.70795	0
19	13720000	13740000	0	0	11385	7629		0.56925	0
19	13740000	13760000	0	0	15689	7903		0.78445	0
19	13760000	13780000	0	0	16484	5856		0.8242	0
19	13780000	13800000	0	0	15637	7364		0.78185	0
19	13800000	13820000	353	2	15087	6938	0.00566572	0.75435	0.0508792
19	13820000	13840000	5841	35	15407	5971	0.00599212	0.77035	0.978228
19	13840000	13860000	6002	37	14433	6204	0.00616461	0.72165	0.96744
19	13860000	13880000	8153	52	12319	8260	0.00637802	0.61595	0.987046
19	13880000	13900000	5796	34	13532	6329	0.00586611	0.6766	0.915784
19	13900000	13920000	1337	7	12988	5245	0.0052356	0.6494	0.254909
19	13920000	13940000	6059	27	12614	6350	0.00445618	0.6307	0.954173
19	13940000	13960000	8336	45	5987	8559	0.00539827	0.29935	0.973946
19	13960000	13980000	5753	32	12264	5818	0.00556232	0.6132	0.988828
19	13980000	14000000	8832	42	6260	9153	0.00475543	0.313	0.96493
19	14000000	14020000	6119	31	12064	6168	0.00506619	0.6032	0.992056
19	14020000	14040000	7435	61	12705	8734	0.00820444	0.63525	0.851271
19	14040000	14060000	5490	39	10904	7177	0.00710383	0.5452	0.764944
19	14060000	14080000	8762	55	5850	9645	0.00627711	0.2925	0.90845
19	14080000	14100000	9199	46	7574	9282	0.00500054	0.3787	0.991058
19	14100000	14120000	8074	44	10699	8198	0.00544959	0.53495	0.984874
19	14120000	14140000	3476	21	16994	3700	0.00604143	0.8497	0.939459
19	14140000	14160000	5042	30	14531	5210	0.00595002	0.72655	0.967754
19	14160000	14180000	5659	36	11011	7994	0.00636155	0.55055	0.707906
19	14180000	14200000	6880	26	8255	7223	0.00377907	0.41275	0.952513
19	14200000	14220000	7123	46	11422	7610	0.00645795	0.5711	0.936005
19	14220000	14240000	8686	35	8409	8861	0.00402947	0.42045	0.980251
19	14240000	14260000	7150	36	12383	7362	0.00503497	0.61915	0.971203
19	14260000	14280000	12436	54	2685	13099	0.00434223	0.13425	0.949385
19	14280000	14300000	6348	46	12413	6710	0.00724638	0.62065	0.946051
19	14300000	14320000	173	5	10619	602	0.0289017	0.53095	0.287375
19	14320000	14340000	161	4	14111	197	0.0248447	0.70555	0.817259
19	14340000	14360000	538	3	16263	818	0.00557621	0.81315	0.657702
19	14360000	14380000	3565	24	14246	3989	0.00673212	0.7123	0.893708
19	14380000	14400000	3004	18	15729	3039	0.00599201	0.78645	0.988483
19	14400000	14420000	3409	14	13480	3446	0.00410678	0.674	0.989263
19	14420000	14440000	4348	32	15557	5670	0.00735971	0.77785	0.766843
19	14440000	14460000	4925	36	14733	5420	0.00730964	0.73665	0.908672
19	14460000	14480000	4118	23	15500	4973	0.00558524	0.775	0.828072
19	14480000	14500000	1403	13	11546	4364	0.00926586	0.5773	0.321494
19	14500000	14520000	5817	45	9540	6886	0.00773595	0.477	0.844757
19	14520000	14540000	5775	31	11889	6916	0.00536797	0.59445	0.83502
19	14540000	14560000	6934	44	11177	7243	0.00634554	0.55885	0.957338
19	14560000	14580000	6314	30	13501	6386	0.00475135	0.67505	0.988725
19	14580000	14600000	6457	34	7653	8727	0.0052656	0.38265	0.739888
19	14600000	14620000	0	0	13585	5777		0.67925	0
19	14620000	14640000	3947	19	10043	6273	0.00481378	0.50215	0.629205
19	14640000	14660000	67	1	12475	6706	0.0149254	0.62375	0.00999105
19	14660000	14680000	3572	19	7388	6858	0.00531915	0.3694	0.520852
19	14680000	14700000	673	0	13343	4457	0	0.66715	0.150998
19	14700000	14720000	0	0	13158	5703		0.6579	0
19	14720000	14740000	1194	20	12652	6006	0.0167504	0.6326	0.198801
19	14740000	14760000	5588	55	14393	6687	0.00984252	0.71965	0.835651
19	14760000	14780000	5372	37	13566	5423	0.00688757	0.6783	0.990596
19	14780000	14800000	7483	55	14259	8832	0.00734999	0.71295	0.84726
19	14800000	14820000	7818	46	10450	7878	0.00588386	0.5225	0.992384
19	14820000	14840000	10177	60	12503	10311	0.00589565	0.62515	0.987004
19	14840000	14860000	6601	43	12938	7101	0.00651416	0.6469	0.929587
19	14860000	14880000	5661	43	13139	6355	0.00759583	0.65695	0.890795
19	14880000	14900000	3349	30	11070	3396	0.0089579	0.5535	0.98616
19	14900000	14920000	4990	20	13403	8376	0.00400802	0.67015	0.59575
19	14920000	14940000	0	0	12808	7460		0.6404	0
19	14940000	14960000	0	0	10908	8717		0.5454	0
19	14960000	14980000	0	0	9954	8710		0.4977	0
19	14980000	15000000	0	0	10719	8181		0.53595	0
19	15000000	15020000	0	0	8632	9688		0.4316	0
19	15020000	15040000	0	0	8621	8036		0.43105	0
19	15040000	15060000	0	0	13096	5346		0.6548	0
19	15060000	15080000	0	0	12650	8443		0.6325	0
19	15080000	15100000	6146	36	14222	7829	0.00585747	0.7111	0.78503
19	15100000	15120000	6996	53	15331	7258	0.00757576	0.76655	0.963902
19	15120000	15140000	6487	39	11551	8908	0.00601202	0.57755	0.728222
19	15140000	15160000	7894	45	13196	8266	0.00570053	0.6598	0.954996
19	15160000	15180000	9615	80	11553	9714	0.00832033	0.57765	0.989809
19	15180000	15200000	5794	58	14646	6254	0.0100104	0.7323	0.926447
19	15200000	15220000	7074	28	14202	7292	0.00395816	0.7101	0.970104
19	15220000	15240000	10888	59	7438	10989	0.00541881	0.3719	0.990809
19	15240000	15260000	8820	57	15160	8905	0.00646259	0.758	0.990455
19	15260000	15280000	10293	64	11735	10380	0.00621782	0.58675	0.991618
19	15280000	15300000	8805	33	9328	8902	0.00374787	0.4664	0.989104
19	15300000	15320000	6868	36	11840	6942	0.0052417	0.592	0.98934
19	15320000	15340000	6056	41	14096	6449	0.00677015	0.7048	0.93906
19	15340000	15360000	9167	52	4057	11308	0.00567252	0.20285	0.810665
19	15360000	15380000	12228	45	1761	14009	0.00368008	0.08805	0.872867
19	15380000	15400000	12526	75	5380	12634	0.00598755	0.269	0.991452
19	15400000	15420000	10346	64	9403	10422	0.00618597	0.47015	0.992708
19	15420000	15440000	9423	45	9369	9507	0.00477555	0.46845	0.991164
19	15440000	15460000	3628	15	14255	4017	0.00413451	0.71275	0.903162
19	15460000	15480000	6032	38	12073	6142	0.00629973	0.60365	0.982091
19	15480000	15500000	8385	38	9374	9369	0.0045319	0.4687	0.894973
19	15500000	15520000	7666	32	10002	9232	0.00417428	0.5001	0.830373
19	15520000	15540000	9760	49	6568	9839	0.00502049	0.3284	0.991971
19	15540000	15560000	11787	44	6245	12144	0.00373293	0.31225	0.970603
19	15560000	15580000	7026	28	8353	9186	0.0039852	0.41765	0.76486
19	15580000	15600000	5838	35	13018	6815	0.0059952	0.6509	0.85664
19	15600000	15620000	5274	28	15524	5351	0.00530906	0.7762	0.98561
19	15620000	15640000	6719	49	13480	6775	0.00729275	0.674	0.991734
19	15640000	15660000	9111	63	13052	9191	0.00691472	0.6526	0.991296
19	15660000	15680000	7707	72	10399	8591	0.00934216	0.51995	0.897102
19	15680000	15700000	2126	16	11975	9016	0.00752587	0.59875	0.235803
19	15700000	15720000	0	0	16192	4806		0.8096	0
19	15720000	15740000	5944	44	9394	10869	0.00740242	0.4697	0.546876
19	15740000	15760000	4149	101	11360	6969	0.0243432	0.568	0.595351
19	15760000	15780000	0	0	11448	7016		0.5724	0
19	15780000	15800000	0	0	8152	4897		0.4076	0
19	15800000	15820000	3741	46	15254	5208	0.0122962	0.7627	0.718318
19	15820000	15840000	7117	63	11827	7558	0.00885204	0.59135	0.941651
19	15840000	15860000	0	0	13008	8409		0.6504	0
19	15860000	15880000	0	0	13303	6989		0.66515	0
19	15880000	15900000	0	0	9922	6378		0.4961	0
19	15900000	15920000	0	0	11689	6819		0.58445	0
19	15920000	15940000	0	0	12568	9037		0.6284	0
19	15940000	15960000	0	0	14552	5401		0.7276	0
19	15960000	15980000	0	0	13973	6654		0.69865	0
19	15980000	16000000	0	0	13123	5554		0.65615	0
19	16000000	16020000	0	0	9783	5401		0.48915	0
19	16020000	16040000	0	0	8203	8736		0.41015	0
19	16040000	16060000	0	0	11023	7894		0.55115	0
19	16060000	16080000	8256	75	11820	8437	0.0090843	0.591	0.978547
19	16080000	16100000	7299	58	13263	7425	0.00794629	0.66315	0.98303
19	16100000	16120000	6857	85	15460	7239	0.0123961	0.773	0.94723
19	16120000	16140000	10171	86	7547	10288	0.00845541	0.37735	0.988628
19	16140000	16160000	8214	54	10893	8717	0.00657414	0.54465	0.942297
19	16160000	16180000	6557	48	13264	8001	0.00732042	0.6632	0.819523
19	16180000	16200000	7692	43	8772	8713	0.00559022	0.4386	0.882819
19	16200000	16220000	2424	17	11567	5747	0.0070132	0.57835	0.421785
19	16220000	16240000	6243	37	7815	9838	0.00592664	0.39075	0.63458
19	16240000	16260000	7584	57	12209	7781	0.00751582	0.61045	0.974682
19	16260000	16280000	6805	42	13509	6882	0.00617193	0.67545	0.988811
19	16280000	16300000	5979	63	14560	6023	0.0105369	0.728	0.992695
19	16300000	16320000	10562	73	8876	10727	0.00691157	0.4438	0.984618
19	16320000	16340000	8150	56	14187	8353	0.00687117	0.70935	0.975697
19	16340000	16360000	5834	44	12419	9043	0.007542	0.62095	0.64514
19	16360000	16380000	6038	33	11607	8644	0.00546539	0.58035	0.698519
19	16380000	16400000	6213	41	14496	6327	0.00659907	0.7248	0.981982
19	16400000	16420000	5128	50	14061	5647	0.00975039	0.70305	0.908093
19	16420000	16440000	6480	42	11676	6988	0.00648148	0.5838	0.927304
19	16440000	16460000	6665	49	13028	6779	0.00735184	0.6514	0.983183
19	16460000	16480000	9785	49	6270	9884	0.00500766	0.3135	0.989984
19	16480000	16500000	12500	54	4413	12587	0.00432	0.22065	0.993088
19	16500000	16520000	10896	73	8444	11007	0.00669971	0.4222	0.989916
19	16520000	16540000	9163	64	9504	9712	0.00698461	0.4752	0.943472
19	16540000	16560000	9555	62	9584	9745	0.00648875	0.4792	0.980503
19	16560000	16580000	8128	70	10951	8677	0.0086122	0.54755	0.936729
19	16580000	16600000	5324	108	13205	5604	0.0202855	0.66025	0.950036
19	16600000	16620000	4332	22	14733	4638	0.00507849	0.73665	0.934023
19	16620000	16640000	10109	50	6660	10673	0.00494609	0.333	0.947156
19	16640000	16660000	8117	44	8890	8702	0.00542072	0.4445	0.932774
19	16660000	16680000	7447	31	11826	7766	0.00416275	0.5913	0.958924
19	16680000	16700000	12908	81	3480	13016	0.00627518	0.174	0.991703
19	16700000	16720000	12461	67	6474	12834	0.00537678	0.3237	0.970937
19	16720000	16740000	12650	57	4163	12991	0.00450593	0.20815	0.973751
19	16740000	16760000	6346	39	12762	7443	0.0061456	0.6381	0.852613
19	16760000	16780000	7004	58	11760	7224	0.00828098	0.588	0.969546
19	16780000	16800000	6936	47	13438	7643	0.00677624	0.6719	0.907497
19	16800000	16820000	0	0	17154	4468		0.8577	0
19	16820000	16840000	321	10	15613	4916	0.0311526	0.78065	0.065297
19	16840000	16860000	3490	56	15063	5028	0.0160458	0.75315	0.694113
19	16860000	16880000	4181	35	13438	6549	0.0083712	0.6719	0.638418
19	16880000	16900000	951	10	15263	6437	0.0105152	0.76315	0.14774
19	16900000	16920000	5595	39	15735	5655	0.00697051	0.78675	0.98939
19	16920000	16940000	6026	44	15561	6083	0.00730169	0.77805	0.99063
19	16940000	16960000	9730	54	9357	9963	0.00554985	0.46785	0.976613
19	16960000	16980000	5557	52	8772	10325	0.00935757	0.4386	0.538208
19	16980000	17000000	9430	73	8313	9525	0.00774125	0.41565	0.990026
19	17000000	17020000	8800	60	7720	9074	0.00681818	0.386	0.969804
19	17020000	17040000	8555	55	11286	8647	0.00642899	0.5643	0.98936
19	17040000	17060000	8769	52	14060	8899	0.00592998	0.703	0.985392
19	17060000	17080000	4605	45	15375	5028	0.00977199	0.76875	0.915871
19	17080000	17100000	5581	40	13243	6118	0.00716717	0.66215	0.912226
19	17100000	17120000	3962	26	11689	6950	0.00656234	0.58445	0.570072
19	17120000	17140000	6768	50	11162	8484	0.00738771	0.5581	0.797737
19	17140000	17160000	4688	46	12220	6759	0.00981229	0.611	0.693594
19	17160000	17180000	8966	64	11324	9095	0.00713808	0.5662	0.985816
19	17180000	17200000	10183	84	8513	10284	0.00824904	0.42565	0.990179
19	17200000	17220000	7604	44	12995	8276	0.00578643	0.64975	0.918801
19	17220000	17240000	8835	70	9142	9336	0.00792303	0.4571	0.946337
19	17240000	17260000	4329	37	14444	5292	0.00854701	0.7222	0.818027
19	17260000	17280000	6687	44	12301	7064	0.00657993	0.61505	0.946631
19	17280000	17300000	7979	37	10087	8050	0.00463717	0.50435	0.99118
19	17300000	17320000	8162	32	9300	8356	0.00392061	0.465	0.976783
19	17320000	17340000	7415	38	9158	7821	0.00512475	0.4579	0.948088
19	17340000	17360000	8499	44	7469	8750	0.00517708	0.37345	0.971314
19	17360000	17380000	6911	48	11657	7536	0.00694545	0.58285	0.917065
19	17380000	17400000	7160	50	11542	7236	0.00698324	0.5771	0.989497
19	17400000	17420000	6134	32	10822	6375	0.00521682	0.5411	0.962196
19	17420000	17440000	9034	48	7568	9316	0.00531326	0.3784	0.969729
19	17440000	17460000	6531	38	8256	8632	0.0058184	0.4128	0.756603
19	17460000	17480000	6116	40	12451	7375	0.00654022	0.62255	0.829288
19	17480000	17500000	4827	26	13933	5196	0.00538637	0.69665	0.928984
19	17500000	17520000	6504	48	10429	6984	0.00738007	0.52145	0.931271
19	17520000	17540000	5143	28	13319	5386	0.00544429	0.66595	0.954883
19	17540000	17560000	4172	42	13839	6381	0.0100671	0.69195	0.653816
19	17560000	17580000	4890	33	14027	6162	0.00674847	0.70135	0.793574
19	17580000	17600000	5544	38	11090	6518	0.00685426	0.5545	0.850568
19	17600000	17620000	6950	49	12408	7001	0.00705036	0.6204	0.992715
19	17620000	17640000	7434	53	12652	7540	0.00712941	0.6326	0.985942
19	17640000	17660000	4840	38	12275	8257	0.00785124	0.61375	0.586169
19	17660000	17680000	264	0	13638	6498	0	0.6819	0.0406279
19	17680000	17700000	2760	30	12439	6966	0.0108696	0.62195	0.39621
19	17700000	17720000	5332	28	12532	6269	0.00525131	0.6266	0.850534
19	17720000	17740000	6219	59	8291	10659	0.00948706	0.41455	0.583451
19	17740000	17760000	6518	40	9828	9040	0.00613685	0.4914	0.721018
19	17760000	17780000	8053	39	11334	8170	0.00484292	0.5667	0.985679
19	17780000	17800000	9148	37	9612	9547	0.0040446	0.4806	0.958207
19	17800000	17820000	4888	29	15110	6158	0.0059329	0.7555	0.793764
19	17820000	17840000	5786	29	11434	7898	0.0050121	0.5717	0.732591
19	17840000	17860000	7372	45	14432	7528	0.00610418	0.7216	0.979277
19	17860000	17880000	8356	34	11950	8443	0.00406893	0.5975	0.989696
19	17880000	17900000	9407	71	9704	9495	0.00754757	0.4852	0.990732
19	17900000	17920000	7957	51	11824	8100	0.00640945	0.5912	0.982346
19	17920000	17940000	6711	45	12841	7370	0.00670541	0.64205	0.910583
19	17940000	17960000	9530	46	9335	9588	0.00482686	0.46675	0.993951
19	17960000	17980000	7497	83	10425	7731	0.0110711	0.52125	0.969732
19	17980000	18000000	6833	23	12545	6892	0.00336602	0.62725	0.991439
19	18000000	18020000	4158	25	16532	4456	0.00601251	0.8266	0.933124
19	18020000	18040000	4360	26	16298	4531	0.0059633	0.8149	0.96226
19	18040000	18060000	7784	56	11098	7858	0.00719424	0.5549	0.990583
19	18060000	18080000	7584	47	9548	8418	0.00619726	0.4774	0.900927
19	18080000	18100000	5362	36	10674	7670	0.00671391	0.5337	0.699087
19	18100000	18120000	6519	32	10655	6622	0.00490873	0.53275	0.984446
19	18120000	18140000	7781	44	12734	8305	0.0056548	0.6367	0.936905
19	18140000	18160000	4538	27	11763	5631	0.00594976	0.58815	0.805896
19	18160000	18180000	6063	33	13615	6661	0.00544285	0.68075	0.910224
19	18180000	18200000	6343	51	12584	7077	0.00804036	0.6292	0.896284
19	18200000	18220000	7223	39	12351	7852	0.00539942	0.61755	0.919893
19	18220000	18240000	8822	40	8882	9786	0.00453412	0.4441	0.901492
19	18240000	18260000	7784	46	11288	7860	0.00590956	0.5644	0.990331
19	18260000	18280000	8005	59	8135	9288	0.00737039	0.40675	0.861865
19	18280000	18300000	6399	35	12791	6980	0.0054696	0.63955	0.916762
19	18300000	18320000	6997	31	9142	7309	0.00443047	0.4571	0.957313
19	18320000	18340000	7282	34	8806	9189	0.00466905	0.4403	0.792469
19	18340000	18360000	7789	35	12492	7853	0.00449352	0.6246	0.99185
19	18360000	18380000	10651	88	4925	10780	0.00826214	0.24625	0.988033
19	18380000	18400000	6335	33	11060	6746	0.00520916	0.553	0.939075
19	18400000	18420000	4622	29	8901	8339	0.00627434	0.44505	0.554263
19	18420000	18440000	5023	42	11158	8572	0.00836154	0.5579	0.585978
19	18440000	18460000	6218	27	12332	6272	0.00434223	0.6166	0.99139
19	18460000	18480000	5602	25	13394	6158	0.00446269	0.6697	0.909711
19	18480000	18500000	7258	41	12142	7327	0.00564894	0.6071	0.990583
19	18500000	18520000	7079	48	12156	7146	0.00678062	0.6078	0.990624
19	18520000	18540000	8526	41	6283	9170	0.00480882	0.31415	0.929771
19	18540000	18560000	7237	33	2515	10344	0.0045599	0.12575	0.699633
19	18560000	18580000	9802	58	5533	10870	0.00591716	0.27665	0.901748
19	18580000	18600000	12776	61	7301	12881	0.00477458	0.36505	0.991848
19	18600000	18620000	12923	75	5881	13042	0.00580361	0.29405	0.990876
19	18620000	18640000	5431	31	10652	7091	0.00570797	0.5326	0.7659
19	18640000	18660000	6550	37	11469	7035	0.00564885	0.57345	0.931059
19	18660000	18680000	4382	28	13698	5269	0.00638978	0.6849	0.831657
19	18680000	18700000	6395	34	12750	6531	0.00531665	0.6375	0.979176
19	18700000	18720000	9166	53	6897	9723	0.00578224	0.34485	0.942713
19	18720000	18740000	7595	39	10233	7783	0.00513496	0.51165	0.975845
19	18740000	18760000	5917	36	11148	8437	0.00608416	0.5574	0.701316
19	18760000	18780000	7946	38	5880	11454	0.00478228	0.294	0.693731
19	18780000	18800000	7824	44	9950	8122	0.00562372	0.4975	0.96331
19	18800000	18820000	6349	35	12649	6552	0.00551268	0.63245	0.969017
19	18820000	18840000	10173	82	10163	10420	0.00806055	0.50815	0.976296
19	18840000	18860000	11363	68	7187	11522	0.00598434	0.35935	0.9862
19	18860000	18880000	9085	32	7821	9338	0.00352229	0.39105	0.972906
19	18880000	18900000	12528	63	2679	12916	0.00502874	0.13395	0.96996
19	18900000	18920000	7693	35	10780	8507	0.00454959	0.539	0.904314
19	18920000	18940000	4035	28	17172	4278	0.00693928	0.8586	0.943198
19	18940000	18960000	9979	49	6940	10244	0.00491031	0.347	0.974131
19	18960000	18980000	11952	63	2403	13378	0.00527108	0.12015	0.893407
19	18980000	19000000	6944	46	11442	8048	0.00662442	0.5721	0.862823
19	19000000	19020000	9702	57	6260	10119	0.00587508	0.313	0.95879
19	19020000	19040000	9147	49	8924	9208	0.00535695	0.4462	0.993375
19	19040000	19060000	8129	44	9871	8308	0.00541272	0.49355	0.978455
19	19060000	19080000	3941	21	14699	4985	0.0053286	0.73495	0.790572
19	19080000	19100000	5746	19	13606	5870	0.00330665	0.6803	0.978876
19	19100000	19120000	7992	31	7178	10987	0.00387888	0.3589	0.727405
19	19120000	19140000	9361	30	11373	9432	0.00320479	0.56865	0.992472
19	19140000	19160000	6748	31	13079	7030	0.00459395	0.65395	0.959886
19	19160000	19180000	10984	52	7222	11055	0.00473416	0.3611	0.993578
19	19180000	19200000	7705	29	12786	7840	0.00376379	0.6393	0.982781
19	19200000	19220000	9057	50	9749	9121	0.00552059	0.48745	0.992983
19	19220000	19240000	7901	30	11816	8063	0.00379699	0.5908	0.979908
19	19240000	19260000	8353	37	8488	9302	0.00442955	0.4244	0.897979
19	19260000	19280000	7786	42	12023	7833	0.0053943	0.60115	0.994
19	19280000	19300000	8850	49	10767	8937	0.00553672	0.53835	0.990265
19	19300000	19320000	8379	48	10346	8434	0.00572861	0.5173	0.993479
19	19320000	19340000	9290	45	9435	9476	0.00484392	0.47175	0.980371
19	19340000	19360000	5730	29	13429	6278	0.00506108	0.67145	0.912711
19	19360000	19380000	9846	36	8809	10702	0.00365631	0.44045	0.920015
19	19380000	19400000	9417	48	8662	9970	0.00509716	0.4331	0.944534
19	19400000	19420000	8480	45	10566	8647	0.0053066	0.5283	0.980687
19	19420000	19440000	6133	22	12317	6176	0.00358715	0.61585	0.993038
19	19440000	19460000	11603	63	5061	11731	0.00542963	0.25305	0.989089
19	19460000	19480000	8355	42	9735	8490	0.00502693	0.48675	0.984099
19	19480000	19500000	5051	20	12156	5259	0.00395961	0.6078	0.960449
19	19500000	19520000	8112	26	8259	8202	0.00320513	0.41295	0.989027
19	19520000	19540000	9965	47	7715	10050	0.00471651	0.38575	0.991542
19	19540000	19560000	10444	53	9723	10779	0.00507468	0.48615	0.968921
19	19560000	19580000	12106	53	6881	12190	0.00437799	0.34405	0.993109
19	19580000	19600000	11302	65	8744	11513	0.00575119	0.4372	0.981673
19	19600000	19620000	12776	60	2592	12880	0.00469631	0.1296	0.991925
19	19620000	19640000	8591	43	9937	8692	0.00500524	0.49685	0.98838
19	19640000	19660000	13338	72	3166	13455	0.00539811	0.1583	0.991304
19	19660000	19680000	9726	53	7362	9809	0.00544931	0.3681	0.991538
19	19680000	19700000	7758	42	10460	7801	0.00541377	0.523	0.994488
19	19700000	19720000	7646	33	13155	8212	0.00431598	0.65775	0.931076
19	19720000	19740000	6956	38	9974	7005	0.00546291	0.4987	0.993005
19	19740000	19760000	10122	33	6790	10194	0.00326023	0.3395	0.992937
19	19760000	19780000	10725	40	6388	10824	0.0037296	0.3194	0.990854
19	19780000	19800000	4752	20	14553	4782	0.00420875	0.72765	0.993726
19	19800000	19820000	5094	26	16552	5145	0.00510404	0.8276	0.990087
19	19820000	19840000	5000	16	13388	5050	0.0032	0.6694	0.990099
19	19840000	19860000	9972	55	7137	10212	0.00551544	0.35685	0.976498
19	19860000	19880000	7222	59	14004	9036	0.00816948	0.7002	0.799247
19	19880000	19900000	4283	39	13810	4330	0.00910577	0.6905	0.989145
19	19900000	19920000	710	9	12344	1951	0.0126761	0.6172	0.363916
19	19920000	19940000	1376	16	11509	1541	0.0116279	0.57545	0.892927
19	19940000	19960000	0	0	11083	2311		0.55415	0
19	19960000	19980000	0	0	12201	2848		0.61005	0
19	19980000	20000000	0	0	11930	2040		0.5965	0
19	20000000	20020000	0	0	12351	3141		0.61755	0
19	20020000	20040000	0	0	13463	1869		0.67315	0
19	20040000	20060000	0	0	13093	5095		0.65465	0
19	20060000	20080000	0	0	16818	3410		0.8409	0
19	20080000	20100000	0	0	16457	3138		0.82285	0
19	20100000	20120000	0	0	11740	8144		0.587	0
19	20120000	20140000	0	0	15447	7354		0.77235	0
19	20140000	20160000	0	0	10225	7939		0.51125	0
19	20160000	20180000	0	0	13238	2695		0.6619	0
19	20180000	20200000	0	0	16072	2525		0.8036	0
19	20200000	20220000	0	0	15373	1757		0.76865	0
19	20220000	20240000	660	14	9812	3347	0.0212121	0.4906	0.197192
19	20240000	20260000	2069	43	12281	2287	0.020783	0.61405	0.904679
19	20260000	20280000	1282	13	18044	1310	0.0101404	0.9022	0.978626
19	20280000	20300000	2144	26	12455	2285	0.0121269	0.62275	0.938293
19	20300000	20320000	2350	34	13115	2478	0.0144681	0.65575	0.948345
19	20320000	20340000	2108	32	13425	2153	0.0151803	0.67125	0.979099
19	20340000	20360000	3335	40	16064	3380	0.011994	0.8032	0.986686
19	20360000	20380000	1607	29	12066	1632	0.018046	0.6033	0.984681
19	20380000	20400000	1227	17	16822	1650	0.0138549	0.8411	0.743636
19	20400000	20420000	643	61	10765	1687	0.0948678	0.53825	0.38115
19	20420000	20440000	605	18	11929	3269	0.0297521	0.59645	0.185072
19	20440000	20460000	1667	36	13395	2852	0.0215957	0.66975	0.584502
19	20460000	20480000	2537	56	16792	3354	0.0220733	0.8396	0.75641
19	20480000	20500000	2044	67	14203	2275	0.0327789	0.71015	0.898462
19	20500000	20520000	328	9	12353	513	0.027439	0.61765	0.639376
19	20520000	20540000	0	0	1465	0		0.07325	
19	20540000	20560000	0	0	0	0		0	
19	20560000	20580000	0	0	2218	0		0.1109	
19	20580000	20600000	0	0	12946	810		0.6473	0
19	20600000	20620000	0	0	17152	2589		0.8576	0
19	20620000	20640000	0	0	13433	2702		0.67165	0
19	20640000	20660000	0	0	15249	3389		0.76245	0
19	20660000	20680000	0	0	17906	1449		0.8953	0
19	20680000	20700000	0	0	18880	1967		0.944	0
19	20700000	20720000	0	0	15693	1654		0.78465	0
19	20720000	20740000	0	0	9735	2104		0.48675	0
19	20740000	20760000	0	0	16795	1527		0.83975	0
19	20760000	20780000	0	0	14353	1991		0.71765	0
19	20780000	20800000	0	0	12362	4106		0.6181	0
19	20800000	20820000	0	0	13119	1807		0.65595	0
19	20820000	20840000	980	9	12887	2338	0.00918367	0.64435	0.419162
19	20840000	20860000	2703	39	12864	2740	0.0144284	0.6432	0.986496
19	20860000	20880000	1922	31	13788	2367	0.016129	0.6894	0.811998
19	20880000	20900000	2893	50	8172	3551	0.0172831	0.4086	0.8147
19	20900000	20920000	0	0	16103	3123		0.80515	0
19	20920000	20940000	0	0	17119	1120		0.85595	0
19	20940000	20960000	0	0	16294	2463		0.8147	0
19	20960000	20980000	0	0	11279	1826		0.56395	0
19	20980000	21000000	0	0	14113	1692		0.70565	0
19	21000000	21020000	0	0	14059	2278		0.70295	0
19	21020000	21040000	0	0	14886	1423		0.7443	0
19	21040000	21060000	0	0	7089	1812		0.35445	0
19	21060000	21080000	0	0	2974	29		0.1487	0
19	21080000	21100000	0	0	1123	513		0.05615	0
19	21100000	21120000	0	0	11785	3904		0.58925	0
19	21120000	21140000	0	0	11901	5103		0.59505	0
19	21140000	21160000	0	0	15448	7517		0.7724	0
19	21160000	21180000	0	0	13018	6261		0.6509	0
19	21180000	21200000	0	0	17531	2834		0.87655	0
19	21200000	21220000	0	0	10801	3668		0.54005	0
19	21220000	21240000	0	0	17203	3432		0.86015	0
19	21240000	21260000	0	0	14613	4648		0.73065	0
19	21260000	21280000	0	0	14114	3965		0.7057	0
19	21280000	21300000	0	0	15701	2820		0.78505	0
19	21300000	21320000	0	0	12876	2719		0.6438	0
19	21320000	21340000	0	0	14194	3489		0.7097	0
19	21340000	21360000	974	12	13533	2474	0.0123203	0.67665	0.393694
19	21360000	21380000	3751	47	12078	3793	0.01253	0.6039	0.988927
19	21380000	21400000	4657	65	15230	4716	0.0139575	0.7615	0.987489
19	21400000	21420000	4209	38	14004	4290	0.00902827	0.7002	0.981119
19	21420000	21440000	2873	30	13857	4112	0.010442	0.69285	0.698687
19	21440000	21460000	2324	21	17368	3004	0.00903614	0.8684	0.773635
19	21460000	21480000	4728	62	13428	5109	0.0131134	0.6714	0.925426
19	21480000	21500000	4334	47	13964	4504	0.0108445	0.6982	0.962256
19	21500000	21520000	422	5	13886	4023	0.0118483	0.6943	0.104897
19	21520000	21540000	0	0	19440	2446		0.972	0
19	21540000	21560000	0	0	11078	2977		0.5539	0
19	21560000	21580000	0	0	9742	4135		0.4871	0
19	21580000	21600000	0	0	13157	2464		0.65785	0
19	21600000	21620000	0	0	12829	4762		0.64145	0
19	21620000	21640000	0	0	14201	4010		0.71005	0
19	21640000	21660000	1737	12	11028	5155	0.00690846	0.5514	0.336954
19	21660000	21680000	4630	21	17512	6105	0.00453564	0.8756	0.758395
19	21680000	21700000	2771	17	15361	5082	0.00613497	0.76805	0.545258
19	21700000	21720000	0	0	11411	5185		0.57055	0
19	21720000	21740000	0	0	14034	3151		0.7017	0
19	21740000	21760000	0	0	13723	5501		0.68615	0
19	21760000	21780000	0	0	12269	9329		0.61345	0
19	21780000	21800000	0	0	17151	3881		0.85755	0
19	21800000	21820000	0	0	17900	2766		0.895	0
19	21820000	21840000	0	0	14473	1454		0.72365	0
19	21840000	21860000	0	0	14492	2142		0.7246	0
19	21860000	21880000	0	0	17365	4609		0.86825	0
19	21880000	21900000	0	0	10891	3712		0.54455	0
19	21900000	21920000	0	0	13202	2340		0.6601	0
19	21920000	21940000	314	3	12127	2697	0.00955414	0.60635	0.116426
19	21940000	21960000	4071	40	15392	4104	0.0098256	0.7696	0.991959
19	21960000	21980000	7511	45	13724	7582	0.00599121	0.6862	0.990636
19	21980000	22000000	6080	41	9247	6138	0.00674342	0.46235	0.990551
19	22000000	22020000	3880	37	12234	3966	0.00953608	0.6117	0.978316
19	22020000	22040000	6453	33	16497	6882	0.0051139	0.82485	0.937663
19	22040000	22060000	1922	21	13749	3105	0.0109261	0.68745	0.619002
19	22060000	22080000	3290	24	19414	3796	0.00729483	0.9707	0.866702
19	22080000	22100000	6722	72	19475	8773	0.0107111	0.97375	0.766215
19	22100000	22120000	5183	63	19417	5241	0.0121551	0.97085	0.988933
19	22120000	22140000	2302	20	14012	2333	0.0086881	0.7006	0.986712
19	22140000	22160000	741	14	8436	2001	0.0188934	0.4218	0.370315
19	22160000	22180000	0	0	15088	1223		0.7544	0
19	22180000	22200000	0	0	14797	794		0.73985	0
19	22200000	22220000	0	0	19098	1677		0.9549	0
19	22220000	22240000	0	0	16898	6116		0.8449	0
19	22240000	22260000	2553	17	11616	6118	0.00665883	0.5808	0.417293
19	22260000	22280000	6175	48	11614	6251	0.00777328	0.5807	0.987842
19	22280000	22300000	693	4	12496	1411	0.00577201	0.6248	0.491141
19	22300000	22320000	0	0	11917	0		0.59585	
19	22320000	22340000	0	0	14989	0		0.74945	
19	22340000	22360000	2239	22	13194	2262	0.00982582	0.6597	0.989832
19	22360000	22380000	2194	20	14010	2206	0.00911577	0.7005	0.99456
19	22380000	22400000	1367	11	11360	1390	0.00804682	0.568	0.983453
19	22400000	22420000	2537	26	17006	2564	0.0102483	0.8503	0.98947
19	22420000	22440000	1687	26	19719	1757	0.015412	0.98595	0.960159
19	22440000	22460000	3158	43	16598	3288	0.0136162	0.8299	0.960462
19	22460000	22480000	2859	30	15029	2882	0.0104932	0.75145	0.992019
19	22480000	22500000	2385	27	10236	2411	0.0113208	0.5118	0.989216
19	22500000	22520000	5112	53	17329	5157	0.0103678	0.86645	0.991274
19	22520000	22540000	3422	69	18074	3460	0.0201636	0.9037	0.989017
19	22540000	22560000	2521	29	12041	2829	0.0115034	0.60205	0.891128
19	22560000	22580000	0	0	14440	51		0.722	0
19	22580000	22600000	0	0	16117	903		0.80585	0
19	22600000	22620000	0	0	11340	5042		0.567	0
19	22620000	22640000	0	0	14414	3043		0.7207	0
19	22640000	22660000	4239	31	8092	6765	0.00731305	0.4046	0.626608
19	22660000	22680000	8098	72	15821	8347	0.00889108	0.79105	0.970169
19	22680000	22700000	0	0	7561	7008		0.37805	0
19	22700000	22720000	4323	36	10354	5485	0.00832755	0.5177	0.788149
19	22720000	22740000	8145	71	12168	8216	0.008717	0.6084	0.991358
19	22740000	22760000	2527	14	15773	2545	0.00554017	0.78865	0.992927
19	22760000	22780000	5274	33	10818	6554	0.00625711	0.5409	0.804699
19	22780000	22800000	8057	87	3444	8126	0.0107981	0.1722	0.991509
19	22800000	22820000	5119	32	8773	5225	0.00625122	0.43865	0.979713
19	22820000	22840000	1027	6	16339	1145	0.00584226	0.81695	0.896943
19	22840000	22860000	0	0	13315	62		0.66575	0
19	22860000	22880000	0	0	12064	2610		0.6032	0
19	22880000	22900000	337	6	12023	1575	0.0178042	0.60115	0.213968
19	22900000	22920000	3252	57	19345	3316	0.0175277	0.96725	0.9807
19	22920000	22940000	3372	30	13381	3535	0.0088968	0.66905	0.95389
19	22940000	22960000	1683	32	13488	2069	0.0190137	0.6744	0.813436
19	22960000	22980000	0	0	15095	1987		0.75475	0
19	22980000	23000000	0	0	15626	5527		0.7813	0
19	23000000	23020000	0	0	16521	8432		0.82605	0
19	23020000	23040000	0	0	11827	4701		0.59135	0
19	23040000	23060000	0	0	13496	5347		0.6748	0
19	23060000	23080000	0	0	16411	8015		0.82055	0
19	23080000	23100000	0	0	8053	7290		0.40265	0
19	23100000	23120000	0	0	19273	2839		0.96365	0
19	23120000	23140000	0	0	16279	2330		0.81395	0
19	23140000	23160000	0	0	9445	2839		0.47225	0
19	23160000	23180000	0	0	12399	1591		0.61995	0
19	23180000	23200000	0	0	16516	1835		0.8258	0
19	23200000	23220000	0	0	18682	3061		0.9341	0
19	23220000	23240000	0	0	17651	7854		0.88255	0
19	23240000	23260000	0	0	15337	7027		0.76685	0
19	23260000	23280000	0	0	18509	3652		0.92545	0
19	23280000	23300000	0	0	17360	6849		0.868	0
19	23300000	23320000	0	0	9431	5361		0.47155	0
19	23320000	23340000	0	0	14024	5205		0.7012	0
19	23340000	23360000	0	0	18461	3139		0.92305	0
19	23360000	23380000	0	0	17386	3785		0.8693	0
19	23380000	23400000	0	0	11354	5867		0.5677	0
19	23400000	23420000	0	0	10104	4782		0.5052	0
19	23420000	23440000	0	0	14227	5082		0.71135	0
19	23440000	23460000	0	0	15197	3951		0.75985	0
19	23460000	23480000	0	0	11484	2955		0.5742	0
19	23480000	23500000	0	0	17905	6473		0.89525	0
19	23500000	23520000	2707	28	11357	3675	0.0103436	0.56785	0.736599
19	23520000	23540000	3082	21	17399	3323	0.00681376	0.86995	0.927475
19	23540000	23560000	2962	28	8957	2985	0.00945307	0.44785	0.992295
19	23560000	23580000	1730	11	11650	3722	0.00635838	0.5825	0.464804
19	23580000	23600000	0	0	15846	4506		0.7923	0
19	23600000	23620000	0	0	13275	2742		0.66375	0
19	23620000	23640000	0	0	11269	4283		0.56345	0
19	23640000	23660000	0	0	14835	3248		0.74175	0
19	23660000	23680000	3198	59	12602	4007	0.018449	0.6301	0.798103
19	23680000	23700000	4352	49	13499	4415	0.0112592	0.67495	0.98573
19	23700000	23720000	4714	39	18292	4741	0.00827323	0.9146	0.994305
19	23720000	23740000	4032	46	19209	4203	0.0114087	0.96045	0.959315
19	23740000	23760000	4748	45	18025	4944	0.00947767	0.90125	0.960356
19	23760000	23780000	6064	47	14599	6120	0.00775066	0.72995	0.99085
19	23780000	23800000	4140	40	15922	4180	0.00966184	0.7961	0.990431
19	23800000	23820000	4458	34	14606	4507	0.00762674	0.7303	0.989128
19	23820000	23840000	4076	20	13800	4164	0.00490677	0.69	0.978866
19	23840000	23860000	4760	34	15246	4805	0.00714286	0.7623	0.990635
19	23860000	23880000	3878	21	16069	4125	0.00541516	0.80345	0.940121
19	23880000	23900000	4692	25	15961	4846	0.00532822	0.79805	0.968221
19	23900000	23920000	4870	26	16608	4905	0.00533881	0.8304	0.992864
19	23920000	23940000	4239	32	12807	4366	0.00754895	0.64035	0.970912
19	23940000	23960000	4784	55	13765	4836	0.0114967	0.68825	0.989247
19	23960000	23980000	3925	44	17579	4294	0.0112102	0.87895	0.914066
19	23980000	24000000	1676	6	11803	3350	0.00357995	0.59015	0.500299
19	24000000	24020000	0	0	12274	5506		0.6137	0
19	24020000	24040000	0	0	17586	2430		0.8793	0
19	24040000	24060000	0	0	12530	4533		0.6265	0
19	24060000	24080000	0	0	18633	3577		0.93165	0
19	24080000	24100000	0	0	17815	5895		0.89075	0
19	24100000	24120000	0	0	10336	3067		0.5168	0
19	24120000	24140000	0	0	14045	4809		0.70225	0
19	24140000	24160000	0	0	8981	4406		0.44905	0
19	24160000	24180000	0	0	13544	7611		0.6772	0
19	24180000	24200000	0	0	13952	5324		0.6976	0
19	24200000	24220000	0	0	13342	3458		0.6671	0
19	24220000	24240000	0	0	14819	5873		0.74095	0
19	24240000	24260000	0	0	18478	6008		0.9239	0
19	24260000	24280000	0	0	16578	2871		0.8289	0
19	24280000	24300000	2618	29	12473	2647	0.0110772	0.62365	0.989044
19	24300000	24320000	1540	20	14308	2718	0.012987	0.7154	0.566593
19	24320000	24340000	0	0	15351	3613		0.76755	0
19	24340000	24360000	0	0	10317	3924		0.51585	0
19	24360000	24380000	0	0	15431	5451		0.77155	0
19	24380000	24400000	0	0	19986	407		0.9993	0
19	24400000	24420000	0	0	19977	85		0.99885	0
19	24420000	24440000	0	0	19915	1577		0.99575	0
19	24440000	24460000	0	0	19962	965		0.9981	0
19	24460000	24480000	0	0	19931	432		0.99655	0
19	24480000	24500000	0	0	19974	25		0.9987	0
19	24500000	24520000	0	0	19945	1082		0.99725	0
19	24520000	24540000	0	0	19989	0		0.99945	
19	24540000	24560000	0	0	19966	109		0.9983	0
19	24560000	24580000	0	0	19979	0		0.99895	
19	24580000	24600000	0	0	19997	0		0.99985	
19	24600000	24620000	0	0	20000	0		1	
19	24620000	24640000	0	0	11782	0		0.5891	
19	24640000	24660000	0	0	0	0		0	
19	24660000	24680000	0	0	0	0		0	
19	24680000	24700000	0	0	0	0		0	
19	24700000	24720000	0	0	0	0		0	
19	24720000	24740000	0	0	0	0		0	
19	24740000	24760000	0	0	0	0		0	
19	24760000	24780000	0	0	0	0		0	
19	24780000	24800000	0	0	0	0		0	
19	24800000	24820000	0	0	0	0		0	
19	24820000	24840000	0	0	0	0		0	
19	24840000	24860000	0	0	0	0		0	
19	24860000	24880000	0	0	0	0		0	
19	24880000	24900000	0	0	0	0		0	
19	24900000	24920000	0	0	0	0		0	
19	24920000	24940000	0	0	0	0		0	
19	24940000	24960000	0	0	0	0		0	
19	24960000	24980000	0	0	0	0		0	
19	24980000	25000000	0	0	0	0		0	
19	25000000	25020000	0	0	0	0		0	
19	25020000	25040000	0	0	0	0		0	
19	25040000	25060000	0	0	0	0		0	
19	25060000	25080000	0	0	0	0		0	
19	25080000	25100000	0	0	0	0		0	
19	25100000	25120000	0	0	0	0		0	
19	25120000	25140000	0	0	0	0		0	
19	25140000	25160000	0	0	0	0		0	
19	25160000	25180000	0	0	0	0		0	
19	25180000	25200000	0	0	0	0		0	
19	25200000	25220000	0	0	0	0		0	
19	25220000	25240000	0	0	0	0		0	
19	25240000	25260000	0	0	0	0		0	
19	25260000	25280000	0	0	0	0		0	
19	25280000	25300000	0	0	0	0		0	
19	25300000	25320000	0	0	0	0		0	
19	25320000	25340000	0	0	0	0		0	
19	25340000	25360000	0	0	0	0		0	
19	25360000	25380000	0	0	0	0		0	
19	25380000	25400000	0	0	0	0		0	
19	25400000	25420000	0	0	0	0		0	
19	25420000	25440000	0	0	0	0		0	
19	25440000	25460000	0	0	0	0		0	
19	25460000	25480000	0	0	0	0		0	
19	25480000	25500000	0	0	0	0		0	
19	25500000	25520000	0	0	0	0		0	
19	25520000	25540000	0	0	0	0		0	
19	25540000	25560000	0	0	0	0		0	
19	25560000	25580000	0	0	0	0		0	
19	25580000	25600000	0	0	0	0		0	
19	25600000	25620000	0	0	0	0		0	
19	25620000	25640000	0	0	0	0		0	
19	25640000	25660000	0	0	0	0		0	
19	25660000	25680000	0	0	0	0		0	
19	25680000	25700000	0	0	0	0		0	
19	25700000	25720000	0	0	0	0		0	
19	25720000	25740000	0	0	0	0		0	
19	25740000	25760000	0	0	0	0		0	
19	25760000	25780000	0	0	0	0		0	
19	25780000	25800000	0	0	0	0		0	
19	25800000	25820000	0	0	0	0		0	
19	25820000	25840000	0	0	0	0		0	
19	25840000	25860000	0	0	0	0		0	
19	25860000	25880000	0	0	0	0		0	
19	25880000	25900000	0	0	0	0		0	
19	25900000	25920000	0	0	0	0		0	
19	25920000	25940000	0	0	0	0		0	
19	25940000	25960000	0	0	0	0		0	
19	25960000	25980000	0	0	0	0		0	
19	25980000	26000000	0	0	0	0		0	
19	26000000	26020000	0	0	0	0		0	
19	26020000	26040000	0	0	0	0		0	
19	26040000	26060000	0	0	0	0		0	
19	26060000	26080000	0	0	0	0		0	
19	26080000	26100000	0	0	0	0		0	
19	26100000	26120000	0	0	0	0		0	
19	26120000	26140000	0	0	0	0		0	
19	26140000	26160000	0	0	0	0		0	
19	26160000	26180000	0	0	0	0		0	
19	26180000	26200000	0	0	0	0		0	
19	26200000	26220000	0	0	0	0		0	
19	26220000	26240000	0	0	0	0		0	
19	26240000	26260000	0	0	0	0		0	
19	26260000	26280000	0	0	0	0		0	
19	26280000	26300000	0	0	0	0		0	
19	26300000	26320000	0	0	0	0		0	
19	26320000	26340000	0	0	0	0		0	
19	26340000	26360000	0	0	0	0		0	
19	26360000	26380000	0	0	0	0		0	
19	26380000	26400000	0	0	0	0		0	
19	26400000	26420000	0	0	0	0		0	
19	26420000	26440000	0	0	0	0		0	
19	26440000	26460000	0	0	0	0		0	
19	26460000	26480000	0	0	0	0		0	
19	26480000	26500000	0	0	0	0		0	
19	26500000	26520000	0	0	0	0		0	
19	26520000	26540000	0	0	0	0		0	
19	26540000	26560000	0	0	0	0		0	
19	26560000	26580000	0	0	0	0		0	
19	26580000	26600000	0	0	0	0		0	
19	26600000	26620000	0	0	0	0		0	
19	26620000	26640000	0	0	0	0		0	
19	26640000	26660000	0	0	0	0		0	
19	26660000	26680000	0	0	0	0		0	
19	26680000	26700000	0	0	0	0		0	
19	26700000	26720000	0	0	0	0		0	
19	26720000	26740000	0	0	0	0		0	
19	26740000	26760000	0	0	0	0		0	
19	26760000	26780000	0	0	0	0		0	
19	26780000	26800000	0	0	0	0		0	
19	26800000	26820000	0	0	0	0		0	
19	26820000	26840000	0	0	0	0		0	
19	26840000	26860000	0	0	0	0		0	
19	26860000	26880000	0	0	0	0		0	
19	26880000	26900000	0	0	0	0		0	
19	26900000	26920000	0	0	0	0		0	
19	26920000	26940000	0	0	0	0		0	
19	26940000	26960000	0	0	0	0		0	
19	26960000	26980000	0	0	0	0		0	
19	26980000	27000000	0	0	0	0		0	
19	27000000	27020000	0	0	0	0		0	
19	27020000	27040000	0	0	0	0		0	
19	27040000	27060000	0	0	0	0		0	
19	27060000	27080000	0	0	0	0		0	
19	27080000	27100000	0	0	0	0		0	
19	27100000	27120000	0	0	0	0		0	
19	27120000	27140000	0	0	0	0		0	
19	27140000	27160000	0	0	0	0		0	
19	27160000	27180000	0	0	0	0		0	
19	27180000	27200000	0	0	0	0		0	
19	27200000	27220000	0	0	0	0		0	
19	27220000	27240000	0	0	0	0		0	
19	27240000	27260000	0	0	0	0		0	
19	27260000	27280000	0	0	0	0		0	
19	27280000	27300000	0	0	0	0		0	
19	27300000	27320000	0	0	0	0		0	
19	27320000	27340000	0	0	0	0		0	
19	27340000	27360000	0	0	0	0		0	
19	27360000	27380000	0	0	0	0		0	
19	27380000	27400000	0	0	0	0		0	
19	27400000	27420000	0	0	0	0		0	
19	27420000	27440000	0	0	0	0		0	
19	27440000	27460000	0	0	0	0		0	
19	27460000	27480000	0	0	0	0		0	
19	27480000	27500000	0	0	0	0		0	
19	27500000	27520000	0	0	0	0		0	
19	27520000	27540000	0	0	0	0		0	
19	27540000	27560000	0	0	0	0		0	
19	27560000	27580000	0	0	0	0		0	
19	27580000	27600000	0	0	0	0		0	
19	27600000	27620000	0	0	0	0		0	
19	27620000	27640000	0	0	0	0		0	
19	27640000	27660000	0	0	0	0		0	
19	27660000	27680000	0	0	0	0		0	
19	27680000	27700000	0	0	0	0		0	
19	27700000	27720000	0	0	0	0		0	
19	27720000	27740000	0	0	8216	0		0.4108	
19	27740000	27760000	0	0	19898	43		0.9949	0
19	27760000	27780000	0	0	19978	123		0.9989	0
19	27780000	27800000	0	0	19977	23		0.99885	0
19	27800000	27820000	0	0	19962	98		0.9981	0
19	27820000	27840000	0	0	19982	1		0.9991	0
19	27840000	27860000	0	0	19908	0		0.9954	
19	27860000	27880000	0	0	19976	3		0.9988	0
19	27880000	27900000	0	0	19945	8		0.99725	0
19	27900000	27920000	0	0	19995	8		0.99975	0
19	27920000	27940000	0	0	19951	0		0.99755	
19	27940000	27960000	0	0	19961	106		0.99805	0
19	27960000	27980000	0	0	19969	7		0.99845	0
19	27980000	28000000	0	0	19870	21		0.9935	0
19	28000000	28020000	0	0	19913	587		0.99565	0
19	28020000	28040000	0	0	19989	30		0.99945	0
19	28040000	28060000	0	0	19958	5		0.9979	0
19	28060000	28080000	0	0	19972	617		0.9986	0
19	28080000	28100000	0	0	19984	56		0.9992	0
19	28100000	28120000	0	0	19964	202		0.9982	0
19	28120000	28140000	0	0	19947	3251		0.99735	0
19	28140000	28160000	0	0	19843	6365		0.99215	0
19	28160000	28180000	0	0	19919	4667		0.99595	0
19	28180000	28200000	0	0	19913	3606		0.99565	0
19	28200000	28220000	0	0	19944	2182		0.9972	0
19	28220000	28240000	0	0	19483	5067		0.97415	0
19	28240000	28260000	0	0	17735	4847		0.88675	0
19	28260000	28280000	0	0	9532	6708		0.4766	0
19	28280000	28300000	0	0	9679	7402		0.48395	0
19	28300000	28320000	0	0	14275	5821		0.71375	0
19	28320000	28340000	0	0	15842	7377		0.7921	0
19	28340000	28360000	0	0	16957	3465		0.84785	0
19	28360000	28380000	5912	66	13606	9040	0.0111637	0.6803	0.653982
19	28380000	28400000	14359	77	5064	14482	0.00536249	0.2532	0.991507
19	28400000	28420000	12785	104	5962	13128	0.00813453	0.2981	0.973873
19	28420000	28440000	7306	44	10081	7843	0.00602245	0.50405	0.931531
19	28440000	28460000	10998	70	8269	11112	0.00636479	0.41345	0.989741
19	28460000	28480000	11111	86	7070	11229	0.00774008	0.3535	0.989491
19	28480000	28500000	10962	63	9276	11084	0.00574713	0.4638	0.988993
19	28500000	28520000	8706	89	7441	8855	0.0102228	0.37205	0.983173
19	28520000	28540000	7438	69	10009	7538	0.00927669	0.50045	0.986734
19	28540000	28560000	8518	66	8966	9086	0.0077483	0.4483	0.937486
19	28560000	28580000	10293	87	15964	10413	0.00845235	0.7982	0.988476
19	28580000	28600000	9104	65	13011	9213	0.00713972	0.65055	0.988169
19	28600000	28620000	10905	59	9760	10998	0.00541036	0.488	0.991544
19	28620000	28640000	12165	66	9421	12317	0.0054254	0.47105	0.987659
19	28640000	28660000	11464	105	9660	12398	0.00915911	0.483	0.924665
19	28660000	28680000	7756	56	13621	7839	0.00722022	0.68105	0.989412
19	28680000	28700000	9498	81	10018	10509	0.00852811	0.5009	0.903797
19	28700000	28720000	11835	91	5377	13921	0.00768906	0.26885	0.850154
19	28720000	28740000	13422	89	6931	13577	0.0066309	0.34655	0.988584
19	28740000	28760000	12805	97	10271	12983	0.00757517	0.51355	0.98629
19	28760000	28780000	6472	39	14769	6709	0.00602596	0.73845	0.964674
19	28780000	28800000	11341	99	10112	11484	0.00872939	0.5056	0.987548
19	28800000	28820000	11287	95	9480	11810	0.00841676	0.474	0.955715
19	28820000	28840000	10734	74	12092	10874	0.00689398	0.6046	0.987125
19	28840000	28860000	10708	70	13541	10831	0.00653717	0.67705	0.988644
19	28860000	28880000	11413	91	10797	11759	0.00797336	0.53985	0.970576
19	28880000	28900000	11863	114	10340	12009	0.00960971	0.517	0.987842
19	28900000	28920000	10951	121	9706	11102	0.0110492	0.4853	0.986399
19	28920000	28940000	8273	90	12659	8384	0.0108788	0.63295	0.98676
19	28940000	28960000	10337	102	10969	10559	0.00986747	0.54845	0.978975
19	28960000	28980000	11333	98	10010	11457	0.00864731	0.5005	0.989177
19	28980000	29000000	11760	87	9745	11875	0.00739796	0.48725	0.990316
19	29000000	29020000	8736	79	15813	8809	0.00904304	0.79065	0.991713
19	29020000	29040000	9981	72	14142	10558	0.00721371	0.7071	0.945349
19	29040000	29060000	12610	109	8503	12694	0.00864393	0.42515	0.993383
19	29060000	29080000	11500	102	6512	12093	0.00886957	0.3256	0.950963
19	29080000	29100000	10949	65	10401	11038	0.00593662	0.52005	0.991937
19	29100000	29120000	5994	56	16631	6041	0.00934268	0.83155	0.99222
19	29120000	29140000	11627	57	9873	11713	0.00490238	0.49365	0.992658
19	29140000	29160000	11212	48	13625	11304	0.00428113	0.68125	0.991861
19	29160000	29180000	9750	52	11219	9853	0.00533333	0.56095	0.989546
19	29180000	29200000	5164	32	14489	9613	0.00619675	0.72445	0.537189
19	29200000	29220000	412	2	10876	9820	0.00485437	0.5438	0.0419552
19	29220000	29240000	9761	81	15392	10699	0.00829833	0.7696	0.912328
19	29240000	29260000	4116	43	17734	4606	0.010447	0.8867	0.893617
19	29260000	29280000	8524	113	17222	8590	0.0132567	0.8611	0.992317
19	29280000	29300000	7394	57	14127	7470	0.00770895	0.70635	0.989826
19	29300000	29320000	11914	126	9726	12097	0.0105758	0.4863	0.984872
19	29320000	29340000	13190	154	6620	13598	0.0116755	0.331	0.969996
19	29340000	29360000	12049	93	8408	13298	0.00771848	0.4204	0.906076
19	29360000	29380000	11697	105	6380	12097	0.00897666	0.319	0.966934
19	29380000	29400000	13748	117	6625	13927	0.00851033	0.33125	0.987147
19	29400000	29420000	12966	82	9986	13106	0.00632423	0.4993	0.989318
19	29420000	29440000	7779	98	9187	7856	0.012598	0.45935	0.990199
19	29440000	29460000	8382	72	13142	8454	0.00858984	0.6571	0.991483
19	29460000	29480000	12284	87	9700	12566	0.00708238	0.485	0.977558
19	29480000	29500000	8793	90	11314	11406	0.0102354	0.5657	0.77091
19	29500000	29520000	10433	103	8218	12193	0.00987252	0.4109	0.855655
19	29520000	29540000	11531	94	13423	11861	0.00815194	0.67115	0.972178
19	29540000	29560000	12049	99	8437	12520	0.00821645	0.42185	0.96238
19	29560000	29580000	13019	91	7875	13180	0.00698978	0.39375	0.987785
19	29580000	29600000	12679	109	7891	12807	0.00859689	0.39455	0.990005
19	29600000	29620000	11557	108	7398	11777	0.00934499	0.3699	0.98132
19	29620000	29640000	8251	61	13701	8335	0.00739304	0.68505	0.989922
19	29640000	29660000	11618	87	10952	11723	0.00748838	0.5476	0.991043
19	29660000	29680000	9768	62	12264	10267	0.00634726	0.6132	0.951398
19	29680000	29700000	10445	70	7716	10574	0.00670177	0.3858	0.9878
19	29700000	29720000	9927	81	9881	10050	0.00815956	0.49405	0.987761
19	29720000	29740000	10780	70	10607	10909	0.00649351	0.53035	0.988175
19	29740000	29760000	8510	69	12052	8589	0.00810811	0.6026	0.990802
19	29760000	29780000	13001	102	8014	13235	0.00784555	0.4007	0.98232
19	29780000	29800000	13041	140	10305	13537	0.0107354	0.51525	0.96336
19	29800000	29820000	13865	71	5980	14037	0.00512081	0.299	0.987747
19	29820000	29840000	10990	87	12836	11438	0.00791629	0.6418	0.960832
19	29840000	29860000	6374	61	16473	6511	0.00957013	0.82365	0.978959
19	29860000	29880000	12859	132	7273	13149	0.0102652	0.36365	0.977945
19	29880000	29900000	12630	106	6155	13148	0.00839272	0.30775	0.960602
19	29900000	29920000	12754	106	6674	12881	0.00831112	0.3337	0.990141
19	29920000	29940000	12228	81	9602	12412	0.00662414	0.4801	0.985176
19	29940000	29960000	8744	50	16737	8848	0.00571821	0.83685	0.988246
19	29960000	29980000	11837	110	11724	12131	0.0092929	0.5862	0.975765
19	29980000	30000000	6581	57	7852	12752	0.0086613	0.3926	0.516076
19	30000000	30020000	10929	97	6988	11065	0.00887547	0.3494	0.987709
19	30020000	30040000	11278	97	6506	13017	0.00860082	0.3253	0.866405
19	30040000	30060000	6416	75	9999	7958	0.0116895	0.49995	0.806233
19	30060000	30080000	10731	101	10234	11829	0.00941198	0.5117	0.907177
19	30080000	30100000	10541	59	8110	10641	0.00559719	0.4055	0.990602
19	30100000	30120000	12235	113	7659	12360	0.0092358	0.38295	0.989887
19	30120000	30140000	8542	62	13683	8664	0.00725825	0.68415	0.985919
19	30140000	30160000	9303	75	11824	9381	0.00806192	0.5912	0.991685
19	30160000	30180000	11626	77	9436	11770	0.00662309	0.4718	0.987766
19	30180000	30200000	8472	55	11394	8874	0.00649197	0.5697	0.954699
19	30200000	30220000	8755	45	10293	8839	0.00513992	0.51465	0.990497
19	30220000	30240000	10456	75	11687	10644	0.00717292	0.58435	0.982337
19	30240000	30260000	9165	76	9302	9351	0.00829242	0.4651	0.980109
19	30260000	30280000	9445	67	8836	10959	0.0070937	0.4418	0.861849
19	30280000	30300000	8493	38	13592	8832	0.00447427	0.6796	0.961617
19	30300000	30320000	7596	24	10174	7660	0.00315956	0.5087	0.991645
19	30320000	30340000	10108	64	8890	10840	0.00633162	0.4445	0.932472
19	30340000	30360000	9321	58	13130	9408	0.00622251	0.6565	0.990753
19	30360000	30380000	9380	74	8683	9560	0.00788913	0.43415	0.981172
19	30380000	30400000	5851	46	14963	6160	0.0078619	0.74815	0.949838
19	30400000	30420000	6407	26	14719	7790	0.00405806	0.73595	0.822465
19	30420000	30440000	7745	33	14130	7805	0.00426081	0.7065	0.992313
19	30440000	30460000	9436	37	14250	9542	0.00392115	0.7125	0.988891
19	30460000	30480000	12138	41	5006	12221	0.00337782	0.2503	0.993208
19	30480000	30500000	10549	53	11418	10611	0.00502417	0.5709	0.994157
19	30500000	30520000	10525	29	11966	10610	0.00275534	0.5983	0.991989
19	30520000	30540000	8798	39	13594	8879	0.00443283	0.6797	0.990877
19	30540000	30560000	12223	65	6981	12366	0.00531784	0.34905	0.988436
19	30560000	30580000	13692	97	6839	13892	0.00708443	0.34195	0.985603
19	30580000	30600000	12574	113	6056	12800	0.0089868	0.3028	0.982344
19	30600000	30620000	9138	53	9162	10655	0.00579996	0.4581	0.857626
19	30620000	30640000	10679	71	9734	10803	0.00664856	0.4867	0.988522
19	30640000	30660000	12180	97	6706	13477	0.00796388	0.3353	0.903762
19	30660000	30680000	7848	59	14086	7980	0.00751784	0.7043	0.983459
19	30680000	30700000	7708	49	16195	7779	0.00635703	0.80975	0.990873
19	30700000	30720000	10985	77	6983	11320	0.00700956	0.34915	0.970406
19	30720000	30740000	13056	61	4693	13382	0.00467218	0.23465	0.975639
19	30740000	30760000	12384	71	3704	12458	0.0057332	0.1852	0.99406
19	30760000	30780000	13543	103	5398	13670	0.00760541	0.2699	0.99071
19	30780000	30800000	12587	81	4839	12731	0.00643521	0.24195	0.988689
19	30800000	30820000	13834	122	4249	13962	0.00881885	0.21245	0.990832
19	30820000	30840000	12608	74	6567	12803	0.00586929	0.32835	0.984769
19	30840000	30860000	14103	104	4611	14216	0.00737432	0.23055	0.992051
19	30860000	30880000	12084	74	4414	12174	0.0061238	0.2207	0.992607
19	30880000	30900000	11035	52	7393	11673	0.00471228	0.36965	0.945344
19	30900000	30920000	11568	61	9419	12205	0.00527317	0.47095	0.947808
19	30920000	30940000	9561	35	4516	12351	0.0036607	0.2258	0.774107
19	30940000	30960000	11139	61	5525	12085	0.00547625	0.27625	0.921721
19	30960000	30980000	10416	62	8741	10876	0.00595238	0.43705	0.957705
19	30980000	31000000	11644	88	6056	12561	0.00755754	0.3028	0.926996
19	31000000	31020000	13815	86	4457	13941	0.00622512	0.22285	0.990962
19	31020000	31040000	13722	60	4319	13891	0.00437254	0.21595	0.987834
19	31040000	31060000	13811	83	2058	13944	0.0060097	0.1029	0.990462
19	31060000	31080000	13569	83	5023	13710	0.00611688	0.25115	0.989716
19	31080000	31100000	12383	74	5844	12490	0.00597593	0.2922	0.991433
19	31100000	31120000	12059	87	9840	12178	0.00721453	0.492	0.990228
19	31120000	31140000	12863	81	6336	12980	0.00629713	0.3168	0.990986
19	31140000	31160000	12610	82	4759	12719	0.00650278	0.23795	0.99143
19	31160000	31180000	13648	110	2773	13894	0.00805979	0.13865	0.982295
19	31180000	31200000	11647	74	5864	12419	0.00635357	0.2932	0.937837
19	31200000	31220000	12299	94	7036	12427	0.0076429	0.3518	0.9897
19	31220000	31240000	13271	70	6356	13462	0.00527466	0.3178	0.985812
19	31240000	31260000	12285	67	14260	12426	0.00545381	0.713	0.988653
19	31260000	31280000	13037	92	9780	13318	0.00705684	0.489	0.978901
19	31280000	31300000	11254	55	5149	11895	0.00488715	0.25745	0.946112
19	31300000	31320000	11773	85	8583	12677	0.00721991	0.42915	0.92869
19	31320000	31340000	10863	71	11451	11476	0.00653595	0.57255	0.946584
19	31340000	31360000	14811	97	4017	14949	0.00654919	0.20085	0.990769
19	31360000	31380000	15014	71	4055	15132	0.00472892	0.20275	0.992202
19	31380000	31400000	13768	78	6688	13872	0.00566531	0.3344	0.992503
19	31400000	31420000	14321	87	4351	14637	0.00607499	0.21755	0.978411
19	31420000	31440000	12567	96	10567	12663	0.00763905	0.52835	0.992419
19	31440000	31460000	12494	75	11693	12860	0.00600288	0.58465	0.97154
19	31460000	31480000	13299	74	12005	13429	0.00556433	0.60025	0.990319
19	31480000	31500000	12103	52	10253	12213	0.00429646	0.51265	0.990993
19	31500000	31520000	11386	52	9400	12382	0.00456701	0.47	0.919561
19	31520000	31540000	12934	86	11107	13058	0.00664914	0.55535	0.990504
19	31540000	31560000	11910	91	9709	12044	0.00764064	0.48545	0.988874
19	31560000	31580000	11950	57	6129	12038	0.00476987	0.30645	0.99269
19	31580000	31600000	13475	85	5142	13753	0.00630798	0.2571	0.979786
19	31600000	31620000	12478	114	7419	12633	0.00913608	0.37095	0.987731
19	31620000	31640000	13460	113	9433	13610	0.00839525	0.47165	0.988979
19	31640000	31660000	13782	111	5847	13916	0.00805398	0.29235	0.990371
19	31660000	31680000	12495	85	9933	13291	0.00680272	0.49665	0.94011
19	31680000	31700000	11121	78	13249	11225	0.00701376	0.66245	0.990735
19	31700000	31720000	11742	76	8469	11851	0.00647249	0.42345	0.990802
19	31720000	31740000	11093	56	15462	11204	0.00504823	0.7731	0.990093
19	31740000	31760000	13743	61	4764	13856	0.00443862	0.2382	0.991845
19	31760000	31780000	13839	49	3083	13987	0.00354072	0.15415	0.989419
19	31780000	31800000	13289	103	3788	13640	0.00775077	0.1894	0.974267
19	31800000	31820000	14151	75	4078	14248	0.00529998	0.2039	0.993192
19	31820000	31840000	13057	49	997	13518	0.00375278	0.04985	0.965897
19	31840000	31860000	11714	73	5808	11865	0.00623186	0.2904	0.987273
19	31860000	31880000	13101	64	9021	13402	0.00488512	0.45105	0.977541
19	31880000	31900000	13621	77	6351	13743	0.00565304	0.31755	0.991123
19	31900000	31920000	12955	92	5437	13075	0.00710151	0.27185	0.990822
19	31920000	31940000	13410	88	10577	13549	0.00656227	0.52885	0.989741
19	31940000	31960000	11281	78	15227	11403	0.00691428	0.76135	0.989301
19	31960000	31980000	8815	63	13999	8890	0.00714691	0.69995	0.991564
19	31980000	32000000	9756	90	9537	9860	0.00922509	0.47685	0.989452
19	32000000	32020000	12501	81	9915	13294	0.00647948	0.49575	0.940349
19	32020000	32040000	11420	85	6936	11914	0.00744308	0.3468	0.958536
19	32040000	32060000	11716	95	9491	12105	0.00810857	0.47455	0.967865
19	32060000	32080000	11500	73	8962	11588	0.00634783	0.4481	0.992406
19	32080000	32100000	12740	85	4865	12842	0.0066719	0.24325	0.992057
19	32100000	32120000	13141	88	6162	13327	0.0066966	0.3081	0.986043
19	32120000	32140000	12175	99	8386	12405	0.00813142	0.4193	0.981459
19	32140000	32160000	10602	85	10064	10718	0.00801736	0.5032	0.989177
19	32160000	32180000	11868	84	9403	12034	0.00707786	0.47015	0.986206
19	32180000	32200000	12557	74	6479	12641	0.00589313	0.32395	0.993355
19	32200000	32220000	12802	99	7158	12898	0.00773317	0.3579	0.992557
19	32220000	32240000	11444	86	7659	11568	0.00751485	0.38295	0.989281
19	32240000	32260000	11295	98	12916	11422	0.00867641	0.6458	0.988881
19	32260000	32280000	12112	101	7739	12230	0.00833884	0.38695	0.990352
19	32280000	32300000	12210	108	9802	12631	0.00884521	0.4901	0.966669
19	32300000	32320000	11358	75	8089	11477	0.00660328	0.40445	0.989631
19	32320000	32340000	9830	72	11649	9924	0.00732452	0.58245	0.990528
19	32340000	32360000	9065	52	17077	9863	0.00573635	0.85385	0.919092
19	32360000	32380000	11453	76	6100	12732	0.00663582	0.305	0.899544
19	32380000	32400000	12698	102	12373	12823	0.00803276	0.61865	0.990252
19	32400000	32420000	9961	69	13547	10120	0.00692702	0.67735	0.984289
19	32420000	32440000	12583	92	7553	12699	0.00731145	0.37765	0.990865
19	32440000	32460000	13805	76	7083	13934	0.00550525	0.35415	0.990742
19	32460000	32480000	12941	93	5464	13053	0.00718646	0.2732	0.99142
19	32480000	32500000	12447	98	11721	12557	0.00787338	0.58605	0.99124
19	32500000	32520000	11819	71	7094	12015	0.00600728	0.3547	0.983687
19	32520000	32540000	13469	79	2847	13562	0.00586532	0.14235	0.993143
19	32540000	32560000	12096	61	7686	12324	0.00504299	0.3843	0.9815
19	32560000	32580000	11934	100	6138	12447	0.00837942	0.3069	0.958785
19	32580000	32600000	11169	72	7737	11377	0.00644641	0.38685	0.981718
19	32600000	32620000	9450	51	14574	9561	0.00539683	0.7287	0.98839
19	32620000	32640000	11482	66	10439	11593	0.00574813	0.52195	0.990425
19	32640000	32660000	11241	53	12822	11330	0.00471488	0.6411	0.992145
19	32660000	32680000	10645	64	8159	10933	0.00601221	0.40795	0.973658
19	32680000	32700000	10243	76	9947	10851	0.0074197	0.49735	0.943968
19	32700000	32720000	11663	75	12829	11768	0.00643059	0.64145	0.991077
19	32720000	32740000	10591	66	7579	10837	0.00623171	0.37895	0.9773
19	32740000	32760000	9596	68	8914	9683	0.00708629	0.4457	0.991015
19	32760000	32780000	10007	69	14201	10926	0.00689517	0.71005	0.915889
19	32780000	32800000	8696	67	13807	8792	0.00770469	0.69035	0.989081
19	32800000	32820000	10588	60	8400	10724	0.00566679	0.42	0.987318
19	32820000	32840000	10512	46	7760	10566	0.00437595	0.388	0.994889
19	32840000	32860000	12453	68	6273	12527	0.00546053	0.31365	0.994093
19	32860000	32880000	10632	49	10578	10710	0.00460873	0.5289	0.992717
19	32880000	32900000	7662	37	11050	8121	0.00482903	0.5525	0.94348
19	32900000	32920000	9452	35	14629	9530	0.00370292	0.73145	0.991815
19	32920000	32940000	10108	50	11950	10294	0.00494658	0.5975	0.981931
19	32940000	32960000	11922	55	8122	11997	0.00461332	0.4061	0.993748
19	32960000	32980000	12651	44	5563	12729	0.00347799	0.27815	0.993872
19	32980000	33000000	8324	37	16127	8495	0.00444498	0.80635	0.979871
19	33000000	33020000	7431	34	14668	9130	0.00457543	0.7334	0.81391
19	33020000	33040000	7379	48	12190	7965	0.00650495	0.6095	0.926428
19	33040000	33060000	7155	42	13985	7447	0.00587002	0.69925	0.96079
19	33060000	33080000	7044	38	12889	7512	0.00539466	0.64445	0.9377
19	33080000	33100000	6763	43	11159	6883	0.00635813	0.55795	0.982566
19	33100000	33120000	9042	80	11624	9126	0.0088476	0.5812	0.990796
19	33120000	33140000	8277	78	9765	8894	0.0094237	0.48825	0.930627
19	33140000	33160000	7002	54	13629	7072	0.00771208	0.68145	0.990102
19	33160000	33180000	7770	36	9006	7870	0.0046332	0.4503	0.987294
19	33180000	33200000	4265	29	15738	4432	0.00679953	0.7869	0.962319
19	33200000	33220000	4862	34	14145	5106	0.00699301	0.70725	0.952213
19	33220000	33240000	7032	44	9247	7375	0.00625711	0.46235	0.953492
19	33240000	33260000	8268	50	15538	8341	0.00604741	0.7769	0.991248
19	33260000	33280000	7133	39	14810	7197	0.00546755	0.7405	0.991107
19	33280000	33300000	9700	59	11025	9798	0.00608247	0.55125	0.989998
19	33300000	33320000	12190	77	6422	12300	0.00631665	0.3211	0.991057
19	33320000	33340000	6724	37	12594	6954	0.00550268	0.6297	0.966926
19	33340000	33360000	6910	55	12680	6978	0.00795948	0.634	0.990255
19	33360000	33380000	7067	50	8639	10115	0.00707514	0.43195	0.698665
19	33380000	33400000	7702	40	15664	7768	0.00519346	0.7832	0.991504
19	33400000	33420000	8276	56	11561	8342	0.00676655	0.57805	0.992088
19	33420000	33440000	8481	40	10216	8927	0.00471642	0.5108	0.950039
19	33440000	33460000	3557	20	11993	7308	0.00562272	0.59965	0.486727
19	33460000	33480000	167	4	12267	3620	0.0239521	0.61335	0.0461326
19	33480000	33500000	579	10	12894	596	0.0172712	0.6447	0.971477
19	33500000	33520000	791	22	12424	805	0.0278129	0.6212	0.982609
19	33520000	33540000	5629	31	15016	5690	0.00550719	0.7508	0.989279
19	33540000	33560000	7156	39	10244	7281	0.00544997	0.5122	0.982832
19	33560000	33580000	5529	32	14759	5572	0.00578767	0.73795	0.992283
19	33580000	33600000	8350	37	8857	9002	0.00443114	0.44285	0.927572
19	33600000	33620000	7326	38	11787	7381	0.00518701	0.58935	0.992548
19	33620000	33640000	6791	44	11148	7144	0.00647916	0.5574	0.950588
19	33640000	33660000	6062	47	14620	6245	0.00775322	0.731	0.970697
19	33660000	33680000	7556	69	12063	7633	0.00913182	0.60315	0.989912
19	33680000	33700000	11653	74	4807	12066	0.0063503	0.24035	0.965772
19	33700000	33720000	12698	84	6436	12835	0.00661521	0.3218	0.989326
19	33720000	33740000	9841	64	8519	11539	0.0065034	0.42595	0.852847
19	33740000	33760000	10628	70	8378	11042	0.00658638	0.4189	0.962507
19	33760000	33780000	12088	83	6920	13163	0.00686631	0.346	0.918332
19	33780000	33800000	11932	48	4899	12149	0.0040228	0.24495	0.982138
19	33800000	33820000	7297	53	15452	7594	0.00726326	0.7726	0.96089
19	33820000	33840000	9472	69	12793	9604	0.00728463	0.63965	0.986256
19	33840000	33860000	9692	70	11316	9775	0.00722245	0.5658	0.991509
19	33860000	33880000	11271	75	5220	11856	0.00665425	0.261	0.950658
19	33880000	33900000	13908	117	668	14067	0.00841242	0.0334	0.988697
19	33900000	33920000	12739	90	5636	12968	0.00706492	0.2818	0.982341
19	33920000	33940000	13271	96	4897	13669	0.00723382	0.24485	0.970883
19	33940000	33960000	10592	82	7961	11974	0.00774169	0.39805	0.884583
19	33960000	33980000	8879	54	8629	11740	0.00608177	0.43145	0.756303
19	33980000	34000000	11236	77	6787	11341	0.00685297	0.33935	0.990742
19	34000000	34020000	11722	98	5576	12631	0.00836035	0.2788	0.928034
19	34020000	34040000	10040	59	10914	10336	0.00587649	0.5457	0.971362
19	34040000	34060000	10499	55	8649	11094	0.00523859	0.43245	0.946367
19	34060000	34080000	9800	63	13311	9905	0.00642857	0.66555	0.989399
19	34080000	34100000	8894	60	13639	8965	0.00674612	0.68195	0.99208
19	34100000	34120000	10926	47	7203	11100	0.00430167	0.36015	0.984324
19	34120000	34140000	9753	57	11289	9896	0.00584436	0.56445	0.98555
19	34140000	34160000	9901	40	13191	10001	0.00404	0.65955	0.990001
19	34160000	34180000	13195	109	4956	13317	0.0082607	0.2478	0.990839
19	34180000	34200000	11729	101	8221	11853	0.00861113	0.41105	0.989539
19	34200000	34220000	11330	81	8582	11708	0.00714916	0.4291	0.967714
19	34220000	34240000	11640	77	10762	11742	0.00661512	0.5381	0.991313
19	34240000	34260000	10524	74	6368	11856	0.00703155	0.3184	0.887652
19	34260000	34280000	10551	70	7554	12867	0.00663444	0.3777	0.820005
19	34280000	34300000	11701	69	3986	11895	0.00589693	0.1993	0.983691
19	34300000	34320000	8729	45	9249	9919	0.00515523	0.46245	0.880028
19	34320000	34340000	8332	49	16978	8451	0.00588094	0.8489	0.985919
19	34340000	34360000	7777	66	13891	7852	0.00848656	0.69455	0.990448
19	34360000	34380000	9803	69	7362	10704	0.00703866	0.3681	0.915826
19	34380000	34400000	8595	59	11732	8699	0.00686446	0.5866	0.988045
19	34400000	34420000	8803	55	14196	8892	0.00624787	0.7098	0.989991
19	34420000	34440000	10976	100	9234	11098	0.00911079	0.4617	0.989007
19	34440000	34460000	4746	31	12312	9534	0.00653182	0.6156	0.497797
19	34460000	34480000	11335	90	12991	11480	0.00794001	0.64955	0.987369
19	34480000	34500000	10909	73	12792	11050	0.00669172	0.6396	0.98724
19	34500000	34520000	8945	68	13499	9043	0.00760201	0.67495	0.989163
19	34520000	34540000	9242	89	13398	9446	0.00962995	0.6699	0.978404
19	34540000	34560000	7994	85	13287	8375	0.010633	0.66435	0.954507
19	34560000	34580000	7541	42	14967	7623	0.00556955	0.74835	0.989243
19	34580000	34600000	6164	39	14370	6886	0.00632706	0.7185	0.89515
19	34600000	34620000	8118	46	13946	8175	0.00566642	0.6973	0.993028
19	34620000	34640000	6034	43	16572	6086	0.00712628	0.8286	0.991456
19	34640000	34660000	7239	35	15345	7318	0.00483492	0.76725	0.989205
19	34660000	34680000	9797	46	11552	10148	0.00469531	0.5776	0.965412
19	34680000	34700000	9749	31	11288	9815	0.00317981	0.5644	0.993276
19	34700000	34720000	9319	40	7379	9434	0.00429231	0.36895	0.98781
19	34720000	34740000	7460	37	12151	7522	0.00495979	0.60755	0.991758
19	34740000	34760000	5422	38	10982	7114	0.00700848	0.5491	0.762159
19	34760000	34780000	6583	34	12273	8823	0.00516482	0.61365	0.746118
19	34780000	34800000	7453	41	11695	7513	0.00550114	0.58475	0.992014
19	34800000	34820000	10713	65	8817	10860	0.00606739	0.44085	0.986464
19	34820000	34840000	9507	60	10203	9582	0.00631114	0.51015	0.992173
19	34840000	34860000	10228	70	7809	10601	0.00684396	0.39045	0.964815
19	34860000	34880000	9151	45	8985	9384	0.0049175	0.44925	0.975171
19	34880000	34900000	7047	37	9590	7271	0.00525046	0.4795	0.969193
19	34900000	34920000	6598	37	13858	6651	0.00560776	0.6929	0.992031
19	34920000	34940000	7820	29	10290	8054	0.00370844	0.5145	0.970946
19	34940000	34960000	9393	35	7397	9458	0.00372618	0.36985	0.993128
19	34960000	34980000	8167	57	9581	8299	0.00697931	0.47905	0.984094
19	34980000	35000000	9517	88	7432	9788	0.00924661	0.3716	0.972313
19	35000000	35020000	2678	34	17389	4427	0.012696	0.86945	0.604924
19	35020000	35040000	6506	70	10603	6644	0.0107593	0.53015	0.979229
19	35040000	35060000	4740	56	18578	4830	0.0118143	0.9289	0.981366
19	35060000	35080000	5770	59	12846	6529	0.0102253	0.6423	0.883749
19	35080000	35100000	8278	77	10135	9488	0.00930176	0.50675	0.87247
19	35100000	35120000	5008	46	19533	5222	0.0091853	0.97665	0.95902
19	35120000	35140000	9364	53	10664	9433	0.00565997	0.5332	0.992685
19	35140000	35160000	4752	37	14566	5390	0.0077862	0.7283	0.881633
19	35160000	35180000	5830	57	9604	6027	0.00977702	0.4802	0.967314
19	35180000	35200000	3864	32	16421	3985	0.00828157	0.82105	0.969636
19	35200000	35220000	5880	69	17082	6586	0.0117347	0.8541	0.892803
19	35220000	35240000	4923	35	6230	4992	0.00710949	0.3115	0.986178
19	35240000	35260000	11245	59	10576	12366	0.00524678	0.5288	0.909348
19	35260000	35280000	9479	61	8949	11840	0.00643528	0.44745	0.800591
19	35280000	35300000	7445	45	12939	10500	0.00604433	0.64695	0.709048
19	35300000	35320000	11474	88	11403	11973	0.00766951	0.57015	0.958323
19	35320000	35340000	11192	74	12530	11740	0.00661187	0.6265	0.953322
19	35340000	35360000	6228	43	14346	6308	0.0069043	0.7173	0.987318
19	35360000	35380000	9000	33	13551	9614	0.00366667	0.67755	0.936135
19	35380000	35400000	10143	48	11306	10256	0.00473233	0.5653	0.988982
19	35400000	35420000	8311	41	11851	8399	0.00493322	0.59255	0.989523
19	35420000	35440000	9191	56	12423	9268	0.00609292	0.62115	0.991692
19	35440000	35460000	8913	46	13069	9239	0.005161	0.65345	0.964715
19	35460000	35480000	9077	44	13745	9161	0.00484742	0.68725	0.990831
19	35480000	35500000	8943	54	11946	9019	0.00603824	0.5973	0.991573
19	35500000	35520000	11472	53	9840	11555	0.00461994	0.492	0.992817
19	35520000	35540000	11564	74	7320	11668	0.00639917	0.366	0.991087
19	35540000	35560000	9460	62	11731	9540	0.00655391	0.58655	0.991614
19	35560000	35580000	11540	95	10034	11701	0.00823224	0.5017	0.98624
19	35580000	35600000	8702	80	12864	9289	0.00919329	0.6432	0.936807
19	35600000	35620000	11039	79	7117	11210	0.00715645	0.35585	0.984746
19	35620000	35640000	8144	52	7736	11160	0.00638507	0.3868	0.729749
19	35640000	35660000	7166	44	11654	11769	0.00614011	0.5827	0.608888
19	35660000	35680000	8255	64	17175	8418	0.00775288	0.85875	0.980637
19	35680000	35700000	10379	57	15587	10511	0.00549186	0.77935	0.987442
19	35700000	35720000	8811	62	13131	9761	0.00703666	0.65655	0.902674
19	35720000	35740000	6681	31	16532	8371	0.00464002	0.8266	0.798113
19	35740000	35760000	8509	46	7977	9921	0.00540604	0.39885	0.857676
19	35760000	35780000	9803	62	9215	10077	0.00632459	0.46075	0.972809
19	35780000	35800000	7567	55	10298	9666	0.0072684	0.5149	0.782847
19	35800000	35820000	8684	70	12619	9026	0.0080608	0.63095	0.962109
19	35820000	35840000	10305	75	8484	10385	0.00727802	0.4242	0.992297
19	35840000	35860000	8225	76	9498	8315	0.00924012	0.4749	0.989176
19	35860000	35880000	5656	36	12744	5810	0.00636492	0.6372	0.973494
19	35880000	35900000	7540	59	15709	7708	0.00782493	0.78545	0.978204
19	35900000	35920000	7845	58	13235	8480	0.00739324	0.66175	0.925118
19	35920000	35940000	10345	95	11285	10749	0.00918318	0.56425	0.962415
19	35940000	35960000	9082	57	13531	9633	0.00627615	0.67655	0.942801
19	35960000	35980000	9115	66	13515	9205	0.00724081	0.67575	0.990223
19	35980000	36000000	12025	75	5717	12820	0.00623701	0.28585	0.937988
19	36000000	36020000	9821	67	8131	10190	0.00682212	0.40655	0.963788
19	36020000	36040000	11236	71	6699	11671	0.00631897	0.33495	0.962728
19	36040000	36060000	10549	62	7685	12183	0.00587733	0.38425	0.865879
19	36060000	36080000	3045	19	12901	7572	0.00623974	0.64505	0.402139
19	36080000	36100000	1312	9	16600	5744	0.00685976	0.83	0.228412
19	36100000	36120000	10106	45	9591	10600	0.0044528	0.47955	0.953396
19	36120000	36140000	9209	30	7635	10949	0.00325768	0.38175	0.841081
19	36140000	36160000	6115	31	14527	6316	0.0050695	0.72635	0.968176
19	36160000	36180000	4858	20	14305	5588	0.00411692	0.71525	0.869363
19	36180000	36200000	5789	18	13359	6035	0.00310935	0.66795	0.959238
19	36200000	36220000	12226	50	3702	12324	0.00408965	0.1851	0.992048
19	36220000	36240000	12398	44	3945	12739	0.00354896	0.19725	0.973232
19	36240000	36260000	9665	46	7918	10114	0.00475944	0.3959	0.955606
19	36260000	36280000	9803	68	9113	10341	0.00693665	0.45565	0.947974
19	36280000	36300000	9175	68	9806	9561	0.00741144	0.4903	0.959628
19	36300000	36320000	4917	52	15144	6610	0.0105756	0.7572	0.743873
19	36320000	36340000	8316	35	10929	8440	0.00420875	0.54645	0.985308
19	36340000	36360000	11389	74	6556	11456	0.0064975	0.3278	0.994152
19	36360000	36380000	9447	38	9563	9543	0.00402244	0.47815	0.98994
19	36380000	36400000	8639	40	9348	8941	0.00463017	0.4674	0.966223
19	36400000	36420000	5508	52	17139	5560	0.00944081	0.85695	0.990647
19	36420000	36440000	8591	34	9348	8657	0.00395763	0.4674	0.992376
19	36440000	36460000	7233	34	11600	7311	0.00470068	0.58	0.989331
19	36460000	36480000	8934	48	9521	9017	0.00537273	0.47605	0.990795
19	36480000	36500000	9377	62	11085	9455	0.00661192	0.55425	0.99175
19	36500000	36520000	9757	39	7387	10325	0.00399713	0.36935	0.944988
19	36520000	36540000	2988	6	14055	8355	0.00200803	0.70275	0.35763
19	36540000	36560000	9748	39	12306	9829	0.00400082	0.6153	0.991759
19	36560000	36580000	9539	38	11911	9614	0.00398365	0.59555	0.992199
19	36580000	36600000	11189	42	9739	11269	0.00375369	0.48695	0.992901
19	36600000	36620000	8908	44	10657	8968	0.00493938	0.53285	0.99331
19	36620000	36640000	6794	46	12667	7052	0.00677068	0.63335	0.963415
19	36640000	36660000	4537	33	15716	4566	0.00727353	0.7858	0.993649
19	36660000	36680000	4749	26	14594	4803	0.00547484	0.7297	0.988757
19	36680000	36700000	5939	36	14929	6006	0.00606163	0.74645	0.988844
19	36700000	36720000	7098	41	14082	7271	0.00577628	0.7041	0.976207
19	36720000	36740000	6254	35	12836	6922	0.00559642	0.6418	0.903496
19	36740000	36760000	1258	20	16427	2161	0.0158983	0.82135	0.582138
19	36760000	36780000	0	0	13799	0		0.68995	
19	36780000	36800000	0	0	13760	0		0.688	
19	36800000	36820000	673	13	11716	735	0.0193165	0.5858	0.915646
19	36820000	36840000	6479	34	11612	6953	0.00524772	0.5806	0.931828
19	36840000	36860000	7020	38	15226	7076	0.00541311	0.7613	0.992086
19	36860000	36880000	7625	50	12790	8423	0.00655738	0.6395	0.905259
19	36880000	36900000	8034	68	12164	8121	0.00846403	0.6082	0.989287
19	36900000	36920000	7373	64	10884	7502	0.00868032	0.5442	0.982805
19	36920000	36940000	5780	36	14550	5867	0.00622837	0.7275	0.985171
19	36940000	36960000	5828	43	16217	5887	0.00737817	0.81085	0.989978
19	36960000	36980000	8401	36	14797	9159	0.0042852	0.73985	0.91724
19	36980000	37000000	2677	30	15288	4648	0.0112066	0.7644	0.575947
19	37000000	37020000	8610	69	11088	8720	0.00801394	0.5544	0.987385
19	37020000	37040000	7718	43	12376	7800	0.00557139	0.6188	0.989487
19	37040000	37060000	8307	85	15087	8413	0.0102323	0.75435	0.9874
19	37060000	37080000	8560	59	13241	8661	0.00689252	0.66205	0.988339
19	37080000	37100000	8819	35	11527	9414	0.0039687	0.57635	0.936796
19	37100000	37120000	9779	39	12832	9838	0.00398814	0.6416	0.994003
19	37120000	37140000	6217	26	13804	6291	0.00418208	0.6902	0.988237
19	37140000	37160000	7963	37	14059	8087	0.00464649	0.70295	0.984667
19	37160000	37180000	8899	73	13021	9036	0.00820317	0.65105	0.984838
19	37180000	37200000	6358	37	16057	6412	0.00581944	0.80285	0.991578
19	37200000	37220000	7901	37	10964	8024	0.00468295	0.5482	0.984671
19	37220000	37240000	4136	26	16928	4568	0.00628627	0.8464	0.905429
19	37240000	37260000	4574	37	11804	4616	0.0080892	0.5902	0.990901
19	37260000	37280000	4098	51	13518	4160	0.0124451	0.6759	0.985096
19	37280000	37300000	2095	37	10437	2360	0.0176611	0.52185	0.887712
19	37300000	37320000	6431	39	10907	6485	0.00606438	0.54535	0.991673
19	37320000	37340000	7911	54	16217	7979	0.00682594	0.81085	0.991478
19	37340000	37360000	7817	37	14115	8788	0.00473327	0.70575	0.889508
19	37360000	37380000	8701	51	12772	8787	0.0058614	0.6386	0.990213
19	37380000	37400000	7310	34	13832	7362	0.00465116	0.6916	0.992937
19	37400000	37420000	9905	48	12854	10001	0.00484604	0.6427	0.990401
19	37420000	37440000	8973	25	13969	9190	0.00278614	0.69845	0.976387
19	37440000	37460000	6916	24	13653	7259	0.00347021	0.68265	0.952748
19	37460000	37480000	9352	36	12436	9515	0.00384944	0.6218	0.982869
19	37480000	37500000	7532	23	11737	7818	0.00305364	0.58685	0.963418
19	37500000	37520000	7081	57	14866	7338	0.00804971	0.7433	0.964977
19	37520000	37540000	2126	20	12487	2141	0.00940734	0.62435	0.992994
19	37540000	37560000	6240	38	16084	6309	0.00608974	0.8042	0.989063
19	37560000	37580000	10057	56	12075	10202	0.00556826	0.60375	0.985787
19	37580000	37600000	5530	29	15337	5764	0.00524412	0.76685	0.959403
19	37600000	37620000	2828	16	16543	2863	0.00565771	0.82715	0.987775
19	37620000	37640000	9944	58	12312	10054	0.00583266	0.6156	0.989059
19	37640000	37660000	6576	52	10391	6701	0.00790754	0.51955	0.981346
19	37660000	37680000	8629	49	9805	9126	0.00567853	0.49025	0.94554
19	37680000	37700000	5254	38	13191	5555	0.00723258	0.65955	0.945815
19	37700000	37720000	6605	44	14264	6663	0.00666162	0.7132	0.991295
19	37720000	37740000	6729	46	12057	6810	0.00683608	0.60285	0.988106
19	37740000	37760000	3528	28	9312	3789	0.00793651	0.4656	0.931116
19	37760000	37780000	0	0	13885	0		0.69425	
19	37780000	37800000	1612	19	13969	1891	0.0117866	0.69845	0.852459
19	37800000	37820000	1730	37	10686	1749	0.0213873	0.5343	0.989137
19	37820000	37840000	9303	81	10602	9441	0.00870687	0.5301	0.985383
19	37840000	37860000	6474	56	15152	6539	0.00864998	0.7576	0.99006
19	37860000	37880000	10500	77	12315	10750	0.00733333	0.61575	0.976744
19	37880000	37900000	8448	34	12458	8527	0.00402462	0.6229	0.990735
19	37900000	37920000	7084	39	12567	7124	0.00550536	0.62835	0.994385
19	37920000	37940000	5784	23	17925	5828	0.00397649	0.89625	0.99245
19	37940000	37960000	9322	45	16066	9368	0.00482729	0.8033	0.99509
19	37960000	37980000	8579	41	14153	8645	0.00477911	0.70765	0.992366
19	37980000	38000000	7702	49	12611	7784	0.00636198	0.63055	0.989466
19	38000000	38020000	8578	96	13163	8995	0.0111914	0.65815	0.953641
19	38020000	38040000	8517	34	11507	9027	0.00399202	0.57535	0.943503
19	38040000	38060000	7942	43	12694	8061	0.00541425	0.6347	0.985238
19	38060000	38080000	10351	41	7932	10452	0.00396097	0.3966	0.990337
19	38080000	38100000	10519	34	12741	10705	0.00323225	0.63705	0.982625
19	38100000	38120000	6740	33	14494	7050	0.00489614	0.7247	0.956028
19	38120000	38140000	8757	38	10947	8824	0.00433939	0.54735	0.992407
19	38140000	38160000	8289	34	9139	8413	0.00410182	0.45695	0.985261
19	38160000	38180000	7159	44	13042	7471	0.00614611	0.6521	0.958239
19	38180000	38200000	6182	29	11753	6434	0.00469104	0.58765	0.960833
19	38200000	38220000	8892	48	11401	8987	0.00539811	0.57005	0.989429
19	38220000	38240000	3650	22	13228	6669	0.0060274	0.6614	0.547308
19	38240000	38260000	6177	48	16690	6991	0.00777076	0.8345	0.883565
19	38260000	38280000	5319	42	11407	5440	0.00789622	0.57035	0.977757
19	38280000	38300000	6684	46	10233	6799	0.00688211	0.51165	0.983086
19	38300000	38320000	8756	56	11180	8808	0.00639561	0.559	0.994096
19	38320000	38340000	6348	51	13621	6402	0.00803403	0.68105	0.991565
19	38340000	38360000	5563	51	14886	6838	0.00916772	0.7443	0.813542
19	38360000	38380000	6625	31	13239	7649	0.00467925	0.66195	0.866126
19	38380000	38400000	9542	32	8662	9821	0.00335359	0.4331	0.971591
19	38400000	38420000	5033	29	14458	7238	0.00576197	0.7229	0.695358
19	38420000	38440000	9116	71	12235	10445	0.0077885	0.61175	0.872762
19	38440000	38460000	8172	59	15889	8217	0.00721977	0.79445	0.994524
19	38460000	38480000	10334	70	12131	10580	0.00677376	0.60655	0.976749
19	38480000	38500000	9926	72	11795	10258	0.00725368	0.58975	0.967635
19	38500000	38520000	10901	63	11226	11006	0.00577929	0.5613	0.99046
19	38520000	38540000	10414	54	12750	10588	0.00518533	0.6375	0.983566
19	38540000	38560000	8916	59	11937	9020	0.00661732	0.59685	0.98847
19	38560000	38580000	9026	51	12265	9288	0.00565034	0.61325	0.971792
19	38580000	38600000	8904	53	13575	9070	0.00595238	0.67875	0.981698
19	38600000	38620000	7652	48	13498	7912	0.00627287	0.6749	0.967139
19	38620000	38640000	9507	64	12351	9587	0.00673188	0.61755	0.991655
19	38640000	38660000	9068	53	12589	9234	0.00584473	0.62945	0.982023
19	38660000	38680000	8240	54	13665	8698	0.0065534	0.68325	0.947344
19	38680000	38700000	11003	56	8709	11304	0.00508952	0.43545	0.973372
19	38700000	38720000	1275	9	7190	8887	0.00705882	0.3595	0.143468
19	38720000	38740000	0	0	15121	5558		0.75605	0
19	38740000	38760000	5765	32	11611	8068	0.00555074	0.58055	0.714551
19	38760000	38780000	8630	52	10416	8747	0.00602549	0.5208	0.986624
19	38780000	38800000	9584	43	11017	9658	0.00448664	0.55085	0.992338
19	38800000	38820000	8761	35	13124	8822	0.00399498	0.6562	0.993085
19	38820000	38840000	5625	27	14347	6984	0.0048	0.71735	0.805412
19	38840000	38860000	8735	48	10299	8794	0.00549513	0.51495	0.993291
19	38860000	38880000	9694	47	7542	9786	0.00484836	0.3771	0.990599
19	38880000	38900000	9886	42	8161	9928	0.00424843	0.40805	0.99577
19	38900000	38920000	9541	49	9779	9622	0.00513573	0.48895	0.991582
19	38920000	38940000	9101	75	10204	9156	0.00824085	0.5102	0.993993
19	38940000	38960000	9917	48	9733	10155	0.00484017	0.48665	0.976563
19	38960000	38980000	8637	43	11954	8773	0.00497858	0.5977	0.984498
19	38980000	39000000	9796	42	8820	9871	0.00428746	0.441	0.992402
19	39000000	39020000	9434	43	8760	9498	0.00455798	0.438	0.993262
19	39020000	39040000	9848	41	10391	9918	0.00416328	0.51955	0.992942
19	39040000	39060000	7920	45	13792	7990	0.00568182	0.6896	0.991239
19	39060000	39080000	7057	31	13189	7256	0.0043928	0.65945	0.972574
19	39080000	39100000	6015	35	12982	6181	0.00581879	0.6491	0.973144
19	39100000	39120000	7528	38	11380	7640	0.00504782	0.569	0.98534
19	39120000	39140000	6174	35	13067	6223	0.00566893	0.65335	0.992126
19	39140000	39160000	10480	43	5878	10551	0.00410305	0.2939	0.993271
19	39160000	39180000	9261	63	9512	9326	0.00680272	0.4756	0.99303
19	39180000	39200000	12639	68	7343	12740	0.00538017	0.36715	0.992072
19	39200000	39220000	12308	74	4210	12529	0.00601235	0.2105	0.982361
19	39220000	39240000	6334	27	9103	7979	0.00426271	0.45515	0.793834
19	39240000	39260000	2111	11	19087	2992	0.0052108	0.95435	0.705548
19	39260000	39280000	1903	145	9826	4190	0.0761955	0.4913	0.454177
19	39280000	39300000	5176	37	12584	5239	0.00714838	0.6292	0.987975
19	39300000	39320000	2701	16	14882	5523	0.00592373	0.7441	0.489046
19	39320000	39340000	8764	71	6723	8958	0.00810132	0.33615	0.978343
19	39340000	39360000	3879	22	15676	3953	0.00567156	0.7838	0.98128
19	39360000	39380000	8597	47	10073	8666	0.00546702	0.50365	0.992038
19	39380000	39400000	9609	59	10168	9681	0.00614008	0.5084	0.992563
19	39400000	39420000	8216	55	11634	9091	0.00669426	0.5817	0.903751
19	39420000	39440000	5755	39	13281	6002	0.00677672	0.66405	0.958847
19	39440000	39460000	4958	26	15955	5786	0.00524405	0.79775	0.856896
19	39460000	39480000	6188	30	13473	6465	0.00484809	0.67365	0.957154
19	39480000	39500000	5175	47	16767	6138	0.00908213	0.83835	0.843109
19	39500000	39520000	4656	27	18172	5202	0.00579897	0.9086	0.89504
19	39520000	39540000	5426	42	15868	6827	0.00774051	0.7934	0.794785
19	39540000	39560000	5910	44	15543	6000	0.00744501	0.77715	0.985
19	39560000	39580000	3083	21	14914	7266	0.00681155	0.7457	0.424305
19	39580000	39600000	2803	26	16161	6338	0.00927578	0.80805	0.442253
19	39600000	39620000	6272	45	14932	7929	0.00717474	0.7466	0.79102
19	39620000	39640000	391	8	11312	10202	0.0204604	0.5656	0.0383258
19	39640000	39660000	0	0	11769	11524		0.58845	0
19	39660000	39680000	0	0	8209	11213		0.41045	0
19	39680000	39700000	6119	37	11349	8896	0.00604674	0.56745	0.687837
19	39700000	39720000	5320	39	15913	6444	0.00733083	0.79565	0.825574
19	39720000	39740000	1876	27	11611	4865	0.0143923	0.58055	0.385612
19	39740000	39760000	5870	40	12802	6261	0.00681431	0.6401	0.93755
19	39760000	39780000	6089	44	17057	6193	0.00722615	0.85285	0.983207
19	39780000	39800000	7747	40	11889	9296	0.00516329	0.59445	0.833369
19	39800000	39820000	10248	39	7788	10750	0.00380562	0.3894	0.953302
19	39820000	39840000	8458	37	12698	9003	0.00437456	0.6349	0.939465
19	39840000	39860000	9598	43	9444	11116	0.0044801	0.4722	0.86344
19	39860000	39880000	5583	24	5596	12876	0.00429876	0.2798	0.433597
19	39880000	39900000	8402	38	7604	9250	0.00452273	0.3802	0.908324
19	39900000	39920000	10470	46	7312	10603	0.00439351	0.3656	0.987456
19	39920000	39940000	7470	49	11183	7552	0.00655957	0.55915	0.989142
19	39940000	39960000	9423	57	12149	9484	0.00604903	0.60745	0.993568
19	39960000	39980000	11535	61	7202	11619	0.00528825	0.3601	0.99277
19	39980000	40000000	8544	64	9714	8611	0.00749064	0.4857	0.992219
19	40000000	40020000	6075	50	15107	6245	0.00823045	0.75535	0.972778
19	40020000	40040000	1077	2	12432	6905	0.00185701	0.6216	0.155974
19	40040000	40060000	0	0	11077	10528		0.55385	0
19	40060000	40080000	0	0	12075	6787		0.60375	0
19	40080000	40100000	0	0	8253	6824		0.41265	0
19	40100000	40120000	0	0	17988	4062		0.8994	0
19	40120000	40140000	0	0	10707	5303		0.53535	0
19	40140000	40160000	1245	13	13610	2538	0.0104418	0.6805	0.490544
19	40160000	40180000	7838	90	12016	8393	0.0114825	0.6008	0.933873
19	40180000	40200000	7181	69	7851	7821	0.00960869	0.39255	0.918169
19	40200000	40220000	1427	25	13874	4413	0.0175193	0.6937	0.323363
19	40220000	40240000	1773	17	11201	8120	0.00958827	0.56005	0.21835
19	40240000	40260000	8548	78	13556	8744	0.00912494	0.6778	0.977585
19	40260000	40280000	9130	76	12773	9800	0.00832421	0.63865	0.931633
19	40280000	40300000	7592	57	16256	8019	0.0075079	0.8128	0.946751
19	40300000	40320000	11828	78	11047	12025	0.00659452	0.55235	0.983617
19	40320000	40340000	10388	33	8273	12369	0.00317674	0.41365	0.839842
19	40340000	40360000	8185	23	16871	8286	0.00281002	0.84355	0.987811
19	40360000	40380000	2026	17	7753	2364	0.00839092	0.38765	0.857022
19	40380000	40400000	0	0	7137	0		0.35685	
19	40400000	40420000	4453	28	11420	4500	0.0062879	0.571	0.989556
19	40420000	40440000	8248	38	13576	8371	0.00460718	0.6788	0.985306
19	40440000	40460000	9542	57	13223	9641	0.00597359	0.66115	0.989731
19	40460000	40480000	6432	38	15654	6591	0.00590796	0.7827	0.975876
19	40480000	40500000	6984	26	14307	7036	0.00372279	0.71535	0.992609
19	40500000	40520000	8791	41	10121	9195	0.00466386	0.50605	0.956063
19	40520000	40540000	7749	43	9653	7833	0.0055491	0.48265	0.989276
19	40540000	40560000	4126	24	12823	4164	0.00581677	0.64115	0.990874
19	40560000	40580000	9043	51	13366	9148	0.00563972	0.6683	0.988522
19	40580000	40600000	6789	47	10987	6852	0.00692296	0.54935	0.990806
19	40600000	40620000	5236	37	19483	6231	0.00706646	0.97415	0.840315
19	40620000	40640000	8989	36	12726	9077	0.00400489	0.6363	0.990305
19	40640000	40660000	7671	63	13919	7766	0.00821275	0.69595	0.987767
19	40660000	40680000	4678	50	15178	5393	0.0106883	0.7589	0.867421
19	40680000	40700000	6734	26	13830	7403	0.003861	0.6915	0.909631
19	40700000	40720000	8848	46	12925	8946	0.00519892	0.64625	0.989045
19	40720000	40740000	9547	71	8510	11266	0.00743689	0.4255	0.847417
19	40740000	40760000	12084	93	8790	12203	0.00769613	0.4395	0.990248
19	40760000	40780000	11366	66	12576	11507	0.00580679	0.6288	0.987747
19	40780000	40800000	9956	34	10985	10078	0.00341503	0.54925	0.987894
19	40800000	40820000	5558	11	18112	5685	0.00197913	0.9056	0.977661
19	40820000	40840000	10132	57	11780	10490	0.00562574	0.589	0.965872
19	40840000	40860000	6220	35	14453	7463	0.00562701	0.72265	0.833445
19	40860000	40880000	7826	41	11847	8672	0.00523895	0.59235	0.902445
19	40880000	40900000	8138	60	9816	8551	0.00737282	0.4908	0.951702
19	40900000	40920000	9176	49	10072	9246	0.00534002	0.5036	0.992429
19	40920000	40940000	6081	27	12557	7034	0.00444006	0.62785	0.864515
19	40940000	40960000	6231	27	12686	7001	0.00433317	0.6343	0.890016
19	40960000	40980000	5691	28	13358	5924	0.00492005	0.6679	0.960668
19	40980000	41000000	5200	38	14835	7082	0.00730769	0.74175	0.734256
19	41000000	41020000	6311	23	12600	8661	0.00364443	0.63	0.728669
19	41020000	41040000	7421	45	10328	9596	0.00606387	0.5164	0.773343
19	41040000	41060000	7665	33	15192	8260	0.00430528	0.7596	0.927966
19	41060000	41080000	7998	37	9840	8396	0.00462616	0.492	0.952596
19	41080000	41100000	9085	45	9147	9274	0.00495322	0.45735	0.97962
19	41100000	41120000	10243	62	2692	11424	0.00605291	0.1346	0.896621
19	41120000	41140000	9266	49	10865	9390	0.00528815	0.54325	0.986794
19	41140000	41160000	5091	30	16455	5338	0.00589275	0.82275	0.953728
19	41160000	41180000	7371	31	10274	7836	0.00420567	0.5137	0.940658
19	41180000	41200000	9687	43	8639	9938	0.00443894	0.43195	0.974743
19	41200000	41220000	8228	43	13069	8900	0.00522606	0.65345	0.924494
19	41220000	41240000	7783	38	11752	8379	0.00488244	0.5876	0.92887
19	41240000	41260000	9037	42	10840	9196	0.00464756	0.542	0.98271
19	41260000	41280000	6758	40	14083	6924	0.00591891	0.70415	0.976025
19	41280000	41300000	5516	28	12170	7153	0.00507614	0.6085	0.771145
19	41300000	41320000	7071	33	5238	8623	0.00466695	0.2619	0.820016
19	41320000	41340000	0	0	11813	1860		0.59065	0
19	41340000	41360000	0	0	9340	658		0.467	0
19	41360000	41380000	0	0	15906	0		0.7953	
19	41380000	41400000	0	0	6720	1150		0.336	0
19	41400000	41420000	0	0	12820	3123		0.641	0
19	41420000	41440000	2225	25	13421	2556	0.011236	0.67105	0.870501
19	41440000	41460000	2531	41	12409	2621	0.0161991	0.62045	0.965662
19	41460000	41480000	4722	50	16148	4893	0.0105887	0.8074	0.965052
19	41480000	41500000	3232	55	14955	3353	0.0170173	0.74775	0.963913
19	41500000	41520000	870	19	12063	1282	0.0218391	0.60315	0.678627
19	41520000	41540000	4957	50	9003	5094	0.0100867	0.45015	0.973106
19	41540000	41560000	3146	21	16353	3173	0.00667514	0.81765	0.991491
19	41560000	41580000	6419	53	12211	6520	0.00825674	0.61055	0.984509
19	41580000	41600000	3388	31	11592	4572	0.00914994	0.5796	0.741032
19	41600000	41620000	1682	17	16153	3276	0.010107	0.80765	0.513431
19	41620000	41640000	2490	17	9707	3967	0.00682731	0.48535	0.627678
19	41640000	41660000	0	0	14829	3797		0.74145	0
19	41660000	41680000	0	0	16309	6743		0.81545	0
19	41680000	41700000	0	0	14921	6084		0.74605	0
19	41700000	41720000	2508	22	11696	7929	0.00877193	0.5848	0.316307
19	41720000	41740000	8053	50	10854	8538	0.00620887	0.5427	0.943195
19	41740000	41760000	7029	37	13045	8318	0.00526391	0.65225	0.845035
19	41760000	41780000	9448	48	7265	9943	0.00508044	0.36325	0.950216
19	41780000	41800000	9185	43	11923	9232	0.00468155	0.59615	0.994909
19	41800000	41820000	12371	45	6260	12437	0.00363754	0.313	0.994693
19	41820000	41840000	8052	40	8563	9817	0.00496771	0.42815	0.82021
19	41840000	41860000	5431	34	12367	6752	0.00626036	0.61835	0.804354
19	41860000	41880000	6140	25	14850	6728	0.00407166	0.7425	0.912604
19	41880000	41900000	8211	34	11406	8789	0.00414079	0.5703	0.934236
19	41900000	41920000	8329	42	11688	8909	0.00504262	0.5844	0.934897
19	41920000	41940000	11074	62	7999	11198	0.0055987	0.39995	0.988927
19	41940000	41960000	8734	56	13329	9453	0.00641172	0.66645	0.923939
19	41960000	41980000	2657	18	19751	2743	0.00677456	0.98755	0.968647
19	41980000	42000000	4842	63	15983	5907	0.0130112	0.79915	0.819705
19	42000000	42020000	1437	8	13555	5582	0.00556715	0.67775	0.257435
19	42020000	42040000	0	0	13954	4295		0.6977	0
19	42040000	42060000	0	0	13027	8898		0.65135	0
19	42060000	42080000	114	9	12366	11622	0.0789474	0.6183	0.00980898
19	42080000	42100000	74	2	7565	9532	0.027027	0.37825	0.00776332
19	42100000	42120000	461	2	11906	8888	0.00433839	0.5953	0.0518677
19	42120000	42140000	9419	83	7216	9633	0.00881198	0.3608	0.977785
19	42140000	42160000	7955	65	13749	8061	0.00817096	0.68745	0.98685
19	42160000	42180000	5945	47	15744	6027	0.0079058	0.7872	0.986395
19	42180000	42200000	5968	21	8691	10251	0.00351877	0.43455	0.582187
19	42200000	42220000	0	0	4559	10573		0.22795	0
19	42220000	42240000	4608	45	11439	7317	0.00976562	0.57195	0.629766
19	42240000	42260000	0	0	11171	7801		0.55855	0
19	42260000	42280000	0	0	10369	7173		0.51845	0
19	42280000	42300000	0	0	11405	6004		0.57025	0
19	42300000	42320000	0	0	7766	8759		0.3883	0
19	42320000	42340000	0	0	17745	5565		0.88725	0
19	42340000	42360000	5151	24	9926	10701	0.00465929	0.4963	0.481357
19	42360000	42380000	7860	44	9351	8112	0.00559796	0.46755	0.968935
19	42380000	42400000	9543	66	6639	10828	0.00691606	0.33195	0.881326
19	42400000	42420000	9807	70	5379	10719	0.00713776	0.26895	0.914917
19	42420000	42440000	9733	73	6149	11934	0.00750026	0.30745	0.815569
19	42440000	42460000	5489	25	9804	7072	0.00455456	0.4902	0.77616
19	42460000	42480000	8418	43	10468	8944	0.0051081	0.5234	0.94119
19	42480000	42500000	5998	32	9395	9418	0.00533511	0.46975	0.636866
19	42500000	42520000	8709	45	13815	9370	0.00516707	0.69075	0.929456
19	42520000	42540000	9621	43	13869	10408	0.00446939	0.69345	0.924385
19	42540000	42560000	11519	53	12191	11599	0.00460109	0.60955	0.993103
19	42560000	42580000	5670	16	9460	10944	0.00282187	0.473	0.518092
19	42580000	42600000	10343	36	4699	11028	0.00348061	0.23495	0.937885
19	42600000	42620000	9602	56	13605	10053	0.00583212	0.68025	0.955138
19	42620000	42640000	10483	54	8692	11416	0.0051512	0.4346	0.918273
19	42640000	42660000	11685	50	9028	12037	0.00427899	0.4514	0.970757
19	42660000	42680000	13761	67	6160	13955	0.00486883	0.308	0.986098
19	42680000	42700000	7264	28	12756	9538	0.00385463	0.6378	0.761585
19	42700000	42720000	10117	52	10387	11891	0.00513986	0.51935	0.850812
19	42720000	42740000	11085	46	7811	11164	0.00414975	0.39055	0.992924
19	42740000	42760000	9279	30	4085	9340	0.00323311	0.20425	0.993469
19	42760000	42780000	7048	31	10231	7087	0.00439841	0.51155	0.994497
19	42780000	42800000	10943	34	2895	11001	0.00310701	0.14475	0.994728
19	42800000	42820000	8599	19	9334	8666	0.00220956	0.4667	0.992269
19	42820000	42840000	9804	47	10196	9889	0.00479396	0.5098	0.991405
19	42840000	42860000	9156	32	9665	9214	0.00349498	0.48325	0.993705
19	42860000	42880000	11226	48	7093	11284	0.00427579	0.35465	0.99486
19	42880000	42900000	8448	49	11072	8572	0.00580019	0.5536	0.985534
19	42900000	42920000	10711	35	7911	10806	0.00326767	0.39555	0.991209
19	42920000	42940000	9052	63	11217	9117	0.00695979	0.56085	0.99287
19	42940000	42960000	5414	46	11708	5579	0.00849649	0.5854	0.970425
19	42960000	42980000	8037	72	11332	8492	0.00895857	0.5666	0.94642
19	42980000	43000000	5460	43	16661	5510	0.00787546	0.83305	0.990926
19	43000000	43020000	9141	49	11475	9776	0.00536046	0.57375	0.935045
19	43020000	43040000	4500	15	10672	7503	0.00333333	0.5336	0.59976
19	43040000	43060000	1775	21	11896	5897	0.011831	0.5948	0.301001
19	43060000	43080000	6420	64	11594	6520	0.00996885	0.5797	0.984663
19	43080000	43100000	5599	44	9947	7677	0.00785855	0.49735	0.729321
19	43100000	43120000	0	0	13700	8003		0.685	0
19	43120000	43140000	0	0	10304	7751		0.5152	0
19	43140000	43160000	0	0	12392	8958		0.6196	0
19	43160000	43180000	0	0	12167	7145		0.60835	0
19	43180000	43200000	0	0	16198	6738		0.8099	0
19	43200000	43220000	0	0	16853	2766		0.84265	0
19	43220000	43240000	0	0	12327	176		0.61635	0
19	43240000	43260000	0	0	11588	175		0.5794	0
19	43260000	43280000	0	0	10877	208		0.54385	0
19	43280000	43300000	0	0	12855	287		0.64275	0
19	43300000	43320000	0	0	14418	69		0.7209	0
19	43320000	43340000	0	0	11746	52		0.5873	0
19	43340000	43360000	0	0	9015	69		0.45075	0
19	43360000	43380000	0	0	11361	74		0.56805	0
19	43380000	43400000	0	0	10405	81		0.52025	0
19	43400000	43420000	0	0	10349	45		0.51745	0
19	43420000	43440000	0	0	7609	81		0.38045	0
19	43440000	43460000	0	0	11659	95		0.58295	0
19	43460000	43480000	0	0	9148	51		0.4574	0
19	43480000	43500000	0	0	9795	326		0.48975	0
19	43500000	43520000	0	0	14283	352		0.71415	0
19	43520000	43540000	0	0	7978	396		0.3989	0
19	43540000	43560000	164	7	12682	222	0.0426829	0.6341	0.738739
19	43560000	43580000	266	12	11770	286	0.0451128	0.5885	0.93007
19	43580000	43600000	457	22	9136	473	0.04814	0.4568	0.966173
19	43600000	43620000	347	20	14038	372	0.0576369	0.7019	0.932796
19	43620000	43640000	505	22	8781	513	0.0435644	0.43905	0.984405
19	43640000	43660000	399	30	10170	413	0.075188	0.5085	0.966102
19	43660000	43680000	304	15	14558	318	0.0493421	0.7279	0.955975
19	43680000	43700000	365	19	7434	378	0.0520548	0.3717	0.965608
19	43700000	43720000	464	14	8455	482	0.0301724	0.42275	0.962656
19	43720000	43740000	473	11	14874	479	0.0232558	0.7437	0.987474
19	43740000	43760000	166	5	15973	172	0.0301205	0.79865	0.965116
19	43760000	43780000	273	10	7747	281	0.03663	0.38735	0.97153
19	43780000	43800000	274	11	13369	280	0.040146	0.66845	0.978571
19	43800000	43820000	10130	68	13048	10258	0.00671273	0.6524	0.987522
19	43820000	43840000	5142	43	17125	5952	0.0083625	0.85625	0.863911
19	43840000	43860000	2708	53	12217	2819	0.0195716	0.61085	0.960624
19	43860000	43880000	290	14	8554	1162	0.0482759	0.4277	0.24957
19	43880000	43900000	1170	18	11081	1615	0.0153846	0.55405	0.724458
19	43900000	43920000	7298	72	12870	7364	0.00986572	0.6435	0.991037
19	43920000	43940000	7774	61	15482	7819	0.00784667	0.7741	0.994245
19	43940000	43960000	6095	58	15384	6276	0.009516	0.7692	0.97116
19	43960000	43980000	9755	48	11846	9829	0.00492055	0.5923	0.992471
19	43980000	44000000	6869	45	13776	7781	0.00655117	0.6888	0.882791
19	44000000	44020000	5721	25	13313	6653	0.00436987	0.66565	0.859913
19	44020000	44040000	6291	32	12541	6680	0.00508663	0.62705	0.941766
19	44040000	44060000	10013	27	11421	10210	0.00269649	0.57105	0.980705
19	44060000	44080000	7527	29	14994	7617	0.0038528	0.7497	0.988184
19	44080000	44100000	9541	38	8680	10290	0.00398281	0.434	0.927211
19	44100000	44120000	9581	33	11211	9805	0.00344432	0.56055	0.977155
19	44120000	44140000	10268	37	11737	10350	0.00360343	0.58685	0.992077
19	44140000	44160000	7567	19	12056	8284	0.0025109	0.6028	0.913448
19	44160000	44180000	7689	50	14279	8745	0.0065028	0.71395	0.879245
19	44180000	44200000	8823	72	12282	8925	0.00816049	0.6141	0.988571
19	44200000	44220000	7468	32	13287	7903	0.00428495	0.66435	0.944958
19	44220000	44240000	10840	71	9170	10948	0.00654982	0.4585	0.990135
19	44240000	44260000	11772	79	9982	11896	0.00671084	0.4991	0.989576
19	44260000	44280000	11017	66	9917	11119	0.00599074	0.49585	0.990827
19	44280000	44300000	6342	61	11028	8982	0.00961842	0.5514	0.706079
19	44300000	44320000	8318	55	13155	8791	0.00661217	0.65775	0.946195
19	44320000	44340000	8522	35	12098	8602	0.00410702	0.6049	0.9907
19	44340000	44360000	10425	51	10249	10488	0.00489209	0.51245	0.993993
19	44360000	44380000	7009	50	15193	7037	0.00713369	0.75965	0.996021
19	44380000	44400000	8931	110	17257	9018	0.0123166	0.86285	0.990353
19	44400000	44420000	9564	39	11492	9612	0.00407779	0.5746	0.995006
19	44420000	44440000	10527	50	9992	10579	0.00474969	0.4996	0.995085
19	44440000	44460000	7113	31	17314	7884	0.00435822	0.8657	0.902207
19	44460000	44480000	6861	64	13637	6919	0.00932809	0.68185	0.991617
19	44480000	44500000	10117	56	10633	10581	0.00553524	0.53165	0.956148
19	44500000	44520000	8350	52	9714	9338	0.00622754	0.4857	0.894196
19	44520000	44540000	8109	48	13976	8294	0.00591935	0.6988	0.977695
19	44540000	44560000	10516	63	16923	10672	0.00599087	0.84615	0.985382
19	44560000	44580000	9300	51	12438	9384	0.00548387	0.6219	0.991049
19	44580000	44600000	8196	43	12266	8310	0.00524646	0.6133	0.986282
19	44600000	44620000	9510	53	9106	9580	0.00557308	0.4553	0.992693
19	44620000	44640000	5848	32	13262	5879	0.00547196	0.6631	0.994727
19	44640000	44660000	9101	68	12325	9258	0.00747171	0.61625	0.983042
19	44660000	44680000	8922	44	8692	9052	0.00493163	0.4346	0.985639
19	44680000	44700000	8998	38	15111	9143	0.00422316	0.75555	0.984141
19	44700000	44720000	8313	45	15239	9792	0.00541321	0.76195	0.848958
19	44720000	44740000	6260	24	13238	6310	0.00383387	0.6619	0.992076
19	44740000	44760000	7102	23	15374	7223	0.00323852	0.7687	0.983248
19	44760000	44780000	8841	51	10322	8961	0.00576858	0.5161	0.986609
19	44780000	44800000	7841	50	13293	8749	0.00637674	0.66465	0.896217
19	44800000	44820000	9478	66	12507	9612	0.00696349	0.62535	0.986059
19	44820000	44840000	8212	71	11968	8354	0.00864588	0.5984	0.983002
19	44840000	44860000	9808	66	12980	9889	0.0067292	0.649	0.991809
19	44860000	44880000	1149	19	11647	1301	0.0165361	0.58235	0.883167
19	44880000	44900000	1164	25	12274	1192	0.0214777	0.6137	0.97651
19	44900000	44920000	1374	32	11325	1464	0.0232897	0.56625	0.938525
19	44920000	44940000	7105	58	10242	7547	0.00816327	0.5121	0.941434
19	44940000	44960000	8804	44	9495	10140	0.00499773	0.47475	0.868245
19	44960000	44980000	2557	28	9396	2595	0.0109503	0.4698	0.985356
19	44980000	45000000	9370	71	8471	9489	0.00757737	0.42355	0.987459
19	45000000	45020000	11513	52	10646	11736	0.00451663	0.5323	0.980999
19	45020000	45040000	6546	51	12733	10638	0.00779102	0.63665	0.615341
19	45040000	45060000	2730	16	13147	9822	0.00586081	0.65735	0.277947
19	45060000	45080000	8795	74	15776	8904	0.00841387	0.7888	0.987758
19	45080000	45100000	7089	38	14746	8126	0.00536042	0.7373	0.872385
19	45100000	45120000	9243	56	14034	9331	0.00605864	0.7017	0.990569
19	45120000	45140000	8310	49	14898	8404	0.00589651	0.7449	0.988815
19	45140000	45160000	7338	35	12293	8245	0.00476969	0.61465	0.889994
19	45160000	45180000	9168	52	13330	9250	0.0056719	0.6665	0.991135
19	45180000	45200000	6859	39	14757	8590	0.00568596	0.73785	0.798487
19	45200000	45220000	9667	53	9321	10693	0.00548257	0.46605	0.904049
19	45220000	45240000	6986	34	15025	7157	0.00486688	0.75125	0.976107
19	45240000	45260000	8938	39	9780	9325	0.00436339	0.489	0.958499
19	45260000	45280000	5449	28	13293	5819	0.00513856	0.66465	0.936415
19	45280000	45300000	5570	24	13993	6342	0.0043088	0.69965	0.878272
19	45300000	45320000	7055	36	11355	8232	0.00510276	0.56775	0.857021
19	45320000	45340000	5683	30	14018	6947	0.0052789	0.7009	0.818051
19	45340000	45360000	6892	41	11548	7132	0.00594893	0.5774	0.966349
19	45360000	45380000	7257	56	12151	7567	0.00771669	0.60755	0.959033
19	45380000	45400000	6801	83	9021	8528	0.0122041	0.45105	0.797491
19	45400000	45420000	2263	37	9701	7285	0.01635	0.48505	0.310638
19	45420000	45440000	0	0	14306	2604		0.7153	0
19	45440000	45460000	5962	32	12366	7092	0.00536733	0.6183	0.840666
19	45460000	45480000	8681	39	13207	9109	0.00449257	0.66035	0.953014
19	45480000	45500000	10006	55	9658	10105	0.0054967	0.4829	0.990203
19	45500000	45520000	5947	33	14561	6038	0.00554902	0.72805	0.984929
19	45520000	45540000	5470	22	15298	5548	0.00402194	0.7649	0.985941
19	45540000	45560000	8759	34	11385	8850	0.00388172	0.56925	0.989718
19	45560000	45580000	10712	42	6732	10993	0.00392084	0.3366	0.974438
19	45580000	45600000	7549	42	11481	7794	0.00556365	0.57405	0.968566
19	45600000	45620000	12548	87	9306	12667	0.00693338	0.4653	0.990606
19	45620000	45640000	8448	53	9225	10948	0.00627367	0.46125	0.771648
19	45640000	45660000	12174	67	5464	12803	0.00550353	0.2732	0.950871
19	45660000	45680000	8738	57	7534	10765	0.00652323	0.3767	0.811705
19	45680000	45700000	5456	26	15013	5695	0.0047654	0.75065	0.958033
19	45700000	45720000	5036	36	16273	5175	0.00714853	0.81365	0.97314
19	45720000	45740000	7522	30	10944	7577	0.0039883	0.5472	0.992741
19	45740000	45760000	8917	54	10714	8993	0.00605585	0.5357	0.991549
19	45760000	45780000	7470	44	12872	7537	0.00589023	0.6436	0.991111
19	45780000	45800000	7079	46	13424	7171	0.00649809	0.6712	0.987171
19	45800000	45820000	8919	57	11511	8995	0.00639085	0.57555	0.991551
19	45820000	45840000	6870	58	13419	6977	0.0084425	0.67095	0.984664
19	45840000	45860000	10485	64	7646	10601	0.00610396	0.3823	0.989058
19	45860000	45880000	7433	32	12739	7871	0.00430513	0.63695	0.944353
19	45880000	45900000	5986	26	12520	6152	0.00434347	0.626	0.973017
19	45900000	45920000	7340	62	9874	7572	0.00844687	0.4937	0.969361
19	45920000	45940000	5657	56	14081	6066	0.00989924	0.70405	0.932575
19	45940000	45960000	5582	28	11380	6919	0.00501612	0.569	0.806764
19	45960000	45980000	8679	57	8402	9261	0.00656758	0.4201	0.937156
19	45980000	46000000	6778	41	11724	7832	0.00604898	0.5862	0.865424
19	46000000	46020000	8390	59	9177	8795	0.00703218	0.45885	0.953951
19	46020000	46040000	7758	38	10875	8332	0.00489817	0.54375	0.931109
19	46040000	46060000	6242	54	14550	7571	0.00865107	0.7275	0.824462
19	46060000	46080000	6734	66	13825	7823	0.00980101	0.69125	0.860795
19	46080000	46100000	6797	52	12940	7296	0.00765043	0.647	0.931606
19	46100000	46120000	7763	55	11341	8097	0.00708489	0.56705	0.95875
19	46120000	46140000	5946	38	13760	6533	0.00639085	0.688	0.910148
19	46140000	46160000	6752	54	12576	7160	0.00799763	0.6288	0.943017
19	46160000	46180000	5329	55	12129	5819	0.0103209	0.60645	0.915793
19	46180000	46200000	6528	34	11747	7297	0.00520833	0.58735	0.894614
19	46200000	46220000	6784	34	11823	7383	0.00501179	0.59115	0.918868
19	46220000	46240000	6830	22	12566	6911	0.00322108	0.6283	0.98828
19	46240000	46260000	6514	23	14111	6735	0.00353086	0.70555	0.967186
19	46260000	46280000	8212	38	7316	8516	0.00462737	0.3658	0.964302
19	46280000	46300000	10915	31	6501	11333	0.00284013	0.32505	0.963117
19	46300000	46320000	6727	30	12297	6928	0.00445964	0.61485	0.970987
19	46320000	46340000	11368	56	8066	11511	0.00492611	0.4033	0.987577
19	46340000	46360000	8578	33	12998	8663	0.00384705	0.6499	0.990188
19	46360000	46380000	7276	39	10838	7484	0.00536009	0.5419	0.972207
19	46380000	46400000	7941	28	9164	8039	0.003526	0.4582	0.987809
19	46400000	46420000	6154	37	12357	7637	0.00601235	0.61785	0.805814
19	46420000	46440000	8373	52	11468	8948	0.00621044	0.5734	0.93574
19	46440000	46460000	9721	48	10452	10164	0.00493776	0.5226	0.956415
19	46460000	46480000	252	2	10490	9970	0.00793651	0.5245	0.0252758
19	46480000	46500000	5238	42	16484	6942	0.00801833	0.8242	0.754538
19	46500000	46520000	8756	58	10943	9177	0.00662403	0.54715	0.954124
19	46520000	46540000	9080	63	12473	9602	0.00693833	0.62365	0.945636
19	46540000	46560000	4722	32	15289	5633	0.00677679	0.76445	0.838274
19	46560000	46580000	8272	48	11794	8343	0.00580271	0.5897	0.99149
19	46580000	46600000	10016	49	12791	10125	0.00489217	0.63955	0.989235
19	46600000	46620000	4939	29	16099	4981	0.00587163	0.80495	0.991568
19	46620000	46640000	8423	67	12495	8477	0.00795441	0.62475	0.99363
19	46640000	46660000	7732	64	15544	7890	0.00827729	0.7772	0.979975
19	46660000	46680000	8082	117	13771	8167	0.0144766	0.68855	0.989592
19	46680000	46700000	6358	75	10634	8363	0.0117962	0.5317	0.760253
19	46700000	46720000	3118	43	9473	7633	0.0137909	0.47365	0.408489
19	46720000	46740000	9253	129	6996	9835	0.0139414	0.3498	0.940824
19	46740000	46760000	4868	65	13821	5646	0.0133525	0.69105	0.862203
19	46760000	46780000	4551	42	14837	5200	0.00922874	0.74185	0.875192
19	46780000	46800000	5814	57	16095	6721	0.00980392	0.80475	0.86505
19	46800000	46820000	8251	63	10497	8478	0.00763544	0.52485	0.973225
19	46820000	46840000	7898	63	14488	8050	0.0079767	0.7244	0.981118
19	46840000	46860000	10193	68	10447	10304	0.00667124	0.52235	0.989227
19	46860000	46880000	9260	79	15312	9378	0.00853132	0.7656	0.987417
19	46880000	46900000	11511	89	10959	11669	0.00773173	0.54795	0.98646
19	46900000	46920000	7355	65	11201	7573	0.00883753	0.56005	0.971214
19	46920000	46940000	7943	45	13801	8078	0.00566537	0.69005	0.983288
19	46940000	46960000	4995	47	14892	5354	0.00940941	0.7446	0.932947
19	46960000	46980000	7947	50	11654	8050	0.00629168	0.5827	0.987205
19	46980000	47000000	9529	44	9400	9648	0.00461748	0.47	0.987666
19	47000000	47020000	6959	45	14297	7443	0.00646645	0.71485	0.934972
19	47020000	47040000	8245	66	9841	8621	0.00800485	0.49205	0.956386
19	47040000	47060000	7462	47	15623	7850	0.00629858	0.78115	0.950573
19	47060000	47080000	6032	35	13644	6537	0.00580239	0.6822	0.922747
19	47080000	47100000	5270	40	17423	5325	0.00759013	0.87115	0.989671
19	47100000	47120000	10682	52	7534	10749	0.004868	0.3767	0.993767
19	47120000	47140000	8671	45	8478	10026	0.00518971	0.4239	0.864851
19	47140000	47160000	5498	29	12610	7660	0.00527465	0.6305	0.717755
19	47160000	47180000	7662	45	10628	7752	0.00587314	0.5314	0.98839
19	47180000	47200000	6714	44	13127	7121	0.00655347	0.65635	0.942845
19	47200000	47220000	6988	38	10600	8600	0.00543789	0.53	0.812558
19	47220000	47240000	13041	62	5449	13585	0.00475424	0.27245	0.959956
19	47240000	47260000	8371	35	9582	9781	0.0041811	0.4791	0.855843
19	47260000	47280000	4335	22	15418	5737	0.00507497	0.7709	0.755621
19	47280000	47300000	8217	51	11266	8337	0.00620664	0.5633	0.985606
19	47300000	47320000	4901	41	14805	5577	0.00836564	0.74025	0.878788
19	47320000	47340000	4303	31	16514	4761	0.00720428	0.8257	0.903802
19	47340000	47360000	6541	45	13613	6906	0.00687968	0.68065	0.947147
19	47360000	47380000	7856	25	9037	8547	0.00318228	0.45185	0.919153
19	47380000	47400000	6681	22	12785	6870	0.00329292	0.63925	0.972489
19	47400000	47420000	9978	32	7812	10033	0.00320706	0.3906	0.994518
19	47420000	47440000	11044	38	5836	11082	0.00344078	0.2918	0.996571
19	47440000	47460000	9883	34	10626	9954	0.00344025	0.5313	0.992867
19	47460000	47480000	8847	39	11448	9012	0.00440827	0.5724	0.981691
19	47480000	47500000	11716	56	5302	12530	0.00477979	0.2651	0.935036
19	47500000	47520000	8085	56	9502	8339	0.00692641	0.4751	0.969541
19	47520000	47540000	7428	28	11172	7468	0.00376952	0.5586	0.994644
19	47540000	47560000	4938	30	12965	4980	0.00607533	0.64825	0.991566
19	47560000	47580000	10499	64	9639	10644	0.00609582	0.48195	0.986377
19	47580000	47600000	8457	52	10095	8548	0.00614875	0.50475	0.989354
19	47600000	47620000	8942	47	7153	9011	0.00525609	0.35765	0.992343
19	47620000	47640000	3908	27	15915	4206	0.0069089	0.79575	0.929149
19	47640000	47660000	6691	34	13260	6724	0.00508145	0.663	0.995092
19	47660000	47680000	7690	38	11559	7774	0.00494148	0.57795	0.989195
19	47680000	47700000	7506	39	12245	7556	0.00519584	0.61225	0.993383
19	47700000	47720000	7347	50	11240	7395	0.0068055	0.562	0.993509
19	47720000	47740000	6240	33	9876	6427	0.00528846	0.4938	0.970904
19	47740000	47760000	4402	17	13053	5450	0.00386188	0.65265	0.807706
19	47760000	47780000	9223	52	8668	9326	0.00563808	0.4334	0.988956
19	47780000	47800000	3750	32	16763	3880	0.00853333	0.83815	0.966495
19	47800000	47820000	3629	17	15442	5402	0.00468449	0.7721	0.671788
19	47820000	47840000	6174	43	12947	6638	0.00696469	0.64735	0.930099
19	47840000	47860000	6062	31	13580	6636	0.00511382	0.679	0.913502
19	47860000	47880000	7756	54	11593	7994	0.00696235	0.57965	0.970228
19	47880000	47900000	5848	40	14557	6132	0.00683995	0.72785	0.953686
19	47900000	47920000	1780	8	12308	7260	0.00449438	0.6154	0.245179
19	47920000	47940000	4520	36	7931	9593	0.0079646	0.39655	0.471177
19	47940000	47960000	0	0	11469	10401		0.57345	0
19	47960000	47980000	5842	27	9681	9634	0.0046217	0.48405	0.606394
19	47980000	48000000	9959	55	6485	11337	0.00552264	0.32425	0.878451
19	48000000	48020000	12113	51	4733	12806	0.00421035	0.23665	0.945885
19	48020000	48040000	7019	45	13555	8159	0.00641117	0.67775	0.860277
19	48040000	48060000	7494	31	11661	7705	0.00413664	0.58305	0.972615
19	48060000	48080000	7020	31	14642	7077	0.00441595	0.7321	0.991946
19	48080000	48100000	4971	36	17164	4992	0.007242	0.8582	0.995793
19	48100000	48120000	6094	35	10473	6703	0.00574335	0.52365	0.909145
19	48120000	48140000	7524	48	14006	7596	0.00637959	0.7003	0.990521
19	48140000	48160000	8629	53	14548	8701	0.00614208	0.7274	0.991725
19	48160000	48180000	10102	58	11977	10262	0.00574144	0.59885	0.984408
19	48180000	48200000	9480	63	10207	9547	0.00664557	0.51035	0.992982
19	48200000	48220000	7722	27	13475	7949	0.0034965	0.67375	0.971443
19	48220000	48240000	7126	41	13508	7208	0.00575358	0.6754	0.988624
19	48240000	48260000	7730	62	9509	7870	0.0080207	0.47545	0.982211
19	48260000	48280000	7048	59	13095	7243	0.00837117	0.65475	0.973077
19	48280000	48300000	5147	28	12201	5776	0.00544006	0.61005	0.891101
19	48300000	48320000	4723	32	12544	5047	0.00677535	0.6272	0.935803
19	48320000	48340000	6792	46	12879	7988	0.00677267	0.64395	0.850275
19	48340000	48360000	6588	32	13283	7688	0.00485732	0.66415	0.85692
19	48360000	48380000	4526	35	12349	5331	0.0077331	0.61745	0.848996
19	48380000	48400000	1906	10	12599	6646	0.00524659	0.62995	0.286789
19	48400000	48420000	0	0	14418	2436		0.7209	0
19	48420000	48440000	0	0	14987	0		0.74935	
19	48440000	48460000	0	0	15285	0		0.76425	
19	48460000	48480000	0	0	13191	6996		0.65955	0
19	48480000	48500000	0	0	10185	9337		0.50925	0
19	48500000	48520000	0	0	14132	8950		0.7066	0
19	48520000	48540000	0	0	12597	9337		0.62985	0
19	48540000	48560000	0	0	12949	8742		0.64745	0
19	48560000	48580000	6172	49	15134	6689	0.00793908	0.7567	0.922709
19	48580000	48600000	6820	46	15502	7115	0.00674487	0.7751	0.958538
19	48600000	48620000	6397	48	13997	6570	0.00750352	0.69985	0.973668
19	48620000	48640000	10533	130	10087	10866	0.0123422	0.50435	0.969354
19	48640000	48660000	9965	86	9602	10698	0.00863021	0.4801	0.931483
19	48660000	48680000	9056	55	11826	9382	0.00607332	0.5913	0.965253
19	48680000	48700000	8897	61	12585	9571	0.00685624	0.62925	0.929579
19	48700000	48720000	9791	66	11228	9923	0.00674088	0.5614	0.986698
19	48720000	48740000	9298	88	9851	9958	0.0094644	0.49255	0.933722
19	48740000	48760000	7053	48	11932	7148	0.00680561	0.5966	0.98671
19	48760000	48780000	3921	32	13373	4518	0.00816118	0.66865	0.867862
19	48780000	48800000	5847	34	12565	6867	0.00581495	0.62825	0.851464
19	48800000	48820000	7732	49	13189	8316	0.0063373	0.65945	0.929774
19	48820000	48840000	7306	36	9186	7672	0.00492746	0.4593	0.952294
19	48840000	48860000	7701	51	13980	8381	0.00662252	0.699	0.918864
19	48860000	48880000	7420	48	11914	8610	0.006469	0.5957	0.861789
19	48880000	48900000	7342	36	10819	7576	0.0049033	0.54095	0.969113
19	48900000	48920000	6775	33	13224	8661	0.00487085	0.6612	0.782242
19	48920000	48940000	5599	27	15265	6537	0.00482229	0.76325	0.856509
19	48940000	48960000	9094	66	9320	9853	0.00725753	0.466	0.922968
19	48960000	48980000	9539	34	7761	10307	0.00356431	0.38805	0.925488
19	48980000	49000000	9021	48	10645	9263	0.00532092	0.53225	0.973875
19	49000000	49020000	6947	24	8800	9348	0.00345473	0.44	0.743154
19	49020000	49040000	5498	32	16683	5622	0.0058203	0.83415	0.977944
19	49040000	49060000	6549	46	12932	7298	0.00702397	0.6466	0.897369
19	49060000	49080000	5824	54	14306	6055	0.00927198	0.7153	0.96185
19	49080000	49100000	5562	46	16377	5630	0.00827041	0.81885	0.987922
19	49100000	49120000	8720	67	9159	8809	0.00768349	0.45795	0.989897
19	49120000	49140000	10074	29	5744	10166	0.0028787	0.2872	0.99095
19	49140000	49160000	6281	24	12436	6654	0.00382105	0.6218	0.943943
19	49160000	49180000	10715	68	8451	10968	0.00634624	0.42255	0.976933
19	49180000	49200000	4902	41	15237	6059	0.00836393	0.76185	0.809044
19	49200000	49220000	6505	34	12739	6601	0.00522675	0.63695	0.985457
19	49220000	49240000	7632	38	8961	8271	0.00497904	0.44805	0.922742
19	49240000	49260000	9954	55	6435	10173	0.00552542	0.32175	0.978472
19	49260000	49280000	3862	34	14471	4219	0.00880373	0.72355	0.915383
19	49280000	49300000	4146	28	15732	4431	0.0067535	0.7866	0.93568
19	49300000	49320000	8493	54	9855	8561	0.00635818	0.49275	0.992057
19	49320000	49340000	1497	15	15768	4607	0.01002	0.7884	0.32494
19	49340000	49360000	705	9	13774	5591	0.012766	0.6887	0.126096
19	49360000	49380000	7147	48	9722	7741	0.0067161	0.4861	0.923266
19	49380000	49400000	4800	27	14037	4861	0.005625	0.70185	0.987451
19	49400000	49420000	5884	29	12803	7168	0.00492862	0.64015	0.820871
19	49420000	49440000	5111	31	13258	6026	0.00606535	0.6629	0.848158
19	49440000	49460000	6757	41	13947	6829	0.00606778	0.69735	0.989457
19	49460000	49480000	7572	42	8313	7949	0.00554675	0.41565	0.952573
19	49480000	49500000	7680	43	10121	8049	0.00559896	0.50605	0.954156
19	49500000	49520000	8413	42	11689	9109	0.00499227	0.58445	0.923592
19	49520000	49540000	1501	11	4940	1643	0.00732845	0.247	0.913573
19	49540000	49560000	446	13	6328	476	0.029148	0.3164	0.936975
19	49560000	49580000	6475	23	8135	7492	0.00355212	0.40675	0.864255
19	49580000	49600000	4943	25	15160	6031	0.00505766	0.758	0.819599
19	49600000	49620000	10806	35	7043	11060	0.00323894	0.35215	0.977034
19	49620000	49640000	8045	24	6929	8980	0.00298322	0.34645	0.89588
19	49640000	49660000	8383	29	6069	9898	0.00345938	0.30345	0.846939
19	49660000	49680000	5507	26	13335	6253	0.00472126	0.66675	0.880697
19	49680000	49700000	4081	27	13148	7166	0.00661603	0.6574	0.569495
19	49700000	49720000	6681	33	15001	6832	0.00493938	0.75005	0.977898
19	49720000	49740000	6145	52	15387	6774	0.00846216	0.76935	0.907145
19	49740000	49760000	6110	54	15181	6523	0.00883797	0.75905	0.936686
19	49760000	49780000	6320	39	18157	6499	0.00617089	0.90785	0.972457
19	49780000	49800000	8138	73	14173	8275	0.00897026	0.70865	0.983444
19	49800000	49820000	8170	51	13474	8617	0.00624235	0.6737	0.948126
19	49820000	49840000	7068	42	15944	7146	0.00594228	0.7972	0.989085
19	49840000	49860000	8696	45	8717	9475	0.00517479	0.43585	0.917784
19	49860000	49880000	6604	27	10675	6749	0.00408843	0.53375	0.978515
19	49880000	49900000	7946	36	13311	8217	0.00453058	0.66555	0.96702
19	49900000	49920000	8627	50	7841	11046	0.00579576	0.39205	0.781007
19	49920000	49940000	9599	60	4745	12372	0.00625065	0.23725	0.775865
19	49940000	49960000	8424	28	8056	9037	0.00332384	0.4028	0.932168
19	49960000	49980000	6005	58	10064	7841	0.00965862	0.5032	0.765846
19	49980000	50000000	5808	37	11620	6011	0.00637052	0.581	0.966229
19	50000000	50020000	5841	39	11058	6903	0.00667694	0.5529	0.846154
19	50020000	50040000	5329	31	13477	5898	0.00581723	0.67385	0.903527
19	50040000	50060000	6353	44	14188	6636	0.00692586	0.7094	0.957354
19	50060000	50080000	7255	30	14639	7513	0.00413508	0.73195	0.96566
19	50080000	50100000	7277	41	8471	7887	0.00563419	0.42355	0.922658
19	50100000	50120000	6670	34	11717	7137	0.00509745	0.58585	0.934566
19	50120000	50140000	6776	24	10863	7094	0.00354191	0.54315	0.955173
19	50140000	50160000	7641	36	5828	10219	0.00471143	0.2914	0.747725
19	50160000	50180000	6413	32	8930	9636	0.00498986	0.4465	0.665525
19	50180000	50200000	0	0	6871	9188		0.34355	0
19	50200000	50220000	0	0	11691	7116		0.58455	0
19	50220000	50240000	0	0	16951	4127		0.84755	0
19	50240000	50260000	4934	31	12741	7469	0.00628293	0.63705	0.660597
19	50260000	50280000	7166	37	12068	8632	0.00516327	0.6034	0.830167
19	50280000	50300000	8522	42	13120	9355	0.00492842	0.656	0.910957
19	50300000	50320000	10466	54	7260	10812	0.00515956	0.363	0.967999
19	50320000	50340000	9906	56	8927	10606	0.00565314	0.44635	0.934
19	50340000	50360000	10049	60	9467	10199	0.00597074	0.47335	0.985293
19	50360000	50380000	10312	92	4196	11657	0.00892164	0.2098	0.884619
19	50380000	50400000	10708	83	5923	11091	0.00775121	0.29615	0.965467
19	50400000	50420000	8662	49	9219	9474	0.00565689	0.46095	0.914292
19	50420000	50440000	8746	48	9508	9335	0.00548822	0.4754	0.936904
19	50440000	50460000	6609	45	16841	6830	0.0068089	0.84205	0.967643
19	50460000	50480000	3959	22	10758	4242	0.00555696	0.5379	0.933286
19	50480000	50500000	11782	68	10655	11895	0.00577152	0.53275	0.9905
19	50500000	50520000	11100	65	13195	11204	0.00585586	0.65975	0.990718
19	50520000	50540000	9094	47	14308	9194	0.00516824	0.7154	0.989123
19	50540000	50560000	11230	45	8610	11301	0.00400712	0.4305	0.993717
19	50560000	50580000	3660	28	12474	7318	0.00765027	0.6237	0.500137
19	50580000	50600000	0	0	17131	58		0.85655	0
19	50600000	50620000	0	0	14323	0		0.71615	
19	50620000	50640000	0	0	15416	0		0.7708	
19	50640000	50660000	5801	36	13986	6194	0.00620583	0.6993	0.936552
19	50660000	50680000	6774	43	14541	8165	0.0063478	0.72705	0.829639
19	50680000	50700000	6726	51	15954	7379	0.00758252	0.7977	0.911506
19	50700000	50720000	9532	54	11850	9621	0.00566513	0.5925	0.990749
19	50720000	50740000	8782	59	11800	8863	0.00671829	0.59	0.990861
19	50740000	50760000	9064	56	12950	9164	0.00617829	0.6475	0.989088
19	50760000	50780000	8991	53	12181	9964	0.00589478	0.60905	0.902348
19	50780000	50800000	9460	57	12190	9793	0.00602537	0.6095	0.965996
19	50800000	50820000	8688	49	10012	9458	0.00563996	0.5006	0.918587
19	50820000	50840000	7586	27	3869	10056	0.00355919	0.19345	0.754375
19	50840000	50860000	3664	16	16149	4568	0.00436681	0.80745	0.802102
19	50860000	50880000	6177	21	10956	6252	0.00339971	0.5478	0.988004
19	50880000	50900000	6912	38	11644	8474	0.00549769	0.5822	0.815671
19	50900000	50920000	6552	50	9570	9287	0.00763126	0.4785	0.705502
19	50920000	50940000	6783	38	8002	9708	0.00560224	0.4001	0.698702
19	50940000	50960000	0	0	12406	8675		0.6203	0
19	50960000	50980000	7128	151	11329	9378	0.0211841	0.56645	0.760077
19	50980000	51000000	10793	220	7031	11350	0.0203836	0.35155	0.950925
19	51000000	51020000	7768	90	9158	8230	0.011586	0.4579	0.943864
19	51020000	51040000	7392	47	11570	8394	0.00635823	0.5785	0.880629
19	51040000	51060000	0	0	10696	9263		0.5348	0
19	51060000	51080000	3440	37	9878	9336	0.0107558	0.4939	0.368466
19	51080000	51100000	5121	53	18048	5607	0.0103495	0.9024	0.913323
19	51100000	51120000	3227	65	13585	3507	0.0201425	0.67925	0.92016
19	51120000	51140000	5382	31	11539	5967	0.00575994	0.57695	0.901961
19	51140000	51160000	8229	68	11911	10656	0.00826346	0.59555	0.772241
19	51160000	51180000	7862	64	9316	9284	0.00814042	0.4658	0.846833
19	51180000	51200000	7494	60	7660	10199	0.00800641	0.383	0.734778
19	51200000	51220000	8613	55	7648	11750	0.0063857	0.3824	0.733021
19	51220000	51240000	9146	69	9532	9897	0.00754428	0.4766	0.924118
19	51240000	51260000	2639	36	15778	3562	0.0136415	0.7889	0.740876
19	51260000	51280000	1771	16	14950	3079	0.00903444	0.7475	0.575187
19	51280000	51300000	8116	92	9286	9642	0.0113356	0.4643	0.841734
19	51300000	51320000	9685	76	7120	10234	0.00784719	0.356	0.946355
19	51320000	51340000	9831	43	4831	12209	0.00437392	0.24155	0.805226
19	51340000	51360000	7955	79	12096	9175	0.00993086	0.6048	0.86703
19	51360000	51380000	9165	67	10407	10855	0.00731042	0.52035	0.844311
19	51380000	51400000	6127	46	9793	12128	0.00750775	0.48965	0.505195
19	51400000	51420000	8076	62	11563	9800	0.00767707	0.57815	0.824082
19	51420000	51440000	7947	52	13665	8041	0.00654335	0.68325	0.98831
19	51440000	51460000	8907	53	11121	9379	0.00595038	0.55605	0.949675
19	51460000	51480000	8342	65	11267	9531	0.0077919	0.56335	0.875249
19	51480000	51500000	8089	66	11873	9029	0.00815923	0.59365	0.895891
19	51500000	51520000	10221	70	8294	11381	0.00684864	0.4147	0.898076
19	51520000	51540000	9885	79	7722	10219	0.00799191	0.3861	0.967316
19	51540000	51560000	7520	55	16228	7613	0.00731383	0.8114	0.987784
19	51560000	51580000	12207	46	12805	12569	0.00376833	0.64025	0.971199
19	51580000	51600000	3857	32	9997	11234	0.0082966	0.49985	0.343333
19	51600000	51620000	10318	73	7855	10894	0.00707501	0.39275	0.947127
19	51620000	51640000	2350	9	9619	9189	0.00382979	0.48095	0.255741
19	51640000	51660000	0	0	7593	9075		0.37965	0
19	51660000	51680000	0	0	11089	12088		0.55445	0
19	51680000	51700000	0	0	7755	9786		0.38775	0
19	51700000	51720000	0	0	10677	9555		0.53385	0
19	51720000	51740000	0	0	15467	8924		0.77335	0
19	51740000	51760000	0	0	12733	9908		0.63665	0
19	51760000	51780000	6797	43	12250	12363	0.00632632	0.6125	0.549786
19	51780000	51800000	9384	59	10925	12035	0.0062873	0.54625	0.779726
19	51800000	51820000	8289	74	15093	9377	0.00892749	0.75465	0.883971
19	51820000	51840000	9986	55	8804	10112	0.00550771	0.4402	0.98754
19	51840000	51860000	7963	43	9129	9934	0.00539997	0.45645	0.80159
19	51860000	51880000	7565	44	10144	8622	0.00581626	0.5072	0.877407
19	51880000	51900000	5663	34	11876	8908	0.00600388	0.5938	0.635721
19	51900000	51920000	0	0	13558	5393		0.6779	0
19	51920000	51940000	4042	30	12345	8295	0.00742207	0.61725	0.487281
19	51940000	51960000	7190	61	10831	7311	0.00848401	0.54155	0.98345
19	51960000	51980000	3813	33	9763	10156	0.0086546	0.48815	0.375443
19	51980000	52000000	0	0	10313	11628		0.51565	0
19	52000000	52020000	0	0	9080	11373		0.454	0
19	52020000	52040000	3045	16	13295	10200	0.00525452	0.66475	0.298529
19	52040000	52060000	8406	71	9978	11857	0.00844635	0.4989	0.708948
19	52060000	52080000	12228	82	7814	12339	0.00670592	0.3907	0.991004
19	52080000	52100000	11181	68	8352	11387	0.00608175	0.4176	0.981909
19	52100000	52120000	11388	87	9788	12040	0.00763962	0.4894	0.945847
19	52120000	52140000	9012	80	12941	9265	0.00887705	0.64705	0.972693
19	52140000	52160000	9169	74	10677	9371	0.00807067	0.53385	0.978444
19	52160000	52180000	9192	54	15762	9272	0.00587467	0.7881	0.991372
19	52180000	52200000	6188	47	9087	10789	0.00759535	0.45435	0.573547
19	52200000	52220000	0	0	13093	10308		0.65465	0
19	52220000	52240000	3074	24	12583	9481	0.00780742	0.62915	0.324227
19	52240000	52260000	8760	69	13035	8834	0.00787671	0.65175	0.991623
19	52260000	52280000	8143	65	14426	8207	0.00798232	0.7213	0.992202
19	52280000	52300000	10465	69	13538	10654	0.00659341	0.6769	0.98226
19	52300000	52320000	6939	55	15523	7093	0.00792621	0.77615	0.978288
19	52320000	52340000	9191	47	13589	10712	0.0051137	0.67945	0.85801
19	52340000	52360000	10946	50	10072	11032	0.00456788	0.5036	0.992204
19	52360000	52380000	10143	62	8046	10215	0.00611259	0.4023	0.992952
19	52380000	52400000	9991	76	10239	10091	0.00760685	0.51195	0.99009
19	52400000	52420000	7427	48	12934	7613	0.00646291	0.6467	0.975568
19	52420000	52440000	8200	72	13784	8283	0.00878049	0.6892	0.989979
19	52440000	52460000	9469	45	8642	9554	0.00475235	0.4321	0.991103
19	52460000	52480000	8445	54	11816	8559	0.00639432	0.5908	0.986681
19	52480000	52500000	6428	53	13729	6493	0.00824518	0.68645	0.989989
19	52500000	52520000	9019	46	10982	9359	0.00510034	0.5491	0.963671
19	52520000	52540000	8841	33	10500	8921	0.00373261	0.525	0.991032
19	52540000	52560000	6823	65	12712	6901	0.0095266	0.6356	0.988697
19	52560000	52580000	6039	46	11081	6113	0.00761716	0.55405	0.987895
19	52580000	52600000	7354	60	10972	7531	0.00815883	0.5486	0.976497
19	52600000	52620000	5654	53	12551	5747	0.00937389	0.62755	0.983818
19	52620000	52640000	6852	50	11305	6921	0.00729714	0.56525	0.99003
19	52640000	52660000	5307	38	12370	5468	0.00716035	0.6185	0.970556
19	52660000	52680000	6432	54	10788	6501	0.00839552	0.5394	0.989386
19	52680000	52700000	6744	40	14982	6833	0.0059312	0.7491	0.986975
19	52700000	52720000	12570	96	10841	12687	0.00763723	0.54205	0.990778
19	52720000	52740000	11058	70	11029	11191	0.00633026	0.55145	0.988115
19	52740000	52760000	8372	51	13133	8834	0.00609173	0.65665	0.947702
19	52760000	52780000	8810	85	12591	9269	0.00964813	0.62955	0.95048
19	52780000	52800000	5135	42	12405	5363	0.00817916	0.62025	0.957486
19	52800000	52820000	4231	42	13649	4633	0.00992673	0.68245	0.913231
19	52820000	52840000	5809	26	13645	6226	0.00447581	0.68225	0.933023
19	52840000	52860000	7178	63	12627	7274	0.00877682	0.63135	0.986802
19	52860000	52880000	6327	60	14179	6847	0.00948317	0.70895	0.924054
19	52880000	52900000	6099	51	13439	6190	0.00836203	0.67195	0.985299
19	52900000	52920000	6453	54	11925	6536	0.0083682	0.59625	0.987301
19	52920000	52940000	5641	59	13101	5820	0.0104591	0.65505	0.969244
19	52940000	52960000	7347	62	11856	7436	0.00843882	0.5928	0.988031
19	52960000	52980000	7215	69	13774	7302	0.00956341	0.6887	0.988085
19	52980000	53000000	1362	37	13310	1472	0.0271659	0.6655	0.925272
19	53000000	53020000	1067	13	11289	1131	0.0121837	0.56445	0.943413
19	53020000	53040000	1298	24	12150	1744	0.01849	0.6075	0.744266
19	53040000	53060000	782	15	10034	797	0.0191816	0.5017	0.981179
19	53060000	53080000	2598	42	11933	2789	0.0161663	0.59665	0.931517
19	53080000	53100000	1729	21	11119	3000	0.0121457	0.55595	0.576333
19	53100000	53120000	4534	84	10405	5453	0.0185267	0.52025	0.831469
19	53120000	53140000	662	11	16333	1898	0.0166163	0.81665	0.348788
19	53140000	53160000	4319	33	10849	4635	0.00764066	0.54245	0.931823
19	53160000	53180000	3494	52	14484	3651	0.0148827	0.7242	0.956998
19	53180000	53200000	1000	5	12327	2386	0.005	0.61635	0.419111
19	53200000	53220000	32	0	9905	1096	0	0.49525	0.0291971
19	53220000	53240000	0	0	12457	1173		0.62285	0
19	53240000	53260000	0	0	17722	1445		0.8861	0
19	53260000	53280000	0	0	10363	800		0.51815	0
19	53280000	53300000	0	0	11451	2065		0.57255	0
19	53300000	53320000	0	0	10359	1301		0.51795	0
19	53320000	53340000	683	21	11704	1899	0.0307467	0.5852	0.359663
19	53340000	53360000	0	0	10564	1465		0.5282	0
19	53360000	53380000	0	0	11517	2445		0.57585	0
19	53380000	53400000	0	0	12127	2347		0.60635	0
19	53400000	53420000	0	0	13190	1762		0.6595	0
19	53420000	53440000	0	0	14118	1927		0.7059	0
19	53440000	53460000	0	0	9807	2660		0.49035	0
19	53460000	53480000	0	0	13624	4148		0.6812	0
19	53480000	53500000	0	0	12225	4220		0.61125	0
19	53500000	53520000	0	0	12131	7708		0.60655	0
19	53520000	53540000	0	0	15937	4673		0.79685	0
19	53540000	53560000	0	0	12262	6222		0.6131	0
19	53560000	53580000	6684	41	11081	7145	0.00613405	0.55405	0.935479
19	53580000	53600000	8048	61	11048	8361	0.00757952	0.5524	0.962564
19	53600000	53620000	7957	50	6441	8074	0.00628378	0.32205	0.985509
19	53620000	53640000	5860	58	10609	6713	0.00989761	0.53045	0.872933
19	53640000	53660000	6501	31	11799	6539	0.0047685	0.58995	0.994189
19	53660000	53680000	6858	66	10374	6934	0.0096238	0.5187	0.98904
19	53680000	53700000	6432	50	12102	6488	0.00777363	0.6051	0.991369
19	53700000	53720000	5041	46	11517	5154	0.00912517	0.57585	0.978075
19	53720000	53740000	7538	39	10738	7647	0.00517379	0.5369	0.985746
19	53740000	53760000	9787	60	9066	9878	0.00613058	0.4533	0.990788
19	53760000	53780000	7245	87	9039	7805	0.0120083	0.45195	0.928251
19	53780000	53800000	1607	22	6318	6670	0.0136901	0.3159	0.24093
19	53800000	53820000	2455	40	3913	5008	0.0162933	0.19565	0.490216
19	53820000	53840000	0	0	14235	7245		0.71175	0
19	53840000	53860000	0	0	10222	2015		0.5111	0
19	53860000	53880000	0	0	14323	2229		0.71615	0
19	53880000	53900000	0	0	10942	2320		0.5471	0
19	53900000	53920000	0	0	10664	1579		0.5332	0
19	53920000	53940000	386	4	12251	3042	0.0103627	0.61255	0.12689
19	53940000	53960000	32	2	11735	1662	0.0625	0.58675	0.0192539
19	53960000	53980000	16	0	15486	1885	0	0.7743	0.00848806
19	53980000	54000000	230	1	10270	1458	0.00434783	0.5135	0.15775
19	54000000	54020000	4770	46	10097	5834	0.00964361	0.50485	0.817621
19	54020000	54040000	8018	61	11968	8170	0.00760788	0.5984	0.981395
19	54040000	54060000	5426	49	10022	8198	0.00903059	0.5011	0.661869
19	54060000	54080000	6342	49	13692	6853	0.00772627	0.6846	0.925434
19	54080000	54100000	4971	44	16056	5271	0.00885134	0.8028	0.943085
19	54100000	54120000	4840	38	14259	5460	0.00785124	0.71295	0.886447
19	54120000	54140000	4804	42	14494	5226	0.00874271	0.7247	0.91925
19	54140000	54160000	3018	34	14658	5285	0.0112657	0.7329	0.57105
19	54160000	54180000	6582	63	11579	6659	0.00957156	0.57895	0.988437
19	54180000	54200000	3812	51	9031	4154	0.0133788	0.45155	0.91767
19	54200000	54220000	3061	52	10347	3482	0.0169879	0.51735	0.879092
19	54220000	54240000	2737	33	12132	2951	0.012057	0.6066	0.927482
19	54240000	54260000	2150	48	12548	2194	0.0223256	0.6274	0.979945
19	54260000	54280000	2934	50	11185	3028	0.0170416	0.55925	0.968956
19	54280000	54300000	5307	56	13164	5573	0.0105521	0.6582	0.95227
19	54300000	54320000	5385	42	14255	5908	0.00779944	0.71275	0.911476
19	54320000	54340000	3503	29	15936	3631	0.00827862	0.7968	0.964748
19	54340000	54360000	4062	40	16032	4513	0.00984737	0.8016	0.900066
19	54360000	54380000	6165	49	11298	6261	0.00794809	0.5649	0.984667
19	54380000	54400000	7909	39	11847	8160	0.00493109	0.59235	0.96924
19	54400000	54420000	10166	66	6949	10816	0.00649223	0.34745	0.939904
19	54420000	54440000	4718	37	10845	4748	0.00784231	0.54225	0.993682
19	54440000	54460000	7613	46	14247	7864	0.0060423	0.71235	0.968082
19	54460000	54480000	5150	31	12878	8104	0.00601942	0.6439	0.635489
19	54480000	54500000	10178	68	8400	10365	0.00668108	0.42	0.981959
19	54500000	54520000	7510	65	14892	7591	0.00865513	0.7446	0.989329
19	54520000	54540000	5250	39	14401	5791	0.00742857	0.72005	0.906579
19	54540000	54560000	7815	70	13277	7902	0.00895713	0.66385	0.98899
19	54560000	54580000	4735	38	12877	5634	0.00802534	0.64385	0.840433
19	54580000	54600000	5788	45	14838	5948	0.00777471	0.7419	0.9731
19	54600000	54620000	7977	65	11670	8091	0.00814843	0.5835	0.98591
19	54620000	54640000	9903	86	10250	10067	0.00868424	0.5125	0.983709
19	54640000	54660000	13235	72	2026	13329	0.00544012	0.1013	0.992948
19	54660000	54680000	8596	63	8938	8681	0.00732899	0.4469	0.990209
19	54680000	54700000	7677	50	9041	8011	0.00651296	0.45205	0.958307
19	54700000	54720000	1578	5	9742	8219	0.00316857	0.4871	0.191994
19	54720000	54740000	0	0	8002	609		0.4001	0
19	54740000	54760000	0	0	7118	4157		0.3559	0
19	54760000	54780000	0	0	11311	6361		0.56555	0
19	54780000	54800000	0	0	8077	3021		0.40385	0
19	54800000	54820000	6279	63	7856	6874	0.0100334	0.3928	0.913442
19	54820000	54840000	7226	60	10446	8078	0.00830335	0.5223	0.894528
19	54840000	54860000	6428	56	6935	8008	0.00871189	0.34675	0.802697
19	54860000	54880000	3974	57	7734	5979	0.0143432	0.3867	0.66466
19	54880000	54900000	3057	30	13259	5249	0.00981354	0.66295	0.582397
19	54900000	54920000	6002	57	17105	6078	0.00949683	0.85525	0.987496
19	54920000	54940000	9271	57	10198	9375	0.0061482	0.5099	0.988907
19	54940000	54960000	8723	85	12182	8814	0.00974435	0.6091	0.989676
19	54960000	54980000	10720	63	4443	10820	0.00587687	0.22215	0.990758
19	54980000	55000000	4994	51	13548	5028	0.0102123	0.6774	0.993238
19	55000000	55020000	3626	48	9939	3679	0.0132377	0.49695	0.985594
19	55020000	55040000	9144	74	6831	9240	0.00809274	0.34155	0.98961
19	55040000	55060000	9377	62	8365	9475	0.00661192	0.41825	0.989657
19	55060000	55080000	8711	74	8195	10016	0.00849501	0.40975	0.869708
19	55080000	55100000	0	0	10976	3743		0.5488	0
19	55100000	55120000	0	0	5667	5702		0.28335	0
19	55120000	55140000	0	0	18400	5032		0.92	0
19	55140000	55160000	2853	39	9262	3704	0.0136698	0.4631	0.770248
19	55160000	55180000	8588	100	10768	8723	0.0116442	0.5384	0.984524
19	55180000	55200000	8106	72	13643	8906	0.00888231	0.68215	0.910173
19	55200000	55220000	4279	56	7606	7575	0.0130872	0.3803	0.564884
19	55220000	55240000	826	6	10279	3227	0.00726392	0.51395	0.255965
19	55240000	55260000	0	0	9544	20		0.4772	0
19	55260000	55280000	0	0	8247	94		0.41235	0
19	55280000	55300000	0	0	8166	6		0.4083	0
19	55300000	55320000	0	0	11519	0		0.57595	
19	55320000	55340000	0	0	8945	0		0.44725	
19	55340000	55360000	0	0	8019	61		0.40095	0
19	55360000	55380000	0	0	10900	724		0.545	0
19	55380000	55400000	0	0	15403	6215		0.77015	0
19	55400000	55420000	0	0	15865	3581		0.79325	0
19	55420000	55440000	0	0	13795	5592		0.68975	0
19	55440000	55460000	0	0	12719	5315		0.63595	0
19	55460000	55480000	0	0	16990	2916		0.8495	0
19	55480000	55500000	1536	12	12790	4194	0.0078125	0.6395	0.366237
19	55500000	55520000	4947	42	12823	5119	0.00848999	0.64115	0.9664
19	55520000	55540000	5424	51	14766	5755	0.00940265	0.7383	0.942485
19	55540000	55560000	6537	79	12586	7976	0.0120851	0.6293	0.819584
19	55560000	55580000	4977	46	15475	6328	0.00924252	0.77375	0.786504
19	55580000	55600000	9835	95	8603	10294	0.00965938	0.43015	0.955411
19	55600000	55620000	7926	52	10129	8563	0.00656069	0.50645	0.92561
19	55620000	55640000	6645	59	11046	7173	0.00887886	0.5523	0.926391
19	55640000	55660000	1250	14	12700	7266	0.0112	0.635	0.172034
19	55660000	55680000	0	0	9179	9232		0.45895	0
19	55680000	55700000	6528	34	8557	9466	0.00520833	0.42785	0.689626
19	55700000	55720000	6032	75	12099	6120	0.0124337	0.60495	0.985621
19	55720000	55740000	8398	58	11871	9301	0.00690641	0.59355	0.902914
19	55740000	55760000	12576	72	6330	12696	0.00572519	0.3165	0.990548
19	55760000	55780000	9024	79	8108	10573	0.00875443	0.4054	0.853495
19	55780000	55800000	8259	47	10362	9525	0.00569076	0.5181	0.867087
19	55800000	55820000	6952	45	11407	8818	0.00647296	0.57035	0.788387
19	55820000	55840000	7273	42	11039	9034	0.00577478	0.55195	0.80507
19	55840000	55860000	5467	32	9374	7718	0.0058533	0.4687	0.708344
19	55860000	55880000	8179	56	7547	10564	0.0068468	0.37735	0.774233
19	55880000	55900000	8396	60	7311	9216	0.00714626	0.36555	0.911024
19	55900000	55920000	8554	119	10453	8988	0.0139116	0.52265	0.951713
19	55920000	55940000	4578	117	15820	6529	0.025557	0.791	0.701179
19	55940000	55960000	2375	46	9289	10303	0.0193684	0.46445	0.230515
19	55960000	55980000	3115	68	7766	9286	0.0218299	0.3883	0.335451
19	55980000	56000000	0	0	8873	9045		0.44365	0
19	56000000	56020000	5181	21	8673	10983	0.00405327	0.43365	0.471729
19	56020000	56040000	4728	41	12996	7555	0.00867174	0.6498	0.625811
19	56040000	56060000	6213	63	9627	8870	0.01014	0.48135	0.700451
19	56060000	56080000	6308	52	15385	7158	0.0082435	0.76925	0.881252
19	56080000	56100000	6780	32	13306	7407	0.00471976	0.6653	0.91535
19	56100000	56120000	9509	56	7881	10188	0.00588916	0.39405	0.933353
19	56120000	56140000	9032	46	9046	9555	0.005093	0.4523	0.945264
19	56140000	56160000	7592	29	9679	8429	0.00381981	0.48395	0.9007
19	56160000	56180000	8413	72	3821	11564	0.00855818	0.19105	0.727516
19	56180000	56200000	11922	116	6396	12511	0.00972991	0.3198	0.952921
19	56200000	56220000	9264	81	6453	10840	0.00874352	0.32265	0.854613
19	56220000	56240000	8330	89	11098	9645	0.0106843	0.5549	0.86366
19	56240000	56260000	6943	64	11636	8403	0.00921792	0.5818	0.826253
19	56260000	56280000	2104	35	11116	4241	0.016635	0.5558	0.496109
19	56280000	56300000	4382	47	11180	7320	0.0107257	0.559	0.598634
19	56300000	56320000	9102	50	11793	9305	0.0054933	0.58965	0.978184
19	56320000	56340000	7482	40	12037	7613	0.00534616	0.60185	0.982793
19	56340000	56360000	7830	61	14050	8837	0.00779055	0.7025	0.886047
19	56360000	56380000	7280	59	9628	7780	0.0081044	0.4814	0.935733
19	56380000	56400000	9649	48	12421	9838	0.00497461	0.62105	0.980789
19	56400000	56420000	9350	78	11499	9509	0.00834225	0.57495	0.983279
19	56420000	56440000	9566	99	11763	9696	0.0103492	0.58815	0.986592
19	56440000	56460000	6878	45	13050	8216	0.0065426	0.6525	0.837147
19	56460000	56480000	7641	49	12542	7731	0.00641277	0.6271	0.988359
19	56480000	56500000	8805	68	13380	8935	0.00772288	0.669	0.98545
19	56500000	56520000	5301	63	14526	6197	0.0118846	0.7263	0.855414
19	56520000	56540000	7691	94	12441	8061	0.0122221	0.62205	0.9541
19	56540000	56560000	6170	58	15165	6543	0.00940032	0.75825	0.942993
19	56560000	56580000	8012	58	11578	9643	0.00723914	0.5789	0.830862
19	56580000	56600000	8018	88	11746	8417	0.0109753	0.5873	0.952596
19	56600000	56620000	9451	59	5399	9622	0.00624273	0.26995	0.982228
19	56620000	56640000	10375	96	8595	10506	0.00925301	0.42975	0.987531
19	56640000	56660000	8203	60	12639	9814	0.0073144	0.63195	0.835847
19	56660000	56680000	8303	79	10733	8798	0.00951463	0.53665	0.943737
19	56680000	56700000	6818	62	12862	6958	0.00909358	0.6431	0.979879
19	56700000	56720000	4927	37	8485	4979	0.00750964	0.42425	0.989556
19	56720000	56740000	4662	49	9484	4733	0.0105105	0.4742	0.984999
19	56740000	56760000	3439	38	11015	4847	0.0110497	0.55075	0.709511
19	56760000	56780000	10373	60	11208	10561	0.00578425	0.5604	0.982199
19	56780000	56800000	11413	112	12505	11529	0.00981337	0.62525	0.989938
19	56800000	56820000	9195	57	12028	9711	0.00619902	0.6014	0.946864
19	56820000	56840000	8652	57	9958	8813	0.00658807	0.4979	0.981732
19	56840000	56860000	5007	38	15652	5072	0.00758937	0.7826	0.987185
19	56860000	56880000	7917	59	15481	8012	0.00745232	0.77405	0.988143
19	56880000	56900000	9818	63	8896	9907	0.00641679	0.4448	0.991016
19	56900000	56920000	10181	65	9656	10283	0.00638444	0.4828	0.990081
19	56920000	56940000	10145	53	11140	10252	0.00522425	0.557	0.989563
19	56940000	56960000	9239	58	11380	9304	0.00627774	0.569	0.993014
19	56960000	56980000	8605	71	15351	8886	0.00825102	0.76755	0.968377
19	56980000	57000000	12469	75	8772	12620	0.00601492	0.4386	0.988035
19	57000000	57020000	9537	58	10223	10530	0.00608158	0.51115	0.905698
19	57020000	57040000	9279	47	9746	9371	0.0050652	0.4873	0.990182
19	57040000	57060000	9581	57	10471	9687	0.00594927	0.52355	0.989057
19	57060000	57080000	10711	56	8270	10763	0.00522827	0.4135	0.995169
19	57080000	57100000	9194	40	9327	9622	0.00435066	0.46635	0.955519
19	57100000	57120000	10858	92	11861	10953	0.00847302	0.59305	0.991327
19	57120000	57140000	10217	61	11628	10449	0.00597044	0.5814	0.977797
19	57140000	57160000	11229	78	11074	11483	0.0069463	0.5537	0.97788
19	57160000	57180000	3817	29	11945	9611	0.00759759	0.59725	0.397149
19	57180000	57200000	5619	44	11428	7565	0.00783057	0.5714	0.742763
19	57200000	57220000	7849	79	14315	8100	0.010065	0.71575	0.969012
19	57220000	57240000	7689	70	14017	8112	0.00910391	0.70085	0.947855
19	57240000	57260000	8622	64	14786	8694	0.00742287	0.7393	0.991718
19	57260000	57280000	11114	77	13337	11259	0.0069282	0.66685	0.987121
19	57280000	57300000	10702	60	10013	10888	0.00560643	0.50065	0.982917
19	57300000	57320000	10873	42	13394	10956	0.00386278	0.6697	0.992424
19	57320000	57340000	14581	52	2733	14933	0.00356628	0.13665	0.976428
19	57340000	57360000	12762	60	7391	13071	0.00470146	0.36955	0.97636
19	57360000	57380000	9335	57	13928	9422	0.00610605	0.6964	0.990766
19	57380000	57400000	6355	43	14510	8153	0.00676633	0.7255	0.779468
19	57400000	57420000	8108	65	14930	8197	0.00801677	0.7465	0.989142
19	57420000	57440000	9108	70	10570	9226	0.00768555	0.5285	0.98721
19	57440000	57460000	9578	63	13332	9915	0.00657757	0.6666	0.966011
19	57460000	57480000	8398	56	12295	9126	0.00666825	0.61475	0.920228
19	57480000	57500000	9245	63	10969	9942	0.00681449	0.54845	0.929893
19	57500000	57520000	7061	43	12702	9100	0.00608979	0.6351	0.775934
19	57520000	57540000	5862	35	12134	9298	0.00597066	0.6067	0.630458
19	57540000	57560000	9281	61	13503	9395	0.00657257	0.67515	0.987866
19	57560000	57580000	9685	56	11704	10281	0.00578214	0.5852	0.942029
19	57580000	57600000	8435	62	12834	8544	0.00735033	0.6417	0.987243
19	57600000	57620000	7134	54	13150	8351	0.00756939	0.6575	0.854269
19	57620000	57640000	6655	36	11519	7096	0.00540947	0.57595	0.937852
19	57640000	57660000	7348	49	10711	7432	0.00666848	0.53555	0.988698
19	57660000	57680000	5979	35	12545	6509	0.00585382	0.62725	0.918574
19	57680000	57700000	5611	37	13081	5724	0.00659419	0.65405	0.980259
19	57700000	57720000	4949	43	13616	5705	0.00868862	0.6808	0.867485
19	57720000	57740000	0	0	12532	8802		0.6266	0
19	57740000	57760000	7200	39	8826	9535	0.00541667	0.4413	0.755113
19	57760000	57780000	0	0	11090	9754		0.5545	0
19	57780000	57800000	0	0	13980	7233		0.699	0
19	57800000	57820000	0	0	14845	8232		0.74225	0
19	57820000	57840000	0	0	11824	7148		0.5912	0
19	57840000	57860000	8217	43	14123	8297	0.00523305	0.70615	0.990358
19	57860000	57880000	9008	57	7401	9444	0.00632771	0.37005	0.953833
19	57880000	57900000	6149	33	11699	6507	0.00536673	0.58495	0.944982
19	57900000	57920000	8050	58	10744	8584	0.00720497	0.5372	0.937791
19	57920000	57940000	7385	31	10045	7577	0.0041977	0.50225	0.97466
19	57940000	57960000	7901	44	10764	8985	0.00556892	0.5382	0.879354
19	57960000	57980000	7949	43	14451	8117	0.00540949	0.72255	0.979303
19	57980000	58000000	10108	66	7652	10270	0.00652948	0.3826	0.984226
19	58000000	58020000	4192	25	8620	4298	0.00596374	0.431	0.975337
19	58020000	58040000	5788	33	15752	5880	0.00570145	0.7876	0.984354
19	58040000	58060000	10738	47	8020	10913	0.00437698	0.401	0.983964
19	58060000	58080000	9922	45	14702	10004	0.00453538	0.7351	0.991803
19	58080000	58100000	10414	44	8501	10651	0.00422508	0.42505	0.977749
19	58100000	58120000	10215	48	7082	10263	0.00469897	0.3541	0.995323
19	58120000	58140000	10620	35	8342	10707	0.00329567	0.4171	0.991874
19	58140000	58160000	9712	37	11083	9784	0.00380972	0.55415	0.992641
19	58160000	58180000	5950	38	12943	9763	0.00638655	0.64715	0.609444
19	58180000	58200000	9501	38	8912	9671	0.00399958	0.4456	0.982422
19	58200000	58220000	9074	42	9335	9408	0.00462861	0.46675	0.964498
19	58220000	58240000	8678	44	8989	8860	0.00507029	0.44945	0.979458
19	58240000	58260000	5718	35	14070	6021	0.00612102	0.7035	0.949676
19	58260000	58280000	8028	40	12987	8146	0.00498256	0.64935	0.985514
19	58280000	58300000	6423	19	10016	6571	0.00295812	0.5008	0.977477
19	58300000	58320000	4326	35	13631	4382	0.00809061	0.68155	0.98722
19	58320000	58340000	2398	18	11450	2930	0.00750626	0.5725	0.81843
19	58340000	58360000	0	0	12657	2346		0.63285	0
19	58360000	58380000	0	0	10278	2283		0.5139	0
19	58380000	58400000	0	0	11808	3056		0.5904	0
19	58400000	58420000	447	1	16207	2778	0.00223714	0.81035	0.160907
19	58420000	58440000	3525	22	9255	3562	0.00624113	0.46275	0.989613
19	58440000	58460000	8446	43	8575	8575	0.00509117	0.42875	0.984956
19	58460000	58480000	6390	38	13492	6500	0.00594679	0.6746	0.983077
19	58480000	58500000	8878	49	10164	8947	0.00551926	0.5082	0.992288
19	58500000	58520000	10230	51	9885	10548	0.00498534	0.49425	0.969852
19	58520000	58540000	7620	64	13010	7732	0.00839895	0.6505	0.985515
19	58540000	58560000	7862	36	6895	8740	0.00457899	0.34475	0.899542
19	58560000	58580000	8981	54	6573	9198	0.00601269	0.32865	0.976408
19	58580000	58600000	6256	35	10107	8159	0.00559463	0.50535	0.766761
19	58600000	58620000	6431	29	11463	7262	0.00450941	0.57315	0.885569
19	58620000	58640000	8089	31	11339	8730	0.00383236	0.56695	0.926575
19	58640000	58660000	5191	31	15577	5287	0.00597187	0.77885	0.981842
19	58660000	58680000	6879	49	13021	6940	0.00712313	0.65105	0.99121
19	58680000	58700000	6872	20	11943	6932	0.00291036	0.59715	0.991344
19	58700000	58720000	9271	56	9362	9402	0.00604034	0.4681	0.986067
19	58720000	58740000	8493	43	9640	8849	0.00506299	0.482	0.959769
19	58740000	58760000	8409	64	11444	8505	0.00761089	0.5722	0.988713
19	58760000	58780000	4724	38	14580	4962	0.00804403	0.729	0.952035
19	58780000	58800000	7378	45	13209	7437	0.00609921	0.66045	0.992067
19	58800000	58820000	8997	43	12425	9269	0.00477937	0.62125	0.970655
19	58820000	58840000	9067	60	12818	9141	0.0066174	0.6409	0.991905
19	58840000	58860000	8947	64	11731	9034	0.00715324	0.58655	0.99037
19	58860000	58880000	10219	77	6560	10442	0.00753498	0.328	0.978644
19	58880000	58900000	9109	44	7590	9177	0.00483039	0.3795	0.99259
19	58900000	58920000	7561	45	9151	8003	0.00595159	0.45755	0.944771
19	58920000	58940000	5873	27	12644	6758	0.00459731	0.6322	0.869044
19	58940000	58960000	9942	57	7937	10017	0.00573325	0.39685	0.992513
19	58960000	58980000	6071	40	10748	6227	0.0065887	0.5374	0.974948
19	58980000	59000000	9705	53	6031	10027	0.0054611	0.30155	0.967887
19	59000000	59020000	5144	33	12487	5584	0.00641524	0.62435	0.921203
19	59020000	59040000	8937	45	7118	9172	0.00503525	0.3559	0.974379
19	59040000	59060000	4026	9	7719	6413	0.00223547	0.38595	0.627787
19	59060000	59080000	6311	23	5479	9990	0.00364443	0.27395	0.631732
19	59080000	59100000	0	0	7764	8820		0.3882	0
19	59100000	59120000	0	0	13617	0		0.68085	
19	59120000	59140000	0	0	0	0		0	
