chrom	start	end	anc_valid_bp	hum_sub	repeat_bp	mask_bp	sub_rate	repeat_frac	anc_cov
17	0	50000	21076	160	22626	25203	0.00759157	0.45252	0.83625
17	50000	100000	22394	206	18162	24455	0.00919889	0.36324	0.915723
17	100000	150000	20070	208	21029	24515	0.0103637	0.42058	0.818682
17	150000	200000	17856	214	18079	24898	0.0119848	0.36158	0.717166
17	200000	250000	18259	256	26395	21702	0.0140205	0.5279	0.841351
17	250000	300000	15905	144	28305	18955	0.00905376	0.5661	0.839093
17	300000	350000	0	0	0	0		0	
17	350000	400000	441	4	1629	1419	0.00907029	0.03258	0.310782
17	400000	450000	20109	168	20654	22361	0.00835447	0.41308	0.899289
17	450000	500000	14667	118	23820	16297	0.00804527	0.4764	0.899982
17	500000	550000	19764	132	24016	19996	0.00667881	0.48032	0.988398
17	550000	600000	21786	163	26330	22169	0.00748187	0.5266	0.982724
17	600000	650000	20897	184	23565	21773	0.00880509	0.4713	0.959767
17	650000	700000	21658	182	19694	23351	0.00840336	0.39388	0.927498
17	700000	750000	16413	133	19724	21670	0.00810333	0.39448	0.757407
17	750000	800000	18045	138	25518	20682	0.00764755	0.51036	0.872498
17	800000	850000	18548	179	23406	19454	0.00965064	0.46812	0.953429
17	850000	900000	17888	154	26257	18942	0.00860912	0.52514	0.944356
17	900000	950000	23677	184	13906	28012	0.00777125	0.27812	0.845245
17	950000	1000000	18718	166	17336	23525	0.00886847	0.34672	0.795664
17	1000000	1050000	19992	203	21401	20622	0.0101541	0.42802	0.96945
17	1050000	1100000	22264	230	21302	22752	0.0103306	0.42604	0.978551
17	1100000	1150000	15480	138	31905	16475	0.00891473	0.6381	0.939605
17	1150000	1200000	17496	183	28914	17917	0.0104595	0.57828	0.976503
17	1200000	1250000	16028	146	24819	17574	0.00910906	0.49638	0.912029
17	1250000	1300000	14973	147	31416	16263	0.00981767	0.62832	0.920679
17	1300000	1350000	12190	92	32641	13937	0.00754717	0.65282	0.87465
17	1350000	1400000	20945	140	21309	21465	0.00668417	0.42618	0.975775
17	1400000	1450000	23459	173	21039	24729	0.00737457	0.42078	0.948643
17	1450000	1500000	21416	174	20554	22700	0.00812477	0.41108	0.943436
17	1500000	1550000	20455	177	21386	21908	0.00865314	0.42772	0.933677
17	1550000	1600000	17834	283	25663	20025	0.0158686	0.51326	0.890587
17	1600000	1650000	20012	118	19521	21365	0.00589646	0.39042	0.936672
17	1650000	1700000	19883	141	25309	21083	0.00709149	0.50618	0.943082
17	1700000	1750000	14669	90	36319	16740	0.00613539	0.72638	0.876284
17	1750000	1800000	9461	78	25956	22259	0.00824437	0.51912	0.425042
17	1800000	1850000	24273	179	17225	25724	0.00737445	0.3445	0.943594
17	1850000	1900000	21429	158	28848	23368	0.00737319	0.57696	0.917023
17	1900000	1950000	24440	166	18628	24896	0.00679214	0.37256	0.981684
17	1950000	2000000	28355	134	10680	29134	0.0047258	0.2136	0.973261
17	2000000	2050000	20445	134	29252	21065	0.00655417	0.58504	0.970567
17	2050000	2100000	25686	87	21622	26347	0.00338706	0.43244	0.974912
17	2100000	2150000	25078	167	22801	25711	0.00665922	0.45602	0.97538
17	2150000	2200000	22317	146	30247	22587	0.0065421	0.60494	0.988046
17	2200000	2250000	20261	116	23488	20547	0.00572529	0.46976	0.986081
17	2250000	2300000	28242	209	11806	28555	0.00740033	0.23612	0.989039
17	2300000	2350000	22658	172	22754	22847	0.00759114	0.45508	0.991728
17	2350000	2400000	19671	143	34101	20017	0.00726958	0.68202	0.982715
17	2400000	2450000	15058	140	36296	15240	0.00929738	0.72592	0.988058
17	2450000	2500000	14277	122	35150	15272	0.00854521	0.703	0.934848
17	2500000	2550000	16414	71	34980	16727	0.00432558	0.6996	0.981288
17	2550000	2600000	19465	123	22587	20713	0.00631903	0.45174	0.939748
17	2600000	2650000	15763	121	23216	23125	0.0076762	0.46432	0.681643
17	2650000	2700000	18082	139	30419	20444	0.0076872	0.60838	0.884465
17	2700000	2750000	19188	171	30365	21235	0.00891182	0.6073	0.903603
17	2750000	2800000	22696	175	29033	24104	0.00771061	0.58066	0.941586
17	2800000	2850000	23594	195	25707	24075	0.00826481	0.51414	0.980021
17	2850000	2900000	24278	216	27744	25617	0.00889694	0.55488	0.94773
17	2900000	2950000	24055	202	21423	24985	0.00839742	0.42846	0.962778
17	2950000	3000000	2479	20	34626	8778	0.00806777	0.69252	0.282411
17	3000000	3050000	0	0	34710	21630		0.6942	0
17	3050000	3100000	16286	110	37155	17098	0.00675427	0.7431	0.952509
17	3100000	3150000	10523	95	32009	11189	0.00902784	0.64018	0.940477
17	3150000	3200000	19035	187	30484	19456	0.00982401	0.60968	0.978361
17	3200000	3250000	16751	131	31880	17237	0.00782043	0.6376	0.971805
17	3250000	3300000	15716	126	37429	16008	0.00801731	0.74858	0.981759
17	3300000	3350000	21293	175	32330	21740	0.00821866	0.6466	0.979439
17	3350000	3400000	1314	14	27883	24251	0.0106545	0.55766	0.0541833
17	3400000	3450000	11045	72	26141	25160	0.00651879	0.52282	0.43899
17	3450000	3500000	21311	149	22854	24158	0.00699169	0.45708	0.882151
17	3500000	3550000	21179	172	26846	21571	0.00812125	0.53692	0.981827
17	3550000	3600000	23901	217	14434	25155	0.00907912	0.28868	0.950149
17	3600000	3650000	21079	124	26050	21497	0.00588263	0.521	0.980555
17	3650000	3700000	20426	157	31679	20948	0.00768628	0.63358	0.975081
17	3700000	3750000	25760	150	22513	27370	0.00582298	0.45026	0.941176
17	3750000	3800000	25429	181	23870	27065	0.00711786	0.4774	0.939553
17	3800000	3850000	26178	198	18937	27071	0.0075636	0.37874	0.967013
17	3850000	3900000	22597	203	23886	23552	0.00898349	0.47772	0.959451
17	3900000	3950000	26063	181	25239	26425	0.00694471	0.50478	0.986301
17	3950000	4000000	28846	196	19622	29481	0.0067947	0.39244	0.978461
17	4000000	4050000	19831	117	27903	22234	0.00589985	0.55806	0.891922
17	4050000	4100000	26657	186	15222	28598	0.00697753	0.30444	0.932128
17	4100000	4150000	21438	144	23497	22559	0.00671704	0.46994	0.950308
17	4150000	4200000	23666	134	24536	24642	0.00566213	0.49072	0.960393
17	4200000	4250000	24704	109	24834	25069	0.00441224	0.49668	0.98544
17	4250000	4300000	12500	71	36076	14024	0.00568	0.72152	0.891329
17	4300000	4350000	14185	95	35709	16268	0.00669722	0.71418	0.871957
17	4350000	4400000	18615	120	26695	25528	0.00644641	0.5339	0.729199
17	4400000	4450000	30253	262	12956	33349	0.0086603	0.25912	0.907164
17	4450000	4500000	27576	208	17582	28904	0.00754279	0.35164	0.954055
17	4500000	4550000	18764	150	24116	19390	0.00799403	0.48232	0.967715
17	4550000	4600000	20012	114	31296	21952	0.00569658	0.62592	0.911625
17	4600000	4650000	21694	139	23958	22180	0.0064073	0.47916	0.978088
17	4650000	4700000	13797	95	35204	17453	0.00688555	0.70408	0.790523
17	4700000	4750000	20081	89	23582	21149	0.00443205	0.47164	0.949501
17	4750000	4800000	21965	107	21304	24689	0.00487139	0.42608	0.889667
17	4800000	4850000	20634	122	23917	21197	0.00591257	0.47834	0.97344
17	4850000	4900000	21595	88	17073	23989	0.00407502	0.34146	0.900204
17	4900000	4950000	22213	125	22357	22999	0.00562734	0.44714	0.965825
17	4950000	5000000	16690	87	30715	17965	0.0052127	0.6143	0.929029
17	5000000	5050000	11953	84	16844	12259	0.00702752	0.33688	0.975039
17	5050000	5100000	5234	47	24844	5547	0.00897975	0.49688	0.943573
17	5100000	5150000	17156	106	36115	17309	0.0061786	0.7223	0.991161
17	5150000	5200000	15290	71	37673	16028	0.00464356	0.75346	0.953956
17	5200000	5250000	21119	99	34178	21299	0.00468772	0.68356	0.991549
17	5250000	5300000	23822	89	23651	25571	0.00373604	0.47302	0.931602
17	5300000	5350000	24493	109	23399	24952	0.00445025	0.46798	0.981605
17	5350000	5400000	24542	161	22709	24725	0.00656018	0.45418	0.992599
17	5400000	5450000	21681	126	25702	27684	0.00581154	0.51404	0.78316
17	5450000	5500000	20158	125	35684	20284	0.00620101	0.71368	0.993788
17	5500000	5550000	29293	145	26001	30799	0.00494999	0.52002	0.951102
17	5550000	5600000	28610	190	26103	31180	0.00664103	0.52206	0.917575
17	5600000	5650000	25516	195	30144	26798	0.00764226	0.60288	0.952161
17	5650000	5700000	27730	212	25505	28100	0.00764515	0.5101	0.986833
17	5700000	5750000	25855	178	32627	27053	0.00688455	0.65254	0.955717
17	5750000	5800000	24785	176	29267	27751	0.00710107	0.58534	0.893121
17	5800000	5850000	27365	192	28511	29346	0.00701626	0.57022	0.932495
17	5850000	5900000	26702	145	30616	27127	0.0054303	0.61232	0.984333
17	5900000	5950000	29335	244	29055	29824	0.00831771	0.5811	0.983604
17	5950000	6000000	32041	223	18432	32775	0.00695983	0.36864	0.977605
17	6000000	6050000	29914	254	21047	30258	0.00849101	0.42094	0.988631
17	6050000	6100000	28651	226	26327	29877	0.00788803	0.52654	0.958965
17	6100000	6150000	20988	156	30313	26505	0.00743282	0.60626	0.791851
17	6150000	6200000	28172	235	28569	28989	0.00834162	0.57138	0.971817
17	6200000	6250000	29758	224	24608	30019	0.00752739	0.49216	0.991306
17	6250000	6300000	26444	213	28856	27619	0.00805476	0.57712	0.957457
17	6300000	6350000	24819	186	27967	26812	0.00749426	0.55934	0.925668
17	6350000	6400000	30985	224	18172	32824	0.0072293	0.36344	0.943974
17	6400000	6450000	29991	204	22191	30336	0.00680204	0.44382	0.988627
17	6450000	6500000	27954	165	22230	29231	0.00590255	0.4446	0.956314
17	6500000	6550000	30995	133	21831	31416	0.00429101	0.43662	0.986599
17	6550000	6600000	27096	235	20868	27492	0.00867287	0.41736	0.985596
17	6600000	6650000	15803	127	34209	20385	0.00803645	0.68418	0.775227
17	6650000	6700000	24723	182	26774	25002	0.00736157	0.53548	0.988841
17	6700000	6750000	23037	150	30289	23233	0.00651126	0.60578	0.991564
17	6750000	6800000	15623	107	39108	16642	0.00684888	0.78216	0.938769
17	6800000	6850000	22282	199	35621	23051	0.00893098	0.71242	0.966639
17	6850000	6900000	18441	109	40043	19264	0.00591074	0.80086	0.957278
17	6900000	6950000	24440	96	14336	27929	0.00392799	0.28672	0.875076
17	6950000	7000000	6596	41	33270	20651	0.00621589	0.6654	0.319403
17	7000000	7050000	19743	115	29784	21730	0.00582485	0.59568	0.90856
17	7050000	7100000	18573	73	31323	20303	0.00393044	0.62646	0.914791
17	7100000	7150000	25796	114	11202	26761	0.00441929	0.22404	0.96394
17	7150000	7200000	19675	109	22629	20872	0.00554003	0.45258	0.94265
17	7200000	7250000	20200	69	18958	21838	0.00341584	0.37916	0.924993
17	7250000	7300000	2829	15	24362	21949	0.00530223	0.48724	0.12889
17	7300000	7350000	25008	106	11940	27473	0.00423864	0.2388	0.910276
17	7350000	7400000	21223	117	25180	21670	0.00551289	0.5036	0.979372
17	7400000	7450000	16856	89	34271	17658	0.00528002	0.68542	0.954581
17	7450000	7500000	25581	123	13245	25780	0.00480826	0.2649	0.992281
17	7500000	7550000	14277	73	30776	14950	0.00511312	0.61552	0.954983
17	7550000	7600000	17476	75	28865	18433	0.0042916	0.5773	0.948082
17	7600000	7650000	24212	94	19371	25527	0.00388237	0.38742	0.948486
17	7650000	7700000	25483	128	24695	25670	0.00502296	0.4939	0.992715
17	7700000	7750000	25585	115	18023	25739	0.00449482	0.36046	0.994017
17	7750000	7800000	27525	89	17092	27699	0.00323342	0.34184	0.993718
17	7800000	7850000	30261	105	12843	30459	0.00346981	0.25686	0.993499
17	7850000	7900000	19145	111	35481	19309	0.00579786	0.70962	0.991507
17	7900000	7950000	26715	141	21420	27220	0.00527793	0.4284	0.981447
17	7950000	8000000	25852	167	24596	27042	0.00645985	0.49192	0.955994
17	8000000	8050000	23738	133	21782	24933	0.00560283	0.43564	0.952072
17	8050000	8100000	21317	110	21144	21939	0.0051602	0.42288	0.971649
17	8100000	8150000	17618	101	24494	21317	0.00573277	0.48988	0.826477
17	8150000	8200000	21900	127	24457	24052	0.00579909	0.48914	0.910527
17	8200000	8250000	21424	131	29686	21896	0.00611464	0.59372	0.978444
17	8250000	8300000	20274	112	27438	20908	0.00552432	0.54876	0.969677
17	8300000	8350000	24280	128	27536	24633	0.00527183	0.55072	0.98567
17	8350000	8400000	31661	184	13649	31995	0.00581157	0.27298	0.989561
17	8400000	8450000	31649	181	14126	32108	0.00571898	0.28252	0.985704
17	8450000	8500000	30735	160	21871	31002	0.00520579	0.43742	0.991388
17	8500000	8550000	26101	139	26767	26989	0.00532547	0.53534	0.967098
17	8550000	8600000	24798	95	31730	25042	0.00383095	0.6346	0.990256
17	8600000	8650000	25819	162	26995	26508	0.00627445	0.5399	0.974008
17	8650000	8700000	24204	144	29965	24686	0.00594943	0.5993	0.980475
17	8700000	8750000	25683	171	26154	26454	0.0066581	0.52308	0.970855
17	8750000	8800000	29250	218	22949	29540	0.00745299	0.45898	0.990183
17	8800000	8850000	28059	194	29115	28594	0.006914	0.5823	0.98129
17	8850000	8900000	25260	149	31925	25811	0.00589865	0.6385	0.978653
17	8900000	8950000	26045	158	28234	26513	0.00606642	0.56468	0.982348
17	8950000	9000000	25757	186	27033	25985	0.00722134	0.54066	0.991226
17	9000000	9050000	27017	173	25315	27366	0.00640338	0.5063	0.987247
17	9050000	9100000	29349	188	18163	29806	0.00640567	0.36326	0.984668
17	9100000	9150000	30144	187	15804	31165	0.00620356	0.31608	0.967239
17	9150000	9200000	27019	132	22889	27836	0.00488545	0.45778	0.97065
17	9200000	9250000	22241	132	28236	22781	0.00593498	0.56472	0.976296
17	9250000	9300000	20753	151	32980	20980	0.00727606	0.6596	0.98918
17	9300000	9350000	23683	190	27015	24203	0.00802263	0.5403	0.978515
17	9350000	9400000	23535	148	27186	24156	0.00628851	0.54372	0.974292
17	9400000	9450000	24393	139	29670	24703	0.00569836	0.5934	0.987451
17	9450000	9500000	20655	111	28842	20841	0.005374	0.57684	0.991075
17	9500000	9550000	18053	120	30131	20258	0.00664709	0.60262	0.891154
17	9550000	9600000	24256	102	25167	25433	0.00420515	0.50334	0.953722
17	9600000	9650000	22358	122	27551	24013	0.00545666	0.55102	0.931079
17	9650000	9700000	27772	192	24418	28235	0.00691344	0.48836	0.983602
17	9700000	9750000	25658	181	24131	28453	0.00705433	0.48262	0.901768
17	9750000	9800000	30211	242	26480	30553	0.00801033	0.5296	0.988806
17	9800000	9850000	31099	237	18538	31691	0.00762082	0.37076	0.98132
17	9850000	9900000	26835	237	23820	28441	0.00883175	0.4764	0.943532
17	9900000	9950000	26226	206	22285	27264	0.0078548	0.4457	0.961928
17	9950000	10000000	26969	184	26615	27588	0.00682265	0.5323	0.977563
17	10000000	10050000	23559	180	27013	25818	0.00764039	0.54026	0.912503
17	10050000	10100000	24179	154	27738	24567	0.00636916	0.55476	0.984206
17	10100000	10150000	22696	169	30933	22912	0.00744625	0.61866	0.990573
17	10150000	10200000	23789	127	32745	24072	0.0053386	0.6549	0.988244
17	10200000	10250000	26415	134	22649	26659	0.00507288	0.45298	0.990847
17	10250000	10300000	28655	141	22232	28866	0.00492061	0.44464	0.99269
17	10300000	10350000	28548	141	22042	28722	0.00493905	0.44084	0.993942
17	10350000	10400000	26569	138	19926	26729	0.00519402	0.39852	0.994014
17	10400000	10450000	17299	99	10231	28819	0.00572287	0.20462	0.600264
17	10450000	10500000	27087	143	24440	27334	0.00527929	0.4888	0.990964
17	10500000	10550000	27029	152	17567	27824	0.00562359	0.35134	0.971428
17	10550000	10600000	27282	171	21954	27521	0.00626787	0.43908	0.991316
17	10600000	10650000	25790	119	23658	28071	0.00461419	0.47316	0.918742
17	10650000	10700000	28524	186	26880	29334	0.00652082	0.5376	0.972387
17	10700000	10750000	29673	195	22184	30018	0.00657163	0.44368	0.988507
17	10750000	10800000	26923	182	27401	27781	0.00676002	0.54802	0.969116
17	10800000	10850000	27626	213	27238	27891	0.00771013	0.54476	0.990499
17	10850000	10900000	27500	225	30142	27917	0.00818182	0.60284	0.985063
17	10900000	10950000	29069	236	26719	29983	0.00811861	0.53438	0.969516
17	10950000	11000000	28085	185	30865	28366	0.00658715	0.6173	0.990094
17	11000000	11050000	28271	207	33413	28542	0.00732199	0.66826	0.990505
17	11050000	11100000	24084	164	29972	24671	0.0068095	0.59944	0.976207
17	11100000	11150000	31337	193	18920	31719	0.00615885	0.3784	0.987957
17	11150000	11200000	32643	215	21270	33393	0.0065864	0.4254	0.97754
17	11200000	11250000	30233	183	23911	31648	0.00605299	0.47822	0.955289
17	11250000	11300000	30102	200	22686	32627	0.00664408	0.45372	0.92261
17	11300000	11350000	30944	195	21873	31223	0.00630171	0.43746	0.991064
17	11350000	11400000	26464	148	25362	27263	0.0055925	0.50724	0.970693
17	11400000	11450000	31035	172	23807	31259	0.00554213	0.47614	0.992834
17	11450000	11500000	31313	203	22308	31770	0.00648293	0.44616	0.985615
17	11500000	11550000	29825	194	21199	30224	0.00650461	0.42398	0.986799
17	11550000	11600000	30225	159	26031	30642	0.00526055	0.52062	0.986391
17	11600000	11650000	28807	171	21121	31043	0.00593606	0.42242	0.927971
17	11650000	11700000	29744	239	25194	30021	0.00803523	0.50388	0.990773
17	11700000	11750000	27343	180	24824	28044	0.00658304	0.49648	0.975004
17	11750000	11800000	24134	133	27640	24569	0.0055109	0.5528	0.982295
17	11800000	11850000	23142	142	25486	25102	0.00613603	0.50972	0.921919
17	11850000	11900000	24938	161	30598	25177	0.00645601	0.61196	0.990507
17	11900000	11950000	28260	134	19742	28528	0.00474168	0.39484	0.990606
17	11950000	12000000	32107	138	15505	32381	0.00429813	0.3101	0.991538
17	12000000	12050000	25694	108	22153	25884	0.00420332	0.44306	0.99266
17	12050000	12100000	20358	120	44109	20535	0.00589449	0.88218	0.991381
17	12100000	12150000	24888	177	22287	27101	0.00711186	0.44574	0.918342
17	12150000	12200000	28154	208	25787	28760	0.00738794	0.51574	0.978929
17	12200000	12250000	22391	117	31101	22690	0.00522531	0.62202	0.986822
17	12250000	12300000	28858	165	26659	29095	0.00571765	0.53318	0.991854
17	12300000	12350000	25773	174	27654	26381	0.00675125	0.55308	0.976953
17	12350000	12400000	24618	140	32700	24962	0.0056869	0.654	0.986219
17	12400000	12450000	29152	188	31616	29406	0.00644896	0.63232	0.991362
17	12450000	12500000	28751	201	27665	29482	0.00699106	0.5533	0.975205
17	12500000	12550000	26929	169	24365	27278	0.00627576	0.4873	0.987206
17	12550000	12600000	29771	165	19413	30000	0.00554231	0.38826	0.992367
17	12600000	12650000	29630	165	18651	29973	0.00556868	0.37302	0.988556
17	12650000	12700000	27977	171	23803	28606	0.00611216	0.47606	0.978012
17	12700000	12750000	27947	151	27389	28799	0.00540308	0.54778	0.970416
17	12750000	12800000	26619	149	32832	27360	0.00559751	0.65664	0.972917
17	12800000	12850000	27094	168	26476	27624	0.00620063	0.52952	0.980814
17	12850000	12900000	30673	221	15256	31324	0.00720503	0.30512	0.979217
17	12900000	12950000	29134	201	22700	29536	0.00689916	0.454	0.986389
17	12950000	13000000	25074	218	25390	29135	0.00869426	0.5078	0.860614
17	13000000	13050000	24027	192	29032	26424	0.00799101	0.58064	0.909287
17	13050000	13100000	27556	203	34291	27823	0.00736682	0.68582	0.990404
17	13100000	13150000	27568	141	31666	28130	0.00511463	0.63332	0.980021
17	13150000	13200000	29125	198	26246	29454	0.00679828	0.52492	0.98883
17	13200000	13250000	28697	215	22012	30151	0.00749207	0.44024	0.951776
17	13250000	13300000	29067	224	23487	29453	0.00770633	0.46974	0.986894
17	13300000	13350000	29291	198	20464	29612	0.00675976	0.40928	0.98916
17	13350000	13400000	24725	158	19330	29124	0.00639029	0.3866	0.848956
17	13400000	13450000	30809	233	19911	31332	0.00756273	0.39822	0.983308
17	13450000	13500000	26752	176	22638	27470	0.00657895	0.45276	0.973862
17	13500000	13550000	29031	178	23171	29427	0.00613138	0.46342	0.986543
17	13550000	13600000	23453	190	37910	23841	0.00810131	0.7582	0.983726
17	13600000	13650000	25443	199	27305	27283	0.0078214	0.5461	0.932559
17	13650000	13700000	28932	224	23943	29201	0.00774229	0.47886	0.990788
17	13700000	13750000	27027	192	26970	27949	0.00710401	0.5394	0.967011
17	13750000	13800000	27218	194	30397	27530	0.00712764	0.60794	0.988667
17	13800000	13850000	22847	155	35174	25207	0.00678426	0.70348	0.906375
17	13850000	13900000	29266	222	25659	29818	0.00758559	0.51318	0.981488
17	13900000	13950000	23394	138	25785	23624	0.00589895	0.5157	0.990264
17	13950000	14000000	31142	159	19862	31439	0.00510565	0.39724	0.990553
17	14000000	14050000	33565	173	13403	33786	0.00515418	0.26806	0.993459
17	14050000	14100000	13032	105	24041	13167	0.00805709	0.48082	0.989747
17	14100000	14150000	24567	156	20418	25991	0.00634998	0.40836	0.945212
17	14150000	14200000	25539	193	33658	27535	0.00755707	0.67316	0.92751
17	14200000	14250000	29227	187	13607	29486	0.00639819	0.27214	0.991216
17	14250000	14300000	27757	218	26070	28150	0.00785387	0.5214	0.986039
17	14300000	14350000	27058	202	30646	27345	0.00746544	0.61292	0.989504
17	14350000	14400000	27086	208	27883	28208	0.00767924	0.55766	0.960224
17	14400000	14450000	27451	216	29775	27744	0.00786857	0.5955	0.989439
17	14450000	14500000	28125	181	22878	28446	0.00643556	0.45756	0.988715
17	14500000	14550000	25349	180	28747	25955	0.00710087	0.57494	0.976652
17	14550000	14600000	29957	191	29455	30248	0.00637581	0.5891	0.99038
17	14600000	14650000	29779	173	23077	30690	0.00580946	0.46154	0.970316
17	14650000	14700000	29450	211	27391	29726	0.00716469	0.54782	0.990715
17	14700000	14750000	29090	192	28513	29397	0.00660021	0.57026	0.989557
17	14750000	14800000	26814	176	32695	27297	0.00656374	0.6539	0.982306
17	14800000	14850000	31791	171	22505	32251	0.00537888	0.4501	0.985737
17	14850000	14900000	28452	171	24375	29005	0.00601012	0.4875	0.980934
17	14900000	14950000	29686	203	21218	30707	0.00683824	0.42436	0.96675
17	14950000	15000000	29798	217	26787	30726	0.00728237	0.53574	0.969798
17	15000000	15050000	27828	199	19366	28156	0.00715107	0.38732	0.988351
17	15050000	15100000	23796	155	26897	24038	0.0065137	0.53794	0.989933
17	15100000	15150000	24619	173	27937	25051	0.00702709	0.55874	0.982755
17	15150000	15200000	31300	184	19864	31645	0.00587859	0.39728	0.989098
17	15200000	15250000	27636	171	18823	30858	0.00618758	0.37646	0.895586
17	15250000	15300000	26133	194	28061	26632	0.00742356	0.56122	0.981263
17	15300000	15350000	29437	212	21188	29729	0.00720182	0.42376	0.990178
17	15350000	15400000	27275	161	25083	31461	0.00590284	0.50166	0.866946
17	15400000	15450000	13264	88	27225	14025	0.0066345	0.5445	0.94574
17	15450000	15500000	45	2	22150	157	0.0444444	0.443	0.286624
17	15500000	15550000	91	8	26106	100	0.0879121	0.52212	0.91
17	15550000	15600000	10303	45	26121	10389	0.00436766	0.52242	0.991722
17	15600000	15650000	1930	11	21177	4038	0.00569948	0.42354	0.477959
17	15650000	15700000	0	0	22830	2614		0.4566	0
17	15700000	15750000	25	4	24860	83	0.16	0.4972	0.301205
17	15750000	15800000	4802	48	30063	4841	0.00999584	0.60126	0.991944
17	15800000	15850000	22059	140	31753	22277	0.00634662	0.63506	0.990214
17	15850000	15900000	22828	107	27756	23502	0.00468723	0.55512	0.971322
17	15900000	15950000	26191	108	23166	26452	0.00412355	0.46332	0.990133
17	15950000	16000000	26086	119	21406	26250	0.00456183	0.42812	0.993752
17	16000000	16050000	22260	106	26130	25154	0.0047619	0.5226	0.884949
17	16050000	16100000	16619	79	30197	16778	0.0047536	0.60394	0.990523
17	16100000	16150000	12115	58	31365	12231	0.00478745	0.6273	0.990516
17	16150000	16200000	16758	53	33777	17253	0.00316267	0.67554	0.971309
17	16200000	16250000	17465	87	31529	18262	0.00498139	0.63058	0.956357
17	16250000	16300000	12669	63	31241	12835	0.00497277	0.62482	0.987067
17	16300000	16350000	21259	99	24673	21492	0.00465685	0.49346	0.989159
17	16350000	16400000	28975	155	21526	29362	0.00534944	0.43052	0.98682
17	16400000	16450000	21112	136	35986	21466	0.00644183	0.71972	0.983509
17	16450000	16500000	23407	106	30563	24316	0.00452856	0.61126	0.962617
17	16500000	16550000	22282	119	32674	23846	0.00534063	0.65348	0.934412
17	16550000	16600000	6548	41	23408	9636	0.00626145	0.46816	0.679535
17	16600000	16650000	2	0	23656	3	0	0.47312	0.666667
17	16650000	16700000	22	2	32605	28	0.0909091	0.6521	0.785714
17	16700000	16750000	0	0	15872	0		0.31744	
17	16750000	16800000	1814	25	20289	7058	0.0137817	0.40578	0.257013
17	16800000	16850000	6909	53	20812	19878	0.00767115	0.41624	0.34757
17	16850000	16900000	19973	135	34731	22045	0.00675912	0.69462	0.90601
17	16900000	16950000	17534	135	24740	18956	0.00769933	0.4948	0.924984
17	16950000	17000000	32606	164	19456	32874	0.00502975	0.38912	0.991848
17	17000000	17050000	33263	161	11213	34184	0.00484021	0.22426	0.973058
17	17050000	17100000	29649	144	10772	30374	0.00485682	0.21544	0.976131
17	17100000	17150000	23206	126	19199	24191	0.00542963	0.38398	0.959282
17	17150000	17200000	17590	74	32493	18384	0.00420694	0.64986	0.95681
17	17200000	17250000	15734	88	34657	19014	0.00559298	0.69314	0.827496
17	17250000	17300000	27046	171	24723	28277	0.00632256	0.49446	0.956466
17	17300000	17350000	26723	140	29368	26963	0.00523893	0.58736	0.991099
17	17350000	17400000	26582	128	21772	26854	0.00481529	0.43544	0.989871
17	17400000	17450000	29859	170	15482	32018	0.00569343	0.30964	0.932569
17	17450000	17500000	28705	149	18397	28982	0.00519073	0.36794	0.990442
17	17500000	17550000	18328	99	37459	18529	0.00540157	0.74918	0.989152
17	17550000	17600000	24865	148	30213	25235	0.00595214	0.60426	0.985338
17	17600000	17650000	31387	129	13671	33035	0.00410998	0.27342	0.950114
17	17650000	17700000	26628	138	15309	31019	0.00518251	0.30618	0.858442
17	17700000	17750000	27887	126	12825	30289	0.00451823	0.2565	0.920697
17	17750000	17800000	32092	137	12845	32359	0.00426898	0.2569	0.991749
17	17800000	17850000	26977	114	25438	27279	0.00422582	0.50876	0.988929
17	17850000	17900000	23813	103	25081	25385	0.00432537	0.50162	0.938074
17	17900000	17950000	26350	108	21103	26636	0.00409867	0.42206	0.989263
17	17950000	18000000	18623	69	31068	19378	0.0037051	0.62136	0.961038
17	18000000	18050000	31555	123	16616	33058	0.00389796	0.33232	0.954534
17	18050000	18100000	28494	113	18706	29392	0.00396575	0.37412	0.969447
17	18100000	18150000	27016	100	18212	27971	0.00370151	0.36424	0.965857
17	18150000	18200000	26736	104	19840	27024	0.00388989	0.3968	0.989343
17	18200000	18250000	22674	94	21529	23284	0.00414572	0.43058	0.973802
17	18250000	18300000	6025	36	26985	7146	0.0059751	0.5397	0.843129
17	18300000	18350000	0	0	16054	6		0.32108	0
17	18350000	18400000	0	0	21628	0		0.43256	
17	18400000	18450000	1	1	26069	2	1	0.52138	0.5
17	18450000	18500000	0	0	31055	6		0.6211	0
17	18500000	18550000	0	0	16233	639		0.32466	0
17	18550000	18600000	0	0	26575	117		0.5315	0
17	18600000	18650000	0	0	23146	177		0.46292	0
17	18650000	18700000	86	7	27392	2680	0.0813953	0.54784	0.0320896
17	18700000	18750000	18	3	25949	108	0.166667	0.51898	0.166667
17	18750000	18800000	12431	60	31540	17138	0.00482664	0.6308	0.725347
17	18800000	18850000	17200	102	38878	17686	0.00593023	0.77756	0.972521
17	18850000	18900000	31593	172	17876	32218	0.00544424	0.35752	0.980601
17	18900000	18950000	16829	80	17176	17215	0.0047537	0.34352	0.977578
17	18950000	19000000	0	0	35316	0		0.70632	
17	19000000	19050000	0	0	29822	0		0.59644	
17	19050000	19100000	0	0	33779	0		0.67558	
17	19100000	19150000	3806	17	30303	3868	0.00446663	0.60606	0.983971
17	19150000	19200000	25124	119	21151	27040	0.00473651	0.42302	0.929142
17	19200000	19250000	31265	148	18906	32009	0.00473373	0.37812	0.976757
17	19250000	19300000	27915	101	26234	29146	0.00361813	0.52468	0.957764
17	19300000	19350000	10502	41	31328	24344	0.00390402	0.62656	0.4314
17	19350000	19400000	0	0	37785	19477		0.7557	0
17	19400000	19450000	1563	7	29597	19445	0.00447857	0.59194	0.0803806
17	19450000	19500000	22113	121	22992	22699	0.00547189	0.45984	0.974184
17	19500000	19550000	0	0	31057	4778		0.62114	0
17	19550000	19600000	17951	82	27584	23301	0.00456799	0.55168	0.770396
17	19600000	19650000	28033	135	20784	28611	0.00481575	0.41568	0.979798
17	19650000	19700000	25988	139	24683	26636	0.00534862	0.49366	0.975672
17	19700000	19750000	22541	131	29831	23728	0.00581163	0.59662	0.949975
17	19750000	19800000	13886	61	34832	15260	0.00439291	0.69664	0.909961
17	19800000	19850000	21735	95	27865	22750	0.00437083	0.5573	0.955385
17	19850000	19900000	19860	91	34429	20005	0.00458207	0.68858	0.992752
17	19900000	19950000	19786	123	39106	20026	0.00621652	0.78212	0.988016
17	19950000	20000000	19757	106	25553	24225	0.00536519	0.51106	0.815562
17	20000000	20050000	23044	137	27680	24265	0.00594515	0.5536	0.949681
17	20050000	20100000	24715	141	30127	25109	0.00570504	0.60254	0.984308
17	20100000	20150000	22899	151	22180	23242	0.00659417	0.4436	0.985242
17	20150000	20200000	21242	147	26961	22154	0.00692025	0.53922	0.958834
17	20200000	20250000	8086	43	21082	10321	0.00531783	0.42164	0.783451
17	20250000	20300000	4	3	30334	4	0.75	0.60668	1
17	20300000	20350000	14	1	25899	17	0.0714286	0.51798	0.823529
17	20350000	20400000	0	0	20770	24		0.4154	0
17	20400000	20450000	0	0	16415	0		0.3283	
17	20450000	20500000	0	0	18932	993		0.37864	0
17	20500000	20550000	0	0	26596	5142		0.53192	0
17	20550000	20600000	20	1	27239	68	0.05	0.54478	0.294118
17	20600000	20650000	715	12	23338	2160	0.0167832	0.46676	0.331019
17	20650000	20700000	6649	64	31595	6786	0.00962551	0.6319	0.979811
17	20700000	20750000	1669	14	25586	3737	0.00838826	0.51172	0.446615
17	20750000	20800000	0	0	21686	1507		0.43372	0
17	20800000	20850000	17578	158	26259	17956	0.00898851	0.52518	0.978949
17	20850000	20900000	17038	142	24545	18428	0.00833431	0.4909	0.924571
17	20900000	20950000	24802	158	20990	25218	0.00637045	0.4198	0.983504
17	20950000	21000000	17808	122	39310	19365	0.00685085	0.7862	0.919597
17	21000000	21050000	14603	104	39572	15472	0.00712182	0.79144	0.943834
17	21050000	21100000	23688	127	27480	23864	0.00536136	0.5496	0.992625
17	21100000	21150000	27700	175	22192	28897	0.00631769	0.44384	0.958577
17	21150000	21200000	21944	125	24550	22636	0.00569632	0.491	0.969429
17	21200000	21250000	5846	83	24703	6177	0.0141977	0.49406	0.946414
17	21250000	21300000	28728	202	16287	29899	0.00703147	0.32574	0.960835
17	21300000	21350000	4454	79	17628	6263	0.0177369	0.35256	0.711161
17	21350000	21400000	0	0	25831	6401		0.51662	0
17	21400000	21450000	0	0	27745	15199		0.5549	0
17	21450000	21500000	0	0	26991	2384		0.53982	0
17	21500000	21550000	0	0	25774	1535		0.51548	0
17	21550000	21600000	0	0	4451	195		0.08902	0
17	21600000	21650000	0	0	0	0		0	
17	21650000	21700000	0	0	15590	269		0.3118	0
17	21700000	21750000	0	0	27824	6309		0.55648	0
17	21750000	21800000	0	0	41505	3396		0.8301	0
17	21800000	21850000	4346	48	25137	4630	0.0110446	0.50274	0.938661
17	21850000	21900000	1300	28	33428	1315	0.0215385	0.66856	0.988593
17	21900000	21950000	5145	66	31575	5205	0.012828	0.6315	0.988473
17	21950000	22000000	5448	79	34359	5528	0.0145007	0.68718	0.985528
17	22000000	22050000	5832	73	10500	9636	0.0125171	0.21	0.60523
17	22050000	22100000	2338	55	20067	3612	0.0235244	0.40134	0.647287
17	22100000	22150000	1377	24	29461	2446	0.0174292	0.58922	0.56296
17	22150000	22200000	1034	9	40527	7903	0.00870406	0.81054	0.130836
17	22200000	22250000	0	0	36910	4854		0.7382	0
17	22250000	22300000	0	0	13006	0		0.26012	
17	22300000	22350000	0	0	0	0		0	
17	22350000	22400000	0	0	0	0		0	
17	22400000	22450000	0	0	0	0		0	
17	22450000	22500000	0	0	0	0		0	
17	22500000	22550000	0	0	0	0		0	
17	22550000	22600000	0	0	0	0		0	
17	22600000	22650000	0	0	0	0		0	
17	22650000	22700000	0	0	0	0		0	
17	22700000	22750000	0	0	0	0		0	
17	22750000	22800000	0	0	0	0		0	
17	22800000	22850000	0	0	0	0		0	
17	22850000	22900000	0	0	0	0		0	
17	22900000	22950000	0	0	0	0		0	
17	22950000	23000000	0	0	0	0		0	
17	23000000	23050000	0	0	0	0		0	
17	23050000	23100000	0	0	0	0		0	
17	23100000	23150000	0	0	0	0		0	
17	23150000	23200000	0	0	0	0		0	
17	23200000	23250000	0	0	0	0		0	
17	23250000	23300000	0	0	0	0		0	
17	23300000	23350000	0	0	0	0		0	
17	23350000	23400000	0	0	0	0		0	
17	23400000	23450000	0	0	0	0		0	
17	23450000	23500000	0	0	0	0		0	
17	23500000	23550000	0	0	0	0		0	
17	23550000	23600000	0	0	0	0		0	
17	23600000	23650000	0	0	0	0		0	
17	23650000	23700000	0	0	0	0		0	
17	23700000	23750000	0	0	0	0		0	
17	23750000	23800000	0	0	0	0		0	
17	23800000	23850000	0	0	0	0		0	
17	23850000	23900000	0	0	0	0		0	
17	23900000	23950000	0	0	0	0		0	
17	23950000	24000000	0	0	0	0		0	
17	24000000	24050000	0	0	0	0		0	
17	24050000	24100000	0	0	0	0		0	
17	24100000	24150000	0	0	0	0		0	
17	24150000	24200000	0	0	0	0		0	
17	24200000	24250000	0	0	0	0		0	
17	24250000	24300000	0	0	0	0		0	
17	24300000	24350000	0	0	0	0		0	
17	24350000	24400000	0	0	0	0		0	
17	24400000	24450000	0	0	0	0		0	
17	24450000	24500000	0	0	0	0		0	
17	24500000	24550000	0	0	0	0		0	
17	24550000	24600000	0	0	0	0		0	
17	24600000	24650000	0	0	0	0		0	
17	24650000	24700000	0	0	0	0		0	
17	24700000	24750000	0	0	0	0		0	
17	24750000	24800000	0	0	0	0		0	
17	24800000	24850000	0	0	0	0		0	
17	24850000	24900000	0	0	0	0		0	
17	24900000	24950000	0	0	0	0		0	
17	24950000	25000000	0	0	0	0		0	
17	25000000	25050000	0	0	0	0		0	
17	25050000	25100000	0	0	0	0		0	
17	25100000	25150000	0	0	0	0		0	
17	25150000	25200000	0	0	0	0		0	
17	25200000	25250000	0	0	0	0		0	
17	25250000	25300000	0	0	21351	290		0.42702	0
17	25300000	25350000	0	0	23702	1819		0.47404	0
17	25350000	25400000	2144	17	34106	6534	0.0079291	0.68212	0.32813
17	25400000	25450000	1554	19	26713	8849	0.0122265	0.53426	0.175613
17	25450000	25500000	0	0	37028	6845		0.74056	0
17	25500000	25550000	3973	40	38562	8718	0.010068	0.77124	0.455724
17	25550000	25600000	21625	101	30599	21932	0.00467052	0.61198	0.986002
17	25600000	25650000	21347	74	22607	22442	0.00346653	0.45214	0.951208
17	25650000	25700000	20871	117	30872	22563	0.00560586	0.61744	0.92501
17	25700000	25750000	20698	165	27837	20842	0.00797178	0.55674	0.993091
17	25750000	25800000	17925	95	25115	18424	0.00529986	0.5023	0.972916
17	25800000	25850000	31519	109	21326	31789	0.00345823	0.42652	0.991506
17	25850000	25900000	32624	149	17025	32969	0.00456719	0.3405	0.989536
17	25900000	25950000	30481	144	18250	33334	0.00472425	0.365	0.914412
17	25950000	26000000	11423	105	15187	11681	0.00919198	0.30374	0.977913
17	26000000	26050000	5241	51	34607	8957	0.00973097	0.69214	0.585129
17	26050000	26100000	2556	25	23338	9393	0.00978091	0.46676	0.272118
17	26100000	26150000	30080	152	22063	30268	0.00505319	0.44126	0.993789
17	26150000	26200000	21616	134	36819	24221	0.00619911	0.73638	0.892449
17	26200000	26250000	27813	138	26562	28014	0.00496171	0.53124	0.992825
17	26250000	26300000	27417	113	28719	28057	0.00412153	0.57438	0.977189
17	26300000	26350000	29248	129	28163	29444	0.00441056	0.56326	0.993343
17	26350000	26400000	24372	71	27162	26373	0.00291318	0.54324	0.924127
17	26400000	26450000	26469	74	23517	28992	0.00279572	0.47034	0.912976
17	26450000	26500000	29514	101	19273	29735	0.0034221	0.38546	0.992568
17	26500000	26550000	20476	67	28649	20597	0.00327212	0.57298	0.994125
17	26550000	26600000	10644	97	26963	11416	0.00911312	0.53926	0.932376
17	26600000	26650000	14039	71	20589	14408	0.00505734	0.41178	0.974389
17	26650000	26700000	29745	122	11596	30446	0.00410153	0.23192	0.976976
17	26700000	26750000	25797	127	26156	26429	0.00492305	0.52312	0.976087
17	26750000	26800000	447	2	36438	18835	0.00447427	0.72876	0.0237324
17	26800000	26850000	29985	147	16050	30959	0.00490245	0.321	0.968539
17	26850000	26900000	29493	115	18751	30334	0.00389923	0.37502	0.972275
17	26900000	26950000	22485	81	19095	25857	0.0036024	0.3819	0.86959
17	26950000	27000000	22583	85	23741	23938	0.00376389	0.47482	0.943395
17	27000000	27050000	27083	75	15790	27480	0.00276926	0.3158	0.985553
17	27050000	27100000	21120	81	18778	23596	0.00383523	0.37556	0.895067
17	27100000	27150000	15851	75	29804	16091	0.00473156	0.59608	0.985085
17	27150000	27200000	15159	68	33411	15885	0.00448578	0.66822	0.954297
17	27200000	27250000	26998	96	17775	28418	0.00355582	0.3555	0.950032
17	27250000	27300000	28842	124	16621	29021	0.00429929	0.33242	0.993832
17	27300000	27350000	31457	106	15534	32133	0.00336968	0.31068	0.978962
17	27350000	27400000	28074	130	20360	28693	0.00463062	0.4072	0.978427
17	27400000	27450000	34681	169	8761	35131	0.00487299	0.17522	0.987191
17	27450000	27500000	29644	110	15635	29949	0.0037107	0.3127	0.989816
17	27500000	27550000	20805	96	29296	21300	0.00461428	0.58592	0.976761
17	27550000	27600000	20593	76	25576	20783	0.00369057	0.51152	0.990858
17	27600000	27650000	18856	64	28182	18973	0.00339415	0.56364	0.993833
17	27650000	27700000	14904	61	37928	15641	0.00409286	0.75856	0.95288
17	27700000	27750000	16002	62	31849	16816	0.00387452	0.63698	0.951594
17	27750000	27800000	17194	68	36068	17390	0.00395487	0.72136	0.988729
17	27800000	27850000	20104	57	28501	20253	0.00283526	0.57002	0.992643
17	27850000	27900000	21323	98	19597	21726	0.00459598	0.39194	0.981451
17	27900000	27950000	29559	126	13848	29722	0.00426266	0.27696	0.994516
17	27950000	28000000	25734	81	19294	25878	0.00314759	0.38588	0.994435
17	28000000	28050000	23549	70	24237	23974	0.00297253	0.48474	0.982272
17	28050000	28100000	23196	98	25524	23399	0.00422487	0.51048	0.991324
17	28100000	28150000	21322	83	27159	21648	0.00389269	0.54318	0.984941
17	28150000	28200000	24731	91	24073	25151	0.00367959	0.48146	0.983301
17	28200000	28250000	19381	60	32504	19519	0.00309582	0.65008	0.99293
17	28250000	28300000	21098	95	32954	21331	0.0045028	0.65908	0.989077
17	28300000	28350000	19169	89	34165	20005	0.00464291	0.6833	0.95821
17	28350000	28400000	20631	117	35193	20753	0.00567108	0.70386	0.994121
17	28400000	28450000	26091	85	26289	26586	0.00325783	0.52578	0.981381
17	28450000	28500000	18501	77	34471	19031	0.00416194	0.68942	0.972151
17	28500000	28550000	26336	127	19526	26949	0.0048223	0.39052	0.977253
17	28550000	28600000	27776	109	14366	30865	0.00392425	0.28732	0.899919
17	28600000	28650000	25089	97	25791	25243	0.00386624	0.51582	0.993899
17	28650000	28700000	23993	107	29888	24314	0.00445963	0.59776	0.986798
17	28700000	28750000	24515	106	28506	24719	0.00432388	0.57012	0.991747
17	28750000	28800000	23983	77	26359	24122	0.00321061	0.52718	0.994238
17	28800000	28850000	19705	75	27242	20253	0.00380614	0.54484	0.972942
17	28850000	28900000	14178	71	20202	16311	0.00500776	0.40404	0.869229
17	28900000	28950000	0	0	27336	1905		0.54672	0
17	28950000	29000000	1	0	28041	1	0	0.56082	1
17	29000000	29050000	519	44	33810	1209	0.0847784	0.6762	0.42928
17	29050000	29100000	175	18	28013	420	0.102857	0.56026	0.416667
17	29100000	29150000	11947	53	30187	13508	0.00443626	0.60374	0.884439
17	29150000	29200000	16977	85	32387	17271	0.00500677	0.64774	0.982977
17	29200000	29250000	18815	79	29535	19099	0.00419878	0.5907	0.98513
17	29250000	29300000	17977	113	35177	18799	0.00628581	0.70354	0.956274
17	29300000	29350000	9996	63	32272	10760	0.00630252	0.64544	0.928996
17	29350000	29400000	8156	71	22263	8783	0.00870525	0.44526	0.928612
17	29400000	29450000	20528	79	30334	20828	0.0038484	0.60668	0.985596
17	29450000	29500000	22218	86	32611	22587	0.00387074	0.65222	0.983663
17	29500000	29550000	15684	76	28948	15866	0.0048457	0.57896	0.988529
17	29550000	29600000	17090	60	19024	17186	0.00351083	0.38048	0.994414
17	29600000	29650000	27849	123	17986	28133	0.00441668	0.35972	0.989905
17	29650000	29700000	27077	89	13890	27269	0.00328692	0.2778	0.992959
17	29700000	29750000	28188	136	21378	28996	0.00482475	0.42756	0.972134
17	29750000	29800000	24829	128	29735	25778	0.00515526	0.5947	0.963186
17	29800000	29850000	24830	96	21407	25860	0.00386629	0.42814	0.96017
17	29850000	29900000	29838	124	17665	30554	0.00415577	0.3533	0.976566
17	29900000	29950000	24432	125	29666	25527	0.00511624	0.59332	0.957104
17	29950000	30000000	16601	88	39379	16786	0.00530089	0.78758	0.988979
17	30000000	30050000	23093	128	36523	24164	0.00554281	0.73046	0.955678
17	30050000	30100000	20630	106	31942	21656	0.00513815	0.63884	0.952623
17	30100000	30150000	20102	116	34112	20634	0.00577057	0.68224	0.974217
17	30150000	30200000	17420	78	34533	19044	0.00447761	0.69066	0.914724
17	30200000	30250000	15808	75	31395	16264	0.00474443	0.6279	0.971963
17	30250000	30300000	3257	19	29092	3704	0.00583359	0.58184	0.87932
17	30300000	30350000	1649	8	25696	8223	0.00485143	0.51392	0.200535
17	30350000	30400000	0	0	26191	430		0.52382	0
17	30400000	30450000	4670	41	27803	4722	0.00877944	0.55606	0.988988
17	30450000	30500000	16851	69	31583	17250	0.00409471	0.63166	0.97687
17	30500000	30550000	20946	82	24937	21583	0.00391483	0.49874	0.970486
17	30550000	30600000	22977	102	24811	24269	0.00443922	0.49622	0.946763
17	30600000	30650000	25169	122	24965	25674	0.00484723	0.4993	0.98033
17	30650000	30700000	19778	116	22861	20461	0.0058651	0.45722	0.966619
17	30700000	30750000	20086	111	27626	20621	0.00552624	0.55252	0.974056
17	30750000	30800000	18804	115	29804	19286	0.00611572	0.59608	0.975008
17	30800000	30850000	29584	132	14450	30080	0.00446187	0.289	0.983511
17	30850000	30900000	26275	144	25022	26511	0.00548049	0.50044	0.991098
17	30900000	30950000	26027	135	30250	26320	0.00518692	0.605	0.988868
17	30950000	31000000	26848	114	27799	27058	0.00424613	0.55598	0.992239
17	31000000	31050000	23991	113	33197	24222	0.0047101	0.66394	0.990463
17	31050000	31100000	28238	148	28647	28498	0.00524116	0.57294	0.990877
17	31100000	31150000	27301	111	24636	27511	0.00406579	0.49272	0.992367
17	31150000	31200000	28927	128	25265	29266	0.00442493	0.5053	0.988417
17	31200000	31250000	19117	84	32001	19890	0.00439399	0.64002	0.961136
17	31250000	31300000	22180	127	28885	22621	0.00572588	0.5777	0.980505
17	31300000	31350000	25515	176	26040	26366	0.0068979	0.5208	0.967724
17	31350000	31400000	27477	165	29052	29672	0.00600502	0.58104	0.926025
17	31400000	31450000	34015	215	22312	34888	0.00632074	0.44624	0.974977
17	31450000	31500000	33400	198	24017	33688	0.00592814	0.48034	0.991451
17	31500000	31550000	34057	198	24188	35025	0.00581378	0.48376	0.972363
17	31550000	31600000	32617	206	23914	34299	0.00631572	0.47828	0.950961
17	31600000	31650000	30349	184	18737	31879	0.0060628	0.37474	0.952006
17	31650000	31700000	33868	171	23065	34781	0.00504901	0.4613	0.97375
17	31700000	31750000	33264	218	23199	33712	0.00655363	0.46398	0.986711
17	31750000	31800000	30579	205	25480	30940	0.00670395	0.5096	0.988332
17	31800000	31850000	29167	188	21389	33439	0.00644564	0.42778	0.872245
17	31850000	31900000	35415	167	20125	35699	0.00471552	0.4025	0.992045
17	31900000	31950000	33756	220	23504	34172	0.00651736	0.47008	0.987826
17	31950000	32000000	29210	161	19007	31655	0.00551181	0.38014	0.922761
17	32000000	32050000	31208	182	24794	31490	0.00583184	0.49588	0.991045
17	32050000	32100000	28849	210	25642	31495	0.00727928	0.51284	0.915987
17	32100000	32150000	34576	208	19303	34880	0.00601573	0.38606	0.991284
17	32150000	32200000	33693	214	18408	34197	0.00635147	0.36816	0.985262
17	32200000	32250000	30274	183	22780	30551	0.00604479	0.4556	0.990933
17	32250000	32300000	34357	236	19768	34823	0.00686905	0.39536	0.986618
17	32300000	32350000	30937	192	23618	32524	0.00620616	0.47236	0.951205
17	32350000	32400000	23583	152	25530	23828	0.00644532	0.5106	0.989718
17	32400000	32450000	29442	174	29780	29941	0.00590992	0.5956	0.983334
17	32450000	32500000	34528	175	19180	34893	0.00506835	0.3836	0.989539
17	32500000	32550000	21918	130	33563	22859	0.0059312	0.67126	0.958835
17	32550000	32600000	31277	185	20688	31566	0.00591489	0.41376	0.990845
17	32600000	32650000	26331	188	26428	26608	0.00713987	0.52856	0.98959
17	32650000	32700000	23250	177	30603	25177	0.0076129	0.61206	0.923462
17	32700000	32750000	33222	212	22930	33562	0.00638131	0.4586	0.989869
17	32750000	32800000	32957	241	19459	35089	0.00731256	0.38918	0.93924
17	32800000	32850000	37149	202	21436	38048	0.00543756	0.42872	0.976372
17	32850000	32900000	29675	157	22767	35170	0.00529065	0.45534	0.843759
17	32900000	32950000	33599	165	16815	34932	0.00491086	0.3363	0.96184
17	32950000	33000000	32706	179	15961	35415	0.005473	0.31922	0.923507
17	33000000	33050000	32516	196	24165	33497	0.0060278	0.4833	0.970714
17	33050000	33100000	31997	160	28411	32571	0.00500047	0.56822	0.982377
17	33100000	33150000	33855	172	21702	34331	0.00508049	0.43404	0.986135
17	33150000	33200000	32338	178	23224	34608	0.00550436	0.46448	0.934408
17	33200000	33250000	31046	151	23504	31674	0.00486375	0.47008	0.980173
17	33250000	33300000	25751	88	31217	26315	0.00341734	0.62434	0.978567
17	33300000	33350000	29849	103	15819	30047	0.0034507	0.31638	0.99341
17	33350000	33400000	24267	90	24187	24495	0.00370874	0.48374	0.990692
17	33400000	33450000	23032	95	25770	24161	0.0041247	0.5154	0.953272
17	33450000	33500000	27326	128	25519	27858	0.00468418	0.51038	0.980903
17	33500000	33550000	18688	92	33393	19083	0.00492295	0.66786	0.979301
17	33550000	33600000	26528	153	32573	26895	0.00576749	0.65146	0.986354
17	33600000	33650000	13270	111	45107	13694	0.00836473	0.90214	0.969038
17	33650000	33700000	18001	120	35216	18166	0.0066663	0.70432	0.990917
17	33700000	33750000	13802	78	35557	14386	0.00565135	0.71114	0.959405
17	33750000	33800000	19788	100	31784	20370	0.00505357	0.63568	0.971429
17	33800000	33850000	14826	120	29185	15661	0.00809389	0.5837	0.946683
17	33850000	33900000	19724	88	28093	20341	0.00446157	0.56186	0.969667
17	33900000	33950000	25183	130	20237	25366	0.00516221	0.40474	0.992786
17	33950000	34000000	27853	140	18834	28065	0.00502639	0.37668	0.992446
17	34000000	34050000	25637	113	22971	25826	0.00440769	0.45942	0.992682
17	34050000	34100000	29354	150	16976	30729	0.00511004	0.33952	0.955254
17	34100000	34150000	21259	88	23514	23952	0.00413942	0.47028	0.887567
17	34150000	34200000	24055	102	25024	25358	0.00424028	0.50048	0.948616
17	34200000	34250000	21104	112	22066	22094	0.00530705	0.44132	0.955191
17	34250000	34300000	15094	106	30608	15326	0.00702266	0.61216	0.984862
17	34300000	34350000	22285	127	29516	22628	0.0056989	0.59032	0.984842
17	34350000	34400000	25109	131	31092	25292	0.00521725	0.62184	0.992765
17	34400000	34450000	7425	60	23233	7594	0.00808081	0.46466	0.977746
17	34450000	34500000	0	0	23675	258		0.4735	0
17	34500000	34550000	0	0	20296	0		0.40592	
17	34550000	34600000	0	0	21128	0		0.42256	
17	34600000	34650000	0	0	20441	0		0.40882	
17	34650000	34700000	0	0	16724	0		0.33448	
17	34700000	34750000	0	0	10733	0		0.21466	
17	34750000	34800000	0	0	29071	2		0.58142	0
17	34800000	34850000	10431	71	24256	15285	0.00680663	0.48512	0.682434
17	34850000	34900000	27506	131	20044	27688	0.0047626	0.40088	0.993427
17	34900000	34950000	15974	83	23693	21130	0.00519594	0.47386	0.755987
17	34950000	35000000	28899	121	19389	29087	0.004187	0.38778	0.993537
17	35000000	35050000	31683	152	19578	31918	0.00479753	0.39156	0.992637
17	35050000	35100000	26022	143	22615	29871	0.00549535	0.4523	0.871146
17	35100000	35150000	28200	188	24102	30279	0.00666667	0.48204	0.931339
17	35150000	35200000	26531	137	25049	29025	0.00516377	0.50098	0.914074
17	35200000	35250000	30175	202	22276	30995	0.00669428	0.44552	0.973544
17	35250000	35300000	29879	138	14513	30965	0.00461863	0.29026	0.964928
17	35300000	35350000	27575	112	21671	27972	0.00406165	0.43342	0.985807
17	35350000	35400000	23252	116	25796	26192	0.00498882	0.51592	0.887752
17	35400000	35450000	27332	164	20554	27979	0.00600029	0.41108	0.976876
17	35450000	35500000	30889	134	11497	31531	0.00433811	0.22994	0.979639
17	35500000	35550000	27649	137	16354	28215	0.00495497	0.32708	0.97994
17	35550000	35600000	30664	144	12397	30889	0.00469606	0.24794	0.992716
17	35600000	35650000	28406	140	24150	28724	0.00492854	0.483	0.988929
17	35650000	35700000	16809	73	34673	17137	0.00434291	0.69346	0.98086
17	35700000	35750000	17070	88	29865	17586	0.00515524	0.5973	0.970658
17	35750000	35800000	15739	69	33709	17921	0.00438401	0.67418	0.878243
17	35800000	35850000	19769	89	21171	22862	0.004502	0.42342	0.86471
17	35850000	35900000	25117	121	21521	26122	0.00481745	0.43042	0.961527
17	35900000	35950000	25439	118	19355	25645	0.00463855	0.3871	0.991967
17	35950000	36000000	23843	130	26160	24045	0.00545233	0.5232	0.991599
17	36000000	36050000	26855	155	27066	28125	0.00577174	0.54132	0.954844
17	36050000	36100000	32288	210	17737	32536	0.00650396	0.35474	0.992378
17	36100000	36150000	25175	121	24230	26129	0.00480636	0.4846	0.963489
17	36150000	36200000	26635	147	26857	26867	0.00551905	0.53714	0.991365
17	36200000	36250000	3012	21	33844	8852	0.00697211	0.67688	0.340262
17	36250000	36300000	0	0	29109	0		0.58218	
17	36300000	36350000	0	0	22603	0		0.45206	
17	36350000	36400000	0	0	28536	0		0.57072	
17	36400000	36450000	50	3	30036	55	0.06	0.60072	0.909091
17	36450000	36500000	16219	66	24384	16873	0.0040693	0.48768	0.96124
17	36500000	36550000	19876	76	28241	20281	0.00382371	0.56482	0.980031
17	36550000	36600000	25176	88	18911	27497	0.00349539	0.37822	0.915591
17	36600000	36650000	13871	79	19218	15115	0.00569534	0.38436	0.917698
17	36650000	36700000	10239	60	28439	10842	0.00585995	0.56878	0.944383
17	36700000	36750000	32396	132	10191	33816	0.00407458	0.20382	0.958008
17	36750000	36800000	20920	96	29833	22105	0.00458891	0.59666	0.946392
17	36800000	36850000	18346	84	31582	20385	0.00457865	0.63164	0.899975
17	36850000	36900000	23115	102	15060	27303	0.00441272	0.3012	0.84661
17	36900000	36950000	20600	87	19068	24139	0.0042233	0.38136	0.853391
17	36950000	37000000	14661	58	30659	14883	0.00395607	0.61318	0.985084
17	37000000	37050000	21471	129	22951	21636	0.0060081	0.45902	0.992374
17	37050000	37100000	24033	113	21502	24322	0.00470187	0.43004	0.988118
17	37100000	37150000	13226	60	34712	14996	0.00453652	0.69424	0.881969
17	37150000	37200000	11464	63	29487	15314	0.00549546	0.58974	0.748596
17	37200000	37250000	11318	43	22236	24098	0.00379926	0.44472	0.469666
17	37250000	37300000	24081	110	27595	25465	0.00456792	0.5519	0.945651
17	37300000	37350000	23510	103	24111	23880	0.00438111	0.48222	0.984506
17	37350000	37400000	23413	107	17737	24857	0.00457011	0.35474	0.941908
17	37400000	37450000	17769	74	24883	17972	0.00416456	0.49766	0.988705
17	37450000	37500000	11571	65	34891	16361	0.00561749	0.69782	0.707231
17	37500000	37550000	13786	65	38262	14602	0.00471493	0.76524	0.944117
17	37550000	37600000	17329	59	25468	17762	0.0034047	0.50936	0.975622
17	37600000	37650000	12589	53	32466	12767	0.00421002	0.64932	0.986058
17	37650000	37700000	21630	68	24187	22521	0.00314378	0.48374	0.960437
17	37700000	37750000	26068	92	20894	27170	0.00352923	0.41788	0.959441
17	37750000	37800000	30057	124	11541	30906	0.00412549	0.23082	0.97253
17	37800000	37850000	27205	127	18058	28855	0.00466826	0.36116	0.942818
17	37850000	37900000	26760	75	19503	27417	0.00280269	0.39006	0.976037
17	37900000	37950000	27894	94	15566	28083	0.0033699	0.31132	0.99327
17	37950000	38000000	23440	84	29551	24677	0.00358362	0.59102	0.949872
17	38000000	38050000	23369	79	28559	23499	0.00338055	0.57118	0.994468
17	38050000	38100000	24812	120	24587	25129	0.00483637	0.49174	0.987385
17	38100000	38150000	24240	111	20794	24653	0.00457921	0.41588	0.983247
17	38150000	38200000	21595	107	24356	22001	0.00495485	0.48712	0.981546
17	38200000	38250000	19774	80	21311	22296	0.00404572	0.42622	0.886886
17	38250000	38300000	23187	78	16331	23804	0.00336395	0.32662	0.97408
17	38300000	38350000	19989	66	26076	20584	0.00330182	0.52152	0.971094
17	38350000	38400000	12617	43	37084	13141	0.0034081	0.74168	0.960125
17	38400000	38450000	19095	66	27181	20839	0.0034564	0.54362	0.916311
17	38450000	38500000	26636	100	11338	27703	0.00375432	0.22676	0.961484
17	38500000	38550000	21992	109	21756	22271	0.00495635	0.43512	0.987472
17	38550000	38600000	22783	90	23028	24263	0.00395031	0.46056	0.939002
17	38600000	38650000	27900	156	17058	30085	0.0055914	0.34116	0.927372
17	38650000	38700000	29753	148	25354	30333	0.00497429	0.50708	0.980879
17	38700000	38750000	22541	114	28638	23571	0.00505745	0.57276	0.956302
17	38750000	38800000	29433	163	16598	29654	0.005538	0.33196	0.992547
17	38800000	38850000	27795	168	18910	28069	0.00604425	0.3782	0.990238
17	38850000	38900000	26274	186	24304	26485	0.00707924	0.48608	0.992033
17	38900000	38950000	26993	135	22634	27356	0.0050013	0.45268	0.986731
17	38950000	39000000	29378	140	18266	30148	0.00476547	0.36532	0.974459
17	39000000	39050000	29495	139	18923	30875	0.00471266	0.37846	0.955304
17	39050000	39100000	29070	161	16435	29909	0.00553836	0.3287	0.971948
17	39100000	39150000	28805	153	23350	29039	0.00531158	0.467	0.991942
17	39150000	39200000	4177	22	21295	30134	0.00526694	0.4259	0.138614
17	39200000	39250000	8851	55	26661	19965	0.00621399	0.53322	0.443326
17	39250000	39300000	12060	81	29499	12859	0.00671642	0.58998	0.937865
17	39300000	39350000	21788	104	23770	26804	0.00477327	0.4754	0.812864
17	39350000	39400000	0	0	34412	11174		0.68824	0
17	39400000	39450000	7432	43	23785	18102	0.00578579	0.4757	0.410562
17	39450000	39500000	23734	153	20420	28111	0.00644645	0.4084	0.844296
17	39500000	39550000	26730	173	17458	29375	0.00647213	0.34916	0.909957
17	39550000	39600000	29620	176	13276	29855	0.00594193	0.26552	0.992129
17	39600000	39650000	31484	203	18768	31697	0.00644772	0.37536	0.99328
17	39650000	39700000	31647	225	14398	33202	0.00710968	0.28796	0.953165
17	39700000	39750000	23990	159	22641	24736	0.00662776	0.45282	0.969842
17	39750000	39800000	6319	44	17188	14638	0.00696313	0.34376	0.431685
17	39800000	39850000	17492	115	26513	22932	0.00657443	0.53026	0.762777
17	39850000	39900000	18596	107	28461	21140	0.00575393	0.56922	0.879659
17	39900000	39950000	21373	88	24394	21822	0.00411734	0.48788	0.979424
17	39950000	40000000	20954	92	23864	21325	0.00439057	0.47728	0.982603
17	40000000	40050000	16517	61	26329	20347	0.00369316	0.52658	0.811766
17	40050000	40100000	24251	107	20341	25659	0.00441219	0.40682	0.945126
17	40100000	40150000	21747	89	23311	21963	0.00409252	0.46622	0.990165
17	40150000	40200000	23114	87	21437	24587	0.00376395	0.42874	0.94009
17	40200000	40250000	25290	112	23681	25642	0.00442863	0.47362	0.986273
17	40250000	40300000	25743	117	16745	26323	0.00454492	0.3349	0.977966
17	40300000	40350000	24687	86	22051	24914	0.00348361	0.44102	0.990889
17	40350000	40400000	19111	74	23193	19265	0.00387212	0.46386	0.992006
17	40400000	40450000	23567	106	21098	23776	0.00449781	0.42196	0.99121
17	40450000	40500000	22016	77	19430	22209	0.00349746	0.3886	0.99131
17	40500000	40550000	19523	91	30646	20203	0.00466117	0.61292	0.966342
17	40550000	40600000	4630	18	30551	18183	0.00388769	0.61102	0.254633
17	40600000	40650000	17617	83	27114	18643	0.00471136	0.54228	0.944966
17	40650000	40700000	22001	112	20932	22216	0.00509068	0.41864	0.990322
17	40700000	40750000	20275	86	20323	20502	0.00424168	0.40646	0.988928
17	40750000	40800000	15257	62	29704	16965	0.00406371	0.59408	0.899322
17	40800000	40850000	22725	73	19744	23598	0.00321232	0.39488	0.963005
17	40850000	40900000	18717	54	24994	19626	0.00288508	0.49988	0.953684
17	40900000	40950000	24098	86	19775	24840	0.00356876	0.3955	0.970129
17	40950000	41000000	24392	87	23176	26091	0.00356674	0.46352	0.934882
17	41000000	41050000	18812	120	23108	21220	0.00637891	0.46216	0.886522
17	41050000	41100000	18013	87	29788	19786	0.00482985	0.59576	0.910391
17	41100000	41150000	14646	61	29973	16712	0.00416496	0.59946	0.876376
17	41150000	41200000	21841	100	21053	22305	0.00457854	0.42106	0.979197
17	41200000	41250000	22141	94	22732	22269	0.00424552	0.45464	0.994252
17	41250000	41300000	8009	55	29908	9801	0.00686727	0.59816	0.817162
17	41300000	41350000	10868	52	30947	10951	0.00478469	0.61894	0.992421
17	41350000	41400000	15065	56	29389	17469	0.00371723	0.58778	0.862385
17	41400000	41450000	6874	87	43398	11749	0.0126564	0.86796	0.585071
17	41450000	41500000	21941	110	27167	22083	0.00501345	0.54334	0.99357
17	41500000	41550000	19112	78	32106	20054	0.00408121	0.64212	0.953027
17	41550000	41600000	21609	105	26143	21758	0.00485909	0.52286	0.993152
17	41600000	41650000	24801	111	20144	25860	0.00447563	0.40288	0.959049
17	41650000	41700000	23714	131	29767	24664	0.00552416	0.59534	0.961482
17	41700000	41750000	24826	109	24583	26076	0.00439056	0.49166	0.952063
17	41750000	41800000	27016	151	21813	27534	0.00558928	0.43626	0.981187
17	41800000	41850000	27049	130	21779	27729	0.00480609	0.43558	0.975477
17	41850000	41900000	24127	94	27675	24459	0.00389605	0.5535	0.986426
17	41900000	41950000	26870	126	26598	27846	0.00468924	0.53196	0.96495
17	41950000	42000000	18106	63	22727	25381	0.00347951	0.45454	0.713368
17	42000000	42050000	13262	92	24488	13723	0.00693711	0.48976	0.966407
17	42050000	42100000	20408	88	29396	20997	0.00431203	0.58792	0.971948
17	42100000	42150000	18624	85	26692	19810	0.004564	0.53384	0.940131
17	42150000	42200000	25788	106	14476	26168	0.00411044	0.28952	0.985478
17	42200000	42250000	17636	73	28462	17786	0.00413926	0.56924	0.991566
17	42250000	42300000	22553	91	15640	23625	0.00403494	0.3128	0.954624
17	42300000	42350000	19993	122	24428	22542	0.00610214	0.48856	0.886922
17	42350000	42400000	21804	113	29741	22500	0.00518254	0.59482	0.969067
17	42400000	42450000	19947	78	24180	21680	0.00391036	0.4836	0.920065
17	42450000	42500000	24015	85	19832	24166	0.00353945	0.39664	0.993752
17	42500000	42550000	16863	64	22302	17652	0.00379529	0.44604	0.955303
17	42550000	42600000	15585	62	33585	16062	0.00397818	0.6717	0.970303
17	42600000	42650000	19392	102	28163	20674	0.0052599	0.56326	0.93799
17	42650000	42700000	19269	95	27113	23352	0.0049302	0.54226	0.825154
17	42700000	42750000	19129	87	27205	19437	0.00454807	0.5441	0.984154
17	42750000	42800000	18277	64	31437	19264	0.00350167	0.62874	0.948765
17	42800000	42850000	25058	122	20444	25693	0.0048687	0.40888	0.975285
17	42850000	42900000	20651	72	22722	20929	0.00348651	0.45444	0.986717
17	42900000	42950000	20209	80	25061	20729	0.00395863	0.50122	0.974914
17	42950000	43000000	27006	112	21334	27253	0.00414723	0.42668	0.990937
17	43000000	43050000	27150	109	20326	27618	0.00401473	0.40652	0.983055
17	43050000	43100000	24377	130	21348	26655	0.0053329	0.42696	0.914538
17	43100000	43150000	17781	83	27373	20298	0.0046679	0.54746	0.875998
17	43150000	43200000	24031	107	17972	26466	0.00445258	0.35944	0.907995
17	43200000	43250000	21576	102	19908	22693	0.00472747	0.39816	0.950778
17	43250000	43300000	13140	80	37140	13517	0.00608828	0.7428	0.972109
17	43300000	43350000	31122	153	12527	31361	0.00491614	0.25054	0.992379
17	43350000	43400000	26924	121	19037	27083	0.00449413	0.38074	0.994129
17	43400000	43450000	22637	117	34183	23000	0.00516853	0.68366	0.984217
17	43450000	43500000	23232	111	25452	25066	0.00477789	0.50904	0.926833
17	43500000	43550000	4124	34	21230	4488	0.00824442	0.4246	0.918895
17	43550000	43600000	81	3	21014	86	0.037037	0.42028	0.94186
17	43600000	43650000	0	0	27247	21		0.54494	0
17	43650000	43700000	8	2	28694	2464	0.25	0.57388	0.00324675
17	43700000	43750000	15204	110	26233	25214	0.00723494	0.52466	0.602998
17	43750000	43800000	30664	180	21498	30926	0.00587008	0.42996	0.991528
17	43800000	43850000	31459	182	24573	31739	0.00578531	0.49146	0.991178
17	43850000	43900000	33409	188	16495	33703	0.00562723	0.3299	0.991277
17	43900000	43950000	29861	123	20298	30086	0.00411909	0.40596	0.992521
17	43950000	44000000	26796	167	24842	26980	0.00623227	0.49684	0.99318
17	44000000	44050000	27064	130	22916	28334	0.00480343	0.45832	0.955178
17	44050000	44100000	28566	146	18665	28749	0.00511097	0.3733	0.993635
17	44100000	44150000	29431	113	16667	29599	0.00383949	0.33334	0.994324
17	44150000	44200000	22147	113	24122	22383	0.00510227	0.48244	0.989456
17	44200000	44250000	26407	114	21221	26527	0.00431704	0.42442	0.995476
17	44250000	44300000	16760	59	27425	17131	0.00352029	0.5485	0.978343
17	44300000	44350000	18	1	31582	1681	0.0555556	0.63164	0.0107079
17	44350000	44400000	668	5	26142	885	0.00748503	0.52284	0.754802
17	44400000	44450000	0	0	25430	0		0.5086	
17	44450000	44500000	0	0	31032	0		0.62064	
17	44500000	44550000	0	0	22234	0		0.44468	
17	44550000	44600000	0	0	25748	0		0.51496	
17	44600000	44650000	0	0	27707	0		0.55414	
17	44650000	44700000	0	0	31323	0		0.62646	
17	44700000	44750000	0	0	18539	0		0.37078	
17	44750000	44800000	8680	33	27369	8711	0.00380184	0.54738	0.996441
17	44800000	44850000	30280	97	16071	30441	0.00320343	0.32142	0.994711
17	44850000	44900000	30636	169	17069	30797	0.00551639	0.34138	0.994772
17	44900000	44950000	26222	118	21689	26556	0.00450004	0.43378	0.987423
17	44950000	45000000	28599	145	24522	28830	0.00507011	0.49044	0.991988
17	45000000	45050000	29585	128	19200	29832	0.00432652	0.384	0.99172
17	45050000	45100000	13395	86	27073	14880	0.00642031	0.54146	0.900202
17	45100000	45150000	2023	29	27592	2167	0.0143351	0.55184	0.933549
17	45150000	45200000	10759	51	28640	10816	0.00474022	0.5728	0.99473
17	45200000	45250000	20468	76	25711	20680	0.00371311	0.51422	0.989749
17	45250000	45300000	26432	95	24361	26623	0.00359413	0.48722	0.992826
17	45300000	45350000	23888	132	28058	24013	0.00552579	0.56116	0.994794
17	45350000	45400000	27794	105	20926	27964	0.00377779	0.41852	0.993921
17	45400000	45450000	20162	66	31225	20776	0.00327348	0.6245	0.970447
17	45450000	45500000	15446	60	30523	21596	0.0038845	0.61046	0.715225
17	45500000	45550000	0	0	33766	8184		0.67532	0
17	45550000	45600000	60	3	33726	183	0.05	0.67452	0.327869
17	45600000	45650000	88	4	31716	134	0.0454545	0.63432	0.656716
17	45650000	45700000	12108	65	23642	12267	0.00536835	0.47284	0.987038
17	45700000	45750000	19431	96	26631	19814	0.00494056	0.53262	0.98067
17	45750000	45800000	29203	119	10843	29449	0.00407492	0.21686	0.991647
17	45800000	45850000	24644	83	29943	24802	0.00336796	0.59886	0.99363
17	45850000	45900000	28361	157	20409	29495	0.00553577	0.40818	0.961553
17	45900000	45950000	29754	182	13358	30505	0.00611682	0.26716	0.975381
17	45950000	46000000	23597	107	22421	24770	0.00453447	0.44842	0.952644
17	46000000	46050000	27327	143	18827	28233	0.00523292	0.37654	0.96791
17	46050000	46100000	25512	136	19997	25991	0.00533082	0.39994	0.981571
17	46100000	46150000	22174	75	13571	25672	0.00338234	0.27142	0.863743
17	46150000	46200000	15646	58	29531	16280	0.00370702	0.59062	0.961057
17	46200000	46250000	27220	109	17426	27436	0.00400441	0.34852	0.992127
17	46250000	46300000	30441	132	13037	30668	0.00433626	0.26074	0.992598
17	46300000	46350000	32181	100	12814	32341	0.00310742	0.25628	0.995053
17	46350000	46400000	32329	114	12888	32818	0.00352625	0.25776	0.9851
17	46400000	46450000	27787	120	18243	28005	0.00431857	0.36486	0.992216
17	46450000	46500000	26031	98	25248	26658	0.00376474	0.50496	0.97648
17	46500000	46550000	28917	151	21877	29326	0.00522184	0.43754	0.986053
17	46550000	46600000	26795	110	23051	26999	0.00410524	0.46102	0.992444
17	46600000	46650000	29760	91	7479	30686	0.0030578	0.14958	0.969823
17	46650000	46700000	31683	118	1895	32538	0.00372439	0.0379	0.973723
17	46700000	46750000	26715	104	23402	26987	0.00389294	0.46804	0.989921
17	46750000	46800000	21308	104	30861	21494	0.0048808	0.61722	0.991346
17	46800000	46850000	28015	131	15707	28254	0.00467607	0.31414	0.991541
17	46850000	46900000	22252	81	27897	23210	0.00364012	0.55794	0.958725
17	46900000	46950000	18908	60	26987	19946	0.00317326	0.53974	0.947959
17	46950000	47000000	17550	84	26744	19494	0.00478632	0.53488	0.900277
17	47000000	47050000	17230	117	27359	17887	0.00679048	0.54718	0.963269
17	47050000	47100000	19927	89	21758	22715	0.0044663	0.43516	0.877262
17	47100000	47150000	21411	81	22320	23917	0.0037831	0.4464	0.895221
17	47150000	47200000	0	0	37519	21935		0.75038	0
17	47200000	47250000	14163	67	32764	17176	0.00473064	0.65528	0.824581
17	47250000	47300000	20945	128	30851	21602	0.00611124	0.61702	0.969586
17	47300000	47350000	17823	87	27866	17974	0.00488133	0.55732	0.991599
17	47350000	47400000	22092	89	28019	22273	0.00402861	0.56038	0.991874
17	47400000	47450000	18166	73	28100	18563	0.0040185	0.562	0.978613
17	47450000	47500000	21147	97	24964	21330	0.00458694	0.49928	0.991421
17	47500000	47550000	27900	174	23542	30041	0.00623656	0.47084	0.928731
17	47550000	47600000	28858	142	15971	32421	0.00492065	0.31942	0.890102
17	47600000	47650000	20778	153	29445	23056	0.00736356	0.5889	0.901197
17	47650000	47700000	30223	116	16439	30955	0.00383814	0.32878	0.976353
17	47700000	47750000	23618	73	26345	23893	0.00309086	0.5269	0.98849
17	47750000	47800000	20455	81	19890	26131	0.00395991	0.3978	0.782787
17	47800000	47850000	27374	97	17358	27695	0.00354351	0.34716	0.988409
17	47850000	47900000	24202	76	21652	24369	0.00314024	0.43304	0.993147
17	47900000	47950000	27877	141	18422	28074	0.00505793	0.36844	0.992983
17	47950000	48000000	30539	127	16501	30749	0.00415862	0.33002	0.993171
17	48000000	48050000	31243	173	15714	31505	0.00553724	0.31428	0.991684
17	48050000	48100000	26500	138	23733	26786	0.00520755	0.47466	0.989323
17	48100000	48150000	26081	182	20485	28233	0.00697826	0.4097	0.923777
17	48150000	48200000	31598	134	16788	32193	0.00424077	0.33576	0.981518
17	48200000	48250000	27013	112	15568	30687	0.00414615	0.31136	0.880275
17	48250000	48300000	30559	129	13442	32233	0.00422134	0.26884	0.948066
17	48300000	48350000	20948	90	34930	21526	0.00429635	0.6986	0.973149
17	48350000	48400000	24939	131	30230	25895	0.00525282	0.6046	0.963082
17	48400000	48450000	27363	123	21683	27775	0.00449512	0.43366	0.985167
17	48450000	48500000	17706	109	31108	17931	0.00615611	0.62216	0.987452
17	48500000	48550000	25116	126	23070	25306	0.00501672	0.4614	0.992492
17	48550000	48600000	25661	125	26354	26328	0.00487121	0.52708	0.974666
17	48600000	48650000	30938	148	12200	32636	0.00478376	0.244	0.947972
17	48650000	48700000	32799	164	10961	35404	0.00500015	0.21922	0.926421
17	48700000	48750000	26049	127	21725	29329	0.00487543	0.4345	0.888165
17	48750000	48800000	25067	120	21540	26813	0.00478717	0.4308	0.934882
17	48800000	48850000	23349	141	24595	23611	0.0060388	0.4919	0.988903
17	48850000	48900000	21360	142	32180	23792	0.00664794	0.6436	0.897781
17	48900000	48950000	27227	139	15909	27757	0.00510523	0.31818	0.980906
17	48950000	49000000	25534	139	25069	25952	0.00544372	0.50138	0.983893
17	49000000	49050000	27919	148	20384	28316	0.00530105	0.40768	0.98598
17	49050000	49100000	25942	121	22428	26178	0.00466425	0.44856	0.990985
17	49100000	49150000	25293	93	22684	25593	0.00367691	0.45368	0.988278
17	49150000	49200000	10317	30	32523	15577	0.00290782	0.65046	0.662323
17	49200000	49250000	12243	160	31107	16142	0.0130687	0.62214	0.758456
17	49250000	49300000	22747	133	19135	24262	0.00584692	0.3827	0.937557
17	49300000	49350000	22774	96	34099	23012	0.00421533	0.68198	0.989658
17	49350000	49400000	17257	67	29703	17820	0.00388248	0.59406	0.968406
17	49400000	49450000	24813	110	28892	25023	0.00443316	0.57784	0.991608
17	49450000	49500000	31381	189	23359	31765	0.00602275	0.46718	0.987911
17	49500000	49550000	23591	129	30981	24926	0.00546819	0.61962	0.946441
17	49550000	49600000	27265	176	27699	28041	0.00645516	0.55398	0.972326
17	49600000	49650000	28381	164	27410	28640	0.00577851	0.5482	0.990957
17	49650000	49700000	24369	197	31180	25242	0.00808404	0.6236	0.965415
17	49700000	49750000	30333	200	18969	31300	0.00659348	0.37938	0.969105
17	49750000	49800000	168	1	29371	28073	0.00595238	0.58742	0.0059844
17	49800000	49850000	144	0	16259	33525	0	0.32518	0.0042953
17	49850000	49900000	30438	202	24762	31910	0.00663644	0.49524	0.95387
17	49900000	49950000	36264	215	16977	36529	0.00592874	0.33954	0.992745
17	49950000	50000000	30710	212	24875	31137	0.00690329	0.4975	0.986286
17	50000000	50050000	33155	185	20912	33567	0.00557985	0.41824	0.987726
17	50050000	50100000	28977	195	28366	29246	0.00672948	0.56732	0.990802
17	50100000	50150000	27705	184	30881	29474	0.0066414	0.61762	0.939981
17	50150000	50200000	29759	177	24518	30789	0.00594778	0.49036	0.966546
17	50200000	50250000	32325	166	17245	32541	0.00513534	0.3449	0.993362
17	50250000	50300000	30495	189	23578	31493	0.00619774	0.47156	0.96831
17	50300000	50350000	31724	195	26196	31999	0.00614677	0.52392	0.991406
17	50350000	50400000	30066	187	27581	30971	0.00621965	0.55162	0.970779
17	50400000	50450000	21937	114	33370	22157	0.0051967	0.6674	0.990071
17	50450000	50500000	26084	142	26452	26279	0.00544395	0.52904	0.99258
17	50500000	50550000	24375	181	34055	26315	0.00742564	0.6811	0.926278
17	50550000	50600000	31600	189	28396	31867	0.00598101	0.56792	0.991621
17	50600000	50650000	31857	162	21236	32172	0.00508522	0.42472	0.990209
17	50650000	50700000	21480	127	31080	21775	0.00591248	0.6216	0.986452
17	50700000	50750000	27564	189	26325	28267	0.00685677	0.5265	0.97513
17	50750000	50800000	32821	159	23471	34004	0.00484446	0.46942	0.96521
17	50800000	50850000	28539	202	24874	28785	0.00707803	0.49748	0.991454
17	50850000	50900000	26367	194	31286	26729	0.00735768	0.62572	0.986457
17	50900000	50950000	27491	184	25195	27765	0.0066931	0.5039	0.990131
17	50950000	51000000	28868	192	23416	29212	0.00665096	0.46832	0.988224
17	51000000	51050000	25898	171	32207	26452	0.00660283	0.64414	0.979056
17	51050000	51100000	27113	163	24805	27584	0.00601188	0.4961	0.982925
17	51100000	51150000	25428	170	34832	25711	0.00668554	0.69664	0.988993
17	51150000	51200000	28836	177	24737	29281	0.00613816	0.49474	0.984802
17	51200000	51250000	26386	181	23284	31520	0.0068597	0.46568	0.837119
17	51250000	51300000	25230	151	30529	25606	0.00598494	0.61058	0.985316
17	51300000	51350000	24848	223	30474	28539	0.00897457	0.60948	0.870668
17	51350000	51400000	26880	163	30441	28715	0.00606399	0.60882	0.936096
17	51400000	51450000	26647	187	27371	26961	0.00701768	0.54742	0.988354
17	51450000	51500000	28486	235	26135	28745	0.00824967	0.5227	0.99099
17	51500000	51550000	24607	188	20770	27035	0.0076401	0.4154	0.91019
17	51550000	51600000	27921	207	27866	28234	0.00741377	0.55732	0.988914
17	51600000	51650000	25314	207	27576	26316	0.00817729	0.55152	0.961924
17	51650000	51700000	4057	25	31846	26675	0.00616219	0.63692	0.15209
17	51700000	51750000	25559	188	30763	25849	0.00735553	0.61526	0.988781
17	51750000	51800000	27768	177	28701	28082	0.00637424	0.57402	0.988818
17	51800000	51850000	25167	172	28322	25415	0.00683435	0.56644	0.990242
17	51850000	51900000	24475	197	28784	25156	0.00804903	0.57568	0.972929
17	51900000	51950000	23169	131	31454	23410	0.00565411	0.62908	0.989705
17	51950000	52000000	23605	170	30609	24791	0.00720186	0.61218	0.95216
17	52000000	52050000	27324	171	27026	27588	0.00625823	0.54052	0.990431
17	52050000	52100000	28232	210	28396	30980	0.00743837	0.56792	0.911298
17	52100000	52150000	26112	185	25824	26360	0.00708487	0.51648	0.990592
17	52150000	52200000	25111	150	35666	25337	0.00597348	0.71332	0.99108
17	52200000	52250000	22373	133	31073	22587	0.00594467	0.62146	0.990526
17	52250000	52300000	30719	153	20321	31152	0.00498063	0.40642	0.9861
17	52300000	52350000	29883	224	26409	30252	0.0074959	0.52818	0.987802
17	52350000	52400000	22682	168	30984	22978	0.00740675	0.61968	0.987118
17	52400000	52450000	22661	151	35605	23477	0.00666343	0.7121	0.965243
17	52450000	52500000	24117	163	28172	24590	0.00675872	0.56344	0.980765
17	52500000	52550000	22480	162	32570	22676	0.00720641	0.6514	0.991357
17	52550000	52600000	27834	202	26755	28172	0.00725731	0.5351	0.988002
17	52600000	52650000	23908	144	38810	24205	0.00602309	0.7762	0.98773
17	52650000	52700000	20444	161	36232	21679	0.00787517	0.72464	0.943032
17	52700000	52750000	22262	152	34202	22456	0.00682778	0.68404	0.991361
17	52750000	52800000	24033	213	27757	24315	0.00886281	0.55514	0.988402
17	52800000	52850000	26120	157	29264	26348	0.00601072	0.58528	0.991347
17	52850000	52900000	27895	147	26220	28167	0.00526976	0.5244	0.990343
17	52900000	52950000	29017	155	24808	29265	0.0053417	0.49616	0.991526
17	52950000	53000000	27839	156	22727	28049	0.00560365	0.45454	0.992513
17	53000000	53050000	27120	185	26594	27703	0.00682153	0.53188	0.978955
17	53050000	53100000	25972	139	24939	26193	0.00535192	0.49878	0.991563
17	53100000	53150000	30975	137	26171	31240	0.00442292	0.52342	0.991517
17	53150000	53200000	25576	107	26450	26463	0.00418361	0.529	0.966482
17	53200000	53250000	33705	164	21064	34076	0.00486575	0.42128	0.989113
17	53250000	53300000	31767	126	25537	32355	0.00396638	0.51074	0.981827
17	53300000	53350000	30367	134	20551	30674	0.00441268	0.41102	0.989992
17	53350000	53400000	31307	162	15686	33705	0.00517456	0.31372	0.928853
17	53400000	53450000	29655	160	28318	29931	0.00539538	0.56636	0.990779
17	53450000	53500000	27651	118	21649	28323	0.00426748	0.43298	0.976274
17	53500000	53550000	23068	154	28180	23516	0.00667591	0.5636	0.980949
17	53550000	53600000	20952	129	32235	21680	0.00615693	0.6447	0.966421
17	53600000	53650000	22779	152	29861	24247	0.00667281	0.59722	0.939456
17	53650000	53700000	28649	169	27806	28922	0.00589898	0.55612	0.990561
17	53700000	53750000	32930	198	21667	33356	0.00601275	0.43334	0.987229
17	53750000	53800000	28601	199	19316	31619	0.0069578	0.38632	0.904551
17	53800000	53850000	33259	192	21926	33808	0.00577287	0.43852	0.983761
17	53850000	53900000	30019	143	26171	30251	0.00476365	0.52342	0.992331
17	53900000	53950000	31691	171	24955	31928	0.00539585	0.4991	0.992577
17	53950000	54000000	25014	180	35834	25623	0.00719597	0.71668	0.976232
17	54000000	54050000	24348	163	30131	24586	0.0066946	0.60262	0.99032
17	54050000	54100000	25573	175	33388	25786	0.00684315	0.66776	0.99174
17	54100000	54150000	25546	169	30572	25782	0.00661552	0.61144	0.990846
17	54150000	54200000	31811	221	23356	34592	0.00694728	0.46712	0.919606
17	54200000	54250000	32133	184	18346	32623	0.0057262	0.36692	0.98498
17	54250000	54300000	26801	142	25810	27011	0.00529831	0.5162	0.992225
17	54300000	54350000	29868	172	22834	30124	0.00575867	0.45668	0.991502
17	54350000	54400000	29781	170	23072	30003	0.00570834	0.46144	0.992601
17	54400000	54450000	25248	122	28392	25697	0.00483207	0.56784	0.982527
17	54450000	54500000	20474	142	32124	20682	0.00693563	0.64248	0.989943
17	54500000	54550000	31191	155	20384	31442	0.00496938	0.40768	0.992017
17	54550000	54600000	31590	156	14734	35362	0.00493827	0.29468	0.893332
17	54600000	54650000	30867	146	25574	31189	0.00472997	0.51148	0.989676
17	54650000	54700000	29279	131	17986	30089	0.0044742	0.35972	0.97308
17	54700000	54750000	31205	208	19998	32557	0.0066656	0.39996	0.958473
17	54750000	54800000	29705	220	27763	30153	0.00740616	0.55526	0.985142
17	54800000	54850000	29608	160	23750	29862	0.00540394	0.475	0.991494
17	54850000	54900000	27657	139	26202	30860	0.00502585	0.52404	0.896209
17	54900000	54950000	26225	131	22488	26504	0.00499523	0.44976	0.989473
17	54950000	55000000	25471	159	26433	25733	0.00624239	0.52866	0.989819
17	55000000	55050000	15039	103	35135	15149	0.00684886	0.7027	0.992739
17	55050000	55100000	23872	164	30299	24073	0.00686997	0.60598	0.99165
17	55100000	55150000	19491	126	36205	20085	0.00646452	0.7241	0.970426
17	55150000	55200000	29957	133	16214	30203	0.0044397	0.32428	0.991855
17	55200000	55250000	24112	156	29497	25081	0.00646981	0.58994	0.961365
17	55250000	55300000	24500	160	32520	25196	0.00653061	0.6504	0.972377
17	55300000	55350000	29145	148	24985	29700	0.00507806	0.4997	0.981313
17	55350000	55400000	30815	195	16874	31003	0.00632809	0.33748	0.993936
17	55400000	55450000	31147	187	19354	31745	0.00600379	0.38708	0.981162
17	55450000	55500000	30031	185	15751	31596	0.0061603	0.31502	0.950468
17	55500000	55550000	31616	181	16158	31859	0.00572495	0.32316	0.992373
17	55550000	55600000	33998	177	14398	34251	0.00520619	0.28796	0.992613
17	55600000	55650000	34947	193	11045	35218	0.00552265	0.2209	0.992305
17	55650000	55700000	31440	173	17280	31723	0.00550254	0.3456	0.991079
17	55700000	55750000	34472	196	10846	34938	0.00568577	0.21692	0.986662
17	55750000	55800000	29244	155	22379	30506	0.00530023	0.44758	0.958631
17	55800000	55850000	31825	200	19645	32205	0.00628437	0.3929	0.988201
17	55850000	55900000	25953	153	29996	26994	0.00589527	0.59992	0.961436
17	55900000	55950000	25383	132	23198	25570	0.00520033	0.46396	0.992687
17	55950000	56000000	29729	156	19740	29929	0.0052474	0.3948	0.993318
17	56000000	56050000	25664	107	19920	26657	0.00416926	0.3984	0.962749
17	56050000	56100000	23219	74	13586	23765	0.00318705	0.27172	0.977025
17	56100000	56150000	27009	132	30125	27205	0.00488726	0.6025	0.992795
17	56150000	56200000	26389	145	30242	27250	0.00549471	0.60484	0.968404
17	56200000	56250000	25419	152	30819	25615	0.00597978	0.61638	0.992348
17	56250000	56300000	30204	174	20981	30815	0.00576083	0.41962	0.980172
17	56300000	56350000	29754	129	25128	30235	0.00433555	0.50256	0.984091
17	56350000	56400000	30400	131	20817	30796	0.00430921	0.41634	0.987141
17	56400000	56450000	30944	119	13480	31255	0.00384566	0.2696	0.99005
17	56450000	56500000	32406	129	12560	32597	0.00398074	0.2512	0.994141
17	56500000	56550000	20539	89	36762	20778	0.00433322	0.73524	0.988497
17	56550000	56600000	25226	72	17022	25604	0.0028542	0.34044	0.985237
17	56600000	56650000	28270	94	19345	28441	0.00332508	0.3869	0.993988
17	56650000	56700000	24236	109	25984	24517	0.00449744	0.51968	0.988539
17	56700000	56750000	16590	85	32763	16889	0.00512357	0.65526	0.982296
17	56750000	56800000	15636	66	33803	15923	0.00422103	0.67606	0.981976
17	56800000	56850000	19740	74	28071	20092	0.00374873	0.56142	0.982481
17	56850000	56900000	20768	79	33041	22260	0.00380393	0.66082	0.932974
17	56900000	56950000	17286	70	42723	17351	0.00404952	0.85446	0.996254
17	56950000	57000000	20776	56	36411	21248	0.00269542	0.72822	0.977786
17	57000000	57050000	20307	81	32686	21427	0.00398877	0.65372	0.94773
17	57050000	57100000	24711	114	26467	25102	0.00461333	0.52934	0.984424
17	57100000	57150000	23181	133	29681	23386	0.00573746	0.59362	0.991234
17	57150000	57200000	21163	123	28340	21587	0.00581203	0.5668	0.980359
17	57200000	57250000	16307	47	29454	17145	0.0028822	0.58908	0.951123
17	57250000	57300000	14798	68	27004	15216	0.00459522	0.54008	0.972529
17	57300000	57350000	15442	63	33573	16351	0.00407978	0.67146	0.944407
17	57350000	57400000	13206	71	32924	14602	0.00537634	0.65848	0.904397
17	57400000	57450000	27700	129	18828	28038	0.00465704	0.37656	0.987945
17	57450000	57500000	25527	133	24387	25826	0.00521017	0.48774	0.988423
17	57500000	57550000	21386	96	30150	22524	0.00448892	0.603	0.949476
17	57550000	57600000	22456	89	30781	22735	0.00396331	0.61562	0.987728
17	57600000	57650000	21034	63	29660	21296	0.00299515	0.5932	0.987697
17	57650000	57700000	12185	51	25446	12368	0.00418547	0.50892	0.985204
17	57700000	57750000	25416	86	20088	25623	0.0033837	0.40176	0.991921
17	57750000	57800000	27488	87	19015	27723	0.00316502	0.3803	0.991523
17	57800000	57850000	21652	73	27457	21780	0.00337151	0.54914	0.994123
17	57850000	57900000	20674	59	25088	20796	0.00285383	0.50176	0.994133
17	57900000	57950000	16772	57	25363	17548	0.00339852	0.50726	0.955778
17	57950000	58000000	14289	56	33290	14739	0.0039191	0.6658	0.969469
17	58000000	58050000	2221	20	22020	4414	0.00900495	0.4404	0.503172
17	58050000	58100000	0	0	22083	307		0.44166	0
17	58100000	58150000	14931	67	17924	23126	0.00448731	0.35848	0.645637
17	58150000	58200000	16227	93	19930	16450	0.00573119	0.3986	0.986444
17	58200000	58250000	22665	144	18633	23433	0.00635341	0.37266	0.967226
17	58250000	58300000	1950	16	21003	1970	0.00820513	0.42006	0.989848
17	58300000	58350000	22019	70	27801	22213	0.00317907	0.55602	0.991266
17	58350000	58400000	21395	68	33364	23565	0.00317831	0.66728	0.907914
17	58400000	58450000	14909	66	33674	17884	0.00442686	0.67348	0.83365
17	58450000	58500000	16877	67	29468	17197	0.0039699	0.58936	0.981392
17	58500000	58550000	22401	96	27164	22581	0.00428552	0.54328	0.992029
17	58550000	58600000	16452	67	35328	16819	0.00407245	0.70656	0.978179
17	58600000	58650000	17355	103	34698	17508	0.00593489	0.69396	0.991261
17	58650000	58700000	18246	96	35540	19050	0.00526143	0.7108	0.957795
17	58700000	58750000	18668	94	31632	19551	0.00503535	0.63264	0.954836
17	58750000	58800000	15330	71	34728	16087	0.00463144	0.69456	0.952943
17	58800000	58850000	16901	95	36609	17067	0.00562097	0.73218	0.990274
17	58850000	58900000	20725	90	32904	20949	0.00434258	0.65808	0.989307
17	58900000	58950000	23210	192	27854	23983	0.0082723	0.55708	0.967769
17	58950000	59000000	21788	119	29639	22058	0.00546172	0.59278	0.98776
17	59000000	59050000	24195	123	33277	24406	0.00508369	0.66554	0.991355
17	59050000	59100000	23998	107	24125	24309	0.0044587	0.4825	0.987206
17	59100000	59150000	28168	138	17696	28546	0.00489918	0.35392	0.986758
17	59150000	59200000	25150	107	26573	25301	0.00425447	0.53146	0.994032
17	59200000	59250000	29586	145	14065	29864	0.00490097	0.2813	0.990691
17	59250000	59300000	27003	104	17777	27289	0.00385142	0.35554	0.98952
17	59300000	59350000	22070	108	22116	22247	0.00489352	0.44232	0.992044
17	59350000	59400000	28912	168	19293	29302	0.00581074	0.38586	0.98669
17	59400000	59450000	27868	179	21065	29897	0.00642314	0.4213	0.932134
17	59450000	59500000	30282	123	9885	32072	0.00406182	0.1977	0.944188
17	59500000	59550000	29677	144	20956	30603	0.00485224	0.41912	0.969742
17	59550000	59600000	29274	153	20057	29997	0.00522648	0.40114	0.975898
17	59600000	59650000	22638	152	31538	22802	0.00671437	0.63076	0.992808
17	59650000	59700000	29020	135	23166	29338	0.00465196	0.46332	0.989161
17	59700000	59750000	20904	104	37917	21419	0.00497512	0.75834	0.975956
17	59750000	59800000	19912	84	38489	20390	0.00421856	0.76978	0.976557
17	59800000	59850000	25439	86	30468	25911	0.00338064	0.60936	0.981784
17	59850000	59900000	25529	84	27121	25822	0.00329038	0.54242	0.988653
17	59900000	59950000	24959	82	29926	25560	0.00328539	0.59852	0.976487
17	59950000	60000000	18747	83	32985	19539	0.00442738	0.6597	0.959466
17	60000000	60050000	19629	57	25013	20602	0.00290387	0.50026	0.952772
17	60050000	60100000	21962	102	28862	22335	0.00464439	0.57724	0.9833
17	60100000	60150000	22980	106	24504	23148	0.00461271	0.49008	0.992742
17	60150000	60200000	22834	112	28791	23447	0.00490497	0.57582	0.973856
17	60200000	60250000	17315	107	29684	18013	0.00617961	0.59368	0.96125
17	60250000	60300000	11691	71	37519	12597	0.00607305	0.75038	0.928078
17	60300000	60350000	3	1	23447	312	0.333333	0.46894	0.00961538
17	60350000	60400000	0	0	23123	10392		0.46246	0
17	60400000	60450000	13459	104	36386	16499	0.00772717	0.72772	0.815746
17	60450000	60500000	10331	54	27796	17974	0.00522699	0.55592	0.574775
17	60500000	60550000	428	37	30221	507	0.0864486	0.60442	0.844181
17	60550000	60600000	256	39	31671	339	0.152344	0.63342	0.755162
17	60600000	60650000	5051	36	28758	5196	0.0071273	0.57516	0.972094
17	60650000	60700000	23804	95	19620	23960	0.00399093	0.3924	0.993489
17	60700000	60750000	24567	170	24901	24919	0.00691985	0.49802	0.985874
17	60750000	60800000	27701	147	17854	28162	0.00530667	0.35708	0.98363
17	60800000	60850000	26977	127	22164	27391	0.00470771	0.44328	0.984886
17	60850000	60900000	21909	149	25922	24048	0.00680086	0.51844	0.911053
17	60900000	60950000	20891	124	30388	22269	0.00593557	0.60776	0.93812
17	60950000	61000000	25099	133	29715	26029	0.00529902	0.5943	0.964271
17	61000000	61050000	25542	137	29146	25815	0.00536371	0.58292	0.989425
17	61050000	61100000	24260	119	35265	24837	0.00490519	0.7053	0.976769
17	61100000	61150000	28873	107	30111	29105	0.00370588	0.60222	0.992029
17	61150000	61200000	28846	114	26313	29054	0.00395202	0.52626	0.992841
17	61200000	61250000	28898	124	20055	29314	0.00429095	0.4011	0.985809
17	61250000	61300000	26978	110	30612	27184	0.0040774	0.61224	0.992422
17	61300000	61350000	21548	109	31785	22337	0.00505847	0.6357	0.964677
17	61350000	61400000	24397	112	32165	24635	0.00459073	0.6433	0.990339
17	61400000	61450000	26914	109	25366	27192	0.00404994	0.50732	0.989776
17	61450000	61500000	31096	133	14949	31283	0.00427708	0.29898	0.994022
17	61500000	61550000	25080	164	20532	25832	0.00653907	0.41064	0.970889
17	61550000	61600000	21180	110	17113	29975	0.00519358	0.34226	0.706589
17	61600000	61650000	26801	154	22397	27879	0.00574605	0.44794	0.961333
17	61650000	61700000	22476	112	24299	22888	0.00498309	0.48598	0.981999
17	61700000	61750000	23799	76	22331	23965	0.00319341	0.44662	0.993073
17	61750000	61800000	28577	104	16602	29348	0.00363929	0.33204	0.973729
17	61800000	61850000	20398	80	25296	20639	0.00392195	0.50592	0.988323
17	61850000	61900000	25418	96	19172	25857	0.00377685	0.38344	0.983022
17	61900000	61950000	19174	79	17038	21778	0.00412016	0.34076	0.88043
17	61950000	62000000	907	28	16381	1710	0.030871	0.32762	0.530409
17	62000000	62050000	26375	173	14904	28248	0.00655924	0.29808	0.933694
17	62050000	62100000	23196	123	25997	27682	0.00530264	0.51994	0.837945
17	62100000	62150000	30849	127	20298	31437	0.00411683	0.40596	0.981296
17	62150000	62200000	28443	114	17731	28680	0.00400802	0.35462	0.991736
17	62200000	62250000	26943	101	17967	27264	0.00374865	0.35934	0.988226
17	62250000	62300000	28102	113	19592	28338	0.00402107	0.39184	0.991672
17	62300000	62350000	28269	169	18700	28471	0.00597828	0.374	0.992905
17	62350000	62400000	19979	96	32532	20328	0.00480505	0.65064	0.982832
17	62400000	62450000	5770	26	3938	5809	0.00450607	0.07876	0.993286
17	62450000	62500000	18722	79	18534	18930	0.00421963	0.37068	0.989012
17	62500000	62550000	26694	137	14874	26936	0.00513224	0.29748	0.991016
17	62550000	62600000	18483	90	22836	18685	0.00486934	0.45672	0.989189
17	62600000	62650000	21965	63	29817	22061	0.0028682	0.59634	0.995648
17	62650000	62700000	11847	60	30490	11898	0.00506457	0.6098	0.995714
17	62700000	62750000	4619	36	30224	8074	0.00779389	0.60448	0.572083
17	62750000	62800000	37	8	19683	6201	0.216216	0.39366	0.00596678
17	62800000	62850000	133	21	25916	144	0.157895	0.51832	0.923611
17	62850000	62900000	63	11	23414	65	0.174603	0.46828	0.969231
17	62900000	62950000	0	0	25336	3921		0.50672	0
17	62950000	63000000	991	43	23886	4681	0.0433905	0.47772	0.211707
17	63000000	63050000	20754	131	20719	25360	0.00631204	0.41438	0.818375
17	63050000	63100000	21619	119	28739	21811	0.00550442	0.57478	0.991197
17	63100000	63150000	23230	139	28038	25643	0.00598364	0.56076	0.9059
17	63150000	63200000	26870	175	21034	28774	0.00651284	0.42068	0.933829
17	63200000	63250000	27988	197	23734	28979	0.00703873	0.47468	0.965803
17	63250000	63300000	25345	203	28847	25673	0.00800947	0.57694	0.987224
17	63300000	63350000	29139	189	29509	29440	0.00648615	0.59018	0.989776
17	63350000	63400000	30399	190	20116	30795	0.00625021	0.40232	0.987141
17	63400000	63450000	28058	196	29187	28362	0.00698553	0.58374	0.989281
17	63450000	63500000	12699	99	25925	25626	0.00779589	0.5185	0.495551
17	63500000	63550000	23379	106	18790	28235	0.00453398	0.3758	0.828015
17	63550000	63600000	25474	151	18503	26428	0.00592761	0.37006	0.963902
17	63600000	63650000	25457	181	21190	25814	0.00711003	0.4238	0.98617
17	63650000	63700000	30072	162	20100	30369	0.00538707	0.402	0.99022
17	63700000	63750000	31996	198	21659	32255	0.00618827	0.43318	0.99197
17	63750000	63800000	24790	156	33045	25405	0.00629286	0.6609	0.975792
17	63800000	63850000	23869	103	31963	24819	0.00431522	0.63926	0.961723
17	63850000	63900000	31136	192	18682	31397	0.0061665	0.37364	0.991687
17	63900000	63950000	25819	155	32518	26052	0.00600333	0.65036	0.991056
17	63950000	64000000	23679	121	28649	23882	0.00511001	0.57298	0.9915
17	64000000	64050000	26701	103	31901	26949	0.00385753	0.63802	0.990797
17	64050000	64100000	21910	102	33809	22071	0.00465541	0.67618	0.992705
17	64100000	64150000	21647	94	38603	21813	0.0043424	0.77206	0.99239
17	64150000	64200000	20434	132	29248	20878	0.00645982	0.58496	0.978734
17	64200000	64250000	22562	114	32464	23018	0.00505274	0.64928	0.980189
17	64250000	64300000	19503	132	29958	19904	0.00676819	0.59916	0.979853
17	64300000	64350000	26686	135	18060	28509	0.00505883	0.3612	0.936055
17	64350000	64400000	29143	175	16943	29390	0.00600487	0.33886	0.991596
17	64400000	64450000	29279	218	15434	29546	0.00744561	0.30868	0.990963
17	64450000	64500000	28118	170	18378	28474	0.00604595	0.36756	0.987497
17	64500000	64550000	31039	201	16616	31303	0.00647572	0.33232	0.991566
17	64550000	64600000	24167	186	26171	24748	0.00769645	0.52342	0.976523
17	64600000	64650000	30809	206	17383	31490	0.00668636	0.34766	0.978374
17	64650000	64700000	29677	187	21653	30012	0.00630118	0.43306	0.988838
17	64700000	64750000	28498	220	18781	29224	0.00771984	0.37562	0.975157
17	64750000	64800000	24151	143	21186	27979	0.00592108	0.42372	0.863183
17	64800000	64850000	30563	207	20274	31231	0.0067729	0.40548	0.978611
17	64850000	64900000	29975	160	26176	30546	0.00533778	0.52352	0.981307
17	64900000	64950000	29537	167	27089	30434	0.00565393	0.54178	0.970526
17	64950000	65000000	28445	176	21046	29806	0.00618738	0.42092	0.954338
17	65000000	65050000	29562	183	21963	31164	0.00619038	0.43926	0.948595
17	65050000	65100000	25485	144	21013	25712	0.00565038	0.42026	0.991171
17	65100000	65150000	29309	130	21398	30061	0.0044355	0.42796	0.974984
17	65150000	65200000	28434	133	16997	28672	0.0046775	0.33994	0.991699
17	65200000	65250000	22084	121	26811	23589	0.00547908	0.53622	0.936199
17	65250000	65300000	13336	101	36568	14349	0.00757349	0.73136	0.929403
17	65300000	65350000	16208	97	33680	16904	0.0059847	0.6736	0.958826
17	65350000	65400000	21030	108	25217	21279	0.00513552	0.50434	0.988298
17	65400000	65450000	19500	105	29156	21164	0.00538462	0.58312	0.921376
17	65450000	65500000	22682	211	26856	23352	0.00930253	0.53712	0.971309
17	65500000	65550000	25445	212	24746	26260	0.0083317	0.49492	0.968964
17	65550000	65600000	24187	143	23830	26103	0.00591227	0.4766	0.926598
17	65600000	65650000	24547	164	24445	24936	0.00668106	0.4889	0.9844
17	65650000	65700000	23124	95	22622	23452	0.00410829	0.45244	0.986014
17	65700000	65750000	18322	77	28546	19076	0.0042026	0.57092	0.960474
17	65750000	65800000	13372	112	37271	13524	0.00837571	0.74542	0.988761
17	65800000	65850000	10710	57	30365	10823	0.00532213	0.6073	0.989559
17	65850000	65900000	18218	79	26582	18372	0.00433637	0.53164	0.991618
17	65900000	65950000	19152	95	24864	19309	0.00496032	0.49728	0.991869
17	65950000	66000000	9553	69	26103	9693	0.00722286	0.52206	0.985557
17	66000000	66050000	7847	52	33245	10565	0.00662674	0.6649	0.742735
17	66050000	66100000	2798	54	31883	5148	0.0192995	0.63766	0.543512
17	66100000	66150000	5880	68	23829	5947	0.0115646	0.47658	0.988734
17	66150000	66200000	8533	185	25612	8695	0.0216805	0.51224	0.981369
17	66200000	66250000	3867	65	27324	4328	0.0168089	0.54648	0.893484
17	66250000	66300000	14080	68	21990	16202	0.00482955	0.4398	0.869029
17	66300000	66350000	23925	152	28266	24576	0.00635319	0.56532	0.973511
17	66350000	66400000	25375	189	24211	25624	0.00744828	0.48422	0.990283
17	66400000	66450000	20883	119	26082	21081	0.00569841	0.52164	0.990608
17	66450000	66500000	23409	160	30407	23687	0.00683498	0.60814	0.988264
17	66500000	66550000	26057	200	18418	26290	0.00767548	0.36836	0.991137
17	66550000	66600000	24373	110	23404	27451	0.00451319	0.46808	0.887873
17	66600000	66650000	27105	194	32447	27573	0.00715735	0.64894	0.983027
17	66650000	66700000	27456	163	21732	28510	0.00593677	0.43464	0.963031
17	66700000	66750000	27808	227	26688	28126	0.00816312	0.53376	0.988694
17	66750000	66800000	23161	130	25059	23489	0.00561288	0.50118	0.986036
17	66800000	66850000	27545	192	24989	27790	0.00697041	0.49978	0.991184
17	66850000	66900000	27286	202	24105	27499	0.00740306	0.4821	0.992254
17	66900000	66950000	25459	155	24013	25750	0.00608822	0.48026	0.988699
17	66950000	67000000	22954	134	27790	23187	0.00583776	0.5558	0.989951
17	67000000	67050000	27597	128	22682	27827	0.00463819	0.45364	0.991735
17	67050000	67100000	26916	122	22574	27139	0.00453262	0.45148	0.991783
17	67100000	67150000	30280	110	20110	30702	0.00363276	0.4022	0.986255
17	67150000	67200000	27045	113	23045	27553	0.00417822	0.4609	0.981563
17	67200000	67250000	28954	166	24140	29216	0.00573323	0.4828	0.991032
17	67250000	67300000	25213	105	23853	26156	0.00416452	0.47706	0.963947
17	67300000	67350000	27075	131	22106	27415	0.00483841	0.44212	0.987598
17	67350000	67400000	18835	128	33291	19426	0.00679586	0.66582	0.969577
17	67400000	67450000	28200	155	20281	28692	0.00549645	0.40562	0.982852
17	67450000	67500000	24389	132	25571	26747	0.00541228	0.51142	0.911841
17	67500000	67550000	30375	150	14939	30601	0.00493827	0.29878	0.992615
17	67550000	67600000	28336	163	19990	28646	0.0057524	0.3998	0.989178
17	67600000	67650000	23344	106	32397	23587	0.00454078	0.64794	0.989698
17	67650000	67700000	24629	114	33137	24843	0.00462869	0.66274	0.991386
17	67700000	67750000	28009	157	23678	28238	0.00560534	0.47356	0.99189
17	67750000	67800000	27037	151	29596	27753	0.00558494	0.59192	0.974201
17	67800000	67850000	30357	157	24784	30641	0.00517179	0.49568	0.990731
17	67850000	67900000	29055	163	26161	29632	0.00561005	0.52322	0.980528
17	67900000	67950000	28509	177	22475	28726	0.00620857	0.4495	0.992446
17	67950000	68000000	29856	196	24011	30252	0.00656484	0.48022	0.98691
17	68000000	68050000	28833	191	25857	29097	0.00662435	0.51714	0.990927
17	68050000	68100000	31230	210	14603	31639	0.0067243	0.29206	0.987073
17	68100000	68150000	29621	208	17238	29951	0.00702205	0.34476	0.988982
17	68150000	68200000	30370	165	12242	31568	0.00543299	0.24484	0.96205
17	68200000	68250000	30304	205	20448	30819	0.00676478	0.40896	0.98329
17	68250000	68300000	30791	219	23403	31095	0.00711247	0.46806	0.990224
17	68300000	68350000	31391	224	18139	31690	0.0071358	0.36278	0.990565
17	68350000	68400000	31386	195	22630	31685	0.00621296	0.4526	0.990563
17	68400000	68450000	31344	160	20684	31592	0.00510465	0.41368	0.99215
17	68450000	68500000	24492	181	24507	27146	0.00739017	0.49014	0.902232
17	68500000	68550000	25860	194	22170	27116	0.00750193	0.4434	0.95368
17	68550000	68600000	28930	180	20750	29537	0.00622191	0.415	0.97945
17	68600000	68650000	31413	195	17760	31778	0.00620762	0.3552	0.988514
17	68650000	68700000	29678	186	15893	29908	0.00626727	0.31786	0.99231
17	68700000	68750000	28788	190	19324	30455	0.00659997	0.38648	0.945264
17	68750000	68800000	33258	198	18161	33569	0.00595345	0.36322	0.990736
17	68800000	68850000	24527	143	25088	25076	0.00583031	0.50176	0.978107
17	68850000	68900000	30364	218	17515	30715	0.00717955	0.3503	0.988572
17	68900000	68950000	25868	151	22837	26626	0.00583733	0.45674	0.971532
17	68950000	69000000	27030	163	27084	28151	0.00603034	0.54168	0.960179
17	69000000	69050000	30506	228	18257	30800	0.00747394	0.36514	0.990455
17	69050000	69100000	28358	191	23456	29199	0.00673531	0.46912	0.971198
17	69100000	69150000	27769	180	20495	28023	0.00648205	0.4099	0.990936
17	69150000	69200000	31337	156	15867	31758	0.00497814	0.31734	0.986743
17	69200000	69250000	27364	184	21988	28913	0.00672416	0.43976	0.946425
17	69250000	69300000	29454	177	21873	30660	0.00600937	0.43746	0.960665
17	69300000	69350000	25740	171	28172	25952	0.00664336	0.56344	0.991831
17	69350000	69400000	26761	136	19634	27051	0.00508202	0.39268	0.98928
17	69400000	69450000	31971	240	14320	32296	0.0075068	0.2864	0.989937
17	69450000	69500000	30493	212	16573	30745	0.00695242	0.33146	0.991804
17	69500000	69550000	31011	219	18431	31303	0.00706201	0.36862	0.990672
17	69550000	69600000	29692	256	17615	31635	0.00862185	0.3523	0.938581
17	69600000	69650000	23544	178	29619	25102	0.00756031	0.59238	0.937933
17	69650000	69700000	31842	216	20915	32194	0.00678349	0.4183	0.989066
17	69700000	69750000	31539	212	22033	31828	0.00672184	0.44066	0.99092
17	69750000	69800000	28516	172	19981	29091	0.0060317	0.39962	0.980234
17	69800000	69850000	29541	160	21195	29817	0.0054162	0.4239	0.990744
17	69850000	69900000	28810	165	20485	29245	0.00572718	0.4097	0.985126
17	69900000	69950000	27764	161	21953	28051	0.00579888	0.43906	0.989769
17	69950000	70000000	27430	200	23953	28718	0.00729129	0.47906	0.95515
17	70000000	70050000	30062	189	16183	30295	0.00628701	0.32366	0.992309
17	70050000	70100000	31102	175	16185	32154	0.00562665	0.3237	0.967282
17	70100000	70150000	30783	129	13456	31472	0.00419062	0.26912	0.978108
17	70150000	70200000	29532	167	16745	30330	0.00565488	0.3349	0.973689
17	70200000	70250000	28256	159	21371	28776	0.00562712	0.42742	0.981929
17	70250000	70300000	30629	185	19141	31604	0.00604003	0.38282	0.969149
17	70300000	70350000	27344	182	20783	32398	0.00665594	0.41566	0.844003
17	70350000	70400000	29806	190	17591	30133	0.00637456	0.35182	0.989148
17	70400000	70450000	31023	208	14906	31305	0.0067047	0.29812	0.990992
17	70450000	70500000	28580	174	21691	28850	0.00608817	0.43382	0.990641
17	70500000	70550000	25449	147	22979	26278	0.00577626	0.45958	0.968453
17	70550000	70600000	26312	197	18016	29344	0.00748708	0.36032	0.896674
17	70600000	70650000	28807	190	21776	29046	0.00659562	0.43552	0.991772
17	70650000	70700000	26643	171	24464	28843	0.0064182	0.48928	0.923725
17	70700000	70750000	27375	231	21889	28082	0.00843836	0.43778	0.974824
17	70750000	70800000	27131	192	24284	27418	0.00707678	0.48568	0.989532
17	70800000	70850000	26020	183	27196	26862	0.00703305	0.54392	0.968655
17	70850000	70900000	27114	223	25893	27793	0.00822453	0.51786	0.975569
17	70900000	70950000	26904	211	20713	27722	0.0078427	0.41426	0.970493
17	70950000	71000000	25385	202	27831	25831	0.00795746	0.55662	0.982734
17	71000000	71050000	23681	173	28743	24518	0.00730543	0.57486	0.965862
17	71050000	71100000	21579	143	30442	21988	0.00662681	0.60884	0.981399
17	71100000	71150000	18609	138	29912	22077	0.00741577	0.59824	0.842913
17	71150000	71200000	25078	160	19951	26064	0.00638009	0.39902	0.96217
17	71200000	71250000	25462	146	16485	25790	0.00573404	0.3297	0.987282
17	71250000	71300000	21790	157	25069	22115	0.00720514	0.50138	0.985304
17	71300000	71350000	25320	153	20605	25968	0.00604265	0.4121	0.975046
17	71350000	71400000	27960	195	21623	28253	0.00697425	0.43246	0.989629
17	71400000	71450000	26626	210	25175	27073	0.00788703	0.5035	0.983489
17	71450000	71500000	25895	197	22672	29855	0.00760765	0.45344	0.867359
17	71500000	71550000	34761	265	15505	35275	0.00762349	0.3101	0.985429
17	71550000	71600000	30991	214	22601	31422	0.00690523	0.45202	0.986283
17	71600000	71650000	30181	193	18138	31820	0.00639475	0.36276	0.948492
17	71650000	71700000	27472	170	34551	27870	0.00618812	0.69102	0.985719
17	71700000	71750000	30838	222	17084	33206	0.00719891	0.34168	0.928688
17	71750000	71800000	33654	216	17138	34152	0.00641826	0.34276	0.985418
17	71800000	71850000	28840	193	23466	29567	0.00669209	0.46932	0.975412
17	71850000	71900000	33013	246	19286	33368	0.00745161	0.38572	0.989361
17	71900000	71950000	29429	225	30710	30285	0.00764552	0.6142	0.971735
17	71950000	72000000	29844	212	22470	30691	0.00710361	0.4494	0.972402
17	72000000	72050000	31287	206	17973	32187	0.0065842	0.35946	0.972038
17	72050000	72100000	31267	246	23831	33072	0.00786772	0.47662	0.945422
17	72100000	72150000	27883	246	26754	29772	0.00882258	0.53508	0.936551
17	72150000	72200000	27771	245	26755	28161	0.00882215	0.5351	0.986151
17	72200000	72250000	28530	217	18254	29349	0.00760603	0.36508	0.972094
17	72250000	72300000	21752	126	28230	23063	0.00579257	0.5646	0.943156
17	72300000	72350000	28073	211	19034	29267	0.00751612	0.38068	0.959203
17	72350000	72400000	25565	162	21544	26191	0.00633679	0.43088	0.976099
17	72400000	72450000	24557	190	20738	25010	0.0077371	0.41476	0.981887
17	72450000	72500000	21477	162	24773	23699	0.00754295	0.49546	0.906241
17	72500000	72550000	19753	158	27777	22181	0.00799878	0.55554	0.890537
17	72550000	72600000	21228	165	25182	26936	0.00777275	0.50364	0.78809
17	72600000	72650000	26055	169	25787	30409	0.00648628	0.51574	0.856819
17	72650000	72700000	26340	166	28845	26683	0.0063022	0.5769	0.987145
17	72700000	72750000	19098	111	23978	23975	0.00581213	0.47956	0.79658
17	72750000	72800000	30722	169	12353	31159	0.00550094	0.24706	0.985975
17	72800000	72850000	33311	184	7825	34102	0.0055237	0.1565	0.976805
17	72850000	72900000	25077	192	18436	28905	0.00765642	0.36872	0.867566
17	72900000	72950000	23332	182	21327	24878	0.00780045	0.42654	0.937857
17	72950000	73000000	22091	109	25143	23274	0.00493414	0.50286	0.949171
17	73000000	73050000	17894	113	26744	18674	0.00631497	0.53488	0.958231
17	73050000	73100000	19829	106	23747	21438	0.00534571	0.47494	0.924946
17	73100000	73150000	19168	98	26184	20690	0.00511269	0.52368	0.926438
17	73150000	73200000	8914	37	35090	10106	0.00415077	0.7018	0.88205
17	73200000	73250000	21619	88	22531	23466	0.00407049	0.45062	0.92129
17	73250000	73300000	16299	90	28114	17526	0.00552181	0.56228	0.92999
17	73300000	73350000	19011	118	24550	20916	0.00620693	0.491	0.908921
17	73350000	73400000	21670	107	25270	21846	0.0049377	0.5054	0.991944
17	73400000	73450000	13506	79	36090	14567	0.00584925	0.7218	0.927164
17	73450000	73500000	26076	100	17083	26493	0.00383494	0.34166	0.98426
17	73500000	73550000	25091	146	18593	26413	0.00581882	0.37186	0.949949
17	73550000	73600000	24026	169	22396	24818	0.00703405	0.44792	0.968088
17	73600000	73650000	30458	158	13105	31549	0.00518747	0.2621	0.965419
17	73650000	73700000	27319	142	19514	27556	0.00519785	0.39028	0.991399
17	73700000	73750000	23990	151	22871	24259	0.00629429	0.45742	0.988911
17	73750000	73800000	21337	113	20045	21624	0.00529596	0.4009	0.986728
17	73800000	73850000	27349	115	14696	27987	0.00420491	0.29392	0.977204
17	73850000	73900000	19615	134	24479	20128	0.00683151	0.48958	0.974513
17	73900000	73950000	22538	123	21323	23118	0.00545745	0.42646	0.974911
17	73950000	74000000	15476	90	28689	16569	0.00581546	0.57378	0.934033
17	74000000	74050000	21957	154	17376	22453	0.00701371	0.34752	0.977909
17	74050000	74100000	22433	122	17228	24730	0.00543842	0.34456	0.907117
17	74100000	74150000	20842	122	21857	23739	0.00585356	0.43714	0.877965
17	74150000	74200000	26679	139	24487	26975	0.00521009	0.48974	0.989027
17	74200000	74250000	20915	133	26839	21151	0.00635907	0.53678	0.988842
17	74250000	74300000	20725	165	21400	22100	0.0079614	0.428	0.937783
17	74300000	74350000	16459	93	28726	17007	0.0056504	0.57452	0.967778
17	74350000	74400000	21188	131	21435	22631	0.00618274	0.4287	0.936238
17	74400000	74450000	26635	175	20963	27955	0.0065703	0.41926	0.952781
17	74450000	74500000	27019	162	18206	27797	0.00599578	0.36412	0.972011
17	74500000	74550000	20118	106	21985	24762	0.00526891	0.4397	0.812455
17	74550000	74600000	19625	115	24562	21697	0.00585987	0.49124	0.904503
17	74600000	74650000	18197	142	32791	19180	0.00780348	0.65582	0.948749
17	74650000	74700000	23305	158	22864	23734	0.00677966	0.45728	0.981925
17	74700000	74750000	21947	124	18591	22194	0.00564997	0.37182	0.988871
17	74750000	74800000	15926	120	37225	16106	0.00753485	0.7445	0.988824
17	74800000	74850000	14160	140	31780	18677	0.00988701	0.6356	0.758152
17	74850000	74900000	24261	169	23081	26534	0.00696591	0.46162	0.914336
17	74900000	74950000	29321	251	19935	30448	0.00856042	0.3987	0.962986
17	74950000	75000000	21795	208	29430	25528	0.00954347	0.5886	0.853768
17	75000000	75050000	19872	176	33093	22731	0.00885668	0.66186	0.874225
17	75050000	75100000	19703	167	28565	20464	0.00847587	0.5713	0.962813
17	75100000	75150000	20449	124	25388	22075	0.00606387	0.50776	0.926342
17	75150000	75200000	23042	150	27782	23825	0.00650985	0.55564	0.967135
17	75200000	75250000	19910	172	22193	23367	0.00863887	0.44386	0.852056
17	75250000	75300000	20522	162	26835	23321	0.00789397	0.5367	0.879979
17	75300000	75350000	23140	203	27769	25858	0.00877269	0.55538	0.894887
17	75350000	75400000	29785	243	14484	31249	0.00815847	0.28968	0.953151
17	75400000	75450000	29429	213	15162	30520	0.00723776	0.30324	0.964253
17	75450000	75500000	19131	129	16178	29642	0.00674298	0.32356	0.645402
17	75500000	75550000	25284	178	24947	26208	0.00704003	0.49894	0.964744
17	75550000	75600000	26181	197	19739	27441	0.00752454	0.39478	0.954083
17	75600000	75650000	26598	220	31030	26887	0.0082713	0.6206	0.989251
17	75650000	75700000	25079	168	24226	29427	0.00669883	0.48452	0.852245
17	75700000	75750000	30613	264	27130	30978	0.00862379	0.5426	0.988217
17	75750000	75800000	26867	224	18072	27805	0.00833737	0.36144	0.966265
17	75800000	75850000	28902	235	24437	29579	0.00813093	0.48874	0.977112
17	75850000	75900000	30809	222	18160	31182	0.00720569	0.3632	0.988038
17	75900000	75950000	24857	185	24171	25114	0.00744257	0.48342	0.989767
17	75950000	76000000	28136	155	25876	28322	0.00550896	0.51752	0.993433
17	76000000	76050000	29345	138	18381	29671	0.00470268	0.36762	0.989013
17	76050000	76100000	27649	129	19365	27917	0.00466563	0.3873	0.9904
17	76100000	76150000	25977	155	14564	27399	0.00596682	0.29128	0.9481
17	76150000	76200000	17233	143	25064	18948	0.00829803	0.50128	0.909489
17	76200000	76250000	23134	175	22029	24004	0.00756462	0.44058	0.963756
17	76250000	76300000	22416	181	25390	23814	0.00807459	0.5078	0.941295
17	76300000	76350000	23391	170	23682	24095	0.00726775	0.47364	0.970782
17	76350000	76400000	23525	131	19497	24442	0.00556854	0.38994	0.962483
17	76400000	76450000	28560	268	15063	29768	0.00938375	0.30126	0.95942
17	76450000	76500000	23195	263	18013	27160	0.0113387	0.36026	0.854013
17	76500000	76550000	17962	204	27013	25355	0.0113573	0.54026	0.70842
17	76550000	76600000	24997	263	25333	27019	0.0105213	0.50666	0.925164
17	76600000	76650000	22838	221	27768	24738	0.00967685	0.55536	0.923195
17	76650000	76700000	28401	188	21527	28662	0.00661949	0.43054	0.990894
17	76700000	76750000	27381	177	21802	28431	0.00646434	0.43604	0.963068
17	76750000	76800000	21181	117	22516	22203	0.00552382	0.45032	0.95397
17	76800000	76850000	24400	137	21329	24731	0.00561475	0.42658	0.986616
17	76850000	76900000	22498	151	19812	25146	0.00671171	0.39624	0.894695
17	76900000	76950000	22061	152	23933	22862	0.00688999	0.47866	0.964964
17	76950000	77000000	25648	202	21560	27420	0.00787586	0.4312	0.935376
17	77000000	77050000	21894	156	21599	25884	0.00712524	0.43198	0.845851
17	77050000	77100000	24375	172	21238	25438	0.00705641	0.42476	0.958212
17	77100000	77150000	28438	233	11349	33714	0.00819326	0.22698	0.843507
17	77150000	77200000	31950	256	11544	33460	0.00801252	0.23088	0.954871
17	77200000	77250000	30321	274	18954	31806	0.00903664	0.37908	0.953311
17	77250000	77300000	31230	250	13373	32239	0.00800512	0.26746	0.968703
17	77300000	77350000	31700	219	16198	32113	0.00690852	0.32396	0.987139
17	77350000	77400000	32540	286	10023	32944	0.00878918	0.20046	0.987737
17	77400000	77450000	32672	284	14911	33782	0.00869246	0.29822	0.967142
17	77450000	77500000	8278	82	16443	8371	0.00990577	0.32886	0.98889
17	77500000	77550000	7564	55	10618	11020	0.00727129	0.21236	0.686388
17	77550000	77600000	0	0	1758	0		0.03516	
17	77600000	77650000	8296	77	16577	11234	0.00928158	0.33154	0.738472
17	77650000	77700000	19914	184	19320	20417	0.00923973	0.3864	0.975364
17	77700000	77750000	21119	155	26144	21479	0.00733936	0.52288	0.983239
17	77750000	77800000	30015	193	7079	30385	0.00643012	0.14158	0.987823
17	77800000	77850000	26170	153	18808	26730	0.00584639	0.37616	0.97905
17	77850000	77900000	26878	251	31401	27210	0.00933849	0.62802	0.987799
17	77900000	77950000	28062	175	19390	28382	0.00623619	0.3878	0.988725
17	77950000	78000000	24597	192	19644	27318	0.00780583	0.39288	0.900395
17	78000000	78050000	22554	220	25171	23184	0.00975437	0.50342	0.972826
17	78050000	78100000	25983	199	20319	28046	0.00765885	0.40638	0.926442
17	78100000	78150000	10339	73	32769	21458	0.00706064	0.65538	0.481825
17	78150000	78200000	25499	204	17549	28587	0.00800031	0.35098	0.891979
17	78200000	78250000	19475	147	29389	22027	0.00754814	0.58778	0.884142
17	78250000	78300000	16013	126	27463	19907	0.00786861	0.54926	0.80439
17	78300000	78350000	29078	189	16856	29488	0.00649976	0.33712	0.986096
17	78350000	78400000	20729	155	25470	21415	0.00747745	0.5094	0.967966
17	78400000	78450000	31134	174	12988	32082	0.00558875	0.25976	0.970451
17	78450000	78500000	16633	134	21917	25954	0.00805627	0.43834	0.640865
17	78500000	78550000	23039	158	31028	23260	0.00685794	0.62056	0.990499
17	78550000	78600000	27483	183	24289	27841	0.00665866	0.48578	0.987141
17	78600000	78650000	28278	187	20927	28599	0.00661291	0.41854	0.988776
17	78650000	78700000	29097	148	19870	30372	0.00508644	0.3974	0.958021
17	78700000	78750000	27979	218	16657	28275	0.00779156	0.33314	0.989531
17	78750000	78800000	30676	236	16315	31045	0.00769331	0.3263	0.988114
17	78800000	78850000	26198	218	17724	30829	0.00832125	0.35448	0.849784
17	78850000	78900000	29418	268	12682	30582	0.00911007	0.25364	0.961938
17	78900000	78950000	28255	242	17343	29115	0.00856486	0.34686	0.970462
17	78950000	79000000	21733	221	27428	22714	0.0101689	0.54856	0.956811
17	79000000	79050000	30739	295	9780	31143	0.00959693	0.1956	0.987028
17	79050000	79100000	32044	300	3808	33381	0.00936213	0.07616	0.959947
17	79100000	79150000	24765	237	18623	26426	0.00956996	0.37246	0.937145
17	79150000	79200000	24779	235	15341	27670	0.00948384	0.30682	0.895519
17	79200000	79250000	25781	226	11489	31110	0.00876615	0.22978	0.828705
17	79250000	79300000	23282	203	15459	28294	0.00871918	0.30918	0.82286
17	79300000	79350000	23356	198	21910	23647	0.00847748	0.4382	0.987694
17	79350000	79400000	26105	168	7441	27377	0.00643555	0.14882	0.953538
17	79400000	79450000	28617	194	5766	31373	0.00677919	0.11532	0.912154
17	79450000	79500000	17287	111	21185	20117	0.00642101	0.4237	0.859323
17	79500000	79550000	27286	173	13653	29372	0.00634025	0.27306	0.92898
17	79550000	79600000	19164	129	27886	19472	0.00673137	0.55772	0.984182
17	79600000	79650000	15876	117	26083	17388	0.00736961	0.52166	0.913043
17	79650000	79700000	19133	143	16784	25133	0.007474	0.33568	0.76127
17	79700000	79750000	0	0	3371	4497		0.06742	0
17	79750000	79800000	0	0	11413	20112		0.22826	0
17	79800000	79850000	20658	140	20006	21866	0.00677704	0.40012	0.944754
17	79850000	79900000	27294	220	7820	28668	0.00806038	0.1564	0.952072
17	79900000	79950000	15762	129	24915	18853	0.00818424	0.4983	0.836047
17	79950000	80000000	26444	210	9120	27635	0.00794131	0.1824	0.956902
17	80000000	80050000	5988	82	13871	27912	0.0136941	0.27742	0.214531
17	80050000	80100000	22546	152	20045	23968	0.00674177	0.4009	0.940671
17	80100000	80150000	18565	174	27630	20991	0.00937248	0.5526	0.884427
17	80150000	80200000	21313	152	16399	24854	0.0071318	0.32798	0.857528
17	80200000	80250000	25587	202	18247	26614	0.00789463	0.36494	0.961411
17	80250000	80300000	24163	222	16918	25533	0.0091876	0.33836	0.946344
17	80300000	80350000	6890	54	17716	23924	0.00783745	0.35432	0.287995
17	80350000	80400000	19651	150	20097	23407	0.0076332	0.40194	0.839535
17	80400000	80450000	21138	160	20534	22213	0.00756931	0.41068	0.951605
17	80450000	80500000	12737	103	32017	16129	0.00808668	0.64034	0.789696
17	80500000	80550000	21097	167	22312	21378	0.00791582	0.44624	0.986856
17	80550000	80600000	21834	196	22474	22218	0.00897683	0.44948	0.982717
17	80600000	80650000	21018	165	24003	21333	0.00785041	0.48006	0.985234
17	80650000	80700000	19515	174	22961	19886	0.00891622	0.45922	0.981344
17	80700000	80750000	19851	190	25459	20624	0.00957131	0.50918	0.962519
17	80750000	80800000	26402	179	15810	27293	0.00677979	0.3162	0.967354
17	80800000	80850000	26167	179	14499	29991	0.00684068	0.28998	0.872495
17	80850000	80900000	28314	250	10573	29876	0.00882955	0.21146	0.947717
17	80900000	80950000	16780	134	22926	23457	0.0079857	0.45852	0.715351
17	80950000	81000000	19554	182	23882	21592	0.00930756	0.47764	0.905613
17	81000000	81050000	25288	238	12629	27001	0.00941158	0.25258	0.936558
17	81050000	81100000	21612	176	12524	29832	0.00814362	0.25048	0.724457
17	81100000	81150000	6080	63	19726	6205	0.0103618	0.39452	0.979855
17	81150000	81200000	0	0	25610	1356		0.5122	0
