chrom	start	end	anc_valid_bp	hum_sub	repeat_bp	mask_bp	sub_rate	repeat_frac	anc_cov
13	0	20000	0	0	0	0		0	
13	20000	40000	0	0	0	0		0	
13	40000	60000	0	0	0	0		0	
13	60000	80000	0	0	0	0		0	
13	80000	100000	0	0	0	0		0	
13	100000	120000	0	0	0	0		0	
13	120000	140000	0	0	0	0		0	
13	140000	160000	0	0	0	0		0	
13	160000	180000	0	0	0	0		0	
13	180000	200000	0	0	0	0		0	
13	200000	220000	0	0	0	0		0	
13	220000	240000	0	0	0	0		0	
13	240000	260000	0	0	0	0		0	
13	260000	280000	0	0	0	0		0	
13	280000	300000	0	0	0	0		0	
13	300000	320000	0	0	0	0		0	
13	320000	340000	0	0	0	0		0	
13	340000	360000	0	0	0	0		0	
13	360000	380000	0	0	0	0		0	
13	380000	400000	0	0	0	0		0	
13	400000	420000	0	0	0	0		0	
13	420000	440000	0	0	0	0		0	
13	440000	460000	0	0	0	0		0	
13	460000	480000	0	0	0	0		0	
13	480000	500000	0	0	0	0		0	
13	500000	520000	0	0	0	0		0	
13	520000	540000	0	0	0	0		0	
13	540000	560000	0	0	0	0		0	
13	560000	580000	0	0	0	0		0	
13	580000	600000	0	0	0	0		0	
13	600000	620000	0	0	0	0		0	
13	620000	640000	0	0	0	0		0	
13	640000	660000	0	0	0	0		0	
13	660000	680000	0	0	0	0		0	
13	680000	700000	0	0	0	0		0	
13	700000	720000	0	0	0	0		0	
13	720000	740000	0	0	0	0		0	
13	740000	760000	0	0	0	0		0	
13	760000	780000	0	0	0	0		0	
13	780000	800000	0	0	0	0		0	
13	800000	820000	0	0	0	0		0	
13	820000	840000	0	0	0	0		0	
13	840000	860000	0	0	0	0		0	
13	860000	880000	0	0	0	0		0	
13	880000	900000	0	0	0	0		0	
13	900000	920000	0	0	0	0		0	
13	920000	940000	0	0	0	0		0	
13	940000	960000	0	0	0	0		0	
13	960000	980000	0	0	0	0		0	
13	980000	1000000	0	0	0	0		0	
13	1000000	1020000	0	0	0	0		0	
13	1020000	1040000	0	0	0	0		0	
13	1040000	1060000	0	0	0	0		0	
13	1060000	1080000	0	0	0	0		0	
13	1080000	1100000	0	0	0	0		0	
13	1100000	1120000	0	0	0	0		0	
13	1120000	1140000	0	0	0	0		0	
13	1140000	1160000	0	0	0	0		0	
13	1160000	1180000	0	0	0	0		0	
13	1180000	1200000	0	0	0	0		0	
13	1200000	1220000	0	0	0	0		0	
13	1220000	1240000	0	0	0	0		0	
13	1240000	1260000	0	0	0	0		0	
13	1260000	1280000	0	0	0	0		0	
13	1280000	1300000	0	0	0	0		0	
13	1300000	1320000	0	0	0	0		0	
13	1320000	1340000	0	0	0	0		0	
13	1340000	1360000	0	0	0	0		0	
13	1360000	1380000	0	0	0	0		0	
13	1380000	1400000	0	0	0	0		0	
13	1400000	1420000	0	0	0	0		0	
13	1420000	1440000	0	0	0	0		0	
13	1440000	1460000	0	0	0	0		0	
13	1460000	1480000	0	0	0	0		0	
13	1480000	1500000	0	0	0	0		0	
13	1500000	1520000	0	0	0	0		0	
13	1520000	1540000	0	0	0	0		0	
13	1540000	1560000	0	0	0	0		0	
13	1560000	1580000	0	0	0	0		0	
13	1580000	1600000	0	0	0	0		0	
13	1600000	1620000	0	0	0	0		0	
13	1620000	1640000	0	0	0	0		0	
13	1640000	1660000	0	0	0	0		0	
13	1660000	1680000	0	0	0	0		0	
13	1680000	1700000	0	0	0	0		0	
13	1700000	1720000	0	0	0	0		0	
13	1720000	1740000	0	0	0	0		0	
13	1740000	1760000	0	0	0	0		0	
13	1760000	1780000	0	0	0	0		0	
13	1780000	1800000	0	0	0	0		0	
13	1800000	1820000	0	0	0	0		0	
13	1820000	1840000	0	0	0	0		0	
13	1840000	1860000	0	0	0	0		0	
13	1860000	1880000	0	0	0	0		0	
13	1880000	1900000	0	0	0	0		0	
13	1900000	1920000	0	0	0	0		0	
13	1920000	1940000	0	0	0	0		0	
13	1940000	1960000	0	0	0	0		0	
13	1960000	1980000	0	0	0	0		0	
13	1980000	2000000	0	0	0	0		0	
13	2000000	2020000	0	0	0	0		0	
13	2020000	2040000	0	0	0	0		0	
13	2040000	2060000	0	0	0	0		0	
13	2060000	2080000	0	0	0	0		0	
13	2080000	2100000	0	0	0	0		0	
13	2100000	2120000	0	0	0	0		0	
13	2120000	2140000	0	0	0	0		0	
13	2140000	2160000	0	0	0	0		0	
13	2160000	2180000	0	0	0	0		0	
13	2180000	2200000	0	0	0	0		0	
13	2200000	2220000	0	0	0	0		0	
13	2220000	2240000	0	0	0	0		0	
13	2240000	2260000	0	0	0	0		0	
13	2260000	2280000	0	0	0	0		0	
13	2280000	2300000	0	0	0	0		0	
13	2300000	2320000	0	0	0	0		0	
13	2320000	2340000	0	0	0	0		0	
13	2340000	2360000	0	0	0	0		0	
13	2360000	2380000	0	0	0	0		0	
13	2380000	2400000	0	0	0	0		0	
13	2400000	2420000	0	0	0	0		0	
13	2420000	2440000	0	0	0	0		0	
13	2440000	2460000	0	0	0	0		0	
13	2460000	2480000	0	0	0	0		0	
13	2480000	2500000	0	0	0	0		0	
13	2500000	2520000	0	0	0	0		0	
13	2520000	2540000	0	0	0	0		0	
13	2540000	2560000	0	0	0	0		0	
13	2560000	2580000	0	0	0	0		0	
13	2580000	2600000	0	0	0	0		0	
13	2600000	2620000	0	0	0	0		0	
13	2620000	2640000	0	0	0	0		0	
13	2640000	2660000	0	0	0	0		0	
13	2660000	2680000	0	0	0	0		0	
13	2680000	2700000	0	0	0	0		0	
13	2700000	2720000	0	0	0	0		0	
13	2720000	2740000	0	0	0	0		0	
13	2740000	2760000	0	0	0	0		0	
13	2760000	2780000	0	0	0	0		0	
13	2780000	2800000	0	0	0	0		0	
13	2800000	2820000	0	0	0	0		0	
13	2820000	2840000	0	0	0	0		0	
13	2840000	2860000	0	0	0	0		0	
13	2860000	2880000	0	0	0	0		0	
13	2880000	2900000	0	0	0	0		0	
13	2900000	2920000	0	0	0	0		0	
13	2920000	2940000	0	0	0	0		0	
13	2940000	2960000	0	0	0	0		0	
13	2960000	2980000	0	0	0	0		0	
13	2980000	3000000	0	0	0	0		0	
13	3000000	3020000	0	0	0	0		0	
13	3020000	3040000	0	0	0	0		0	
13	3040000	3060000	0	0	0	0		0	
13	3060000	3080000	0	0	0	0		0	
13	3080000	3100000	0	0	0	0		0	
13	3100000	3120000	0	0	0	0		0	
13	3120000	3140000	0	0	0	0		0	
13	3140000	3160000	0	0	0	0		0	
13	3160000	3180000	0	0	0	0		0	
13	3180000	3200000	0	0	0	0		0	
13	3200000	3220000	0	0	0	0		0	
13	3220000	3240000	0	0	0	0		0	
13	3240000	3260000	0	0	0	0		0	
13	3260000	3280000	0	0	0	0		0	
13	3280000	3300000	0	0	0	0		0	
13	3300000	3320000	0	0	0	0		0	
13	3320000	3340000	0	0	0	0		0	
13	3340000	3360000	0	0	0	0		0	
13	3360000	3380000	0	0	0	0		0	
13	3380000	3400000	0	0	0	0		0	
13	3400000	3420000	0	0	0	0		0	
13	3420000	3440000	0	0	0	0		0	
13	3440000	3460000	0	0	0	0		0	
13	3460000	3480000	0	0	0	0		0	
13	3480000	3500000	0	0	0	0		0	
13	3500000	3520000	0	0	0	0		0	
13	3520000	3540000	0	0	0	0		0	
13	3540000	3560000	0	0	0	0		0	
13	3560000	3580000	0	0	0	0		0	
13	3580000	3600000	0	0	0	0		0	
13	3600000	3620000	0	0	0	0		0	
13	3620000	3640000	0	0	0	0		0	
13	3640000	3660000	0	0	0	0		0	
13	3660000	3680000	0	0	0	0		0	
13	3680000	3700000	0	0	0	0		0	
13	3700000	3720000	0	0	0	0		0	
13	3720000	3740000	0	0	0	0		0	
13	3740000	3760000	0	0	0	0		0	
13	3760000	3780000	0	0	0	0		0	
13	3780000	3800000	0	0	0	0		0	
13	3800000	3820000	0	0	0	0		0	
13	3820000	3840000	0	0	0	0		0	
13	3840000	3860000	0	0	0	0		0	
13	3860000	3880000	0	0	0	0		0	
13	3880000	3900000	0	0	0	0		0	
13	3900000	3920000	0	0	0	0		0	
13	3920000	3940000	0	0	0	0		0	
13	3940000	3960000	0	0	0	0		0	
13	3960000	3980000	0	0	0	0		0	
13	3980000	4000000	0	0	0	0		0	
13	4000000	4020000	0	0	0	0		0	
13	4020000	4040000	0	0	0	0		0	
13	4040000	4060000	0	0	0	0		0	
13	4060000	4080000	0	0	0	0		0	
13	4080000	4100000	0	0	0	0		0	
13	4100000	4120000	0	0	0	0		0	
13	4120000	4140000	0	0	0	0		0	
13	4140000	4160000	0	0	0	0		0	
13	4160000	4180000	0	0	0	0		0	
13	4180000	4200000	0	0	0	0		0	
13	4200000	4220000	0	0	0	0		0	
13	4220000	4240000	0	0	0	0		0	
13	4240000	4260000	0	0	0	0		0	
13	4260000	4280000	0	0	0	0		0	
13	4280000	4300000	0	0	0	0		0	
13	4300000	4320000	0	0	0	0		0	
13	4320000	4340000	0	0	0	0		0	
13	4340000	4360000	0	0	0	0		0	
13	4360000	4380000	0	0	0	0		0	
13	4380000	4400000	0	0	0	0		0	
13	4400000	4420000	0	0	0	0		0	
13	4420000	4440000	0	0	0	0		0	
13	4440000	4460000	0	0	0	0		0	
13	4460000	4480000	0	0	0	0		0	
13	4480000	4500000	0	0	0	0		0	
13	4500000	4520000	0	0	0	0		0	
13	4520000	4540000	0	0	0	0		0	
13	4540000	4560000	0	0	0	0		0	
13	4560000	4580000	0	0	0	0		0	
13	4580000	4600000	0	0	0	0		0	
13	4600000	4620000	0	0	0	0		0	
13	4620000	4640000	0	0	0	0		0	
13	4640000	4660000	0	0	0	0		0	
13	4660000	4680000	0	0	0	0		0	
13	4680000	4700000	0	0	0	0		0	
13	4700000	4720000	0	0	0	0		0	
13	4720000	4740000	0	0	0	0		0	
13	4740000	4760000	0	0	0	0		0	
13	4760000	4780000	0	0	0	0		0	
13	4780000	4800000	0	0	0	0		0	
13	4800000	4820000	0	0	0	0		0	
13	4820000	4840000	0	0	0	0		0	
13	4840000	4860000	0	0	0	0		0	
13	4860000	4880000	0	0	0	0		0	
13	4880000	4900000	0	0	0	0		0	
13	4900000	4920000	0	0	0	0		0	
13	4920000	4940000	0	0	0	0		0	
13	4940000	4960000	0	0	0	0		0	
13	4960000	4980000	0	0	0	0		0	
13	4980000	5000000	0	0	0	0		0	
13	5000000	5020000	0	0	0	0		0	
13	5020000	5040000	0	0	0	0		0	
13	5040000	5060000	0	0	0	0		0	
13	5060000	5080000	0	0	0	0		0	
13	5080000	5100000	0	0	0	0		0	
13	5100000	5120000	0	0	0	0		0	
13	5120000	5140000	0	0	0	0		0	
13	5140000	5160000	0	0	0	0		0	
13	5160000	5180000	0	0	0	0		0	
13	5180000	5200000	0	0	0	0		0	
13	5200000	5220000	0	0	0	0		0	
13	5220000	5240000	0	0	0	0		0	
13	5240000	5260000	0	0	0	0		0	
13	5260000	5280000	0	0	0	0		0	
13	5280000	5300000	0	0	0	0		0	
13	5300000	5320000	0	0	0	0		0	
13	5320000	5340000	0	0	0	0		0	
13	5340000	5360000	0	0	0	0		0	
13	5360000	5380000	0	0	0	0		0	
13	5380000	5400000	0	0	0	0		0	
13	5400000	5420000	0	0	0	0		0	
13	5420000	5440000	0	0	0	0		0	
13	5440000	5460000	0	0	0	0		0	
13	5460000	5480000	0	0	0	0		0	
13	5480000	5500000	0	0	0	0		0	
13	5500000	5520000	0	0	0	0		0	
13	5520000	5540000	0	0	0	0		0	
13	5540000	5560000	0	0	0	0		0	
13	5560000	5580000	0	0	0	0		0	
13	5580000	5600000	0	0	0	0		0	
13	5600000	5620000	0	0	0	0		0	
13	5620000	5640000	0	0	0	0		0	
13	5640000	5660000	0	0	0	0		0	
13	5660000	5680000	0	0	0	0		0	
13	5680000	5700000	0	0	0	0		0	
13	5700000	5720000	0	0	0	0		0	
13	5720000	5740000	0	0	0	0		0	
13	5740000	5760000	0	0	0	0		0	
13	5760000	5780000	0	0	0	0		0	
13	5780000	5800000	0	0	0	0		0	
13	5800000	5820000	0	0	0	0		0	
13	5820000	5840000	0	0	0	0		0	
13	5840000	5860000	0	0	0	0		0	
13	5860000	5880000	0	0	0	0		0	
13	5880000	5900000	0	0	0	0		0	
13	5900000	5920000	0	0	0	0		0	
13	5920000	5940000	0	0	0	0		0	
13	5940000	5960000	0	0	0	0		0	
13	5960000	5980000	0	0	0	0		0	
13	5980000	6000000	0	0	0	0		0	
13	6000000	6020000	0	0	0	0		0	
13	6020000	6040000	0	0	0	0		0	
13	6040000	6060000	0	0	0	0		0	
13	6060000	6080000	0	0	0	0		0	
13	6080000	6100000	0	0	0	0		0	
13	6100000	6120000	0	0	0	0		0	
13	6120000	6140000	0	0	0	0		0	
13	6140000	6160000	0	0	0	0		0	
13	6160000	6180000	0	0	0	0		0	
13	6180000	6200000	0	0	0	0		0	
13	6200000	6220000	0	0	0	0		0	
13	6220000	6240000	0	0	0	0		0	
13	6240000	6260000	0	0	0	0		0	
13	6260000	6280000	0	0	0	0		0	
13	6280000	6300000	0	0	0	0		0	
13	6300000	6320000	0	0	0	0		0	
13	6320000	6340000	0	0	0	0		0	
13	6340000	6360000	0	0	0	0		0	
13	6360000	6380000	0	0	0	0		0	
13	6380000	6400000	0	0	0	0		0	
13	6400000	6420000	0	0	0	0		0	
13	6420000	6440000	0	0	0	0		0	
13	6440000	6460000	0	0	0	0		0	
13	6460000	6480000	0	0	0	0		0	
13	6480000	6500000	0	0	0	0		0	
13	6500000	6520000	0	0	0	0		0	
13	6520000	6540000	0	0	0	0		0	
13	6540000	6560000	0	0	0	0		0	
13	6560000	6580000	0	0	0	0		0	
13	6580000	6600000	0	0	0	0		0	
13	6600000	6620000	0	0	0	0		0	
13	6620000	6640000	0	0	0	0		0	
13	6640000	6660000	0	0	0	0		0	
13	6660000	6680000	0	0	0	0		0	
13	6680000	6700000	0	0	0	0		0	
13	6700000	6720000	0	0	0	0		0	
13	6720000	6740000	0	0	0	0		0	
13	6740000	6760000	0	0	0	0		0	
13	6760000	6780000	0	0	0	0		0	
13	6780000	6800000	0	0	0	0		0	
13	6800000	6820000	0	0	0	0		0	
13	6820000	6840000	0	0	0	0		0	
13	6840000	6860000	0	0	0	0		0	
13	6860000	6880000	0	0	0	0		0	
13	6880000	6900000	0	0	0	0		0	
13	6900000	6920000	0	0	0	0		0	
13	6920000	6940000	0	0	0	0		0	
13	6940000	6960000	0	0	0	0		0	
13	6960000	6980000	0	0	0	0		0	
13	6980000	7000000	0	0	0	0		0	
13	7000000	7020000	0	0	0	0		0	
13	7020000	7040000	0	0	0	0		0	
13	7040000	7060000	0	0	0	0		0	
13	7060000	7080000	0	0	0	0		0	
13	7080000	7100000	0	0	0	0		0	
13	7100000	7120000	0	0	0	0		0	
13	7120000	7140000	0	0	0	0		0	
13	7140000	7160000	0	0	0	0		0	
13	7160000	7180000	0	0	0	0		0	
13	7180000	7200000	0	0	0	0		0	
13	7200000	7220000	0	0	0	0		0	
13	7220000	7240000	0	0	0	0		0	
13	7240000	7260000	0	0	0	0		0	
13	7260000	7280000	0	0	0	0		0	
13	7280000	7300000	0	0	0	0		0	
13	7300000	7320000	0	0	0	0		0	
13	7320000	7340000	0	0	0	0		0	
13	7340000	7360000	0	0	0	0		0	
13	7360000	7380000	0	0	0	0		0	
13	7380000	7400000	0	0	0	0		0	
13	7400000	7420000	0	0	0	0		0	
13	7420000	7440000	0	0	0	0		0	
13	7440000	7460000	0	0	0	0		0	
13	7460000	7480000	0	0	0	0		0	
13	7480000	7500000	0	0	0	0		0	
13	7500000	7520000	0	0	0	0		0	
13	7520000	7540000	0	0	0	0		0	
13	7540000	7560000	0	0	0	0		0	
13	7560000	7580000	0	0	0	0		0	
13	7580000	7600000	0	0	0	0		0	
13	7600000	7620000	0	0	0	0		0	
13	7620000	7640000	0	0	0	0		0	
13	7640000	7660000	0	0	0	0		0	
13	7660000	7680000	0	0	0	0		0	
13	7680000	7700000	0	0	0	0		0	
13	7700000	7720000	0	0	0	0		0	
13	7720000	7740000	0	0	0	0		0	
13	7740000	7760000	0	0	0	0		0	
13	7760000	7780000	0	0	0	0		0	
13	7780000	7800000	0	0	0	0		0	
13	7800000	7820000	0	0	0	0		0	
13	7820000	7840000	0	0	0	0		0	
13	7840000	7860000	0	0	0	0		0	
13	7860000	7880000	0	0	0	0		0	
13	7880000	7900000	0	0	0	0		0	
13	7900000	7920000	0	0	0	0		0	
13	7920000	7940000	0	0	0	0		0	
13	7940000	7960000	0	0	0	0		0	
13	7960000	7980000	0	0	0	0		0	
13	7980000	8000000	0	0	0	0		0	
13	8000000	8020000	0	0	0	0		0	
13	8020000	8040000	0	0	0	0		0	
13	8040000	8060000	0	0	0	0		0	
13	8060000	8080000	0	0	0	0		0	
13	8080000	8100000	0	0	0	0		0	
13	8100000	8120000	0	0	0	0		0	
13	8120000	8140000	0	0	0	0		0	
13	8140000	8160000	0	0	0	0		0	
13	8160000	8180000	0	0	0	0		0	
13	8180000	8200000	0	0	0	0		0	
13	8200000	8220000	0	0	0	0		0	
13	8220000	8240000	0	0	0	0		0	
13	8240000	8260000	0	0	0	0		0	
13	8260000	8280000	0	0	0	0		0	
13	8280000	8300000	0	0	0	0		0	
13	8300000	8320000	0	0	0	0		0	
13	8320000	8340000	0	0	0	0		0	
13	8340000	8360000	0	0	0	0		0	
13	8360000	8380000	0	0	0	0		0	
13	8380000	8400000	0	0	0	0		0	
13	8400000	8420000	0	0	0	0		0	
13	8420000	8440000	0	0	0	0		0	
13	8440000	8460000	0	0	0	0		0	
13	8460000	8480000	0	0	0	0		0	
13	8480000	8500000	0	0	0	0		0	
13	8500000	8520000	0	0	0	0		0	
13	8520000	8540000	0	0	0	0		0	
13	8540000	8560000	0	0	0	0		0	
13	8560000	8580000	0	0	0	0		0	
13	8580000	8600000	0	0	0	0		0	
13	8600000	8620000	0	0	0	0		0	
13	8620000	8640000	0	0	0	0		0	
13	8640000	8660000	0	0	0	0		0	
13	8660000	8680000	0	0	0	0		0	
13	8680000	8700000	0	0	0	0		0	
13	8700000	8720000	0	0	0	0		0	
13	8720000	8740000	0	0	0	0		0	
13	8740000	8760000	0	0	0	0		0	
13	8760000	8780000	0	0	0	0		0	
13	8780000	8800000	0	0	0	0		0	
13	8800000	8820000	0	0	0	0		0	
13	8820000	8840000	0	0	0	0		0	
13	8840000	8860000	0	0	0	0		0	
13	8860000	8880000	0	0	0	0		0	
13	8880000	8900000	0	0	0	0		0	
13	8900000	8920000	0	0	0	0		0	
13	8920000	8940000	0	0	0	0		0	
13	8940000	8960000	0	0	0	0		0	
13	8960000	8980000	0	0	0	0		0	
13	8980000	9000000	0	0	0	0		0	
13	9000000	9020000	0	0	0	0		0	
13	9020000	9040000	0	0	0	0		0	
13	9040000	9060000	0	0	0	0		0	
13	9060000	9080000	0	0	0	0		0	
13	9080000	9100000	0	0	0	0		0	
13	9100000	9120000	0	0	0	0		0	
13	9120000	9140000	0	0	0	0		0	
13	9140000	9160000	0	0	0	0		0	
13	9160000	9180000	0	0	0	0		0	
13	9180000	9200000	0	0	0	0		0	
13	9200000	9220000	0	0	0	0		0	
13	9220000	9240000	0	0	0	0		0	
13	9240000	9260000	0	0	0	0		0	
13	9260000	9280000	0	0	0	0		0	
13	9280000	9300000	0	0	0	0		0	
13	9300000	9320000	0	0	0	0		0	
13	9320000	9340000	0	0	0	0		0	
13	9340000	9360000	0	0	0	0		0	
13	9360000	9380000	0	0	0	0		0	
13	9380000	9400000	0	0	0	0		0	
13	9400000	9420000	0	0	0	0		0	
13	9420000	9440000	0	0	0	0		0	
13	9440000	9460000	0	0	0	0		0	
13	9460000	9480000	0	0	0	0		0	
13	9480000	9500000	0	0	0	0		0	
13	9500000	9520000	0	0	0	0		0	
13	9520000	9540000	0	0	0	0		0	
13	9540000	9560000	0	0	0	0		0	
13	9560000	9580000	0	0	0	0		0	
13	9580000	9600000	0	0	0	0		0	
13	9600000	9620000	0	0	0	0		0	
13	9620000	9640000	0	0	0	0		0	
13	9640000	9660000	0	0	0	0		0	
13	9660000	9680000	0	0	0	0		0	
13	9680000	9700000	0	0	0	0		0	
13	9700000	9720000	0	0	0	0		0	
13	9720000	9740000	0	0	0	0		0	
13	9740000	9760000	0	0	0	0		0	
13	9760000	9780000	0	0	0	0		0	
13	9780000	9800000	0	0	0	0		0	
13	9800000	9820000	0	0	0	0		0	
13	9820000	9840000	0	0	0	0		0	
13	9840000	9860000	0	0	0	0		0	
13	9860000	9880000	0	0	0	0		0	
13	9880000	9900000	0	0	0	0		0	
13	9900000	9920000	0	0	0	0		0	
13	9920000	9940000	0	0	0	0		0	
13	9940000	9960000	0	0	0	0		0	
13	9960000	9980000	0	0	0	0		0	
13	9980000	10000000	0	0	0	0		0	
13	10000000	10020000	0	0	0	0		0	
13	10020000	10040000	0	0	0	0		0	
13	10040000	10060000	0	0	0	0		0	
13	10060000	10080000	0	0	0	0		0	
13	10080000	10100000	0	0	0	0		0	
13	10100000	10120000	0	0	0	0		0	
13	10120000	10140000	0	0	0	0		0	
13	10140000	10160000	0	0	0	0		0	
13	10160000	10180000	0	0	0	0		0	
13	10180000	10200000	0	0	0	0		0	
13	10200000	10220000	0	0	0	0		0	
13	10220000	10240000	0	0	0	0		0	
13	10240000	10260000	0	0	0	0		0	
13	10260000	10280000	0	0	0	0		0	
13	10280000	10300000	0	0	0	0		0	
13	10300000	10320000	0	0	0	0		0	
13	10320000	10340000	0	0	0	0		0	
13	10340000	10360000	0	0	0	0		0	
13	10360000	10380000	0	0	0	0		0	
13	10380000	10400000	0	0	0	0		0	
13	10400000	10420000	0	0	0	0		0	
13	10420000	10440000	0	0	0	0		0	
13	10440000	10460000	0	0	0	0		0	
13	10460000	10480000	0	0	0	0		0	
13	10480000	10500000	0	0	0	0		0	
13	10500000	10520000	0	0	0	0		0	
13	10520000	10540000	0	0	0	0		0	
13	10540000	10560000	0	0	0	0		0	
13	10560000	10580000	0	0	0	0		0	
13	10580000	10600000	0	0	0	0		0	
13	10600000	10620000	0	0	0	0		0	
13	10620000	10640000	0	0	0	0		0	
13	10640000	10660000	0	0	0	0		0	
13	10660000	10680000	0	0	0	0		0	
13	10680000	10700000	0	0	0	0		0	
13	10700000	10720000	0	0	0	0		0	
13	10720000	10740000	0	0	0	0		0	
13	10740000	10760000	0	0	0	0		0	
13	10760000	10780000	0	0	0	0		0	
13	10780000	10800000	0	0	0	0		0	
13	10800000	10820000	0	0	0	0		0	
13	10820000	10840000	0	0	0	0		0	
13	10840000	10860000	0	0	0	0		0	
13	10860000	10880000	0	0	0	0		0	
13	10880000	10900000	0	0	0	0		0	
13	10900000	10920000	0	0	0	0		0	
13	10920000	10940000	0	0	0	0		0	
13	10940000	10960000	0	0	0	0		0	
13	10960000	10980000	0	0	0	0		0	
13	10980000	11000000	0	0	0	0		0	
13	11000000	11020000	0	0	0	0		0	
13	11020000	11040000	0	0	0	0		0	
13	11040000	11060000	0	0	0	0		0	
13	11060000	11080000	0	0	0	0		0	
13	11080000	11100000	0	0	0	0		0	
13	11100000	11120000	0	0	0	0		0	
13	11120000	11140000	0	0	0	0		0	
13	11140000	11160000	0	0	0	0		0	
13	11160000	11180000	0	0	0	0		0	
13	11180000	11200000	0	0	0	0		0	
13	11200000	11220000	0	0	0	0		0	
13	11220000	11240000	0	0	0	0		0	
13	11240000	11260000	0	0	0	0		0	
13	11260000	11280000	0	0	0	0		0	
13	11280000	11300000	0	0	0	0		0	
13	11300000	11320000	0	0	0	0		0	
13	11320000	11340000	0	0	0	0		0	
13	11340000	11360000	0	0	0	0		0	
13	11360000	11380000	0	0	0	0		0	
13	11380000	11400000	0	0	0	0		0	
13	11400000	11420000	0	0	0	0		0	
13	11420000	11440000	0	0	0	0		0	
13	11440000	11460000	0	0	0	0		0	
13	11460000	11480000	0	0	0	0		0	
13	11480000	11500000	0	0	0	0		0	
13	11500000	11520000	0	0	0	0		0	
13	11520000	11540000	0	0	0	0		0	
13	11540000	11560000	0	0	0	0		0	
13	11560000	11580000	0	0	0	0		0	
13	11580000	11600000	0	0	0	0		0	
13	11600000	11620000	0	0	0	0		0	
13	11620000	11640000	0	0	0	0		0	
13	11640000	11660000	0	0	0	0		0	
13	11660000	11680000	0	0	0	0		0	
13	11680000	11700000	0	0	0	0		0	
13	11700000	11720000	0	0	0	0		0	
13	11720000	11740000	0	0	0	0		0	
13	11740000	11760000	0	0	0	0		0	
13	11760000	11780000	0	0	0	0		0	
13	11780000	11800000	0	0	0	0		0	
13	11800000	11820000	0	0	0	0		0	
13	11820000	11840000	0	0	0	0		0	
13	11840000	11860000	0	0	0	0		0	
13	11860000	11880000	0	0	0	0		0	
13	11880000	11900000	0	0	0	0		0	
13	11900000	11920000	0	0	0	0		0	
13	11920000	11940000	0	0	0	0		0	
13	11940000	11960000	0	0	0	0		0	
13	11960000	11980000	0	0	0	0		0	
13	11980000	12000000	0	0	0	0		0	
13	12000000	12020000	0	0	0	0		0	
13	12020000	12040000	0	0	0	0		0	
13	12040000	12060000	0	0	0	0		0	
13	12060000	12080000	0	0	0	0		0	
13	12080000	12100000	0	0	0	0		0	
13	12100000	12120000	0	0	0	0		0	
13	12120000	12140000	0	0	0	0		0	
13	12140000	12160000	0	0	0	0		0	
13	12160000	12180000	0	0	0	0		0	
13	12180000	12200000	0	0	0	0		0	
13	12200000	12220000	0	0	0	0		0	
13	12220000	12240000	0	0	0	0		0	
13	12240000	12260000	0	0	0	0		0	
13	12260000	12280000	0	0	0	0		0	
13	12280000	12300000	0	0	0	0		0	
13	12300000	12320000	0	0	0	0		0	
13	12320000	12340000	0	0	0	0		0	
13	12340000	12360000	0	0	0	0		0	
13	12360000	12380000	0	0	0	0		0	
13	12380000	12400000	0	0	0	0		0	
13	12400000	12420000	0	0	0	0		0	
13	12420000	12440000	0	0	0	0		0	
13	12440000	12460000	0	0	0	0		0	
13	12460000	12480000	0	0	0	0		0	
13	12480000	12500000	0	0	0	0		0	
13	12500000	12520000	0	0	0	0		0	
13	12520000	12540000	0	0	0	0		0	
13	12540000	12560000	0	0	0	0		0	
13	12560000	12580000	0	0	0	0		0	
13	12580000	12600000	0	0	0	0		0	
13	12600000	12620000	0	0	0	0		0	
13	12620000	12640000	0	0	0	0		0	
13	12640000	12660000	0	0	0	0		0	
13	12660000	12680000	0	0	0	0		0	
13	12680000	12700000	0	0	0	0		0	
13	12700000	12720000	0	0	0	0		0	
13	12720000	12740000	0	0	0	0		0	
13	12740000	12760000	0	0	0	0		0	
13	12760000	12780000	0	0	0	0		0	
13	12780000	12800000	0	0	0	0		0	
13	12800000	12820000	0	0	0	0		0	
13	12820000	12840000	0	0	0	0		0	
13	12840000	12860000	0	0	0	0		0	
13	12860000	12880000	0	0	0	0		0	
13	12880000	12900000	0	0	0	0		0	
13	12900000	12920000	0	0	0	0		0	
13	12920000	12940000	0	0	0	0		0	
13	12940000	12960000	0	0	0	0		0	
13	12960000	12980000	0	0	0	0		0	
13	12980000	13000000	0	0	0	0		0	
13	13000000	13020000	0	0	0	0		0	
13	13020000	13040000	0	0	0	0		0	
13	13040000	13060000	0	0	0	0		0	
13	13060000	13080000	0	0	0	0		0	
13	13080000	13100000	0	0	0	0		0	
13	13100000	13120000	0	0	0	0		0	
13	13120000	13140000	0	0	0	0		0	
13	13140000	13160000	0	0	0	0		0	
13	13160000	13180000	0	0	0	0		0	
13	13180000	13200000	0	0	0	0		0	
13	13200000	13220000	0	0	0	0		0	
13	13220000	13240000	0	0	0	0		0	
13	13240000	13260000	0	0	0	0		0	
13	13260000	13280000	0	0	0	0		0	
13	13280000	13300000	0	0	0	0		0	
13	13300000	13320000	0	0	0	0		0	
13	13320000	13340000	0	0	0	0		0	
13	13340000	13360000	0	0	0	0		0	
13	13360000	13380000	0	0	0	0		0	
13	13380000	13400000	0	0	0	0		0	
13	13400000	13420000	0	0	0	0		0	
13	13420000	13440000	0	0	0	0		0	
13	13440000	13460000	0	0	0	0		0	
13	13460000	13480000	0	0	0	0		0	
13	13480000	13500000	0	0	0	0		0	
13	13500000	13520000	0	0	0	0		0	
13	13520000	13540000	0	0	0	0		0	
13	13540000	13560000	0	0	0	0		0	
13	13560000	13580000	0	0	0	0		0	
13	13580000	13600000	0	0	0	0		0	
13	13600000	13620000	0	0	0	0		0	
13	13620000	13640000	0	0	0	0		0	
13	13640000	13660000	0	0	0	0		0	
13	13660000	13680000	0	0	0	0		0	
13	13680000	13700000	0	0	0	0		0	
13	13700000	13720000	0	0	0	0		0	
13	13720000	13740000	0	0	0	0		0	
13	13740000	13760000	0	0	0	0		0	
13	13760000	13780000	0	0	0	0		0	
13	13780000	13800000	0	0	0	0		0	
13	13800000	13820000	0	0	0	0		0	
13	13820000	13840000	0	0	0	0		0	
13	13840000	13860000	0	0	0	0		0	
13	13860000	13880000	0	0	0	0		0	
13	13880000	13900000	0	0	0	0		0	
13	13900000	13920000	0	0	0	0		0	
13	13920000	13940000	0	0	0	0		0	
13	13940000	13960000	0	0	0	0		0	
13	13960000	13980000	0	0	0	0		0	
13	13980000	14000000	0	0	0	0		0	
13	14000000	14020000	0	0	0	0		0	
13	14020000	14040000	0	0	0	0		0	
13	14040000	14060000	0	0	0	0		0	
13	14060000	14080000	0	0	0	0		0	
13	14080000	14100000	0	0	0	0		0	
13	14100000	14120000	0	0	0	0		0	
13	14120000	14140000	0	0	0	0		0	
13	14140000	14160000	0	0	0	0		0	
13	14160000	14180000	0	0	0	0		0	
13	14180000	14200000	0	0	0	0		0	
13	14200000	14220000	0	0	0	0		0	
13	14220000	14240000	0	0	0	0		0	
13	14240000	14260000	0	0	0	0		0	
13	14260000	14280000	0	0	0	0		0	
13	14280000	14300000	0	0	0	0		0	
13	14300000	14320000	0	0	0	0		0	
13	14320000	14340000	0	0	0	0		0	
13	14340000	14360000	0	0	0	0		0	
13	14360000	14380000	0	0	0	0		0	
13	14380000	14400000	0	0	0	0		0	
13	14400000	14420000	0	0	0	0		0	
13	14420000	14440000	0	0	0	0		0	
13	14440000	14460000	0	0	0	0		0	
13	14460000	14480000	0	0	0	0		0	
13	14480000	14500000	0	0	0	0		0	
13	14500000	14520000	0	0	0	0		0	
13	14520000	14540000	0	0	0	0		0	
13	14540000	14560000	0	0	0	0		0	
13	14560000	14580000	0	0	0	0		0	
13	14580000	14600000	0	0	0	0		0	
13	14600000	14620000	0	0	0	0		0	
13	14620000	14640000	0	0	0	0		0	
13	14640000	14660000	0	0	0	0		0	
13	14660000	14680000	0	0	0	0		0	
13	14680000	14700000	0	0	0	0		0	
13	14700000	14720000	0	0	0	0		0	
13	14720000	14740000	0	0	0	0		0	
13	14740000	14760000	0	0	0	0		0	
13	14760000	14780000	0	0	0	0		0	
13	14780000	14800000	0	0	0	0		0	
13	14800000	14820000	0	0	0	0		0	
13	14820000	14840000	0	0	0	0		0	
13	14840000	14860000	0	0	0	0		0	
13	14860000	14880000	0	0	0	0		0	
13	14880000	14900000	0	0	0	0		0	
13	14900000	14920000	0	0	0	0		0	
13	14920000	14940000	0	0	0	0		0	
13	14940000	14960000	0	0	0	0		0	
13	14960000	14980000	0	0	0	0		0	
13	14980000	15000000	0	0	0	0		0	
13	15000000	15020000	0	0	0	0		0	
13	15020000	15040000	0	0	0	0		0	
13	15040000	15060000	0	0	0	0		0	
13	15060000	15080000	0	0	0	0		0	
13	15080000	15100000	0	0	0	0		0	
13	15100000	15120000	0	0	0	0		0	
13	15120000	15140000	0	0	0	0		0	
13	15140000	15160000	0	0	0	0		0	
13	15160000	15180000	0	0	0	0		0	
13	15180000	15200000	0	0	0	0		0	
13	15200000	15220000	0	0	0	0		0	
13	15220000	15240000	0	0	0	0		0	
13	15240000	15260000	0	0	0	0		0	
13	15260000	15280000	0	0	0	0		0	
13	15280000	15300000	0	0	0	0		0	
13	15300000	15320000	0	0	0	0		0	
13	15320000	15340000	0	0	0	0		0	
13	15340000	15360000	0	0	0	0		0	
13	15360000	15380000	0	0	0	0		0	
13	15380000	15400000	0	0	0	0		0	
13	15400000	15420000	0	0	0	0		0	
13	15420000	15440000	0	0	0	0		0	
13	15440000	15460000	0	0	0	0		0	
13	15460000	15480000	0	0	0	0		0	
13	15480000	15500000	0	0	0	0		0	
13	15500000	15520000	0	0	0	0		0	
13	15520000	15540000	0	0	0	0		0	
13	15540000	15560000	0	0	0	0		0	
13	15560000	15580000	0	0	0	0		0	
13	15580000	15600000	0	0	0	0		0	
13	15600000	15620000	0	0	0	0		0	
13	15620000	15640000	0	0	0	0		0	
13	15640000	15660000	0	0	0	0		0	
13	15660000	15680000	0	0	0	0		0	
13	15680000	15700000	0	0	0	0		0	
13	15700000	15720000	0	0	0	0		0	
13	15720000	15740000	0	0	0	0		0	
13	15740000	15760000	0	0	0	0		0	
13	15760000	15780000	0	0	0	0		0	
13	15780000	15800000	0	0	0	0		0	
13	15800000	15820000	0	0	0	0		0	
13	15820000	15840000	0	0	0	0		0	
13	15840000	15860000	0	0	0	0		0	
13	15860000	15880000	0	0	0	0		0	
13	15880000	15900000	0	0	0	0		0	
13	15900000	15920000	0	0	0	0		0	
13	15920000	15940000	0	0	0	0		0	
13	15940000	15960000	0	0	0	0		0	
13	15960000	15980000	0	0	0	0		0	
13	15980000	16000000	0	0	0	0		0	
13	16000000	16020000	0	0	0	0		0	
13	16020000	16040000	0	0	0	0		0	
13	16040000	16060000	0	0	0	0		0	
13	16060000	16080000	0	0	0	0		0	
13	16080000	16100000	0	0	0	0		0	
13	16100000	16120000	0	0	0	0		0	
13	16120000	16140000	0	0	0	0		0	
13	16140000	16160000	0	0	0	0		0	
13	16160000	16180000	0	0	0	0		0	
13	16180000	16200000	0	0	0	0		0	
13	16200000	16220000	0	0	0	0		0	
13	16220000	16240000	0	0	0	0		0	
13	16240000	16260000	0	0	0	0		0	
13	16260000	16280000	0	0	0	0		0	
13	16280000	16300000	0	0	0	0		0	
13	16300000	16320000	0	0	0	0		0	
13	16320000	16340000	0	0	0	0		0	
13	16340000	16360000	0	0	0	0		0	
13	16360000	16380000	0	0	0	0		0	
13	16380000	16400000	0	0	0	0		0	
13	16400000	16420000	0	0	0	0		0	
13	16420000	16440000	0	0	0	0		0	
13	16440000	16460000	0	0	0	0		0	
13	16460000	16480000	0	0	0	0		0	
13	16480000	16500000	0	0	0	0		0	
13	16500000	16520000	0	0	0	0		0	
13	16520000	16540000	0	0	0	0		0	
13	16540000	16560000	0	0	0	0		0	
13	16560000	16580000	0	0	0	0		0	
13	16580000	16600000	0	0	0	0		0	
13	16600000	16620000	0	0	0	0		0	
13	16620000	16640000	0	0	0	0		0	
13	16640000	16660000	0	0	0	0		0	
13	16660000	16680000	0	0	0	0		0	
13	16680000	16700000	0	0	0	0		0	
13	16700000	16720000	0	0	0	0		0	
13	16720000	16740000	0	0	0	0		0	
13	16740000	16760000	0	0	0	0		0	
13	16760000	16780000	0	0	0	0		0	
13	16780000	16800000	0	0	0	0		0	
13	16800000	16820000	0	0	0	0		0	
13	16820000	16840000	0	0	0	0		0	
13	16840000	16860000	0	0	0	0		0	
13	16860000	16880000	0	0	0	0		0	
13	16880000	16900000	0	0	0	0		0	
13	16900000	16920000	0	0	0	0		0	
13	16920000	16940000	0	0	0	0		0	
13	16940000	16960000	0	0	0	0		0	
13	16960000	16980000	0	0	0	0		0	
13	16980000	17000000	0	0	0	0		0	
13	17000000	17020000	0	0	0	0		0	
13	17020000	17040000	0	0	0	0		0	
13	17040000	17060000	0	0	0	0		0	
13	17060000	17080000	0	0	0	0		0	
13	17080000	17100000	0	0	0	0		0	
13	17100000	17120000	0	0	0	0		0	
13	17120000	17140000	0	0	0	0		0	
13	17140000	17160000	0	0	0	0		0	
13	17160000	17180000	0	0	0	0		0	
13	17180000	17200000	0	0	0	0		0	
13	17200000	17220000	0	0	0	0		0	
13	17220000	17240000	0	0	0	0		0	
13	17240000	17260000	0	0	0	0		0	
13	17260000	17280000	0	0	0	0		0	
13	17280000	17300000	0	0	0	0		0	
13	17300000	17320000	0	0	0	0		0	
13	17320000	17340000	0	0	0	0		0	
13	17340000	17360000	0	0	0	0		0	
13	17360000	17380000	0	0	0	0		0	
13	17380000	17400000	0	0	0	0		0	
13	17400000	17420000	0	0	0	0		0	
13	17420000	17440000	0	0	0	0		0	
13	17440000	17460000	0	0	0	0		0	
13	17460000	17480000	0	0	0	0		0	
13	17480000	17500000	0	0	0	0		0	
13	17500000	17520000	0	0	0	0		0	
13	17520000	17540000	0	0	0	0		0	
13	17540000	17560000	0	0	0	0		0	
13	17560000	17580000	0	0	0	0		0	
13	17580000	17600000	0	0	0	0		0	
13	17600000	17620000	0	0	0	0		0	
13	17620000	17640000	0	0	0	0		0	
13	17640000	17660000	0	0	0	0		0	
13	17660000	17680000	0	0	0	0		0	
13	17680000	17700000	0	0	0	0		0	
13	17700000	17720000	0	0	0	0		0	
13	17720000	17740000	0	0	0	0		0	
13	17740000	17760000	0	0	0	0		0	
13	17760000	17780000	0	0	0	0		0	
13	17780000	17800000	0	0	0	0		0	
13	17800000	17820000	0	0	0	0		0	
13	17820000	17840000	0	0	0	0		0	
13	17840000	17860000	0	0	0	0		0	
13	17860000	17880000	0	0	0	0		0	
13	17880000	17900000	0	0	0	0		0	
13	17900000	17920000	0	0	0	0		0	
13	17920000	17940000	0	0	0	0		0	
13	17940000	17960000	0	0	0	0		0	
13	17960000	17980000	0	0	0	0		0	
13	17980000	18000000	0	0	0	0		0	
13	18000000	18020000	0	0	0	0		0	
13	18020000	18040000	0	0	0	0		0	
13	18040000	18060000	0	0	0	0		0	
13	18060000	18080000	0	0	0	0		0	
13	18080000	18100000	0	0	0	0		0	
13	18100000	18120000	0	0	0	0		0	
13	18120000	18140000	0	0	0	0		0	
13	18140000	18160000	0	0	0	0		0	
13	18160000	18180000	0	0	0	0		0	
13	18180000	18200000	0	0	0	0		0	
13	18200000	18220000	0	0	0	0		0	
13	18220000	18240000	0	0	0	0		0	
13	18240000	18260000	0	0	0	0		0	
13	18260000	18280000	0	0	0	0		0	
13	18280000	18300000	0	0	0	0		0	
13	18300000	18320000	0	0	0	0		0	
13	18320000	18340000	0	0	0	0		0	
13	18340000	18360000	0	0	0	0		0	
13	18360000	18380000	0	0	0	0		0	
13	18380000	18400000	0	0	0	0		0	
13	18400000	18420000	0	0	0	0		0	
13	18420000	18440000	0	0	0	0		0	
13	18440000	18460000	0	0	0	0		0	
13	18460000	18480000	0	0	0	0		0	
13	18480000	18500000	0	0	0	0		0	
13	18500000	18520000	0	0	0	0		0	
13	18520000	18540000	0	0	0	0		0	
13	18540000	18560000	0	0	0	0		0	
13	18560000	18580000	0	0	0	0		0	
13	18580000	18600000	0	0	0	0		0	
13	18600000	18620000	0	0	0	0		0	
13	18620000	18640000	0	0	0	0		0	
13	18640000	18660000	0	0	0	0		0	
13	18660000	18680000	0	0	0	0		0	
13	18680000	18700000	0	0	0	0		0	
13	18700000	18720000	0	0	0	0		0	
13	18720000	18740000	0	0	0	0		0	
13	18740000	18760000	0	0	0	0		0	
13	18760000	18780000	0	0	0	0		0	
13	18780000	18800000	0	0	0	0		0	
13	18800000	18820000	0	0	0	0		0	
13	18820000	18840000	0	0	0	0		0	
13	18840000	18860000	0	0	0	0		0	
13	18860000	18880000	0	0	0	0		0	
13	18880000	18900000	0	0	0	0		0	
13	18900000	18920000	0	0	0	0		0	
13	18920000	18940000	0	0	0	0		0	
13	18940000	18960000	0	0	0	0		0	
13	18960000	18980000	0	0	0	0		0	
13	18980000	19000000	0	0	0	0		0	
13	19000000	19020000	0	0	0	0		0	
13	19020000	19040000	0	0	12049	0		0.60245	
13	19040000	19060000	1	1	12068	1	1	0.6034	1
13	19060000	19080000	0	0	15658	0		0.7829	
13	19080000	19100000	0	0	13017	0		0.65085	
13	19100000	19120000	0	0	10183	0		0.50915	
13	19120000	19140000	0	0	13793	0		0.68965	
13	19140000	19160000	0	0	9128	0		0.4564	
13	19160000	19180000	0	0	12514	5		0.6257	0
13	19180000	19200000	1	1	5535	1	1	0.27675	1
13	19200000	19220000	14	0	13114	17	0	0.6557	0.823529
13	19220000	19240000	23	8	6695	23	0.347826	0.33475	1
13	19240000	19260000	64	6	5587	73	0.09375	0.27935	0.876712
13	19260000	19280000	13	4	8424	75	0.307692	0.4212	0.173333
13	19280000	19300000	0	0	6256	181		0.3128	0
13	19300000	19320000	0	0	6371	129		0.31855	0
13	19320000	19340000	0	0	18327	193		0.91635	0
13	19340000	19360000	0	0	18409	75		0.92045	0
13	19360000	19380000	0	0	18639	269		0.93195	0
13	19380000	19400000	0	0	9045	34		0.45225	0
13	19400000	19420000	0	0	6247	34		0.31235	0
13	19420000	19440000	0	0	7247	58		0.36235	0
13	19440000	19460000	0	0	9951	1943		0.49755	0
13	19460000	19480000	0	0	9731	837		0.48655	0
13	19480000	19500000	0	0	11300	511		0.565	0
13	19500000	19520000	6818	107	8783	6923	0.0156938	0.43915	0.984833
13	19520000	19540000	4785	69	2728	6476	0.0144201	0.1364	0.738882
13	19540000	19560000	8672	98	10485	9194	0.0113007	0.52425	0.943224
13	19560000	19580000	6293	66	12197	6631	0.0104878	0.60985	0.949027
13	19580000	19600000	8601	66	9484	9869	0.00767353	0.4742	0.871517
13	19600000	19620000	0	0	10017	5055		0.50085	0
13	19620000	19640000	1022	7	5033	8700	0.00684932	0.25165	0.117471
13	19640000	19660000	4713	61	11768	5083	0.0129429	0.5884	0.927208
13	19660000	19680000	5838	83	11417	6085	0.0142172	0.57085	0.959408
13	19680000	19700000	2906	47	15032	3791	0.0161734	0.7516	0.766552
13	19700000	19720000	0	0	9111	5094		0.45555	0
13	19720000	19740000	4256	44	7698	9861	0.0103383	0.3849	0.431599
13	19740000	19760000	6452	47	8838	6509	0.00728456	0.4419	0.991243
13	19760000	19780000	1109	17	11350	1193	0.0153291	0.5675	0.929589
13	19780000	19800000	423	9	13010	452	0.0212766	0.6505	0.935841
13	19800000	19820000	6938	49	13434	6982	0.00706255	0.6717	0.993698
13	19820000	19840000	5727	30	12953	5753	0.00523834	0.64765	0.995481
13	19840000	19860000	3630	24	13532	4797	0.00661157	0.6766	0.756723
13	19860000	19880000	2944	18	6943	8043	0.00611413	0.34715	0.366033
13	19880000	19900000	8260	50	14750	9919	0.00605327	0.7375	0.832745
13	19900000	19920000	2012	8	5918	4069	0.00397614	0.2959	0.49447
13	19920000	19940000	0	0	10988	1921		0.5494	0
13	19940000	19960000	0	0	8601	687		0.43005	0
13	19960000	19980000	0	0	9913	548		0.49565	0
13	19980000	20000000	0	0	8781	147		0.43905	0
13	20000000	20020000	0	0	11604	77		0.5802	0
13	20020000	20040000	0	0	11490	148		0.5745	0
13	20040000	20060000	0	0	13388	79		0.6694	0
13	20060000	20080000	0	0	11578	372		0.5789	0
13	20080000	20100000	428	21	12477	431	0.0490654	0.62385	0.993039
13	20100000	20120000	530	22	14527	541	0.0415094	0.72635	0.979667
13	20120000	20140000	716	14	8118	724	0.0195531	0.4059	0.98895
13	20140000	20160000	4033	28	13351	4070	0.00694272	0.66755	0.990909
13	20160000	20180000	4134	32	10499	4156	0.00774069	0.52495	0.994706
13	20180000	20200000	5148	30	17470	5465	0.00582751	0.8735	0.941995
13	20200000	20220000	6658	25	13506	6754	0.00375488	0.6753	0.985786
13	20220000	20240000	7821	28	8950	7913	0.0035801	0.4475	0.988374
13	20240000	20260000	12060	61	5586	12276	0.00505804	0.2793	0.982405
13	20260000	20280000	9827	35	4144	9910	0.00356162	0.2072	0.991625
13	20280000	20300000	6122	29	7347	6169	0.00473701	0.36735	0.992381
13	20300000	20320000	7425	39	11073	7528	0.00525253	0.55365	0.986318
13	20320000	20340000	3574	17	12368	3639	0.00475658	0.6184	0.982138
13	20340000	20360000	4914	15	14671	4960	0.0030525	0.73355	0.990726
13	20360000	20380000	3963	21	18253	3993	0.00529902	0.91265	0.992487
13	20380000	20400000	5407	16	15827	5656	0.00295913	0.79135	0.955976
13	20400000	20420000	7233	22	13775	7302	0.00304161	0.68875	0.990551
13	20420000	20440000	6187	25	11658	6365	0.00404073	0.5829	0.972035
13	20440000	20460000	6166	41	17077	6346	0.00664937	0.85385	0.971636
13	20460000	20480000	5326	29	17261	5743	0.00544499	0.86305	0.92739
13	20480000	20500000	5781	28	17557	5945	0.00484345	0.87785	0.972414
13	20500000	20520000	8061	23	15381	8104	0.00285324	0.76905	0.994694
13	20520000	20540000	8236	45	9927	8576	0.00546382	0.49635	0.960354
13	20540000	20560000	8781	46	13292	8863	0.00523858	0.6646	0.990748
13	20560000	20580000	8291	28	10557	8373	0.00337716	0.52785	0.990207
13	20580000	20600000	9403	47	15438	9464	0.0049984	0.7719	0.993555
13	20600000	20620000	8621	30	10333	8672	0.00347987	0.51665	0.994119
13	20620000	20640000	10792	34	6245	11033	0.00315048	0.31225	0.978156
13	20640000	20660000	9950	36	9049	10036	0.00361809	0.45245	0.991431
13	20660000	20680000	12566	43	9506	12727	0.00342193	0.4753	0.98735
13	20680000	20700000	7949	57	13666	9565	0.00717071	0.6833	0.831051
13	20700000	20720000	10943	46	6953	11130	0.0042036	0.34765	0.983199
13	20720000	20740000	11175	81	7775	11348	0.00724832	0.38875	0.984755
13	20740000	20760000	12933	75	6734	13174	0.00579912	0.3367	0.981706
13	20760000	20780000	12827	61	5461	12950	0.00475559	0.27305	0.990502
13	20780000	20800000	11292	54	12313	11386	0.00478215	0.61565	0.991744
13	20800000	20820000	10153	84	8377	10265	0.00827342	0.41885	0.989089
13	20820000	20840000	9537	59	9155	9903	0.00618643	0.45775	0.963042
13	20840000	20860000	9089	67	12018	9167	0.00737155	0.6009	0.991491
13	20860000	20880000	11085	76	12062	11188	0.00685611	0.6031	0.990794
13	20880000	20900000	11253	78	11614	12141	0.00693148	0.5807	0.926859
13	20900000	20920000	10380	88	11824	10578	0.00847784	0.5912	0.981282
13	20920000	20940000	7809	62	8954	13606	0.00793956	0.4477	0.573938
13	20940000	20960000	0	0	12845	12776		0.64225	0
13	20960000	20980000	570	2	9325	11621	0.00350877	0.46625	0.0490491
13	20980000	21000000	10572	64	6665	10675	0.00605373	0.33325	0.990351
13	21000000	21020000	13417	80	4849	13550	0.00596258	0.24245	0.990185
13	21020000	21040000	8843	67	13874	9119	0.00757661	0.6937	0.969734
13	21040000	21060000	9811	71	9452	9955	0.00723678	0.4726	0.985535
13	21060000	21080000	9231	45	10800	9569	0.00487488	0.54	0.964678
13	21080000	21100000	9132	73	11910	9256	0.00799387	0.5955	0.986603
13	21100000	21120000	7145	50	15658	7457	0.0069979	0.7829	0.95816
13	21120000	21140000	9082	51	13141	9221	0.0056155	0.65705	0.984926
13	21140000	21160000	6755	27	14338	6818	0.00399704	0.7169	0.99076
13	21160000	21180000	11027	51	9353	11100	0.00462501	0.46765	0.993423
13	21180000	21200000	8399	46	13950	8564	0.00547684	0.6975	0.980733
13	21200000	21220000	10882	25	9795	10975	0.00229737	0.48975	0.991526
13	21220000	21240000	10274	28	11780	10431	0.00272533	0.589	0.984949
13	21240000	21260000	9292	28	10499	9365	0.00301334	0.52495	0.992205
13	21260000	21280000	10205	48	12126	10346	0.00470358	0.6063	0.986372
13	21280000	21300000	10068	48	6904	10163	0.00476758	0.3452	0.990652
13	21300000	21320000	9050	69	12782	9158	0.00762431	0.6391	0.988207
13	21320000	21340000	6711	43	16435	7019	0.00640739	0.82175	0.956119
13	21340000	21360000	10951	54	8089	11437	0.00493106	0.40445	0.957506
13	21360000	21380000	11323	50	7099	11396	0.00441579	0.35495	0.993594
13	21380000	21400000	12623	52	5819	12712	0.00411946	0.29095	0.992999
13	21400000	21420000	11096	63	7327	11179	0.00567772	0.36635	0.992575
13	21420000	21440000	10780	48	6690	10854	0.00445269	0.3345	0.993182
13	21440000	21460000	9466	56	12263	9531	0.00591591	0.61315	0.99318
13	21460000	21480000	8307	44	13484	8365	0.00529674	0.6742	0.993066
13	21480000	21500000	5716	40	15217	5785	0.0069979	0.76085	0.988073
13	21500000	21520000	6430	37	14290	6576	0.00575428	0.7145	0.977798
13	21520000	21540000	5411	43	14024	5602	0.00794678	0.7012	0.965905
13	21540000	21560000	9674	32	11462	9780	0.00330784	0.5731	0.989162
13	21560000	21580000	10247	55	7002	10524	0.00536742	0.3501	0.973679
13	21580000	21600000	10033	47	8537	10220	0.00468454	0.42685	0.981703
13	21600000	21620000	9286	53	11678	9367	0.00570752	0.5839	0.991353
13	21620000	21640000	10077	48	7283	10154	0.00476332	0.36415	0.992417
13	21640000	21660000	8541	58	11712	8961	0.00679077	0.5856	0.95313
13	21660000	21680000	6592	35	13503	6863	0.00530947	0.67515	0.960513
13	21680000	21700000	8291	70	13726	8545	0.00844289	0.6863	0.970275
13	21700000	21720000	6599	55	14719	6875	0.0083346	0.73595	0.959855
13	21720000	21740000	11348	94	8738	11510	0.0082834	0.4369	0.985925
13	21740000	21760000	2724	21	12435	6398	0.00770925	0.62175	0.425758
13	21760000	21780000	785	6	15712	1519	0.00764331	0.7856	0.516787
13	21780000	21800000	2673	49	13951	2744	0.0183315	0.69755	0.974125
13	21800000	21820000	2924	41	6439	4600	0.0140219	0.32195	0.635652
13	21820000	21840000	2103	55	6611	2867	0.0261531	0.33055	0.733519
13	21840000	21860000	0	0	13705	3272		0.68525	0
13	21860000	21880000	1215	17	7142	5340	0.0139918	0.3571	0.227528
13	21880000	21900000	1051	15	9685	3695	0.0142721	0.48425	0.284438
13	21900000	21920000	3684	42	7105	3738	0.0114007	0.35525	0.985554
13	21920000	21940000	3347	41	8680	3381	0.0122498	0.434	0.989944
13	21940000	21960000	7691	46	8742	7805	0.00598102	0.4371	0.985394
13	21960000	21980000	9470	50	11237	9568	0.00527983	0.56185	0.989758
13	21980000	22000000	9194	59	10886	9258	0.00641723	0.5443	0.993087
13	22000000	22020000	8866	48	15889	8928	0.00541394	0.79445	0.993056
13	22020000	22040000	9320	57	11600	9414	0.00611588	0.58	0.990015
13	22040000	22060000	6111	50	15439	6324	0.00818197	0.77195	0.966319
13	22060000	22080000	10508	57	11039	10617	0.00542444	0.55195	0.989733
13	22080000	22100000	11328	42	11165	11412	0.00370763	0.55825	0.992639
13	22100000	22120000	11056	64	8769	11138	0.00578871	0.43845	0.992638
13	22120000	22140000	8905	34	15537	8978	0.00381808	0.77685	0.991869
13	22140000	22160000	11345	38	5705	11396	0.00334949	0.28525	0.995525
13	22160000	22180000	7431	29	12101	7527	0.00390257	0.60505	0.987246
13	22180000	22200000	11554	81	8582	12156	0.00701056	0.4291	0.950477
13	22200000	22220000	11371	53	8818	11460	0.00466098	0.4409	0.992234
13	22220000	22240000	11210	40	12651	11312	0.00356824	0.63255	0.990983
13	22240000	22260000	12110	46	3394	12205	0.00379851	0.1697	0.992216
13	22260000	22280000	13172	68	4384	13312	0.00516247	0.2192	0.989483
13	22280000	22300000	10682	77	9555	11153	0.00720839	0.47775	0.957769
13	22300000	22320000	13957	87	7470	14188	0.00623343	0.3735	0.983719
13	22320000	22340000	12447	57	8823	12915	0.00457942	0.44115	0.963763
13	22340000	22360000	11403	73	8530	11591	0.00640182	0.4265	0.983781
13	22360000	22380000	10795	54	8983	10918	0.00500232	0.44915	0.988734
13	22380000	22400000	11426	46	9476	11554	0.00402591	0.4738	0.988922
13	22400000	22420000	11231	90	8305	11339	0.00801353	0.41525	0.990475
13	22420000	22440000	5508	39	14438	5961	0.00708061	0.7219	0.924006
13	22440000	22460000	10947	82	7923	12725	0.00749064	0.39615	0.860275
13	22460000	22480000	9652	82	5681	13234	0.00849565	0.28405	0.729334
13	22480000	22500000	12919	96	7024	13064	0.00743092	0.3512	0.988901
13	22500000	22520000	11847	94	7540	12007	0.0079345	0.377	0.986674
13	22520000	22540000	8867	70	9694	9229	0.00789444	0.4847	0.960776
13	22540000	22560000	11887	103	7045	12144	0.00866493	0.35225	0.978837
13	22560000	22580000	11840	109	9273	11968	0.00920608	0.46365	0.989305
13	22580000	22600000	10160	87	11789	10368	0.00856299	0.58945	0.979938
13	22600000	22620000	13403	94	10999	13534	0.00701336	0.54995	0.990321
13	22620000	22640000	12776	81	8658	13440	0.00634001	0.4329	0.950595
13	22640000	22660000	9732	59	4356	9802	0.00606247	0.2178	0.992859
13	22660000	22680000	13384	72	6978	13493	0.00537956	0.3489	0.991922
13	22680000	22700000	12520	79	4541	13626	0.0063099	0.22705	0.918832
13	22700000	22720000	13377	86	7683	13614	0.00642895	0.38415	0.982591
13	22720000	22740000	13006	72	9662	13204	0.00553591	0.4831	0.985005
13	22740000	22760000	12094	75	11769	12196	0.00620142	0.58845	0.991637
13	22760000	22780000	14072	77	3484	14213	0.00547186	0.1742	0.99008
13	22780000	22800000	13496	82	5510	13626	0.00607587	0.2755	0.990459
13	22800000	22820000	12980	86	4258	13093	0.00662558	0.2129	0.991369
13	22820000	22840000	13324	99	9033	13464	0.0074302	0.45165	0.989602
13	22840000	22860000	13491	101	8711	13599	0.00748647	0.43555	0.992058
13	22860000	22880000	11351	88	11302	11491	0.00775262	0.5651	0.987817
13	22880000	22900000	10134	54	10014	10246	0.0053286	0.5007	0.989069
13	22900000	22920000	9487	69	17573	9552	0.00727311	0.87865	0.993195
13	22920000	22940000	5073	37	17358	5121	0.00729351	0.8679	0.990627
13	22940000	22960000	9929	49	11617	10036	0.00493504	0.58085	0.989338
13	22960000	22980000	14395	89	6185	14504	0.0061827	0.30925	0.992485
13	22980000	23000000	11962	81	11509	12497	0.00677144	0.57545	0.95719
13	23000000	23020000	11538	81	9729	11652	0.00702028	0.48645	0.990216
13	23020000	23040000	12250	55	8171	12429	0.0044898	0.40855	0.985598
13	23040000	23060000	10676	60	7961	10749	0.00562008	0.39805	0.993209
13	23060000	23080000	11596	65	8532	11688	0.00560538	0.4266	0.992129
13	23080000	23100000	10742	91	12920	10953	0.00847142	0.646	0.980736
13	23100000	23120000	8362	68	14254	8429	0.00813203	0.7127	0.992051
13	23120000	23140000	10907	80	12863	11049	0.00733474	0.64315	0.987148
13	23140000	23160000	5164	16	16046	5298	0.00309837	0.8023	0.974707
13	23160000	23180000	11755	88	9318	11867	0.00748618	0.4659	0.990562
13	23180000	23200000	9815	47	12534	9902	0.00478859	0.6267	0.991214
13	23200000	23220000	9381	79	11214	9516	0.00842128	0.5607	0.985813
13	23220000	23240000	12230	104	6743	12817	0.00850368	0.33715	0.954201
13	23240000	23260000	9978	70	8685	10134	0.00701543	0.43425	0.984606
13	23260000	23280000	11619	86	8853	11705	0.00740167	0.44265	0.992653
13	23280000	23300000	11749	89	9788	11849	0.00757511	0.4894	0.99156
13	23300000	23320000	10813	103	9501	10923	0.00952557	0.47505	0.98993
13	23320000	23340000	9655	74	9217	10046	0.00766442	0.46085	0.961079
13	23340000	23360000	11174	61	11689	11894	0.0054591	0.58445	0.939465
13	23360000	23380000	11648	77	7973	11986	0.00661058	0.39865	0.9718
13	23380000	23400000	7514	70	15558	8223	0.00931594	0.7779	0.913778
13	23400000	23420000	6134	54	8940	7950	0.00880339	0.447	0.771572
13	23420000	23440000	8255	57	9731	8320	0.00690491	0.48655	0.992188
13	23440000	23460000	6012	67	17364	6061	0.0111444	0.8682	0.991916
13	23460000	23480000	4979	55	18317	5062	0.0110464	0.91585	0.983603
13	23480000	23500000	3266	53	13398	3542	0.0162278	0.6699	0.922078
13	23500000	23520000	2440	202	7820	2750	0.0827869	0.391	0.887273
13	23520000	23540000	892	39	13297	1190	0.043722	0.66485	0.74958
13	23540000	23560000	7837	103	7627	8170	0.0131428	0.38135	0.959241
13	23560000	23580000	10953	56	9613	11058	0.00511275	0.48065	0.990505
13	23580000	23600000	7841	47	14615	7916	0.00599413	0.73075	0.990526
13	23600000	23620000	11080	85	10848	11349	0.00767148	0.5424	0.976297
13	23620000	23640000	8716	75	13784	8818	0.00860486	0.6892	0.988433
13	23640000	23660000	10674	82	13278	10995	0.00768222	0.6639	0.970805
13	23660000	23680000	10389	73	7749	10694	0.00702666	0.38745	0.971479
13	23680000	23700000	11712	99	10920	11904	0.00845287	0.546	0.983871
13	23700000	23720000	8980	69	9745	9240	0.00768374	0.48725	0.971861
13	23720000	23740000	10410	89	11660	10505	0.00854947	0.583	0.990957
13	23740000	23760000	12451	77	7908	12568	0.00618424	0.3954	0.990691
13	23760000	23780000	12272	79	9538	12797	0.00643742	0.4769	0.958975
13	23780000	23800000	10985	53	8447	11138	0.00482476	0.42235	0.986263
13	23800000	23820000	9420	61	11952	9753	0.00647558	0.5976	0.965857
13	23820000	23840000	4347	55	14219	4382	0.0126524	0.71095	0.992013
13	23840000	23860000	8453	46	13164	8539	0.00544185	0.6582	0.989929
13	23860000	23880000	10631	57	10934	11001	0.00536168	0.5467	0.966367
13	23880000	23900000	9786	62	10039	9868	0.00633558	0.50195	0.99169
13	23900000	23920000	12950	30	1941	12989	0.0023166	0.09705	0.996997
13	23920000	23940000	13188	47	7868	13248	0.00356385	0.3934	0.995471
13	23940000	23960000	11109	58	5865	11231	0.00522099	0.29325	0.989137
13	23960000	23980000	5979	42	15771	7037	0.00702459	0.78855	0.849652
13	23980000	24000000	9165	47	9498	9569	0.00512821	0.4749	0.95778
13	24000000	24020000	10585	57	10259	11140	0.00538498	0.51295	0.95018
13	24020000	24040000	10689	75	10754	11306	0.00701656	0.5377	0.945427
13	24040000	24060000	9757	64	14460	9847	0.00655939	0.723	0.99086
13	24060000	24080000	11741	75	8681	11854	0.00638787	0.43405	0.990467
13	24080000	24100000	10631	61	8684	10714	0.00573794	0.4342	0.992253
13	24100000	24120000	6948	39	17952	7014	0.00561313	0.8976	0.99059
13	24120000	24140000	8648	59	10176	10085	0.00682239	0.5088	0.857511
13	24140000	24160000	12451	78	5614	12543	0.00626456	0.2807	0.992665
13	24160000	24180000	8503	67	13074	8584	0.00787957	0.6537	0.990564
13	24180000	24200000	12166	93	8015	12254	0.00764425	0.40075	0.992819
13	24200000	24220000	12965	108	4574	13063	0.00833012	0.2287	0.992498
13	24220000	24240000	10646	57	11326	10951	0.00535412	0.5663	0.972149
13	24240000	24260000	9457	51	8582	10611	0.00539283	0.4291	0.891245
13	24260000	24280000	9783	85	11764	9901	0.00868854	0.5882	0.988082
13	24280000	24300000	10673	91	11005	11181	0.00852619	0.55025	0.954566
13	24300000	24320000	8596	38	7780	12383	0.00442066	0.389	0.694178
13	24320000	24340000	12273	65	6018	12549	0.00529618	0.3009	0.978006
13	24340000	24360000	8220	54	11623	8345	0.00656934	0.58115	0.985021
13	24360000	24380000	12531	66	11201	12644	0.00526694	0.56005	0.991063
13	24380000	24400000	12030	57	8321	12140	0.00473815	0.41605	0.990939
13	24400000	24420000	12926	54	8773	13018	0.00417763	0.43865	0.992933
13	24420000	24440000	11902	31	6655	11975	0.0026046	0.33275	0.993904
13	24440000	24460000	10214	86	6725	10288	0.00841982	0.33625	0.992807
13	24460000	24480000	3877	43	5904	3960	0.011091	0.2952	0.97904
13	24480000	24500000	8662	60	11487	8766	0.00692681	0.57435	0.988136
13	24500000	24520000	6771	58	9028	6905	0.00856594	0.4514	0.980594
13	24520000	24540000	10128	100	7454	10274	0.00987362	0.3727	0.985789
13	24540000	24560000	7626	89	13107	7851	0.0116706	0.65535	0.971341
13	24560000	24580000	11470	115	7427	11665	0.0100262	0.37135	0.983283
13	24580000	24600000	11610	95	6634	11802	0.0081826	0.3317	0.983732
13	24600000	24620000	11700	92	8823	11914	0.00786325	0.44115	0.982038
13	24620000	24640000	12540	94	8328	12648	0.00749601	0.4164	0.991461
13	24640000	24660000	12535	98	8015	12666	0.00781811	0.40075	0.989657
13	24660000	24680000	12566	92	8876	12691	0.00732134	0.4438	0.990151
13	24680000	24700000	10742	93	6291	10855	0.00865761	0.31455	0.98959
13	24700000	24720000	13200	104	6705	13341	0.00787879	0.33525	0.989431
13	24720000	24740000	13048	109	7024	13176	0.00835377	0.3512	0.990285
13	24740000	24760000	11888	81	9529	12028	0.00681359	0.47645	0.98836
13	24760000	24780000	9721	61	11293	9840	0.00627507	0.56465	0.987907
13	24780000	24800000	8478	56	7577	11195	0.00660533	0.37885	0.757302
13	24800000	24820000	10695	77	9501	10811	0.00719963	0.47505	0.98927
13	24820000	24840000	9023	58	6409	13091	0.00642802	0.32045	0.689252
13	24840000	24860000	12027	86	7236	12238	0.00715058	0.3618	0.982759
13	24860000	24880000	13134	79	4103	13372	0.00601492	0.20515	0.982202
13	24880000	24900000	3351	24	7581	3456	0.00716204	0.37905	0.969618
13	24900000	24920000	1612	43	13704	2699	0.0266749	0.6852	0.597258
13	24920000	24940000	920	22	10060	2555	0.023913	0.503	0.360078
13	24940000	24960000	1236	31	14870	1415	0.0250809	0.7435	0.873498
13	24960000	24980000	538	22	8297	2122	0.0408922	0.41485	0.253534
13	24980000	25000000	0	0	13791	814		0.68955	0
13	25000000	25020000	0	0	9666	1768		0.4833	0
13	25020000	25040000	2439	9	11086	7612	0.00369004	0.5543	0.320415
13	25040000	25060000	885	9	11593	2317	0.0101695	0.57965	0.381959
13	25060000	25080000	0	0	8051	6235		0.40255	0
13	25080000	25100000	0	0	9014	6437		0.4507	0
13	25100000	25120000	363	8	8438	5743	0.0220386	0.4219	0.0632074
13	25120000	25140000	711	21	10758	1424	0.0295359	0.5379	0.499298
13	25140000	25160000	0	0	11336	1422		0.5668	0
13	25160000	25180000	0	0	10628	292		0.5314	0
13	25180000	25200000	3452	20	9083	10173	0.00579374	0.45415	0.33933
13	25200000	25220000	9434	50	11492	9559	0.00529998	0.5746	0.986923
13	25220000	25240000	10014	65	12188	10131	0.00649091	0.6094	0.988451
13	25240000	25260000	10766	55	5409	11038	0.00510868	0.27045	0.975358
13	25260000	25280000	12193	81	6064	12341	0.00664316	0.3032	0.988007
13	25280000	25300000	11616	71	7916	11889	0.00611226	0.3958	0.977038
13	25300000	25320000	10933	53	8548	11140	0.00484771	0.4274	0.981418
13	25320000	25340000	9619	48	6537	9932	0.00499012	0.32685	0.968486
13	25340000	25360000	10054	38	10282	10132	0.00377959	0.5141	0.992302
13	25360000	25380000	12432	45	8398	12517	0.00361969	0.4199	0.993209
13	25380000	25400000	5768	25	18499	5815	0.00433426	0.92495	0.991917
13	25400000	25420000	7432	36	11890	7495	0.00484392	0.5945	0.991594
13	25420000	25440000	10986	37	8125	11113	0.00336792	0.40625	0.988572
13	25440000	25460000	10540	49	10264	10665	0.00464896	0.5132	0.988279
13	25460000	25480000	11569	49	9271	12430	0.00423546	0.46355	0.930732
13	25480000	25500000	10072	46	10851	10136	0.00456712	0.54255	0.993686
13	25500000	25520000	2108	35	10172	2305	0.0166034	0.5086	0.914534
13	25520000	25540000	30	3	8676	32	0.1	0.4338	0.9375
13	25540000	25560000	1442	16	15007	1454	0.0110957	0.75035	0.991747
13	25560000	25580000	3401	25	11366	3420	0.00735078	0.5683	0.994444
13	25580000	25600000	347	2	9858	3264	0.00576369	0.4929	0.106311
13	25600000	25620000	0	0	9295	6760		0.46475	0
13	25620000	25640000	0	0	11649	7975		0.58245	0
13	25640000	25660000	0	0	14628	10814		0.7314	0
13	25660000	25680000	0	0	11479	7838		0.57395	0
13	25680000	25700000	7023	41	11809	10472	0.00583796	0.59045	0.670646
13	25700000	25720000	10237	55	8772	10484	0.00537267	0.4386	0.97644
13	25720000	25740000	9012	61	9195	9099	0.00676875	0.45975	0.990439
13	25740000	25760000	13294	56	4798	13385	0.00421243	0.2399	0.993201
13	25760000	25780000	12834	82	7212	12930	0.00638928	0.3606	0.992575
13	25780000	25800000	10754	82	11122	10849	0.00762507	0.5561	0.991243
13	25800000	25820000	10402	69	11544	10647	0.00663334	0.5772	0.976989
13	25820000	25840000	11871	32	6222	11935	0.00269564	0.3111	0.994638
13	25840000	25860000	11621	60	9069	12119	0.00516307	0.45345	0.958908
13	25860000	25880000	11558	64	7582	11646	0.00553729	0.3791	0.992444
13	25880000	25900000	11061	64	6796	11257	0.0057861	0.3398	0.982589
13	25900000	25920000	12299	56	4079	12396	0.00455322	0.20395	0.992175
13	25920000	25940000	4998	26	16576	7176	0.00520208	0.8288	0.696488
13	25940000	25960000	11199	72	8853	11563	0.00642915	0.44265	0.96852
13	25960000	25980000	10398	67	11815	10758	0.00644355	0.59075	0.966537
13	25980000	26000000	12363	74	6911	12626	0.0059856	0.34555	0.97917
13	26000000	26020000	9252	75	10596	9491	0.00810636	0.5298	0.974818
13	26020000	26040000	10921	93	8633	11236	0.0085157	0.43165	0.971965
13	26040000	26060000	9483	68	9000	9764	0.00717073	0.45	0.971221
13	26060000	26080000	11375	78	5766	12810	0.00685714	0.2883	0.887978
13	26080000	26100000	9335	83	12571	9433	0.00889127	0.62855	0.989611
13	26100000	26120000	11895	71	6264	12225	0.00596889	0.3132	0.973006
13	26120000	26140000	9689	60	10175	9795	0.00619259	0.50875	0.989178
13	26140000	26160000	13944	79	2602	14058	0.00566552	0.1301	0.991891
13	26160000	26180000	12515	74	10886	12638	0.0059129	0.5443	0.990267
13	26180000	26200000	8268	60	11240	9114	0.00725689	0.562	0.907176
13	26200000	26220000	8258	46	13249	8331	0.00557036	0.66245	0.991238
13	26220000	26240000	10944	64	10411	11097	0.00584795	0.52055	0.986212
13	26240000	26260000	8489	48	7091	12858	0.00565438	0.35455	0.660212
13	26260000	26280000	11698	115	8289	11821	0.00983074	0.41445	0.989595
13	26280000	26300000	12857	56	6518	12984	0.0043556	0.3259	0.990219
13	26300000	26320000	11412	54	6075	12208	0.00473186	0.30375	0.934797
13	26320000	26340000	13898	69	2955	14022	0.00496474	0.14775	0.991157
13	26340000	26360000	12505	69	5304	12598	0.00551779	0.2652	0.992618
13	26360000	26380000	11303	71	7672	11426	0.00628152	0.3836	0.989235
13	26380000	26400000	11139	49	9840	11206	0.00439896	0.492	0.994021
13	26400000	26420000	11446	58	7252	11588	0.00506727	0.3626	0.987746
13	26420000	26440000	11638	78	8217	11909	0.00670218	0.41085	0.977244
13	26440000	26460000	12944	86	4845	13163	0.006644	0.24225	0.983362
13	26460000	26480000	6772	50	10378	7978	0.00738334	0.5189	0.848834
13	26480000	26500000	12524	80	5773	12644	0.00638774	0.28865	0.990509
13	26500000	26520000	12820	96	7029	13040	0.0074883	0.35145	0.983129
13	26520000	26540000	9828	52	8746	10049	0.00529101	0.4373	0.978008
13	26540000	26560000	12803	74	4445	12990	0.0057799	0.22225	0.985604
13	26560000	26580000	7170	67	13712	7238	0.00934449	0.6856	0.990605
13	26580000	26600000	9406	63	5292	9504	0.00669785	0.2646	0.989689
13	26600000	26620000	7104	64	9324	7308	0.00900901	0.4662	0.972085
13	26620000	26640000	7127	42	4732	7211	0.00589308	0.2366	0.988351
13	26640000	26660000	4711	57	9061	5471	0.0120993	0.45305	0.861086
13	26660000	26680000	9302	61	14432	9478	0.00655773	0.7216	0.981431
13	26680000	26700000	9450	69	10304	9554	0.00730159	0.5152	0.989115
13	26700000	26720000	10101	71	13847	10574	0.00702901	0.69235	0.955268
13	26720000	26740000	11158	77	12389	11266	0.00690088	0.61945	0.990414
13	26740000	26760000	9486	73	13243	9618	0.00769555	0.66215	0.986276
13	26760000	26780000	11260	72	14101	11359	0.00639432	0.70505	0.991284
13	26780000	26800000	11619	40	4709	11694	0.00344264	0.23545	0.993586
13	26800000	26820000	9449	50	13460	9571	0.00529157	0.673	0.987253
13	26820000	26840000	11859	56	7404	11952	0.00472215	0.3702	0.992219
13	26840000	26860000	8991	31	13644	9074	0.00344789	0.6822	0.990853
13	26860000	26880000	9583	48	15861	9648	0.00500887	0.79305	0.993263
13	26880000	26900000	10778	62	12950	10860	0.00575246	0.6475	0.992449
13	26900000	26920000	10202	41	13785	10297	0.00401882	0.68925	0.990774
13	26920000	26940000	10754	51	8274	10832	0.00474242	0.4137	0.992799
13	26940000	26960000	12270	60	6617	12749	0.00488998	0.33085	0.962428
13	26960000	26980000	12154	58	5503	12288	0.00477209	0.27515	0.989095
13	26980000	27000000	10343	81	14083	10447	0.00783138	0.70415	0.990045
13	27000000	27020000	9536	69	13442	10964	0.00723574	0.6721	0.869756
13	27020000	27040000	9827	58	12138	9982	0.00590211	0.6069	0.984472
13	27040000	27060000	7287	42	11886	10137	0.00576369	0.5943	0.718852
13	27060000	27080000	12992	89	9865	13103	0.00685037	0.49325	0.991529
13	27080000	27100000	9733	63	9690	10306	0.00647282	0.4845	0.944401
13	27100000	27120000	12512	69	5981	12638	0.00551471	0.29905	0.99003
13	27120000	27140000	11553	84	7521	11637	0.00727084	0.37605	0.992782
13	27140000	27160000	11671	48	11780	11752	0.00411276	0.589	0.993108
13	27160000	27180000	12212	61	8543	12322	0.00499509	0.42715	0.991073
13	27180000	27200000	12204	53	8823	12293	0.00434284	0.44115	0.99276
13	27200000	27220000	8612	36	14390	8715	0.00418021	0.7195	0.988181
13	27220000	27240000	12363	45	12143	13203	0.00363989	0.60715	0.936378
13	27240000	27260000	12384	39	4314	12498	0.00314922	0.2157	0.990879
13	27260000	27280000	11745	65	9476	11879	0.00553427	0.4738	0.98872
13	27280000	27300000	11079	88	10948	11235	0.00794296	0.5474	0.986115
13	27300000	27320000	11045	92	9533	11197	0.00832956	0.47665	0.986425
13	27320000	27340000	12623	80	5427	12758	0.00633764	0.27135	0.989418
13	27340000	27360000	12573	88	9665	12840	0.00699913	0.48325	0.979206
13	27360000	27380000	11785	84	9437	12094	0.0071277	0.47185	0.97445
13	27380000	27400000	11082	71	9967	11175	0.00640679	0.49835	0.991678
13	27400000	27420000	11794	94	8716	11909	0.00797015	0.4358	0.990343
13	27420000	27440000	12009	87	7850	12122	0.00724457	0.3925	0.990678
13	27440000	27460000	11959	110	10436	13314	0.00919809	0.5218	0.898227
13	27460000	27480000	11760	123	8682	11882	0.0104592	0.4341	0.989732
13	27480000	27500000	11448	70	8194	12426	0.00611461	0.4097	0.921294
13	27500000	27520000	11495	62	12095	11849	0.00539365	0.60475	0.970124
13	27520000	27540000	13490	107	4919	13645	0.0079318	0.24595	0.988641
13	27540000	27560000	11874	84	6599	12090	0.00707428	0.32995	0.982134
13	27560000	27580000	12861	96	8083	13002	0.00746443	0.40415	0.989156
13	27580000	27600000	10591	67	10682	10690	0.00632613	0.5341	0.990739
13	27600000	27620000	12350	59	9771	12451	0.00477733	0.48855	0.991888
13	27620000	27640000	10966	83	10548	11127	0.00756885	0.5274	0.985531
13	27640000	27660000	8356	38	8162	8454	0.00454763	0.4081	0.988408
13	27660000	27680000	11477	48	9674	11670	0.00418228	0.4837	0.983462
13	27680000	27700000	9978	44	9954	10138	0.0044097	0.4977	0.984218
13	27700000	27720000	10394	55	9006	10511	0.00529151	0.4503	0.988869
13	27720000	27740000	9487	49	9348	10044	0.00516496	0.4674	0.944544
13	27740000	27760000	9962	43	7772	10050	0.0043164	0.3886	0.991244
13	27760000	27780000	9143	52	13484	10169	0.00568741	0.6742	0.899105
13	27780000	27800000	3477	13	18219	3502	0.00373886	0.91095	0.992861
13	27800000	27820000	9339	73	14031	9415	0.00781668	0.70155	0.991928
13	27820000	27840000	9118	68	10788	9521	0.00745778	0.5394	0.957673
13	27840000	27860000	11509	60	7994	11795	0.00521331	0.3997	0.975752
13	27860000	27880000	9764	60	12180	9840	0.00614502	0.609	0.992276
13	27880000	27900000	9928	90	12683	10035	0.00906527	0.63415	0.989337
13	27900000	27920000	6508	43	10951	9649	0.00660725	0.54755	0.674474
13	27920000	27940000	9745	70	9828	9943	0.00718317	0.4914	0.980086
13	27940000	27960000	11535	67	7269	11650	0.00580841	0.36345	0.990129
13	27960000	27980000	11620	91	9092	11751	0.00783133	0.4546	0.988852
13	27980000	28000000	11982	64	10130	12105	0.00534135	0.5065	0.989839
13	28000000	28020000	10688	56	6245	11292	0.00523952	0.31225	0.946511
13	28020000	28040000	9810	48	7188	10492	0.00489297	0.3594	0.934998
13	28040000	28060000	11330	78	8660	11652	0.00688438	0.433	0.972365
13	28060000	28080000	11359	66	8786	11452	0.00581037	0.4393	0.991879
13	28080000	28100000	11361	86	11885	11450	0.00756976	0.59425	0.992227
13	28100000	28120000	11954	83	9733	12069	0.00694328	0.48665	0.990471
13	28120000	28140000	13926	69	3952	14002	0.00495476	0.1976	0.994572
13	28140000	28160000	12300	77	9088	12412	0.00626016	0.4544	0.990976
13	28160000	28180000	13166	75	8472	13456	0.00569649	0.4236	0.978448
13	28180000	28200000	10860	43	8508	10943	0.00395948	0.4254	0.992415
13	28200000	28220000	13929	68	5274	14048	0.0048819	0.2637	0.991529
13	28220000	28240000	12856	60	8993	12971	0.00466708	0.44965	0.991134
13	28240000	28260000	11729	75	12461	11815	0.00639441	0.62305	0.992721
13	28260000	28280000	7803	65	18313	7969	0.00833013	0.91565	0.979169
13	28280000	28300000	11777	66	9320	11965	0.00560414	0.466	0.984288
13	28300000	28320000	11110	56	8798	11214	0.0050405	0.4399	0.990726
13	28320000	28340000	8912	47	12034	8984	0.00527379	0.6017	0.991986
13	28340000	28360000	14497	97	6990	14621	0.00669104	0.3495	0.991519
13	28360000	28380000	11802	71	6766	11951	0.00601593	0.3383	0.987532
13	28380000	28400000	13374	61	7570	13481	0.00456109	0.3785	0.992063
13	28400000	28420000	9161	63	12218	10926	0.00687698	0.6109	0.838459
13	28420000	28440000	9790	69	10666	11272	0.00704801	0.5333	0.868524
13	28440000	28460000	10930	73	14485	11143	0.00667887	0.72425	0.980885
13	28460000	28480000	8983	74	15114	9185	0.00823778	0.7557	0.978008
13	28480000	28500000	11209	53	5518	11323	0.00472834	0.2759	0.989932
13	28500000	28520000	9442	59	11068	9619	0.00624868	0.5534	0.981599
13	28520000	28540000	9264	48	8772	9529	0.00518135	0.4386	0.97219
13	28540000	28560000	12082	82	5023	12817	0.00678696	0.25115	0.942654
13	28560000	28580000	8399	49	12001	8486	0.00583403	0.60005	0.989748
13	28580000	28600000	9384	58	9825	9447	0.00618073	0.49125	0.993331
13	28600000	28620000	10098	75	8770	10182	0.00742721	0.4385	0.99175
13	28620000	28640000	9261	46	11229	9482	0.00496707	0.56145	0.976693
13	28640000	28660000	5792	41	17475	6162	0.00707873	0.87375	0.939955
13	28660000	28680000	8454	31	13022	8522	0.0036669	0.6511	0.992021
13	28680000	28700000	4747	27	14632	6288	0.0056878	0.7316	0.75493
13	28700000	28720000	7436	33	12212	7608	0.00443787	0.6106	0.977392
13	28720000	28740000	7884	28	14797	7980	0.0035515	0.73985	0.98797
13	28740000	28760000	11490	41	8998	11584	0.00356832	0.4499	0.991885
13	28760000	28780000	8821	51	9067	8879	0.00578166	0.45335	0.993468
13	28780000	28800000	11073	55	7178	11163	0.00496704	0.3589	0.991938
13	28800000	28820000	12587	53	5380	12683	0.00421069	0.269	0.992431
13	28820000	28840000	9703	37	11592	9773	0.00381325	0.5796	0.992837
13	28840000	28860000	12078	44	8003	12167	0.00364299	0.40015	0.992685
13	28860000	28880000	10188	55	8249	10555	0.00539851	0.41245	0.96523
13	28880000	28900000	11568	65	5298	11657	0.00561895	0.2649	0.992365
13	28900000	28920000	11780	33	5954	12093	0.00280136	0.2977	0.974117
13	28920000	28940000	12043	62	9249	12132	0.00514822	0.46245	0.992664
13	28940000	28960000	10505	61	8096	10953	0.00580676	0.4048	0.959098
13	28960000	28980000	13047	84	4540	13141	0.00643826	0.227	0.992847
13	28980000	29000000	12839	49	4860	12931	0.0038165	0.243	0.992885
13	29000000	29020000	13772	55	5014	13862	0.00399361	0.2507	0.993507
13	29020000	29040000	11472	80	10567	11565	0.0069735	0.52835	0.991958
13	29040000	29060000	12758	71	5879	12846	0.00556514	0.29395	0.99315
13	29060000	29080000	14141	100	4763	14245	0.00707164	0.23815	0.992699
13	29080000	29100000	8617	60	14982	8778	0.00696298	0.7491	0.981659
13	29100000	29120000	9779	60	8664	10121	0.0061356	0.4332	0.966209
13	29120000	29140000	12262	78	8246	12370	0.00636112	0.4123	0.991269
13	29140000	29160000	11843	74	7784	11950	0.00624842	0.3892	0.991046
13	29160000	29180000	9406	68	10769	10147	0.00722943	0.53845	0.926973
13	29180000	29200000	12252	86	7737	12350	0.00701926	0.38685	0.992065
13	29200000	29220000	11172	77	7910	11385	0.00689223	0.3955	0.981291
13	29220000	29240000	11550	82	9574	11705	0.00709957	0.4787	0.986758
13	29240000	29260000	10179	58	11559	10296	0.00569801	0.57795	0.988636
13	29260000	29280000	7432	49	13781	7502	0.00659311	0.68905	0.990669
13	29280000	29300000	8797	39	7778	8863	0.00443333	0.3889	0.992553
13	29300000	29320000	9502	54	11126	9601	0.00568301	0.5563	0.989689
13	29320000	29340000	10371	57	10939	10455	0.00549609	0.54695	0.991966
13	29340000	29360000	2513	26	18023	2541	0.0103462	0.90115	0.988981
13	29360000	29380000	8934	77	13354	9016	0.00861876	0.6677	0.990905
13	29380000	29400000	10291	67	13140	10393	0.00651054	0.657	0.990186
13	29400000	29420000	11593	70	10679	11711	0.00603813	0.53395	0.989924
13	29420000	29440000	13496	100	6293	13642	0.0074096	0.31465	0.989298
13	29440000	29460000	10791	77	9520	10970	0.00713558	0.476	0.983683
13	29460000	29480000	9818	45	11959	9902	0.00458342	0.59795	0.991517
13	29480000	29500000	4065	52	18690	4567	0.0127921	0.9345	0.890081
13	29500000	29520000	9909	65	11995	10014	0.00655969	0.59975	0.989515
13	29520000	29540000	11760	79	10062	11862	0.00671769	0.5031	0.991401
13	29540000	29560000	13395	87	7961	13508	0.00649496	0.39805	0.991635
13	29560000	29580000	9013	62	12903	9337	0.00687895	0.64515	0.965299
13	29580000	29600000	13013	87	7259	13391	0.00668562	0.36295	0.971772
13	29600000	29620000	8264	50	10948	8426	0.00605034	0.5474	0.980774
13	29620000	29640000	7722	59	15192	9171	0.00764051	0.7596	0.842002
13	29640000	29660000	11957	61	13989	12446	0.00510161	0.69945	0.96071
13	29660000	29680000	12033	71	13248	12164	0.00590044	0.6624	0.989231
13	29680000	29700000	12965	77	7875	13063	0.00593907	0.39375	0.992498
13	29700000	29720000	11628	71	12039	11769	0.00610595	0.60195	0.988019
13	29720000	29740000	10944	79	10260	11067	0.00721857	0.513	0.988886
13	29740000	29760000	14419	96	6015	14609	0.00665788	0.30075	0.986994
13	29760000	29780000	6113	41	14375	6148	0.00670702	0.71875	0.994307
13	29780000	29800000	4765	51	18084	4818	0.010703	0.9042	0.989
13	29800000	29820000	10807	54	10054	12607	0.00499676	0.5027	0.857222
13	29820000	29840000	10333	60	10078	10411	0.00580664	0.5039	0.992508
13	29840000	29860000	12564	94	9451	12709	0.00748169	0.47255	0.988591
13	29860000	29880000	10378	66	11681	10478	0.00635961	0.58405	0.990456
13	29880000	29900000	10129	72	10102	11313	0.0071083	0.5051	0.895342
13	29900000	29920000	2384	27	17328	2616	0.0113255	0.8664	0.911315
13	29920000	29940000	9753	61	8720	9833	0.00625449	0.436	0.991864
13	29940000	29960000	11813	98	9802	11951	0.00829595	0.4901	0.988453
13	29960000	29980000	10244	59	10666	10362	0.00575947	0.5333	0.988612
13	29980000	30000000	9656	67	16943	9766	0.00693869	0.84715	0.988736
13	30000000	30020000	13435	87	4403	13574	0.00647562	0.22015	0.98976
13	30020000	30040000	12103	112	11027	12271	0.0092539	0.55135	0.986309
13	30040000	30060000	13020	101	7669	13172	0.0077573	0.38345	0.98846
13	30060000	30080000	11417	63	5134	12519	0.00551809	0.2567	0.911974
13	30080000	30100000	14695	94	622	14833	0.00639673	0.0311	0.990696
13	30100000	30120000	14283	121	4230	14422	0.00847161	0.2115	0.990362
13	30120000	30140000	11023	66	8404	11254	0.00598748	0.4202	0.979474
13	30140000	30160000	14036	97	4265	14141	0.0069108	0.21325	0.992575
13	30160000	30180000	11202	72	8345	11304	0.00642742	0.41725	0.990977
13	30180000	30200000	9251	75	13773	9397	0.00810723	0.68865	0.984463
13	30200000	30220000	2281	21	19539	2313	0.00920649	0.97695	0.986165
13	30220000	30240000	7799	55	16643	7882	0.00705219	0.83215	0.98947
13	30240000	30260000	6926	43	12647	7111	0.00620849	0.63235	0.973984
13	30260000	30280000	11465	99	14651	11627	0.00863498	0.73255	0.986067
13	30280000	30300000	13810	90	6830	13950	0.00651702	0.3415	0.989964
13	30300000	30320000	11080	72	9510	11447	0.00649819	0.4755	0.967939
13	30320000	30340000	9398	53	14142	9675	0.0056395	0.7071	0.97137
13	30340000	30360000	12386	40	5148	12482	0.00322945	0.2574	0.992309
13	30360000	30380000	12188	46	8634	12259	0.0037742	0.4317	0.994208
13	30380000	30400000	11977	42	8341	12056	0.00350672	0.41705	0.993447
13	30400000	30420000	9838	48	13976	9903	0.00487904	0.6988	0.993436
13	30420000	30440000	12754	47	6828	12829	0.00368512	0.3414	0.994154
13	30440000	30460000	13015	87	6147	13125	0.00668459	0.30735	0.991619
13	30460000	30480000	11103	73	8854	11202	0.0065748	0.4427	0.991162
13	30480000	30500000	13049	97	5596	13175	0.00743352	0.2798	0.990436
13	30500000	30520000	12134	99	7624	12229	0.00815889	0.3812	0.992232
13	30520000	30540000	11182	85	7066	11691	0.0076015	0.3533	0.956462
13	30540000	30560000	10295	74	13321	10433	0.00718796	0.66605	0.986773
13	30560000	30580000	10384	80	11406	10493	0.00770416	0.5703	0.989612
13	30580000	30600000	13519	120	9336	13644	0.0088764	0.4668	0.990838
13	30600000	30620000	13189	101	6811	13320	0.0076579	0.34055	0.990165
13	30620000	30640000	10497	56	14156	10599	0.00533486	0.7078	0.990376
13	30640000	30660000	12235	56	12315	12353	0.00457703	0.61575	0.990448
13	30660000	30680000	10368	85	12891	10499	0.0081983	0.64455	0.987523
13	30680000	30700000	13257	68	7897	13374	0.00512937	0.39485	0.991252
13	30700000	30720000	12058	47	8920	12162	0.00389783	0.446	0.991449
13	30720000	30740000	13610	66	8102	13713	0.00484938	0.4051	0.992489
13	30740000	30760000	12294	61	10831	12399	0.00496177	0.54155	0.991532
13	30760000	30780000	12621	63	6527	12778	0.00499168	0.32635	0.987713
13	30780000	30800000	9705	27	12258	9769	0.00278207	0.6129	0.993449
13	30800000	30820000	10565	53	10526	10674	0.00501656	0.5263	0.989788
13	30820000	30840000	7536	52	12583	7599	0.00690021	0.62915	0.991709
13	30840000	30860000	10053	47	10273	10169	0.00467522	0.51365	0.988593
13	30860000	30880000	9623	48	14897	9700	0.00498805	0.74485	0.992062
13	30880000	30900000	12565	75	7941	12668	0.00596896	0.39705	0.991869
13	30900000	30920000	12115	51	10409	12223	0.00420966	0.52045	0.991164
13	30920000	30940000	11186	61	9675	11283	0.00545325	0.48375	0.991403
13	30940000	30960000	10991	54	11719	11102	0.00491311	0.58595	0.990002
13	30960000	30980000	10491	57	8956	10567	0.00543323	0.4478	0.992808
13	30980000	31000000	9683	54	9671	10451	0.00557678	0.48355	0.926514
13	31000000	31020000	5440	27	6848	9693	0.00496324	0.3424	0.56123
13	31020000	31040000	7501	33	6985	7554	0.00439941	0.34925	0.992984
13	31040000	31060000	8824	49	9648	8918	0.00555304	0.4824	0.98946
13	31060000	31080000	8543	38	11381	8605	0.00444809	0.56905	0.992795
13	31080000	31100000	9161	43	10957	9222	0.00469381	0.54785	0.993385
13	31100000	31120000	10122	59	9653	10205	0.00582889	0.48265	0.991867
13	31120000	31140000	10713	57	9761	10782	0.00532064	0.48805	0.9936
13	31140000	31160000	11473	58	9429	11589	0.00505535	0.47145	0.989991
13	31160000	31180000	10084	73	11426	10520	0.00723919	0.5713	0.958555
13	31180000	31200000	10955	64	8864	11095	0.00584208	0.4432	0.987382
13	31200000	31220000	9464	65	9539	9543	0.00686813	0.47695	0.991722
13	31220000	31240000	12220	66	8922	12334	0.00540098	0.4461	0.990757
13	31240000	31260000	9406	67	9579	10321	0.00712311	0.47895	0.911346
13	31260000	31280000	10181	55	10275	10268	0.00540222	0.51375	0.991527
13	31280000	31300000	12854	69	11289	13194	0.00536798	0.56445	0.974231
13	31300000	31320000	12401	108	9512	12511	0.00870898	0.4756	0.991208
13	31320000	31340000	12959	75	7426	13066	0.00578748	0.3713	0.991811
13	31340000	31360000	11167	66	12615	11793	0.00591027	0.63075	0.946918
13	31360000	31380000	12998	112	5441	13133	0.00861671	0.27205	0.989721
13	31380000	31400000	11524	90	10573	11635	0.00780979	0.52865	0.99046
13	31400000	31420000	8802	65	11803	9452	0.00738469	0.59015	0.931231
13	31420000	31440000	11646	83	9214	12474	0.00712691	0.4607	0.933622
13	31440000	31460000	12087	79	6791	12211	0.00653595	0.33955	0.989845
13	31460000	31480000	12781	91	9860	12893	0.00711994	0.493	0.991313
13	31480000	31500000	12537	88	4492	12640	0.00701922	0.2246	0.991851
13	31500000	31520000	10011	59	10990	10105	0.00589352	0.5495	0.990698
13	31520000	31540000	10740	83	14564	10844	0.00772812	0.7282	0.990409
13	31540000	31560000	12279	83	11101	12388	0.00675951	0.55505	0.991201
13	31560000	31580000	11546	106	10869	12527	0.00918067	0.54345	0.921689
13	31580000	31600000	13658	110	7084	13785	0.00805389	0.3542	0.990787
13	31600000	31620000	13767	120	7762	13898	0.0087165	0.3881	0.990574
13	31620000	31640000	10860	99	5937	12508	0.00911602	0.29685	0.868244
13	31640000	31660000	12985	73	9354	13091	0.00562187	0.4677	0.991903
13	31660000	31680000	11346	66	7689	11459	0.00581703	0.38445	0.990139
13	31680000	31700000	13372	99	5798	14016	0.00740353	0.2899	0.954053
13	31700000	31720000	13154	64	4055	14292	0.00486544	0.20275	0.920375
13	31720000	31740000	12366	48	2683	12460	0.00388161	0.13415	0.992456
13	31740000	31760000	9975	77	10108	10104	0.0077193	0.5054	0.987233
13	31760000	31780000	12261	79	8778	12373	0.00644319	0.4389	0.990948
13	31780000	31800000	10899	62	7155	11024	0.0056886	0.35775	0.988661
13	31800000	31820000	12619	51	6314	12732	0.00404152	0.3157	0.991125
13	31820000	31840000	9394	37	10590	9469	0.00393868	0.5295	0.992079
13	31840000	31860000	10534	70	6986	10609	0.00664515	0.3493	0.992931
13	31860000	31880000	5255	37	18983	5551	0.00704091	0.94915	0.946676
13	31880000	31900000	9308	56	11811	9418	0.00601633	0.59055	0.98832
13	31900000	31920000	7201	38	13916	7245	0.00527704	0.6958	0.993927
13	31920000	31940000	10994	62	11510	11079	0.00563944	0.5755	0.992328
13	31940000	31960000	10929	71	8040	11307	0.00649648	0.402	0.966569
13	31960000	31980000	2994	21	18416	5258	0.00701403	0.9208	0.569418
13	31980000	32000000	12826	94	7627	12949	0.00732886	0.38135	0.990501
13	32000000	32020000	12269	81	7664	12390	0.00660201	0.3832	0.990234
13	32020000	32040000	11689	61	8337	11828	0.00521858	0.41685	0.988248
13	32040000	32060000	10417	69	11299	10574	0.00662379	0.56495	0.985152
13	32060000	32080000	10768	79	14244	10883	0.00733655	0.7122	0.989433
13	32080000	32100000	13054	75	7125	13443	0.00574537	0.35625	0.971063
13	32100000	32120000	12442	85	9131	12718	0.0068317	0.45655	0.978298
13	32120000	32140000	10074	75	14644	10156	0.00744491	0.7322	0.991926
13	32140000	32160000	8596	41	12895	8670	0.00476966	0.64475	0.991465
13	32160000	32180000	10185	66	11346	11133	0.00648012	0.5673	0.914848
13	32180000	32200000	9245	66	13110	9301	0.00713899	0.6555	0.993979
13	32200000	32220000	6508	51	16996	6584	0.00783651	0.8498	0.988457
13	32220000	32240000	10077	61	13844	10590	0.00605339	0.6922	0.951558
13	32240000	32260000	9810	66	13234	9915	0.00672783	0.6617	0.98941
13	32260000	32280000	9070	73	12030	9151	0.00804851	0.6015	0.991149
13	32280000	32300000	12037	50	11937	12142	0.00415386	0.59685	0.991352
13	32300000	32320000	12376	65	5898	12495	0.0052521	0.2949	0.990476
13	32320000	32340000	12100	67	8467	12214	0.00553719	0.42335	0.990666
13	32340000	32360000	13845	64	5357	13939	0.00462261	0.26785	0.993256
13	32360000	32380000	13181	44	4768	13285	0.00333814	0.2384	0.992172
13	32380000	32400000	12039	52	13059	12150	0.0043193	0.65295	0.990864
13	32400000	32420000	10050	42	11779	10123	0.0041791	0.58895	0.992789
13	32420000	32440000	13009	62	4861	13122	0.00476593	0.24305	0.991389
13	32440000	32460000	13323	74	6115	13437	0.0055543	0.30575	0.991516
13	32460000	32480000	13079	78	5546	13216	0.00596376	0.2773	0.989634
13	32480000	32500000	13327	84	9569	13473	0.00630299	0.47845	0.989164
13	32500000	32520000	12492	63	8628	12613	0.00504323	0.4314	0.990407
13	32520000	32540000	12647	62	4366	12918	0.00490235	0.2183	0.979022
13	32540000	32560000	10467	83	11593	10677	0.00792968	0.57965	0.980332
13	32560000	32580000	8881	51	11025	9014	0.0057426	0.55125	0.985245
13	32580000	32600000	12744	85	8861	12918	0.00666981	0.44305	0.98653
13	32600000	32620000	13080	76	3780	13159	0.0058104	0.189	0.993997
13	32620000	32640000	12438	71	6194	12535	0.00570831	0.3097	0.992262
13	32640000	32660000	12903	81	7044	13024	0.00627761	0.3522	0.990709
13	32660000	32680000	10225	58	8837	10321	0.00567237	0.44185	0.990699
13	32680000	32700000	12136	54	7991	12217	0.00444957	0.39955	0.99337
13	32700000	32720000	12952	53	6081	13046	0.00409203	0.30405	0.992795
13	32720000	32740000	13952	81	5630	14071	0.00580562	0.2815	0.991543
13	32740000	32760000	12465	55	6577	12585	0.00441235	0.32885	0.990465
13	32760000	32780000	12253	51	9549	12368	0.00416225	0.47745	0.990702
13	32780000	32800000	12482	96	7203	12646	0.00769108	0.36015	0.987031
13	32800000	32820000	12641	48	5814	12763	0.00379717	0.2907	0.990441
13	32820000	32840000	13056	60	3914	13165	0.00459559	0.1957	0.99172
13	32840000	32860000	12857	53	5866	12936	0.00412227	0.2933	0.993893
13	32860000	32880000	12071	59	8218	12533	0.00488775	0.4109	0.963137
13	32880000	32900000	10051	57	10676	11207	0.00567108	0.5338	0.89685
13	32900000	32920000	10272	38	6955	10320	0.00369938	0.34775	0.995349
13	32920000	32940000	10633	31	12893	10699	0.00291545	0.64465	0.993831
13	32940000	32960000	8605	27	13183	8935	0.00313771	0.65915	0.963067
13	32960000	32980000	11785	40	8770	12147	0.00339415	0.4385	0.970198
13	32980000	33000000	10467	45	9496	10584	0.00429923	0.4748	0.988946
13	33000000	33020000	9586	26	8292	9879	0.00271229	0.4146	0.970341
13	33020000	33040000	6316	23	17257	8476	0.00364155	0.86285	0.745163
13	33040000	33060000	10034	49	12258	10183	0.0048834	0.6129	0.985368
13	33060000	33080000	8001	34	10947	8620	0.00424947	0.54735	0.92819
13	33080000	33100000	11345	53	7932	11510	0.00467166	0.3966	0.985665
13	33100000	33120000	10388	48	10675	10512	0.00462072	0.53375	0.988204
13	33120000	33140000	7435	65	13657	8053	0.00874243	0.68285	0.923258
13	33140000	33160000	7398	59	14954	7557	0.00797513	0.7477	0.97896
13	33160000	33180000	7529	46	11481	7717	0.00610971	0.57405	0.975638
13	33180000	33200000	9781	59	14491	9857	0.0060321	0.72455	0.99229
13	33200000	33220000	10819	46	12709	10921	0.00425178	0.63545	0.99066
13	33220000	33240000	10086	41	9960	10183	0.00406504	0.498	0.990474
13	33240000	33260000	11452	49	7736	11559	0.00427873	0.3868	0.990743
13	33260000	33280000	12877	56	5298	12966	0.00434884	0.2649	0.993136
13	33280000	33300000	7954	34	13259	8018	0.00427458	0.66295	0.992018
13	33300000	33320000	11806	65	10604	11883	0.00550568	0.5302	0.99352
13	33320000	33340000	12311	66	6775	12446	0.00536106	0.33875	0.989153
13	33340000	33360000	13055	67	8462	13141	0.00513213	0.4231	0.993456
13	33360000	33380000	11278	73	9551	11377	0.00647278	0.47755	0.991298
13	33380000	33400000	9824	59	11268	10010	0.0060057	0.5634	0.981419
13	33400000	33420000	10310	72	12804	10517	0.00698351	0.6402	0.980318
13	33420000	33440000	13148	76	9746	13525	0.00578035	0.4873	0.972126
13	33440000	33460000	11841	82	13662	12402	0.00692509	0.6831	0.954765
13	33460000	33480000	13041	83	12898	13160	0.00636454	0.6449	0.990957
13	33480000	33500000	13326	75	7612	13448	0.0056281	0.3806	0.990928
13	33500000	33520000	10686	74	13466	11275	0.00692495	0.6733	0.947761
13	33520000	33540000	11705	87	9113	12780	0.00743272	0.45565	0.915884
13	33540000	33560000	11856	93	9821	11951	0.00784413	0.49105	0.992051
13	33560000	33580000	12739	97	11458	12866	0.00761441	0.5729	0.990129
13	33580000	33600000	11341	79	7110	12450	0.00696588	0.3555	0.910924
13	33600000	33620000	12752	87	12306	12872	0.00682246	0.6153	0.990677
13	33620000	33640000	11962	50	6941	12037	0.0041799	0.34705	0.993769
13	33640000	33660000	12872	79	8925	12946	0.00613735	0.44625	0.994284
13	33660000	33680000	12642	62	8551	12772	0.00490429	0.42755	0.989821
13	33680000	33700000	13153	78	5782	13275	0.00593021	0.2891	0.99081
13	33700000	33720000	12875	69	7907	12965	0.00535922	0.39535	0.993058
13	33720000	33740000	11896	86	10672	12043	0.00722932	0.5336	0.987794
13	33740000	33760000	13970	102	3450	14103	0.00730136	0.1725	0.990569
13	33760000	33780000	13415	76	5643	13556	0.0056653	0.28215	0.989599
13	33780000	33800000	12325	80	8444	12433	0.00649087	0.4222	0.991313
13	33800000	33820000	11553	75	9425	11680	0.00649182	0.47125	0.989127
13	33820000	33840000	13010	96	5175	13199	0.00737894	0.25875	0.985681
13	33840000	33860000	13729	103	4841	13826	0.00750237	0.24205	0.992984
13	33860000	33880000	11899	69	7971	12012	0.00579881	0.39855	0.990593
13	33880000	33900000	12255	72	8483	12377	0.00587515	0.42415	0.990143
13	33900000	33920000	11485	68	9159	11590	0.00592077	0.45795	0.99094
13	33920000	33940000	10515	64	9147	10914	0.00608654	0.45735	0.963441
13	33940000	33960000	11894	58	6363	11973	0.00487641	0.31815	0.993402
13	33960000	33980000	12188	76	8879	12452	0.00623564	0.44395	0.978799
13	33980000	34000000	8844	61	13660	8952	0.00689733	0.683	0.987936
13	34000000	34020000	10745	57	9147	11094	0.00530479	0.45735	0.968542
13	34020000	34040000	10732	55	12075	10823	0.00512486	0.60375	0.991592
13	34040000	34060000	10448	74	13856	10540	0.0070827	0.6928	0.991271
13	34060000	34080000	9717	57	9757	9838	0.00586601	0.48785	0.987701
13	34080000	34100000	12065	60	8761	12158	0.00497306	0.43805	0.992351
13	34100000	34120000	11525	74	8287	11629	0.00642082	0.41435	0.991057
13	34120000	34140000	10870	70	9812	10962	0.00643974	0.4906	0.991607
13	34140000	34160000	10826	123	8686	11024	0.0113615	0.4343	0.982039
13	34160000	34180000	10238	56	10863	10352	0.00546982	0.54315	0.988988
13	34180000	34200000	10033	71	12095	10748	0.00707665	0.60475	0.933476
13	34200000	34220000	12872	98	6138	13262	0.00761342	0.3069	0.970593
13	34220000	34240000	11459	59	9411	11575	0.00514879	0.47055	0.989978
13	34240000	34260000	9917	67	9599	10014	0.00675608	0.47995	0.990314
13	34260000	34280000	10420	80	11101	10511	0.00767754	0.55505	0.991342
13	34280000	34300000	10790	53	10010	10876	0.00491196	0.5005	0.992093
13	34300000	34320000	11574	73	10537	11691	0.00630724	0.52685	0.989992
13	34320000	34340000	3795	23	8603	11004	0.00606061	0.43015	0.344875
13	34340000	34360000	10557	84	8379	12400	0.00795681	0.41895	0.851371
13	34360000	34380000	10677	89	11043	10799	0.00833567	0.55215	0.988703
13	34380000	34400000	12955	79	7837	13064	0.00609803	0.39185	0.991656
13	34400000	34420000	11977	91	9882	12072	0.0075979	0.4941	0.992131
13	34420000	34440000	12407	94	9231	12518	0.00757637	0.46155	0.991133
13	34440000	34460000	13795	65	9351	13916	0.00471185	0.46755	0.991305
13	34460000	34480000	8393	50	15194	8457	0.00595735	0.7597	0.992432
13	34480000	34500000	12992	59	7868	13091	0.00454126	0.3934	0.992438
13	34500000	34520000	12484	79	9532	12613	0.0063281	0.4766	0.989772
13	34520000	34540000	10012	59	9492	12743	0.00589293	0.4746	0.785686
13	34540000	34560000	9675	42	12569	11417	0.00434109	0.62845	0.847421
13	34560000	34580000	11025	67	8056	11111	0.0060771	0.4028	0.99226
13	34580000	34600000	13179	67	9220	13292	0.00508385	0.461	0.991499
13	34600000	34620000	12511	85	9894	12932	0.00679402	0.4947	0.967445
13	34620000	34640000	7600	61	13813	7696	0.00802632	0.69065	0.987526
13	34640000	34660000	12746	85	9660	12864	0.00666876	0.483	0.990827
13	34660000	34680000	12277	81	11055	12389	0.0065977	0.55275	0.99096
13	34680000	34700000	13102	85	9366	13235	0.00648756	0.4683	0.989951
13	34700000	34720000	13552	77	10501	13680	0.00568182	0.52505	0.990643
13	34720000	34740000	13809	96	5663	13938	0.00695199	0.28315	0.990745
13	34740000	34760000	12630	89	9130	12854	0.00704671	0.4565	0.982574
13	34760000	34780000	11747	108	12335	11861	0.00919384	0.61675	0.990389
13	34780000	34800000	13990	104	8332	14120	0.00743388	0.4166	0.990793
13	34800000	34820000	9178	69	13423	9283	0.00751798	0.67115	0.988689
13	34820000	34840000	12722	77	10902	12833	0.00605251	0.5451	0.99135
13	34840000	34860000	10134	81	10129	10246	0.0079929	0.50645	0.989069
13	34860000	34880000	12064	87	12434	12162	0.00721154	0.6217	0.991942
13	34880000	34900000	13139	89	8907	13265	0.00677373	0.44535	0.990501
13	34900000	34920000	12379	80	7812	12516	0.00646256	0.3906	0.989054
13	34920000	34940000	12882	82	6105	13124	0.00636547	0.30525	0.98156
13	34940000	34960000	12445	100	7855	12575	0.00803536	0.39275	0.989662
13	34960000	34980000	10232	66	15909	10406	0.00645035	0.79545	0.983279
13	34980000	35000000	14147	82	7701	14283	0.00579628	0.38505	0.990478
13	35000000	35020000	13246	107	9645	13388	0.00807791	0.48225	0.989393
13	35020000	35040000	13395	96	7664	13595	0.00716685	0.3832	0.985289
13	35040000	35060000	9363	62	10762	9455	0.00662181	0.5381	0.99027
13	35060000	35080000	8569	61	10078	8670	0.00711868	0.5039	0.988351
13	35080000	35100000	13100	78	9895	13258	0.0059542	0.49475	0.988083
13	35100000	35120000	8598	56	11622	8704	0.00651314	0.5811	0.987822
13	35120000	35140000	12352	57	7188	12450	0.00461464	0.3594	0.992129
13	35140000	35160000	12092	84	9526	12183	0.00694674	0.4763	0.992531
13	35160000	35180000	13225	114	8254	13382	0.00862004	0.4127	0.988268
13	35180000	35200000	12731	97	6197	12846	0.0076192	0.30985	0.991048
13	35200000	35220000	12940	90	6815	13072	0.00695518	0.34075	0.989902
13	35220000	35240000	11271	89	12833	11452	0.00789637	0.64165	0.984195
13	35240000	35260000	11701	89	9100	11832	0.00760619	0.455	0.988928
13	35260000	35280000	11490	56	8061	11594	0.0048738	0.40305	0.99103
13	35280000	35300000	11803	94	9215	11895	0.00796408	0.46075	0.992266
13	35300000	35320000	9711	65	13485	9809	0.00669344	0.67425	0.990009
13	35320000	35340000	11548	84	11152	11688	0.00727399	0.5576	0.988022
13	35340000	35360000	11393	105	8770	11499	0.00921619	0.4385	0.990782
13	35360000	35380000	7333	62	14178	8104	0.00845493	0.7089	0.904862
13	35380000	35400000	13611	88	10832	13734	0.00646536	0.5416	0.991044
13	35400000	35420000	12501	95	11259	12633	0.00759939	0.56295	0.989551
13	35420000	35440000	12254	86	9238	12447	0.00701812	0.4619	0.984494
13	35440000	35460000	12950	100	9659	13103	0.00772201	0.48295	0.988323
13	35460000	35480000	12105	95	8446	12217	0.007848	0.4223	0.990832
13	35480000	35500000	9065	56	9208	9182	0.00617761	0.4604	0.987258
13	35500000	35520000	10198	54	5820	10343	0.00529516	0.291	0.985981
13	35520000	35540000	12497	62	8338	12581	0.00496119	0.4169	0.993323
13	35540000	35560000	6821	26	16561	6865	0.00381176	0.82805	0.993591
13	35560000	35580000	5756	33	13351	5806	0.00573315	0.66755	0.991388
13	35580000	35600000	11292	42	14191	11398	0.00371945	0.70955	0.9907
13	35600000	35620000	6449	36	12211	6502	0.00558226	0.61055	0.991849
13	35620000	35640000	3842	33	8285	3949	0.00858928	0.41425	0.972905
13	35640000	35660000	6413	33	9268	6543	0.0051458	0.4634	0.980131
13	35660000	35680000	6693	40	10906	6892	0.00597639	0.5453	0.971126
13	35680000	35700000	4102	40	7214	4152	0.00975134	0.3607	0.987958
13	35700000	35720000	9027	81	14812	9089	0.00897308	0.7406	0.993179
13	35720000	35740000	13132	53	7064	13234	0.00403594	0.3532	0.992293
13	35740000	35760000	13286	40	6596	13696	0.00301069	0.3298	0.970064
13	35760000	35780000	12887	42	8243	13013	0.0032591	0.41215	0.990317
13	35780000	35800000	12194	55	14096	13007	0.00451041	0.7048	0.937495
13	35800000	35820000	12634	57	9429	12745	0.00451164	0.47145	0.991291
13	35820000	35840000	9506	38	14641	9582	0.00399748	0.73205	0.992068
13	35840000	35860000	8335	47	11586	8406	0.00563887	0.5793	0.991554
13	35860000	35880000	9996	64	3882	12785	0.00640256	0.1941	0.781854
13	35880000	35900000	4634	38	11085	6813	0.00820026	0.55425	0.68017
13	35900000	35920000	5634	50	16332	10792	0.00887469	0.8166	0.522053
13	35920000	35940000	13202	87	8592	13287	0.00658991	0.4296	0.993603
13	35940000	35960000	12357	71	8882	12448	0.00574573	0.4441	0.99269
13	35960000	35980000	10671	70	8409	11201	0.00655984	0.42045	0.952683
13	35980000	36000000	5132	37	15998	5706	0.00720966	0.7999	0.899404
13	36000000	36020000	10353	58	7953	10465	0.00560224	0.39765	0.989298
13	36020000	36040000	12488	81	6540	12600	0.00648623	0.327	0.991111
13	36040000	36060000	13567	51	1816	13640	0.00375912	0.0908	0.994648
13	36060000	36080000	13501	77	6342	13594	0.00570328	0.3171	0.993159
13	36080000	36100000	13245	80	8587	13351	0.00604002	0.42935	0.992061
13	36100000	36120000	12793	63	6972	12927	0.00492457	0.3486	0.989634
13	36120000	36140000	13256	70	7982	13374	0.00528063	0.3991	0.991177
13	36140000	36160000	11791	65	8063	11893	0.00551268	0.40315	0.991424
13	36160000	36180000	14229	91	7179	14332	0.00639539	0.35895	0.992813
13	36180000	36200000	11266	49	9676	12876	0.00434937	0.4838	0.874961
13	36200000	36220000	13246	71	5654	13380	0.00536011	0.2827	0.989985
13	36220000	36240000	12493	75	4444	12593	0.00600336	0.2222	0.992059
13	36240000	36260000	12664	103	7752	12861	0.00813329	0.3876	0.984682
13	36260000	36280000	11804	88	8953	11957	0.0074551	0.44765	0.987204
13	36280000	36300000	13417	103	5575	13691	0.00767683	0.27875	0.979987
13	36300000	36320000	9733	62	13970	9833	0.00637008	0.6985	0.98983
13	36320000	36340000	7556	51	15437	7761	0.0067496	0.77185	0.973586
13	36340000	36360000	14404	74	3444	14524	0.00513746	0.1722	0.991738
13	36360000	36380000	13271	75	4079	13376	0.00565142	0.20395	0.99215
13	36380000	36400000	13436	97	4768	13558	0.00721941	0.2384	0.991002
13	36400000	36420000	13347	67	3764	13499	0.00501985	0.1882	0.98874
13	36420000	36440000	13028	55	4092	13135	0.00422168	0.2046	0.991854
13	36440000	36460000	13236	71	6851	13357	0.00536416	0.34255	0.990941
13	36460000	36480000	12672	62	6322	12774	0.00489268	0.3161	0.992015
13	36480000	36500000	11918	52	7488	12023	0.00436315	0.3744	0.991267
13	36500000	36520000	9477	39	10771	11260	0.00411523	0.53855	0.841652
13	36520000	36540000	13216	64	4342	13485	0.00484262	0.2171	0.980052
13	36540000	36560000	10288	54	8642	10362	0.00524883	0.4321	0.992859
13	36560000	36580000	11693	63	5814	12783	0.00538784	0.2907	0.914731
13	36580000	36600000	8808	68	12899	9086	0.00772025	0.64495	0.969403
13	36600000	36620000	10967	71	9511	11064	0.00647397	0.47555	0.991233
13	36620000	36640000	13055	83	5571	13198	0.00635772	0.27855	0.989165
13	36640000	36660000	12875	90	6506	12987	0.00699029	0.3253	0.991376
13	36660000	36680000	12338	84	6129	12445	0.00680823	0.30645	0.991402
13	36680000	36700000	13225	79	5393	13313	0.00597353	0.26965	0.99339
13	36700000	36720000	13651	71	10359	13747	0.00520108	0.51795	0.993017
13	36720000	36740000	12573	69	8774	12683	0.00548795	0.4387	0.991327
13	36740000	36760000	12851	75	11585	12939	0.00583612	0.57925	0.993199
13	36760000	36780000	13791	78	8781	13939	0.00565586	0.43905	0.989382
13	36780000	36800000	11857	62	9595	11975	0.00522898	0.47975	0.990146
13	36800000	36820000	10094	36	14058	10175	0.00356648	0.7029	0.992039
13	36820000	36840000	11137	60	9731	11205	0.00538745	0.48655	0.993931
13	36840000	36860000	9949	42	11681	10034	0.00422153	0.58405	0.991529
13	36860000	36880000	10698	56	12437	11333	0.00523462	0.62185	0.943969
13	36880000	36900000	8274	59	11486	8336	0.00713077	0.5743	0.992562
13	36900000	36920000	12687	81	9168	12777	0.00638449	0.4584	0.992956
13	36920000	36940000	11346	72	10330	11458	0.00634585	0.5165	0.990225
13	36940000	36960000	11238	85	7666	11380	0.00756362	0.3833	0.987522
13	36960000	36980000	6800	64	13971	6866	0.00941176	0.69855	0.990387
13	36980000	37000000	9160	62	12526	9247	0.00676856	0.6263	0.990592
13	37000000	37020000	12221	60	6068	12319	0.00490958	0.3034	0.992045
13	37020000	37040000	10661	62	10123	10756	0.00581559	0.50615	0.991168
13	37040000	37060000	5911	32	17906	5953	0.00541364	0.8953	0.992945
13	37060000	37080000	10245	68	12609	10369	0.00663738	0.63045	0.988041
13	37080000	37100000	12878	94	9304	12982	0.00729927	0.4652	0.991989
13	37100000	37120000	14399	104	9039	14558	0.00722272	0.45195	0.989078
13	37120000	37140000	12207	115	10113	12339	0.00942082	0.50565	0.989302
13	37140000	37160000	12733	86	11753	12835	0.0067541	0.58765	0.992053
13	37160000	37180000	11128	60	13195	11656	0.0053918	0.65975	0.954701
13	37180000	37200000	10040	72	10029	11620	0.00717131	0.50145	0.864028
13	37200000	37220000	11587	61	12842	11683	0.00526452	0.6421	0.991783
13	37220000	37240000	10840	51	14934	11126	0.0047048	0.7467	0.974294
13	37240000	37260000	12384	57	6718	12527	0.00460271	0.3359	0.988585
13	37260000	37280000	12292	58	7062	12387	0.00471852	0.3531	0.992331
13	37280000	37300000	12606	87	9022	12745	0.00690148	0.4511	0.989094
13	37300000	37320000	12549	72	5442	12699	0.00573751	0.2721	0.988188
13	37320000	37340000	11537	57	12237	11631	0.00494063	0.61185	0.991918
13	37340000	37360000	8077	37	10771	11659	0.00458091	0.53855	0.69277
13	37360000	37380000	11479	63	8560	11590	0.00548828	0.428	0.990423
13	37380000	37400000	10428	67	10434	10512	0.00642501	0.5217	0.992009
13	37400000	37420000	10936	67	10117	11022	0.00612655	0.50585	0.992197
13	37420000	37440000	10910	71	9912	11040	0.00650779	0.4956	0.988225
13	37440000	37460000	11639	63	7005	11738	0.00541284	0.35025	0.991566
13	37460000	37480000	11439	65	9355	11735	0.00568231	0.46775	0.974776
13	37480000	37500000	9779	54	5824	12086	0.00552204	0.2912	0.809118
13	37500000	37520000	7938	55	13527	8041	0.0069287	0.67635	0.987191
13	37520000	37540000	8453	36	11881	8503	0.00425884	0.59405	0.99412
13	37540000	37560000	8931	40	10090	8989	0.00447878	0.5045	0.993548
13	37560000	37580000	12113	58	6011	12182	0.00478824	0.30055	0.994336
13	37580000	37600000	12080	29	5997	12142	0.00240066	0.29985	0.994894
13	37600000	37620000	11282	38	9706	11361	0.0033682	0.4853	0.993046
13	37620000	37640000	8288	41	12215	8331	0.00494691	0.61075	0.994839
13	37640000	37660000	10652	63	12221	10811	0.00591438	0.61105	0.985293
13	37660000	37680000	11026	78	7956	11119	0.00707419	0.3978	0.991636
13	37680000	37700000	11910	78	9551	12013	0.00654912	0.47755	0.991426
13	37700000	37720000	12119	61	9659	12215	0.00503342	0.48295	0.992141
13	37720000	37740000	6386	42	15612	6448	0.00657689	0.7806	0.990385
13	37740000	37760000	10780	67	10689	11154	0.00621521	0.53445	0.966469
13	37760000	37780000	9323	51	13348	9552	0.00547034	0.6674	0.976026
13	37780000	37800000	9815	62	14234	9935	0.00631686	0.7117	0.987921
13	37800000	37820000	11191	58	11173	12380	0.00518274	0.55865	0.903958
13	37820000	37840000	9765	73	11628	9828	0.00747568	0.5814	0.99359
13	37840000	37860000	10954	69	13384	11101	0.00629907	0.6692	0.986758
13	37860000	37880000	12898	101	9958	13005	0.00783067	0.4979	0.991772
13	37880000	37900000	8882	85	12152	9900	0.00956992	0.6076	0.897172
13	37900000	37920000	12303	124	9830	12439	0.0100788	0.4915	0.989067
13	37920000	37940000	12597	84	9618	12772	0.00666825	0.4809	0.986298
13	37940000	37960000	13414	83	11253	13546	0.00618757	0.56265	0.990255
13	37960000	37980000	9355	81	14380	9454	0.00865847	0.719	0.989528
13	37980000	38000000	10730	65	11223	10837	0.00605778	0.56115	0.990126
13	38000000	38020000	10931	64	13711	11037	0.00585491	0.68555	0.990396
13	38020000	38040000	11039	62	9891	11181	0.00561645	0.49455	0.9873
13	38040000	38060000	13320	80	7690	13428	0.00600601	0.3845	0.991957
13	38060000	38080000	12069	55	10516	12197	0.00455713	0.5258	0.989506
13	38080000	38100000	11245	47	9505	11344	0.00417964	0.47525	0.991273
13	38100000	38120000	10591	82	10789	10697	0.00774242	0.53945	0.990091
13	38120000	38140000	7828	46	14096	7934	0.00587634	0.7048	0.98664
13	38140000	38160000	13240	53	2095	13336	0.00400302	0.10475	0.992801
13	38160000	38180000	14599	65	3245	14734	0.00445236	0.16225	0.990838
13	38180000	38200000	10831	59	8865	10943	0.00544733	0.44325	0.989765
13	38200000	38220000	12704	96	7005	12815	0.00755668	0.35025	0.991338
13	38220000	38240000	13564	83	4258	13781	0.00611914	0.2129	0.984254
13	38240000	38260000	13941	79	9540	14075	0.00566674	0.477	0.99048
13	38260000	38280000	12632	75	6276	12711	0.0059373	0.3138	0.993785
13	38280000	38300000	12860	71	6911	13533	0.005521	0.34555	0.95027
13	38300000	38320000	12326	91	8923	12724	0.00738277	0.44615	0.968721
13	38320000	38340000	12239	70	8282	12386	0.00571942	0.4141	0.988132
13	38340000	38360000	14084	94	3204	14243	0.00667424	0.1602	0.988837
13	38360000	38380000	13836	92	6806	13994	0.00664932	0.3403	0.988709
13	38380000	38400000	6556	39	14979	7653	0.00594875	0.74895	0.856658
13	38400000	38420000	8554	76	14864	8664	0.00888473	0.7432	0.987304
13	38420000	38440000	10792	91	12207	11166	0.00843217	0.61035	0.966505
13	38440000	38460000	13922	75	4268	14044	0.00538716	0.2134	0.991313
13	38460000	38480000	11568	91	8397	11695	0.00786653	0.41985	0.989141
13	38480000	38500000	12171	82	11278	12295	0.00673733	0.5639	0.989915
13	38500000	38520000	13909	104	4688	14081	0.00747717	0.2344	0.987785
13	38520000	38540000	11346	87	10330	11482	0.0076679	0.5165	0.988155
13	38540000	38560000	8583	47	14843	8680	0.00547594	0.74215	0.988825
13	38560000	38580000	10160	74	8652	10297	0.00728346	0.4326	0.986695
13	38580000	38600000	10280	85	14399	10386	0.00826848	0.71995	0.989794
13	38600000	38620000	9029	63	12585	9166	0.00697752	0.62925	0.985053
13	38620000	38640000	10006	68	12376	10101	0.00679592	0.6188	0.990595
13	38640000	38660000	5340	38	18146	6485	0.0071161	0.9073	0.823439
13	38660000	38680000	10036	65	12982	10122	0.00647668	0.6491	0.991504
13	38680000	38700000	6639	49	15762	6726	0.00738063	0.7881	0.987065
13	38700000	38720000	6977	56	15524	7070	0.00802637	0.7762	0.986846
13	38720000	38740000	9743	73	10827	9848	0.00749256	0.54135	0.989338
13	38740000	38760000	11565	78	11533	11667	0.00674449	0.57665	0.991257
13	38760000	38780000	12863	94	10176	13003	0.00730778	0.5088	0.989233
13	38780000	38800000	12005	88	12693	12137	0.00733028	0.63465	0.989124
13	38800000	38820000	7901	64	15989	8706	0.00810024	0.79945	0.907535
13	38820000	38840000	12435	49	12755	12552	0.00394049	0.63775	0.990679
13	38840000	38860000	4519	37	17708	4556	0.00818765	0.8854	0.991879
13	38860000	38880000	8647	44	16122	8903	0.00508847	0.8061	0.971246
13	38880000	38900000	11098	77	14532	11197	0.00693819	0.7266	0.991158
13	38900000	38920000	11606	80	10174	11727	0.00689299	0.5087	0.989682
13	38920000	38940000	11404	51	4328	11501	0.00447212	0.2164	0.991566
13	38940000	38960000	9626	63	11029	10665	0.00654477	0.55145	0.902579
13	38960000	38980000	10832	80	10739	11014	0.00738552	0.53695	0.983476
13	38980000	39000000	9016	47	15369	11591	0.00521295	0.76845	0.777845
13	39000000	39020000	11286	86	10540	11422	0.00762006	0.527	0.988093
13	39020000	39040000	11928	53	14069	12011	0.00444333	0.70345	0.99309
13	39040000	39060000	10797	62	9980	11130	0.00574234	0.499	0.970081
13	39060000	39080000	13578	100	12119	13733	0.00736485	0.60595	0.988713
13	39080000	39100000	12394	91	11092	12776	0.00734226	0.5546	0.9701
13	39100000	39120000	13083	86	5984	13386	0.00657342	0.2992	0.977364
13	39120000	39140000	9576	65	13592	9678	0.0067878	0.6796	0.989461
13	39140000	39160000	10003	70	12113	10129	0.0069979	0.60565	0.98756
13	39160000	39180000	11180	61	9763	11288	0.00545617	0.48815	0.990432
13	39180000	39200000	12092	85	8432	12259	0.00702944	0.4216	0.986377
13	39200000	39220000	11287	73	7775	11374	0.00646762	0.38875	0.992351
13	39220000	39240000	13391	105	5221	13516	0.00784109	0.26105	0.990752
13	39240000	39260000	10690	85	8239	11934	0.00795136	0.41195	0.89576
13	39260000	39280000	14640	63	2724	14806	0.00430328	0.1362	0.988788
13	39280000	39300000	11578	70	7076	11726	0.00604595	0.3538	0.987378
13	39300000	39320000	13311	79	6341	13426	0.00593494	0.31705	0.991435
13	39320000	39340000	12586	85	6068	12695	0.00675354	0.3034	0.991414
13	39340000	39360000	13057	86	8030	13188	0.00658651	0.4015	0.990067
13	39360000	39380000	10542	94	12569	10657	0.00891671	0.62845	0.989209
13	39380000	39400000	8532	63	14451	8653	0.00738397	0.72255	0.986016
13	39400000	39420000	8996	96	10819	9096	0.0106714	0.54095	0.989006
13	39420000	39440000	12397	86	4905	12510	0.00693716	0.24525	0.990967
13	39440000	39460000	13839	89	2976	13945	0.0064311	0.1488	0.992399
13	39460000	39480000	11399	78	9394	11608	0.00684271	0.4697	0.981995
13	39480000	39500000	3967	33	13034	8066	0.00831863	0.6517	0.491818
13	39500000	39520000	10128	160	10412	11031	0.0157978	0.5206	0.91814
13	39520000	39540000	9700	156	8215	13352	0.0160825	0.41075	0.726483
13	39540000	39560000	13229	108	7283	13340	0.00816388	0.36415	0.991679
13	39560000	39580000	6491	51	15216	6620	0.00785703	0.7608	0.980514
13	39580000	39600000	12683	84	6209	12775	0.00662304	0.31045	0.992798
13	39600000	39620000	13330	57	4937	13452	0.00427607	0.24685	0.990931
13	39620000	39640000	9227	45	12495	9281	0.00487699	0.62475	0.994182
13	39640000	39660000	8410	61	17669	8487	0.00725327	0.88345	0.990927
13	39660000	39680000	11776	74	9158	11907	0.00628397	0.4579	0.988998
13	39680000	39700000	10093	79	12545	10195	0.00782721	0.62725	0.989995
13	39700000	39720000	11057	80	11151	11209	0.00723524	0.55755	0.986439
13	39720000	39740000	13093	94	10147	13231	0.00717941	0.50735	0.98957
13	39740000	39760000	12024	101	13136	12582	0.00839987	0.6568	0.955651
13	39760000	39780000	11102	77	11351	11220	0.00693569	0.56755	0.989483
13	39780000	39800000	9102	75	12306	9207	0.00823995	0.6153	0.988596
13	39800000	39820000	10321	103	9891	10433	0.00997965	0.49455	0.989265
13	39820000	39840000	13510	105	9001	13644	0.00777202	0.45005	0.990179
13	39840000	39860000	12813	108	13779	12935	0.00842894	0.68895	0.990568
13	39860000	39880000	8878	77	12013	9019	0.00867312	0.60065	0.984366
13	39880000	39900000	12493	86	9680	12598	0.00688385	0.484	0.991665
13	39900000	39920000	10097	66	11220	10395	0.0065366	0.561	0.971332
13	39920000	39940000	9783	47	11424	9876	0.00480425	0.5712	0.990583
13	39940000	39960000	12129	81	8771	12215	0.00667821	0.43855	0.992959
13	39960000	39980000	12887	94	7764	13019	0.00729417	0.3882	0.989861
13	39980000	40000000	13699	92	5257	13836	0.00671582	0.26285	0.990098
13	40000000	40020000	9967	64	15451	10090	0.00642119	0.77255	0.98781
13	40020000	40040000	13618	68	4709	13715	0.00499339	0.23545	0.992927
13	40040000	40060000	13572	94	5095	13683	0.00692602	0.25475	0.991888
13	40060000	40080000	13097	74	7171	13231	0.00565015	0.35855	0.989872
13	40080000	40100000	13181	70	5457	13269	0.00531067	0.27285	0.993368
13	40100000	40120000	13403	90	5389	13535	0.00671491	0.26945	0.990248
13	40120000	40140000	12197	71	8414	12296	0.0058211	0.4207	0.991949
13	40140000	40160000	12684	89	6716	12845	0.00701671	0.3358	0.987466
13	40160000	40180000	11005	74	6487	11125	0.00672422	0.32435	0.989213
13	40180000	40200000	8663	55	12244	8735	0.00634884	0.6122	0.991757
13	40200000	40220000	6157	25	14503	9180	0.00406042	0.72515	0.670697
13	40220000	40240000	8361	43	10034	11223	0.00514293	0.5017	0.744988
13	40240000	40260000	12755	43	8145	12855	0.00337123	0.40725	0.992221
13	40260000	40280000	13096	51	6737	13690	0.00389432	0.33685	0.956611
13	40280000	40300000	12133	67	9669	12240	0.00552213	0.48345	0.991258
13	40300000	40320000	7669	47	15267	7722	0.00612857	0.76335	0.993136
13	40320000	40340000	12474	60	11665	12576	0.00481	0.58325	0.991889
13	40340000	40360000	13689	55	4494	13808	0.00401782	0.2247	0.991382
13	40360000	40380000	10310	50	13662	10404	0.00484966	0.6831	0.990965
13	40380000	40400000	12466	62	4992	12547	0.00497353	0.2496	0.993544
13	40400000	40420000	9896	53	7634	12596	0.0053557	0.3817	0.785646
13	40420000	40440000	10221	69	9901	10318	0.00675081	0.49505	0.990599
13	40440000	40460000	13122	78	10008	13250	0.00594422	0.5004	0.99034
13	40460000	40480000	12403	85	7573	12498	0.00685318	0.37865	0.992399
13	40480000	40500000	11895	75	10854	12195	0.00630517	0.5427	0.9754
13	40500000	40520000	12658	89	9831	12810	0.00703113	0.49155	0.988134
13	40520000	40540000	9811	57	10300	9892	0.00580981	0.515	0.991812
13	40540000	40560000	12912	84	8648	13039	0.00650558	0.4324	0.99026
13	40560000	40580000	10448	72	8252	10551	0.00689127	0.4126	0.990238
13	40580000	40600000	10311	78	10494	11484	0.00756474	0.5247	0.897858
13	40600000	40620000	11248	81	8140	11368	0.00720128	0.407	0.989444
13	40620000	40640000	13866	87	6413	13981	0.00627434	0.32065	0.991775
13	40640000	40660000	13901	81	7308	14016	0.00582692	0.3654	0.991795
13	40660000	40680000	11581	70	6323	13072	0.00604438	0.31615	0.885939
13	40680000	40700000	14963	86	3105	15064	0.00574751	0.15525	0.993295
13	40700000	40720000	13632	89	6791	13726	0.00652876	0.33955	0.993152
13	40720000	40740000	13414	91	6510	13518	0.00678396	0.3255	0.992307
13	40740000	40760000	14240	98	5429	14357	0.00688202	0.27145	0.991851
13	40760000	40780000	13691	92	5187	13864	0.00671974	0.25935	0.987522
13	40780000	40800000	11330	91	8573	13896	0.00803177	0.42865	0.815343
13	40800000	40820000	14016	77	8308	14122	0.00549372	0.4154	0.992494
13	40820000	40840000	13168	59	10950	13581	0.00448056	0.5475	0.96959
13	40840000	40860000	12444	79	8269	12562	0.00634844	0.41345	0.990607
13	40860000	40880000	9256	64	13660	9335	0.00691443	0.683	0.991537
13	40880000	40900000	12429	87	8876	12535	0.00699976	0.4438	0.991544
13	40900000	40920000	12281	77	9780	12399	0.00626985	0.489	0.990483
13	40920000	40940000	8696	41	10171	9255	0.00471481	0.50855	0.9396
13	40940000	40960000	12758	69	7051	12872	0.00540837	0.35255	0.991144
13	40960000	40980000	12228	81	9771	12309	0.00662414	0.48855	0.993419
13	40980000	41000000	10735	59	10509	10843	0.00549604	0.52545	0.99004
13	41000000	41020000	13060	91	4154	13178	0.00696784	0.2077	0.991046
13	41020000	41040000	11528	97	10146	11657	0.0084143	0.5073	0.988934
13	41040000	41060000	12999	79	8770	13091	0.00607739	0.4385	0.992972
13	41060000	41080000	12999	62	7606	13120	0.0047696	0.3803	0.990777
13	41080000	41100000	10762	49	10955	10838	0.00455306	0.54775	0.992988
13	41100000	41120000	8614	54	15377	8710	0.00626886	0.76885	0.988978
13	41120000	41140000	13287	37	4120	13417	0.00278468	0.206	0.990311
13	41140000	41160000	11928	41	4723	12394	0.00343729	0.23615	0.962401
13	41160000	41180000	13570	47	2864	13654	0.00346352	0.1432	0.993848
13	41180000	41200000	11540	42	5379	11636	0.00363951	0.26895	0.99175
13	41200000	41220000	9954	50	8913	10227	0.00502311	0.44565	0.973306
13	41220000	41240000	8810	34	7393	9395	0.00385925	0.36965	0.937733
13	41240000	41260000	8530	33	8102	8591	0.0038687	0.4051	0.9929
13	41260000	41280000	5836	29	15043	6036	0.00496916	0.75215	0.966865
13	41280000	41300000	2147	24	16446	2169	0.0111784	0.8223	0.989857
13	41300000	41320000	2970	12	16709	3008	0.0040404	0.83545	0.987367
13	41320000	41340000	4094	23	9327	4150	0.00561798	0.46635	0.986506
13	41340000	41360000	5018	25	8941	5066	0.00498206	0.44705	0.990525
13	41360000	41380000	7444	75	7173	7504	0.0100752	0.35865	0.992004
13	41380000	41400000	4176	53	10317	4242	0.0126916	0.51585	0.984441
13	41400000	41420000	1305	24	16914	1325	0.0183908	0.8457	0.984906
13	41420000	41440000	2018	18	12535	2036	0.00891972	0.62675	0.991159
13	41440000	41460000	2214	35	17204	2251	0.0158085	0.8602	0.983563
13	41460000	41480000	1237	17	13415	1245	0.0137429	0.67075	0.993574
13	41480000	41500000	2487	30	10128	2532	0.0120627	0.5064	0.982227
13	41500000	41520000	10038	42	8713	10130	0.0041841	0.43565	0.990918
13	41520000	41540000	8851	45	12773	8923	0.00508417	0.63865	0.991931
13	41540000	41560000	12513	71	5740	12573	0.0056741	0.287	0.995228
13	41560000	41580000	8973	35	7830	9032	0.00390059	0.3915	0.993468
13	41580000	41600000	12460	60	7430	12556	0.00481541	0.3715	0.992354
13	41600000	41620000	7117	39	15768	7173	0.00547984	0.7884	0.992193
13	41620000	41640000	9043	29	8638	9569	0.0032069	0.4319	0.945031
13	41640000	41660000	9113	38	10504	9192	0.00416987	0.5252	0.991406
13	41660000	41680000	5447	36	16533	6023	0.00660914	0.82665	0.904367
13	41680000	41700000	6820	46	15985	6974	0.00674487	0.79925	0.977918
13	41700000	41720000	9770	36	9734	9836	0.00368475	0.4867	0.99329
13	41720000	41740000	8218	51	19041	8350	0.00620589	0.95205	0.984192
13	41740000	41760000	8308	49	13867	8378	0.00589793	0.69335	0.991645
13	41760000	41780000	9956	46	9401	10320	0.00462033	0.47005	0.964729
13	41780000	41800000	7368	53	13534	7435	0.00719327	0.6767	0.990989
13	41800000	41820000	10244	36	12344	10323	0.00351425	0.6172	0.992347
13	41820000	41840000	10992	52	9171	11075	0.00473071	0.45855	0.992506
13	41840000	41860000	4938	32	18416	5014	0.00648036	0.9208	0.984842
13	41860000	41880000	7407	43	16163	7660	0.00580532	0.80815	0.966971
13	41880000	41900000	9041	64	8319	9116	0.00707886	0.41595	0.991773
13	41900000	41920000	10213	63	7874	10542	0.00616861	0.3937	0.968792
13	41920000	41940000	10251	74	9165	10385	0.00721881	0.45825	0.987097
13	41940000	41960000	4088	26	8796	10847	0.00636008	0.4398	0.376878
13	41960000	41980000	7560	62	14517	8224	0.00820106	0.72585	0.919261
13	41980000	42000000	0	0	13552	9160		0.6776	0
13	42000000	42020000	0	0	12818	493		0.6409	0
13	42020000	42040000	0	0	11043	6591		0.55215	0
13	42040000	42060000	3741	15	15051	4064	0.00400962	0.75255	0.920522
13	42060000	42080000	9912	57	10872	10809	0.00575061	0.5436	0.917014
13	42080000	42100000	11278	68	9579	12069	0.00602944	0.47895	0.93446
13	42100000	42120000	8721	53	15121	8902	0.00607728	0.75605	0.979667
13	42120000	42140000	13136	69	6522	13291	0.00525274	0.3261	0.988338
13	42140000	42160000	10321	65	8282	10461	0.00629784	0.4141	0.986617
13	42160000	42180000	13540	72	9265	13649	0.00531758	0.46325	0.992014
13	42180000	42200000	10773	51	9535	10838	0.00473406	0.47675	0.994003
13	42200000	42220000	8050	36	9274	10150	0.00447205	0.4637	0.793103
13	42220000	42240000	8978	49	10089	10898	0.00545779	0.50445	0.823821
13	42240000	42260000	13107	53	7438	13211	0.00404364	0.3719	0.992128
13	42260000	42280000	13410	83	5959	13496	0.00618941	0.29795	0.993628
13	42280000	42300000	13539	44	6051	13631	0.00324987	0.30255	0.993251
13	42300000	42320000	12095	62	6792	12188	0.00512609	0.3396	0.99237
13	42320000	42340000	10247	68	10792	10334	0.00663609	0.5396	0.991581
13	42340000	42360000	12191	83	6976	12280	0.0068083	0.3488	0.992752
13	42360000	42380000	10076	69	13770	10141	0.00684796	0.6885	0.99359
13	42380000	42400000	10904	69	9797	11114	0.00632795	0.48985	0.981105
13	42400000	42420000	9159	57	10191	9235	0.00622339	0.50955	0.99177
13	42420000	42440000	9357	49	13083	9430	0.00523672	0.65415	0.992259
13	42440000	42460000	9474	42	12452	9554	0.00443319	0.6226	0.991627
13	42460000	42480000	12180	62	8391	12274	0.00509031	0.41955	0.992342
13	42480000	42500000	10001	49	11813	10059	0.00489951	0.59065	0.994234
13	42500000	42520000	10742	69	13599	10831	0.00642338	0.67995	0.991783
13	42520000	42540000	10303	61	11620	10401	0.00592061	0.581	0.990578
13	42540000	42560000	12155	66	11297	12686	0.00542986	0.56485	0.958143
13	42560000	42580000	11753	71	9950	11853	0.00604101	0.4975	0.991563
13	42580000	42600000	11694	70	8011	12577	0.00598598	0.40055	0.929792
13	42600000	42620000	8633	34	10996	10311	0.00393838	0.5498	0.837261
13	42620000	42640000	10774	47	8013	10948	0.00436235	0.40065	0.984107
13	42640000	42660000	11253	58	6020	11333	0.00515418	0.301	0.992941
13	42660000	42680000	11054	59	12898	11127	0.00533743	0.6449	0.993439
13	42680000	42700000	12973	75	6384	13122	0.00578124	0.3192	0.988645
13	42700000	42720000	11166	73	9449	11259	0.0065377	0.47245	0.99174
13	42720000	42740000	11492	60	6712	11600	0.00522102	0.3356	0.99069
13	42740000	42760000	11979	54	6797	12089	0.00450789	0.33985	0.990901
13	42760000	42780000	12438	76	5828	12545	0.00611031	0.2914	0.991471
13	42780000	42800000	11945	53	7516	12040	0.004437	0.3758	0.99211
13	42800000	42820000	12282	58	6091	12381	0.00472236	0.30455	0.992004
13	42820000	42840000	10496	57	10710	10568	0.00543064	0.5355	0.993187
13	42840000	42860000	12193	55	8254	12514	0.00451078	0.4127	0.974349
13	42860000	42880000	11125	37	6089	13606	0.00332584	0.30445	0.817654
13	42880000	42900000	12925	57	5169	13004	0.00441006	0.25845	0.993925
13	42900000	42920000	12518	76	7918	12762	0.00607126	0.3959	0.980881
13	42920000	42940000	12246	98	10549	12660	0.00800261	0.52745	0.967299
13	42940000	42960000	11436	61	10787	11661	0.00533403	0.53935	0.980705
13	42960000	42980000	13647	70	6372	13743	0.00512933	0.3186	0.993015
13	42980000	43000000	11900	68	9338	12010	0.00571429	0.4669	0.990841
13	43000000	43020000	8250	46	14258	8352	0.00557576	0.7129	0.987787
13	43020000	43040000	2654	54	13855	2777	0.0203466	0.69275	0.955708
13	43040000	43060000	9742	56	10955	9844	0.00574831	0.54775	0.989638
13	43060000	43080000	10544	53	11758	10643	0.00502656	0.5879	0.990698
13	43080000	43100000	3785	29	11215	3820	0.00766182	0.56075	0.990838
13	43100000	43120000	12132	66	7641	13154	0.00544016	0.38205	0.922305
13	43120000	43140000	10071	49	11112	10164	0.00486546	0.5556	0.99085
13	43140000	43160000	12711	79	6379	12823	0.00621509	0.31895	0.991266
13	43160000	43180000	11945	65	4805	13915	0.00544161	0.24025	0.858426
13	43180000	43200000	11371	89	7382	11482	0.00782693	0.3691	0.990333
13	43200000	43220000	11885	74	11913	11980	0.00622634	0.59565	0.99207
13	43220000	43240000	12952	76	7593	13056	0.00586782	0.37965	0.992034
13	43240000	43260000	8959	68	13171	11060	0.00759013	0.65855	0.810036
13	43260000	43280000	10021	71	12126	10299	0.00708512	0.6063	0.973007
13	43280000	43300000	12549	92	10263	12672	0.00733126	0.51315	0.990294
13	43300000	43320000	12737	85	7738	12860	0.00667347	0.3869	0.990435
13	43320000	43340000	13002	76	8864	13110	0.00584525	0.4432	0.991762
13	43340000	43360000	8263	38	12515	8346	0.00459881	0.62575	0.990055
13	43360000	43380000	13870	91	8175	13987	0.00656092	0.40875	0.991635
13	43380000	43400000	12396	82	10204	12497	0.00661504	0.5102	0.991918
13	43400000	43420000	12667	81	9763	12776	0.00639457	0.48815	0.991468
13	43420000	43440000	11468	80	11082	12251	0.00697593	0.5541	0.936087
13	43440000	43460000	7982	57	15598	8500	0.00714107	0.7799	0.939059
13	43460000	43480000	11575	75	6768	12619	0.00647948	0.3384	0.917268
13	43480000	43500000	12448	93	9918	12564	0.00747108	0.4959	0.990767
13	43500000	43520000	10947	89	12977	11052	0.00813008	0.64885	0.990499
13	43520000	43540000	12068	83	6751	12197	0.00687769	0.33755	0.989424
13	43540000	43560000	11162	72	9358	11259	0.00645046	0.4679	0.991385
13	43560000	43580000	11082	91	10428	11192	0.00821151	0.5214	0.990172
13	43580000	43600000	9610	69	13875	9705	0.00718002	0.69375	0.990211
13	43600000	43620000	5912	37	11872	10575	0.00625846	0.5936	0.559054
13	43620000	43640000	6476	69	14636	6546	0.0106547	0.7318	0.989306
13	43640000	43660000	12017	78	7736	12121	0.0064908	0.3868	0.99142
13	43660000	43680000	11121	70	16111	11232	0.0062944	0.80555	0.990118
13	43680000	43700000	13324	81	6411	13464	0.00607926	0.32055	0.989602
13	43700000	43720000	13099	111	6999	13211	0.00847393	0.34995	0.991522
13	43720000	43740000	12112	69	10076	12230	0.00569683	0.5038	0.990352
13	43740000	43760000	11085	71	13943	11245	0.00640505	0.69715	0.985771
13	43760000	43780000	13599	68	9627	13924	0.00500037	0.48135	0.976659
13	43780000	43800000	829	5	4856	13884	0.00603136	0.2428	0.059709
13	43800000	43820000	13687	89	4749	14098	0.00650252	0.23745	0.970847
13	43820000	43840000	12039	68	7801	12122	0.00564831	0.39005	0.993153
13	43840000	43860000	13790	62	5749	14093	0.00449601	0.28745	0.9785
13	43860000	43880000	13514	107	6106	13671	0.00791771	0.3053	0.988516
13	43880000	43900000	13638	90	3090	13798	0.00659921	0.1545	0.988404
13	43900000	43920000	13280	77	4951	13390	0.00579819	0.24755	0.991785
13	43920000	43940000	14204	62	3860	14305	0.00436497	0.193	0.99294
13	43940000	43960000	13271	111	10006	13380	0.0083641	0.5003	0.991854
13	43960000	43980000	13150	81	8802	13268	0.0061597	0.4401	0.991106
13	43980000	44000000	11929	60	6933	12013	0.00502976	0.34665	0.993008
13	44000000	44020000	13232	87	6103	13358	0.00657497	0.30515	0.990567
13	44020000	44040000	13701	96	7091	13823	0.00700679	0.35455	0.991174
13	44040000	44060000	12098	77	9164	12182	0.00636469	0.4582	0.993105
13	44060000	44080000	11358	76	16183	11454	0.00669132	0.80915	0.991619
13	44080000	44100000	13061	78	7480	13192	0.00597198	0.374	0.99007
13	44100000	44120000	12358	69	7892	12529	0.00558343	0.3946	0.986352
13	44120000	44140000	12634	64	6303	12770	0.0050657	0.31515	0.98935
13	44140000	44160000	12300	84	6444	13691	0.00682927	0.3222	0.8984
13	44160000	44180000	9982	74	11235	10123	0.00741334	0.56175	0.986071
13	44180000	44200000	7907	58	12345	7988	0.00733527	0.61725	0.98986
13	44200000	44220000	13111	79	8574	13210	0.00602547	0.4287	0.992506
13	44220000	44240000	14420	108	5857	14530	0.0074896	0.29285	0.992429
13	44240000	44260000	14327	93	4891	14446	0.00649124	0.24455	0.991762
13	44260000	44280000	12821	75	8861	12918	0.00584978	0.44305	0.992491
13	44280000	44300000	7701	47	14730	7760	0.0061031	0.7365	0.992397
13	44300000	44320000	12585	93	7491	12682	0.00738975	0.37455	0.992351
13	44320000	44340000	10972	47	9330	11271	0.00428363	0.4665	0.973472
13	44340000	44360000	13408	63	5361	13568	0.00469869	0.26805	0.988208
13	44360000	44380000	11954	70	6099	12189	0.00585578	0.30495	0.98072
13	44380000	44400000	9656	58	11654	9758	0.00600663	0.5827	0.989547
13	44400000	44420000	10962	53	11740	11072	0.00483488	0.587	0.990065
13	44420000	44440000	9380	51	13835	9459	0.0054371	0.69175	0.991648
13	44440000	44460000	12889	53	10106	13321	0.00411203	0.5053	0.96757
13	44460000	44480000	10884	58	9604	11059	0.00532892	0.4802	0.984176
13	44480000	44500000	12393	68	8319	12515	0.00548697	0.41595	0.990252
13	44500000	44520000	12075	47	12434	12168	0.00389234	0.6217	0.992357
13	44520000	44540000	11355	63	10766	11431	0.00554822	0.5383	0.993351
13	44540000	44560000	6775	21	9681	7231	0.00309963	0.48405	0.936938
13	44560000	44580000	12034	61	6856	12108	0.00506897	0.3428	0.993888
13	44580000	44600000	14612	99	4720	14763	0.00677525	0.236	0.989772
13	44600000	44620000	11777	75	7636	11932	0.00636835	0.3818	0.98701
13	44620000	44640000	13176	104	8889	13300	0.00789314	0.44445	0.990677
13	44640000	44660000	11173	87	12936	11288	0.00778663	0.6468	0.989812
13	44660000	44680000	12233	72	11312	12576	0.00588572	0.5656	0.972726
13	44680000	44700000	12465	70	6513	12580	0.00561572	0.32565	0.990859
13	44700000	44720000	12242	54	7362	12323	0.00441104	0.3681	0.993427
13	44720000	44740000	14273	65	4697	14380	0.00455405	0.23485	0.992559
13	44740000	44760000	7857	42	14697	7921	0.00534555	0.73485	0.99192
13	44760000	44780000	12357	73	8746	13084	0.00590758	0.4373	0.944436
13	44780000	44800000	13976	80	9130	14086	0.0057241	0.4565	0.992191
13	44800000	44820000	14200	59	5332	14301	0.00415493	0.2666	0.992938
13	44820000	44840000	12505	82	6920	12664	0.00655738	0.346	0.987445
13	44840000	44860000	13141	66	6769	13496	0.00502245	0.33845	0.973696
13	44860000	44880000	14458	85	7457	14583	0.0058791	0.37285	0.991428
13	44880000	44900000	13695	64	8467	13788	0.00467324	0.42335	0.993255
13	44900000	44920000	12654	83	9862	12748	0.00655919	0.4931	0.992626
13	44920000	44940000	12033	51	9070	12133	0.00423834	0.4535	0.991758
13	44940000	44960000	12095	50	8320	12184	0.00413394	0.416	0.992695
13	44960000	44980000	13170	82	6065	13252	0.00622627	0.30325	0.993812
13	44980000	45000000	11637	84	8894	12201	0.00721836	0.4447	0.953774
13	45000000	45020000	12517	67	9199	12612	0.00535272	0.45995	0.992467
13	45020000	45040000	13179	100	8883	13289	0.00758783	0.44415	0.991722
13	45040000	45060000	11133	77	8289	11219	0.00691637	0.41445	0.992334
13	45060000	45080000	9914	40	14045	9995	0.0040347	0.70225	0.991896
13	45080000	45100000	10869	49	11615	10967	0.00450823	0.58075	0.991064
13	45100000	45120000	11346	51	8441	11437	0.00449498	0.42205	0.992043
13	45120000	45140000	9760	45	8344	9835	0.00461066	0.4172	0.992374
13	45140000	45160000	10437	36	6429	10680	0.00344927	0.32145	0.977247
13	45160000	45180000	6997	27	11526	7593	0.0038588	0.5763	0.921507
13	45180000	45200000	8426	37	12345	8502	0.00439117	0.61725	0.991061
13	45200000	45220000	7224	38	13950	8867	0.00526024	0.6975	0.814706
13	45220000	45240000	10858	79	8830	11618	0.00727574	0.4415	0.934584
13	45240000	45260000	9182	59	8762	9304	0.00642562	0.4381	0.986887
13	45260000	45280000	10570	61	10696	10652	0.00577105	0.5348	0.992302
13	45280000	45300000	8793	41	13665	8872	0.0046628	0.68325	0.991096
13	45300000	45320000	10606	67	11192	10727	0.00631718	0.5596	0.98872
13	45320000	45340000	12593	59	6593	12686	0.00468514	0.32965	0.992669
13	45340000	45360000	6628	41	12102	7052	0.00618588	0.6051	0.939875
13	45360000	45380000	10819	106	11638	10912	0.00979758	0.5819	0.991477
13	45380000	45400000	12071	74	8354	12311	0.0061304	0.4177	0.980505
13	45400000	45420000	11064	87	12014	11356	0.00786334	0.6007	0.974287
13	45420000	45440000	10275	69	10652	10696	0.00671533	0.5326	0.960639
13	45440000	45460000	12291	51	10208	12473	0.00414938	0.5104	0.985408
13	45460000	45480000	11657	59	9317	11759	0.00506134	0.46585	0.991326
13	45480000	45500000	10833	52	8837	10971	0.00480015	0.44185	0.987421
13	45500000	45520000	8834	40	9626	8904	0.00452796	0.4813	0.992138
13	45520000	45540000	10130	51	10456	10201	0.00503455	0.5228	0.99304
13	45540000	45560000	10574	57	7776	10646	0.00539058	0.3888	0.993237
13	45560000	45580000	7391	32	14288	8366	0.00432959	0.7144	0.883457
13	45580000	45600000	11123	37	10196	11183	0.00332644	0.5098	0.994635
13	45600000	45620000	9101	44	10166	10170	0.00483463	0.5083	0.894887
13	45620000	45640000	9256	51	10022	9328	0.00550994	0.5011	0.992281
13	45640000	45660000	8455	38	12459	9074	0.00449438	0.62295	0.931783
13	45660000	45680000	7354	44	13540	7475	0.00598314	0.677	0.983813
13	45680000	45700000	8531	38	11297	8600	0.00445434	0.56485	0.991977
13	45700000	45720000	10668	45	13136	10753	0.00421822	0.6568	0.992095
13	45720000	45740000	10646	39	8749	10741	0.00366335	0.43745	0.991155
13	45740000	45760000	8889	38	12460	8963	0.00427495	0.623	0.991744
13	45760000	45780000	10615	39	7052	10697	0.00367405	0.3526	0.992334
13	45780000	45800000	11566	56	8986	11666	0.00484178	0.4493	0.991428
13	45800000	45820000	9432	32	7912	9495	0.00339271	0.3956	0.993365
13	45820000	45840000	9483	30	9757	9562	0.00316356	0.48785	0.991738
13	45840000	45860000	9372	37	8702	9543	0.00394793	0.4351	0.982081
13	45860000	45880000	9252	43	9951	9484	0.00464764	0.49755	0.975538
13	45880000	45900000	6365	23	13187	7130	0.00361351	0.65935	0.892707
13	45900000	45920000	7994	38	8524	8296	0.00475357	0.4262	0.963597
13	45920000	45940000	3868	49	12556	7472	0.012668	0.6278	0.517666
13	45940000	45960000	4261	42	12734	5532	0.00985684	0.6367	0.770246
13	45960000	45980000	7487	29	7490	7987	0.00387338	0.3745	0.937398
13	45980000	46000000	2768	12	10873	8417	0.00433526	0.54365	0.328858
13	46000000	46020000	0	0	12191	7704		0.60955	0
13	46020000	46040000	617	3	11357	9563	0.00486224	0.56785	0.0645195
13	46040000	46060000	10952	44	8991	11027	0.00401753	0.44955	0.993199
13	46060000	46080000	10206	50	10659	10294	0.00489908	0.53295	0.991451
13	46080000	46100000	11697	59	5430	11787	0.00504403	0.2715	0.992364
13	46100000	46120000	12746	87	7633	13033	0.00682567	0.38165	0.977979
13	46120000	46140000	10501	90	11042	10597	0.00857061	0.5521	0.990941
13	46140000	46160000	11866	69	8722	11975	0.00581493	0.4361	0.990898
13	46160000	46180000	13656	56	7415	13773	0.00410076	0.37075	0.991505
13	46180000	46200000	9233	44	12908	9311	0.00476552	0.6454	0.991623
13	46200000	46220000	6480	50	13181	7159	0.00771605	0.65905	0.905154
13	46220000	46240000	6340	36	14857	6431	0.00567823	0.74285	0.98585
13	46240000	46260000	9750	38	11568	9841	0.00389744	0.5784	0.990753
13	46260000	46280000	11857	88	9396	11974	0.00742178	0.4698	0.990229
13	46280000	46300000	13259	88	8637	13696	0.006637	0.43185	0.968093
13	46300000	46320000	12543	84	8493	12937	0.00669696	0.42465	0.969545
13	46320000	46340000	8660	78	13889	8762	0.00900693	0.69445	0.988359
13	46340000	46360000	13077	90	6206	13178	0.00688231	0.3103	0.992336
13	46360000	46380000	12462	101	8774	12588	0.00810464	0.4387	0.98999
13	46380000	46400000	11258	100	9880	12631	0.00888257	0.494	0.891299
13	46400000	46420000	11988	80	9452	12076	0.00667334	0.4726	0.992713
13	46420000	46440000	11420	46	9047	12948	0.00402802	0.45235	0.881989
13	46440000	46460000	11534	110	8039	11662	0.00953702	0.40195	0.989024
13	46460000	46480000	12839	66	6873	12964	0.00514059	0.34365	0.990358
13	46480000	46500000	10774	105	10646	10885	0.00974568	0.5323	0.989802
13	46500000	46520000	13031	84	8261	13175	0.00644617	0.41305	0.98907
13	46520000	46540000	12479	57	8015	12574	0.00456767	0.40075	0.992445
13	46540000	46560000	10948	48	7348	11917	0.00438436	0.3674	0.918688
13	46560000	46580000	10241	36	8794	10742	0.00351528	0.4397	0.953361
13	46580000	46600000	13027	41	9284	13144	0.00314731	0.4642	0.991099
13	46600000	46620000	11764	54	12028	11871	0.00459028	0.6014	0.990986
13	46620000	46640000	11435	49	5284	11496	0.00428509	0.2642	0.994694
13	46640000	46660000	11957	70	8724	12058	0.00585431	0.4362	0.991624
13	46660000	46680000	12799	59	12865	12894	0.00460974	0.64325	0.992632
13	46680000	46700000	12811	93	13152	13090	0.00725939	0.6576	0.978686
13	46700000	46720000	11971	84	7973	12096	0.00701696	0.39865	0.989666
13	46720000	46740000	12614	100	5240	13127	0.0079277	0.262	0.96092
13	46740000	46760000	13586	60	5301	13683	0.00441631	0.26505	0.992911
13	46760000	46780000	11577	54	13418	11770	0.00466442	0.6709	0.983602
13	46780000	46800000	8227	54	11396	8294	0.00656375	0.5698	0.991922
13	46800000	46820000	9243	56	15199	9339	0.00605864	0.75995	0.989721
13	46820000	46840000	12891	96	11037	13170	0.00744706	0.55185	0.978815
13	46840000	46860000	10184	61	9447	10533	0.00598979	0.47235	0.966866
13	46860000	46880000	9833	53	12906	9942	0.00539001	0.6453	0.989036
13	46880000	46900000	10434	46	13793	10541	0.00440866	0.68965	0.989849
13	46900000	46920000	12530	54	9273	12610	0.00430966	0.46365	0.993656
13	46920000	46940000	9736	42	10419	9788	0.00431389	0.52095	0.994687
13	46940000	46960000	12390	53	7147	12473	0.00427764	0.35735	0.993346
13	46960000	46980000	2613	10	10363	9121	0.00382702	0.51815	0.286482
13	46980000	47000000	0	0	15165	600		0.75825	0
13	47000000	47020000	52	2	7249	203	0.0384615	0.36245	0.256158
13	47020000	47040000	65	3	11606	81	0.0461538	0.5803	0.802469
13	47040000	47060000	7345	42	12504	7879	0.00571818	0.6252	0.932225
13	47060000	47080000	9579	48	9239	9768	0.00501096	0.46195	0.980651
13	47080000	47100000	10164	51	9203	10313	0.00501771	0.46015	0.985552
13	47100000	47120000	10917	47	9071	11378	0.00430521	0.45355	0.959483
13	47120000	47140000	11622	70	6276	11705	0.00602306	0.3138	0.992909
13	47140000	47160000	12925	52	4959	13011	0.00402321	0.24795	0.99339
13	47160000	47180000	11202	55	5647	11297	0.00490984	0.28235	0.991591
13	47180000	47200000	12171	82	5989	12265	0.00673733	0.29945	0.992336
13	47200000	47220000	13091	75	7100	13511	0.00572913	0.355	0.968914
13	47220000	47240000	11432	38	5943	11521	0.003324	0.29715	0.992275
13	47240000	47260000	11930	72	5160	13370	0.00603521	0.258	0.892296
13	47260000	47280000	8872	55	6120	13245	0.00619928	0.306	0.669838
13	47280000	47300000	12618	64	5008	12731	0.00507212	0.2504	0.991124
13	47300000	47320000	13032	81	5360	13136	0.00621547	0.268	0.992083
13	47320000	47340000	11445	68	8578	11548	0.00594146	0.4289	0.991081
13	47340000	47360000	12947	178	6402	13127	0.0137484	0.3201	0.986288
13	47360000	47380000	12401	122	9100	12595	0.00983792	0.455	0.984597
13	47380000	47400000	11966	81	10696	12078	0.00676918	0.5348	0.990727
13	47400000	47420000	13971	54	4714	14100	0.00386515	0.2357	0.990851
13	47420000	47440000	13397	84	8175	13519	0.00627006	0.40875	0.990976
13	47440000	47460000	12486	71	6448	12585	0.00568637	0.3224	0.992133
13	47460000	47480000	14204	116	8849	14333	0.00816671	0.44245	0.991
13	47480000	47500000	10505	75	14194	10583	0.00713946	0.7097	0.99263
13	47500000	47520000	7246	64	17068	7382	0.00883246	0.8534	0.981577
13	47520000	47540000	11897	91	10387	12025	0.00764899	0.51935	0.989356
13	47540000	47560000	9140	58	11846	10725	0.00634573	0.5923	0.852214
13	47560000	47580000	12026	68	9302	12152	0.00565442	0.4651	0.989631
13	47580000	47600000	11658	115	11064	11782	0.00986447	0.5532	0.989475
13	47600000	47620000	13549	75	9384	13653	0.00553546	0.4692	0.992383
13	47620000	47640000	10804	54	12756	10889	0.00499815	0.6378	0.992194
13	47640000	47660000	10409	50	11555	10522	0.00480354	0.57775	0.989261
13	47660000	47680000	11057	47	11211	11127	0.0042507	0.56055	0.993709
13	47680000	47700000	10271	43	10871	10357	0.00418654	0.54355	0.991696
13	47700000	47720000	12670	77	7092	12784	0.00607735	0.3546	0.991083
13	47720000	47740000	10644	52	14886	10737	0.00488538	0.7443	0.991338
13	47740000	47760000	13188	71	12012	13413	0.00538368	0.6006	0.983225
13	47760000	47780000	13240	74	8165	13348	0.00558912	0.40825	0.991909
13	47780000	47800000	10947	53	11233	11058	0.00484151	0.56165	0.989962
13	47800000	47820000	12161	74	12570	12300	0.00608503	0.6285	0.988699
13	47820000	47840000	13237	67	11402	13359	0.00506157	0.5701	0.990868
13	47840000	47860000	12576	84	8690	12725	0.00667939	0.4345	0.988291
13	47860000	47880000	10036	78	9422	10151	0.00777202	0.4711	0.988671
13	47880000	47900000	9817	49	12890	10117	0.00499134	0.6445	0.970347
13	47900000	47920000	8564	65	14119	8637	0.00758991	0.70595	0.991548
13	47920000	47940000	9361	88	15040	9831	0.00940071	0.752	0.952192
13	47940000	47960000	5014	64	19494	5180	0.0127643	0.9747	0.967954
13	47960000	47980000	9317	67	12859	9414	0.00719116	0.64295	0.989696
13	47980000	48000000	13923	92	5297	14033	0.00660777	0.26485	0.992161
13	48000000	48020000	10908	68	10011	11011	0.00623396	0.50055	0.990646
13	48020000	48040000	9685	71	10160	9831	0.00733092	0.508	0.985149
13	48040000	48060000	10593	77	9853	10824	0.00726895	0.49265	0.978659
13	48060000	48080000	14095	67	9189	14191	0.00475346	0.45945	0.993235
13	48080000	48100000	13051	81	8393	13165	0.00620642	0.41965	0.991341
13	48100000	48120000	8135	49	14631	8211	0.00602336	0.73155	0.990744
13	48120000	48140000	11349	56	8757	11475	0.00493436	0.43785	0.98902
13	48140000	48160000	3937	30	19423	3973	0.00762002	0.97115	0.990939
13	48160000	48180000	10589	75	12702	10693	0.00708282	0.6351	0.990274
13	48180000	48200000	10296	66	12693	10380	0.00641026	0.63465	0.991908
13	48200000	48220000	9467	69	13768	9565	0.00728848	0.6884	0.989754
13	48220000	48240000	12496	111	8821	12605	0.00888284	0.44105	0.991353
13	48240000	48260000	10257	60	12321	10891	0.00584966	0.61605	0.941787
13	48260000	48280000	11709	80	11208	11807	0.00683235	0.5604	0.9917
13	48280000	48300000	8766	69	11336	8840	0.00787132	0.5668	0.991629
13	48300000	48320000	4123	26	15928	4152	0.00630609	0.7964	0.993015
13	48320000	48340000	11188	52	10568	11371	0.00464784	0.5284	0.983906
13	48340000	48360000	5674	24	14756	5716	0.00422982	0.7378	0.992652
13	48360000	48380000	4556	29	11351	8996	0.00636523	0.56755	0.506447
13	48380000	48400000	13417	99	8756	13591	0.0073787	0.4378	0.987197
13	48400000	48420000	12287	87	7426	12601	0.00708065	0.3713	0.975081
13	48420000	48440000	9386	57	12636	9465	0.00607287	0.6318	0.991653
13	48440000	48460000	10678	60	8927	10843	0.00561903	0.44635	0.984783
13	48460000	48480000	10711	55	10145	10811	0.00513491	0.50725	0.99075
13	48480000	48500000	3947	27	18614	4012	0.00684064	0.9307	0.983799
13	48500000	48520000	10343	67	9362	10421	0.00647781	0.4681	0.992515
13	48520000	48540000	9919	89	14712	10083	0.00897268	0.7356	0.983735
13	48540000	48560000	6540	58	14004	6654	0.0088685	0.7002	0.982867
13	48560000	48580000	9504	58	10983	9608	0.00610269	0.54915	0.989176
13	48580000	48600000	5958	49	16111	6024	0.00822424	0.80555	0.989044
13	48600000	48620000	9788	57	12731	9895	0.00582346	0.63655	0.989186
13	48620000	48640000	7195	35	12852	7272	0.00486449	0.6426	0.989411
13	48640000	48660000	8444	42	12236	8524	0.00497395	0.6118	0.990615
13	48660000	48680000	9986	46	11638	10191	0.00460645	0.5819	0.979884
13	48680000	48700000	10314	49	8644	10390	0.00475082	0.4322	0.992685
13	48700000	48720000	10081	47	10702	10174	0.00466224	0.5351	0.990859
13	48720000	48740000	10368	29	11263	10456	0.00279707	0.56315	0.991584
13	48740000	48760000	10270	44	12068	10340	0.00428432	0.6034	0.99323
13	48760000	48780000	6989	54	15415	7049	0.00772643	0.77075	0.991488
13	48780000	48800000	7792	40	12250	7920	0.00513347	0.6125	0.983838
13	48800000	48820000	11034	47	6851	11121	0.00425956	0.34255	0.992177
13	48820000	48840000	11864	54	7841	11939	0.00455158	0.39205	0.993718
13	48840000	48860000	11268	83	12092	11354	0.00736599	0.6046	0.992426
13	48860000	48880000	12675	67	9432	12761	0.005286	0.4716	0.993261
13	48880000	48900000	8291	33	10571	8369	0.00398022	0.52855	0.99068
13	48900000	48920000	9008	33	10635	9188	0.00366341	0.53175	0.980409
13	48920000	48940000	8832	26	12013	8907	0.00294384	0.60065	0.99158
13	48940000	48960000	10601	27	9569	10658	0.00254693	0.47845	0.994652
13	48960000	48980000	9541	37	12604	9595	0.003878	0.6302	0.994372
13	48980000	49000000	8043	25	10334	8100	0.00310829	0.5167	0.992963
13	49000000	49020000	11221	37	9596	11275	0.00329739	0.4798	0.995211
13	49020000	49040000	9758	35	12221	9834	0.0035868	0.61105	0.992272
13	49040000	49060000	9357	31	10149	9419	0.00331303	0.50745	0.993418
13	49060000	49080000	11504	38	9468	12446	0.0033032	0.4734	0.924313
13	49080000	49100000	13819	48	5617	13889	0.00347348	0.28085	0.99496
13	49100000	49120000	10499	47	8842	10721	0.00447662	0.4421	0.979293
13	49120000	49140000	10796	37	11613	11259	0.0034272	0.58065	0.958877
13	49140000	49160000	11333	68	9378	11464	0.00600018	0.4689	0.988573
13	49160000	49180000	9333	41	13048	9409	0.00439301	0.6524	0.991923
13	49180000	49200000	8129	44	15147	8199	0.00541272	0.75735	0.991462
13	49200000	49220000	10751	51	12828	11436	0.00474374	0.6414	0.940101
13	49220000	49240000	11416	54	10627	11659	0.0047302	0.53135	0.979158
13	49240000	49260000	6695	35	13928	6875	0.00522778	0.6964	0.973818
13	49260000	49280000	6708	35	15725	7048	0.00521765	0.78625	0.951759
13	49280000	49300000	11208	59	12434	11298	0.0052641	0.6217	0.992034
13	49300000	49320000	13246	45	9705	13344	0.00339725	0.48525	0.992656
13	49320000	49340000	11855	52	11481	11967	0.00438633	0.57405	0.990641
13	49340000	49360000	10959	42	13440	11046	0.00383247	0.672	0.992124
13	49360000	49380000	12553	46	11449	12698	0.00366446	0.57245	0.988581
13	49380000	49400000	12017	71	9487	12118	0.0059083	0.47435	0.991665
13	49400000	49420000	11336	49	13599	11418	0.00432251	0.67995	0.992818
13	49420000	49440000	10507	57	10156	11464	0.00542495	0.5078	0.916521
13	49440000	49460000	8093	48	12072	8697	0.00593105	0.6036	0.930551
13	49460000	49480000	13811	78	8837	14067	0.00564767	0.44185	0.981801
13	49480000	49500000	13469	60	8474	13593	0.00445467	0.4237	0.990878
13	49500000	49520000	10979	35	12484	11058	0.0031879	0.6242	0.992856
13	49520000	49540000	12663	49	7442	12762	0.00386954	0.3721	0.992243
13	49540000	49560000	12091	50	8858	12187	0.00413531	0.4429	0.992123
13	49560000	49580000	10178	43	13716	10278	0.0042248	0.6858	0.99027
13	49580000	49600000	8305	36	13144	8453	0.00433474	0.6572	0.982491
13	49600000	49620000	10846	55	11162	10942	0.00507099	0.5581	0.991226
13	49620000	49640000	6853	37	16777	6933	0.0053991	0.83885	0.988461
13	49640000	49660000	10634	52	10524	10705	0.00488998	0.5262	0.993368
13	49660000	49680000	12345	47	10475	12492	0.00380721	0.52375	0.988232
13	49680000	49700000	8881	36	12073	8940	0.0040536	0.60365	0.9934
13	49700000	49720000	12285	34	9600	12359	0.0027676	0.48	0.994012
13	49720000	49740000	2363	11	18551	2373	0.0046551	0.92755	0.995786
13	49740000	49760000	12405	54	9557	12531	0.00435308	0.47785	0.989945
13	49760000	49780000	11761	52	5226	11823	0.00442139	0.2613	0.994756
13	49780000	49800000	12179	55	5175	12608	0.00451597	0.25875	0.965974
13	49800000	49820000	8520	37	12133	8771	0.00434272	0.60665	0.971383
13	49820000	49840000	10780	36	8514	10856	0.00333952	0.4257	0.992999
13	49840000	49860000	11000	39	7944	11070	0.00354545	0.3972	0.993677
13	49860000	49880000	10085	49	9070	11706	0.0048587	0.4535	0.861524
13	49880000	49900000	10285	48	9158	10404	0.00466699	0.4579	0.988562
13	49900000	49920000	11312	70	8532	11390	0.00618812	0.4266	0.993152
13	49920000	49940000	10048	46	10576	10139	0.00457803	0.5288	0.991025
13	49940000	49960000	8407	46	11789	8478	0.00547163	0.58945	0.991625
13	49960000	49980000	10159	60	9082	10383	0.00590609	0.4541	0.978426
13	49980000	50000000	10854	58	10212	10940	0.00534365	0.5106	0.992139
13	50000000	50020000	9938	45	13284	10011	0.00452807	0.6642	0.992708
13	50020000	50040000	10318	69	12404	10409	0.00668734	0.6202	0.991258
13	50040000	50060000	11216	70	7573	11327	0.00624108	0.37865	0.9902
13	50060000	50080000	9423	42	9366	9737	0.00445718	0.4683	0.967752
13	50080000	50100000	9475	31	10134	10421	0.00327177	0.5067	0.909222
13	50100000	50120000	11436	46	5152	11544	0.00402239	0.2576	0.990644
13	50120000	50140000	8690	52	10780	8783	0.00598389	0.539	0.989411
13	50140000	50160000	9415	42	9062	9516	0.00446097	0.4531	0.989386
13	50160000	50180000	5742	29	15432	5801	0.00505051	0.7716	0.989829
13	50180000	50200000	9542	46	11278	9609	0.00482079	0.5639	0.993027
13	50200000	50220000	9313	54	11052	9916	0.00579835	0.5526	0.939189
13	50220000	50240000	8808	47	10783	8895	0.00533606	0.53915	0.990219
13	50240000	50260000	8818	47	11645	8918	0.00533001	0.58225	0.988787
13	50260000	50280000	9228	29	8189	9392	0.00314261	0.40945	0.982538
13	50280000	50300000	10417	44	10361	10499	0.00422386	0.51805	0.99219
13	50300000	50320000	9019	32	13437	9710	0.00354807	0.67185	0.928836
13	50320000	50340000	9147	23	14701	9212	0.00251449	0.73505	0.992944
13	50340000	50360000	10477	31	11429	10686	0.00295886	0.57145	0.980442
13	50360000	50380000	8752	29	9015	8848	0.00331353	0.45075	0.98915
13	50380000	50400000	11416	54	11996	11928	0.0047302	0.5998	0.957076
13	50400000	50420000	10018	45	14217	10149	0.00449191	0.71085	0.987092
13	50420000	50440000	8100	33	13628	8160	0.00407407	0.6814	0.992647
13	50440000	50460000	5432	41	17403	5474	0.00754786	0.87015	0.992327
13	50460000	50480000	4547	27	12900	4597	0.00593798	0.645	0.989123
13	50480000	50500000	7021	28	12407	7129	0.00398804	0.62035	0.984851
13	50500000	50520000	9325	38	8608	9391	0.00407507	0.4304	0.992972
13	50520000	50540000	4539	16	18836	5288	0.00352501	0.9418	0.858359
13	50540000	50560000	8711	29	11979	8771	0.00332912	0.59895	0.993159
13	50560000	50580000	8803	26	9770	8935	0.00295354	0.4885	0.985227
13	50580000	50600000	9680	43	7776	9826	0.00444215	0.3888	0.985141
13	50600000	50620000	10468	47	6462	10553	0.00448987	0.3231	0.991945
13	50620000	50640000	8945	27	11097	9026	0.00301845	0.55485	0.991026
13	50640000	50660000	11374	43	3296	11435	0.00378055	0.1648	0.994666
13	50660000	50680000	9525	37	10832	10258	0.00388451	0.5416	0.928544
13	50680000	50700000	10688	47	7856	10776	0.00439746	0.3928	0.991834
13	50700000	50720000	12375	52	3765	12487	0.00420202	0.18825	0.991031
13	50720000	50740000	12411	57	6960	12511	0.0045927	0.348	0.992007
13	50740000	50760000	6387	36	11428	6522	0.00563645	0.5714	0.979301
13	50760000	50780000	12149	50	6914	12239	0.00411557	0.3457	0.992646
13	50780000	50800000	11931	50	11211	12015	0.00419076	0.56055	0.993009
13	50800000	50820000	10441	47	8988	10551	0.00450148	0.4494	0.989574
13	50820000	50840000	11190	71	10457	11413	0.00634495	0.52285	0.980461
13	50840000	50860000	12962	89	7295	13089	0.00686622	0.36475	0.990297
13	50860000	50880000	6767	41	15604	7218	0.00605881	0.7802	0.937517
13	50880000	50900000	11911	58	10019	11994	0.00486945	0.50095	0.99308
13	50900000	50920000	11396	41	8465	11466	0.00359775	0.42325	0.993895
13	50920000	50940000	13035	57	8425	13106	0.00437284	0.42125	0.994583
13	50940000	50960000	12529	47	8150	12644	0.0037513	0.4075	0.990905
13	50960000	50980000	13213	53	9399	13293	0.0040112	0.46995	0.993982
13	50980000	51000000	13844	59	4636	13950	0.00426177	0.2318	0.992401
13	51000000	51020000	11504	60	12563	11599	0.00521558	0.62815	0.99181
13	51020000	51040000	13130	69	8899	13220	0.00525514	0.44495	0.993192
13	51040000	51060000	11304	40	10101	11366	0.00353857	0.50505	0.994545
13	51060000	51080000	6756	31	15344	6804	0.00458851	0.7672	0.992945
13	51080000	51100000	10527	45	8379	10600	0.00427472	0.41895	0.993113
13	51100000	51120000	12745	78	10779	12876	0.00612005	0.53895	0.989826
13	51120000	51140000	10464	45	12517	10609	0.00430046	0.62585	0.986332
13	51140000	51160000	11922	48	9331	12025	0.00402617	0.46655	0.991435
13	51160000	51180000	13482	77	6281	13583	0.00571132	0.31405	0.992564
13	51180000	51200000	12344	63	11408	12458	0.00510369	0.5704	0.990849
13	51200000	51220000	11513	82	9752	11597	0.00712238	0.4876	0.992757
13	51220000	51240000	12379	74	8426	12518	0.00597787	0.4213	0.988896
13	51240000	51260000	13685	84	7039	13798	0.00613811	0.35195	0.99181
13	51260000	51280000	12695	69	8306	12827	0.00543521	0.4153	0.989709
13	51280000	51300000	13525	76	7328	13766	0.00561922	0.3664	0.982493
13	51300000	51320000	11965	83	11048	12059	0.0069369	0.5524	0.992205
13	51320000	51340000	7517	45	11825	7591	0.00598643	0.59125	0.990252
13	51340000	51360000	8097	64	11980	9720	0.00790416	0.599	0.833025
13	51360000	51380000	9210	69	7779	13176	0.00749186	0.38895	0.698998
13	51380000	51400000	11256	48	6394	12073	0.00426439	0.3197	0.932328
13	51400000	51420000	10724	39	8804	10787	0.0036367	0.4402	0.99416
13	51420000	51440000	7799	33	13911	7912	0.00423131	0.69555	0.985718
13	51440000	51460000	10132	44	14597	10617	0.00434268	0.72985	0.954319
13	51460000	51480000	12566	42	8105	12627	0.00334235	0.40525	0.995169
13	51480000	51500000	12271	36	9109	12364	0.00293375	0.45545	0.992478
13	51500000	51520000	12174	40	7414	12996	0.00328569	0.3707	0.93675
13	51520000	51540000	11590	44	9736	11655	0.00379638	0.4868	0.994423
13	51540000	51560000	10617	66	10275	10710	0.00621645	0.51375	0.991317
13	51560000	51580000	13173	78	5245	13265	0.0059212	0.26225	0.993064
13	51580000	51600000	13212	80	9492	13352	0.0060551	0.4746	0.989515
13	51600000	51620000	12483	73	7402	12687	0.00584795	0.3701	0.983921
13	51620000	51640000	13332	61	8829	13437	0.00457546	0.44145	0.992186
13	51640000	51660000	8556	59	10661	8617	0.00689575	0.53305	0.992921
13	51660000	51680000	12764	60	10500	12965	0.00470072	0.525	0.984497
13	51680000	51700000	12792	82	7279	12884	0.00641026	0.36395	0.992859
13	51700000	51720000	5950	54	15390	6141	0.00907563	0.7695	0.968898
13	51720000	51740000	12335	79	9596	12465	0.00640454	0.4798	0.989571
13	51740000	51760000	8365	51	11013	8445	0.00609683	0.55065	0.990527
13	51760000	51780000	11284	66	12388	11404	0.00584899	0.6194	0.989477
13	51780000	51800000	12118	79	8022	12527	0.00651923	0.4011	0.967351
13	51800000	51820000	13945	74	4132	14145	0.00530656	0.2066	0.985861
13	51820000	51840000	14104	83	5551	14783	0.00588486	0.27755	0.954069
13	51840000	51860000	14135	55	4243	14219	0.00389105	0.21215	0.994092
13	51860000	51880000	12360	77	8782	12466	0.00622977	0.4391	0.991497
13	51880000	51900000	12499	54	10388	12612	0.00432035	0.5194	0.99104
13	51900000	51920000	12212	73	8433	12320	0.00597773	0.42165	0.991234
13	51920000	51940000	13314	50	4826	13400	0.00375545	0.2413	0.993582
13	51940000	51960000	12229	37	7774	12687	0.00302559	0.3887	0.9639
13	51960000	51980000	11596	38	7793	11694	0.00327699	0.38965	0.99162
13	51980000	52000000	9467	40	10106	11848	0.0042252	0.5053	0.799038
13	52000000	52020000	11460	32	6120	11557	0.00279232	0.306	0.991607
13	52020000	52040000	9316	39	8596	9399	0.00418635	0.4298	0.991169
13	52040000	52060000	8995	34	11919	9055	0.00377988	0.59595	0.993374
13	52060000	52080000	11923	50	9285	12227	0.00419358	0.46425	0.975137
13	52080000	52100000	8147	43	14183	8492	0.00527802	0.70915	0.959374
13	52100000	52120000	8402	40	11735	8466	0.00476077	0.58675	0.99244
13	52120000	52140000	12160	74	9369	12267	0.00608553	0.46845	0.991277
13	52140000	52160000	6096	34	16012	6282	0.00557743	0.8006	0.970392
13	52160000	52180000	12977	69	5922	13083	0.0053171	0.2961	0.991898
13	52180000	52200000	12582	35	7750	12685	0.00278175	0.3875	0.99188
13	52200000	52220000	11151	52	8957	11251	0.00466326	0.44785	0.991112
13	52220000	52240000	9023	45	12497	9110	0.00498725	0.62485	0.99045
13	52240000	52260000	12612	63	6202	12690	0.00499524	0.3101	0.993853
13	52260000	52280000	8936	57	13194	8995	0.00637869	0.6597	0.993441
13	52280000	52300000	8518	35	14175	8575	0.00410895	0.70875	0.993353
13	52300000	52320000	13096	44	8616	13178	0.0033598	0.4308	0.993778
13	52320000	52340000	13061	39	5593	13167	0.00298599	0.27965	0.99195
13	52340000	52360000	12284	77	5637	12380	0.00626832	0.28185	0.992246
13	52360000	52380000	12684	48	5438	12764	0.0037843	0.2719	0.993732
13	52380000	52400000	13533	62	6537	13732	0.00458139	0.32685	0.985508
13	52400000	52420000	14031	73	6569	14140	0.00520277	0.32845	0.992291
13	52420000	52440000	11524	54	13377	11635	0.00468587	0.66885	0.99046
13	52440000	52460000	10087	67	10453	13147	0.00664221	0.52265	0.767247
13	52460000	52480000	11896	93	9352	11996	0.00781775	0.4676	0.991664
13	52480000	52500000	12053	71	5943	12148	0.00589065	0.29715	0.99218
13	52500000	52520000	12772	75	4507	13429	0.00587222	0.22535	0.951076
13	52520000	52540000	13922	80	6573	14056	0.0057463	0.32865	0.990467
13	52540000	52560000	9662	70	8398	10535	0.00724488	0.4199	0.917133
13	52560000	52580000	7013	33	11431	10167	0.00470555	0.57155	0.689781
13	52580000	52600000	10181	37	11203	10304	0.00363422	0.56015	0.988063
13	52600000	52620000	9610	36	10435	9689	0.0037461	0.52175	0.991846
13	52620000	52640000	5153	20	16518	5223	0.00388123	0.8259	0.986598
13	52640000	52660000	8603	28	12831	8746	0.00325468	0.64155	0.98365
13	52660000	52680000	9139	29	9671	9207	0.00317321	0.48355	0.992614
13	52680000	52700000	10368	47	10401	10480	0.00453318	0.52005	0.989313
13	52700000	52720000	11203	60	8977	11294	0.00535571	0.44885	0.991943
13	52720000	52740000	9044	60	9449	9680	0.00663423	0.47245	0.934298
13	52740000	52760000	0	0	8197	1902		0.40985	0
13	52760000	52780000	0	0	8543	2149		0.42715	0
13	52780000	52800000	0	0	9039	90		0.45195	0
13	52800000	52820000	0	0	13132	3		0.6566	0
13	52820000	52840000	0	0	14248	0		0.7124	
13	52840000	52860000	0	0	16544	0		0.8272	
13	52860000	52880000	0	0	14271	0		0.71355	
13	52880000	52900000	0	0	5341	0		0.26705	
13	52900000	52920000	1985	13	15804	2149	0.00654912	0.7902	0.923685
13	52920000	52940000	7025	31	13131	7193	0.00441281	0.65655	0.976644
13	52940000	52960000	7985	40	8557	8214	0.00500939	0.42785	0.972121
13	52960000	52980000	10574	38	9063	10653	0.00359372	0.45315	0.992584
13	52980000	53000000	8156	29	11029	8194	0.00355566	0.55145	0.995362
13	53000000	53020000	9965	33	8067	10009	0.00331159	0.40335	0.995604
13	53020000	53040000	7515	34	8206	10053	0.00452428	0.4103	0.747538
13	53040000	53060000	0	0	10948	5346		0.5474	0
13	53060000	53080000	0	0	12902	84		0.6451	0
13	53080000	53100000	0	0	13394	0		0.6697	
13	53100000	53120000	0	0	14647	0		0.73235	
13	53120000	53140000	0	0	15772	0		0.7886	
13	53140000	53160000	4	3	10359	4	0.75	0.51795	1
13	53160000	53180000	1390	43	8557	1412	0.0309353	0.42785	0.984419
13	53180000	53200000	1624	70	10520	1666	0.0431034	0.526	0.97479
13	53200000	53220000	4518	73	7616	4682	0.0161576	0.3808	0.964972
13	53220000	53240000	7844	88	8928	7966	0.0112188	0.4464	0.984685
13	53240000	53260000	9119	48	8962	9199	0.00526374	0.4481	0.991303
13	53260000	53280000	11436	53	5132	11571	0.00463449	0.2566	0.988333
13	53280000	53300000	7864	30	12193	7924	0.00381485	0.60965	0.992428
13	53300000	53320000	10833	58	8782	10909	0.00535401	0.4391	0.993033
13	53320000	53340000	12231	70	9175	12326	0.00572316	0.45875	0.992293
13	53340000	53360000	11883	74	9342	11999	0.00622738	0.4671	0.990333
13	53360000	53380000	11731	43	8223	11822	0.0036655	0.41115	0.992302
13	53380000	53400000	10706	52	11914	10803	0.00485709	0.5957	0.991021
13	53400000	53420000	11704	76	9705	11958	0.00649351	0.48525	0.978759
13	53420000	53440000	11805	55	5016	12521	0.00465904	0.2508	0.942816
13	53440000	53460000	13594	88	6769	13698	0.00647344	0.33845	0.992408
13	53460000	53480000	11723	66	8001	11991	0.00562996	0.40005	0.97765
13	53480000	53500000	11619	53	9071	12090	0.00456149	0.45355	0.961042
13	53500000	53520000	13981	88	8208	14094	0.00629426	0.4104	0.991982
13	53520000	53540000	10612	66	9426	10862	0.00621937	0.4713	0.976984
13	53540000	53560000	13144	82	5027	13269	0.00623859	0.25135	0.99058
13	53560000	53580000	13978	48	9615	14198	0.00343397	0.48075	0.984505
13	53580000	53600000	13008	49	7845	13140	0.00376691	0.39225	0.989954
13	53600000	53620000	12928	80	4735	13016	0.00618812	0.23675	0.993239
13	53620000	53640000	13713	49	5288	13832	0.00357325	0.2644	0.991397
13	53640000	53660000	13831	76	7236	13961	0.0054949	0.3618	0.990688
13	53660000	53680000	10693	66	11877	10777	0.00617226	0.59385	0.992206
13	53680000	53700000	9617	67	10351	9731	0.00696683	0.51755	0.988285
13	53700000	53720000	13618	89	8036	13780	0.00653547	0.4018	0.988244
13	53720000	53740000	10467	54	8589	11378	0.00515907	0.42945	0.919933
13	53740000	53760000	12326	54	9663	12449	0.00438098	0.48315	0.99012
13	53760000	53780000	12701	71	7136	13061	0.00559011	0.3568	0.972437
13	53780000	53800000	12463	85	10184	12773	0.00682019	0.5092	0.97573
13	53800000	53820000	14097	89	6318	14206	0.0063134	0.3159	0.992327
13	53820000	53840000	13706	59	4540	14021	0.00430468	0.227	0.977534
13	53840000	53860000	10955	48	8878	11674	0.00438156	0.4439	0.93841
13	53860000	53880000	11950	97	9461	12073	0.00811715	0.47305	0.989812
13	53880000	53900000	13446	68	5182	13549	0.00505727	0.2591	0.992398
13	53900000	53920000	13073	47	8821	13171	0.0035952	0.44105	0.992559
13	53920000	53940000	14616	72	8529	14721	0.00492611	0.42645	0.992867
13	53940000	53960000	12861	72	8387	13039	0.00559832	0.41935	0.986349
13	53960000	53980000	11596	62	9097	11685	0.00534667	0.45485	0.992383
13	53980000	54000000	11913	51	6540	12021	0.00428104	0.327	0.991016
13	54000000	54020000	10572	59	7325	10662	0.00558078	0.36625	0.991559
13	54020000	54040000	11488	58	9885	11574	0.00504875	0.49425	0.99257
13	54040000	54060000	13802	93	6205	13918	0.00673815	0.31025	0.991665
13	54060000	54080000	11498	73	8670	11601	0.00634893	0.4335	0.991121
13	54080000	54100000	14160	83	6151	14252	0.00586158	0.30755	0.993545
13	54100000	54120000	12516	64	12880	12905	0.00511345	0.644	0.969857
13	54120000	54140000	11450	80	12321	11554	0.0069869	0.61605	0.990999
13	54140000	54160000	13085	65	4229	13169	0.00496752	0.21145	0.993621
13	54160000	54180000	10154	74	10200	10260	0.00728777	0.51	0.989669
13	54180000	54200000	12018	94	10317	12148	0.0078216	0.51585	0.989299
13	54200000	54220000	13391	63	6490	13481	0.00470465	0.3245	0.993324
13	54220000	54240000	9685	78	12451	10376	0.00805369	0.62255	0.933404
13	54240000	54260000	12574	82	11447	12714	0.00652139	0.57235	0.988989
13	54260000	54280000	11467	59	13925	11589	0.0051452	0.69625	0.989473
13	54280000	54300000	13189	67	6524	13300	0.00507999	0.3262	0.991654
13	54300000	54320000	12768	79	7040	12920	0.00618734	0.352	0.988235
13	54320000	54340000	11225	82	11342	11325	0.00730512	0.5671	0.99117
13	54340000	54360000	11568	97	8966	11981	0.0083852	0.4483	0.965529
13	54360000	54380000	12995	111	6593	13122	0.00854175	0.32965	0.990322
13	54380000	54400000	14912	108	3309	15086	0.00724249	0.16545	0.988466
13	54400000	54420000	10248	87	12095	10409	0.00848946	0.60475	0.984533
13	54420000	54440000	12974	88	7523	13839	0.0067828	0.37615	0.937495
13	54440000	54460000	13133	54	8740	13813	0.00411178	0.437	0.950771
13	54460000	54480000	10095	117	8346	10259	0.0115899	0.4173	0.984014
13	54480000	54500000	12291	60	7115	12418	0.00488162	0.35575	0.989773
13	54500000	54520000	12686	64	7227	12826	0.00504493	0.36135	0.989085
13	54520000	54540000	11268	78	12408	11539	0.00692226	0.6204	0.976514
13	54540000	54560000	8694	69	16666	8781	0.00793651	0.8333	0.990092
13	54560000	54580000	12999	75	6917	13136	0.00576967	0.34585	0.989571
13	54580000	54600000	10602	70	10595	10729	0.00660253	0.52975	0.988163
13	54600000	54620000	8412	57	11512	8857	0.00677603	0.5756	0.949757
13	54620000	54640000	10068	72	8942	10249	0.00715137	0.4471	0.98234
13	54640000	54660000	12859	108	5264	13027	0.00839879	0.2632	0.987104
13	54660000	54680000	9953	95	14024	10059	0.00954486	0.7012	0.989462
13	54680000	54700000	13124	84	4287	13389	0.00640049	0.21435	0.980208
13	54700000	54720000	9294	52	11648	9378	0.00559501	0.5824	0.991043
13	54720000	54740000	11650	70	9019	12501	0.00600858	0.45095	0.931925
13	54740000	54760000	13495	62	4433	13636	0.00459429	0.22165	0.98966
13	54760000	54780000	12803	62	6325	12956	0.00484262	0.31625	0.988191
13	54780000	54800000	9244	33	11524	9327	0.00356988	0.5762	0.991101
13	54800000	54820000	13673	85	10893	13781	0.00621663	0.54465	0.992163
13	54820000	54840000	12642	80	9372	12756	0.00632811	0.4686	0.991063
13	54840000	54860000	6416	24	14424	6491	0.00374065	0.7212	0.988446
13	54860000	54880000	8729	62	13862	8826	0.00710276	0.6931	0.98901
13	54880000	54900000	5252	43	12999	7751	0.00818736	0.64995	0.67759
13	54900000	54920000	12057	80	10343	12378	0.00663515	0.51715	0.974067
13	54920000	54940000	12116	89	10208	12242	0.00734566	0.5104	0.989708
13	54940000	54960000	12007	85	10860	12130	0.0070792	0.543	0.98986
13	54960000	54980000	12401	78	9647	12495	0.00628982	0.48235	0.992477
13	54980000	55000000	9165	43	12828	9240	0.00469176	0.6414	0.991883
13	55000000	55020000	11633	58	9311	11718	0.00498582	0.46555	0.992746
13	55020000	55040000	11796	69	8329	11933	0.00584944	0.41645	0.988519
13	55040000	55060000	13075	88	5983	13197	0.0067304	0.29915	0.990755
13	55060000	55080000	8849	73	16029	8958	0.00824952	0.80145	0.987832
13	55080000	55100000	13043	85	7908	13184	0.00651691	0.3954	0.989305
13	55100000	55120000	12745	109	7724	13523	0.00855237	0.3862	0.942468
13	55120000	55140000	6335	46	10291	10516	0.00726125	0.51455	0.602415
13	55140000	55160000	12155	58	9898	12265	0.0047717	0.4949	0.991031
13	55160000	55180000	10237	50	11713	10322	0.00488424	0.58565	0.991765
13	55180000	55200000	12681	79	9290	13131	0.00622979	0.4645	0.96573
13	55200000	55220000	13101	64	7645	13199	0.00488512	0.38225	0.992575
13	55220000	55240000	12060	64	12359	12163	0.0053068	0.61795	0.991532
13	55240000	55260000	10162	89	10961	10310	0.00875812	0.54805	0.985645
13	55260000	55280000	2673	22	19704	6967	0.00823045	0.9852	0.383666
13	55280000	55300000	6022	52	16303	6439	0.008635	0.81515	0.935238
13	55300000	55320000	8569	64	12004	8671	0.00746878	0.6002	0.988237
13	55320000	55340000	13618	91	6261	13727	0.00668233	0.31305	0.992059
13	55340000	55360000	10953	48	11117	11087	0.00438236	0.55585	0.987914
13	55360000	55380000	12199	83	9319	12344	0.00680384	0.46595	0.988253
13	55380000	55400000	9114	38	12638	9340	0.00416941	0.6319	0.975803
13	55400000	55420000	9266	42	13219	9329	0.0045327	0.66095	0.993247
13	55420000	55440000	11974	72	7824	12093	0.00601303	0.3912	0.99016
13	55440000	55460000	12615	84	8244	12720	0.00665874	0.4122	0.991745
13	55460000	55480000	13260	65	9428	13384	0.00490196	0.4714	0.990735
13	55480000	55500000	5706	32	19816	5760	0.00560813	0.9908	0.990625
13	55500000	55520000	9533	53	13324	10140	0.00555963	0.6662	0.940138
13	55520000	55540000	11193	70	13535	11303	0.00625391	0.67675	0.990268
13	55540000	55560000	13833	95	11839	13941	0.00686764	0.59195	0.992253
13	55560000	55580000	11256	90	10848	11362	0.00799574	0.5424	0.990671
13	55580000	55600000	9603	65	13420	9697	0.00676872	0.671	0.990306
13	55600000	55620000	12818	65	5880	13049	0.00507099	0.294	0.982297
13	55620000	55640000	7001	43	13226	7142	0.00614198	0.6613	0.980258
13	55640000	55660000	9902	45	11115	10016	0.00454454	0.55575	0.988618
13	55660000	55680000	11322	44	13451	11452	0.00388624	0.67255	0.988648
13	55680000	55700000	13264	57	8787	13389	0.00429735	0.43935	0.990664
13	55700000	55720000	8656	55	11920	8744	0.00635397	0.596	0.989936
13	55720000	55740000	12710	65	8780	12800	0.00511408	0.439	0.992969
13	55740000	55760000	8293	50	14460	9316	0.00602918	0.723	0.890189
13	55760000	55780000	13271	78	10872	13407	0.00587748	0.5436	0.989856
13	55780000	55800000	12700	94	7137	12866	0.00740157	0.35685	0.987098
13	55800000	55820000	12417	92	11352	13296	0.0074092	0.5676	0.93389
13	55820000	55840000	12305	46	10734	12436	0.00373832	0.5367	0.989466
13	55840000	55860000	8142	45	11024	8197	0.0055269	0.5512	0.99329
13	55860000	55880000	12857	86	8432	12956	0.00668896	0.4216	0.992359
13	55880000	55900000	11726	62	9963	11842	0.0052874	0.49815	0.990204
13	55900000	55920000	8000	56	15151	10595	0.007	0.75755	0.755073
13	55920000	55940000	10979	62	8855	11081	0.00564714	0.44275	0.990795
13	55940000	55960000	12658	52	6791	12773	0.00410807	0.33955	0.990997
13	55960000	55980000	13229	50	7640	13341	0.00377958	0.382	0.991605
13	55980000	56000000	10637	63	9124	11185	0.00592272	0.4562	0.951006
13	56000000	56020000	11258	74	13817	11378	0.0065731	0.69085	0.989453
13	56020000	56040000	9334	52	11612	9583	0.00557103	0.5806	0.974016
13	56040000	56060000	11012	59	12766	11085	0.00535779	0.6383	0.993415
13	56060000	56080000	10991	69	14941	11068	0.00627786	0.74705	0.993043
13	56080000	56100000	10149	65	10122	10250	0.00640457	0.5061	0.990146
13	56100000	56120000	13953	75	8235	14107	0.00537519	0.41175	0.989083
13	56120000	56140000	11940	67	8148	12048	0.00561139	0.4074	0.991036
13	56140000	56160000	9023	54	13706	9238	0.00598471	0.6853	0.976727
13	56160000	56180000	8949	53	11316	9104	0.00592245	0.5658	0.982975
13	56180000	56200000	11855	110	9268	11985	0.00927879	0.4634	0.989153
13	56200000	56220000	9062	64	10309	9648	0.00706246	0.51545	0.939262
13	56220000	56240000	8437	69	10977	8523	0.00817826	0.54885	0.98991
13	56240000	56260000	11941	89	9858	12041	0.00745331	0.4929	0.991695
13	56260000	56280000	11164	83	10641	11269	0.00743461	0.53205	0.990682
13	56280000	56300000	11375	89	11903	11535	0.00782418	0.59515	0.986129
13	56300000	56320000	10898	44	12101	11033	0.00403744	0.60505	0.987764
13	56320000	56340000	13057	100	6068	13582	0.00765873	0.3034	0.961346
13	56340000	56360000	4114	28	10318	4164	0.00680603	0.5159	0.987992
13	56360000	56380000	0	0	12458	0		0.6229	
13	56380000	56400000	8074	50	13797	8401	0.00619272	0.68985	0.961076
13	56400000	56420000	12331	81	11265	12495	0.00656881	0.56325	0.986875
13	56420000	56440000	10182	71	12732	10499	0.00697309	0.6366	0.969807
13	56440000	56460000	6204	49	19946	9161	0.00789813	0.9973	0.677219
13	56460000	56480000	12314	76	8126	12489	0.00617184	0.4063	0.985988
13	56480000	56500000	11879	67	12891	12013	0.00564021	0.64455	0.988845
13	56500000	56520000	13288	87	13235	13416	0.00654726	0.66175	0.990459
13	56520000	56540000	8073	78	16737	8163	0.00966184	0.83685	0.988975
13	56540000	56560000	10582	41	10311	11260	0.0038745	0.51555	0.939787
13	56560000	56580000	10669	74	10986	10765	0.00693598	0.5493	0.991082
13	56580000	56600000	11230	70	11061	12596	0.0062333	0.55305	0.891553
13	56600000	56620000	8335	49	14905	8417	0.00587882	0.74525	0.990258
13	56620000	56640000	12831	83	5623	12996	0.00646871	0.28115	0.987304
13	56640000	56660000	13727	87	4075	13842	0.00633787	0.20375	0.991692
13	56660000	56680000	10889	73	12888	11005	0.00670401	0.6444	0.989459
13	56680000	56700000	8774	59	15190	9018	0.00672441	0.7595	0.972943
13	56700000	56720000	12500	122	8500	12641	0.00976	0.425	0.988846
13	56720000	56740000	10410	69	10793	11062	0.00662824	0.53965	0.941059
13	56740000	56760000	9929	44	12696	10216	0.00443146	0.6348	0.971907
13	56760000	56780000	11321	86	9228	11512	0.0075965	0.4614	0.983409
13	56780000	56800000	13444	110	8433	13783	0.00818209	0.42165	0.975404
13	56800000	56820000	10301	68	12092	10390	0.0066013	0.6046	0.991434
13	56820000	56840000	11295	102	12383	11471	0.00903054	0.61915	0.984657
13	56840000	56860000	10743	72	9095	10855	0.00670204	0.45475	0.989682
13	56860000	56880000	11827	77	9677	11946	0.00651053	0.48385	0.990039
13	56880000	56900000	13434	92	5709	13591	0.0068483	0.28545	0.988448
13	56900000	56920000	11775	72	13480	11896	0.00611465	0.674	0.989829
13	56920000	56940000	11471	81	10252	11567	0.00706128	0.5126	0.991701
13	56940000	56960000	11190	74	12567	11400	0.00661305	0.62835	0.981579
13	56960000	56980000	8532	68	14498	10028	0.00797	0.7249	0.850818
13	56980000	57000000	9921	72	10411	10032	0.00725733	0.52055	0.988935
13	57000000	57020000	7876	59	12177	12944	0.00749111	0.60885	0.608467
13	57020000	57040000	7516	79	14634	7633	0.0105109	0.7317	0.984672
13	57040000	57060000	7215	55	11139	7299	0.00762301	0.55695	0.988492
13	57060000	57080000	8563	64	10565	11685	0.00747402	0.52825	0.73282
13	57080000	57100000	9402	41	10462	9538	0.00436077	0.5231	0.985741
13	57100000	57120000	12560	57	8875	12712	0.00453822	0.44375	0.988043
13	57120000	57140000	12002	71	8708	12165	0.00591568	0.4354	0.986601
13	57140000	57160000	11079	56	12947	11177	0.00505461	0.64735	0.991232
13	57160000	57180000	12352	66	11548	12514	0.00534326	0.5774	0.987054
13	57180000	57200000	10686	55	10078	10801	0.00514692	0.5039	0.989353
13	57200000	57220000	4198	23	16592	5360	0.0054788	0.8296	0.783209
13	57220000	57240000	9065	36	16439	9156	0.00397132	0.82195	0.990061
13	57240000	57260000	13596	49	8698	13745	0.003604	0.4349	0.98916
13	57260000	57280000	12689	84	10761	12778	0.00661991	0.53805	0.993035
13	57280000	57300000	13601	54	10706	13696	0.0039703	0.5353	0.993064
13	57300000	57320000	11398	62	9873	11511	0.00543955	0.49365	0.990183
13	57320000	57340000	10593	45	11227	10699	0.00424809	0.56135	0.990093
13	57340000	57360000	10744	47	11330	10838	0.00437453	0.5665	0.991327
13	57360000	57380000	11739	75	11711	11913	0.00638896	0.58555	0.985394
13	57380000	57400000	7128	44	16528	7278	0.00617284	0.8264	0.97939
13	57400000	57420000	11901	59	10471	12017	0.00495757	0.52355	0.990347
13	57420000	57440000	13217	72	6586	13324	0.00544753	0.3293	0.991969
13	57440000	57460000	9326	64	10153	9428	0.00686253	0.50765	0.989181
13	57460000	57480000	11879	71	7703	12011	0.00597693	0.38515	0.98901
13	57480000	57500000	11145	84	9377	11951	0.00753701	0.46885	0.932558
13	57500000	57520000	12775	56	7203	12995	0.00438356	0.36015	0.98307
13	57520000	57540000	12975	42	6901	13376	0.00323699	0.34505	0.970021
13	57540000	57560000	7060	54	17478	7131	0.00764873	0.8739	0.990043
13	57560000	57580000	9805	46	9957	9907	0.00469148	0.49785	0.989704
13	57580000	57600000	10106	93	12267	10441	0.00920245	0.61335	0.967915
13	57600000	57620000	10723	83	8678	10869	0.00774037	0.4339	0.986567
13	57620000	57640000	11062	88	9059	11185	0.00795516	0.45295	0.989003
13	57640000	57660000	11425	63	10214	11580	0.00551422	0.5107	0.986615
13	57660000	57680000	12540	84	11946	12691	0.00669856	0.5973	0.988102
13	57680000	57700000	9690	56	12613	9848	0.00577915	0.63065	0.983956
13	57700000	57720000	8501	51	8429	8610	0.00599929	0.42145	0.98734
13	57720000	57740000	0	0	7603	0		0.38015	
13	57740000	57760000	1314	4	11669	1545	0.00304414	0.58345	0.850485
13	57760000	57780000	8153	63	9991	8255	0.00772722	0.49955	0.987644
13	57780000	57800000	1227	11	7312	1234	0.00896496	0.3656	0.994327
13	57800000	57820000	6607	32	10551	6719	0.00484335	0.52755	0.983331
13	57820000	57840000	13969	63	10345	14077	0.00450999	0.51725	0.992328
13	57840000	57860000	11119	61	15298	11198	0.0054861	0.7649	0.992945
13	57860000	57880000	13272	61	7764	13367	0.00459614	0.3882	0.992893
13	57880000	57900000	10660	70	8734	10748	0.0065666	0.4367	0.991812
13	57900000	57920000	11437	48	9651	11551	0.0041969	0.48255	0.990131
13	57920000	57940000	10480	52	10891	10613	0.00496183	0.54455	0.987468
13	57940000	57960000	12393	57	10433	12502	0.00459937	0.52165	0.991281
13	57960000	57980000	12246	59	9569	12369	0.0048179	0.47845	0.990056
13	57980000	58000000	10875	77	10387	11035	0.00708046	0.51935	0.985501
13	58000000	58020000	7460	41	14675	7562	0.00549598	0.73375	0.986512
13	58020000	58040000	12589	81	7991	12735	0.00643419	0.39955	0.988536
13	58040000	58060000	9773	51	13518	9862	0.00521846	0.6759	0.990975
13	58060000	58080000	10164	55	11609	10287	0.00541126	0.58045	0.988043
13	58080000	58100000	14025	61	14308	14281	0.00434938	0.7154	0.982074
13	58100000	58120000	5513	25	13737	5641	0.00453474	0.68685	0.977309
13	58120000	58140000	12214	70	7609	12308	0.00573113	0.38045	0.992363
13	58140000	58160000	8218	83	15855	8320	0.0100998	0.79275	0.98774
13	58160000	58180000	12998	57	5841	13146	0.00438529	0.29205	0.988742
13	58180000	58200000	12947	46	5540	13036	0.00355295	0.277	0.993173
13	58200000	58220000	13784	66	1052	13891	0.00478816	0.0526	0.992297
13	58220000	58240000	12800	65	4730	12891	0.00507813	0.2365	0.992941
13	58240000	58260000	13312	52	4492	13432	0.00390625	0.2246	0.991066
13	58260000	58280000	13009	56	3791	13358	0.00430471	0.18955	0.973873
13	58280000	58300000	13826	61	2715	13917	0.00441198	0.13575	0.993461
13	58300000	58320000	13086	69	3626	13195	0.00527281	0.1813	0.991739
13	58320000	58340000	10604	57	9885	12801	0.00537533	0.49425	0.828373
13	58340000	58360000	10065	54	13884	10141	0.00536513	0.6942	0.992506
13	58360000	58380000	12474	56	10197	12549	0.00448934	0.50985	0.994023
13	58380000	58400000	11123	69	12445	11223	0.00620336	0.62225	0.99109
13	58400000	58420000	12063	89	7839	12149	0.00737793	0.39195	0.992921
13	58420000	58440000	11276	80	7607	11485	0.00709471	0.38035	0.981802
13	58440000	58460000	9536	75	13073	9634	0.00786493	0.65365	0.989828
13	58460000	58480000	9462	67	10197	9554	0.00708096	0.50985	0.990371
13	58480000	58500000	13639	63	10206	13781	0.00461911	0.5103	0.989696
13	58500000	58520000	14213	77	8834	14315	0.00541758	0.4417	0.992875
13	58520000	58540000	9980	52	11127	10060	0.00521042	0.55635	0.992048
13	58540000	58560000	10652	84	8391	10816	0.00788584	0.41955	0.984837
13	58560000	58580000	9976	63	12466	10064	0.00631516	0.6233	0.991256
13	58580000	58600000	11697	74	8905	11805	0.00632641	0.44525	0.990851
13	58600000	58620000	12988	61	4848	13115	0.00469664	0.2424	0.990316
13	58620000	58640000	12383	79	8051	12569	0.00637971	0.40255	0.985202
13	58640000	58660000	13802	71	9953	13911	0.00514418	0.49765	0.992164
13	58660000	58680000	11505	70	12832	11637	0.00608431	0.6416	0.988657
13	58680000	58700000	10904	90	12001	12572	0.00825385	0.60005	0.867324
13	58700000	58720000	7833	61	13073	7920	0.00778757	0.65365	0.989015
13	58720000	58740000	12815	80	7113	12946	0.00624268	0.35565	0.989881
13	58740000	58760000	8637	47	13634	8708	0.0054417	0.6817	0.991847
13	58760000	58780000	13229	79	8179	13335	0.00597173	0.40895	0.992051
13	58780000	58800000	12650	71	13949	12931	0.00561265	0.69745	0.978269
13	58800000	58820000	9330	43	13819	9395	0.00460879	0.69095	0.993081
13	58820000	58840000	11822	49	8848	11892	0.00414481	0.4424	0.994114
13	58840000	58860000	11960	52	8994	12054	0.00434783	0.4497	0.992202
13	58860000	58880000	11599	46	8467	11744	0.00396586	0.42335	0.987653
13	58880000	58900000	11910	51	6158	12018	0.00428212	0.3079	0.991013
13	58900000	58920000	10056	37	9468	10184	0.0036794	0.4734	0.987431
13	58920000	58940000	9733	47	8573	9808	0.00482893	0.42865	0.992353
13	58940000	58960000	13770	45	6698	14072	0.00326797	0.3349	0.978539
13	58960000	58980000	11874	46	10873	11993	0.00387401	0.54365	0.990078
13	58980000	59000000	13805	38	6608	13962	0.00275263	0.3304	0.988755
13	59000000	59020000	8552	27	7465	12920	0.00315716	0.37325	0.66192
13	59020000	59040000	11145	35	11642	11307	0.00314042	0.5821	0.985673
13	59040000	59060000	13002	52	7389	13082	0.00399938	0.36945	0.993885
13	59060000	59080000	10492	58	9365	10632	0.00552802	0.46825	0.986832
13	59080000	59100000	6250	56	14064	6297	0.00896	0.7032	0.992536
13	59100000	59120000	6597	44	11516	6689	0.0066697	0.5758	0.986246
13	59120000	59140000	13536	77	6275	13613	0.00568853	0.31375	0.994344
13	59140000	59160000	12225	74	12347	12350	0.00605317	0.61735	0.989879
13	59160000	59180000	12904	77	7683	13084	0.00596714	0.38415	0.986243
13	59180000	59200000	11291	51	8676	12205	0.00451687	0.4338	0.925113
13	59200000	59220000	11874	66	8156	12356	0.00555836	0.4078	0.960991
13	59220000	59240000	12421	51	6545	12516	0.00410595	0.32725	0.99241
13	59240000	59260000	8397	30	11065	8476	0.0035727	0.55325	0.99068
13	59260000	59280000	10548	45	15257	11021	0.00426621	0.76285	0.957082
13	59280000	59300000	8151	55	12499	10174	0.00674764	0.62495	0.80116
13	59300000	59320000	12293	65	8342	13067	0.00528756	0.4171	0.940767
13	59320000	59340000	12764	89	6617	13120	0.00697274	0.33085	0.972866
13	59340000	59360000	9776	63	11511	9859	0.00644435	0.57555	0.991581
13	59360000	59380000	10603	61	9402	10699	0.00575309	0.4701	0.991027
13	59380000	59400000	11005	50	9391	11122	0.00454339	0.46955	0.98948
13	59400000	59420000	11188	49	10095	11282	0.00437969	0.50475	0.991668
13	59420000	59440000	8972	86	12198	9045	0.00958538	0.6099	0.991929
13	59440000	59460000	12964	91	9825	13092	0.00701944	0.49125	0.990223
13	59460000	59480000	12147	77	9070	12394	0.00633901	0.4535	0.980071
13	59480000	59500000	13950	72	7889	14056	0.00516129	0.39445	0.992459
13	59500000	59520000	12909	64	9826	13364	0.00495778	0.4913	0.965953
13	59520000	59540000	10716	50	7760	10805	0.00466592	0.388	0.991763
13	59540000	59560000	10415	61	7890	10556	0.00585694	0.3945	0.986643
13	59560000	59580000	11089	49	8868	11169	0.00441879	0.4434	0.992837
13	59580000	59600000	12879	61	7618	12986	0.00473639	0.3809	0.99176
13	59600000	59620000	9576	59	9971	9652	0.00616124	0.49855	0.992126
13	59620000	59640000	12242	54	8111	12340	0.00441104	0.40555	0.992058
13	59640000	59660000	12664	57	9246	12770	0.00450095	0.4623	0.991699
13	59660000	59680000	13797	64	6872	13866	0.00463869	0.3436	0.995024
13	59680000	59700000	11476	52	9350	11619	0.0045312	0.4675	0.987693
13	59700000	59720000	13729	59	5820	13838	0.00429747	0.291	0.992123
13	59720000	59740000	11654	55	10699	11886	0.00471941	0.53495	0.980481
13	59740000	59760000	10153	60	11000	10244	0.00590958	0.55	0.991117
13	59760000	59780000	13319	78	9607	13422	0.0058563	0.48035	0.992326
13	59780000	59800000	12691	90	8563	12798	0.00709164	0.42815	0.991639
13	59800000	59820000	13757	99	7531	13853	0.00719634	0.37655	0.99307
13	59820000	59840000	13300	84	7707	13406	0.00631579	0.38535	0.992093
13	59840000	59860000	12913	80	7192	12992	0.00619531	0.3596	0.993919
13	59860000	59880000	8501	39	14996	8586	0.0045877	0.7498	0.9901
13	59880000	59900000	11080	62	9174	11280	0.00559567	0.4587	0.98227
13	59900000	59920000	12309	72	7874	12732	0.00584938	0.3937	0.966777
13	59920000	59940000	12825	91	8346	12953	0.00709552	0.4173	0.990118
13	59940000	59960000	8922	56	11633	9029	0.00627662	0.58165	0.988149
13	59960000	59980000	9662	48	12056	9767	0.00496792	0.6028	0.98925
13	59980000	60000000	11654	77	10199	11780	0.00660717	0.50995	0.989304
13	60000000	60020000	6322	40	12866	7031	0.00632711	0.6433	0.899161
13	60020000	60040000	13769	98	6667	13881	0.00711744	0.33335	0.991931
13	60040000	60060000	11367	48	11258	11447	0.00422275	0.5629	0.993011
13	60060000	60080000	12872	76	7956	13072	0.00590429	0.3978	0.9847
13	60080000	60100000	10251	84	10552	10439	0.00819432	0.5276	0.981991
13	60100000	60120000	12524	60	9391	12621	0.0047908	0.46955	0.992314
13	60120000	60140000	5292	44	18880	5344	0.00831444	0.944	0.990269
13	60140000	60160000	11480	67	10806	11598	0.00583624	0.5403	0.989826
13	60160000	60180000	7959	47	16038	8101	0.00590526	0.8019	0.982471
13	60180000	60200000	10198	54	14162	10305	0.00529516	0.7081	0.989617
13	60200000	60220000	13876	103	8490	14529	0.00742289	0.4245	0.955055
13	60220000	60240000	11882	55	8030	11980	0.00462885	0.4015	0.99182
13	60240000	60260000	13356	54	5930	13448	0.00404313	0.2965	0.993159
13	60260000	60280000	14614	39	5368	14723	0.00266867	0.2684	0.992597
13	60280000	60300000	12440	61	8241	12533	0.00490354	0.41205	0.99258
13	60300000	60320000	11773	42	6793	11881	0.00356748	0.33965	0.99091
13	60320000	60340000	11074	55	7426	11502	0.00496659	0.3713	0.962789
13	60340000	60360000	13354	86	6863	13460	0.00644002	0.34315	0.992125
13	60360000	60380000	12881	83	7135	13988	0.0064436	0.35675	0.920861
13	60380000	60400000	12222	69	8201	12348	0.00564556	0.41005	0.989796
13	60400000	60420000	12078	81	7706	12199	0.00670641	0.3853	0.990081
13	60420000	60440000	11069	77	7915	11136	0.00695636	0.39575	0.993983
13	60440000	60460000	12923	67	8259	13005	0.00518455	0.41295	0.993695
13	60460000	60480000	12908	55	10448	12988	0.00426092	0.5224	0.99384
13	60480000	60500000	13074	48	7695	13157	0.00367141	0.38475	0.993692
13	60500000	60520000	12945	59	8159	13028	0.00455774	0.40795	0.993629
13	60520000	60540000	11060	41	8727	11158	0.00370705	0.43635	0.991217
13	60540000	60560000	13061	57	7024	13369	0.00436414	0.3512	0.976962
13	60560000	60580000	12712	48	6628	12813	0.00377596	0.3314	0.992117
13	60580000	60600000	12096	36	8651	12294	0.00297619	0.43255	0.983895
13	60600000	60620000	10600	46	9610	11149	0.00433962	0.4805	0.950758
13	60620000	60640000	10086	45	12897	10168	0.00446163	0.64485	0.991935
13	60640000	60660000	12905	45	8094	13006	0.00348702	0.4047	0.992234
13	60660000	60680000	12743	48	6915	12816	0.00376677	0.34575	0.994304
13	60680000	60700000	13008	75	9086	13111	0.00576568	0.4543	0.992144
13	60700000	60720000	12785	52	7089	12868	0.00406727	0.35445	0.99355
13	60720000	60740000	12313	44	6726	12657	0.00357346	0.3363	0.972821
13	60740000	60760000	11135	64	10725	11222	0.00574764	0.53625	0.992247
13	60760000	60780000	10678	60	10448	10749	0.00561903	0.5224	0.993395
13	60780000	60800000	11616	80	9702	11742	0.00688705	0.4851	0.989269
13	60800000	60820000	12552	50	10417	12672	0.00398343	0.52085	0.99053
13	60820000	60840000	5603	29	17940	5867	0.0051758	0.897	0.955003
13	60840000	60860000	8708	54	9632	9535	0.00620119	0.4816	0.913267
13	60860000	60880000	10024	48	8013	11534	0.00478851	0.40065	0.869083
13	60880000	60900000	9816	55	11866	10256	0.0056031	0.5933	0.957098
13	60900000	60920000	12688	81	8550	12799	0.00638398	0.4275	0.991327
13	60920000	60940000	12246	81	10582	12366	0.0066144	0.5291	0.990296
13	60940000	60960000	11530	78	8951	11619	0.00676496	0.44755	0.99234
13	60960000	60980000	9746	66	8697	9820	0.00677201	0.43485	0.992464
13	60980000	61000000	10243	53	12833	10330	0.00517427	0.64165	0.991578
13	61000000	61020000	11890	51	7161	12087	0.00428932	0.35805	0.983701
13	61020000	61040000	11263	44	8350	11367	0.0039066	0.4175	0.990851
13	61040000	61060000	8674	46	12980	8736	0.0053032	0.649	0.992903
13	61060000	61080000	5671	29	15938	5705	0.00511374	0.7969	0.99404
13	61080000	61100000	9180	53	10532	9487	0.00577342	0.5266	0.96764
13	61100000	61120000	12621	52	4229	12728	0.00412012	0.21145	0.991593
13	61120000	61140000	11084	51	7681	11239	0.00460123	0.38405	0.986209
13	61140000	61160000	11365	63	8715	11461	0.00554333	0.43575	0.991624
13	61160000	61180000	9053	80	11828	9139	0.00883685	0.5914	0.99059
13	61180000	61200000	1238	9	7710	12893	0.00726979	0.3855	0.0960211
13	61200000	61220000	9304	65	12060	10698	0.00698624	0.603	0.869695
13	61220000	61240000	9552	62	17360	9652	0.00649079	0.868	0.989639
13	61240000	61260000	10279	78	13728	10400	0.00758829	0.6864	0.988365
13	61260000	61280000	11507	85	8608	11653	0.00738681	0.4304	0.987471
13	61280000	61300000	9706	49	8936	9794	0.00504842	0.4468	0.991015
13	61300000	61320000	6509	40	11329	9216	0.00614534	0.56645	0.706272
13	61320000	61340000	11308	79	9654	11458	0.0069862	0.4827	0.986909
13	61340000	61360000	6086	51	17581	6148	0.00837989	0.87905	0.989915
13	61360000	61380000	9415	61	10660	9711	0.00647902	0.533	0.969519
13	61380000	61400000	12262	92	10368	12375	0.00750285	0.5184	0.990869
13	61400000	61420000	7426	56	15714	7502	0.00754107	0.7857	0.989869
13	61420000	61440000	11359	43	9707	11462	0.00378554	0.48535	0.991014
13	61440000	61460000	11067	75	11590	11190	0.0067769	0.5795	0.989008
13	61460000	61480000	10026	49	10864	10116	0.00488729	0.5432	0.991103
13	61480000	61500000	13448	100	7458	13569	0.00743605	0.3729	0.991083
13	61500000	61520000	11168	87	10046	11260	0.00779011	0.5023	0.991829
13	61520000	61540000	11542	78	11693	11634	0.00675793	0.58465	0.992092
13	61540000	61560000	9806	66	13073	9953	0.00673057	0.65365	0.985231
13	61560000	61580000	9106	63	13443	9188	0.00691852	0.67215	0.991075
13	61580000	61600000	10655	55	10034	11176	0.0051619	0.5017	0.953382
13	61600000	61620000	13042	79	9447	13164	0.00605735	0.47235	0.990732
13	61620000	61640000	11674	62	10404	12334	0.00531095	0.5202	0.946489
13	61640000	61660000	12139	69	9666	12274	0.00568416	0.4833	0.989001
13	61660000	61680000	7110	43	14522	7188	0.00604782	0.7261	0.989149
13	61680000	61700000	8127	82	16283	8196	0.0100898	0.81415	0.991581
13	61700000	61720000	10956	66	8842	11335	0.0060241	0.4421	0.966564
13	61720000	61740000	11911	61	7881	13329	0.00512132	0.39405	0.893615
13	61740000	61760000	12363	67	7992	12487	0.0054194	0.3996	0.99007
13	61760000	61780000	13861	80	5169	14043	0.00577159	0.25845	0.98704
13	61780000	61800000	3991	30	16023	4125	0.00751691	0.80115	0.967515
13	61800000	61820000	7254	41	16999	8450	0.00565205	0.84995	0.858462
13	61820000	61840000	12441	72	9299	12671	0.00578732	0.46495	0.981848
13	61840000	61860000	9009	68	15220	9102	0.00754801	0.761	0.989782
13	61860000	61880000	9021	83	15418	9129	0.00920075	0.7709	0.98817
13	61880000	61900000	9908	42	15001	10011	0.004239	0.75005	0.989711
13	61900000	61920000	9476	66	10738	9584	0.00696496	0.5369	0.988731
13	61920000	61940000	10946	42	9513	11031	0.00383702	0.47565	0.992294
13	61940000	61960000	10254	62	11673	10357	0.00604642	0.58365	0.990055
13	61960000	61980000	11632	73	6354	12494	0.00627579	0.3177	0.931007
13	61980000	62000000	13421	57	3081	14203	0.00424708	0.15405	0.944941
13	62000000	62020000	11727	69	9108	11840	0.00588386	0.4554	0.990456
13	62020000	62040000	11943	86	9943	12056	0.00720087	0.49715	0.990627
13	62040000	62060000	11304	105	10508	12131	0.00928875	0.5254	0.931828
13	62060000	62080000	6161	28	6043	13630	0.00454472	0.30215	0.452018
13	62080000	62100000	10669	56	9989	10758	0.00524885	0.49945	0.991727
13	62100000	62120000	12260	60	7889	12380	0.00489396	0.39445	0.990307
13	62120000	62140000	11960	82	9953	12085	0.00685619	0.49765	0.989657
13	62140000	62160000	10060	68	13969	10535	0.00675944	0.69845	0.954912
13	62160000	62180000	12436	76	9728	12572	0.00611129	0.4864	0.989182
13	62180000	62200000	10430	96	14165	10770	0.00920422	0.70825	0.968431
13	62200000	62220000	7257	38	15062	7327	0.00523632	0.7531	0.990446
13	62220000	62240000	11234	86	13241	11364	0.00765533	0.66205	0.98856
13	62240000	62260000	7716	58	13231	7817	0.00751685	0.66155	0.987079
13	62260000	62280000	11601	58	14043	11694	0.00499957	0.70215	0.992047
13	62280000	62300000	11159	77	14517	11257	0.00690026	0.72585	0.991294
13	62300000	62320000	10559	57	11288	10658	0.00539824	0.5644	0.990711
13	62320000	62340000	10251	44	14224	10415	0.00429226	0.7112	0.984253
13	62340000	62360000	13559	61	9365	13629	0.00449886	0.46825	0.994864
13	62360000	62380000	12080	91	9887	12578	0.00753311	0.49435	0.960407
13	62380000	62400000	10037	66	11876	10143	0.00657567	0.5938	0.989549
13	62400000	62420000	2593	21	8118	11092	0.00809873	0.4059	0.233772
13	62420000	62440000	0	0	6853	13284		0.34265	0
13	62440000	62460000	0	0	13668	10435		0.6834	0
13	62460000	62480000	0	0	13202	12865		0.6601	0
13	62480000	62500000	0	0	10169	11522		0.50845	0
13	62500000	62520000	10210	120	11756	10864	0.0117532	0.5878	0.939801
13	62520000	62540000	10273	95	10917	10499	0.00924754	0.54585	0.978474
13	62540000	62560000	12856	125	10160	12988	0.00972309	0.508	0.989837
13	62560000	62580000	14351	86	8316	14524	0.00599261	0.4158	0.988089
13	62580000	62600000	13485	97	10203	13745	0.00719318	0.51015	0.981084
13	62600000	62620000	12751	82	4310	12852	0.00643087	0.2155	0.992141
13	62620000	62640000	10194	55	8988	10304	0.00539533	0.4494	0.989325
13	62640000	62660000	10397	75	9787	10702	0.00721362	0.48935	0.971501
13	62660000	62680000	11535	171	8877	11740	0.0148244	0.44385	0.982538
13	62680000	62700000	12042	74	7560	12177	0.00614516	0.378	0.988914
13	62700000	62720000	6458	29	16238	8770	0.00449055	0.8119	0.736374
13	62720000	62740000	3708	24	16215	6611	0.00647249	0.81075	0.560883
13	62740000	62760000	8553	52	14791	8658	0.00607974	0.73955	0.987872
13	62760000	62780000	11200	61	10468	11303	0.00544643	0.5234	0.990887
13	62780000	62800000	12311	75	5847	12421	0.00609211	0.29235	0.991144
13	62800000	62820000	12588	83	8146	12711	0.00659358	0.4073	0.990323
13	62820000	62840000	10536	37	12169	10638	0.00351177	0.60845	0.990412
13	62840000	62860000	10280	98	14490	10552	0.00953307	0.7245	0.974223
13	62860000	62880000	12334	100	6687	12441	0.00810767	0.33435	0.991399
13	62880000	62900000	12162	100	7567	12275	0.00822233	0.37835	0.990794
13	62900000	62920000	10907	77	11424	11059	0.00705969	0.5712	0.986256
13	62920000	62940000	12008	89	9601	12145	0.00741173	0.48005	0.98872
13	62940000	62960000	10346	80	5155	11768	0.00773246	0.25775	0.879164
13	62960000	62980000	9073	72	9461	11425	0.00793563	0.47305	0.794136
13	62980000	63000000	12763	89	7299	12896	0.00697328	0.36495	0.989687
13	63000000	63020000	13531	73	6540	13669	0.00539502	0.327	0.989904
13	63020000	63040000	12043	93	8454	12234	0.00772233	0.4227	0.984388
13	63040000	63060000	11585	76	12135	11736	0.00656021	0.60675	0.987134
13	63060000	63080000	14067	91	5865	14207	0.00646904	0.29325	0.990146
13	63080000	63100000	10743	80	11081	10973	0.00744671	0.55405	0.979039
13	63100000	63120000	12973	99	8502	13119	0.00763123	0.4251	0.988871
13	63120000	63140000	13348	68	10218	13474	0.0050944	0.5109	0.990649
13	63140000	63160000	12362	59	5810	12492	0.00477269	0.2905	0.989593
13	63160000	63180000	12621	101	7877	12783	0.00800254	0.39385	0.987327
13	63180000	63200000	8045	55	14845	8146	0.00683654	0.74225	0.987601
13	63200000	63220000	11480	95	13804	11622	0.00827526	0.6902	0.987782
13	63220000	63240000	12829	96	9523	13736	0.00748305	0.47615	0.933969
13	63240000	63260000	12150	87	5662	12274	0.00716049	0.2831	0.989897
13	63260000	63280000	12044	75	4560	12148	0.00622717	0.228	0.991439
13	63280000	63300000	11834	83	11536	12596	0.00701369	0.5768	0.939505
13	63300000	63320000	10140	56	11643	10252	0.00552268	0.58215	0.989075
13	63320000	63340000	9622	55	13373	10029	0.00571607	0.66865	0.959418
13	63340000	63360000	13161	87	11455	13339	0.00661044	0.57275	0.986656
13	63360000	63380000	6978	50	11710	10954	0.00716538	0.5855	0.637028
13	63380000	63400000	12296	69	10118	12421	0.00561158	0.5059	0.989936
13	63400000	63420000	13182	53	6059	13290	0.00402063	0.30295	0.991874
13	63420000	63440000	12744	65	8510	12869	0.00510044	0.4255	0.990287
13	63440000	63460000	9876	44	14306	9960	0.00445525	0.7153	0.991566
13	63460000	63480000	12282	88	11587	12414	0.00716496	0.57935	0.989367
13	63480000	63500000	12415	115	9242	12540	0.00926299	0.4621	0.990032
13	63500000	63520000	3115	57	12177	3618	0.0182986	0.60885	0.860973
13	63520000	63540000	4567	73	9653	5106	0.0159842	0.48265	0.894438
13	63540000	63560000	9414	114	10109	9653	0.0121096	0.50545	0.975241
13	63560000	63580000	7434	75	18350	7932	0.0100888	0.9175	0.937216
13	63580000	63600000	2405	23	12388	9335	0.00956341	0.6194	0.257633
13	63600000	63620000	2153	94	7120	2298	0.04366	0.356	0.936902
13	63620000	63640000	6161	73	7516	6260	0.0118487	0.3758	0.984185
13	63640000	63660000	11108	75	12870	11290	0.00675189	0.6435	0.98388
13	63660000	63680000	11512	67	10936	12349	0.00582001	0.5468	0.932221
13	63680000	63700000	11875	38	4856	12923	0.0032	0.2428	0.918904
13	63700000	63720000	12992	61	13279	13117	0.0046952	0.66395	0.99047
13	63720000	63740000	11773	84	9331	11863	0.00713497	0.46655	0.992413
13	63740000	63760000	10313	53	9431	10381	0.00513914	0.47155	0.99345
13	63760000	63780000	11071	44	12880	11159	0.00397435	0.644	0.992114
13	63780000	63800000	9204	41	12656	9285	0.00445458	0.6328	0.991276
13	63800000	63820000	10885	88	10488	11006	0.00808452	0.5244	0.989006
13	63820000	63840000	11438	62	9684	12583	0.00542053	0.4842	0.909004
13	63840000	63860000	5647	51	16609	8504	0.00903134	0.83045	0.66404
13	63860000	63880000	11436	63	8944	11531	0.00550892	0.4472	0.991761
13	63880000	63900000	11521	88	11349	11670	0.00763823	0.56745	0.987232
13	63900000	63920000	8613	37	14821	8742	0.00429583	0.74105	0.985244
13	63920000	63940000	7668	40	9882	11243	0.00521648	0.4941	0.682024
13	63940000	63960000	8372	39	8555	11980	0.00465839	0.42775	0.698831
13	63960000	63980000	11568	78	10908	11675	0.00674274	0.5454	0.990835
13	63980000	64000000	11754	62	8389	11908	0.0052748	0.41945	0.987068
13	64000000	64020000	7023	36	13887	8692	0.00512601	0.69435	0.807984
13	64020000	64040000	11118	69	9894	11234	0.00620615	0.4947	0.989674
13	64040000	64060000	10717	66	10804	10827	0.00615844	0.5402	0.98984
13	64060000	64080000	9769	69	12173	10215	0.00706316	0.60865	0.956339
13	64080000	64100000	12574	81	10434	12695	0.00644186	0.5217	0.990469
13	64100000	64120000	7195	40	14657	9358	0.00555942	0.73285	0.768861
13	64120000	64140000	11507	95	8643	11612	0.00825584	0.43215	0.990958
13	64140000	64160000	11008	64	9369	11125	0.00581395	0.46845	0.989483
13	64160000	64180000	9902	65	11159	10556	0.00656433	0.55795	0.938045
13	64180000	64200000	12930	87	8248	13101	0.00672854	0.4124	0.986948
13	64200000	64220000	14203	103	6837	14328	0.00725199	0.34185	0.991276
13	64220000	64240000	10556	60	11495	10680	0.00568397	0.57475	0.98839
13	64240000	64260000	11708	50	7948	11940	0.00427058	0.3974	0.98057
13	64260000	64280000	8667	50	10524	11744	0.00576901	0.5262	0.737994
13	64280000	64300000	0	0	9272	6696		0.4636	0
13	64300000	64320000	7101	27	9506	7240	0.00380228	0.4753	0.980801
13	64320000	64340000	41	0	9537	41	0	0.47685	1
13	64340000	64360000	4104	25	14312	4130	0.00609162	0.7156	0.993705
13	64360000	64380000	104	7	13141	105	0.0673077	0.65705	0.990476
13	64380000	64400000	132	4	6582	136	0.030303	0.3291	0.970588
13	64400000	64420000	313	1	13259	420	0.00319489	0.66295	0.745238
13	64420000	64440000	11451	45	12331	12267	0.00392979	0.61655	0.93348
13	64440000	64460000	12212	63	13377	12328	0.00515886	0.66885	0.990591
13	64460000	64480000	13030	90	8406	13320	0.00690714	0.4203	0.978228
13	64480000	64500000	9218	57	10614	12061	0.00618355	0.5307	0.764282
13	64500000	64520000	11121	77	8301	11681	0.00692384	0.41505	0.952059
13	64520000	64540000	13287	87	10669	13449	0.00654775	0.53345	0.987954
13	64540000	64560000	11391	81	8285	11495	0.00711088	0.41425	0.990953
13	64560000	64580000	12466	73	7502	12605	0.00585593	0.3751	0.988973
13	64580000	64600000	13531	95	7003	13669	0.00702091	0.35015	0.989904
13	64600000	64620000	12558	60	5419	12838	0.00477783	0.27095	0.97819
13	64620000	64640000	11323	45	12119	11436	0.00397421	0.60595	0.990119
13	64640000	64660000	9901	38	11260	10253	0.003838	0.563	0.965669
13	64660000	64680000	8025	51	5621	12719	0.00635514	0.28105	0.630946
13	64680000	64700000	7568	52	10465	7711	0.00687104	0.52325	0.981455
13	64700000	64720000	7497	43	15130	7573	0.00573563	0.7565	0.989964
13	64720000	64740000	11306	83	9497	11744	0.00734123	0.47485	0.962704
13	64740000	64760000	13027	101	12030	13288	0.00775313	0.6015	0.980358
13	64760000	64780000	11512	55	6788	12380	0.00477762	0.3394	0.929887
13	64780000	64800000	8219	37	12721	8264	0.00450176	0.63605	0.994555
13	64800000	64820000	10773	38	13272	11235	0.00352734	0.6636	0.958879
13	64820000	64840000	11650	54	10002	11772	0.00463519	0.5001	0.989636
13	64840000	64860000	9737	43	10897	10246	0.00441614	0.54485	0.950322
13	64860000	64880000	11850	78	14203	11944	0.00658228	0.71015	0.99213
13	64880000	64900000	12069	119	9465	12198	0.00985997	0.47325	0.989424
13	64900000	64920000	13578	111	7894	13714	0.00817499	0.3947	0.990083
13	64920000	64940000	10414	60	9804	10504	0.00576147	0.4902	0.991432
13	64940000	64960000	8920	64	14229	8985	0.00717489	0.71145	0.992766
13	64960000	64980000	13016	82	7315	13121	0.00629994	0.36575	0.991998
13	64980000	65000000	13242	116	10715	13387	0.00876001	0.53575	0.989169
13	65000000	65020000	13212	72	3822	13376	0.00544959	0.1911	0.987739
13	65020000	65040000	13368	64	7320	13495	0.00478755	0.366	0.990589
13	65040000	65060000	13028	90	5901	13167	0.0069082	0.29505	0.989443
13	65060000	65080000	12583	84	7468	12707	0.00667567	0.3734	0.990242
13	65080000	65100000	10089	74	13458	10222	0.00733472	0.6729	0.986989
13	65100000	65120000	13552	84	7972	13681	0.00619835	0.3986	0.990571
13	65120000	65140000	11723	91	13185	11876	0.00776252	0.65925	0.987117
13	65140000	65160000	7921	67	13843	8693	0.00845853	0.69215	0.911193
13	65160000	65180000	10910	59	11617	11019	0.00540788	0.58085	0.990108
13	65180000	65200000	12106	42	6610	12230	0.00346935	0.3305	0.989861
13	65200000	65220000	11928	67	11941	12029	0.00561704	0.59705	0.991604
13	65220000	65240000	11165	89	12111	12673	0.00797134	0.60555	0.881007
13	65240000	65260000	11700	74	14403	11830	0.00632479	0.72015	0.989011
13	65260000	65280000	11686	72	8743	11835	0.00616122	0.43715	0.98741
13	65280000	65300000	7571	44	10952	7651	0.00581165	0.5476	0.989544
13	65300000	65320000	9178	60	14903	9272	0.00653737	0.74515	0.989862
13	65320000	65340000	12296	81	11297	12403	0.00658751	0.56485	0.991373
13	65340000	65360000	9637	62	13351	9748	0.00643354	0.66755	0.988613
13	65360000	65380000	13100	86	8088	13282	0.00656489	0.4044	0.986297
13	65380000	65400000	11705	91	9285	11820	0.00777446	0.46425	0.990271
13	65400000	65420000	7188	47	15141	7270	0.00653868	0.75705	0.988721
13	65420000	65440000	9894	83	11399	10905	0.00838892	0.56995	0.90729
13	65440000	65460000	11572	80	9352	11705	0.00691324	0.4676	0.988637
13	65460000	65480000	11056	80	14341	11155	0.00723589	0.71705	0.991125
13	65480000	65500000	11004	79	11376	11299	0.00717921	0.5688	0.973891
13	65500000	65520000	13060	126	10395	13212	0.00964778	0.51975	0.988495
13	65520000	65540000	10691	59	10029	10797	0.00551866	0.50145	0.990182
13	65540000	65560000	6189	35	16674	6227	0.00565519	0.8337	0.993898
13	65560000	65580000	13148	70	6414	13341	0.005324	0.3207	0.985533
13	65580000	65600000	9748	67	13463	10405	0.0068732	0.67315	0.936857
13	65600000	65620000	10749	76	14752	10994	0.00707043	0.7376	0.977715
13	65620000	65640000	10752	57	9094	10903	0.00530134	0.4547	0.986151
13	65640000	65660000	12318	99	9656	12442	0.00803702	0.4828	0.990034
13	65660000	65680000	11047	90	7754	11155	0.00814701	0.3877	0.990318
13	65680000	65700000	10019	50	11011	10140	0.00499052	0.55055	0.988067
13	65700000	65720000	12035	86	10392	12736	0.00714582	0.5196	0.944959
13	65720000	65740000	10522	55	9702	10617	0.00522714	0.4851	0.991052
13	65740000	65760000	11400	75	9773	11509	0.00657895	0.48865	0.990529
13	65760000	65780000	10920	41	11075	11276	0.00375458	0.55375	0.968429
13	65780000	65800000	9947	61	9928	10014	0.0061325	0.4964	0.993309
13	65800000	65820000	9852	109	14087	9988	0.0110637	0.70435	0.986384
13	65820000	65840000	12476	85	7043	12565	0.00681308	0.35215	0.992917
13	65840000	65860000	10038	96	12334	11657	0.00956366	0.6167	0.861113
13	65860000	65880000	11469	102	10104	11660	0.00889354	0.5052	0.983619
13	65880000	65900000	8523	69	10230	8596	0.00809574	0.5115	0.991508
13	65900000	65920000	10690	65	9120	10900	0.00608045	0.456	0.980734
13	65920000	65940000	10814	77	14516	11025	0.0071204	0.7258	0.980862
13	65940000	65960000	11512	85	12142	11638	0.0073836	0.6071	0.989173
13	65960000	65980000	12104	110	8321	12363	0.0090879	0.41605	0.97905
13	65980000	66000000	10984	48	10616	11192	0.00436999	0.5308	0.981415
13	66000000	66020000	8330	58	12856	8404	0.00696279	0.6428	0.991195
13	66020000	66040000	8393	79	13008	8479	0.00941261	0.6504	0.989857
13	66040000	66060000	7291	30	8985	7675	0.00411466	0.44925	0.949967
13	66060000	66080000	10931	57	12133	11361	0.00521453	0.60665	0.962151
13	66080000	66100000	12202	55	9639	12351	0.00450746	0.48195	0.987936
13	66100000	66120000	12690	80	10047	12825	0.00630418	0.50235	0.989474
13	66120000	66140000	8011	80	16629	8726	0.00998627	0.83145	0.918061
13	66140000	66160000	12257	53	9605	12399	0.00432406	0.48025	0.988547
13	66160000	66180000	9369	57	11196	9565	0.00608389	0.5598	0.979509
13	66180000	66200000	11617	116	11644	11737	0.00998537	0.5822	0.989776
13	66200000	66220000	14378	109	10270	14509	0.00758103	0.5135	0.990971
13	66220000	66240000	12536	50	8203	12652	0.00398851	0.41015	0.990831
13	66240000	66260000	8715	65	16367	8826	0.00745841	0.81835	0.987424
13	66260000	66280000	11694	100	8145	12125	0.00855139	0.40725	0.964454
13	66280000	66300000	11623	90	7071	11779	0.00774327	0.35355	0.986756
13	66300000	66320000	11455	101	12205	11580	0.00881711	0.61025	0.989206
13	66320000	66340000	9797	97	15159	9901	0.00990099	0.75795	0.989496
13	66340000	66360000	12225	59	10517	12343	0.00482618	0.52585	0.99044
13	66360000	66380000	12021	97	6996	12199	0.00806921	0.3498	0.985409
13	66380000	66400000	10099	82	9596	10214	0.00811962	0.4798	0.988741
13	66400000	66420000	13143	130	7813	13299	0.0098912	0.39065	0.98827
13	66420000	66440000	12648	63	6737	12860	0.00498102	0.33685	0.983515
13	66440000	66460000	13002	93	8383	13173	0.00715275	0.41915	0.987019
13	66460000	66480000	11834	56	9627	12063	0.00473213	0.48135	0.981016
13	66480000	66500000	10993	53	11184	11665	0.00482125	0.5592	0.942392
13	66500000	66520000	10984	58	6887	11209	0.00528041	0.34435	0.979927
13	66520000	66540000	12243	95	11504	12367	0.00775954	0.5752	0.989973
13	66540000	66560000	11661	68	10486	11769	0.0058314	0.5243	0.990823
13	66560000	66580000	11096	42	10002	11194	0.00378515	0.5001	0.991245
13	66580000	66600000	9289	63	13374	10045	0.00678222	0.6687	0.924739
13	66600000	66620000	13697	96	8330	13828	0.00700883	0.4165	0.990526
13	66620000	66640000	10124	54	9996	10222	0.00533386	0.4998	0.990413
13	66640000	66660000	12034	71	10058	12905	0.00589995	0.5029	0.932507
13	66660000	66680000	11963	57	8086	12753	0.00476469	0.4043	0.938054
13	66680000	66700000	13633	89	4230	13799	0.00652828	0.2115	0.98797
13	66700000	66720000	9654	59	9011	9841	0.00611146	0.45055	0.980998
13	66720000	66740000	12164	63	7559	12510	0.00517922	0.37795	0.972342
13	66740000	66760000	8740	68	10908	8858	0.00778032	0.5454	0.986679
13	66760000	66780000	10623	100	11310	10748	0.00941354	0.5655	0.98837
13	66780000	66800000	12288	66	9494	12377	0.00537109	0.4747	0.992809
13	66800000	66820000	7271	51	13441	7349	0.00701417	0.67205	0.989386
13	66820000	66840000	8967	66	12196	9050	0.00736032	0.6098	0.990829
13	66840000	66860000	10724	87	8918	10869	0.00811264	0.4459	0.986659
13	66860000	66880000	12295	88	8608	12389	0.00715738	0.4304	0.992413
13	66880000	66900000	13264	77	5175	13813	0.00580519	0.25875	0.960255
13	66900000	66920000	13387	101	4737	13599	0.00754463	0.23685	0.984411
13	66920000	66940000	13393	82	4228	13498	0.0061226	0.2114	0.992221
13	66940000	66960000	13330	66	5075	13442	0.00495124	0.25375	0.991668
13	66960000	66980000	13115	82	4272	13248	0.00625238	0.2136	0.989961
13	66980000	67000000	8439	48	9183	9092	0.00568788	0.45915	0.928179
13	67000000	67020000	13008	65	4451	13255	0.00499692	0.22255	0.981366
13	67020000	67040000	13828	85	2598	13994	0.00614695	0.1299	0.988138
13	67040000	67060000	11969	78	8579	12071	0.00651684	0.42895	0.99155
13	67060000	67080000	12819	87	5690	12954	0.0067868	0.2845	0.989579
13	67080000	67100000	12947	104	6347	13060	0.00803275	0.31735	0.991348
13	67100000	67120000	12472	88	5228	12623	0.00705581	0.2614	0.988038
13	67120000	67140000	10774	73	8104	10879	0.00677557	0.4052	0.990348
13	67140000	67160000	12220	71	5964	12364	0.00581015	0.2982	0.988353
13	67160000	67180000	11854	58	5223	12428	0.00489286	0.26115	0.953814
13	67180000	67200000	9375	66	10443	9475	0.00704	0.52215	0.989446
13	67200000	67220000	12890	95	2834	13023	0.00737005	0.1417	0.989787
13	67220000	67240000	9457	78	10117	9556	0.00824786	0.50585	0.98964
13	67240000	67260000	11780	65	7282	11888	0.00551783	0.3641	0.990915
13	67260000	67280000	12862	98	5366	13016	0.00761934	0.2683	0.988168
13	67280000	67300000	13704	83	5347	13842	0.00605663	0.26735	0.99003
13	67300000	67320000	9636	70	10888	9743	0.00726443	0.5444	0.989018
13	67320000	67340000	11256	115	8989	11378	0.0102168	0.44945	0.989278
13	67340000	67360000	11377	82	8052	11484	0.00720752	0.4026	0.990683
13	67360000	67380000	13553	96	5327	13678	0.0070833	0.26635	0.990861
13	67380000	67400000	7947	57	6626	10615	0.00717252	0.3313	0.748658
13	67400000	67420000	13611	90	3906	13747	0.0066123	0.1953	0.990107
13	67420000	67440000	13219	77	4800	13348	0.00582495	0.24	0.990336
13	67440000	67460000	11864	53	5156	12009	0.0044673	0.2578	0.987926
13	67460000	67480000	13423	94	3538	13577	0.00700291	0.1769	0.988657
13	67480000	67500000	14150	63	2692	14293	0.0044523	0.1346	0.989995
13	67500000	67520000	11783	69	7661	11891	0.00585589	0.38305	0.990918
13	67520000	67540000	12232	70	5441	12335	0.00572269	0.27205	0.99165
13	67540000	67560000	13153	87	5961	13281	0.00661446	0.29805	0.990362
13	67560000	67580000	12716	94	5182	12818	0.00739226	0.2591	0.992042
13	67580000	67600000	13621	83	5113	13775	0.00609353	0.25565	0.98882
13	67600000	67620000	11118	74	7895	11234	0.00665587	0.39475	0.989674
13	67620000	67640000	13829	69	3547	13957	0.00498951	0.17735	0.990829
13	67640000	67660000	12452	57	6891	12589	0.00457758	0.34455	0.989117
13	67660000	67680000	13958	80	3151	14057	0.00573148	0.15755	0.992957
13	67680000	67700000	13174	81	5161	13305	0.00614847	0.25805	0.990154
13	67700000	67720000	12783	84	4653	12905	0.00657123	0.23265	0.990546
13	67720000	67740000	12666	61	4497	12776	0.00481604	0.22485	0.99139
13	67740000	67760000	13599	90	5383	13889	0.00661813	0.26915	0.97912
13	67760000	67780000	13177	85	3274	13301	0.00645063	0.1637	0.990677
13	67780000	67800000	13622	69	1806	13727	0.00506534	0.0903	0.992351
13	67800000	67820000	13170	73	3058	13255	0.0055429	0.1529	0.993587
13	67820000	67840000	13536	93	5195	13665	0.00687057	0.25975	0.99056
13	67840000	67860000	11994	63	7918	12171	0.00525263	0.3959	0.985457
13	67860000	67880000	13331	100	11434	13478	0.00750131	0.5717	0.989093
13	67880000	67900000	11782	86	9148	11918	0.00729927	0.4574	0.988589
13	67900000	67920000	10922	72	10550	11056	0.0065922	0.5275	0.98788
13	67920000	67940000	10517	49	8088	10590	0.00465912	0.4044	0.993107
13	67940000	67960000	11675	54	6798	11781	0.00462527	0.3399	0.991002
13	67960000	67980000	7109	54	13426	7168	0.00759601	0.6713	0.991769
13	67980000	68000000	12014	82	7224	12129	0.00682537	0.3612	0.990519
13	68000000	68020000	10697	58	10322	11403	0.00542208	0.5161	0.938086
13	68020000	68040000	8289	54	12600	8367	0.00651466	0.63	0.990678
13	68040000	68060000	11446	67	9203	11822	0.00585357	0.46015	0.968195
13	68060000	68080000	13227	87	9086	13483	0.00657746	0.4543	0.981013
13	68080000	68100000	12177	58	11835	12297	0.00476308	0.59175	0.990242
13	68100000	68120000	11391	89	11693	11498	0.00781319	0.58465	0.990694
13	68120000	68140000	11848	86	11244	12221	0.00725861	0.5622	0.969479
13	68140000	68160000	10921	123	9642	11472	0.0112627	0.4821	0.95197
13	68160000	68180000	7403	49	13622	7471	0.00661894	0.6811	0.990898
13	68180000	68200000	10609	68	7396	10740	0.00640965	0.3698	0.987803
13	68200000	68220000	13637	112	7868	13779	0.00821295	0.3934	0.989694
13	68220000	68240000	13326	98	6557	13456	0.00735404	0.32785	0.990339
13	68240000	68260000	6731	40	14950	7277	0.00594265	0.7475	0.924969
13	68260000	68280000	7115	37	15389	7168	0.00520028	0.76945	0.992606
13	68280000	68300000	11255	46	10123	11535	0.00408707	0.50615	0.975726
13	68300000	68320000	11626	88	11536	11806	0.00756924	0.5768	0.984754
13	68320000	68340000	13746	93	9375	13860	0.0067656	0.46875	0.991775
13	68340000	68360000	11475	74	7273	12468	0.0064488	0.36365	0.920356
13	68360000	68380000	11455	93	7200	13171	0.00811873	0.36	0.869714
13	68380000	68400000	10677	86	11560	11391	0.0080547	0.578	0.937319
13	68400000	68420000	9945	75	12199	10047	0.00754148	0.60995	0.989848
13	68420000	68440000	9093	79	14484	9635	0.008688	0.7242	0.943747
13	68440000	68460000	12776	101	10067	12909	0.00790545	0.50335	0.989697
13	68460000	68480000	7779	53	13476	7858	0.00681322	0.6738	0.989947
13	68480000	68500000	5176	32	11705	5252	0.00618238	0.58525	0.985529
13	68500000	68520000	14377	72	8259	14494	0.005008	0.41295	0.991928
13	68520000	68540000	13266	55	6820	13461	0.00414594	0.341	0.985514
13	68540000	68560000	13508	77	8351	13605	0.00570033	0.41755	0.99287
13	68560000	68580000	11323	69	12315	11443	0.00609379	0.61575	0.989513
13	68580000	68600000	12806	55	6640	12908	0.00429486	0.332	0.992098
13	68600000	68620000	14117	51	8152	14249	0.00361267	0.4076	0.990736
13	68620000	68640000	12668	57	8744	12857	0.00449953	0.4372	0.9853
13	68640000	68660000	12981	45	9115	13071	0.00346661	0.45575	0.993115
13	68660000	68680000	10971	92	11553	11106	0.00838574	0.57765	0.987844
13	68680000	68700000	11804	88	12148	12139	0.0074551	0.6074	0.972403
13	68700000	68720000	12789	86	8716	12955	0.00672453	0.4358	0.987186
13	68720000	68740000	12849	54	9889	13139	0.00420266	0.49445	0.977928
13	68740000	68760000	11526	52	8540	11612	0.00451154	0.427	0.992594
13	68760000	68780000	12388	59	10402	12506	0.00476267	0.5201	0.990565
13	68780000	68800000	12372	62	8004	12520	0.00501132	0.4002	0.988179
13	68800000	68820000	12388	44	10060	12510	0.00355182	0.503	0.990248
13	68820000	68840000	10984	47	14187	11082	0.00427895	0.70935	0.991157
13	68840000	68860000	11854	55	13468	11967	0.00463978	0.6734	0.990557
13	68860000	68880000	12439	53	6416	12546	0.00426079	0.3208	0.991471
13	68880000	68900000	9705	41	13979	10071	0.00422463	0.69895	0.963658
13	68900000	68920000	7561	39	13297	7620	0.00515805	0.66485	0.992257
13	68920000	68940000	12937	72	9457	13046	0.00556543	0.47285	0.991645
13	68940000	68960000	12638	74	6520	12757	0.00585536	0.326	0.990672
13	68960000	68980000	10724	61	11066	10842	0.00568818	0.5533	0.989116
13	68980000	69000000	10127	76	11716	10374	0.00750469	0.5858	0.97619
13	69000000	69020000	13329	89	8100	13444	0.00667717	0.405	0.991446
13	69020000	69040000	11569	68	11669	11692	0.00587778	0.58345	0.98948
13	69040000	69060000	12832	61	7856	12930	0.00475374	0.3928	0.992421
13	69060000	69080000	12308	68	11307	12421	0.00552486	0.56535	0.990903
13	69080000	69100000	9876	51	10453	9953	0.00516403	0.52265	0.992264
13	69100000	69120000	10139	63	11674	10246	0.00621363	0.5837	0.989557
13	69120000	69140000	12916	56	9147	13010	0.00433571	0.45735	0.992775
13	69140000	69160000	12309	72	7039	12425	0.00584938	0.35195	0.990664
13	69160000	69180000	12086	54	10009	12205	0.00446798	0.50045	0.99025
13	69180000	69200000	8714	43	11950	8804	0.00493459	0.5975	0.989777
13	69200000	69220000	12777	56	6533	12916	0.00438288	0.32665	0.989238
13	69220000	69240000	12681	60	6207	12813	0.00473149	0.31035	0.989698
13	69240000	69260000	11370	94	10550	11481	0.00826737	0.5275	0.990332
13	69260000	69280000	11879	64	11938	12648	0.00538766	0.5969	0.9392
13	69280000	69300000	11636	95	12358	11751	0.00816432	0.6179	0.990214
13	69300000	69320000	13642	82	5616	13779	0.00601085	0.2808	0.990057
13	69320000	69340000	11738	107	8489	11864	0.00911569	0.42445	0.98938
13	69340000	69360000	11368	93	11143	11651	0.00818086	0.55715	0.97571
13	69360000	69380000	8625	50	13602	8746	0.0057971	0.6801	0.986165
13	69380000	69400000	11913	82	10042	12039	0.00688324	0.5021	0.989534
13	69400000	69420000	8101	48	12998	8172	0.00592519	0.6499	0.991312
13	69420000	69440000	11137	53	12152	12353	0.00475891	0.6076	0.901562
13	69440000	69460000	13318	80	8757	13442	0.00600691	0.43785	0.990775
13	69460000	69480000	7710	61	15044	8556	0.0079118	0.7522	0.901122
13	69480000	69500000	8386	58	10395	10050	0.00691629	0.51975	0.834428
13	69500000	69520000	11739	109	9007	13062	0.00928529	0.45035	0.898714
13	69520000	69540000	8384	70	14209	12503	0.00834924	0.71045	0.670559
13	69540000	69560000	11434	97	10407	11886	0.00848347	0.52035	0.961972
13	69560000	69580000	0	0	8634	9268		0.4317	0
13	69580000	69600000	0	0	7704	12281		0.3852	0
13	69600000	69620000	0	0	9940	11137		0.497	0
13	69620000	69640000	0	0	13967	10401		0.69835	0
13	69640000	69660000	0	0	8651	13317		0.43255	0
13	69660000	69680000	10331	71	7199	13386	0.00687252	0.35995	0.771776
13	69680000	69700000	11084	57	11491	11182	0.00514255	0.57455	0.991236
13	69700000	69720000	11792	67	10584	11932	0.00568182	0.5292	0.988267
13	69720000	69740000	10656	82	11749	10778	0.0076952	0.58745	0.988681
13	69740000	69760000	12397	66	9601	12495	0.00532387	0.48005	0.992157
13	69760000	69780000	12804	80	6898	13068	0.00624805	0.3449	0.979798
13	69780000	69800000	9208	54	12774	9281	0.00586447	0.6387	0.992134
13	69800000	69820000	10211	71	15705	11020	0.00695329	0.78525	0.926588
13	69820000	69840000	10215	83	16413	10333	0.00812531	0.82065	0.98858
13	69840000	69860000	13755	75	6732	13946	0.00545256	0.3366	0.986304
13	69860000	69880000	13875	61	7468	13979	0.0043964	0.3734	0.99256
13	69880000	69900000	14339	49	4405	14458	0.00341725	0.22025	0.991769
13	69900000	69920000	11891	77	12361	12013	0.00647549	0.61805	0.989844
13	69920000	69940000	10768	73	10093	11458	0.00677935	0.50465	0.93978
13	69940000	69960000	10748	71	12139	10858	0.00660588	0.60695	0.989869
13	69960000	69980000	9730	66	11030	9929	0.00678314	0.5515	0.979958
13	69980000	70000000	11409	100	11541	11517	0.00876501	0.57705	0.990623
13	70000000	70020000	9075	83	12510	9162	0.00914601	0.6255	0.990504
13	70020000	70040000	13047	89	8110	13184	0.00682149	0.4055	0.989609
13	70040000	70060000	6744	48	13244	6855	0.00711744	0.6622	0.983807
13	70060000	70080000	7774	56	16208	7850	0.0072035	0.8104	0.990318
13	70080000	70100000	10503	56	8675	10901	0.00533181	0.43375	0.96349
13	70100000	70120000	11295	74	8647	11496	0.00655157	0.43235	0.982516
13	70120000	70140000	7533	81	14066	10747	0.0107527	0.7033	0.70094
13	70140000	70160000	11203	82	9585	11745	0.00731947	0.47925	0.953853
13	70160000	70180000	13391	90	8755	13531	0.00672093	0.43775	0.989653
13	70180000	70200000	11591	80	10930	11702	0.00690191	0.5465	0.990514
13	70200000	70220000	10061	61	11519	10207	0.00606302	0.57595	0.985696
13	70220000	70240000	10564	86	9882	10685	0.00814086	0.4941	0.988676
13	70240000	70260000	8393	89	13520	8484	0.0106041	0.676	0.989274
13	70260000	70280000	12112	103	7380	12266	0.00850396	0.369	0.987445
13	70280000	70300000	12517	124	8679	12672	0.00990653	0.43395	0.987768
13	70300000	70320000	11414	89	11011	11652	0.00779744	0.55055	0.979574
13	70320000	70340000	12017	75	12390	12396	0.00624116	0.6195	0.969426
13	70340000	70360000	9746	89	9277	9899	0.00913195	0.46385	0.984544
13	70360000	70380000	10550	74	10481	10712	0.00701422	0.52405	0.984877
13	70380000	70400000	9750	67	13087	10342	0.00687179	0.65435	0.942758
13	70400000	70420000	8853	84	12115	9015	0.00948831	0.60575	0.98203
13	70420000	70440000	12729	57	4529	12848	0.00447796	0.22645	0.990738
13	70440000	70460000	12653	111	7137	12803	0.00877262	0.35685	0.988284
13	70460000	70480000	12532	112	9457	12664	0.00893712	0.47285	0.989577
13	70480000	70500000	12289	115	7335	12437	0.00935796	0.36675	0.9881
13	70500000	70520000	12526	98	8987	12781	0.00782373	0.44935	0.980049
13	70520000	70540000	13056	106	7500	13301	0.00811887	0.375	0.98158
13	70540000	70560000	11014	104	9941	11144	0.00944253	0.49705	0.988335
13	70560000	70580000	11157	63	13272	11262	0.00564668	0.6636	0.990677
13	70580000	70600000	12647	85	9716	12815	0.00672096	0.4858	0.98689
13	70600000	70620000	10601	70	12412	10727	0.00660315	0.6206	0.988254
13	70620000	70640000	10453	95	9558	10583	0.0090883	0.4779	0.987716
13	70640000	70660000	10253	80	13081	10375	0.00780259	0.65405	0.988241
13	70660000	70680000	12656	64	6300	12912	0.00505689	0.315	0.980173
13	70680000	70700000	14098	113	5227	14251	0.00801532	0.26135	0.989264
13	70700000	70720000	12212	99	6823	12335	0.00810678	0.34115	0.990028
13	70720000	70740000	11944	79	9087	12132	0.0066142	0.45435	0.984504
13	70740000	70760000	11432	85	9266	11577	0.00743527	0.4633	0.987475
13	70760000	70780000	10681	62	9951	10808	0.0058047	0.49755	0.988249
13	70780000	70800000	8538	47	10821	8634	0.0055048	0.54105	0.988881
13	70800000	70820000	11530	62	7163	11641	0.00537728	0.35815	0.990465
13	70820000	70840000	11662	101	10065	11796	0.00866061	0.50325	0.98864
13	70840000	70860000	14286	83	5111	14439	0.00580988	0.25555	0.989404
13	70860000	70880000	9591	85	14219	9686	0.00886248	0.71095	0.990192
13	70880000	70900000	12331	85	10135	12473	0.0068932	0.50675	0.988615
13	70900000	70920000	9776	65	12795	9915	0.00664894	0.63975	0.985981
13	70920000	70940000	11619	71	11485	11759	0.00611068	0.57425	0.988094
13	70940000	70960000	13251	115	7129	13419	0.00867859	0.35645	0.98748
13	70960000	70980000	10972	60	7885	11075	0.00546847	0.39425	0.9907
13	70980000	71000000	12053	76	7730	12220	0.00630548	0.3865	0.986334
13	71000000	71020000	10868	113	11841	11037	0.0103975	0.59205	0.984688
13	71020000	71040000	9354	99	14046	9454	0.0105837	0.7023	0.989422
13	71040000	71060000	12013	106	7030	12550	0.00882377	0.3515	0.957211
13	71060000	71080000	10277	98	9478	10411	0.00953586	0.4739	0.987129
13	71080000	71100000	11243	103	11002	11337	0.00916126	0.5501	0.991709
13	71100000	71120000	12977	78	6581	13113	0.00601063	0.32905	0.989629
13	71120000	71140000	10439	79	9763	10615	0.00756777	0.48815	0.98342
13	71140000	71160000	11866	77	11412	12008	0.00648913	0.5706	0.988175
13	71160000	71180000	11882	93	8052	12056	0.00782697	0.4026	0.985567
13	71180000	71200000	12182	84	4770	12379	0.00689542	0.2385	0.984086
13	71200000	71220000	12920	98	8895	13094	0.00758514	0.44475	0.986711
13	71220000	71240000	12362	50	6710	12518	0.00404465	0.3355	0.987538
13	71240000	71260000	13113	74	7505	13290	0.00564325	0.37525	0.986682
13	71260000	71280000	11622	66	11126	11776	0.00567888	0.5563	0.986923
13	71280000	71300000	12085	82	10536	12184	0.00678527	0.5268	0.991875
13	71300000	71320000	12506	106	8964	12637	0.00847593	0.4482	0.989634
13	71320000	71340000	12951	98	6448	13081	0.00756698	0.3224	0.990062
13	71340000	71360000	13101	81	3572	13221	0.00618273	0.1786	0.990924
13	71360000	71380000	13242	115	11078	13419	0.00868449	0.5539	0.98681
13	71380000	71400000	10401	80	10868	10529	0.00769157	0.5434	0.987843
13	71400000	71420000	11816	95	12868	11935	0.00803995	0.6434	0.990029
13	71420000	71440000	12945	88	10778	13098	0.00679799	0.5389	0.988319
13	71440000	71460000	11904	72	6428	12030	0.00604839	0.3214	0.989526
13	71460000	71480000	13124	87	8188	13245	0.00662908	0.4094	0.990864
13	71480000	71500000	11767	107	3576	11897	0.00909323	0.1788	0.989073
13	71500000	71520000	12716	76	6303	12848	0.00597672	0.31515	0.989726
13	71520000	71540000	12999	101	4514	13100	0.00776983	0.2257	0.99229
13	71540000	71560000	13124	77	8095	13281	0.00586711	0.40475	0.988179
13	71560000	71580000	12404	84	8865	12566	0.00677201	0.44325	0.987108
13	71580000	71600000	11543	73	12782	11766	0.00632418	0.6391	0.981047
13	71600000	71620000	8088	74	13988	9464	0.00914936	0.6994	0.854607
13	71620000	71640000	9396	77	17506	9486	0.00819498	0.8753	0.990512
13	71640000	71660000	11809	47	8110	11894	0.00398002	0.4055	0.992854
13	71660000	71680000	10952	74	9917	11071	0.00675676	0.49585	0.989251
13	71680000	71700000	12245	91	11535	13483	0.0074316	0.57675	0.908181
13	71700000	71720000	9947	53	12109	10043	0.00532824	0.60545	0.990441
13	71720000	71740000	11599	85	7914	11739	0.00732822	0.3957	0.988074
13	71740000	71760000	10937	60	10960	11254	0.00548597	0.548	0.971832
13	71760000	71780000	12279	102	7762	12417	0.00830687	0.3881	0.988886
13	71780000	71800000	13149	103	7427	13271	0.0078333	0.37135	0.990807
13	71800000	71820000	12607	114	8563	12746	0.0090426	0.42815	0.989095
13	71820000	71840000	13774	112	6386	13911	0.00813126	0.3193	0.990152
13	71840000	71860000	10399	85	11143	10562	0.00817386	0.55715	0.984567
13	71860000	71880000	11023	86	13352	11663	0.00780187	0.6676	0.945126
13	71880000	71900000	14078	88	5128	14226	0.00625089	0.2564	0.989597
13	71900000	71920000	12485	109	9099	12617	0.00873048	0.45495	0.989538
13	71920000	71940000	12106	69	11878	12221	0.00569965	0.5939	0.99059
13	71940000	71960000	11680	60	8848	11812	0.00513699	0.4424	0.988825
13	71960000	71980000	9332	34	13815	9423	0.00364338	0.69075	0.990343
13	71980000	72000000	9868	65	14822	9947	0.00658695	0.7411	0.992058
13	72000000	72020000	12629	56	7677	12725	0.00443424	0.38385	0.992456
13	72020000	72040000	13002	59	4686	13112	0.00453776	0.2343	0.991611
13	72040000	72060000	12299	57	4929	12404	0.00463452	0.24645	0.991535
13	72060000	72080000	12459	58	6705	12571	0.00465527	0.33525	0.991091
13	72080000	72100000	13619	53	4814	13701	0.00389162	0.2407	0.994015
13	72100000	72120000	13450	48	3330	13632	0.00356877	0.1665	0.986649
13	72120000	72140000	13477	97	4719	13571	0.00719745	0.23595	0.993073
13	72140000	72160000	13375	86	4675	13492	0.00642991	0.23375	0.991328
13	72160000	72180000	13928	56	3821	14050	0.00402068	0.19105	0.991317
13	72180000	72200000	13007	52	3351	13110	0.00399785	0.16755	0.992143
13	72200000	72220000	13890	60	3363	13976	0.00431965	0.16815	0.993847
13	72220000	72240000	13165	58	5442	13282	0.00440562	0.2721	0.991191
13	72240000	72260000	12457	65	6274	12518	0.00521795	0.3137	0.995127
13	72260000	72280000	11896	86	4914	12002	0.00722932	0.2457	0.991168
13	72280000	72300000	13190	74	4658	13290	0.00561031	0.2329	0.992476
13	72300000	72320000	11803	50	6726	11918	0.00423621	0.3363	0.990351
13	72320000	72340000	12897	55	5033	13032	0.00426456	0.25165	0.989641
13	72340000	72360000	13039	56	4110	13120	0.00429481	0.2055	0.993826
13	72360000	72380000	13491	59	2500	13589	0.00437329	0.125	0.992788
13	72380000	72400000	13355	77	5980	13460	0.00576563	0.299	0.992199
13	72400000	72420000	13097	72	4014	13235	0.00549744	0.2007	0.989573
13	72420000	72440000	13332	64	1964	13428	0.00480048	0.0982	0.992851
13	72440000	72460000	13313	54	4249	13401	0.00405619	0.21245	0.993433
13	72460000	72480000	11272	80	11537	11372	0.00709723	0.57685	0.991206
13	72480000	72500000	13051	85	8358	13191	0.00651291	0.4179	0.989387
13	72500000	72520000	11888	79	10431	12700	0.00664536	0.52155	0.936063
13	72520000	72540000	12036	92	4951	12161	0.00764374	0.24755	0.989721
13	72540000	72560000	10600	81	10269	10709	0.00764151	0.51345	0.989822
13	72560000	72580000	10862	80	10550	11000	0.00736513	0.5275	0.987455
13	72580000	72600000	9919	93	15210	10036	0.00937595	0.7605	0.988342
13	72600000	72620000	13708	96	9228	13819	0.00700321	0.4614	0.991968
13	72620000	72640000	8651	77	15842	8708	0.00890071	0.7921	0.993454
13	72640000	72660000	10209	60	11439	10293	0.00587717	0.57195	0.991839
13	72660000	72680000	12080	89	7885	12203	0.00736755	0.39425	0.989921
13	72680000	72700000	11935	91	8763	12085	0.00762463	0.43815	0.987588
13	72700000	72720000	13899	81	8436	14054	0.00582776	0.4218	0.988971
13	72720000	72740000	13460	85	5764	13619	0.00631501	0.2882	0.988325
13	72740000	72760000	12876	73	6002	12977	0.00566946	0.3001	0.992217
13	72760000	72780000	13530	76	4957	13640	0.00561715	0.24785	0.991935
13	72780000	72800000	12000	60	14826	12220	0.005	0.7413	0.981997
13	72800000	72820000	10605	69	11604	11059	0.00650636	0.5802	0.958947
13	72820000	72840000	13984	80	4643	14084	0.00572082	0.23215	0.9929
13	72840000	72860000	9574	52	10189	9655	0.00543138	0.50945	0.991611
13	72860000	72880000	14406	103	4748	14525	0.0071498	0.2374	0.991807
13	72880000	72900000	12585	95	9533	12729	0.00754867	0.47665	0.988687
13	72900000	72920000	10313	53	12292	10413	0.00513914	0.6146	0.990397
13	72920000	72940000	11461	74	10464	11537	0.00645668	0.5232	0.993412
13	72940000	72960000	11260	59	11051	11368	0.00523979	0.55255	0.9905
13	72960000	72980000	13253	90	8041	13356	0.00679092	0.40205	0.992288
13	72980000	73000000	14020	88	3767	14576	0.00627675	0.18835	0.961855
13	73000000	73020000	13502	74	4245	13880	0.00548067	0.21225	0.972767
13	73020000	73040000	11760	75	7821	11888	0.00637755	0.39105	0.989233
13	73040000	73060000	10359	47	14850	10491	0.00453712	0.7425	0.987418
13	73060000	73080000	13629	64	4470	13738	0.00469587	0.2235	0.992066
13	73080000	73100000	14339	69	3388	14438	0.00481205	0.1694	0.993143
13	73100000	73120000	13369	81	5638	13481	0.00605879	0.2819	0.991692
13	73120000	73140000	11753	56	8617	11848	0.00476474	0.43085	0.991982
13	73140000	73160000	12778	64	5780	12877	0.00500861	0.289	0.992312
13	73160000	73180000	11795	79	8120	11908	0.00669775	0.406	0.990511
13	73180000	73200000	9252	55	10852	9341	0.00594466	0.5426	0.990472
13	73200000	73220000	8363	58	11465	8491	0.00693531	0.57325	0.984925
13	73220000	73240000	13359	94	6129	13495	0.00703645	0.30645	0.989922
13	73240000	73260000	10592	58	11646	10724	0.00547583	0.5823	0.987691
13	73260000	73280000	10920	59	9508	11039	0.00540293	0.4754	0.98922
13	73280000	73300000	10340	48	10361	10400	0.00464217	0.51805	0.994231
13	73300000	73320000	11994	40	7768	12084	0.003335	0.3884	0.992552
13	73320000	73340000	11673	36	7125	11776	0.00308404	0.35625	0.991253
13	73340000	73360000	11956	39	4328	12042	0.00326196	0.2164	0.992858
13	73360000	73380000	11712	38	11562	11838	0.00324454	0.5781	0.989356
13	73380000	73400000	11352	56	10258	11443	0.00493305	0.5129	0.992048
13	73400000	73420000	7739	31	11381	7795	0.00400569	0.56905	0.992816
13	73420000	73440000	12498	75	9321	12598	0.00600096	0.46605	0.992062
13	73440000	73460000	8950	31	13252	9151	0.00346369	0.6626	0.978035
13	73460000	73480000	8022	37	11579	8098	0.00461232	0.57895	0.990615
13	73480000	73500000	10786	51	8939	10886	0.00472835	0.44695	0.990814
13	73500000	73520000	9618	23	13111	9991	0.00239135	0.65555	0.962666
13	73520000	73540000	8328	38	12532	8415	0.00456292	0.6266	0.989661
13	73540000	73560000	10493	36	9554	10594	0.00343086	0.4777	0.990466
13	73560000	73580000	8817	50	10513	8872	0.00567086	0.52565	0.993801
13	73580000	73600000	8376	34	12084	8442	0.00405922	0.6042	0.992182
13	73600000	73620000	7882	34	11008	7951	0.00431363	0.5504	0.991322
13	73620000	73640000	9328	25	7034	9398	0.0026801	0.3517	0.992552
13	73640000	73660000	10808	64	6519	10925	0.00592154	0.32595	0.989291
13	73660000	73680000	7755	45	10344	7813	0.00580271	0.5172	0.992576
13	73680000	73700000	8475	60	9879	8571	0.00707965	0.49395	0.988799
13	73700000	73720000	8693	56	11583	8773	0.00644196	0.57915	0.990881
13	73720000	73740000	8797	43	11414	8889	0.00488803	0.5707	0.98965
13	73740000	73760000	10211	46	10735	10457	0.00450495	0.53675	0.976475
13	73760000	73780000	10176	77	10025	10292	0.00756682	0.50125	0.988729
13	73780000	73800000	10684	58	9394	10764	0.00542868	0.4697	0.992568
13	73800000	73820000	11188	44	10994	11266	0.00393279	0.5497	0.993077
13	73820000	73840000	12636	73	6960	12730	0.00577714	0.348	0.992616
13	73840000	73860000	12256	71	9137	12387	0.00579308	0.45685	0.989424
13	73860000	73880000	11542	67	9162	12194	0.00580489	0.4581	0.946531
13	73880000	73900000	11164	89	9691	11268	0.00797205	0.48455	0.99077
13	73900000	73920000	11938	76	8414	12030	0.00636623	0.4207	0.992352
13	73920000	73940000	12432	68	13916	12861	0.00546976	0.6958	0.966643
13	73940000	73960000	11260	59	6882	11364	0.00523979	0.3441	0.990848
13	73960000	73980000	12703	80	8708	12800	0.00629772	0.4354	0.992422
13	73980000	74000000	12644	69	6562	12751	0.00545713	0.3281	0.991609
13	74000000	74020000	9828	59	10727	9919	0.00600326	0.53635	0.990826
13	74020000	74040000	8306	51	11243	8373	0.00614014	0.56215	0.991998
13	74040000	74060000	11813	79	7534	11899	0.00668755	0.3767	0.992773
13	74060000	74080000	12529	98	9333	12667	0.00782185	0.46665	0.989106
13	74080000	74100000	11781	73	8144	11877	0.00619642	0.4072	0.991917
13	74100000	74120000	12100	66	9543	12201	0.00545455	0.47715	0.991722
13	74120000	74140000	13489	73	5377	13587	0.00541182	0.26885	0.992787
13	74140000	74160000	11508	54	9125	11609	0.00469239	0.45625	0.9913
13	74160000	74180000	11832	61	11691	11939	0.00515551	0.58455	0.991038
13	74180000	74200000	12482	54	7096	12619	0.00432623	0.3548	0.989143
13	74200000	74220000	7132	37	14700	7179	0.00518789	0.735	0.993453
13	74220000	74240000	11412	63	9083	11520	0.0055205	0.45415	0.990625
13	74240000	74260000	13176	66	7345	13671	0.00500911	0.36725	0.963792
13	74260000	74280000	13618	81	3055	13689	0.00594801	0.15275	0.994813
13	74280000	74300000	11156	70	7544	11363	0.00627465	0.3772	0.981783
13	74300000	74320000	12164	87	9033	12288	0.00715225	0.45165	0.989909
13	74320000	74340000	12261	84	6673	12367	0.00685099	0.33365	0.991429
13	74340000	74360000	12119	70	8189	12238	0.00577605	0.40945	0.990276
13	74360000	74380000	12137	68	6433	12244	0.0056027	0.32165	0.991261
13	74380000	74400000	12254	82	6850	12366	0.00669169	0.3425	0.990943
13	74400000	74420000	13087	75	6438	13187	0.00573088	0.3219	0.992417
13	74420000	74440000	13087	71	6035	13205	0.00542523	0.30175	0.991064
13	74440000	74460000	12460	53	9097	12902	0.00425361	0.45485	0.965742
13	74460000	74480000	12659	46	7171	12754	0.00363378	0.35855	0.992551
13	74480000	74500000	12465	56	8763	12739	0.00449258	0.43815	0.978491
13	74500000	74520000	12683	81	6794	12787	0.0063865	0.3397	0.991867
13	74520000	74540000	12431	52	6111	12527	0.00418309	0.30555	0.992337
13	74540000	74560000	13423	68	9127	13557	0.00506593	0.45635	0.990116
13	74560000	74580000	13557	42	4696	13667	0.00309803	0.2348	0.991951
13	74580000	74600000	13373	85	6116	13473	0.00635609	0.3058	0.992578
13	74600000	74620000	13106	68	6138	13198	0.00518846	0.3069	0.993029
13	74620000	74640000	12351	51	8116	12463	0.00412922	0.4058	0.991013
13	74640000	74660000	12422	88	8486	12522	0.00708421	0.4243	0.992014
13	74660000	74680000	11617	55	9700	11721	0.00473444	0.485	0.991127
13	74680000	74700000	11814	75	10005	11904	0.0063484	0.50025	0.99244
13	74700000	74720000	11899	63	4712	12005	0.00529456	0.2356	0.99117
13	74720000	74740000	11125	71	10084	11232	0.00638202	0.5042	0.990474
13	74740000	74760000	13354	78	8509	13458	0.00584095	0.42545	0.992272
13	74760000	74780000	13135	73	5430	13261	0.00555767	0.2715	0.990498
13	74780000	74800000	11779	55	7957	11983	0.00466933	0.39785	0.982976
13	74800000	74820000	9082	69	11704	9151	0.00759745	0.5852	0.99246
13	74820000	74840000	13327	77	5950	13490	0.00577774	0.2975	0.987917
13	74840000	74860000	13344	80	8567	13481	0.0059952	0.42835	0.989838
13	74860000	74880000	14261	65	3310	14373	0.00455789	0.1655	0.992208
13	74880000	74900000	11296	93	9512	11401	0.008233	0.4756	0.99079
13	74900000	74920000	11949	80	10535	12112	0.00669512	0.52675	0.986542
13	74920000	74940000	8195	61	14302	8299	0.00744356	0.7151	0.987468
13	74940000	74960000	9868	59	10978	9970	0.00597892	0.5489	0.989769
13	74960000	74980000	9448	66	14152	9657	0.00698561	0.7076	0.978358
13	74980000	75000000	12532	78	6529	12694	0.00622407	0.32645	0.987238
13	75000000	75020000	9094	65	11953	9182	0.00714757	0.59765	0.990416
13	75020000	75040000	11975	103	10409	12092	0.00860125	0.52045	0.990324
13	75040000	75060000	13433	67	9696	13579	0.00498772	0.4848	0.989248
13	75060000	75080000	9126	80	14758	9252	0.00876616	0.7379	0.986381
13	75080000	75100000	12417	128	9221	12543	0.0103084	0.46105	0.989955
13	75100000	75120000	8916	64	12264	8997	0.00717811	0.6132	0.990997
13	75120000	75140000	13122	84	9674	13226	0.00640146	0.4837	0.992137
13	75140000	75160000	13682	102	7428	13813	0.00745505	0.3714	0.990516
13	75160000	75180000	11603	80	9174	12316	0.00689477	0.4587	0.942108
13	75180000	75200000	12098	59	9726	12193	0.00487684	0.4863	0.992209
13	75200000	75220000	13093	50	7550	13224	0.00381883	0.3775	0.990094
13	75220000	75240000	12692	100	8341	12894	0.00787898	0.41705	0.984334
13	75240000	75260000	13692	83	11055	13777	0.00606193	0.55275	0.99383
13	75260000	75280000	11855	91	7648	11985	0.00767609	0.3824	0.989153
13	75280000	75300000	11590	69	8159	11697	0.00595341	0.40795	0.990852
13	75300000	75320000	12815	70	4204	13716	0.00546235	0.2102	0.93431
13	75320000	75340000	12347	70	12394	12477	0.00566939	0.6197	0.989581
13	75340000	75360000	13454	64	6430	13578	0.00475695	0.3215	0.990868
13	75360000	75380000	6433	54	15116	6492	0.00839422	0.7558	0.990912
13	75380000	75400000	6738	45	15841	6848	0.00667854	0.79205	0.983937
13	75400000	75420000	12520	83	9266	12640	0.00662939	0.4633	0.990506
13	75420000	75440000	9978	52	10673	10055	0.00521147	0.53365	0.992342
13	75440000	75460000	11521	96	11724	11612	0.00833261	0.5862	0.992163
13	75460000	75480000	13209	94	8408	13340	0.00711636	0.4204	0.99018
13	75480000	75500000	12764	96	8978	13065	0.00752115	0.4489	0.976961
13	75500000	75520000	7813	61	17711	7915	0.0078075	0.88555	0.987113
13	75520000	75540000	4238	41	18016	6716	0.00967437	0.9008	0.63103
13	75540000	75560000	13207	78	8451	13321	0.00590596	0.42255	0.991442
13	75560000	75580000	11789	56	9770	12093	0.00475019	0.4885	0.974861
13	75580000	75600000	12246	50	8108	12352	0.00408297	0.4054	0.991418
13	75600000	75620000	7970	31	15740	8185	0.00388959	0.787	0.973732
13	75620000	75640000	9661	35	14397	9723	0.00362281	0.71985	0.993623
13	75640000	75660000	10191	44	11166	11736	0.00431754	0.5583	0.868354
13	75660000	75680000	12359	43	8778	12489	0.00347925	0.4389	0.989591
13	75680000	75700000	8003	42	14693	9264	0.00524803	0.73465	0.863882
13	75700000	75720000	13522	60	7918	13622	0.00443721	0.3959	0.992659
13	75720000	75740000	12690	68	7272	12821	0.00535855	0.3636	0.989782
13	75740000	75760000	12184	81	11023	12484	0.00664806	0.55115	0.975969
13	75760000	75780000	11174	65	12219	11270	0.00581708	0.61095	0.991482
13	75780000	75800000	12287	85	7497	12376	0.00691788	0.37485	0.992809
13	75800000	75820000	6550	41	12054	6626	0.00625954	0.6027	0.98853
13	75820000	75840000	12390	66	8952	12522	0.00532688	0.4476	0.989459
13	75840000	75860000	6552	39	13501	6967	0.00595238	0.67505	0.940433
13	75860000	75880000	13637	58	4991	13733	0.00425313	0.24955	0.99301
13	75880000	75900000	13049	57	4890	13135	0.00436815	0.2445	0.993453
13	75900000	75920000	11420	62	7339	11625	0.00542907	0.36695	0.982366
13	75920000	75940000	12588	65	6119	12762	0.00516365	0.30595	0.986366
13	75940000	75960000	13333	90	7347	13460	0.00675017	0.36735	0.990565
13	75960000	75980000	12069	77	9770	12372	0.00637998	0.4885	0.975509
13	75980000	76000000	12197	83	6933	12308	0.00680495	0.34665	0.990981
13	76000000	76020000	10741	64	7698	10852	0.00595848	0.3849	0.989771
13	76020000	76040000	11446	78	9185	11529	0.00681461	0.45925	0.992801
13	76040000	76060000	10701	36	7151	10779	0.00336417	0.35755	0.992764
13	76060000	76080000	10937	62	11918	11028	0.00566883	0.5959	0.991748
13	76080000	76100000	9221	41	14800	9319	0.00444637	0.74	0.989484
13	76100000	76120000	10280	46	10759	10381	0.00447471	0.53795	0.990271
13	76120000	76140000	10949	47	9961	11061	0.00429263	0.49805	0.989874
13	76140000	76160000	11516	42	8836	12240	0.0036471	0.4418	0.94085
13	76160000	76180000	11496	53	9298	11587	0.0046103	0.4649	0.992146
13	76180000	76200000	8863	43	11638	8941	0.00485163	0.5819	0.991276
13	76200000	76220000	10587	37	7995	10653	0.00349485	0.39975	0.993805
13	76220000	76240000	11080	44	9414	11167	0.00397112	0.4707	0.992209
13	76240000	76260000	10323	37	10577	10501	0.00358423	0.52885	0.983049
13	76260000	76280000	11128	44	7222	11262	0.00395399	0.3611	0.988102
13	76280000	76300000	9296	46	9268	10038	0.00494836	0.4634	0.926081
13	76300000	76320000	6918	39	11711	6975	0.00563747	0.58555	0.991828
13	76320000	76340000	12536	56	8042	12613	0.00446713	0.4021	0.993895
13	76340000	76360000	11375	44	7539	11456	0.00386813	0.37695	0.992929
13	76360000	76380000	13195	41	4875	13309	0.00310724	0.24375	0.991434
13	76380000	76400000	14118	60	3710	14254	0.00424989	0.1855	0.990459
13	76400000	76420000	14501	59	3352	14618	0.00406868	0.1676	0.991996
13	76420000	76440000	13155	62	6278	13249	0.00471304	0.3139	0.992905
13	76440000	76460000	11975	83	9905	12078	0.00693111	0.49525	0.991472
13	76460000	76480000	13774	90	9106	13911	0.00653405	0.4553	0.990152
13	76480000	76500000	11320	77	10525	11477	0.00680212	0.52625	0.98632
13	76500000	76520000	12288	65	10955	12441	0.00528971	0.54775	0.987702
13	76520000	76540000	9786	62	12931	10595	0.00633558	0.64655	0.923643
13	76540000	76560000	8712	33	7966	13784	0.00378788	0.3983	0.632037
13	76560000	76580000	10513	65	13637	10632	0.00618282	0.68185	0.988807
13	76580000	76600000	13255	95	6210	13619	0.00716711	0.3105	0.973273
13	76600000	76620000	13766	104	6228	13909	0.00755485	0.3114	0.989719
13	76620000	76640000	9666	63	12637	9760	0.00651769	0.63185	0.990369
13	76640000	76660000	6260	65	17102	7843	0.0103834	0.8551	0.798164
13	76660000	76680000	10566	84	12352	10700	0.00795003	0.6176	0.987477
13	76680000	76700000	8336	54	17544	8453	0.00647793	0.8772	0.986159
13	76700000	76720000	11916	111	8970	12070	0.00931521	0.4485	0.987241
13	76720000	76740000	13984	104	5441	14135	0.00743707	0.27205	0.989317
13	76740000	76760000	11205	90	9522	11337	0.00803213	0.4761	0.988357
13	76760000	76780000	9999	59	9033	10081	0.00590059	0.45165	0.991866
13	76780000	76800000	13605	62	8450	13727	0.00455715	0.4225	0.991112
13	76800000	76820000	6897	35	14388	6970	0.00507467	0.7194	0.989527
13	76820000	76840000	12481	77	11219	12603	0.00616938	0.56095	0.99032
13	76840000	76860000	8300	49	12585	8396	0.00590361	0.62925	0.988566
13	76860000	76880000	12924	91	7754	13050	0.00704116	0.3877	0.990345
13	76880000	76900000	11767	74	9310	11869	0.00628877	0.4655	0.991406
13	76900000	76920000	10727	40	10680	10812	0.00372891	0.534	0.992138
13	76920000	76940000	10407	86	10457	10519	0.00826367	0.52285	0.989353
13	76940000	76960000	11583	69	12578	11704	0.00595701	0.6289	0.989662
13	76960000	76980000	11889	79	9355	12041	0.0066448	0.46775	0.987376
13	76980000	77000000	11678	86	7984	12336	0.00736427	0.3992	0.94666
13	77000000	77020000	11315	103	11274	11486	0.00910296	0.5637	0.985112
13	77020000	77040000	11358	86	9340	11464	0.00757176	0.467	0.990754
13	77040000	77060000	12347	97	9677	12496	0.00785616	0.48385	0.988076
13	77060000	77080000	12991	100	10243	13124	0.00769764	0.51215	0.989866
13	77080000	77100000	11488	69	8917	11602	0.00600627	0.44585	0.990174
13	77100000	77120000	11416	68	10162	11523	0.00595655	0.5081	0.990714
13	77120000	77140000	10287	59	8790	10378	0.00573539	0.4395	0.991231
13	77140000	77160000	10372	50	11715	10535	0.00482067	0.58575	0.984528
13	77160000	77180000	11057	71	8728	11313	0.00642127	0.4364	0.977371
13	77180000	77200000	8300	48	12455	8448	0.00578313	0.62275	0.982481
13	77200000	77220000	13400	66	4599	13767	0.00492537	0.22995	0.973342
13	77220000	77240000	10396	64	12428	10509	0.00615621	0.6214	0.989247
13	77240000	77260000	13121	85	7434	13241	0.00647816	0.3717	0.990937
13	77260000	77280000	11554	60	7934	11651	0.00519301	0.3967	0.991675
13	77280000	77300000	13214	72	6005	13343	0.00544877	0.30025	0.990332
13	77300000	77320000	10680	65	12342	10813	0.00608614	0.6171	0.9877
13	77320000	77340000	11829	58	10262	12298	0.0049032	0.5131	0.961864
13	77340000	77360000	12903	76	8754	13154	0.0058901	0.4377	0.980918
13	77360000	77380000	10649	61	7798	10756	0.00572824	0.3899	0.990052
13	77380000	77400000	12220	55	8515	12315	0.00450082	0.42575	0.992286
13	77400000	77420000	10981	46	7446	12301	0.00418905	0.3723	0.892692
13	77420000	77440000	12101	50	8085	12192	0.00413189	0.40425	0.992536
13	77440000	77460000	10971	45	6781	11054	0.00410172	0.33905	0.992491
13	77460000	77480000	11735	55	9135	11879	0.00468683	0.45675	0.987878
13	77480000	77500000	9905	54	13444	9992	0.00545179	0.6722	0.991293
13	77500000	77520000	10334	65	10145	10429	0.00628992	0.50725	0.990891
13	77520000	77540000	10194	50	10895	10273	0.00490485	0.54475	0.99231
13	77540000	77560000	8825	51	10302	8920	0.00577904	0.5151	0.98935
13	77560000	77580000	10212	55	5059	10295	0.00538582	0.25295	0.991938
13	77580000	77600000	11478	55	6311	11606	0.00479178	0.31555	0.988971
13	77600000	77620000	10944	52	10317	11048	0.00475146	0.51585	0.990587
13	77620000	77640000	12221	27	6263	12327	0.00220931	0.31315	0.991401
13	77640000	77660000	12753	51	8434	12850	0.00399906	0.4217	0.992451
13	77660000	77680000	12899	107	4760	12998	0.00829522	0.238	0.992383
13	77680000	77700000	12211	52	6362	12294	0.00425846	0.3181	0.993249
13	77700000	77720000	13197	64	5293	13268	0.00484959	0.26465	0.994649
13	77720000	77740000	12304	57	8120	12370	0.00463264	0.406	0.994665
13	77740000	77760000	12457	63	7219	12526	0.0050574	0.36095	0.994491
13	77760000	77780000	9395	52	10113	9475	0.00553486	0.50565	0.991557
13	77780000	77800000	13593	79	9367	13687	0.00581181	0.46835	0.993132
13	77800000	77820000	11258	54	7242	11376	0.00479659	0.3621	0.989627
13	77820000	77840000	12098	63	8349	12198	0.00520747	0.41745	0.991802
13	77840000	77860000	12531	71	7039	12664	0.00566595	0.35195	0.989498
13	77860000	77880000	10724	55	13028	10791	0.00512868	0.6514	0.993791
13	77880000	77900000	12044	54	13529	12140	0.00448356	0.67645	0.992092
13	77900000	77920000	11583	66	10837	11701	0.00569801	0.54185	0.989915
13	77920000	77940000	11870	87	10653	11984	0.0073294	0.53265	0.990487
13	77940000	77960000	10405	78	11446	10553	0.0074964	0.5723	0.985976
13	77960000	77980000	12618	76	9260	12702	0.00602314	0.463	0.993387
13	77980000	78000000	10499	94	9777	10613	0.00895323	0.48885	0.989258
13	78000000	78020000	7441	45	13109	7516	0.00604757	0.65545	0.990021
13	78020000	78040000	12100	97	8102	12307	0.00801653	0.4051	0.98318
13	78040000	78060000	0	0	8732	9834		0.4366	0
13	78060000	78080000	11663	45	8540	12440	0.00385836	0.427	0.93754
13	78080000	78100000	12049	73	9566	12343	0.00605859	0.4783	0.976181
13	78100000	78120000	12763	71	8372	12876	0.00556296	0.4186	0.991224
13	78120000	78140000	12452	88	7980	12682	0.00706714	0.399	0.981864
13	78140000	78160000	12870	73	6843	12978	0.00567211	0.34215	0.991678
13	78160000	78180000	13232	47	5756	13675	0.003552	0.2878	0.967605
13	78180000	78200000	12564	44	5819	12684	0.00350207	0.29095	0.990539
13	78200000	78220000	12658	57	5213	12834	0.00450308	0.26065	0.986286
13	78220000	78240000	8172	39	12945	8210	0.00477239	0.64725	0.995371
13	78240000	78260000	3863	24	16538	5288	0.00621279	0.8269	0.730522
13	78260000	78280000	9906	24	8891	10066	0.00242277	0.44455	0.984105
13	78280000	78300000	9101	35	14714	9166	0.00384573	0.7357	0.992909
13	78300000	78320000	13005	52	4877	13248	0.00399846	0.24385	0.981658
13	78320000	78340000	10069	50	8398	11924	0.00496574	0.4199	0.844431
13	78340000	78360000	3091	22	13984	12183	0.00711744	0.6992	0.253714
13	78360000	78380000	9764	51	14343	9848	0.00522327	0.71715	0.99147
13	78380000	78400000	13277	54	6691	13404	0.00406718	0.33455	0.990525
13	78400000	78420000	12886	67	7900	12998	0.00519944	0.395	0.991383
13	78420000	78440000	11435	52	9068	11513	0.00454744	0.4534	0.993225
13	78440000	78460000	12156	58	8638	12237	0.00477131	0.4319	0.993381
13	78460000	78480000	13913	73	7395	14034	0.00524689	0.36975	0.991378
13	78480000	78500000	13685	100	4484	13799	0.00730727	0.2242	0.991739
13	78500000	78520000	8024	61	10758	8352	0.00760219	0.5379	0.960728
13	78520000	78540000	7715	34	13881	7768	0.004407	0.69405	0.993177
13	78540000	78560000	9851	54	13176	9924	0.00548168	0.6588	0.992644
13	78560000	78580000	6934	47	9646	10152	0.00677819	0.4823	0.683018
13	78580000	78600000	11215	55	10145	11324	0.00490415	0.50725	0.990374
13	78600000	78620000	13752	82	7510	13855	0.00596277	0.3755	0.992566
13	78620000	78640000	8108	72	14724	8176	0.00888012	0.7362	0.991683
13	78640000	78660000	10092	64	11561	10192	0.00634166	0.57805	0.990188
13	78660000	78680000	10429	75	10404	10525	0.00719149	0.5202	0.990879
13	78680000	78700000	8618	66	14820	8714	0.00765839	0.741	0.988983
13	78700000	78720000	12362	68	4795	12582	0.00550073	0.23975	0.982515
13	78720000	78740000	9457	58	8923	11654	0.00613302	0.44615	0.811481
13	78740000	78760000	11153	76	12682	11265	0.00681431	0.6341	0.990058
13	78760000	78780000	14214	90	6183	14359	0.00633179	0.30915	0.989902
13	78780000	78800000	13299	76	5921	13422	0.00571472	0.29605	0.990836
13	78800000	78820000	13621	94	5974	13730	0.00690111	0.2987	0.992061
13	78820000	78840000	14160	88	6634	14284	0.00621469	0.3317	0.991319
13	78840000	78860000	11980	58	8767	12098	0.0048414	0.43835	0.990246
13	78860000	78880000	12932	57	4942	13000	0.00440767	0.2471	0.994769
13	78880000	78900000	13610	51	3879	13710	0.00374724	0.19395	0.992706
13	78900000	78920000	13957	63	5663	14072	0.00451386	0.28315	0.991828
13	78920000	78940000	12941	57	9164	13039	0.00440461	0.4582	0.992484
13	78940000	78960000	12259	59	10922	12369	0.00481279	0.5461	0.991107
13	78960000	78980000	13664	54	6885	13765	0.00395199	0.34425	0.992663
13	78980000	79000000	12467	43	7211	12576	0.00344911	0.36055	0.991333
13	79000000	79020000	10004	52	8479	10076	0.00519792	0.42395	0.992854
13	79020000	79040000	10852	40	9860	10940	0.00368596	0.493	0.991956
13	79040000	79060000	12516	71	5651	12585	0.00567274	0.28255	0.994517
13	79060000	79080000	12627	50	8197	12718	0.00395977	0.40985	0.992845
13	79080000	79100000	8520	50	11536	8595	0.00586854	0.5768	0.991274
13	79100000	79120000	8943	42	12210	9000	0.00469641	0.6105	0.993667
13	79120000	79140000	12948	50	7938	13618	0.0038616	0.3969	0.9508
13	79140000	79160000	13302	59	4357	13387	0.00443542	0.21785	0.993651
13	79160000	79180000	12373	50	1033	12487	0.00404106	0.05165	0.990871
13	79180000	79200000	13461	64	3833	13609	0.00475448	0.19165	0.989125
13	79200000	79220000	11156	47	6653	11617	0.00421298	0.33265	0.960317
13	79220000	79240000	11063	43	9249	11198	0.00388683	0.46245	0.987944
13	79240000	79260000	11231	63	10607	11345	0.00560947	0.53035	0.989952
13	79260000	79280000	10537	50	10398	10622	0.00474518	0.5199	0.991998
13	79280000	79300000	12098	60	8414	12261	0.0049595	0.4207	0.986706
13	79300000	79320000	12737	86	9226	12858	0.00675198	0.4613	0.99059
13	79320000	79340000	12675	55	9732	12787	0.00433925	0.4866	0.991241
13	79340000	79360000	14259	68	3643	14376	0.00476892	0.18215	0.991861
13	79360000	79380000	9064	57	12644	10262	0.00628861	0.6322	0.883259
13	79380000	79400000	11722	72	8587	11902	0.0061423	0.42935	0.984876
13	79400000	79420000	13157	77	6176	13288	0.0058524	0.3088	0.990141
13	79420000	79440000	8840	78	12556	8957	0.00882353	0.6278	0.986938
13	79440000	79460000	12250	87	8014	12381	0.00710204	0.4007	0.989419
13	79460000	79480000	12136	87	11792	12277	0.00716875	0.5896	0.988515
13	79480000	79500000	10167	105	10788	10265	0.0103275	0.5394	0.990453
13	79500000	79520000	11227	71	10697	11743	0.00632404	0.53485	0.956059
13	79520000	79540000	10573	55	11680	10661	0.00520193	0.584	0.991746
13	79540000	79560000	13624	57	8501	13754	0.00418379	0.42505	0.990548
13	79560000	79580000	13674	84	3962	13826	0.00614305	0.1981	0.989006
13	79580000	79600000	8049	54	11834	9285	0.00670891	0.5917	0.866882
13	79600000	79620000	12960	64	6685	13070	0.00493827	0.33425	0.991584
13	79620000	79640000	12374	77	9110	12512	0.00622273	0.4555	0.988971
13	79640000	79660000	8751	74	13108	8849	0.00845618	0.6554	0.988925
13	79660000	79680000	10209	71	8818	10356	0.00695465	0.4409	0.985805
13	79680000	79700000	10003	74	12336	10293	0.00739778	0.6168	0.971826
13	79700000	79720000	12295	68	9670	12384	0.0055307	0.4835	0.992813
13	79720000	79740000	11417	56	11020	11554	0.00490497	0.551	0.988143
13	79740000	79760000	8470	70	16091	8556	0.00826446	0.80455	0.989949
13	79760000	79780000	13268	81	5936	13485	0.00610491	0.2968	0.983908
13	79780000	79800000	12560	68	12277	12690	0.00541401	0.61385	0.989756
13	79800000	79820000	11512	39	7996	12009	0.00338777	0.3998	0.958614
13	79820000	79840000	12019	62	10371	12136	0.0051585	0.51855	0.990359
13	79840000	79860000	9254	66	9815	9333	0.00713205	0.49075	0.991535
13	79860000	79880000	9352	54	9880	9414	0.00577417	0.494	0.993414
13	79880000	79900000	12324	46	5403	12758	0.00373255	0.27015	0.965982
13	79900000	79920000	12576	54	7704	12691	0.00429389	0.3852	0.990938
13	79920000	79940000	12944	63	6511	13235	0.00486712	0.32555	0.978013
13	79940000	79960000	10208	43	9618	10424	0.00421238	0.4809	0.979279
13	79960000	79980000	11169	51	10217	11266	0.00456621	0.51085	0.99139
13	79980000	80000000	11433	37	10408	11631	0.00323625	0.5204	0.982977
13	80000000	80020000	11207	37	14504	11288	0.00330151	0.7252	0.992824
13	80020000	80040000	10624	52	11144	10720	0.00489458	0.5572	0.991045
13	80040000	80060000	11891	47	8492	11983	0.00395257	0.4246	0.992322
13	80060000	80080000	12961	69	13615	13093	0.00532366	0.68075	0.989918
13	80080000	80100000	10080	68	11328	10255	0.00674603	0.5664	0.982935
13	80100000	80120000	11040	77	10087	11245	0.00697464	0.50435	0.98177
13	80120000	80140000	10208	54	7339	10315	0.00528997	0.36695	0.989627
13	80140000	80160000	7087	32	12504	7397	0.00451531	0.6252	0.958091
13	80160000	80180000	10765	60	10404	10845	0.00557362	0.5202	0.992623
13	80180000	80200000	8652	63	13290	8735	0.00728155	0.6645	0.990498
13	80200000	80220000	11349	46	12603	11509	0.00405322	0.63015	0.986098
13	80220000	80240000	12909	53	6848	12997	0.00410566	0.3424	0.993229
13	80240000	80260000	13955	65	7945	14037	0.00465783	0.39725	0.994158
13	80260000	80280000	11382	77	15220	11471	0.00676507	0.761	0.992241
13	80280000	80300000	10964	45	9779	12269	0.00410434	0.48895	0.893634
13	80300000	80320000	8387	45	13371	8461	0.00536545	0.66855	0.991254
13	80320000	80340000	9855	55	12016	9947	0.00558092	0.6008	0.990751
13	80340000	80360000	13184	56	5060	13295	0.00424757	0.253	0.991651
13	80360000	80380000	12826	74	8865	12915	0.00576953	0.44325	0.993109
13	80380000	80400000	6480	51	16125	6592	0.00787037	0.80625	0.98301
13	80400000	80420000	7758	58	12920	7858	0.00747615	0.646	0.987274
13	80420000	80440000	11060	59	9664	11167	0.00533454	0.4832	0.990418
13	80440000	80460000	13283	59	8244	13393	0.00444177	0.4122	0.991787
13	80460000	80480000	8744	59	10311	8827	0.00674748	0.51555	0.990597
13	80480000	80500000	11114	44	9253	11196	0.00395897	0.46265	0.992676
13	80500000	80520000	11847	62	7476	11946	0.00523339	0.3738	0.991713
13	80520000	80540000	2911	18	15598	4485	0.00618344	0.7799	0.649052
13	80540000	80560000	6208	57	18433	6339	0.0091817	0.92165	0.979334
13	80560000	80580000	12990	78	9421	13081	0.00600462	0.47105	0.993043
13	80580000	80600000	11605	86	9778	12115	0.0074106	0.4889	0.957903
13	80600000	80620000	13137	59	7537	13241	0.00449113	0.37685	0.992146
13	80620000	80640000	10623	51	8406	10706	0.0048009	0.4203	0.992247
13	80640000	80660000	12236	61	7208	12308	0.00498529	0.3604	0.99415
13	80660000	80680000	8173	53	12422	8235	0.00648477	0.6211	0.992471
13	80680000	80700000	11993	62	8681	12145	0.00516968	0.43405	0.987485
13	80700000	80720000	12487	57	8065	12581	0.00456475	0.40325	0.992528
13	80720000	80740000	8697	42	11971	8756	0.00482925	0.59855	0.993262
13	80740000	80760000	10046	45	11982	10125	0.00447939	0.5991	0.992198
13	80760000	80780000	9351	26	10616	9454	0.00278045	0.5308	0.989105
13	80780000	80800000	9639	50	9936	9772	0.00518726	0.4968	0.98639
13	80800000	80820000	10605	73	10448	11064	0.00688355	0.5224	0.958514
13	80820000	80840000	8333	35	11763	8405	0.00420017	0.58815	0.991434
13	80840000	80860000	9577	57	12098	9808	0.00595176	0.6049	0.976448
13	80860000	80880000	8314	40	14372	8404	0.00481116	0.7186	0.989291
13	80880000	80900000	9390	32	10777	9453	0.00340788	0.53885	0.993335
13	80900000	80920000	9584	42	4817	9645	0.0043823	0.24085	0.993675
13	80920000	80940000	9004	53	8920	9435	0.00588627	0.446	0.954319
13	80940000	80960000	9604	48	11178	9869	0.00499792	0.5589	0.973148
13	80960000	80980000	7381	47	16152	7684	0.0063677	0.8076	0.960567
13	80980000	81000000	9160	60	17573	9363	0.00655022	0.87865	0.978319
13	81000000	81020000	10694	69	10865	10783	0.00645222	0.54325	0.991746
13	81020000	81040000	9924	75	12443	11000	0.00755744	0.62215	0.902182
13	81040000	81060000	11787	47	8175	11885	0.00398744	0.40875	0.991754
13	81060000	81080000	12660	62	9127	12755	0.00489731	0.45635	0.992552
13	81080000	81100000	6914	46	13966	7245	0.00665317	0.6983	0.954313
13	81100000	81120000	9125	50	11398	9192	0.00547945	0.5699	0.992711
13	81120000	81140000	12611	51	5172	12750	0.00404409	0.2586	0.989098
13	81140000	81160000	9202	56	9327	9800	0.00608563	0.46635	0.93898
13	81160000	81180000	12876	59	7202	13282	0.00458217	0.3601	0.969432
13	81180000	81200000	11954	74	8671	12058	0.0061904	0.43355	0.991375
13	81200000	81220000	12316	46	10692	12423	0.00373498	0.5346	0.991387
13	81220000	81240000	9091	41	13530	9232	0.00450995	0.6765	0.984727
13	81240000	81260000	7801	31	14115	7879	0.00397385	0.70575	0.9901
13	81260000	81280000	4527	21	15065	4589	0.00463883	0.75325	0.986489
13	81280000	81300000	11306	63	8123	11395	0.00557226	0.40615	0.99219
13	81300000	81320000	11226	59	7081	11349	0.00525566	0.35405	0.989162
13	81320000	81340000	12569	76	6435	12642	0.00604662	0.32175	0.994226
13	81340000	81360000	13496	66	4454	13605	0.00489034	0.2227	0.991988
13	81360000	81380000	11580	62	10120	11673	0.00535406	0.506	0.992033
13	81380000	81400000	10617	74	12553	10830	0.00696995	0.62765	0.980332
13	81400000	81420000	9162	80	14851	9245	0.00873172	0.74255	0.991022
13	81420000	81440000	10147	66	12979	10231	0.00650439	0.64895	0.99179
13	81440000	81460000	13819	72	7984	13927	0.00521022	0.3992	0.992245
13	81460000	81480000	11615	49	8334	11713	0.00421868	0.4167	0.991633
13	81480000	81500000	11090	56	7894	11183	0.00504959	0.3947	0.991684
13	81500000	81520000	12103	65	12547	12243	0.00537057	0.62735	0.988565
13	81520000	81540000	13079	73	7215	13169	0.00558147	0.36075	0.993166
13	81540000	81560000	7418	41	13667	7478	0.0055271	0.68335	0.991976
13	81560000	81580000	8138	62	13034	9137	0.00761858	0.6517	0.890664
13	81580000	81600000	8874	82	17032	9077	0.00924048	0.8516	0.977636
13	81600000	81620000	9602	76	14405	9674	0.00791502	0.72025	0.992557
13	81620000	81640000	10452	63	10681	10530	0.00602755	0.53405	0.992593
13	81640000	81660000	7943	58	10790	9055	0.00730203	0.5395	0.877195
13	81660000	81680000	11231	37	10598	11478	0.00329445	0.5299	0.978481
13	81680000	81700000	11597	91	8558	12098	0.00784686	0.4279	0.958588
13	81700000	81720000	11240	39	10837	11355	0.00346975	0.54185	0.989872
13	81720000	81740000	10859	94	10017	10971	0.00865641	0.50085	0.989791
13	81740000	81760000	12063	102	8626	12207	0.00845561	0.4313	0.988203
13	81760000	81780000	10142	67	11572	10570	0.00660619	0.5786	0.959508
13	81780000	81800000	12428	83	7522	12577	0.00667847	0.3761	0.988153
13	81800000	81820000	12303	76	5961	12430	0.00617736	0.29805	0.989783
13	81820000	81840000	12509	84	10656	12630	0.00671517	0.5328	0.99042
13	81840000	81860000	7411	74	8586	11399	0.00998516	0.4293	0.650145
13	81860000	81880000	11911	63	8202	12280	0.00528923	0.4101	0.969951
13	81880000	81900000	12830	83	9660	12998	0.00646921	0.483	0.987075
13	81900000	81920000	11236	61	7364	11418	0.00542898	0.3682	0.98406
13	81920000	81940000	10765	38	8921	10875	0.00352996	0.44605	0.989885
13	81940000	81960000	10477	69	10975	11027	0.00658585	0.54875	0.950122
13	81960000	81980000	11946	62	8252	12044	0.00519002	0.4126	0.991863
13	81980000	82000000	11585	64	12958	11767	0.00552438	0.6479	0.984533
13	82000000	82020000	8844	105	10719	11807	0.0118725	0.53595	0.749047
13	82020000	82040000	8205	30	9752	8825	0.00365631	0.4876	0.929745
13	82040000	82060000	9235	50	10677	12089	0.00541419	0.53385	0.763918
13	82060000	82080000	12821	60	9475	12938	0.00467982	0.47375	0.990957
13	82080000	82100000	8232	54	11644	8306	0.00655977	0.5822	0.991091
13	82100000	82120000	11976	70	11706	12084	0.00584502	0.5853	0.991063
13	82120000	82140000	9604	44	11999	9696	0.00458142	0.59995	0.990512
13	82140000	82160000	10763	34	6741	10860	0.00315897	0.33705	0.991068
13	82160000	82180000	13006	92	8520	13387	0.00707366	0.426	0.97154
13	82180000	82200000	12903	71	7111	13088	0.0055026	0.35555	0.985865
13	82200000	82220000	10196	54	12823	10288	0.00529619	0.64115	0.991058
13	82220000	82240000	11789	75	9201	12002	0.00636186	0.46005	0.982253
13	82240000	82260000	12582	72	8898	12697	0.00572246	0.4449	0.990943
13	82260000	82280000	10416	51	9027	10502	0.00489631	0.45135	0.991811
13	82280000	82300000	10926	42	10202	11203	0.00384404	0.5101	0.975274
13	82300000	82320000	9391	47	8700	9510	0.00500479	0.435	0.987487
13	82320000	82340000	7506	27	13931	7587	0.00359712	0.69655	0.989324
13	82340000	82360000	12073	74	11201	12206	0.00612938	0.56005	0.989104
13	82360000	82380000	11859	48	9025	11942	0.00404756	0.45125	0.99305
13	82380000	82400000	9998	56	14008	10081	0.00560112	0.7004	0.991767
13	82400000	82420000	9758	70	10025	10725	0.0071736	0.50125	0.909837
13	82420000	82440000	10643	59	8892	11316	0.00554355	0.4446	0.940527
13	82440000	82460000	7479	67	15098	7819	0.00895842	0.7549	0.956516
13	82460000	82480000	8548	69	12835	8821	0.00807206	0.64175	0.969051
13	82480000	82500000	12748	93	9298	12880	0.00729526	0.4649	0.989752
13	82500000	82520000	12222	93	8316	12375	0.00760923	0.4158	0.987636
13	82520000	82540000	10812	63	14251	11282	0.00582686	0.71255	0.958341
13	82540000	82560000	11871	82	8181	11973	0.00690759	0.40905	0.991481
13	82560000	82580000	13540	99	7356	13659	0.00731167	0.3678	0.991288
13	82580000	82600000	12669	98	11551	13278	0.00773542	0.57755	0.954135
13	82600000	82620000	9634	72	12580	9708	0.00747353	0.629	0.992377
13	82620000	82640000	7319	51	15842	7392	0.00696817	0.7921	0.990124
13	82640000	82660000	12321	86	9424	12454	0.00697995	0.4712	0.989321
13	82660000	82680000	10930	64	11133	11052	0.00585544	0.55665	0.988961
13	82680000	82700000	7490	79	11146	9331	0.0105474	0.5573	0.802701
13	82700000	82720000	11401	71	11057	11496	0.00622752	0.55285	0.991736
13	82720000	82740000	10913	54	8166	11372	0.00494823	0.4083	0.959638
13	82740000	82760000	9535	38	15020	10010	0.00398532	0.751	0.952547
13	82760000	82780000	11754	55	9801	11861	0.00467926	0.49005	0.990979
13	82780000	82800000	12057	65	10279	12203	0.00539106	0.51395	0.988036
13	82800000	82820000	8178	43	10225	8408	0.00525801	0.51125	0.972645
13	82820000	82840000	11325	95	7307	11439	0.00838852	0.36535	0.990034
13	82840000	82860000	12522	103	11984	12630	0.00822552	0.5992	0.991449
13	82860000	82880000	10469	64	14590	10573	0.00611329	0.7295	0.990164
13	82880000	82900000	11379	65	15016	11487	0.00571228	0.7508	0.990598
13	82900000	82920000	8469	79	12682	11062	0.00932814	0.6341	0.765594
13	82920000	82940000	6296	53	12732	13641	0.00841804	0.6366	0.46155
13	82940000	82960000	11153	76	11440	11269	0.00681431	0.572	0.989706
13	82960000	82980000	7378	34	15853	7447	0.00460829	0.79265	0.990735
13	82980000	83000000	11750	66	11421	11847	0.00561702	0.57105	0.991812
13	83000000	83020000	11718	60	11825	11843	0.00512033	0.59125	0.989445
13	83020000	83040000	8895	56	14679	8999	0.00629567	0.73395	0.988443
13	83040000	83060000	10862	102	12171	11013	0.00939054	0.60855	0.986289
13	83060000	83080000	12020	77	7427	12104	0.00640599	0.37135	0.99306
13	83080000	83100000	12237	87	9551	12415	0.00710959	0.47755	0.985663
13	83100000	83120000	11028	74	9997	11296	0.00671019	0.49985	0.976275
13	83120000	83140000	11967	73	8627	12106	0.00610011	0.43135	0.988518
13	83140000	83160000	9822	131	14057	10007	0.0133374	0.70285	0.981513
13	83160000	83180000	9543	40	13468	10951	0.00419155	0.6734	0.871427
13	83180000	83200000	12163	89	10069	12306	0.00731727	0.50345	0.98838
13	83200000	83220000	12042	93	8716	12190	0.00772297	0.4358	0.987859
13	83220000	83240000	12411	88	8295	12590	0.00709048	0.41475	0.985782
13	83240000	83260000	9964	90	14784	10088	0.00903252	0.7392	0.987708
13	83260000	83280000	11818	143	9238	12326	0.0121002	0.4619	0.958786
13	83280000	83300000	13363	85	8959	13499	0.00636085	0.44795	0.989925
13	83300000	83320000	10682	88	14931	10791	0.00823816	0.74655	0.989899
13	83320000	83340000	12242	127	10359	12382	0.0103741	0.51795	0.988693
13	83340000	83360000	10713	103	10116	10832	0.00961449	0.5058	0.989014
13	83360000	83380000	11489	63	13819	11939	0.00548351	0.69095	0.962308
13	83380000	83400000	8521	45	10701	8604	0.00528107	0.53505	0.990353
13	83400000	83420000	13185	71	9436	13308	0.00538491	0.4718	0.990757
13	83420000	83440000	11911	61	6976	12027	0.00512132	0.3488	0.990355
13	83440000	83460000	10043	71	13529	10133	0.0070696	0.67645	0.991118
13	83460000	83480000	11925	98	11013	12069	0.00821803	0.55065	0.988069
13	83480000	83500000	11888	83	10233	12321	0.00698183	0.51165	0.964857
13	83500000	83520000	12122	77	7336	12533	0.00635209	0.3668	0.967207
13	83520000	83540000	8735	47	11440	8803	0.00538065	0.572	0.992275
13	83540000	83560000	10144	55	12554	10250	0.00542192	0.6277	0.989659
13	83560000	83580000	13096	70	6733	13237	0.00534514	0.33665	0.989348
13	83580000	83600000	11664	98	12974	11775	0.00840192	0.6487	0.990573
13	83600000	83620000	12532	82	11785	12679	0.00654325	0.58925	0.988406
13	83620000	83640000	13028	105	6280	13355	0.00805956	0.314	0.975515
13	83640000	83660000	9838	76	13329	9950	0.00772515	0.66645	0.988744
13	83660000	83680000	11568	92	9183	11689	0.00795297	0.45915	0.989648
13	83680000	83700000	12307	66	11893	12432	0.0053628	0.59465	0.989945
13	83700000	83720000	12043	77	8150	12174	0.00639376	0.4075	0.989239
13	83720000	83740000	11895	69	7785	12023	0.00580076	0.38925	0.989354
13	83740000	83760000	9703	58	12378	9808	0.00597753	0.6189	0.989294
13	83760000	83780000	9456	70	10207	11388	0.00740271	0.51035	0.830348
13	83780000	83800000	13280	103	10158	13417	0.00775602	0.5079	0.989789
13	83800000	83820000	10057	70	9893	11567	0.00696033	0.49465	0.869456
13	83820000	83840000	4627	47	15067	9964	0.0101578	0.75335	0.464372
13	83840000	83860000	12809	121	9635	12964	0.00944648	0.48175	0.988044
13	83860000	83880000	10608	75	11774	10769	0.00707014	0.5887	0.98505
13	83880000	83900000	10715	102	8263	11373	0.00951937	0.41315	0.942144
13	83900000	83920000	10693	97	14327	10819	0.00907136	0.71635	0.988354
13	83920000	83940000	10748	91	8469	11312	0.00846669	0.42345	0.950141
13	83940000	83960000	11471	119	13927	11619	0.010374	0.69635	0.987262
13	83960000	83980000	9171	90	8642	9505	0.00981354	0.4321	0.964861
13	83980000	84000000	12168	72	10633	12491	0.00591716	0.53165	0.974141
13	84000000	84020000	12532	45	9332	12666	0.00359081	0.4666	0.98942
13	84020000	84040000	9962	169	14267	10092	0.0169645	0.71335	0.987119
13	84040000	84060000	10615	79	11084	10748	0.0074423	0.5542	0.987626
13	84060000	84080000	13250	107	7620	13404	0.00807547	0.381	0.988511
13	84080000	84100000	12068	59	7165	12197	0.00488896	0.35825	0.989424
13	84100000	84120000	11811	63	9585	11943	0.00533401	0.47925	0.988948
13	84120000	84140000	11678	59	8701	11867	0.00505223	0.43505	0.984073
13	84140000	84160000	11719	50	12802	11842	0.00426658	0.6401	0.989613
13	84160000	84180000	10262	58	13078	10415	0.00565192	0.6539	0.98531
13	84180000	84200000	8154	45	13181	9920	0.00551876	0.65905	0.821976
13	84200000	84220000	10489	58	11929	10573	0.0055296	0.59645	0.992055
13	84220000	84240000	13254	60	9233	13372	0.00452694	0.46165	0.991176
13	84240000	84260000	11788	54	10886	11880	0.00458093	0.5443	0.992256
13	84260000	84280000	13027	68	6845	13206	0.00521993	0.34225	0.986446
13	84280000	84300000	12637	63	7573	12990	0.00498536	0.37865	0.972825
13	84300000	84320000	12244	61	7152	12437	0.00498203	0.3576	0.984482
13	84320000	84340000	8092	42	13021	8162	0.00519031	0.65105	0.991424
13	84340000	84360000	12266	60	10313	12375	0.00489157	0.51565	0.991192
13	84360000	84380000	12627	77	7039	12718	0.00609804	0.35195	0.992845
13	84380000	84400000	12543	62	11078	12637	0.004943	0.5539	0.992562
13	84400000	84420000	12320	83	6989	12438	0.00673701	0.34945	0.990513
13	84420000	84440000	13551	71	4739	13671	0.00523947	0.23695	0.991222
13	84440000	84460000	12950	69	4586	13020	0.00532819	0.2293	0.994624
13	84460000	84480000	11755	76	7620	11854	0.00646533	0.381	0.991648
13	84480000	84500000	7844	36	11370	7914	0.0045895	0.5685	0.991155
13	84500000	84520000	12240	65	9914	12324	0.00531046	0.4957	0.993184
13	84520000	84540000	8963	63	12496	9058	0.0070289	0.6248	0.989512
13	84540000	84560000	10996	52	9761	11097	0.00472899	0.48805	0.990898
13	84560000	84580000	10756	69	13274	10850	0.00641502	0.6637	0.991336
13	84580000	84600000	12090	58	7417	12208	0.00479735	0.37085	0.990334
13	84600000	84620000	11983	65	8451	12093	0.00542435	0.42255	0.990904
13	84620000	84640000	10821	55	10075	10938	0.00508271	0.50375	0.989303
13	84640000	84660000	12747	69	6410	12859	0.00541304	0.3205	0.99129
13	84660000	84680000	12241	71	5859	12346	0.00580018	0.29295	0.991495
13	84680000	84700000	11075	46	8742	11158	0.0041535	0.4371	0.992561
13	84700000	84720000	12979	83	7157	13107	0.00639495	0.35785	0.990234
13	84720000	84740000	9286	53	14312	9352	0.00570752	0.7156	0.992943
13	84740000	84760000	11192	96	12255	11308	0.00857756	0.61275	0.989742
13	84760000	84780000	13257	100	7862	13368	0.00754318	0.3931	0.991697
13	84780000	84800000	10321	58	12753	10409	0.00561961	0.63765	0.991546
13	84800000	84820000	12358	80	8635	12453	0.00647354	0.43175	0.992371
13	84820000	84840000	8714	45	11110	10723	0.0051641	0.5555	0.812646
13	84840000	84860000	12310	87	13376	12453	0.00706742	0.6688	0.988517
13	84860000	84880000	12149	78	10715	12264	0.00642028	0.53575	0.990623
13	84880000	84900000	11513	56	11477	11600	0.00486407	0.57385	0.9925
13	84900000	84920000	11890	69	8938	11987	0.0058032	0.4469	0.991908
13	84920000	84940000	12799	62	8644	12951	0.00484413	0.4322	0.988263
13	84940000	84960000	12664	84	8101	12753	0.00663298	0.40505	0.993021
13	84960000	84980000	8018	48	15166	8102	0.00598653	0.7583	0.989632
13	84980000	85000000	10580	64	12205	10684	0.00604915	0.61025	0.990266
13	85000000	85020000	10934	56	12237	11063	0.00512164	0.61185	0.98834
13	85020000	85040000	8364	62	13356	8455	0.00741272	0.6678	0.989237
13	85040000	85060000	8758	58	12376	10515	0.00662252	0.6188	0.832905
13	85060000	85080000	10477	49	8886	10601	0.00467691	0.4443	0.988303
13	85080000	85100000	12126	105	7561	12310	0.00865908	0.37805	0.985053
13	85100000	85120000	11888	75	8807	12003	0.00630888	0.44035	0.990419
13	85120000	85140000	12274	87	9474	12379	0.00708815	0.4737	0.991518
13	85140000	85160000	11542	89	8208	12647	0.00771097	0.4104	0.912628
13	85160000	85180000	10621	91	10299	10752	0.00856793	0.51495	0.987816
13	85180000	85200000	13015	73	8723	13144	0.00560891	0.43615	0.990186
13	85200000	85220000	10847	83	11171	10961	0.00765189	0.55855	0.989599
13	85220000	85240000	13274	73	8204	13412	0.00549947	0.4102	0.989711
13	85240000	85260000	12958	87	9146	13117	0.006714	0.4573	0.987878
13	85260000	85280000	8603	64	12800	8869	0.00743927	0.64	0.970008
13	85280000	85300000	12272	67	8618	12382	0.00545958	0.4309	0.991116
13	85300000	85320000	10544	37	10403	10644	0.0035091	0.52015	0.990605
13	85320000	85340000	12224	69	8184	12335	0.00564463	0.4092	0.991001
13	85340000	85360000	13437	80	5873	14179	0.00595371	0.29365	0.947669
13	85360000	85380000	10166	56	12592	10365	0.00550856	0.6296	0.980801
13	85380000	85400000	11652	67	9088	11760	0.00575009	0.4544	0.990816
13	85400000	85420000	10116	72	10976	10491	0.00711744	0.5488	0.964255
13	85420000	85440000	11757	99	9221	11917	0.00842052	0.46105	0.986574
13	85440000	85460000	6253	39	16253	6312	0.00623701	0.81265	0.990653
13	85460000	85480000	9989	79	12655	10161	0.0079087	0.63275	0.983073
13	85480000	85500000	7317	48	11263	11017	0.00656007	0.56315	0.664155
13	85500000	85520000	11191	77	11230	11286	0.00688053	0.5615	0.991582
13	85520000	85540000	11725	70	9884	11849	0.00597015	0.4942	0.989535
13	85540000	85560000	12140	121	7273	13398	0.00996705	0.36365	0.906105
13	85560000	85580000	12596	75	5314	12932	0.00595427	0.2657	0.974018
13	85580000	85600000	9296	54	12169	12782	0.00580895	0.60845	0.727273
13	85600000	85620000	10427	97	10842	11339	0.00930277	0.5421	0.91957
13	85620000	85640000	10703	76	10463	10812	0.00710081	0.52315	0.989919
13	85640000	85660000	12798	84	6245	12910	0.00656353	0.31225	0.991325
13	85660000	85680000	10530	70	14894	10635	0.00664767	0.7447	0.990127
13	85680000	85700000	9264	61	13388	9362	0.00658463	0.6694	0.989532
13	85700000	85720000	8447	67	11003	9171	0.00793181	0.55015	0.921056
13	85720000	85740000	10961	69	10370	11169	0.00629505	0.5185	0.981377
13	85740000	85760000	9232	74	11311	9489	0.0080156	0.56555	0.972916
13	85760000	85780000	10530	99	10028	10669	0.00940171	0.5014	0.986972
13	85780000	85800000	10015	61	10887	10146	0.00609086	0.54435	0.987089
13	85800000	85820000	9302	66	8351	11186	0.00709525	0.41755	0.831575
13	85820000	85840000	11791	52	6726	11899	0.00441014	0.3363	0.990924
13	85840000	85860000	9169	80	12503	9301	0.00872505	0.62515	0.985808
13	85860000	85880000	10211	65	8144	10970	0.00636568	0.4072	0.930811
13	85880000	85900000	12443	89	6178	12564	0.00715262	0.3089	0.990369
13	85900000	85920000	10122	79	8679	10658	0.00780478	0.43395	0.949709
13	85920000	85940000	10276	79	12163	10380	0.00768782	0.60815	0.989981
13	85940000	85960000	12855	106	7714	13022	0.00824582	0.3857	0.987176
13	85960000	85980000	9237	61	13467	9324	0.00660388	0.67335	0.990669
13	85980000	86000000	13437	78	6706	13593	0.00580487	0.3353	0.988524
13	86000000	86020000	12902	74	7135	13134	0.00573554	0.35675	0.982336
13	86020000	86040000	10152	61	10793	10351	0.00600867	0.53965	0.980775
13	86040000	86060000	11227	85	9245	11357	0.00757103	0.46225	0.988553
13	86060000	86080000	12135	65	8187	12258	0.00535641	0.40935	0.989966
13	86080000	86100000	12294	89	6952	12415	0.0072393	0.3476	0.990254
13	86100000	86120000	14404	85	4890	14531	0.00590114	0.2445	0.99126
13	86120000	86140000	12407	72	8409	12512	0.00580318	0.42045	0.991608
13	86140000	86160000	9895	81	9950	9999	0.00818595	0.4975	0.989599
13	86160000	86180000	10979	64	9200	11078	0.00582931	0.46	0.991063
13	86180000	86200000	11401	91	9008	11515	0.00798176	0.4504	0.9901
13	86200000	86220000	12079	96	6375	12178	0.00794768	0.31875	0.991871
13	86220000	86240000	13775	78	7701	13924	0.00566243	0.38505	0.989299
13	86240000	86260000	11988	98	9596	12127	0.00817484	0.4798	0.988538
13	86260000	86280000	11343	84	8312	11470	0.00740545	0.4156	0.988928
13	86280000	86300000	13194	87	5279	13345	0.00659391	0.26395	0.988685
13	86300000	86320000	11298	74	8745	11486	0.00654983	0.43725	0.983632
13	86320000	86340000	12337	102	9822	12502	0.00826781	0.4911	0.986802
13	86340000	86360000	12574	87	7461	12702	0.00691904	0.37305	0.989923
13	86360000	86380000	13585	95	2624	13743	0.00699301	0.1312	0.988503
13	86380000	86400000	12517	60	7270	12635	0.00479348	0.3635	0.990661
13	86400000	86420000	11039	88	6034	11162	0.00797174	0.3017	0.98898
13	86420000	86440000	10506	79	12127	10626	0.00751951	0.60635	0.988707
13	86440000	86460000	12867	90	8524	13100	0.00699464	0.4262	0.982214
13	86460000	86480000	9628	75	14317	9738	0.00778978	0.71585	0.988704
13	86480000	86500000	8788	51	11603	8877	0.00580337	0.58015	0.989974
13	86500000	86520000	10329	95	13153	10439	0.00919741	0.65765	0.989463
13	86520000	86540000	11676	107	10754	11859	0.0091641	0.5377	0.984569
13	86540000	86560000	11728	93	8430	11839	0.00792974	0.4215	0.990624
13	86560000	86580000	10796	84	14258	10972	0.00778066	0.7129	0.983959
13	86580000	86600000	12461	86	8781	12573	0.00690153	0.43905	0.991092
13	86600000	86620000	10742	64	11086	10869	0.00595792	0.5543	0.988315
13	86620000	86640000	10713	78	14738	10841	0.00728087	0.7369	0.988193
13	86640000	86660000	11463	66	9371	11584	0.00575766	0.46855	0.989555
13	86660000	86680000	11118	60	10942	11228	0.00539665	0.5471	0.990203
13	86680000	86700000	10556	82	11848	11213	0.00776809	0.5924	0.941407
13	86700000	86720000	11868	62	8350	11968	0.00522413	0.4175	0.991644
13	86720000	86740000	10557	65	13909	11215	0.00615705	0.69545	0.941329
13	86740000	86760000	9393	58	13471	9488	0.00617481	0.67355	0.989987
13	86760000	86780000	160	1	324	161	0.00625	0.0162	0.993789
13	86780000	86800000	0	0	0	0		0	
13	86800000	86820000	0	0	0	0		0	
13	86820000	86840000	0	0	0	0		0	
13	86840000	86860000	0	0	0	0		0	
13	86860000	86880000	0	0	0	0		0	
13	86880000	86900000	0	0	0	0		0	
13	86900000	86920000	4586	33	6601	4629	0.00719581	0.33005	0.990711
13	86920000	86940000	9619	60	6363	9736	0.00623765	0.31815	0.987983
13	86940000	86960000	11320	82	8246	11512	0.00724382	0.4123	0.983322
13	86960000	86980000	10734	63	8297	10902	0.0058692	0.41485	0.98459
13	86980000	87000000	10244	54	13565	10454	0.00527138	0.67825	0.979912
13	87000000	87020000	7915	54	13629	8026	0.00682249	0.68145	0.98617
13	87020000	87040000	9727	63	12082	9830	0.00647682	0.6041	0.989522
13	87040000	87060000	13816	103	7068	13979	0.00745512	0.3534	0.98834
13	87060000	87080000	11210	57	9672	11295	0.00508475	0.4836	0.992475
13	87080000	87100000	9592	80	11891	9691	0.00834028	0.59455	0.989784
13	87100000	87120000	12894	88	7041	13032	0.00682488	0.35205	0.989411
13	87120000	87140000	11623	81	9047	11737	0.00696894	0.45235	0.990287
13	87140000	87160000	11121	50	9747	11230	0.004496	0.48735	0.990294
13	87160000	87180000	8447	82	14920	8538	0.00970759	0.746	0.989342
13	87180000	87200000	11810	48	13789	11912	0.00406435	0.68945	0.991437
13	87200000	87220000	12343	61	7220	12450	0.00494207	0.361	0.991406
13	87220000	87240000	9809	82	12766	10234	0.00835967	0.6383	0.958472
13	87240000	87260000	12046	71	8745	12175	0.00589407	0.43725	0.989405
13	87260000	87280000	10740	70	8447	10845	0.00651769	0.42235	0.990318
13	87280000	87300000	10918	72	8397	11012	0.00659461	0.41985	0.991464
13	87300000	87320000	8705	50	11478	8938	0.00574383	0.5739	0.973932
13	87320000	87340000	10627	76	11949	10734	0.00715159	0.59745	0.990032
13	87340000	87360000	10373	75	11892	10776	0.00723031	0.5946	0.962602
13	87360000	87380000	11310	86	13500	11458	0.00760389	0.675	0.987083
13	87380000	87400000	10504	47	13796	10598	0.00447449	0.6898	0.99113
13	87400000	87420000	6659	39	11795	9991	0.00585674	0.58975	0.6665
13	87420000	87440000	8177	39	10882	8504	0.00476948	0.5441	0.961548
13	87440000	87460000	10142	63	12433	10349	0.00621179	0.62165	0.979998
13	87460000	87480000	11464	60	12854	11560	0.00523378	0.6427	0.991696
13	87480000	87500000	10457	49	13734	10551	0.00468586	0.6867	0.991091
13	87500000	87520000	9185	39	14855	9270	0.00424605	0.74275	0.990831
13	87520000	87540000	12543	72	8303	12641	0.00574025	0.41515	0.992247
13	87540000	87560000	10017	53	11557	10089	0.00529101	0.57785	0.992864
13	87560000	87580000	10445	81	12057	10580	0.00775491	0.60285	0.98724
13	87580000	87600000	12828	86	6417	12951	0.00670408	0.32085	0.990503
13	87600000	87620000	10583	75	9625	10697	0.00708684	0.48125	0.989343
13	87620000	87640000	13214	73	10349	13345	0.00552444	0.51745	0.990184
13	87640000	87660000	9134	55	13442	9274	0.00602146	0.6721	0.984904
13	87660000	87680000	12567	104	11990	12714	0.00827564	0.5995	0.988438
13	87680000	87700000	9945	83	11362	10038	0.0083459	0.5681	0.990735
13	87700000	87720000	12541	86	7109	12688	0.00685751	0.35545	0.988414
13	87720000	87740000	10484	75	8541	10635	0.00715376	0.42705	0.985802
13	87740000	87760000	13007	119	9855	13192	0.00914892	0.49275	0.985976
13	87760000	87780000	13216	97	5412	13370	0.00733959	0.2706	0.988482
13	87780000	87800000	11226	91	9302	11371	0.00810618	0.4651	0.987248
13	87800000	87820000	10885	85	8423	11036	0.00780891	0.42115	0.986318
13	87820000	87840000	11899	100	10748	12087	0.00840407	0.5374	0.984446
13	87840000	87860000	8764	47	14130	9577	0.00536285	0.7065	0.915109
13	87860000	87880000	9222	61	11276	11221	0.00661462	0.5638	0.821852
13	87880000	87900000	8944	70	14049	9053	0.00782648	0.70245	0.98796
13	87900000	87920000	12433	60	10016	12574	0.00482587	0.5008	0.988786
13	87920000	87940000	11322	67	5879	11564	0.00591768	0.29395	0.979073
13	87940000	87960000	9815	92	16134	11476	0.00937341	0.8067	0.855263
13	87960000	87980000	10935	72	12058	11062	0.00658436	0.6029	0.988519
13	87980000	88000000	8749	46	11831	8913	0.00525774	0.59155	0.9816
13	88000000	88020000	10062	53	12324	10143	0.00526734	0.6162	0.992014
13	88020000	88040000	10882	71	9720	11039	0.00652454	0.486	0.985778
13	88040000	88060000	12168	112	8902	12294	0.00920447	0.4451	0.989751
13	88060000	88080000	9549	65	8707	9878	0.006807	0.43535	0.966694
13	88080000	88100000	10555	55	14242	11032	0.0052108	0.7121	0.956762
13	88100000	88120000	12665	85	9027	12834	0.00671141	0.45135	0.986832
13	88120000	88140000	11922	90	13601	12141	0.00754907	0.68005	0.981962
13	88140000	88160000	12007	56	8202	12226	0.00466395	0.4101	0.982087
13	88160000	88180000	12304	77	7504	12429	0.00625813	0.3752	0.989943
13	88180000	88200000	11257	92	11898	11345	0.00817269	0.5949	0.992243
13	88200000	88220000	10656	61	11927	10788	0.00572447	0.59635	0.987764
13	88220000	88240000	13485	68	7561	13592	0.00504264	0.37805	0.992128
13	88240000	88260000	7945	66	15835	8040	0.00830711	0.79175	0.988184
13	88260000	88280000	13473	61	7002	13638	0.00452757	0.3501	0.987901
13	88280000	88300000	11553	100	9340	11720	0.00865576	0.467	0.985751
13	88300000	88320000	12625	76	6050	12891	0.0060198	0.3025	0.979365
13	88320000	88340000	12702	52	1218	13126	0.00409384	0.0609	0.967698
13	88340000	88360000	11384	56	5910	11489	0.00491918	0.2955	0.990861
13	88360000	88380000	14459	61	5967	14603	0.00421883	0.29835	0.990139
13	88380000	88400000	12376	75	9233	12483	0.00606012	0.46165	0.991428
13	88400000	88420000	11959	69	11040	12094	0.00576971	0.552	0.988837
13	88420000	88440000	11991	77	6763	12094	0.00642148	0.33815	0.991483
13	88440000	88460000	12457	74	6722	12616	0.00594044	0.3361	0.987397
13	88460000	88480000	12822	110	9590	13113	0.008579	0.4795	0.977808
13	88480000	88500000	13108	108	7701	13237	0.00823924	0.38505	0.990255
13	88500000	88520000	13088	67	8413	13217	0.00511919	0.42065	0.99024
13	88520000	88540000	13050	65	11311	13253	0.00498084	0.56555	0.984683
13	88540000	88560000	11061	83	6685	11182	0.00750384	0.33425	0.989179
13	88560000	88580000	11612	85	10658	11748	0.00732001	0.5329	0.988424
13	88580000	88600000	13003	92	7169	13184	0.00707529	0.35845	0.986271
13	88600000	88620000	13052	116	6003	13228	0.00888753	0.30015	0.986695
13	88620000	88640000	11773	80	11468	12176	0.00679521	0.5734	0.966902
13	88640000	88660000	9115	122	17711	9241	0.0133845	0.88555	0.986365
13	88660000	88680000	11053	115	9066	11158	0.0104044	0.4533	0.99059
13	88680000	88700000	13529	106	8446	13761	0.00783502	0.4223	0.983141
13	88700000	88720000	12186	152	9043	12442	0.0124733	0.45215	0.979425
13	88720000	88740000	13811	96	6809	14043	0.00695098	0.34045	0.983479
13	88740000	88760000	10744	94	11827	10859	0.00874907	0.59135	0.98941
13	88760000	88780000	12212	62	8953	12328	0.00507697	0.44765	0.990591
13	88780000	88800000	10893	101	12543	11026	0.00927201	0.62715	0.987938
13	88800000	88820000	13050	109	15829	13185	0.00835249	0.79145	0.989761
13	88820000	88840000	12938	103	8681	13082	0.00796104	0.43405	0.988993
13	88840000	88860000	7878	52	11827	8951	0.00660066	0.59135	0.880125
13	88860000	88880000	12427	77	8356	12550	0.00619619	0.4178	0.990199
13	88880000	88900000	13070	87	8977	13187	0.00665647	0.44885	0.991128
13	88900000	88920000	12307	65	9873	12417	0.00528155	0.49365	0.991141
13	88920000	88940000	8869	48	13186	8975	0.00541211	0.6593	0.988189
13	88940000	88960000	10708	125	11264	10816	0.0116735	0.5632	0.990015
13	88960000	88980000	12832	106	6349	12973	0.0082606	0.31745	0.989131
13	88980000	89000000	10809	109	9927	11134	0.0100842	0.49635	0.97081
13	89000000	89020000	11571	35	10897	11701	0.0030248	0.54485	0.98889
13	89020000	89040000	12003	61	11694	12136	0.00508206	0.5847	0.989041
13	89040000	89060000	10195	81	13823	10288	0.00794507	0.69115	0.99096
13	89060000	89080000	11918	68	12082	12630	0.00570566	0.6041	0.943626
13	89080000	89100000	8674	61	11913	9976	0.00703251	0.59565	0.869487
13	89100000	89120000	10108	47	9233	11010	0.00464978	0.46165	0.918074
13	89120000	89140000	13849	66	8360	13955	0.00476569	0.418	0.992404
13	89140000	89160000	8602	69	13984	8717	0.00802139	0.6992	0.986807
13	89160000	89180000	7160	51	14893	7244	0.00712291	0.74465	0.988404
13	89180000	89200000	13293	97	9903	13400	0.00729707	0.49515	0.992015
13	89200000	89220000	12591	89	7989	12856	0.00706854	0.39945	0.979387
13	89220000	89240000	13174	81	11079	13300	0.00614847	0.55395	0.990526
13	89240000	89260000	10328	54	13366	10476	0.00522851	0.6683	0.985872
13	89260000	89280000	11042	79	7532	12475	0.0071545	0.3766	0.88513
13	89280000	89300000	9323	67	14817	9433	0.00718653	0.74085	0.988339
13	89300000	89320000	10510	77	12653	10637	0.00732636	0.63265	0.988061
13	89320000	89340000	10868	69	13330	11244	0.00634891	0.6665	0.96656
13	89340000	89360000	10846	85	12176	10956	0.00783699	0.6088	0.98996
13	89360000	89380000	10730	78	13035	10852	0.00726934	0.65175	0.988758
13	89380000	89400000	12221	87	7308	12373	0.00711889	0.3654	0.987715
13	89400000	89420000	12938	63	14196	13073	0.00486938	0.7098	0.989673
13	89420000	89440000	10615	48	10906	10702	0.0045219	0.5453	0.991871
13	89440000	89460000	11808	76	7797	12130	0.00643631	0.38985	0.973454
13	89460000	89480000	11170	87	14574	11367	0.00778872	0.7287	0.982669
13	89480000	89500000	8693	61	11196	8834	0.00701714	0.5598	0.984039
13	89500000	89520000	13653	61	11803	13776	0.00446788	0.59015	0.991071
13	89520000	89540000	10798	34	11137	10902	0.00314873	0.55685	0.99046
13	89540000	89560000	11591	55	15530	11887	0.00474506	0.7765	0.975099
13	89560000	89580000	11546	81	12115	11662	0.00701542	0.60575	0.990053
13	89580000	89600000	13147	106	3829	13403	0.00806268	0.19145	0.9809
13	89600000	89620000	11438	54	11966	11666	0.00472111	0.5983	0.980456
13	89620000	89640000	11356	44	11776	11824	0.0038746	0.5888	0.960419
13	89640000	89660000	10557	54	11318	10735	0.00511509	0.5659	0.983419
13	89660000	89680000	9722	74	10228	10142	0.0076116	0.5114	0.958588
13	89680000	89700000	10890	60	13956	10967	0.00550964	0.6978	0.992979
13	89700000	89720000	10673	69	12466	11537	0.00646491	0.6233	0.925111
13	89720000	89740000	12049	56	9401	12171	0.00464769	0.47005	0.989976
13	89740000	89760000	7739	34	12088	7906	0.00439333	0.6044	0.978877
13	89760000	89780000	12821	50	6454	12955	0.00389985	0.3227	0.989657
13	89780000	89800000	9076	30	10051	11355	0.00330542	0.50255	0.799295
13	89800000	89820000	1085	2	11123	1342	0.00184332	0.55615	0.808495
13	89820000	89840000	980	9	9471	1441	0.00918367	0.47355	0.680083
13	89840000	89860000	9022	70	13595	9123	0.00775881	0.67975	0.988929
13	89860000	89880000	13073	104	6737	13225	0.00795533	0.33685	0.988507
13	89880000	89900000	10374	62	9060	10469	0.00597648	0.453	0.990926
13	89900000	89920000	10764	90	10779	10867	0.0083612	0.53895	0.990522
13	89920000	89940000	13245	87	8938	13394	0.00656852	0.4469	0.988876
13	89940000	89960000	10437	81	15483	10605	0.00776085	0.77415	0.984158
13	89960000	89980000	12007	78	10204	12146	0.00649621	0.5102	0.988556
13	89980000	90000000	10445	63	10732	12048	0.00603159	0.5366	0.866949
13	90000000	90020000	9281	82	6399	9927	0.00883525	0.31995	0.934925
13	90020000	90040000	12572	94	10651	12730	0.00747693	0.53255	0.987588
13	90040000	90060000	11339	74	10840	11441	0.00652615	0.542	0.991085
13	90060000	90080000	11586	65	8515	12444	0.00561022	0.42575	0.931051
13	90080000	90100000	11802	98	10144	12023	0.00830368	0.5072	0.981619
13	90100000	90120000	11212	91	12755	11378	0.0081163	0.63775	0.98541
13	90120000	90140000	8916	82	11995	10867	0.00919695	0.59975	0.820466
13	90140000	90160000	11041	61	9224	11173	0.00552486	0.4612	0.988186
13	90160000	90180000	10658	80	10689	10764	0.0075061	0.53445	0.990152
13	90180000	90200000	10785	77	11596	11145	0.00713955	0.5798	0.967699
13	90200000	90220000	11875	94	7121	11997	0.00791579	0.35605	0.989831
13	90220000	90240000	10995	87	8939	11665	0.00791269	0.44695	0.942563
13	90240000	90260000	7625	65	12623	7796	0.00852459	0.63115	0.978066
13	90260000	90280000	12416	84	6317	12547	0.00676546	0.31585	0.989559
13	90280000	90300000	12530	79	10885	12811	0.00630487	0.54425	0.978066
13	90300000	90320000	10124	61	16253	10239	0.00602529	0.81265	0.988768
13	90320000	90340000	11945	60	7636	12064	0.00502302	0.3818	0.990136
13	90340000	90360000	11064	93	10809	11196	0.00840564	0.54045	0.98821
13	90360000	90380000	11820	81	7833	11979	0.00685279	0.39165	0.986727
13	90380000	90400000	12198	54	11892	12339	0.00442696	0.5946	0.988573
13	90400000	90420000	12620	43	11535	12746	0.00340729	0.57675	0.990115
13	90420000	90440000	11691	85	8268	11789	0.00727055	0.4134	0.991687
13	90440000	90460000	12641	77	10904	12955	0.00609129	0.5452	0.975762
13	90460000	90480000	10943	99	8725	11272	0.00904688	0.43625	0.970813
13	90480000	90500000	9615	71	7790	12796	0.0073843	0.3895	0.751407
13	90500000	90520000	12947	87	9391	13087	0.0067197	0.46955	0.989302
13	90520000	90540000	11184	75	8036	11574	0.00670601	0.4018	0.966304
13	90540000	90560000	11876	101	13317	12002	0.00850455	0.66585	0.989502
13	90560000	90580000	11803	47	12151	11915	0.00398204	0.60755	0.9906
13	90580000	90600000	12402	49	11308	12511	0.00395098	0.5654	0.991288
13	90600000	90620000	13214	76	8436	13391	0.00575148	0.4218	0.986782
13	90620000	90640000	11128	64	9374	11272	0.00575126	0.4687	0.987225
13	90640000	90660000	11820	71	7551	11944	0.00600677	0.37755	0.989618
13	90660000	90680000	10859	82	11697	10982	0.00755134	0.58485	0.9888
13	90680000	90700000	10362	54	15934	10825	0.00521135	0.7967	0.957229
13	90700000	90720000	13554	60	4711	13694	0.00442674	0.23555	0.989777
13	90720000	90740000	11792	80	12178	11908	0.00678426	0.6089	0.990259
13	90740000	90760000	11404	78	13940	11538	0.00683971	0.697	0.988386
13	90760000	90780000	12115	90	9112	12230	0.00742881	0.4556	0.990597
13	90780000	90800000	8120	64	10813	11131	0.00788177	0.54065	0.729494
13	90800000	90820000	8962	111	11891	9141	0.0123856	0.59455	0.980418
13	90820000	90840000	10972	79	6150	11096	0.00720015	0.3075	0.988825
13	90840000	90860000	12112	70	10566	12268	0.00577939	0.5283	0.987284
13	90860000	90880000	10582	72	10827	10693	0.00680401	0.54135	0.989619
13	90880000	90900000	11300	101	6591	11619	0.00893805	0.32955	0.972545
13	90900000	90920000	11583	76	10003	11719	0.00656134	0.50015	0.988395
13	90920000	90940000	11219	78	9069	11328	0.00695249	0.45345	0.990378
13	90940000	90960000	9981	66	10749	10093	0.00661256	0.53745	0.988903
13	90960000	90980000	12423	75	8704	12534	0.00603719	0.4352	0.991144
13	90980000	91000000	11435	55	10392	11596	0.00480979	0.5196	0.986116
13	91000000	91020000	7730	57	13629	10149	0.00737387	0.68145	0.761651
13	91020000	91040000	12256	80	7380	12397	0.00652742	0.369	0.988626
13	91040000	91060000	8925	109	15476	9036	0.0122129	0.7738	0.987716
13	91060000	91080000	12525	90	9057	12673	0.00718563	0.45285	0.988322
13	91080000	91100000	11413	86	15358	11556	0.00753527	0.7679	0.987625
13	91100000	91120000	11951	88	9797	12097	0.0073634	0.48985	0.987931
13	91120000	91140000	9666	71	9935	9752	0.00734533	0.49675	0.991181
13	91140000	91160000	11205	61	9928	11921	0.005444	0.4964	0.939938
13	91160000	91180000	12006	93	11269	12127	0.00774613	0.56345	0.990022
13	91180000	91200000	9399	77	13624	9483	0.00819236	0.6812	0.991142
13	91200000	91220000	12058	70	8498	12167	0.00580527	0.4249	0.991041
13	91220000	91240000	11214	74	10748	11339	0.00659889	0.5374	0.988976
13	91240000	91260000	13106	77	7703	13220	0.00587517	0.38515	0.991377
13	91260000	91280000	11617	56	11264	11717	0.00482052	0.5632	0.991465
13	91280000	91300000	11395	65	10419	11498	0.00570426	0.52095	0.991042
13	91300000	91320000	7019	50	13334	7115	0.00712352	0.6667	0.986507
13	91320000	91340000	10784	70	8525	10903	0.0064911	0.42625	0.989086
13	91340000	91360000	11634	72	10773	11736	0.00618876	0.53865	0.991309
13	91360000	91380000	14393	97	6404	14522	0.00673939	0.3202	0.991117
13	91380000	91400000	8500	55	13867	8595	0.00647059	0.69335	0.988947
13	91400000	91420000	12587	90	8051	13062	0.00715023	0.40255	0.963635
13	91420000	91440000	11527	66	8953	12334	0.00572569	0.44765	0.934571
13	91440000	91460000	13799	117	6798	13910	0.00847888	0.3399	0.99202
13	91460000	91480000	8148	59	11521	8220	0.00724104	0.57605	0.991241
13	91480000	91500000	8308	51	10309	9251	0.00613866	0.51545	0.898065
13	91500000	91520000	10083	55	9429	10234	0.00545473	0.47145	0.985245
13	91520000	91540000	12388	69	7208	12509	0.00556991	0.3604	0.990327
13	91540000	91560000	11456	92	8291	11597	0.00803073	0.41455	0.987842
13	91560000	91580000	12890	86	5862	13087	0.00667184	0.2931	0.984947
13	91580000	91600000	11039	82	8753	11175	0.00742821	0.43765	0.98783
13	91600000	91620000	11487	98	7915	11604	0.00853138	0.39575	0.989917
13	91620000	91640000	10699	95	9853	10831	0.00887933	0.49265	0.987813
13	91640000	91660000	13675	104	7422	13831	0.00760512	0.3711	0.988721
13	91660000	91680000	12568	91	6839	12775	0.00724061	0.34195	0.983796
13	91680000	91700000	12246	62	8275	12355	0.00506288	0.41375	0.991178
13	91700000	91720000	10920	80	11715	11022	0.00732601	0.58575	0.990746
13	91720000	91740000	13648	117	7653	13803	0.00857268	0.38265	0.988771
13	91740000	91760000	12690	94	10471	12896	0.00740741	0.52355	0.984026
13	91760000	91780000	13292	74	6895	13414	0.00556726	0.34475	0.990905
13	91780000	91800000	13258	84	6541	13389	0.0063358	0.32705	0.990216
13	91800000	91820000	13489	92	6628	13586	0.00682037	0.3314	0.99286
13	91820000	91840000	12719	104	6176	12849	0.00817674	0.3088	0.989882
13	91840000	91860000	12962	74	9272	13055	0.005709	0.4636	0.992876
13	91860000	91880000	13211	67	7348	13312	0.00507153	0.3674	0.992413
13	91880000	91900000	11605	76	9314	12284	0.0065489	0.4657	0.944725
13	91900000	91920000	11375	85	12966	11593	0.00747253	0.6483	0.981196
13	91920000	91940000	11804	54	11325	12023	0.00457472	0.56625	0.981785
13	91940000	91960000	9659	51	10618	9973	0.00528005	0.5309	0.968515
13	91960000	91980000	11942	75	7201	12066	0.00628036	0.36005	0.989723
13	91980000	92000000	9870	58	9475	9969	0.00587639	0.47375	0.990069
13	92000000	92020000	12450	64	4559	12558	0.00514056	0.22795	0.9914
13	92020000	92040000	14160	68	6926	14307	0.00480226	0.3463	0.989725
13	92040000	92060000	13599	70	5951	13716	0.00514744	0.29755	0.99147
13	92060000	92080000	10774	64	9903	10870	0.00594023	0.49515	0.991168
13	92080000	92100000	8745	50	13092	8837	0.00571755	0.6546	0.989589
13	92100000	92120000	12663	65	7339	12837	0.00513306	0.36695	0.986445
13	92120000	92140000	12708	93	7227	12814	0.00731822	0.36135	0.991728
13	92140000	92160000	10212	67	12020	10286	0.00656091	0.601	0.992806
13	92160000	92180000	10502	77	11507	10616	0.00733194	0.57535	0.989261
13	92180000	92200000	12473	64	9454	12611	0.00513108	0.4727	0.989057
13	92200000	92220000	10555	76	11298	11077	0.00720038	0.5649	0.952875
13	92220000	92240000	10755	61	9800	10869	0.00567178	0.49	0.989511
13	92240000	92260000	10443	61	9697	10523	0.00584123	0.48485	0.992398
13	92260000	92280000	13479	71	7122	13616	0.00526745	0.3561	0.989938
13	92280000	92300000	12784	99	6827	12983	0.00774406	0.34135	0.984672
13	92300000	92320000	13212	98	8900	13404	0.0074175	0.445	0.985676
13	92320000	92340000	12700	91	8501	12932	0.00716535	0.42505	0.98206
13	92340000	92360000	11259	84	8941	11375	0.0074607	0.44705	0.989802
13	92360000	92380000	12414	66	8688	12515	0.00531658	0.4344	0.99193
13	92380000	92400000	12088	86	10399	12199	0.00711449	0.51995	0.990901
13	92400000	92420000	9920	53	7754	12581	0.00534274	0.3877	0.788491
13	92420000	92440000	6541	62	9201	10480	0.00947867	0.46005	0.624141
13	92440000	92460000	5191	44	8622	5429	0.00847621	0.4311	0.956161
13	92460000	92480000	6212	68	7641	6327	0.0109466	0.38205	0.981824
13	92480000	92500000	5526	53	10442	5601	0.00959102	0.5221	0.98661
13	92500000	92520000	8934	60	11537	9106	0.00671592	0.57685	0.981111
13	92520000	92540000	7039	69	12123	7127	0.00980253	0.60615	0.987653
13	92540000	92560000	7504	72	10594	7617	0.00959488	0.5297	0.985165
13	92560000	92580000	6291	49	8859	6381	0.0077889	0.44295	0.985896
13	92580000	92600000	9308	84	5741	9398	0.0090245	0.28705	0.990423
13	92600000	92620000	10535	43	12743	10645	0.00408163	0.63715	0.989667
13	92620000	92640000	8274	42	13831	8367	0.00507614	0.69155	0.988885
13	92640000	92660000	12781	64	6301	12920	0.00500743	0.31505	0.989241
13	92660000	92680000	12773	83	8462	12933	0.00649808	0.4231	0.987629
13	92680000	92700000	12880	91	10475	13001	0.00706522	0.52375	0.990693
13	92700000	92720000	11728	94	6190	11813	0.00801501	0.3095	0.992805
13	92720000	92740000	4455	74	9304	5260	0.0166105	0.4652	0.846958
13	92740000	92760000	0	0	7816	8574		0.3908	0
13	92760000	92780000	0	0	6926	10076		0.3463	0
13	92780000	92800000	82	0	6571	8486	0	0.32855	0.00966297
13	92800000	92820000	4684	33	8220	11926	0.00704526	0.411	0.392755
13	92820000	92840000	10787	62	5343	11345	0.00574766	0.26715	0.950815
13	92840000	92860000	13025	77	10385	13160	0.00591171	0.51925	0.989742
13	92860000	92880000	13062	103	7995	13243	0.00788547	0.39975	0.986332
13	92880000	92900000	11952	81	7185	12067	0.00677711	0.35925	0.99047
13	92900000	92920000	10082	44	6494	10196	0.00436421	0.3247	0.988819
13	92920000	92940000	9072	55	11438	9173	0.00606261	0.5719	0.988989
13	92940000	92960000	7643	54	11476	8011	0.00706529	0.5738	0.954063
13	92960000	92980000	12995	110	5078	13265	0.00846479	0.2539	0.979646
13	92980000	93000000	11949	69	10095	12060	0.00577454	0.50475	0.990796
13	93000000	93020000	10209	90	13758	10369	0.00881575	0.6879	0.984569
13	93020000	93040000	11448	124	8813	11580	0.0108316	0.44065	0.988601
13	93040000	93060000	12410	110	8449	12630	0.00886382	0.42245	0.982581
13	93060000	93080000	12480	110	9140	12644	0.0088141	0.457	0.987029
13	93080000	93100000	11085	83	10565	11211	0.0074876	0.52825	0.988761
13	93100000	93120000	13307	94	6482	13841	0.00706395	0.3241	0.961419
13	93120000	93140000	4811	32	8406	7023	0.00665142	0.4203	0.685035
13	93140000	93160000	8170	50	10492	12345	0.00611995	0.5246	0.661806
13	93160000	93180000	9288	47	11609	9373	0.00506029	0.58045	0.990931
13	93180000	93200000	11139	70	8259	11292	0.00628423	0.41295	0.986451
13	93200000	93220000	9037	89	4666	9137	0.0098484	0.2333	0.989055
13	93220000	93240000	5961	43	10004	6031	0.00721355	0.5002	0.988393
13	93240000	93260000	6937	43	7981	8542	0.00619864	0.39905	0.812105
13	93260000	93280000	6077	42	5823	6140	0.0069113	0.29115	0.989739
13	93280000	93300000	6120	62	10162	6281	0.0101307	0.5081	0.974367
13	93300000	93320000	3854	44	7880	3961	0.0114167	0.394	0.972987
13	93320000	93340000	2392	27	7594	3573	0.0112876	0.3797	0.669465
13	93340000	93360000	0	0	15396	6011		0.7698	0
13	93360000	93380000	11949	56	6370	12723	0.00468658	0.3185	0.939165
13	93380000	93400000	12563	75	8202	12664	0.00596991	0.4101	0.992025
13	93400000	93420000	8025	70	13995	8171	0.00872274	0.69975	0.982132
13	93420000	93440000	13127	102	6572	13296	0.00777024	0.3286	0.987289
13	93440000	93460000	9070	47	11769	9399	0.00518192	0.58845	0.964996
13	93460000	93480000	13288	51	7547	13412	0.00383805	0.37735	0.990755
13	93480000	93500000	13078	89	8525	13199	0.00680532	0.42625	0.990833
13	93500000	93520000	11186	64	10500	11356	0.00572144	0.525	0.98503
13	93520000	93540000	12590	89	6389	12738	0.0070691	0.31945	0.988381
13	93540000	93560000	11210	67	9233	11334	0.00597681	0.46165	0.989059
13	93560000	93580000	12830	78	9824	13014	0.0060795	0.4912	0.985861
13	93580000	93600000	11259	84	10880	11441	0.0074607	0.544	0.984092
13	93600000	93620000	10695	56	9733	10814	0.00523609	0.48665	0.988996
13	93620000	93640000	12666	82	11648	12782	0.00647402	0.5824	0.990925
13	93640000	93660000	11534	100	11631	11656	0.00867002	0.58155	0.989533
13	93660000	93680000	13200	97	9448	13345	0.00734848	0.4724	0.989135
13	93680000	93700000	8568	63	9589	8666	0.00735294	0.47945	0.988691
13	93700000	93720000	9584	68	11299	9682	0.00709516	0.56495	0.989878
13	93720000	93740000	12077	84	8457	12185	0.00695537	0.42285	0.991137
13	93740000	93760000	6939	47	14839	7814	0.00677331	0.74195	0.888021
13	93760000	93780000	10899	80	8803	11096	0.00734012	0.44015	0.982246
13	93780000	93800000	10064	71	13809	10189	0.00705485	0.69045	0.987732
13	93800000	93820000	11997	69	9239	12122	0.00575144	0.46195	0.989688
13	93820000	93840000	10690	80	13028	10789	0.00748363	0.6514	0.990824
13	93840000	93860000	9301	72	12189	9393	0.0077411	0.60945	0.990205
13	93860000	93880000	11400	51	7256	11487	0.00447368	0.3628	0.992426
13	93880000	93900000	11167	44	11538	11239	0.00394018	0.5769	0.993594
13	93900000	93920000	12762	90	6304	12854	0.00705219	0.3152	0.992843
13	93920000	93940000	12261	99	6261	12403	0.00807438	0.31305	0.988551
13	93940000	93960000	12876	83	6073	13041	0.0064461	0.30365	0.987348
13	93960000	93980000	12306	74	5990	12956	0.00601333	0.2995	0.94983
13	93980000	94000000	11542	72	8054	11649	0.00623809	0.4027	0.990815
13	94000000	94020000	12938	80	6060	13055	0.00618334	0.303	0.991038
13	94020000	94040000	13552	83	4451	13728	0.00612456	0.22255	0.987179
13	94040000	94060000	13107	107	5758	13231	0.00816358	0.2879	0.990628
13	94060000	94080000	12659	65	6381	12745	0.00513469	0.31905	0.993252
13	94080000	94100000	12124	86	6603	12264	0.00709337	0.33015	0.988584
13	94100000	94120000	11428	77	8645	11513	0.00673784	0.43225	0.992617
13	94120000	94140000	12360	77	9883	12458	0.00622977	0.49415	0.992134
13	94140000	94160000	7117	45	11475	7418	0.00632289	0.57375	0.959423
13	94160000	94180000	13241	75	6322	13353	0.00566422	0.3161	0.991612
13	94180000	94200000	11737	58	8361	11868	0.00494164	0.41805	0.988962
13	94200000	94220000	11988	83	4167	12245	0.00692359	0.20835	0.979012
13	94220000	94240000	12293	72	8686	12716	0.00585699	0.4343	0.966735
13	94240000	94260000	12172	74	7035	12293	0.00607953	0.35175	0.990157
13	94260000	94280000	12750	75	6466	12855	0.00588235	0.3233	0.991832
13	94280000	94300000	13425	92	6027	13536	0.00685289	0.30135	0.9918
13	94300000	94320000	11964	64	6436	12080	0.00534938	0.3218	0.990397
13	94320000	94340000	13914	89	4904	14042	0.00639644	0.2452	0.990884
13	94340000	94360000	12878	88	7052	13005	0.00683336	0.3526	0.990235
13	94360000	94380000	10259	59	9466	10677	0.00575105	0.4733	0.96085
13	94380000	94400000	13519	83	7512	13628	0.00613951	0.3756	0.992002
13	94400000	94420000	13649	76	4023	13852	0.00556817	0.20115	0.985345
13	94420000	94440000	12768	70	6898	12883	0.00548246	0.3449	0.991074
13	94440000	94460000	12721	84	6125	12831	0.00660325	0.30625	0.991427
13	94460000	94480000	13314	104	4547	13438	0.00781133	0.22735	0.990772
13	94480000	94500000	11521	75	7140	11637	0.00650985	0.357	0.990032
13	94500000	94520000	14376	112	4749	14499	0.00779076	0.23745	0.991517
13	94520000	94540000	11496	87	7441	11583	0.00756785	0.37205	0.992489
13	94540000	94560000	12208	89	5160	12344	0.0072903	0.258	0.988983
13	94560000	94580000	12825	98	7739	12940	0.00764133	0.38695	0.991113
13	94580000	94600000	11683	54	9439	11802	0.0046221	0.47195	0.989917
13	94600000	94620000	12460	61	6228	12539	0.00489567	0.3114	0.9937
13	94620000	94640000	13270	93	4389	13440	0.00700829	0.21945	0.987351
13	94640000	94660000	12641	95	6076	12752	0.00751523	0.3038	0.991295
13	94660000	94680000	11962	77	10098	12069	0.00643705	0.5049	0.991134
13	94680000	94700000	13385	84	5591	13514	0.00627568	0.27955	0.990454
13	94700000	94720000	14534	105	4397	14679	0.00722444	0.21985	0.990122
13	94720000	94740000	10730	75	9986	11037	0.00698975	0.4993	0.972184
13	94740000	94760000	10388	99	8464	10473	0.00953023	0.4232	0.991884
13	94760000	94780000	12419	71	5846	12547	0.00571705	0.2923	0.989798
13	94780000	94800000	13336	59	6195	13459	0.00442412	0.30975	0.990861
13	94800000	94820000	13767	68	6115	13870	0.00493935	0.30575	0.992574
13	94820000	94840000	12495	60	7585	12646	0.00480192	0.37925	0.988059
13	94840000	94860000	13065	73	5729	13190	0.00558745	0.28645	0.990523
13	94860000	94880000	13466	74	7522	13597	0.00549532	0.3761	0.990366
13	94880000	94900000	12635	55	7781	12742	0.00435299	0.38905	0.991603
13	94900000	94920000	12870	62	6002	13017	0.0048174	0.3001	0.988707
13	94920000	94940000	10667	57	8145	10881	0.00534358	0.40725	0.980333
13	94940000	94960000	12595	77	7226	12721	0.00611354	0.3613	0.990095
13	94960000	94980000	13435	87	5743	13538	0.00647562	0.28715	0.992392
13	94980000	95000000	13222	124	5283	13377	0.00937831	0.26415	0.988413
13	95000000	95020000	13119	79	5688	13781	0.0060218	0.2844	0.951963
13	95020000	95040000	8262	39	11666	8390	0.00472041	0.5833	0.984744
13	95040000	95060000	13184	73	5288	13288	0.00553701	0.2644	0.992173
13	95060000	95080000	12960	69	8349	13048	0.00532407	0.41745	0.993256
13	95080000	95100000	11766	70	7493	11865	0.00594935	0.37465	0.991656
13	95100000	95120000	10765	85	8188	11294	0.00789596	0.4094	0.953161
13	95120000	95140000	12163	76	7543	12245	0.00624846	0.37715	0.993303
13	95140000	95160000	10744	53	10868	10830	0.00493299	0.5434	0.992059
13	95160000	95180000	9677	64	11148	11534	0.00661362	0.5574	0.838998
13	95180000	95200000	8198	60	11551	8293	0.00731886	0.57755	0.988545
13	95200000	95220000	7657	42	10495	9906	0.00548518	0.52475	0.772966
13	95220000	95240000	11240	70	11590	12085	0.00622776	0.5795	0.930079
13	95240000	95260000	9226	61	9030	9612	0.00661175	0.4515	0.959842
13	95260000	95280000	12807	45	4865	12911	0.0035137	0.24325	0.991945
13	95280000	95300000	10419	39	11875	10494	0.00374316	0.59375	0.992853
13	95300000	95320000	12279	45	7626	12380	0.00366479	0.3813	0.991842
13	95320000	95340000	11591	58	9544	11803	0.00500388	0.4772	0.982038
13	95340000	95360000	12196	41	9402	12290	0.00336176	0.4701	0.992352
13	95360000	95380000	10824	42	6218	11159	0.00388027	0.3109	0.969979
13	95380000	95400000	9227	53	15332	9325	0.00574401	0.7666	0.989491
13	95400000	95420000	9786	79	9106	9870	0.00807276	0.4553	0.991489
13	95420000	95440000	10966	59	7152	11054	0.00538027	0.3576	0.992039
13	95440000	95460000	11981	89	8326	12087	0.00742843	0.4163	0.99123
13	95460000	95480000	11152	89	9776	11908	0.00798063	0.4888	0.936513
13	95480000	95500000	10483	56	7210	10567	0.00534198	0.3605	0.992051
13	95500000	95520000	12919	87	4823	13049	0.00673427	0.24115	0.990038
13	95520000	95540000	7554	43	12441	7617	0.00569235	0.62205	0.991729
13	95540000	95560000	11856	76	10802	12057	0.00641026	0.5401	0.983329
13	95560000	95580000	11415	83	10383	11517	0.00727113	0.51915	0.991144
13	95580000	95600000	10385	71	9061	10787	0.00683678	0.45305	0.962733
13	95600000	95620000	12375	61	6770	12460	0.00492929	0.3385	0.993178
13	95620000	95640000	11802	54	5814	11895	0.0045755	0.2907	0.992182
13	95640000	95660000	12727	83	9313	12818	0.00652157	0.46565	0.992901
13	95660000	95680000	11351	81	10638	11490	0.00713594	0.5319	0.987903
13	95680000	95700000	12312	76	7242	12455	0.00617284	0.3621	0.988519
13	95700000	95720000	11322	70	5700	12046	0.00618265	0.285	0.939897
13	95720000	95740000	11641	65	6194	11939	0.00558371	0.3097	0.97504
13	95740000	95760000	8133	62	14268	8201	0.00762326	0.7134	0.991708
13	95760000	95780000	11194	78	6226	11279	0.00696802	0.3113	0.992464
13	95780000	95800000	11127	69	7262	11216	0.00620113	0.3631	0.992065
13	95800000	95820000	12507	79	4118	12616	0.00631646	0.2059	0.99136
13	95820000	95840000	11702	89	7005	11821	0.00760554	0.35025	0.989933
13	95840000	95860000	8725	49	8011	11224	0.00561605	0.40055	0.777352
13	95860000	95880000	10543	64	10116	10617	0.00607038	0.5058	0.99303
13	95880000	95900000	10337	71	7142	10433	0.00686853	0.3571	0.990798
13	95900000	95920000	9952	74	11945	10242	0.00743569	0.59725	0.971685
13	95920000	95940000	7618	44	10894	7692	0.00577579	0.5447	0.99038
13	95940000	95960000	7515	66	12241	7601	0.00878244	0.61205	0.988686
13	95960000	95980000	5170	42	16026	5379	0.00812379	0.8013	0.961145
13	95980000	96000000	6893	45	13125	7080	0.00652836	0.65625	0.973588
13	96000000	96020000	6707	50	14177	6985	0.0074549	0.70885	0.9602
13	96020000	96040000	5877	48	15701	6148	0.00816743	0.78505	0.955921
13	96040000	96060000	8431	71	12957	8870	0.0084213	0.64785	0.950507
13	96060000	96080000	7776	51	14111	7842	0.00655864	0.70555	0.991584
13	96080000	96100000	9578	78	11242	9654	0.00814366	0.5621	0.992128
13	96100000	96120000	9327	60	10629	9472	0.00643294	0.53145	0.984692
13	96120000	96140000	10386	61	10884	10651	0.00587329	0.5442	0.97512
13	96140000	96160000	8276	64	12861	8336	0.0077332	0.64305	0.992802
13	96160000	96180000	10238	43	13329	10322	0.00420004	0.66645	0.991862
13	96180000	96200000	11016	67	8272	11090	0.00608206	0.4136	0.993327
13	96200000	96220000	12302	69	5980	12397	0.00560884	0.299	0.992337
13	96220000	96240000	12209	90	5758	12313	0.00737161	0.2879	0.991554
13	96240000	96260000	14023	67	5181	14149	0.00477786	0.25905	0.991095
13	96260000	96280000	11909	68	9027	11987	0.00570997	0.45135	0.993493
13	96280000	96300000	10211	42	10349	10289	0.00411321	0.51745	0.992419
13	96300000	96320000	9184	53	16043	9264	0.00577091	0.80215	0.991364
13	96320000	96340000	8364	50	12429	8419	0.005978	0.62145	0.993467
13	96340000	96360000	8152	28	14453	8212	0.00343474	0.72265	0.992694
13	96360000	96380000	9329	71	11731	9485	0.00761068	0.58655	0.983553
13	96380000	96400000	6197	41	17530	6769	0.0066161	0.8765	0.915497
13	96400000	96420000	10685	62	9653	10741	0.00580253	0.48265	0.994786
13	96420000	96440000	11294	67	11039	11445	0.00593235	0.55195	0.986806
13	96440000	96460000	10729	70	7684	10863	0.00652437	0.3842	0.987665
13	96460000	96480000	8630	54	17191	8688	0.00625724	0.85955	0.993324
13	96480000	96500000	8226	47	15638	8297	0.00571359	0.7819	0.991443
13	96500000	96520000	12248	84	9365	12343	0.00685826	0.46825	0.992303
13	96520000	96540000	11718	80	8650	11829	0.0068271	0.4325	0.990616
13	96540000	96560000	12732	70	10292	12892	0.00549796	0.5146	0.987589
13	96560000	96580000	4689	22	16212	4854	0.00469183	0.8106	0.966007
13	96580000	96600000	8308	51	15817	8379	0.00613866	0.79085	0.991526
13	96600000	96620000	8649	30	14058	8705	0.00346861	0.7029	0.993567
13	96620000	96640000	10770	57	8706	10845	0.00529248	0.4353	0.993084
13	96640000	96660000	11444	63	9292	11546	0.00550507	0.4646	0.991166
13	96660000	96680000	11368	52	11715	11454	0.00457424	0.58575	0.992492
13	96680000	96700000	6772	55	15177	6827	0.00812168	0.75885	0.991944
13	96700000	96720000	8716	48	11104	8787	0.00550711	0.5552	0.99192
13	96720000	96740000	12711	84	9708	12841	0.00660845	0.4854	0.989876
13	96740000	96760000	13440	81	5692	13724	0.00602679	0.2846	0.979306
13	96760000	96780000	10721	50	9568	11262	0.00466374	0.4784	0.951962
13	96780000	96800000	10028	53	11168	10084	0.0052852	0.5584	0.994447
13	96800000	96820000	12876	56	8015	12965	0.00434918	0.40075	0.993135
13	96820000	96840000	12320	58	8621	12427	0.00470779	0.43105	0.99139
13	96840000	96860000	10601	60	10368	10663	0.00565984	0.5184	0.994186
13	96860000	96880000	12524	46	5232	13200	0.00367295	0.2616	0.948788
13	96880000	96900000	11285	58	10196	12505	0.00513957	0.5098	0.902439
13	96900000	96920000	13256	69	9588	13380	0.00520519	0.4794	0.990732
13	96920000	96940000	13265	78	6840	13386	0.00588014	0.342	0.990961
13	96940000	96960000	12758	69	7443	12868	0.00540837	0.37215	0.991452
13	96960000	96980000	11048	47	9790	11115	0.00425416	0.4895	0.993972
13	96980000	97000000	9340	55	11777	9680	0.00588865	0.58885	0.964876
13	97000000	97020000	11466	72	9685	11560	0.00627943	0.48425	0.991869
13	97020000	97040000	12289	79	7741	12421	0.00642851	0.38705	0.989373
13	97040000	97060000	13064	85	7742	13155	0.00650643	0.3871	0.993082
13	97060000	97080000	12861	64	7541	13177	0.00497628	0.37705	0.976019
13	97080000	97100000	11668	69	8120	11769	0.00591361	0.406	0.991418
13	97100000	97120000	12873	91	6719	13012	0.00706906	0.33595	0.989318
13	97120000	97140000	12495	66	7310	12609	0.00528211	0.3655	0.990959
13	97140000	97160000	13963	78	6387	14062	0.00558619	0.31935	0.99296
13	97160000	97180000	8308	47	15461	8388	0.0056572	0.77305	0.990463
13	97180000	97200000	13682	120	6420	13795	0.00877065	0.321	0.991809
13	97200000	97220000	12209	73	7587	12303	0.0059792	0.37935	0.99236
13	97220000	97240000	10406	45	8709	10483	0.00432443	0.43545	0.992655
13	97240000	97260000	7493	34	17670	7746	0.00453757	0.8835	0.967338
13	97260000	97280000	13716	86	10108	13841	0.00627005	0.5054	0.990969
13	97280000	97300000	13121	75	10436	13230	0.00571603	0.5218	0.991761
13	97300000	97320000	11014	58	11585	11146	0.00526603	0.57925	0.988157
13	97320000	97340000	14621	85	7012	14749	0.00581356	0.3506	0.991321
13	97340000	97360000	10850	54	8404	10986	0.00497696	0.4202	0.987621
13	97360000	97380000	13368	74	7934	13467	0.00553561	0.3967	0.992649
13	97380000	97400000	12880	67	9121	12997	0.00520186	0.45605	0.990998
13	97400000	97420000	12945	42	11600	13047	0.0032445	0.58	0.992182
13	97420000	97440000	9795	64	9980	9865	0.00653395	0.499	0.992904
13	97440000	97460000	12971	69	8501	13091	0.00531956	0.42505	0.990833
13	97460000	97480000	14223	75	5008	14329	0.00527315	0.2504	0.992602
13	97480000	97500000	13065	55	4943	13240	0.00420972	0.24715	0.986782
13	97500000	97520000	13613	100	8412	13746	0.00734592	0.4206	0.990324
13	97520000	97540000	12423	81	9403	12722	0.00652016	0.47015	0.976497
13	97540000	97560000	11405	54	12770	11527	0.00473477	0.6385	0.989416
13	97560000	97580000	7586	53	14219	7918	0.00698655	0.71095	0.95807
13	97580000	97600000	13328	81	10090	13470	0.00607743	0.5045	0.989458
13	97600000	97620000	12776	87	11389	13048	0.00680964	0.56945	0.979154
13	97620000	97640000	11126	87	13036	11236	0.00781952	0.6518	0.99021
13	97640000	97660000	13232	65	6655	13349	0.00491233	0.33275	0.991235
13	97660000	97680000	11351	51	11121	11755	0.004493	0.55605	0.965632
13	97680000	97700000	10220	64	13484	10313	0.00626223	0.6742	0.990982
13	97700000	97720000	8585	45	15081	8652	0.0052417	0.75405	0.992256
13	97720000	97740000	13570	63	9741	13706	0.00464259	0.48705	0.990077
13	97740000	97760000	9892	52	12191	9984	0.00525677	0.60955	0.990785
13	97760000	97780000	13651	55	5354	13923	0.00402901	0.2677	0.980464
13	97780000	97800000	12112	46	7314	13158	0.00379789	0.3657	0.920505
13	97800000	97820000	9083	52	10428	9152	0.00572498	0.5214	0.992461
13	97820000	97840000	13084	53	10353	13193	0.00405075	0.51765	0.991738
13	97840000	97860000	13396	75	8156	13492	0.00559869	0.4078	0.992885
13	97860000	97880000	13270	58	5808	13384	0.00437076	0.2904	0.991482
13	97880000	97900000	14301	63	3753	14409	0.00440529	0.18765	0.992505
13	97900000	97920000	12591	68	6027	12748	0.00540068	0.30135	0.987684
13	97920000	97940000	11966	51	8558	12045	0.00426208	0.4279	0.993441
13	97940000	97960000	12936	84	7204	13038	0.00649351	0.3602	0.992177
13	97960000	97980000	13325	66	8437	13480	0.0049531	0.42185	0.988501
13	97980000	98000000	12715	66	5289	13825	0.00519072	0.26445	0.919711
13	98000000	98020000	12011	51	6181	12093	0.00424611	0.30905	0.993219
13	98020000	98040000	12764	70	4212	12875	0.00548417	0.2106	0.991379
13	98040000	98060000	13649	71	7662	13758	0.00520185	0.3831	0.992077
13	98060000	98080000	13231	83	6961	13378	0.00627315	0.34805	0.989012
13	98080000	98100000	12033	45	4102	12168	0.00373972	0.2051	0.988905
13	98100000	98120000	13002	45	8754	13127	0.00346101	0.4377	0.990478
13	98120000	98140000	12499	72	7335	12605	0.00576046	0.36675	0.991591
13	98140000	98160000	12157	50	10395	12241	0.00411286	0.51975	0.993138
13	98160000	98180000	9229	59	13252	9344	0.00639289	0.6626	0.987693
13	98180000	98200000	11555	77	9189	12017	0.00666378	0.45945	0.961554
13	98200000	98220000	12798	60	10751	13001	0.00468823	0.53755	0.984386
13	98220000	98240000	11767	106	11292	12121	0.00900824	0.5646	0.970794
13	98240000	98260000	1602	56	18778	3538	0.0349563	0.9389	0.452798
13	98260000	98280000	8397	124	12359	8709	0.0147672	0.61795	0.964175
13	98280000	98300000	8697	45	11986	9399	0.0051742	0.5993	0.925311
13	98300000	98320000	12399	103	10704	12495	0.00830712	0.5352	0.992317
13	98320000	98340000	9048	59	11686	9157	0.00652078	0.5843	0.988097
13	98340000	98360000	10349	59	11703	10456	0.00570103	0.58515	0.989767
13	98360000	98380000	11422	79	13698	11521	0.00691648	0.6849	0.991407
13	98380000	98400000	6081	37	13417	8575	0.00608453	0.67085	0.709155
13	98400000	98420000	10666	95	15081	10835	0.00890681	0.75405	0.984402
13	98420000	98440000	6006	59	16092	6101	0.00982351	0.8046	0.984429
13	98440000	98460000	9787	68	14274	9876	0.00694799	0.7137	0.990988
13	98460000	98480000	9841	59	11619	9969	0.00599533	0.58095	0.98716
13	98480000	98500000	11142	77	11655	11241	0.00691079	0.58275	0.991193
13	98500000	98520000	9249	54	12669	9770	0.00583847	0.63345	0.946673
13	98520000	98540000	10733	75	11311	10824	0.00698779	0.56555	0.991593
13	98540000	98560000	9775	62	9752	9855	0.00634271	0.4876	0.991882
13	98560000	98580000	9616	54	12102	10111	0.00561564	0.6051	0.951043
13	98580000	98600000	8293	49	14610	9042	0.0059086	0.7305	0.917164
13	98600000	98620000	6625	49	14313	6858	0.00739623	0.71565	0.966025
13	98620000	98640000	9381	26	7033	9860	0.00277156	0.35165	0.95142
13	98640000	98660000	10003	33	8366	10060	0.00329901	0.4183	0.994334
13	98660000	98680000	10998	34	5436	11071	0.00309147	0.2718	0.993406
13	98680000	98700000	7694	22	13048	7920	0.00285937	0.6524	0.971465
13	98700000	98720000	7688	58	13391	7787	0.00754422	0.66955	0.987287
13	98720000	98740000	9343	61	12398	9432	0.00652895	0.6199	0.990564
13	98740000	98760000	10060	75	12641	10150	0.00745527	0.63205	0.991133
13	98760000	98780000	7464	73	15206	8133	0.00978028	0.7603	0.917743
13	98780000	98800000	8133	67	9849	8993	0.00823804	0.49245	0.90437
13	98800000	98820000	8941	46	11607	9011	0.00514484	0.58035	0.992232
13	98820000	98840000	11239	71	11017	11335	0.00631729	0.55085	0.991531
13	98840000	98860000	10971	62	8769	11076	0.00565126	0.43845	0.99052
13	98860000	98880000	10583	57	6475	10695	0.005386	0.32375	0.989528
13	98880000	98900000	10421	71	8085	10518	0.00681317	0.40425	0.990778
13	98900000	98920000	11385	79	6962	11508	0.00693895	0.3481	0.989312
13	98920000	98940000	10224	74	7188	10697	0.00723787	0.3594	0.955782
13	98940000	98960000	13789	92	5015	13955	0.00667198	0.25075	0.988105
13	98960000	98980000	12256	80	5811	12381	0.00652742	0.29055	0.989904
13	98980000	99000000	11030	77	9993	11628	0.00698096	0.49965	0.948572
13	99000000	99020000	12120	104	11433	12256	0.00858086	0.57165	0.988903
13	99020000	99040000	10355	73	8155	10646	0.00704973	0.40775	0.972666
13	99040000	99060000	13345	96	2431	13485	0.00719371	0.12155	0.989618
13	99060000	99080000	12037	79	5500	12239	0.0065631	0.275	0.983495
13	99080000	99100000	12553	134	4270	12668	0.0106747	0.2135	0.990922
13	99100000	99120000	13301	92	2983	13468	0.00691677	0.14915	0.9876
13	99120000	99140000	12827	118	4460	12963	0.00919935	0.223	0.989509
13	99140000	99160000	13453	88	4713	13627	0.00654129	0.23565	0.987231
13	99160000	99180000	14052	90	6275	14256	0.00640478	0.31375	0.98569
13	99180000	99200000	11412	69	5718	12086	0.00604627	0.2859	0.944233
13	99200000	99220000	10259	54	7820	10692	0.00526367	0.391	0.959502
13	99220000	99240000	11130	52	7845	11324	0.00467206	0.39225	0.982868
13	99240000	99260000	6353	40	15954	7771	0.00629624	0.7977	0.817527
13	99260000	99280000	7712	57	12581	7951	0.00739108	0.62905	0.969941
13	99280000	99300000	7429	64	14684	7648	0.00861489	0.7342	0.971365
13	99300000	99320000	10273	98	8016	10378	0.00953957	0.4008	0.989882
13	99320000	99340000	10589	67	10159	10713	0.00632732	0.50795	0.988425
13	99340000	99360000	9243	63	13204	9326	0.00681597	0.6602	0.9911
13	99360000	99380000	11505	90	6565	11619	0.00782269	0.32825	0.990188
13	99380000	99400000	8174	59	11802	8831	0.00721801	0.5901	0.925603
13	99400000	99420000	7380	72	14015	7496	0.0097561	0.70075	0.984525
13	99420000	99440000	11411	92	9134	11540	0.0080624	0.4567	0.988821
13	99440000	99460000	12135	78	6607	12704	0.00642769	0.33035	0.955211
13	99460000	99480000	12358	78	5924	12452	0.0063117	0.2962	0.992451
13	99480000	99500000	13388	94	3549	14235	0.00702121	0.17745	0.940499
13	99500000	99520000	12822	65	4402	12916	0.00506941	0.2201	0.992722
13	99520000	99540000	13022	71	6910	13500	0.00545231	0.3455	0.964593
13	99540000	99560000	13302	90	6631	13411	0.0067659	0.33155	0.991872
13	99560000	99580000	13313	73	5923	13432	0.00548336	0.29615	0.991141
13	99580000	99600000	11679	66	7126	11803	0.00565117	0.3563	0.989494
13	99600000	99620000	12776	40	5127	12916	0.00313087	0.25635	0.989161
13	99620000	99640000	12241	62	5481	12343	0.00506495	0.27405	0.991736
13	99640000	99660000	12721	61	6012	12878	0.00479522	0.3006	0.987809
13	99660000	99680000	12114	66	8602	12217	0.00544824	0.4301	0.991569
13	99680000	99700000	12490	85	9726	12572	0.00680544	0.4863	0.993478
13	99700000	99720000	12213	72	5104	13422	0.00589536	0.2552	0.909924
13	99720000	99740000	9952	72	8803	10095	0.00723473	0.44015	0.985835
13	99740000	99760000	8718	49	14984	9247	0.00562056	0.7492	0.942792
13	99760000	99780000	8768	52	12156	8941	0.00593066	0.6078	0.980651
13	99780000	99800000	9186	58	13445	9283	0.00631396	0.67225	0.989551
13	99800000	99820000	8207	43	12847	8286	0.00523943	0.64235	0.990466
13	99820000	99840000	3673	12	17407	3708	0.00326708	0.87035	0.990561
13	99840000	99860000	8713	52	9526	9240	0.00596809	0.4763	0.942965
13	99860000	99880000	11383	50	11364	11469	0.00439252	0.5682	0.992502
13	99880000	99900000	8931	35	11220	9046	0.00391893	0.561	0.987287
13	99900000	99920000	11807	41	8415	11891	0.00347252	0.42075	0.992936
13	99920000	99940000	12026	42	10424	13021	0.00349243	0.5212	0.923585
13	99940000	99960000	13595	58	4775	13689	0.00426627	0.23875	0.993133
13	99960000	99980000	12501	59	6488	12600	0.00471962	0.3244	0.992143
13	99980000	100000000	12628	68	10297	12753	0.00538486	0.51485	0.990198
13	100000000	100020000	13494	66	9769	13607	0.00489106	0.48845	0.991695
13	100020000	100040000	12802	84	7054	12943	0.00656147	0.3527	0.989106
13	100040000	100060000	9975	75	10242	10236	0.0075188	0.5121	0.974502
13	100060000	100080000	11287	81	9210	11434	0.0071764	0.4605	0.987144
13	100080000	100100000	11027	80	11489	11168	0.00725492	0.57445	0.987375
13	100100000	100120000	10221	66	11689	10311	0.00645729	0.58445	0.991271
13	100120000	100140000	7414	51	13887	7527	0.00687888	0.69435	0.984987
13	100140000	100160000	7224	34	12042	7281	0.00470653	0.6021	0.992171
13	100160000	100180000	10795	48	11040	10866	0.0044465	0.552	0.993466
13	100180000	100200000	10391	60	6258	11396	0.00577423	0.3129	0.911811
13	100200000	100220000	12627	57	5797	12741	0.00451414	0.28985	0.991053
13	100220000	100240000	7614	43	9922	9346	0.00564749	0.4961	0.81468
13	100240000	100260000	8041	51	11614	9120	0.00634249	0.5807	0.881689
13	100260000	100280000	10284	54	10386	10374	0.00525088	0.5193	0.991324
13	100280000	100300000	9894	85	9309	10062	0.00859107	0.46545	0.983304
13	100300000	100320000	12251	63	3069	12346	0.00514244	0.15345	0.992305
13	100320000	100340000	9612	62	10198	9851	0.00645027	0.5099	0.975739
13	100340000	100360000	9909	63	7909	10019	0.00635786	0.39545	0.989021
13	100360000	100380000	7537	54	12436	8198	0.00716465	0.6218	0.919371
13	100380000	100400000	11782	69	4197	11962	0.00585639	0.20985	0.984952
13	100400000	100420000	8016	66	14113	8165	0.00823353	0.70565	0.981751
13	100420000	100440000	7134	46	14259	7210	0.006448	0.71295	0.989459
13	100440000	100460000	11501	74	8576	11592	0.00643422	0.4288	0.99215
13	100460000	100480000	12541	88	8386	12674	0.00701698	0.4193	0.989506
13	100480000	100500000	11627	86	7556	11719	0.00739658	0.3778	0.99215
13	100500000	100520000	11811	62	4748	11897	0.00524934	0.2374	0.992771
13	100520000	100540000	12782	85	4286	12886	0.00664998	0.2143	0.991929
13	100540000	100560000	11605	78	5304	11720	0.00672124	0.2652	0.990188
13	100560000	100580000	10644	91	7111	10747	0.00854942	0.35555	0.990416
13	100580000	100600000	8120	42	13388	8791	0.00517241	0.6694	0.923672
13	100600000	100620000	12504	54	2832	12747	0.00431862	0.1416	0.980937
13	100620000	100640000	10822	50	987	11032	0.00462022	0.04935	0.980964
13	100640000	100660000	9542	45	7246	9655	0.00471599	0.3623	0.988296
13	100660000	100680000	4763	19	18734	4880	0.00398908	0.9367	0.976025
13	100680000	100700000	6733	34	15147	6911	0.00504975	0.75735	0.974244
13	100700000	100720000	6223	30	14338	6291	0.00482083	0.7169	0.989191
13	100720000	100740000	5304	32	17286	5389	0.00603318	0.8643	0.984227
13	100740000	100760000	9318	48	12046	9414	0.00515132	0.6023	0.989802
13	100760000	100780000	8352	38	10841	8634	0.00454981	0.54205	0.967338
13	100780000	100800000	7588	44	13610	7767	0.00579863	0.6805	0.976954
13	100800000	100820000	10639	50	7511	10733	0.00469969	0.37555	0.991242
13	100820000	100840000	10289	48	8047	10843	0.00466518	0.40235	0.948907
13	100840000	100860000	9912	41	10824	9987	0.0041364	0.5412	0.99249
13	100860000	100880000	8741	33	12665	8809	0.00377531	0.63325	0.992281
13	100880000	100900000	10793	38	9788	10885	0.0035208	0.4894	0.991548
13	100900000	100920000	11434	57	9416	11552	0.00498513	0.4708	0.989785
13	100920000	100940000	9601	52	13336	9694	0.0054161	0.6668	0.990406
13	100940000	100960000	12528	45	5206	12622	0.00359195	0.2603	0.992553
13	100960000	100980000	9140	36	13009	9385	0.00393873	0.65045	0.973895
13	100980000	101000000	10324	63	11427	10412	0.00610229	0.57135	0.991548
13	101000000	101020000	11778	87	11447	11878	0.00738665	0.57235	0.991581
13	101020000	101040000	8451	74	12975	8545	0.00875636	0.64875	0.988999
13	101040000	101060000	9994	52	8887	10091	0.00520312	0.44435	0.990387
13	101060000	101080000	9840	39	9637	9927	0.00396341	0.48185	0.991236
13	101080000	101100000	9996	56	12598	10358	0.00560224	0.6299	0.965051
13	101100000	101120000	10495	54	10120	10771	0.00514531	0.506	0.974376
13	101120000	101140000	11619	73	7632	11747	0.00628281	0.3816	0.989104
13	101140000	101160000	10973	85	10045	11180	0.00774629	0.50225	0.981485
13	101160000	101180000	13132	73	1595	13227	0.00555894	0.07975	0.992818
13	101180000	101200000	13163	88	5290	13301	0.00668541	0.2645	0.989625
13	101200000	101220000	11124	92	9997	11904	0.00827041	0.49985	0.934476
13	101220000	101240000	10435	78	11776	10518	0.00747484	0.5888	0.992109
13	101240000	101260000	10750	73	8771	10889	0.0067907	0.43855	0.987235
13	101260000	101280000	9555	51	9021	9646	0.00533752	0.45105	0.990566
13	101280000	101300000	4087	29	5979	12586	0.00709567	0.29895	0.324726
13	101300000	101320000	6903	133	4379	12325	0.019267	0.21895	0.560081
13	101320000	101340000	9565	92	10497	9810	0.0096184	0.52485	0.975025
13	101340000	101360000	6730	37	16652	6803	0.00549777	0.8326	0.989269
13	101360000	101380000	11207	75	10696	11494	0.00669225	0.5348	0.97503
13	101380000	101400000	10687	85	13969	10766	0.00795359	0.69845	0.992662
13	101400000	101420000	10408	74	7961	10544	0.00710992	0.39805	0.987102
13	101420000	101440000	9205	45	12730	9283	0.00488865	0.6365	0.991598
13	101440000	101460000	10343	60	11222	10618	0.00580102	0.5611	0.974101
13	101460000	101480000	13788	108	7865	13913	0.0078329	0.39325	0.991016
13	101480000	101500000	12375	91	9668	12500	0.00735354	0.4834	0.99
13	101500000	101520000	11000	104	11373	11111	0.00945455	0.56865	0.99001
13	101520000	101540000	12703	108	8139	12838	0.00850193	0.40695	0.989484
13	101540000	101560000	12285	99	11376	12409	0.00805861	0.5688	0.990007
13	101560000	101580000	12810	97	11538	12936	0.00757221	0.5769	0.99026
13	101580000	101600000	12650	86	9292	12821	0.00679842	0.4646	0.986663
13	101600000	101620000	10686	84	9752	10794	0.00786075	0.4876	0.989994
13	101620000	101640000	9357	50	11590	9430	0.00534359	0.5795	0.992259
13	101640000	101660000	11906	68	11046	11998	0.00571141	0.5523	0.992332
13	101660000	101680000	13727	99	7510	13852	0.00721206	0.3755	0.990976
13	101680000	101700000	4745	33	16705	4792	0.00695469	0.83525	0.990192
13	101700000	101720000	12719	71	5871	12822	0.0055822	0.29355	0.991967
13	101720000	101740000	11162	55	10669	11236	0.00492743	0.53345	0.993414
13	101740000	101760000	13334	78	4711	13461	0.00584971	0.23555	0.990565
13	101760000	101780000	13614	83	4207	13727	0.00609667	0.21035	0.991768
13	101780000	101800000	11799	81	6981	11917	0.00686499	0.34905	0.990098
13	101800000	101820000	11174	72	9840	11287	0.00644353	0.492	0.989988
13	101820000	101840000	12334	90	7577	12481	0.0072969	0.37885	0.988222
13	101840000	101860000	12631	77	7034	12751	0.00609611	0.3517	0.990589
13	101860000	101880000	9399	62	13178	9562	0.00659645	0.6589	0.982953
13	101880000	101900000	12076	81	7579	12208	0.00670752	0.37895	0.989187
13	101900000	101920000	11527	74	10071	11629	0.00641971	0.50355	0.991229
13	101920000	101940000	12442	96	7077	12569	0.0077158	0.35385	0.989896
13	101940000	101960000	12645	101	4358	12784	0.00798735	0.2179	0.989127
13	101960000	101980000	10940	79	7345	11057	0.00722121	0.36725	0.989418
13	101980000	102000000	12783	82	6984	12870	0.00641477	0.3492	0.99324
13	102000000	102020000	8812	56	12094	8891	0.00635497	0.6047	0.991115
13	102020000	102040000	11334	79	7527	11440	0.00697018	0.37635	0.990734
13	102040000	102060000	12642	65	6172	12758	0.00514159	0.3086	0.990908
13	102060000	102080000	10706	81	8713	10810	0.00756585	0.43565	0.990379
13	102080000	102100000	11830	83	11106	11936	0.00701606	0.5553	0.991119
13	102100000	102120000	12382	125	7097	12508	0.0100953	0.35485	0.989926
13	102120000	102140000	9936	62	11041	10018	0.00623994	0.55205	0.991815
13	102140000	102160000	14049	69	2824	14156	0.00491138	0.1412	0.992441
13	102160000	102180000	12639	60	6063	12762	0.00474721	0.30315	0.990362
13	102180000	102200000	9101	49	11232	9188	0.00538402	0.5616	0.990531
13	102200000	102220000	13636	81	10346	13760	0.00594016	0.5173	0.990988
13	102220000	102240000	14386	58	6407	14536	0.0040317	0.32035	0.989681
13	102240000	102260000	8499	60	11931	8611	0.00705965	0.59655	0.986993
13	102260000	102280000	14556	94	5403	14707	0.00645782	0.27015	0.989733
13	102280000	102300000	11282	49	8531	11374	0.0043432	0.42655	0.991911
13	102300000	102320000	10940	82	10675	11042	0.00749543	0.53375	0.990763
13	102320000	102340000	12964	77	12833	13087	0.00593952	0.64165	0.990601
13	102340000	102360000	12597	55	9111	12682	0.00436612	0.45555	0.993298
13	102360000	102380000	13668	59	2139	13831	0.00431665	0.10695	0.988215
13	102380000	102400000	12804	41	6818	12924	0.00320212	0.3409	0.990715
13	102400000	102420000	12413	62	7342	12493	0.00499476	0.3671	0.993596
13	102420000	102440000	12403	82	7515	12513	0.0066113	0.37575	0.991209
13	102440000	102460000	12748	78	5317	12873	0.00611861	0.26585	0.99029
13	102460000	102480000	12656	78	7913	12760	0.00616308	0.39565	0.99185
13	102480000	102500000	13382	74	4470	14065	0.00552982	0.2235	0.95144
13	102500000	102520000	13748	93	3311	13899	0.00676462	0.16555	0.989136
13	102520000	102540000	12938	78	4393	13116	0.00602875	0.21965	0.986429
13	102540000	102560000	13309	82	6647	13422	0.00616124	0.33235	0.991581
13	102560000	102580000	12588	60	5727	12694	0.00476644	0.28635	0.99165
13	102580000	102600000	12362	74	7148	12481	0.00598609	0.3574	0.990466
13	102600000	102620000	11514	82	6223	11624	0.00712176	0.31115	0.990537
13	102620000	102640000	13075	97	6218	13205	0.00741874	0.3109	0.990155
13	102640000	102660000	13257	100	7096	13430	0.00754318	0.3548	0.987118
13	102660000	102680000	12290	83	7563	12385	0.00675346	0.37815	0.992329
13	102680000	102700000	14777	108	4011	14933	0.00730866	0.20055	0.989553
13	102700000	102720000	12588	94	9224	12733	0.00746743	0.4612	0.988612
13	102720000	102740000	10379	69	11961	10483	0.00664804	0.59805	0.990079
13	102740000	102760000	12343	76	7454	12453	0.00615734	0.3727	0.991167
13	102760000	102780000	13255	94	8345	13366	0.00709166	0.41725	0.991695
13	102780000	102800000	12830	87	4954	13057	0.00678098	0.2477	0.982615
13	102800000	102820000	9056	65	10990	9142	0.00717756	0.5495	0.990593
13	102820000	102840000	11867	101	7994	11999	0.008511	0.3997	0.988999
13	102840000	102860000	11965	74	9665	12077	0.00618471	0.48325	0.990726
13	102860000	102880000	14480	82	4493	14640	0.00566298	0.22465	0.989071
13	102880000	102900000	13528	93	6448	13694	0.00687463	0.3224	0.987878
13	102900000	102920000	12105	77	5603	12213	0.00636101	0.28015	0.991157
13	102920000	102940000	13868	93	5492	13965	0.00670609	0.2746	0.993054
13	102940000	102960000	14486	84	6834	14600	0.0057987	0.3417	0.992192
13	102960000	102980000	13483	57	4074	13605	0.00422755	0.2037	0.991033
13	102980000	103000000	12480	64	8855	12840	0.00512821	0.44275	0.971963
13	103000000	103020000	13382	48	6558	13497	0.00358691	0.3279	0.99148
13	103020000	103040000	12706	57	6182	12824	0.00448607	0.3091	0.990799
13	103040000	103060000	13429	56	3853	13517	0.00417008	0.19265	0.99349
13	103060000	103080000	11251	70	13312	11438	0.00622167	0.6656	0.983651
13	103080000	103100000	8423	74	14954	8559	0.00878547	0.7477	0.98411
13	103100000	103120000	10592	77	11392	10705	0.00726964	0.5696	0.989444
13	103120000	103140000	10552	65	12292	10674	0.00615997	0.6146	0.98857
13	103140000	103160000	10746	64	11565	10846	0.0059557	0.57825	0.99078
13	103160000	103180000	8268	44	13307	8335	0.00532172	0.66535	0.991962
13	103180000	103200000	8443	65	12804	8512	0.00769869	0.6402	0.991894
13	103200000	103220000	11327	78	9618	11434	0.0068862	0.4809	0.990642
13	103220000	103240000	10883	66	9372	11157	0.0060645	0.4686	0.975441
13	103240000	103260000	11117	68	9234	11202	0.00611676	0.4617	0.992412
13	103260000	103280000	11706	42	9190	11811	0.0035879	0.4595	0.99111
13	103280000	103300000	14243	64	3742	14524	0.00449344	0.1871	0.980653
13	103300000	103320000	12700	51	6873	12848	0.00401575	0.34365	0.988481
13	103320000	103340000	11228	78	9409	11358	0.00694692	0.47045	0.988554
13	103340000	103360000	11591	68	8200	11714	0.00586662	0.41	0.9895
13	103360000	103380000	10952	57	13929	11028	0.00520453	0.69645	0.993108
13	103380000	103400000	14039	55	2024	14119	0.00391766	0.1012	0.994334
13	103400000	103420000	11082	58	7867	11154	0.00523371	0.39335	0.993545
13	103420000	103440000	9411	54	11606	9595	0.00573797	0.5803	0.980823
13	103440000	103460000	9385	55	6452	9518	0.00586042	0.3226	0.986026
13	103460000	103480000	11878	90	10938	11982	0.00757703	0.5469	0.99132
13	103480000	103500000	10407	67	9834	10498	0.00643797	0.4917	0.991332
13	103500000	103520000	12639	78	8051	12756	0.00617137	0.40255	0.990828
13	103520000	103540000	13855	87	6207	13962	0.00627932	0.31035	0.992336
13	103540000	103560000	13975	87	4656	14106	0.0062254	0.2328	0.990713
13	103560000	103580000	11711	71	10355	11833	0.00606268	0.51775	0.98969
13	103580000	103600000	13415	89	6924	13527	0.00663436	0.3462	0.99172
13	103600000	103620000	12855	81	7774	12996	0.00630105	0.3887	0.989151
13	103620000	103640000	11306	74	5423	12184	0.0065452	0.27115	0.927938
13	103640000	103660000	10814	82	10707	11302	0.00758276	0.53535	0.956822
13	103660000	103680000	12439	74	8964	12555	0.00594903	0.4482	0.990761
13	103680000	103700000	12838	95	8274	13253	0.00739991	0.4137	0.968686
13	103700000	103720000	12007	88	5678	12447	0.00732906	0.2839	0.96465
13	103720000	103740000	13052	69	7360	13529	0.00528655	0.368	0.964742
13	103740000	103760000	11202	99	11870	11291	0.00883771	0.5935	0.992118
13	103760000	103780000	10752	95	8140	11228	0.00883557	0.407	0.957606
13	103780000	103800000	13568	117	8359	13790	0.00862323	0.41795	0.983901
13	103800000	103820000	13104	57	6408	13548	0.00434982	0.3204	0.967228
13	103820000	103840000	12956	59	6764	13078	0.00455387	0.3382	0.990671
13	103840000	103860000	13919	62	3856	14084	0.00445434	0.1928	0.988285
13	103860000	103880000	13151	77	5325	13279	0.00585507	0.26625	0.990361
13	103880000	103900000	13337	79	8234	13437	0.00592337	0.4117	0.992558
13	103900000	103920000	6386	50	15064	10083	0.00782963	0.7532	0.633343
13	103920000	103940000	10906	81	9087	11054	0.0074271	0.45435	0.986611
13	103940000	103960000	13089	76	4815	13176	0.0058064	0.24075	0.993397
13	103960000	103980000	13586	92	11308	13714	0.00677168	0.5654	0.990666
13	103980000	104000000	10743	82	10497	10875	0.00763288	0.52485	0.987862
13	104000000	104020000	9776	78	7930	12708	0.00797872	0.3965	0.769279
13	104020000	104040000	12222	107	8205	12363	0.0087547	0.41025	0.988595
13	104040000	104060000	12066	68	9395	12205	0.00563567	0.46975	0.988611
13	104060000	104080000	12957	118	8063	13092	0.00910705	0.40315	0.989688
13	104080000	104100000	12007	73	8811	12132	0.00607979	0.44055	0.989697
13	104100000	104120000	9882	68	12218	10182	0.0068812	0.6109	0.970536
13	104120000	104140000	12096	70	8608	12212	0.00578704	0.4304	0.990501
13	104140000	104160000	9483	54	11455	9970	0.0056944	0.57275	0.951153
13	104160000	104180000	11811	84	8012	11963	0.00711201	0.4006	0.987294
13	104180000	104200000	13050	95	7308	13163	0.00727969	0.3654	0.991415
13	104200000	104220000	10253	46	12150	10332	0.00448649	0.6075	0.992354
13	104220000	104240000	12825	89	8628	12941	0.00693957	0.4314	0.991036
13	104240000	104260000	11465	99	10476	11586	0.00863498	0.5238	0.989556
13	104260000	104280000	11230	89	7024	11353	0.0079252	0.3512	0.989166
13	104280000	104300000	12117	113	13503	12332	0.00932574	0.67515	0.982566
13	104300000	104320000	12391	75	7665	12510	0.00605278	0.38325	0.990488
13	104320000	104340000	12972	96	9177	13153	0.00740056	0.45885	0.986239
13	104340000	104360000	11664	76	6937	11807	0.00651578	0.34685	0.987889
13	104360000	104380000	12641	97	7716	12801	0.00767344	0.3858	0.987501
13	104380000	104400000	11390	89	9042	11528	0.00781387	0.4521	0.988029
13	104400000	104420000	12344	71	6578	12471	0.00575178	0.3289	0.989816
13	104420000	104440000	11503	87	9953	11628	0.00756324	0.49765	0.98925
13	104440000	104460000	12561	100	5629	12686	0.00796115	0.28145	0.990147
13	104460000	104480000	9788	80	9980	10246	0.00817327	0.499	0.9553
13	104480000	104500000	8610	58	10054	9798	0.00673635	0.5027	0.878751
13	104500000	104520000	12753	100	9649	12926	0.00784129	0.48245	0.986616
13	104520000	104540000	11048	66	8956	11152	0.00597393	0.4478	0.990674
13	104540000	104560000	10881	94	11747	11685	0.00863891	0.58735	0.931194
13	104560000	104580000	11954	72	4776	13978	0.00602309	0.2388	0.855201
13	104580000	104600000	8223	69	7526	9670	0.0083911	0.3763	0.850362
13	104600000	104620000	11896	77	7879	13325	0.00647276	0.39395	0.892758
13	104620000	104640000	11653	115	9687	11830	0.0098687	0.48435	0.985038
13	104640000	104660000	12255	98	5575	13258	0.00799674	0.27875	0.924348
13	104660000	104680000	13313	95	3342	13472	0.00713588	0.1671	0.988198
13	104680000	104700000	11027	86	8463	12647	0.00779904	0.42315	0.871906
13	104700000	104720000	12638	85	10667	12772	0.00672575	0.53335	0.989508
13	104720000	104740000	10721	112	12519	10844	0.0104468	0.62595	0.988657
13	104740000	104760000	12159	118	5742	12580	0.00970475	0.2871	0.966534
13	104760000	104780000	9971	96	10184	10069	0.00962792	0.5092	0.990267
13	104780000	104800000	13672	102	3640	13890	0.0074605	0.182	0.984305
13	104800000	104820000	12728	127	11414	12891	0.009978	0.5707	0.987356
13	104820000	104840000	11433	93	9106	11593	0.00813435	0.4553	0.986199
13	104840000	104860000	11692	88	8147	11849	0.00752651	0.40735	0.98675
13	104860000	104880000	8939	70	12455	9085	0.00783085	0.62275	0.98393
13	104880000	104900000	11758	102	5888	11882	0.00867494	0.2944	0.989564
13	104900000	104920000	14000	98	5103	14160	0.007	0.25515	0.988701
13	104920000	104940000	12232	83	9502	12349	0.00678548	0.4751	0.990526
13	104940000	104960000	13231	113	5945	13417	0.00854055	0.29725	0.986137
13	104960000	104980000	14087	93	7650	14211	0.00660183	0.3825	0.991274
13	104980000	105000000	6651	33	13629	6781	0.00496166	0.68145	0.980829
13	105000000	105020000	10840	88	9042	10965	0.00811808	0.4521	0.9886
13	105020000	105040000	13168	105	7888	13308	0.00797388	0.3944	0.98948
13	105040000	105060000	10290	86	10808	11557	0.00835763	0.5404	0.890369
13	105060000	105080000	12279	97	8198	12498	0.00789967	0.4099	0.982477
13	105080000	105100000	11744	81	7568	11893	0.00689714	0.3784	0.987472
13	105100000	105120000	10870	91	9929	10993	0.00837167	0.49645	0.988811
13	105120000	105140000	13098	107	8657	13252	0.00816919	0.43285	0.988379
13	105140000	105160000	11811	85	6159	12166	0.00719668	0.30795	0.97082
13	105160000	105180000	9098	74	10995	9203	0.00813366	0.54975	0.988591
13	105180000	105200000	13038	104	6719	13168	0.00797668	0.33595	0.990128
13	105200000	105220000	11629	108	7264	11744	0.00928713	0.3632	0.990208
13	105220000	105240000	13564	95	4605	13675	0.00700383	0.23025	0.991883
13	105240000	105260000	13322	89	3729	13437	0.00668068	0.18645	0.991442
13	105260000	105280000	12362	71	6465	12498	0.00574341	0.32325	0.989118
13	105280000	105300000	12967	91	7125	13113	0.00701781	0.35625	0.988866
13	105300000	105320000	11694	95	4759	11828	0.00812382	0.23795	0.988671
13	105320000	105340000	14855	111	5911	15007	0.00747223	0.29555	0.989871
13	105340000	105360000	12937	86	6927	13071	0.0066476	0.34635	0.989748
13	105360000	105380000	9820	49	13902	9915	0.00498982	0.6951	0.990419
13	105380000	105400000	12980	86	5170	13103	0.00662558	0.2585	0.990613
13	105400000	105420000	13215	108	4698	13365	0.00817253	0.2349	0.988777
13	105420000	105440000	10993	98	9581	11142	0.00891476	0.47905	0.986627
13	105440000	105460000	13596	96	4417	13757	0.0070609	0.22085	0.988297
13	105460000	105480000	12382	81	7837	12925	0.00654175	0.39185	0.957988
13	105480000	105500000	12034	106	9711	12189	0.00880838	0.48555	0.987284
13	105500000	105520000	11656	82	11588	11781	0.007035	0.5794	0.98939
13	105520000	105540000	12261	103	7323	12398	0.00840062	0.36615	0.98895
13	105540000	105560000	11922	87	10136	12055	0.00729743	0.5068	0.988967
13	105560000	105580000	7586	60	14587	7686	0.00790931	0.72935	0.986989
13	105580000	105600000	10752	65	6046	11550	0.00604539	0.3023	0.930909
13	105600000	105620000	11523	64	8010	11647	0.00555411	0.4005	0.989353
13	105620000	105640000	12771	98	7632	12930	0.00767364	0.3816	0.987703
13	105640000	105660000	13336	80	5683	13542	0.0059988	0.28415	0.984788
13	105660000	105680000	13290	80	7459	13448	0.00601956	0.37295	0.988251
13	105680000	105700000	12777	98	10478	12923	0.00767003	0.5239	0.988702
13	105700000	105720000	12810	84	8388	12932	0.00655738	0.4194	0.990566
13	105720000	105740000	12002	96	8092	12138	0.00799867	0.4046	0.988796
13	105740000	105760000	11008	78	12142	11114	0.00708576	0.6071	0.990462
13	105760000	105780000	8855	73	12234	12223	0.00824393	0.6117	0.724454
13	105780000	105800000	12756	95	7466	12999	0.00744748	0.3733	0.981306
13	105800000	105820000	12622	103	9261	12791	0.00816035	0.46305	0.986788
13	105820000	105840000	12868	113	9181	12981	0.00878147	0.45905	0.991295
13	105840000	105860000	13460	94	7809	13609	0.00698366	0.39045	0.989051
13	105860000	105880000	13172	95	7820	13450	0.00721227	0.391	0.979331
13	105880000	105900000	13306	103	6131	13456	0.00774087	0.30655	0.988853
13	105900000	105920000	12960	105	8168	13102	0.00810185	0.4084	0.989162
13	105920000	105940000	11245	83	8507	11372	0.00738106	0.42535	0.988832
13	105940000	105960000	11620	109	7028	11746	0.00938038	0.3514	0.989273
13	105960000	105980000	13088	118	7194	13208	0.00901589	0.3597	0.990915
13	105980000	106000000	13365	96	4663	13517	0.00718294	0.23315	0.988755
13	106000000	106020000	11966	100	6315	12993	0.00835701	0.31575	0.920957
13	106020000	106040000	9053	63	11397	9130	0.00695902	0.56985	0.991566
13	106040000	106060000	12901	92	7298	13021	0.00713123	0.3649	0.990784
13	106060000	106080000	11588	86	8812	11734	0.00742147	0.4406	0.987558
13	106080000	106100000	12733	77	4926	12901	0.00604728	0.2463	0.986978
13	106100000	106120000	12325	85	6815	12466	0.00689655	0.34075	0.988689
13	106120000	106140000	12082	113	8880	12189	0.00935276	0.444	0.991222
13	106140000	106160000	14262	128	3894	14459	0.0089749	0.1947	0.986375
13	106160000	106180000	11118	101	7825	12401	0.00908437	0.39125	0.896541
13	106180000	106200000	13067	82	6824	13904	0.00627535	0.3412	0.939801
13	106200000	106220000	13283	73	5729	13435	0.00549575	0.28645	0.988686
13	106220000	106240000	11942	95	8500	12065	0.00795512	0.425	0.989805
13	106240000	106260000	13465	107	5608	13585	0.00794653	0.2804	0.991167
13	106260000	106280000	12720	78	4508	12864	0.00613208	0.2254	0.988806
13	106280000	106300000	13209	104	6599	13324	0.00787342	0.32995	0.991369
13	106300000	106320000	12334	94	9437	12497	0.00762121	0.47185	0.986957
13	106320000	106340000	12343	100	9314	13229	0.00810176	0.4657	0.933026
13	106340000	106360000	12200	83	7003	12463	0.00680328	0.35015	0.978898
13	106360000	106380000	13054	89	12234	13696	0.00681783	0.6117	0.953125
13	106380000	106400000	12539	83	7667	12651	0.00661935	0.38335	0.991147
13	106400000	106420000	11606	113	6987	11705	0.00973634	0.34935	0.991542
13	106420000	106440000	12933	93	8537	13057	0.00719091	0.42685	0.990503
13	106440000	106460000	11589	97	5882	11753	0.00837001	0.2941	0.986046
13	106460000	106480000	13235	91	4836	13381	0.00687571	0.2418	0.989089
13	106480000	106500000	9027	69	7209	11963	0.00764374	0.36045	0.754577
13	106500000	106520000	12309	93	5857	13286	0.00755545	0.29285	0.926464
13	106520000	106540000	10198	64	10485	10365	0.00627574	0.52425	0.983888
13	106540000	106560000	9590	83	9087	9697	0.00865485	0.45435	0.988966
13	106560000	106580000	12635	95	5872	12801	0.0075188	0.2936	0.987032
13	106580000	106600000	12954	61	5365	13094	0.00470897	0.26825	0.989308
13	106600000	106620000	12503	57	7158	12637	0.00455891	0.3579	0.989396
13	106620000	106640000	13169	92	6226	13303	0.0069861	0.3113	0.989927
13	106640000	106660000	11868	86	8438	12373	0.00724638	0.4219	0.959185
13	106660000	106680000	11797	88	7690	11901	0.00745952	0.3845	0.991261
13	106680000	106700000	11999	113	6164	12537	0.00941745	0.3082	0.957087
13	106700000	106720000	13120	93	7050	13304	0.00708841	0.3525	0.98617
13	106720000	106740000	12203	98	7531	12308	0.00803081	0.37655	0.991469
13	106740000	106760000	13128	92	7350	13904	0.00700792	0.3675	0.944189
13	106760000	106780000	13307	90	6822	13404	0.00676336	0.3411	0.992763
13	106780000	106800000	11986	65	9883	12304	0.00542299	0.49415	0.974155
13	106800000	106820000	12078	73	7916	12178	0.00604405	0.3958	0.991788
13	106820000	106840000	13670	87	7953	13810	0.0063643	0.39765	0.989862
13	106840000	106860000	10164	86	11667	10357	0.00846124	0.58335	0.981365
13	106860000	106880000	9421	62	9935	9501	0.00658104	0.49675	0.99158
13	106880000	106900000	13210	86	4897	13364	0.00651022	0.24485	0.988477
13	106900000	106920000	13198	109	7546	13369	0.00825883	0.3773	0.987209
13	106920000	106940000	12257	71	6836	12374	0.00579261	0.3418	0.990545
13	106940000	106960000	12378	102	9679	12545	0.00824043	0.48395	0.986688
13	106960000	106980000	10802	82	10217	10923	0.00759119	0.51085	0.988922
13	106980000	107000000	12395	92	6351	12549	0.00742235	0.31755	0.987728
13	107000000	107020000	13044	94	6701	13151	0.00720638	0.33505	0.991864
13	107020000	107040000	13240	101	4886	13389	0.0076284	0.2443	0.988871
13	107040000	107060000	12533	102	5204	12672	0.00813851	0.2602	0.989031
13	107060000	107080000	12488	93	6759	12626	0.00744715	0.33795	0.98907
13	107080000	107100000	11970	83	7317	13219	0.006934	0.36585	0.905515
13	107100000	107120000	11984	85	7879	12129	0.00709279	0.39395	0.988045
13	107120000	107140000	13107	86	5815	13252	0.00656138	0.29075	0.989058
13	107140000	107160000	13389	58	1381	13516	0.00433191	0.06905	0.990604
13	107160000	107180000	14135	80	2091	14231	0.00565971	0.10455	0.993254
13	107180000	107200000	12675	53	2287	12814	0.00418146	0.11435	0.989152
13	107200000	107220000	12607	65	5541	13076	0.00515587	0.27705	0.964133
13	107220000	107240000	10659	94	12433	10742	0.00881884	0.62165	0.992273
13	107240000	107260000	12124	64	13623	12477	0.00527879	0.68115	0.971708
13	107260000	107280000	12082	86	10058	13594	0.00711803	0.5029	0.888774
13	107280000	107300000	12172	80	7703	13628	0.00657246	0.38515	0.893161
13	107300000	107320000	13103	121	5369	13235	0.00923453	0.26845	0.990026
13	107320000	107340000	13198	65	5269	13304	0.00492499	0.26345	0.992032
13	107340000	107360000	12869	104	7751	13077	0.00808144	0.38755	0.984094
13	107360000	107380000	13118	82	9538	13235	0.00625095	0.4769	0.99116
13	107380000	107400000	13053	93	5264	13178	0.0071248	0.2632	0.990514
13	107400000	107420000	12084	84	5595	12955	0.00695134	0.27975	0.932767
13	107420000	107440000	7928	74	10739	8925	0.00933401	0.53695	0.888291
13	107440000	107460000	12100	83	8345	12431	0.0068595	0.41725	0.973373
13	107460000	107480000	11212	90	8809	11410	0.00802711	0.44045	0.982647
13	107480000	107500000	12048	99	10995	12201	0.00821713	0.54975	0.98746
13	107500000	107520000	11294	97	7830	11427	0.00858863	0.3915	0.988361
13	107520000	107540000	11446	84	6429	12017	0.00733881	0.32145	0.952484
13	107540000	107560000	12096	96	8454	12265	0.00793651	0.4227	0.986221
13	107560000	107580000	9835	68	8249	12868	0.00691408	0.41245	0.764299
13	107580000	107600000	8532	99	10345	8683	0.0116034	0.51725	0.98261
13	107600000	107620000	13341	89	6870	13596	0.00667116	0.3435	0.981244
13	107620000	107640000	12305	74	7378	12418	0.00601382	0.3689	0.9909
13	107640000	107660000	13336	106	5396	13460	0.00794841	0.2698	0.990788
13	107660000	107680000	12290	80	8665	12457	0.00650936	0.43325	0.986594
13	107680000	107700000	10365	60	9324	10431	0.00578871	0.4662	0.993673
13	107700000	107720000	10699	105	10545	11295	0.009814	0.52725	0.947233
13	107720000	107740000	13300	108	7491	13942	0.0081203	0.37455	0.953952
13	107740000	107760000	11475	96	9935	11591	0.00836601	0.49675	0.989992
13	107760000	107780000	12953	95	9523	13096	0.00733421	0.47615	0.989081
13	107780000	107800000	13065	116	11088	13203	0.00887868	0.5544	0.989548
13	107800000	107820000	11680	108	9352	11802	0.00924658	0.4676	0.989663
13	107820000	107840000	10207	63	10436	10454	0.00617223	0.5218	0.976373
13	107840000	107860000	11334	75	6214	11613	0.00661726	0.3107	0.975975
13	107860000	107880000	13350	80	3285	13488	0.00599251	0.16425	0.989769
13	107880000	107900000	13865	94	4837	14010	0.00677966	0.24185	0.98965
13	107900000	107920000	12902	113	6083	13077	0.00875833	0.30415	0.986618
13	107920000	107940000	11511	89	9783	11633	0.00773173	0.48915	0.989513
13	107940000	107960000	10767	55	9835	10877	0.0051082	0.49175	0.989887
13	107960000	107980000	11725	76	7543	11825	0.00648188	0.37715	0.991543
13	107980000	108000000	11413	84	8602	11506	0.00736003	0.4301	0.991917
13	108000000	108020000	12798	110	7310	12971	0.00859509	0.3655	0.986663
13	108020000	108040000	12726	82	5554	13288	0.0064435	0.2777	0.957706
13	108040000	108060000	12860	93	6348	13019	0.00723173	0.3174	0.987787
13	108060000	108080000	12123	88	5747	12228	0.00725893	0.28735	0.991413
13	108080000	108100000	12421	71	7555	12547	0.00571613	0.37775	0.989958
13	108100000	108120000	11525	72	7386	11979	0.00624729	0.3693	0.9621
13	108120000	108140000	13124	110	5492	13268	0.00838159	0.2746	0.989147
13	108140000	108160000	10358	74	8316	10458	0.00714424	0.4158	0.990438
13	108160000	108180000	12872	99	7059	13012	0.00769111	0.35295	0.989241
13	108180000	108200000	12219	77	8078	12343	0.00630166	0.4039	0.989954
13	108200000	108220000	13065	96	4538	13207	0.00734788	0.2269	0.989248
13	108220000	108240000	13489	81	8180	13615	0.00600489	0.409	0.990746
13	108240000	108260000	7591	38	3809	14002	0.00500593	0.19045	0.542137
13	108260000	108280000	13323	87	6560	13473	0.00653006	0.328	0.988867
13	108280000	108300000	12582	73	6068	12706	0.00580194	0.3034	0.990241
13	108300000	108320000	10418	62	9698	10612	0.00595124	0.4849	0.981719
13	108320000	108340000	13244	79	5613	13381	0.00596497	0.28065	0.989762
13	108340000	108360000	11618	90	8645	11900	0.0077466	0.43225	0.976303
13	108360000	108380000	11734	77	5460	11841	0.00656213	0.273	0.990964
13	108380000	108400000	11498	57	6824	11594	0.00495738	0.3412	0.99172
13	108400000	108420000	13677	80	4212	13803	0.00584924	0.2106	0.990872
13	108420000	108440000	8132	69	10133	8239	0.008485	0.50665	0.987013
13	108440000	108460000	13733	78	2304	13882	0.00567975	0.1152	0.989267
13	108460000	108480000	13581	84	6411	13708	0.00618511	0.32055	0.990735
13	108480000	108500000	13792	94	5384	13946	0.00681555	0.2692	0.988957
13	108500000	108520000	12320	73	4589	12598	0.00592532	0.22945	0.977933
13	108520000	108540000	10779	70	10927	10908	0.00649411	0.54635	0.988174
13	108540000	108560000	7808	47	15145	7886	0.00601947	0.75725	0.990109
13	108560000	108580000	7485	53	13339	7552	0.00708083	0.66695	0.991128
13	108580000	108600000	11139	68	14069	11388	0.00610468	0.70345	0.978135
13	108600000	108620000	10410	56	11268	10541	0.00537944	0.5634	0.987572
13	108620000	108640000	12380	87	7308	12490	0.00702746	0.3654	0.991193
13	108640000	108660000	7859	63	16676	7913	0.00801629	0.8338	0.993176
13	108660000	108680000	10435	74	13189	10547	0.00709152	0.65945	0.989381
13	108680000	108700000	11350	88	9061	11545	0.0077533	0.45305	0.98311
13	108700000	108720000	11670	107	10823	11979	0.00916881	0.54115	0.974205
13	108720000	108740000	11071	76	9864	11180	0.00686478	0.4932	0.99025
13	108740000	108760000	13109	91	6096	13255	0.0069418	0.3048	0.988985
13	108760000	108780000	12400	86	9841	12550	0.00693548	0.49205	0.988048
13	108780000	108800000	13431	70	5875	13561	0.00521182	0.29375	0.990414
13	108800000	108820000	11951	105	9618	12078	0.00878588	0.4809	0.989485
13	108820000	108840000	8228	63	12987	9054	0.00765678	0.64935	0.90877
13	108840000	108860000	12577	114	9369	12707	0.00906416	0.46845	0.989769
13	108860000	108880000	13083	71	5234	13263	0.00542689	0.2617	0.986428
13	108880000	108900000	12321	68	8722	12394	0.00551903	0.4361	0.99411
13	108900000	108920000	8326	50	13432	9006	0.00600528	0.6716	0.924495
13	108920000	108940000	11786	62	6711	11916	0.00526048	0.33555	0.98909
13	108940000	108960000	11942	86	12066	12089	0.00720147	0.6033	0.98784
13	108960000	108980000	10830	101	11545	11546	0.00932595	0.57725	0.937987
13	108980000	109000000	8637	68	11557	9687	0.0078731	0.57785	0.891607
13	109000000	109020000	12760	105	7459	13168	0.00822884	0.37295	0.969016
13	109020000	109040000	7511	100	15046	7598	0.0133138	0.7523	0.98855
13	109040000	109060000	13417	75	9268	13556	0.00558992	0.4634	0.989746
13	109060000	109080000	11217	91	11492	11334	0.00811269	0.5746	0.989677
13	109080000	109100000	13316	116	6772	13463	0.00871132	0.3386	0.989081
13	109100000	109120000	11324	104	9389	11466	0.00918403	0.46945	0.987616
13	109120000	109140000	10709	82	10033	10807	0.00765711	0.50165	0.990932
13	109140000	109160000	9694	90	11222	9792	0.00928409	0.5611	0.989992
13	109160000	109180000	8828	58	10736	8904	0.00657	0.5368	0.991465
13	109180000	109200000	6088	32	9115	11283	0.00525624	0.45575	0.539573
13	109200000	109220000	9382	58	9519	11088	0.00618205	0.47595	0.84614
13	109220000	109240000	11202	91	8765	11385	0.00812355	0.43825	0.983926
13	109240000	109260000	11599	75	7245	11725	0.00646607	0.36225	0.989254
13	109260000	109280000	14281	83	7192	14483	0.00581192	0.3596	0.986053
13	109280000	109300000	13005	69	5099	13151	0.00530565	0.25495	0.988898
13	109300000	109320000	10016	81	10397	10153	0.00808706	0.51985	0.986506
13	109320000	109340000	13695	99	8385	13845	0.00722892	0.41925	0.989166
13	109340000	109360000	12731	102	11529	12852	0.00801194	0.57645	0.990585
13	109360000	109380000	13072	98	6696	13383	0.00749694	0.3348	0.976762
13	109380000	109400000	4114	23	12862	8451	0.00559067	0.6431	0.486806
13	109400000	109420000	11578	95	9216	12007	0.00820522	0.4608	0.964271
13	109420000	109440000	11190	82	8820	11291	0.00732797	0.441	0.991055
13	109440000	109460000	13273	94	8258	13401	0.00708205	0.4129	0.990448
13	109460000	109480000	13219	94	8666	13361	0.00711098	0.4333	0.989372
13	109480000	109500000	10157	74	11288	10265	0.00728562	0.5644	0.989479
13	109500000	109520000	12078	100	9443	12227	0.00827952	0.47215	0.987814
13	109520000	109540000	9381	90	11488	9610	0.00959386	0.5744	0.976171
13	109540000	109560000	12327	107	6188	12582	0.00868013	0.3094	0.979733
13	109560000	109580000	12600	80	4954	13241	0.00634921	0.2477	0.95159
13	109580000	109600000	10849	50	9196	10983	0.00460872	0.4598	0.987799
13	109600000	109620000	12927	62	5556	13088	0.00479616	0.2778	0.987699
13	109620000	109640000	13149	94	5144	13286	0.00714883	0.2572	0.989688
13	109640000	109660000	12906	79	5498	13059	0.00612118	0.2749	0.988284
13	109660000	109680000	7529	55	11949	7688	0.00730509	0.59745	0.979318
13	109680000	109700000	12462	49	6958	12571	0.00393195	0.3479	0.991329
13	109700000	109720000	12256	74	7709	12377	0.00603786	0.38545	0.990224
13	109720000	109740000	12086	70	9226	12191	0.00579183	0.4613	0.991387
13	109740000	109760000	12531	74	6054	12668	0.00590535	0.3027	0.989185
13	109760000	109780000	13833	90	4325	13944	0.00650618	0.21625	0.99204
13	109780000	109800000	11983	63	7340	12108	0.00525745	0.367	0.989676
13	109800000	109820000	14419	82	3892	14613	0.00568694	0.1946	0.986724
13	109820000	109840000	12568	87	6099	12719	0.00692234	0.30495	0.988128
13	109840000	109860000	12394	76	7746	12501	0.006132	0.3873	0.991441
13	109860000	109880000	8264	47	12115	8343	0.00568732	0.60575	0.990531
13	109880000	109900000	12722	66	9531	12844	0.00518786	0.47655	0.990501
13	109900000	109920000	10730	62	12776	10870	0.00577819	0.6388	0.987121
13	109920000	109940000	10708	73	8709	10799	0.00681733	0.43545	0.991573
13	109940000	109960000	11720	75	9300	11822	0.00639932	0.465	0.991372
13	109960000	109980000	8229	57	13340	8322	0.00692672	0.667	0.988825
13	109980000	110000000	12718	94	10253	12838	0.0073911	0.51265	0.990653
13	110000000	110020000	13159	71	5426	13278	0.00539555	0.2713	0.991038
13	110020000	110040000	12846	90	7260	12959	0.00700607	0.363	0.99128
13	110040000	110060000	10618	48	10762	11845	0.00452063	0.5381	0.896412
13	110060000	110080000	12058	64	6194	12186	0.00530768	0.3097	0.989496
13	110080000	110100000	8009	55	13660	8073	0.00686727	0.683	0.992072
13	110100000	110120000	11593	67	12323	11741	0.00577935	0.61615	0.987395
13	110120000	110140000	14041	97	4968	14350	0.00690834	0.2484	0.978467
13	110140000	110160000	9363	72	11171	9481	0.00768984	0.55855	0.987554
13	110160000	110180000	11952	65	10815	12153	0.00543842	0.54075	0.983461
13	110180000	110200000	12865	87	6291	13040	0.00676253	0.31455	0.98658
13	110200000	110220000	10805	58	12160	11524	0.00536789	0.608	0.937608
13	110220000	110240000	12155	45	6922	12275	0.00370218	0.3461	0.990224
13	110240000	110260000	13984	95	5444	14104	0.00679348	0.2722	0.991492
13	110260000	110280000	12212	112	10776	12391	0.00917131	0.5388	0.985554
13	110280000	110300000	11823	99	6178	12259	0.00837351	0.3089	0.964434
13	110300000	110320000	11184	84	9020	11500	0.00751073	0.451	0.972522
13	110320000	110340000	10943	76	6513	12070	0.00694508	0.32565	0.906628
13	110340000	110360000	12927	96	7048	13090	0.00742632	0.3524	0.987548
13	110360000	110380000	13390	84	4222	13789	0.00627334	0.2111	0.971064
13	110380000	110400000	12847	89	7223	12970	0.00692769	0.36115	0.990517
13	110400000	110420000	12225	72	3962	12352	0.00588957	0.1981	0.989718
13	110420000	110440000	5409	40	3366	11080	0.00739508	0.1683	0.488177
13	110440000	110460000	12423	82	5646	13719	0.00660066	0.2823	0.905532
13	110460000	110480000	11384	98	10515	11681	0.00860857	0.52575	0.974574
13	110480000	110500000	11475	84	6241	11579	0.00732026	0.31205	0.991018
13	110500000	110520000	11984	67	10284	12074	0.00559079	0.5142	0.992546
13	110520000	110540000	13195	88	4209	13312	0.00666919	0.21045	0.991211
13	110540000	110560000	9035	81	12599	9135	0.00896514	0.62995	0.989053
13	110560000	110580000	13145	89	7631	13287	0.00677064	0.38155	0.989313
13	110580000	110600000	12146	106	11828	12249	0.00872715	0.5914	0.991591
13	110600000	110620000	7575	82	12975	8805	0.0108251	0.64875	0.860307
13	110620000	110640000	13140	106	6521	13286	0.00806697	0.32605	0.989011
13	110640000	110660000	12463	104	7006	12592	0.0083447	0.3503	0.989755
13	110660000	110680000	13782	106	5240	13965	0.00769119	0.262	0.986896
13	110680000	110700000	9374	78	8873	10933	0.00832089	0.44365	0.857404
13	110700000	110720000	9519	92	10816	9881	0.00966488	0.5408	0.963364
13	110720000	110740000	8354	77	12392	8459	0.00921714	0.6196	0.987587
13	110740000	110760000	13093	126	9782	13211	0.00962346	0.4891	0.991068
13	110760000	110780000	11462	74	6842	12160	0.00645612	0.3421	0.942599
13	110780000	110800000	11496	79	9276	11626	0.00687196	0.4638	0.988818
13	110800000	110820000	13196	76	5179	13329	0.00575932	0.25895	0.990022
13	110820000	110840000	14689	89	2888	14894	0.00605896	0.1444	0.986236
13	110840000	110860000	12402	115	3285	13380	0.0092727	0.16425	0.926906
13	110860000	110880000	12683	100	4592	12850	0.00788457	0.2296	0.987004
13	110880000	110900000	14176	92	2747	14335	0.00648984	0.13735	0.988908
13	110900000	110920000	11639	75	5319	11763	0.00644385	0.26595	0.989458
13	110920000	110940000	14759	93	4127	15278	0.00630124	0.20635	0.96603
13	110940000	110960000	13568	94	4017	13761	0.00692807	0.20085	0.985975
13	110960000	110980000	12845	105	3873	13469	0.00817439	0.19365	0.953671
13	110980000	111000000	14437	104	2729	14557	0.00720371	0.13645	0.991757
13	111000000	111020000	13455	81	3919	13576	0.00602007	0.19595	0.991087
13	111020000	111040000	11963	95	4041	12117	0.00794115	0.20205	0.987291
13	111040000	111060000	12944	88	5220	13083	0.00679852	0.261	0.989376
13	111060000	111080000	13673	99	5022	13828	0.00724055	0.2511	0.988791
13	111080000	111100000	13402	111	2887	13520	0.00828235	0.14435	0.991272
13	111100000	111120000	13237	93	4894	13418	0.00702576	0.2447	0.986511
13	111120000	111140000	11980	109	4984	12137	0.0090985	0.2492	0.987064
13	111140000	111160000	11907	90	5250	12210	0.00755858	0.2625	0.975184
13	111160000	111180000	12899	102	3727	13024	0.00790759	0.18635	0.990402
13	111180000	111200000	10413	82	8525	10578	0.00787477	0.42625	0.984402
13	111200000	111220000	10863	75	9100	10966	0.00690417	0.455	0.990607
13	111220000	111240000	8601	49	13142	8709	0.00569701	0.6571	0.987599
13	111240000	111260000	7087	50	14836	7176	0.00705517	0.7418	0.987598
13	111260000	111280000	10060	90	9712	10172	0.00894632	0.4856	0.988989
13	111280000	111300000	13091	128	5339	13303	0.00977771	0.26695	0.984064
13	111300000	111320000	10993	91	8416	11111	0.008278	0.4208	0.98938
13	111320000	111340000	6090	45	11365	7246	0.00738916	0.56825	0.840464
13	111340000	111360000	9002	47	9103	9313	0.00522106	0.45515	0.966606
13	111360000	111380000	8881	38	5209	9000	0.0042788	0.26045	0.986778
13	111380000	111400000	7265	37	16591	7347	0.00509291	0.82955	0.988839
13	111400000	111420000	11335	78	10201	11480	0.00688134	0.51005	0.987369
13	111420000	111440000	9829	70	15036	10246	0.00712178	0.7518	0.959301
13	111440000	111460000	12217	75	13472	12353	0.00613899	0.6736	0.988991
13	111460000	111480000	10908	87	8758	11100	0.0079758	0.4379	0.982703
13	111480000	111500000	11723	64	12741	11849	0.00545935	0.63705	0.989366
13	111500000	111520000	10020	73	12398	10466	0.00728543	0.6199	0.957386
13	111520000	111540000	11279	99	5564	11579	0.00877737	0.2782	0.974091
13	111540000	111560000	12540	83	3555	12650	0.00661882	0.17775	0.991304
13	111560000	111580000	10495	67	8324	10604	0.00638399	0.4162	0.989721
13	111580000	111600000	4656	42	10957	9662	0.00902062	0.54785	0.481888
13	111600000	111620000	3992	64	11127	4987	0.0160321	0.55635	0.800481
13	111620000	111640000	9729	106	10999	10234	0.0108953	0.54995	0.950655
13	111640000	111660000	8124	73	11109	8221	0.00898572	0.55545	0.988201
13	111660000	111680000	8636	83	14847	8833	0.00961093	0.74235	0.977697
13	111680000	111700000	13319	140	6284	13481	0.0105113	0.3142	0.987983
13	111700000	111720000	6621	64	11976	6685	0.00966621	0.5988	0.990426
13	111720000	111740000	9414	80	16436	9494	0.00849798	0.8218	0.991574
13	111740000	111760000	9138	59	12092	9629	0.00645656	0.6046	0.949008
13	111760000	111780000	12235	89	8532	12473	0.00727421	0.4266	0.980919
13	111780000	111800000	9809	74	11677	10361	0.00754409	0.58385	0.946723
13	111800000	111820000	11329	63	9102	11424	0.00556095	0.4551	0.991684
13	111820000	111840000	12992	75	5254	13118	0.00577278	0.2627	0.990395
13	111840000	111860000	7209	48	11683	7324	0.00665834	0.58415	0.984298
13	111860000	111880000	11154	63	7875	11266	0.0056482	0.39375	0.990059
13	111880000	111900000	13358	103	4764	13522	0.00771074	0.2382	0.987872
13	111900000	111920000	11575	99	8547	11722	0.00855292	0.42735	0.987459
13	111920000	111940000	13969	96	1436	14141	0.00687236	0.0718	0.987837
13	111940000	111960000	12642	71	2294	12821	0.0056162	0.1147	0.986039
13	111960000	111980000	11403	60	5688	11593	0.00526177	0.2844	0.983611
13	111980000	112000000	11376	104	8055	11497	0.00914205	0.40275	0.989476
13	112000000	112020000	11363	98	12231	11770	0.00862448	0.61155	0.965421
13	112020000	112040000	11449	91	12228	11719	0.00794829	0.6114	0.97696
13	112040000	112060000	12780	154	4766	13025	0.0120501	0.2383	0.98119
13	112060000	112080000	13957	109	3498	14368	0.0078097	0.1749	0.971395
13	112080000	112100000	11471	100	7910	13364	0.00871764	0.3955	0.858351
13	112100000	112120000	11791	134	7482	11959	0.0113646	0.3741	0.985952
13	112120000	112140000	13105	120	3931	13277	0.00915681	0.19655	0.987045
13	112140000	112160000	8592	85	10399	8792	0.00989292	0.51995	0.977252
13	112160000	112180000	10847	114	6177	12217	0.0105098	0.30885	0.887861
13	112180000	112200000	13604	92	2491	13907	0.00676272	0.12455	0.978212
13	112200000	112220000	12603	101	6158	12776	0.00801396	0.3079	0.986459
13	112220000	112240000	12329	86	7093	12489	0.00697542	0.35465	0.987189
13	112240000	112260000	11042	97	6920	12298	0.00878464	0.346	0.89787
13	112260000	112280000	12400	110	5988	13184	0.00887097	0.2994	0.940534
13	112280000	112300000	13589	101	3331	13726	0.00743248	0.16655	0.990019
13	112300000	112320000	13681	80	5755	13826	0.00584753	0.28775	0.989513
13	112320000	112340000	13097	131	2684	13596	0.0100023	0.1342	0.963298
13	112340000	112360000	8606	83	3122	8737	0.00964443	0.1561	0.985006
13	112360000	112380000	0	0	0	0		0	
13	112380000	112400000	0	0	0	0		0	
13	112400000	112420000	0	0	0	0		0	
13	112420000	112440000	0	0	0	0		0	
13	112440000	112460000	0	0	0	0		0	
13	112460000	112480000	0	0	0	0		0	
13	112480000	112500000	0	0	0	0		0	
13	112500000	112520000	8961	82	4465	9166	0.00915076	0.22325	0.977635
13	112520000	112540000	13430	103	7920	13577	0.0076694	0.396	0.989173
13	112540000	112560000	12476	112	9627	12650	0.00897724	0.48135	0.986245
13	112560000	112580000	13664	128	4536	13862	0.00936768	0.2268	0.985716
13	112580000	112600000	8754	76	10900	8841	0.00868175	0.545	0.990159
13	112600000	112620000	12455	116	5077	12672	0.00931353	0.25385	0.982876
13	112620000	112640000	12469	113	5413	12645	0.00906247	0.27065	0.986081
13	112640000	112660000	11682	81	8357	11820	0.00693374	0.41785	0.988325
13	112660000	112680000	6475	51	13742	10005	0.00787645	0.6871	0.647176
13	112680000	112700000	13242	105	4902	13407	0.00792932	0.2451	0.987693
13	112700000	112720000	12674	63	2721	13658	0.00497081	0.13605	0.927954
13	112720000	112740000	11438	74	5573	11962	0.00646966	0.27865	0.956195
13	112740000	112760000	12564	86	6066	12679	0.00684495	0.3033	0.99093
13	112760000	112780000	11753	99	6468	13771	0.00842338	0.3234	0.85346
13	112780000	112800000	13244	112	6924	13612	0.00845666	0.3462	0.972965
13	112800000	112820000	10773	80	3516	10949	0.00742597	0.1758	0.983925
13	112820000	112840000	12405	98	2991	12790	0.00790004	0.14955	0.969898
13	112840000	112860000	12218	98	8300	12388	0.00802095	0.415	0.986277
13	112860000	112880000	10614	97	6515	11261	0.00913887	0.32575	0.942545
13	112880000	112900000	13166	122	9905	13330	0.00926629	0.49525	0.987697
13	112900000	112920000	13839	237	6302	14115	0.0171255	0.3151	0.980446
13	112920000	112940000	5654	48	7257	5711	0.00848956	0.36285	0.990019
13	112940000	112960000	0	0	0	0		0	
13	112960000	112980000	4041	20	2065	4262	0.00494927	0.10325	0.948146
13	112980000	113000000	10323	134	10237	11201	0.0129807	0.51185	0.921614
13	113000000	113020000	11056	85	5731	12898	0.00768813	0.28655	0.857187
13	113020000	113040000	8935	63	16295	9140	0.00705092	0.81475	0.977571
13	113040000	113060000	5920	68	13270	6013	0.0114865	0.6635	0.984534
13	113060000	113080000	9067	45	17912	9197	0.00496305	0.8956	0.985865
13	113080000	113100000	11525	122	9177	11646	0.0105857	0.45885	0.98961
13	113100000	113120000	12382	108	8974	12952	0.00872234	0.4487	0.955991
13	113120000	113140000	10666	78	12398	10804	0.00731296	0.6199	0.987227
13	113140000	113160000	10241	51	6359	10343	0.00497998	0.31795	0.990138
13	113160000	113180000	13970	100	4594	14119	0.0071582	0.2297	0.989447
13	113180000	113200000	10040	74	9874	10204	0.00737052	0.4937	0.983928
13	113200000	113220000	11340	72	4105	11471	0.00634921	0.20525	0.98858
13	113220000	113240000	10161	77	10126	10235	0.00757799	0.5063	0.99277
13	113240000	113260000	10655	59	13358	10747	0.00553731	0.6679	0.991439
13	113260000	113280000	11184	81	10162	11312	0.00724249	0.5081	0.988685
13	113280000	113300000	10712	110	11768	10838	0.0102689	0.5884	0.988374
13	113300000	113320000	9520	70	9625	9608	0.00735294	0.48125	0.990841
13	113320000	113340000	9506	67	10291	9653	0.00704818	0.51455	0.984772
13	113340000	113360000	12428	106	4875	12560	0.00852913	0.24375	0.98949
13	113360000	113380000	10025	108	8428	10139	0.0107731	0.4214	0.988756
13	113380000	113400000	11079	98	5092	11236	0.00884556	0.2546	0.986027
13	113400000	113420000	10196	78	6139	10353	0.00765006	0.30695	0.984835
13	113420000	113440000	11179	114	4198	11350	0.0101977	0.2099	0.984934
13	113440000	113460000	6997	92	8637	7084	0.0131485	0.43185	0.987719
13	113460000	113480000	12576	92	5042	12681	0.00731552	0.2521	0.99172
13	113480000	113500000	11815	74	2535	11979	0.00626322	0.12675	0.986309
13	113500000	113520000	9889	64	6169	10008	0.00647184	0.30845	0.98811
13	113520000	113540000	12945	114	2642	13250	0.00880649	0.1321	0.976981
13	113540000	113560000	12624	100	2076	13711	0.00792142	0.1038	0.920721
13	113560000	113580000	10346	94	8974	11888	0.00908564	0.4487	0.870289
13	113580000	113600000	10034	69	10700	10487	0.00687662	0.535	0.956804
13	113600000	113620000	13613	97	7394	13937	0.00712554	0.3697	0.976753
13	113620000	113640000	12102	111	2759	13004	0.00917204	0.13795	0.930637
13	113640000	113660000	12342	108	2340	12636	0.00875061	0.117	0.976733
13	113660000	113680000	11169	91	3455	12119	0.00814755	0.17275	0.921611
13	113680000	113700000	11249	103	5403	11421	0.00915637	0.27015	0.98494
13	113700000	113720000	10330	105	4723	10777	0.0101646	0.23615	0.958523
13	113720000	113740000	4908	36	4525	10471	0.00733496	0.22625	0.468723
13	113740000	113760000	4648	23	3762	12195	0.00494836	0.1881	0.38114
13	113760000	113780000	10521	96	2361	10694	0.00912461	0.11805	0.983823
13	113780000	113800000	11144	62	9189	11258	0.00556353	0.45945	0.989874
13	113800000	113820000	10784	88	6291	10930	0.00816024	0.31455	0.986642
13	113820000	113840000	11891	72	7943	12127	0.006055	0.39715	0.980539
13	113840000	113860000	11269	70	9648	11509	0.00621173	0.4824	0.979147
13	113860000	113880000	10529	63	6777	10651	0.00598347	0.33885	0.988546
13	113880000	113900000	11706	94	5430	11804	0.00803007	0.2715	0.991698
13	113900000	113920000	10675	66	10290	10769	0.00618267	0.5145	0.991271
13	113920000	113940000	7856	60	13300	8000	0.00763747	0.665	0.982
13	113940000	113960000	8098	57	12277	8175	0.00703878	0.61385	0.990581
13	113960000	113980000	9118	76	6033	9255	0.00833516	0.30165	0.985197
13	113980000	114000000	9106	64	8917	9324	0.00702833	0.44585	0.976619
13	114000000	114020000	8502	63	7868	8775	0.00741002	0.3934	0.968889
13	114020000	114040000	4062	19	12437	6237	0.0046775	0.62185	0.651275
13	114040000	114060000	6847	84	10941	7027	0.0122681	0.54705	0.974385
13	114060000	114080000	8892	92	4198	11707	0.0103464	0.2099	0.759546
13	114080000	114100000	6862	56	8677	8412	0.00816089	0.43385	0.815739
13	114100000	114120000	10340	93	4398	10756	0.0089942	0.2199	0.961324
13	114120000	114140000	10540	66	9938	10666	0.00626186	0.4969	0.988187
13	114140000	114160000	5955	28	7082	10802	0.00470193	0.3541	0.551287
13	114160000	114180000	8034	40	8808	9823	0.00497884	0.4404	0.817876
13	114180000	114200000	8865	56	8684	9479	0.00631698	0.4342	0.935225
13	114200000	114220000	10736	104	5052	11585	0.00968703	0.2526	0.926716
13	114220000	114240000	8636	65	12250	9382	0.00752663	0.6125	0.920486
13	114240000	114260000	9552	79	3294	10196	0.00827052	0.1647	0.936838
13	114260000	114280000	10080	110	3699	10360	0.0109127	0.18495	0.972973
13	114280000	114300000	10392	110	4957	10512	0.0105851	0.24785	0.988584
13	114300000	114320000	12774	86	7164	13336	0.00673243	0.3582	0.957858
13	114320000	114340000	3245	30	994	3795	0.00924499	0.0497	0.855072
13	114340000	114360000	0	0	0	0		0	
13	114360000	114380000	0	0	0	0		0	
13	114380000	114400000	0	0	0	0		0	
13	114400000	114420000	0	0	0	0		0	
13	114420000	114440000	2489	25	2084	7191	0.0100442	0.1042	0.346127
13	114440000	114460000	0	0	5858	10697		0.2929	0
13	114460000	114480000	10420	130	6250	11965	0.012476	0.3125	0.870873
13	114480000	114500000	6187	91	9190	8884	0.0147083	0.4595	0.696421
13	114500000	114520000	9523	112	2676	10716	0.011761	0.1338	0.888671
13	114520000	114540000	8158	87	1587	10420	0.0106644	0.07935	0.782917
13	114540000	114560000	11304	103	1894	12674	0.00911182	0.0947	0.891905
13	114560000	114580000	8494	50	10249	9960	0.00588651	0.51245	0.852811
13	114580000	114600000	10628	76	11123	10781	0.00715092	0.55615	0.985808
13	114600000	114620000	10833	56	7507	10924	0.00516939	0.37535	0.99167
13	114620000	114640000	11681	74	8116	13012	0.00633507	0.4058	0.89771
13	114640000	114660000	0	0	0	0		0	
13	114660000	114680000	0	0	0	0		0	
13	114680000	114700000	0	0	0	0		0	
13	114700000	114720000	0	0	0	0		0	
13	114720000	114740000	0	0	0	0		0	
13	114740000	114760000	0	0	5697	11148		0.28485	0
13	114760000	114780000	0	0	5967	9242		0.29835	0
13	114780000	114800000	0	0	2512	10829		0.1256	0
13	114800000	114820000	1114	6	5793	11919	0.005386	0.28965	0.0934642
13	114820000	114840000	10670	105	3747	11201	0.00984067	0.18735	0.952594
13	114840000	114860000	7506	66	6286	8230	0.00879297	0.3143	0.912029
13	114860000	114880000	10566	103	2196	11691	0.00974825	0.1098	0.903772
13	114880000	114900000	8069	56	1945	10609	0.00694014	0.09725	0.760581
13	114900000	114920000	6674	47	7974	10900	0.00704225	0.3987	0.612294
13	114920000	114940000	7434	90	12031	7827	0.0121065	0.60155	0.949789
13	114940000	114960000	8689	46	12756	8754	0.00529405	0.6378	0.992575
13	114960000	114980000	9668	68	9356	10151	0.00703351	0.4678	0.952418
13	114980000	115000000	8613	76	10917	9644	0.00882387	0.54585	0.893094
13	115000000	115020000	10192	84	7226	10465	0.00824176	0.3613	0.973913
13	115020000	115040000	10171	53	11418	10271	0.00521089	0.5709	0.990264
13	115040000	115060000	8359	41	8011	8767	0.00490489	0.40055	0.953462
13	115060000	115080000	8318	42	9565	8398	0.00504929	0.47825	0.990474
13	115080000	115100000	5570	20	8228	8919	0.00359066	0.4114	0.624509
13	115100000	115120000	0	0	3347	744		0.16735	0
13	115120000	115140000	0	0	0	0		0	
13	115140000	115160000	0	0	0	0		0	
13	115160000	115180000	0	0	0	0		0	
