chrom	start	end	anc_valid_bp	hum_sub	repeat_bp	mask_bp	sub_rate	repeat_frac	anc_cov
18	0	50000	0	0	24229	39		0.48458	0
18	50000	100000	0	0	31677	244		0.63354	0
18	100000	150000	820	5	31951	854	0.00609756	0.63902	0.960187
18	150000	200000	21324	129	32332	21572	0.00604952	0.64664	0.988504
18	200000	250000	25198	151	23217	29697	0.00599254	0.46434	0.848503
18	250000	300000	24057	186	30192	25556	0.00773164	0.60384	0.941344
18	300000	350000	27170	220	19764	27742	0.00809717	0.39528	0.979381
18	350000	400000	32820	239	13473	33123	0.00728215	0.26946	0.990852
18	400000	450000	28804	220	21732	29255	0.00763783	0.43464	0.984584
18	450000	500000	29806	224	18957	30110	0.00751527	0.37914	0.989904
18	500000	550000	18820	153	30144	19501	0.00812965	0.60288	0.965079
18	550000	600000	26672	215	29322	27816	0.00806089	0.58644	0.958873
18	600000	650000	26857	235	22707	27242	0.00875005	0.45414	0.985867
18	650000	700000	23050	183	24836	24377	0.00793926	0.49672	0.945563
18	700000	750000	18470	130	27922	18747	0.00703844	0.55844	0.985224
18	750000	800000	22054	146	32265	22746	0.00662011	0.6453	0.969577
18	800000	850000	23491	162	24093	23880	0.00689626	0.48186	0.98371
18	850000	900000	23620	190	31163	23918	0.00804403	0.62326	0.987541
18	900000	950000	29326	293	15928	30171	0.00999113	0.31856	0.971993
18	950000	1000000	22424	123	28389	23177	0.00548519	0.56778	0.967511
18	1000000	1050000	24885	135	30889	25113	0.00542495	0.61778	0.990921
18	1050000	1100000	25554	199	28026	25792	0.00778743	0.56052	0.990772
18	1100000	1150000	23409	165	33379	23573	0.00704857	0.66758	0.993043
18	1150000	1200000	23777	162	30543	24934	0.00681331	0.61086	0.953597
18	1200000	1250000	25396	154	35163	25626	0.00606395	0.70326	0.991025
18	1250000	1300000	27417	170	35887	27733	0.00620053	0.71774	0.988606
18	1300000	1350000	23779	188	30429	24029	0.00790614	0.60858	0.989596
18	1350000	1400000	26097	171	30302	26325	0.00655248	0.60604	0.991339
18	1400000	1450000	31970	195	27409	32278	0.00609947	0.54818	0.990458
18	1450000	1500000	25100	156	27823	25819	0.00621514	0.55646	0.972152
18	1500000	1550000	26372	157	26523	26838	0.00595328	0.53046	0.982637
18	1550000	1600000	31020	216	27579	31311	0.00696325	0.55158	0.990706
18	1600000	1650000	23484	101	34090	24567	0.0043008	0.6818	0.955916
18	1650000	1700000	26966	215	28917	29908	0.007973	0.57834	0.901632
18	1700000	1750000	20760	149	29844	25083	0.00717726	0.59688	0.827652
18	1750000	1800000	24964	219	31021	25398	0.00877263	0.62042	0.982912
18	1800000	1850000	27697	228	32365	28809	0.00823194	0.6473	0.961401
18	1850000	1900000	27206	188	27964	27532	0.00691024	0.55928	0.988159
18	1900000	1950000	24347	225	33314	24605	0.00924138	0.66628	0.989514
18	1950000	2000000	29324	201	28174	29627	0.00685445	0.56348	0.989773
18	2000000	2050000	30190	203	25308	30461	0.00672408	0.50616	0.991103
18	2050000	2100000	30258	254	26375	30521	0.00839447	0.5275	0.991383
18	2100000	2150000	31750	241	23793	32268	0.00759055	0.47586	0.983947
18	2150000	2200000	28812	230	21636	29721	0.00798278	0.43272	0.969416
18	2200000	2250000	27056	198	29472	27280	0.00731815	0.58944	0.991789
18	2250000	2300000	20757	187	33271	20957	0.00900901	0.66542	0.990457
18	2300000	2350000	28539	237	22780	28896	0.00830443	0.4556	0.987645
18	2350000	2400000	26610	238	27120	26936	0.00894401	0.5424	0.987897
18	2400000	2450000	28361	202	25371	28633	0.00712246	0.50742	0.9905
18	2450000	2500000	20347	179	26446	26543	0.00879737	0.52892	0.766567
18	2500000	2550000	29198	209	23578	29658	0.00715802	0.47156	0.98449
18	2550000	2600000	26255	141	21927	26499	0.00537041	0.43854	0.990792
18	2600000	2650000	22585	139	32263	23053	0.00615453	0.64526	0.979699
18	2650000	2700000	24883	144	26544	25108	0.00578708	0.53088	0.991039
18	2700000	2750000	27429	130	23451	27626	0.00473951	0.46902	0.992869
18	2750000	2800000	25793	102	24600	25969	0.00395456	0.492	0.993223
18	2800000	2850000	19379	146	34427	19597	0.00753393	0.68854	0.988876
18	2850000	2900000	19831	156	25996	20304	0.00786647	0.51992	0.976704
18	2900000	2950000	29970	234	10727	30240	0.00780781	0.21454	0.991071
18	2950000	3000000	29032	145	18353	29229	0.00499449	0.36706	0.99326
18	3000000	3050000	20649	121	27394	21526	0.00585985	0.54788	0.959259
18	3050000	3100000	26101	184	22112	26483	0.00704954	0.44224	0.985576
18	3100000	3150000	25446	166	24433	25839	0.00652362	0.48866	0.98479
18	3150000	3200000	26965	167	20487	27278	0.00619321	0.40974	0.988526
18	3200000	3250000	27457	175	27909	27780	0.0063736	0.55818	0.988373
18	3250000	3300000	24478	187	22991	25000	0.00763951	0.45982	0.97912
18	3300000	3350000	24138	184	32608	24367	0.00762284	0.65216	0.990602
18	3350000	3400000	24808	222	29288	25540	0.00894873	0.58576	0.971339
18	3400000	3450000	20769	158	29984	20970	0.00760749	0.59968	0.990415
18	3450000	3500000	24586	121	20738	24767	0.0049215	0.41476	0.992692
18	3500000	3550000	22565	130	24202	23104	0.00576113	0.48404	0.976671
18	3550000	3600000	18247	140	29004	20033	0.00767249	0.58008	0.910847
18	3600000	3650000	17440	107	28208	22347	0.00613532	0.56416	0.780418
18	3650000	3700000	22192	150	25929	22416	0.00675919	0.51858	0.990007
18	3700000	3750000	26424	125	20992	27513	0.00473055	0.41984	0.960419
18	3750000	3800000	26282	157	28496	27019	0.00597367	0.56992	0.972723
18	3800000	3850000	32064	187	17699	32318	0.00583209	0.35398	0.992141
18	3850000	3900000	31273	214	17848	31531	0.00684296	0.35696	0.991818
18	3900000	3950000	33744	212	15757	34011	0.0062826	0.31514	0.99215
18	3950000	4000000	28808	200	19602	29164	0.00694252	0.39204	0.987793
18	4000000	4050000	29916	206	18356	30211	0.00688595	0.36712	0.990235
18	4050000	4100000	23066	189	30893	23310	0.00819388	0.61786	0.989532
18	4100000	4150000	28395	230	27961	28704	0.00810002	0.55922	0.989235
18	4150000	4200000	29673	203	23771	30219	0.00684124	0.47542	0.981932
18	4200000	4250000	29117	210	24614	29392	0.00721228	0.49228	0.990644
18	4250000	4300000	31882	203	16026	32130	0.00636723	0.32052	0.992281
18	4300000	4350000	29713	259	23784	30623	0.00871672	0.47568	0.970284
18	4350000	4400000	31692	206	18720	32024	0.00650006	0.3744	0.989633
18	4400000	4450000	29448	189	19425	29972	0.00641809	0.3885	0.982517
18	4450000	4500000	27788	179	24837	28562	0.00644163	0.49674	0.972901
18	4500000	4550000	25054	152	33781	25783	0.0060669	0.67562	0.971726
18	4550000	4600000	27258	196	30664	27567	0.00719055	0.61328	0.988791
18	4600000	4650000	26301	152	25948	26545	0.00577925	0.51896	0.990808
18	4650000	4700000	15206	111	42317	15611	0.00729975	0.84634	0.974057
18	4700000	4750000	26563	176	24672	27819	0.00662576	0.49344	0.954851
18	4750000	4800000	26131	159	37044	26559	0.00608473	0.74088	0.983885
18	4800000	4850000	30723	175	27691	31569	0.00569606	0.55382	0.973202
18	4850000	4900000	22854	131	35139	23095	0.00573204	0.70278	0.989565
18	4900000	4950000	23907	184	36124	25537	0.00769649	0.72248	0.936171
18	4950000	5000000	19146	118	41358	19600	0.00616317	0.82716	0.976837
18	5000000	5050000	22055	110	33253	22516	0.00498753	0.66506	0.979526
18	5050000	5100000	27878	185	25602	28101	0.00663606	0.51204	0.992064
18	5100000	5150000	23978	167	32110	24177	0.00696472	0.6422	0.991769
18	5150000	5200000	30251	182	23544	30682	0.00601633	0.47088	0.985953
18	5200000	5250000	27000	203	29516	27451	0.00751852	0.59032	0.983571
18	5250000	5300000	22095	148	28933	23280	0.00669835	0.57866	0.949098
18	5300000	5350000	22445	129	35069	22691	0.00574738	0.70138	0.989159
18	5350000	5400000	29073	180	21487	29407	0.00619131	0.42974	0.988642
18	5400000	5450000	33070	198	10545	33308	0.0059873	0.2109	0.992855
18	5450000	5500000	29802	191	19510	30080	0.00640897	0.3902	0.990758
18	5500000	5550000	32131	209	13137	32528	0.00650462	0.26274	0.987795
18	5550000	5600000	30870	232	21296	31123	0.00751539	0.42592	0.991871
18	5600000	5650000	32945	215	14457	33458	0.00652603	0.28914	0.984667
18	5650000	5700000	23369	165	27821	23633	0.00706064	0.55642	0.988829
18	5700000	5750000	35670	290	16373	36019	0.00813008	0.32746	0.990311
18	5750000	5800000	32287	258	25520	32633	0.00799083	0.5104	0.989397
18	5800000	5850000	27522	179	26916	28753	0.00650389	0.53832	0.957187
18	5850000	5900000	30034	194	19850	30417	0.00645935	0.397	0.987408
18	5900000	5950000	32736	231	18614	33040	0.00705645	0.37228	0.990799
18	5950000	6000000	33881	243	9881	34192	0.00717216	0.19762	0.990904
18	6000000	6050000	27322	198	29455	27577	0.00724691	0.5891	0.990753
18	6050000	6100000	29187	219	23197	29538	0.00750334	0.46394	0.988117
18	6100000	6150000	29993	215	20692	30287	0.00716834	0.41384	0.990293
18	6150000	6200000	25893	180	25977	28013	0.00695169	0.51954	0.924321
18	6200000	6250000	29018	179	25052	29516	0.00616859	0.50104	0.983128
18	6250000	6300000	26577	159	22651	29278	0.00598262	0.45302	0.907746
18	6300000	6350000	25874	180	33265	26374	0.00695679	0.6653	0.981042
18	6350000	6400000	24626	155	26580	24884	0.00629416	0.5316	0.989632
18	6400000	6450000	27821	217	21280	28654	0.00779986	0.4256	0.970929
18	6450000	6500000	27122	206	32280	27422	0.00759531	0.6456	0.98906
18	6500000	6550000	25617	156	29324	25859	0.00608971	0.58648	0.990642
18	6550000	6600000	28861	186	22162	29089	0.00644468	0.44324	0.992162
18	6600000	6650000	30753	198	20476	31443	0.0064384	0.40952	0.978056
18	6650000	6700000	29778	197	23736	30069	0.00661562	0.47472	0.990322
18	6700000	6750000	28364	118	21240	28563	0.0041602	0.4248	0.993033
18	6750000	6800000	30461	183	20659	30682	0.00600768	0.41318	0.992797
18	6800000	6850000	27793	176	29591	28053	0.00633253	0.59182	0.990732
18	6850000	6900000	31117	183	17734	31575	0.00588103	0.35468	0.985495
18	6900000	6950000	28779	222	26944	29041	0.00771396	0.53888	0.990978
18	6950000	7000000	30438	216	12583	31213	0.00709639	0.25166	0.975171
18	7000000	7050000	28770	208	17702	29065	0.00722975	0.35404	0.98985
18	7050000	7100000	26109	190	23195	27011	0.00727718	0.4639	0.966606
18	7100000	7150000	22039	189	27813	24202	0.00857571	0.55626	0.910627
18	7150000	7200000	22139	176	29460	22814	0.00794977	0.5892	0.970413
18	7200000	7250000	27180	197	23342	27453	0.00724798	0.46684	0.990056
18	7250000	7300000	26884	142	26808	27111	0.00528195	0.53616	0.991627
18	7300000	7350000	27731	183	29022	28036	0.00659911	0.58044	0.989121
18	7350000	7400000	27546	211	25048	28003	0.00765991	0.50096	0.98368
18	7400000	7450000	20499	182	29658	23033	0.00887848	0.59316	0.889984
18	7450000	7500000	30946	208	21919	31613	0.00672139	0.43838	0.978901
18	7500000	7550000	28293	182	23710	29057	0.00643269	0.4742	0.973707
18	7550000	7600000	29751	145	19879	29961	0.00487379	0.39758	0.992991
18	7600000	7650000	31747	158	14562	32057	0.00497685	0.29124	0.99033
18	7650000	7700000	28844	206	18974	29093	0.00714187	0.37948	0.991441
18	7700000	7750000	20787	137	32255	20960	0.00659066	0.6451	0.991746
18	7750000	7800000	33082	175	15323	33398	0.00528989	0.30646	0.990538
18	7800000	7850000	28312	163	22364	28968	0.00575728	0.44728	0.977354
18	7850000	7900000	27852	135	21006	28065	0.00484705	0.42012	0.99241
18	7900000	7950000	29443	161	24631	29707	0.00546819	0.49262	0.991113
18	7950000	8000000	24889	165	26244	25184	0.00662943	0.52488	0.988286
18	8000000	8050000	32415	216	14203	32718	0.00666358	0.28406	0.990739
18	8050000	8100000	29914	182	19145	30183	0.00608411	0.3829	0.991088
18	8100000	8150000	29687	135	15119	30054	0.00454745	0.30238	0.987789
18	8150000	8200000	30350	182	17186	30587	0.00599671	0.34372	0.992252
18	8200000	8250000	28838	153	22262	29297	0.0053055	0.44524	0.984333
18	8250000	8300000	30593	201	16901	31229	0.00657013	0.33802	0.979634
18	8300000	8350000	28893	168	16922	29606	0.00581456	0.33844	0.975917
18	8350000	8400000	33532	199	14797	33872	0.00593463	0.29594	0.989962
18	8400000	8450000	30319	275	23323	30900	0.00907022	0.46646	0.981197
18	8450000	8500000	29755	272	19279	31148	0.00914132	0.38558	0.955278
18	8500000	8550000	26250	227	27025	26575	0.00864762	0.5405	0.98777
18	8550000	8600000	22227	177	36686	22491	0.00796329	0.73372	0.988262
18	8600000	8650000	25591	125	21281	26229	0.00488453	0.42562	0.975676
18	8650000	8700000	25065	190	29409	25352	0.00758029	0.58818	0.988679
18	8700000	8750000	27263	178	19962	27569	0.006529	0.39924	0.988901
18	8750000	8800000	32054	220	10526	34771	0.00686342	0.21052	0.92186
18	8800000	8850000	31004	226	14186	31292	0.00728938	0.28372	0.990796
18	8850000	8900000	24057	180	30879	24402	0.00748223	0.61758	0.985862
18	8900000	8950000	14246	141	41974	14492	0.00989752	0.83948	0.983025
18	8950000	9000000	27507	202	26003	28100	0.00734359	0.52006	0.978897
18	9000000	9050000	21938	185	32466	22195	0.00843286	0.64932	0.988421
18	9050000	9100000	22012	111	27021	23166	0.0050427	0.54042	0.950186
18	9100000	9150000	27934	97	17705	28168	0.00347247	0.3541	0.991693
18	9150000	9200000	19366	93	36573	19573	0.00480223	0.73146	0.989424
18	9200000	9250000	28267	130	23516	28603	0.004599	0.47032	0.988253
18	9250000	9300000	20813	77	28035	21011	0.00369961	0.5607	0.990576
18	9300000	9350000	19901	107	35758	20297	0.00537661	0.71516	0.98049
18	9350000	9400000	21098	165	32236	21478	0.00782065	0.64472	0.982307
18	9400000	9450000	22837	156	29503	23582	0.00683102	0.59006	0.968408
18	9450000	9500000	21708	164	37065	22175	0.00755482	0.7413	0.97894
18	9500000	9550000	22771	161	21150	25009	0.0070704	0.423	0.910512
18	9550000	9600000	27825	132	22858	28317	0.00474394	0.45716	0.982625
18	9600000	9650000	22514	125	26888	23342	0.0055521	0.53776	0.964527
18	9650000	9700000	24416	176	29667	25098	0.00720839	0.59334	0.972827
18	9700000	9750000	26519	169	20761	27338	0.00637279	0.41522	0.970042
18	9750000	9800000	24810	187	24907	25031	0.00753728	0.49814	0.991171
18	9800000	9850000	28596	243	20188	29936	0.00849769	0.40376	0.955238
18	9850000	9900000	26375	143	24029	26646	0.0054218	0.48058	0.98983
18	9900000	9950000	27765	129	21167	28047	0.00464614	0.42334	0.989945
18	9950000	10000000	28650	176	22415	29080	0.00614311	0.4483	0.985213
18	10000000	10050000	31018	225	19444	32494	0.00725385	0.38888	0.954576
18	10050000	10100000	31911	225	19759	32560	0.00705086	0.39518	0.980068
18	10100000	10150000	31046	224	19887	31390	0.0072151	0.39774	0.989041
18	10150000	10200000	24494	180	29390	25342	0.00734874	0.5878	0.966538
18	10200000	10250000	29534	167	17809	30080	0.0056545	0.35618	0.981848
18	10250000	10300000	30815	215	18566	31145	0.00697712	0.37132	0.989404
18	10300000	10350000	32557	199	14719	34161	0.00611236	0.29438	0.953046
18	10350000	10400000	31890	230	23468	32143	0.00721229	0.46936	0.992129
18	10400000	10450000	33707	255	15376	34046	0.00756519	0.30752	0.990043
18	10450000	10500000	33196	256	12031	34532	0.00771177	0.24062	0.961311
18	10500000	10550000	30278	219	23323	30618	0.00723297	0.46646	0.988895
18	10550000	10600000	20735	165	24969	21111	0.00795756	0.49938	0.982189
18	10600000	10650000	91	9	21355	524	0.0989011	0.4271	0.173664
18	10650000	10700000	19563	131	17147	29433	0.00669631	0.34294	0.664662
18	10700000	10750000	30477	189	11959	30847	0.0062014	0.23918	0.988005
18	10750000	10800000	31128	226	13496	32300	0.00726034	0.26992	0.963715
18	10800000	10850000	30192	224	19505	30492	0.00741918	0.3901	0.990161
18	10850000	10900000	30184	192	19314	30446	0.00636099	0.38628	0.991395
18	10900000	10950000	21761	182	21191	21993	0.00836359	0.42382	0.989451
18	10950000	11000000	26230	155	29940	26496	0.00590926	0.5988	0.989961
18	11000000	11050000	31136	193	16883	31420	0.00619861	0.33766	0.990961
18	11050000	11100000	26663	200	20464	27354	0.00750103	0.40928	0.974739
18	11100000	11150000	27763	157	18442	28033	0.00565501	0.36884	0.990368
18	11150000	11200000	30094	159	24763	30556	0.00528345	0.49526	0.98488
18	11200000	11250000	30951	216	24634	31924	0.00697877	0.49268	0.969521
18	11250000	11300000	30354	207	22460	30657	0.00681953	0.4492	0.990116
18	11300000	11350000	24364	147	32546	24705	0.00603349	0.65092	0.986197
18	11350000	11400000	23703	192	30219	26180	0.00810024	0.60438	0.905386
18	11400000	11450000	26892	270	33771	27423	0.0100402	0.67542	0.980637
18	11450000	11500000	27882	186	27455	28162	0.00667097	0.5491	0.990058
18	11500000	11550000	27222	211	23496	27529	0.00775108	0.46992	0.988848
18	11550000	11600000	26760	221	26544	29066	0.00825859	0.53088	0.920663
18	11600000	11650000	868	8	31066	4827	0.00921659	0.62132	0.179822
18	11650000	11700000	30547	220	24740	30853	0.00720202	0.4948	0.990082
18	11700000	11750000	23930	149	28228	26108	0.00622649	0.56456	0.916577
18	11750000	11800000	28658	152	16395	29065	0.00530393	0.3279	0.985997
18	11800000	11850000	22685	136	25559	23163	0.00599515	0.51118	0.979364
18	11850000	11900000	24812	177	17748	25059	0.00713365	0.35496	0.990143
18	11900000	11950000	12674	77	33309	14107	0.00607543	0.66618	0.898419
18	11950000	12000000	20335	154	27427	20586	0.00757315	0.54854	0.987807
18	12000000	12050000	25241	169	22746	25555	0.00669546	0.45492	0.987713
18	12050000	12100000	12971	109	20007	15608	0.00840336	0.40014	0.831048
18	12100000	12150000	10921	62	32795	11800	0.00567714	0.6559	0.925508
18	12150000	12200000	4942	48	33391	5951	0.00971267	0.66782	0.830449
18	12200000	12250000	10895	95	25158	11007	0.0087196	0.50316	0.989825
18	12250000	12300000	25555	182	21140	26055	0.00712189	0.4228	0.98081
18	12300000	12350000	24670	195	23130	24986	0.00790434	0.4626	0.987353
18	12350000	12400000	19611	124	29959	20215	0.00632298	0.59918	0.970121
18	12400000	12450000	21903	91	24929	22324	0.00415468	0.49858	0.981141
18	12450000	12500000	23855	90	19917	24874	0.00377279	0.39834	0.959034
18	12500000	12550000	23025	118	28604	24279	0.00512486	0.57208	0.94835
18	12550000	12600000	22968	119	35549	23189	0.00518112	0.71098	0.99047
18	12600000	12650000	22654	129	31872	23071	0.00569436	0.63744	0.981925
18	12650000	12700000	17858	102	26134	18967	0.00571173	0.52268	0.94153
18	12700000	12750000	18326	148	30157	21597	0.00807596	0.60314	0.848544
18	12750000	12800000	22870	185	29136	23362	0.0080892	0.58272	0.97894
18	12800000	12850000	25348	172	23808	25566	0.00678555	0.47616	0.991473
18	12850000	12900000	21695	140	28300	23214	0.0064531	0.566	0.934565
18	12900000	12950000	23104	147	32613	23305	0.00636253	0.65226	0.991375
18	12950000	13000000	19113	84	26026	22899	0.00439491	0.52052	0.834665
18	13000000	13050000	27216	119	28493	27520	0.00437243	0.56986	0.988953
18	13050000	13100000	23530	98	25604	23746	0.0041649	0.51208	0.990904
18	13100000	13150000	25289	122	21718	25913	0.00482423	0.43436	0.975919
18	13150000	13200000	24029	184	30311	24238	0.00765741	0.60622	0.991377
18	13200000	13250000	27869	210	19414	29402	0.00753525	0.38828	0.947861
18	13250000	13300000	30854	170	14014	31405	0.00550982	0.28028	0.982455
18	13300000	13350000	21025	120	32392	24292	0.00570749	0.64784	0.865511
18	13350000	13400000	30218	178	16309	31119	0.00589053	0.32618	0.971047
18	13400000	13450000	33410	234	14846	33797	0.00700389	0.29692	0.988549
18	13450000	13500000	30608	175	17747	30863	0.00571746	0.35494	0.991738
18	13500000	13550000	30847	143	18430	31200	0.00463578	0.3686	0.988686
18	13550000	13600000	29738	158	18208	29974	0.00531307	0.36416	0.992127
18	13600000	13650000	28530	121	15301	29358	0.00424115	0.30602	0.971796
18	13650000	13700000	21423	113	24772	21712	0.0052747	0.49544	0.986689
18	13700000	13750000	24759	120	27920	25106	0.00484672	0.5584	0.986179
18	13750000	13800000	20764	108	35482	20921	0.00520131	0.70964	0.992496
18	13800000	13850000	26768	158	22519	27128	0.00590257	0.45038	0.98673
18	13850000	13900000	25186	234	26889	26869	0.00929088	0.53778	0.937363
18	13900000	13950000	26739	209	25346	27445	0.0078163	0.50692	0.974276
18	13950000	14000000	22187	148	34022	22878	0.00667057	0.68044	0.969796
18	14000000	14050000	22171	93	31359	22743	0.00419467	0.62718	0.974849
18	14050000	14100000	26042	115	26008	26243	0.00441594	0.52016	0.992341
18	14100000	14150000	7873	38	24355	8417	0.00482662	0.4871	0.935369
18	14150000	14200000	0	0	26672	164		0.53344	0
18	14200000	14250000	0	0	19253	172		0.38506	0
18	14250000	14300000	0	0	42842	463		0.85684	0
18	14300000	14350000	8	1	37029	628	0.125	0.74058	0.0127389
18	14350000	14400000	67	9	16375	213	0.134328	0.3275	0.314554
18	14400000	14450000	0	0	21193	40		0.42386	0
18	14450000	14500000	28	12	20408	36	0.428571	0.40816	0.777778
18	14500000	14550000	0	0	22810	53		0.4562	0
18	14550000	14600000	0	0	27691	843		0.55382	0
18	14600000	14650000	54	4	29866	107	0.0740741	0.59732	0.504673
18	14650000	14700000	72	13	31820	82	0.180556	0.6364	0.878049
18	14700000	14750000	722	11	26864	3912	0.0152355	0.53728	0.18456
18	14750000	14800000	2641	44	18269	4463	0.0166604	0.36538	0.591754
18	14800000	14850000	164	7	19117	200	0.0426829	0.38234	0.82
18	14850000	14900000	54	11	26621	190	0.203704	0.53242	0.284211
18	14900000	14950000	0	0	19072	20594		0.38144	0
18	14950000	15000000	0	0	21449	3161		0.42898	0
18	15000000	15050000	106	21	27601	164	0.198113	0.55202	0.646341
18	15050000	15100000	169	27	18448	203	0.159763	0.36896	0.832512
18	15100000	15150000	0	0	29572	86		0.59144	0
18	15150000	15200000	0	0	25327	124		0.50654	0
18	15200000	15250000	0	0	38384	89		0.76768	0
18	15250000	15300000	20	4	30892	21	0.2	0.61784	0.952381
18	15300000	15350000	30	2	30190	31	0.0666667	0.6038	0.967742
18	15350000	15400000	0	0	37029	17		0.74058	0
18	15400000	15450000	0	0	10898	0		0.21796	
18	15450000	15500000	0	0	0	0		0	
18	15500000	15550000	0	0	0	0		0	
18	15550000	15600000	0	0	0	0		0	
18	15600000	15650000	0	0	0	0		0	
18	15650000	15700000	0	0	0	0		0	
18	15700000	15750000	0	0	0	0		0	
18	15750000	15800000	0	0	0	0		0	
18	15800000	15850000	0	0	0	0		0	
18	15850000	15900000	0	0	0	0		0	
18	15900000	15950000	0	0	0	0		0	
18	15950000	16000000	0	0	0	0		0	
18	16000000	16050000	0	0	0	0		0	
18	16050000	16100000	0	0	0	0		0	
18	16100000	16150000	0	0	0	0		0	
18	16150000	16200000	0	0	0	0		0	
18	16200000	16250000	0	0	0	0		0	
18	16250000	16300000	0	0	0	0		0	
18	16300000	16350000	0	0	0	0		0	
18	16350000	16400000	0	0	0	0		0	
18	16400000	16450000	0	0	0	0		0	
18	16450000	16500000	0	0	0	0		0	
18	16500000	16550000	0	0	0	0		0	
18	16550000	16600000	0	0	0	0		0	
18	16600000	16650000	0	0	0	0		0	
18	16650000	16700000	0	0	0	0		0	
18	16700000	16750000	0	0	0	0		0	
18	16750000	16800000	0	0	0	0		0	
18	16800000	16850000	0	0	0	0		0	
18	16850000	16900000	0	0	0	0		0	
18	16900000	16950000	0	0	0	0		0	
18	16950000	17000000	0	0	0	0		0	
18	17000000	17050000	0	0	0	0		0	
18	17050000	17100000	0	0	0	0		0	
18	17100000	17150000	0	0	0	0		0	
18	17150000	17200000	0	0	0	0		0	
18	17200000	17250000	0	0	0	0		0	
18	17250000	17300000	0	0	0	0		0	
18	17300000	17350000	0	0	0	0		0	
18	17350000	17400000	0	0	0	0		0	
18	17400000	17450000	0	0	0	0		0	
18	17450000	17500000	0	0	0	0		0	
18	17500000	17550000	0	0	0	0		0	
18	17550000	17600000	0	0	0	0		0	
18	17600000	17650000	0	0	0	0		0	
18	17650000	17700000	0	0	0	0		0	
18	17700000	17750000	0	0	0	0		0	
18	17750000	17800000	0	0	0	0		0	
18	17800000	17850000	0	0	0	0		0	
18	17850000	17900000	0	0	0	0		0	
18	17900000	17950000	0	0	0	0		0	
18	17950000	18000000	0	0	0	0		0	
18	18000000	18050000	0	0	0	0		0	
18	18050000	18100000	0	0	0	0		0	
18	18100000	18150000	0	0	0	0		0	
18	18150000	18200000	0	0	0	0		0	
18	18200000	18250000	0	0	0	0		0	
18	18250000	18300000	0	0	0	0		0	
18	18300000	18350000	0	0	0	0		0	
18	18350000	18400000	0	0	0	0		0	
18	18400000	18450000	0	0	0	0		0	
18	18450000	18500000	0	0	0	0		0	
18	18500000	18550000	7068	23	21921	7161	0.0032541	0.43842	0.987013
18	18550000	18600000	24700	146	30646	24985	0.00591093	0.61292	0.988593
18	18600000	18650000	27302	154	27408	28597	0.00564061	0.54816	0.954716
18	18650000	18700000	22650	143	29326	24313	0.00631347	0.58652	0.9316
18	18700000	18750000	16591	105	37732	16954	0.00632873	0.75464	0.978589
18	18750000	18800000	22653	109	31871	22983	0.00481172	0.63742	0.985642
18	18800000	18850000	21604	82	25582	23546	0.00379559	0.51164	0.917523
18	18850000	18900000	28136	144	24384	28642	0.005118	0.48768	0.982334
18	18900000	18950000	25130	105	22055	25567	0.00417827	0.4411	0.982908
18	18950000	19000000	23485	102	28074	23854	0.0043432	0.56148	0.984531
18	19000000	19050000	24050	159	30360	24394	0.00661123	0.6072	0.985898
18	19050000	19100000	25844	113	19394	26101	0.00437239	0.38788	0.990154
18	19100000	19150000	21298	69	25275	21483	0.00323974	0.5055	0.991389
18	19150000	19200000	16469	60	31556	16922	0.00364321	0.63112	0.97323
18	19200000	19250000	18900	75	29383	19079	0.00396825	0.58766	0.990618
18	19250000	19300000	19660	100	29297	20390	0.00508647	0.58594	0.964198
18	19300000	19350000	20226	90	30573	20891	0.00444972	0.61146	0.968168
18	19350000	19400000	24713	84	29250	24933	0.00339902	0.585	0.991176
18	19400000	19450000	30098	88	15077	30275	0.00292378	0.30154	0.994154
18	19450000	19500000	20121	107	34416	20286	0.00531783	0.68832	0.991866
18	19500000	19550000	22496	168	31948	22709	0.00746799	0.63896	0.99062
18	19550000	19600000	23754	106	28964	24139	0.00446241	0.57928	0.984051
18	19600000	19650000	25346	132	25629	26198	0.00520792	0.51258	0.967478
18	19650000	19700000	24369	146	21691	24696	0.00599122	0.43382	0.986759
18	19700000	19750000	23862	137	25070	24075	0.00574135	0.5014	0.991153
18	19750000	19800000	29550	138	13852	29826	0.00467005	0.27704	0.990746
18	19800000	19850000	27441	164	20075	28306	0.00597646	0.4015	0.969441
18	19850000	19900000	29148	155	24455	31154	0.00531769	0.4891	0.93561
18	19900000	19950000	30832	206	20175	32591	0.00668137	0.4035	0.946028
18	19950000	20000000	28353	197	24167	28582	0.00694812	0.48334	0.991988
18	20000000	20050000	28940	186	25811	30184	0.00642709	0.51622	0.958786
18	20050000	20100000	26643	168	31078	26887	0.0063056	0.62156	0.990925
18	20100000	20150000	28326	127	18585	28582	0.00448351	0.3717	0.991043
18	20150000	20200000	27120	130	29223	27504	0.00479351	0.58446	0.986038
18	20200000	20250000	22465	139	36474	22940	0.0061874	0.72948	0.979294
18	20250000	20300000	31904	177	24980	32739	0.00554789	0.4996	0.974495
18	20300000	20350000	17784	84	37572	20162	0.00472335	0.75144	0.882055
18	20350000	20400000	24119	104	30895	24360	0.00431195	0.6179	0.990107
18	20400000	20450000	27996	99	32395	28180	0.00353622	0.6479	0.993471
18	20450000	20500000	25223	132	31147	25411	0.00523332	0.62294	0.992602
18	20500000	20550000	26881	149	24684	27182	0.00554295	0.49368	0.988926
18	20550000	20600000	23919	130	28081	24968	0.00543501	0.56162	0.957986
18	20600000	20650000	20002	112	30909	20929	0.00559944	0.61818	0.955707
18	20650000	20700000	19926	138	30777	21338	0.00692562	0.61554	0.933827
18	20700000	20750000	25510	170	23691	27012	0.00666405	0.47382	0.944395
18	20750000	20800000	30111	228	15815	30434	0.00757198	0.3163	0.989387
18	20800000	20850000	26927	188	16203	29390	0.00698184	0.32406	0.916196
18	20850000	20900000	24876	163	25327	25092	0.0065525	0.50654	0.991392
18	20900000	20950000	26105	114	24317	26436	0.00436698	0.48634	0.987479
18	20950000	21000000	23641	150	26578	24542	0.00634491	0.53156	0.963287
18	21000000	21050000	20308	103	28542	21160	0.00507189	0.57084	0.959735
18	21050000	21100000	20039	99	27681	20249	0.00494037	0.55362	0.989629
18	21100000	21150000	27145	170	20060	27472	0.00626266	0.4012	0.988097
18	21150000	21200000	22474	145	25545	22719	0.0064519	0.5109	0.989216
18	21200000	21250000	24217	136	25645	25235	0.00561589	0.5129	0.959659
18	21250000	21300000	25698	139	24696	26655	0.00540898	0.49392	0.964097
18	21300000	21350000	28612	104	21760	29154	0.00363484	0.4352	0.981409
18	21350000	21400000	29614	159	27716	29871	0.00536908	0.55432	0.991396
18	21400000	21450000	33858	187	15051	34175	0.00552307	0.30102	0.990724
18	21450000	21500000	29801	106	17101	30160	0.00355693	0.34202	0.988097
18	21500000	21550000	32439	151	16394	32669	0.00465489	0.32788	0.99296
18	21550000	21600000	26870	162	26627	27134	0.00602903	0.53254	0.990271
18	21600000	21650000	27234	216	22729	27462	0.00793126	0.45458	0.991698
18	21650000	21700000	24271	182	22994	25741	0.00749866	0.45988	0.942893
18	21700000	21750000	27836	169	18135	28080	0.00607127	0.3627	0.991311
18	21750000	21800000	27167	176	24548	27410	0.00647845	0.49096	0.991135
18	21800000	21850000	24702	130	27423	24910	0.00526273	0.54846	0.99165
18	21850000	21900000	22731	149	25245	22883	0.00655492	0.5049	0.993358
18	21900000	21950000	20592	120	32257	20766	0.00582751	0.64514	0.991621
18	21950000	22000000	21703	125	28041	22546	0.00575957	0.56082	0.96261
18	22000000	22050000	27821	133	22446	28016	0.00478056	0.44892	0.99304
18	22050000	22100000	26912	174	24045	27520	0.00646552	0.4809	0.977907
18	22100000	22150000	27019	176	20685	29966	0.00651393	0.4137	0.901655
18	22150000	22200000	30975	157	20158	31240	0.0050686	0.40316	0.991517
18	22200000	22250000	27254	171	27809	27451	0.00627431	0.55618	0.992824
18	22250000	22300000	28127	193	25557	28844	0.00686173	0.51114	0.975142
18	22300000	22350000	30030	159	24163	32184	0.00529471	0.48326	0.933072
18	22350000	22400000	32664	157	22259	33156	0.00480651	0.44518	0.985161
18	22400000	22450000	30516	137	19546	32439	0.00448945	0.39092	0.94072
18	22450000	22500000	30786	185	20726	31189	0.00600922	0.41452	0.987079
18	22500000	22550000	33335	142	14861	33600	0.00425979	0.29722	0.992113
18	22550000	22600000	34162	177	19089	34951	0.0051812	0.38178	0.977426
18	22600000	22650000	32044	182	17620	32307	0.00567969	0.3524	0.991859
18	22650000	22700000	34752	164	10283	34990	0.00471915	0.20566	0.993198
18	22700000	22750000	33613	197	12868	33880	0.00586083	0.25736	0.992119
18	22750000	22800000	33828	193	11473	34087	0.00570533	0.22946	0.992402
18	22800000	22850000	31896	163	12736	32121	0.00511036	0.25472	0.992995
18	22850000	22900000	31187	153	13799	31397	0.00490589	0.27598	0.993311
18	22900000	22950000	31316	153	12373	31692	0.00488568	0.24746	0.988136
18	22950000	23000000	26801	168	28038	27047	0.00626842	0.56076	0.990905
18	23000000	23050000	34706	230	19807	35009	0.0066271	0.39614	0.991345
18	23050000	23100000	29903	146	25142	30680	0.00488245	0.50284	0.974674
18	23100000	23150000	27210	167	26976	27463	0.00613745	0.53952	0.990788
18	23150000	23200000	30074	194	27696	30370	0.00645075	0.55392	0.990254
18	23200000	23250000	28819	153	28510	30623	0.005309	0.5702	0.94109
18	23250000	23300000	30801	174	22024	32328	0.00564917	0.44048	0.952765
18	23300000	23350000	26284	130	29874	26561	0.00494597	0.59748	0.989571
18	23350000	23400000	30651	190	23761	30910	0.00619882	0.47522	0.991621
18	23400000	23450000	33708	169	21647	34152	0.00501365	0.43294	0.986999
18	23450000	23500000	26370	151	29599	26606	0.0057262	0.59198	0.99113
18	23500000	23550000	27749	184	27204	28290	0.00663087	0.54408	0.980877
18	23550000	23600000	27013	127	21512	27196	0.00470144	0.43024	0.993271
18	23600000	23650000	30276	126	26565	30516	0.00416171	0.5313	0.992135
18	23650000	23700000	22796	86	35615	23202	0.00377259	0.7123	0.982502
18	23700000	23750000	22886	97	36084	23188	0.0042384	0.72168	0.986976
18	23750000	23800000	17784	94	35302	18132	0.00528565	0.70604	0.980807
18	23800000	23850000	14944	75	37090	15299	0.00501874	0.7418	0.976796
18	23850000	23900000	21852	87	29185	23071	0.00398133	0.5837	0.947163
18	23900000	23950000	28370	113	26579	28651	0.00398308	0.53158	0.990192
18	23950000	24000000	30357	123	24101	30716	0.00405178	0.48202	0.988312
18	24000000	24050000	28827	138	23122	29060	0.00478718	0.46244	0.991982
18	24050000	24100000	29313	139	17180	29511	0.00474192	0.3436	0.993291
18	24100000	24150000	32994	189	13669	33201	0.00572831	0.27338	0.993765
18	24150000	24200000	24154	150	25933	24615	0.00621015	0.51866	0.981272
18	24200000	24250000	29442	173	19988	29656	0.00587596	0.39976	0.992784
18	24250000	24300000	28537	148	19714	28747	0.00518625	0.39428	0.992695
18	24300000	24350000	30956	190	22265	31214	0.00613774	0.4453	0.991734
18	24350000	24400000	26773	195	23792	27062	0.00728346	0.47584	0.989321
18	24400000	24450000	28979	171	16218	29877	0.00590082	0.32436	0.969943
18	24450000	24500000	23976	154	25078	24277	0.00642309	0.50156	0.987601
18	24500000	24550000	21342	162	18901	21756	0.00759067	0.37802	0.980971
18	24550000	24600000	23988	142	21347	25674	0.00591963	0.42694	0.93433
18	24600000	24650000	32779	161	16720	33167	0.00491168	0.3344	0.988302
18	24650000	24700000	25820	193	23736	26028	0.00747483	0.47472	0.992009
18	24700000	24750000	27270	154	25925	28124	0.00564723	0.5185	0.969634
18	24750000	24800000	29484	158	18233	30715	0.00535884	0.36466	0.959922
18	24800000	24850000	26227	188	31340	26581	0.00716819	0.6268	0.986682
18	24850000	24900000	26378	167	27476	26658	0.00633103	0.54952	0.989497
18	24900000	24950000	31587	197	21988	31884	0.00623674	0.43976	0.990685
18	24950000	25000000	31962	195	18879	32253	0.00610099	0.37758	0.990978
18	25000000	25050000	31890	161	27173	32162	0.0050486	0.54346	0.991543
18	25050000	25100000	24121	128	30412	24319	0.00530658	0.60824	0.991858
18	25100000	25150000	29806	194	25652	30214	0.00650876	0.51304	0.986496
18	25150000	25200000	32001	190	20418	32276	0.00593731	0.40836	0.99148
18	25200000	25250000	35455	252	16952	35814	0.0071076	0.33904	0.989976
18	25250000	25300000	29909	183	22106	30172	0.00611856	0.44212	0.991283
18	25300000	25350000	26688	170	21951	27046	0.0063699	0.43902	0.986763
18	25350000	25400000	32509	205	19917	32779	0.00630595	0.39834	0.991763
18	25400000	25450000	25202	137	27011	25465	0.00543608	0.54022	0.989672
18	25450000	25500000	27392	181	29500	29486	0.00660777	0.59	0.928983
18	25500000	25550000	31942	162	16143	32244	0.00507169	0.32286	0.990634
18	25550000	25600000	31536	157	15114	31821	0.00497844	0.30228	0.991044
18	25600000	25650000	32029	181	15204	32312	0.00565113	0.30408	0.991242
18	25650000	25700000	32321	179	10413	32724	0.00553819	0.20826	0.987685
18	25700000	25750000	33613	163	16694	34280	0.00484931	0.33388	0.980543
18	25750000	25800000	26911	144	19075	27156	0.00535097	0.3815	0.990978
18	25800000	25850000	21169	132	30137	21335	0.00623553	0.60274	0.992219
18	25850000	25900000	20295	135	36500	20524	0.00665188	0.73	0.988842
18	25900000	25950000	32043	180	23411	32402	0.00561745	0.46822	0.98892
18	25950000	26000000	27868	203	30478	28173	0.00728434	0.60956	0.989174
18	26000000	26050000	24918	131	32681	25160	0.00525724	0.65362	0.990382
18	26050000	26100000	27486	184	32806	27808	0.00669432	0.65612	0.988421
18	26100000	26150000	30721	227	21949	31057	0.00738908	0.43898	0.989181
18	26150000	26200000	33051	210	27168	33438	0.00635382	0.54336	0.988426
18	26200000	26250000	26765	194	27631	27381	0.00724827	0.55262	0.977503
18	26250000	26300000	29265	140	21610	30366	0.00478387	0.4322	0.963742
18	26300000	26350000	31325	155	19630	31569	0.00494812	0.3926	0.992271
18	26350000	26400000	33631	184	17818	34053	0.00547114	0.35636	0.987608
18	26400000	26450000	27449	142	26873	27966	0.00517323	0.53746	0.981513
18	26450000	26500000	29378	182	29868	29612	0.00619511	0.59736	0.992098
18	26500000	26550000	28439	166	31680	28765	0.00583705	0.6336	0.988667
18	26550000	26600000	31142	168	22475	31419	0.00539464	0.4495	0.991184
18	26600000	26650000	28187	114	23782	28497	0.00404442	0.47564	0.989122
18	26650000	26700000	32412	119	20715	32867	0.00367148	0.4143	0.986156
18	26700000	26750000	29731	158	20623	29980	0.00531432	0.41246	0.991694
18	26750000	26800000	29862	188	29884	30420	0.00629563	0.59768	0.981657
18	26800000	26850000	28336	178	27438	28653	0.00628176	0.54876	0.988937
18	26850000	26900000	29262	132	29093	29560	0.00451097	0.58186	0.989919
18	26900000	26950000	26957	157	30582	27716	0.00582409	0.61164	0.972615
18	26950000	27000000	29120	179	24820	29373	0.00614698	0.4964	0.991387
18	27000000	27050000	27337	170	24397	30418	0.00621868	0.48794	0.898711
18	27050000	27100000	28328	190	25939	28651	0.00670714	0.51878	0.988726
18	27100000	27150000	29398	199	27017	29721	0.00676917	0.54034	0.989132
18	27150000	27200000	23704	175	32755	24184	0.00738272	0.6551	0.980152
18	27200000	27250000	20853	161	33374	29416	0.00772071	0.66748	0.7089
18	27250000	27300000	10448	93	29821	26061	0.00890123	0.59642	0.400906
18	27300000	27350000	26992	235	29673	27269	0.00870628	0.59346	0.989842
18	27350000	27400000	29073	248	29056	30219	0.00853025	0.58112	0.962077
18	27400000	27450000	30337	222	24568	30699	0.0073178	0.49136	0.988208
18	27450000	27500000	24048	178	33373	24485	0.00740186	0.66746	0.982152
18	27500000	27550000	26859	154	24128	28111	0.00573365	0.48256	0.955462
18	27550000	27600000	31632	162	19829	31967	0.0051214	0.39658	0.98952
18	27600000	27650000	25255	134	26113	25455	0.00530588	0.52226	0.992143
18	27650000	27700000	28227	190	27486	28491	0.00673114	0.54972	0.990734
18	27700000	27750000	27734	182	26737	27984	0.00656234	0.53474	0.991066
18	27750000	27800000	25701	125	29863	25942	0.00486362	0.59726	0.99071
18	27800000	27850000	28877	195	22730	29694	0.00675278	0.4546	0.972486
18	27850000	27900000	30854	241	13933	31192	0.00781098	0.27866	0.989164
18	27900000	27950000	30169	211	22168	30845	0.00699393	0.44336	0.978084
18	27950000	28000000	30236	230	27346	30581	0.00760683	0.54692	0.988718
18	28000000	28050000	29531	246	26695	30026	0.00833023	0.5339	0.983514
18	28050000	28100000	32434	241	25115	32870	0.00743047	0.5023	0.986736
18	28100000	28150000	30956	235	28709	31840	0.00759142	0.57418	0.972236
18	28150000	28200000	30797	208	22747	31334	0.0067539	0.45494	0.982862
18	28200000	28250000	23872	203	35778	24609	0.00850369	0.71556	0.970052
18	28250000	28300000	31558	229	21190	31914	0.00725648	0.4238	0.988845
18	28300000	28350000	25953	215	27845	26346	0.00828421	0.5569	0.985083
18	28350000	28400000	26526	196	27092	27074	0.00738898	0.54184	0.979759
18	28400000	28450000	24437	162	29771	24654	0.00662929	0.59542	0.991198
18	28450000	28500000	30576	220	21855	30871	0.00719519	0.4371	0.990444
18	28500000	28550000	32280	199	24880	32550	0.00616481	0.4976	0.991705
18	28550000	28600000	32122	204	18634	32503	0.00635079	0.37268	0.988278
18	28600000	28650000	34037	240	18901	34419	0.00705115	0.37802	0.988901
18	28650000	28700000	28420	184	19662	32177	0.00647431	0.39324	0.88324
18	28700000	28750000	30692	187	14893	31059	0.00609279	0.29786	0.988184
18	28750000	28800000	28651	200	24359	28954	0.00698056	0.48718	0.989535
18	28800000	28850000	27770	206	23374	28025	0.00741808	0.46748	0.990901
18	28850000	28900000	25371	215	24454	25856	0.00847424	0.48908	0.981242
18	28900000	28950000	26531	160	17856	28019	0.00603068	0.35712	0.946893
18	28950000	29000000	29121	167	13875	33286	0.00573469	0.2775	0.874872
18	29000000	29050000	28775	192	16272	30945	0.00667246	0.32544	0.929876
18	29050000	29100000	29291	176	19287	29495	0.00600867	0.38574	0.993084
18	29100000	29150000	29925	159	22884	30176	0.00531328	0.45768	0.991682
18	29150000	29200000	30655	215	22414	30992	0.00701354	0.44828	0.989126
18	29200000	29250000	31419	204	14187	31698	0.00649289	0.28374	0.991198
18	29250000	29300000	13311	76	20011	28243	0.00570956	0.40022	0.471303
18	29300000	29350000	21752	138	26059	21903	0.00634424	0.52118	0.993106
18	29350000	29400000	21288	133	31476	21706	0.00624765	0.62952	0.980743
18	29400000	29450000	26563	94	23252	27133	0.00353876	0.46504	0.978992
18	29450000	29500000	23841	104	24460	24037	0.00436223	0.4892	0.991846
18	29500000	29550000	12685	82	33275	14377	0.00646433	0.6655	0.882312
18	29550000	29600000	17461	93	33821	17993	0.00532616	0.67642	0.970433
18	29600000	29650000	19957	87	29135	20433	0.00435937	0.5827	0.976704
18	29650000	29700000	20768	98	27680	21029	0.0047188	0.5536	0.987589
18	29700000	29750000	19332	72	31689	21458	0.00372439	0.63378	0.900923
18	29750000	29800000	28737	171	20954	29038	0.00595052	0.41908	0.989634
18	29800000	29850000	20111	114	25511	25086	0.00566854	0.51022	0.801682
18	29850000	29900000	26714	139	21834	29918	0.00520326	0.43668	0.892907
18	29900000	29950000	33180	134	13624	33542	0.00403858	0.27248	0.989208
18	29950000	30000000	25152	106	20988	25336	0.00421438	0.41976	0.992738
18	30000000	30050000	32625	157	19137	32872	0.00481226	0.38274	0.992486
18	30050000	30100000	24723	97	27464	24953	0.00392347	0.54928	0.990783
18	30100000	30150000	28265	161	24742	29084	0.00569609	0.49484	0.97184
18	30150000	30200000	25702	181	30110	26331	0.00704225	0.6022	0.976112
18	30200000	30250000	25333	166	31448	25539	0.00655272	0.62896	0.991934
18	30250000	30300000	35488	189	15753	35792	0.00532574	0.31506	0.991506
18	30300000	30350000	32302	158	16671	32803	0.00489134	0.33342	0.984727
18	30350000	30400000	30770	134	23134	31120	0.00435489	0.46268	0.988753
18	30400000	30450000	27698	137	22779	28145	0.00494621	0.45558	0.984118
18	30450000	30500000	33271	145	15095	33585	0.00435815	0.3019	0.990651
18	30500000	30550000	30897	157	21050	31647	0.0050814	0.421	0.976301
18	30550000	30600000	28173	132	27790	28448	0.00468534	0.5558	0.990333
18	30600000	30650000	29529	183	29024	29947	0.0061973	0.58048	0.986042
18	30650000	30700000	29016	173	22307	29752	0.00596223	0.44614	0.975262
18	30700000	30750000	30138	157	21716	30366	0.00520937	0.43432	0.992492
18	30750000	30800000	30922	136	19988	31742	0.00439816	0.39976	0.974167
18	30800000	30850000	32028	130	26335	32283	0.00405895	0.5267	0.992101
18	30850000	30900000	22964	95	40350	23139	0.00413691	0.807	0.992437
18	30900000	30950000	27457	128	33751	27667	0.00466183	0.67502	0.99241
18	30950000	31000000	20760	121	34424	24115	0.00582852	0.68848	0.860875
18	31000000	31050000	32717	191	24019	33050	0.00583794	0.48038	0.989924
18	31050000	31100000	30519	232	30404	30853	0.00760182	0.60808	0.989174
18	31100000	31150000	23558	181	36548	23900	0.00768316	0.73096	0.98569
18	31150000	31200000	33776	165	13745	34517	0.00488513	0.2749	0.978532
18	31200000	31250000	35563	165	10240	35798	0.00463965	0.2048	0.993435
18	31250000	31300000	33234	146	21255	33494	0.00439309	0.4251	0.992237
18	31300000	31350000	32859	161	15322	33502	0.00489972	0.30644	0.980807
18	31350000	31400000	24686	126	34578	24970	0.00510411	0.69156	0.988626
18	31400000	31450000	29237	162	22428	29475	0.00554092	0.44856	0.991925
18	31450000	31500000	27093	136	26708	27297	0.00501975	0.53416	0.992527
18	31500000	31550000	30700	172	20233	31144	0.00560261	0.40466	0.985744
18	31550000	31600000	30304	197	28320	31372	0.00650079	0.5664	0.965957
18	31600000	31650000	31823	166	21011	32278	0.00521635	0.42022	0.985904
18	31650000	31700000	31542	180	21997	31967	0.00570668	0.43994	0.986705
18	31700000	31750000	25645	157	28908	26365	0.00612205	0.57816	0.972691
18	31750000	31800000	30516	137	28858	31049	0.00448945	0.57716	0.982834
18	31800000	31850000	22626	117	35624	24721	0.00517104	0.71248	0.915254
18	31850000	31900000	29858	175	28633	30146	0.00586108	0.57266	0.990446
18	31900000	31950000	28755	174	29399	29095	0.00605112	0.58798	0.988314
18	31950000	32000000	30623	229	24141	30951	0.00747804	0.48282	0.989403
18	32000000	32050000	24146	122	35450	24379	0.0050526	0.709	0.990443
18	32050000	32100000	29946	177	26623	30199	0.00591064	0.53246	0.991622
18	32100000	32150000	29764	135	18915	29983	0.00453568	0.3783	0.992696
18	32150000	32200000	29173	197	25512	29418	0.00675282	0.51024	0.991672
18	32200000	32250000	28677	193	21505	28931	0.00673013	0.4301	0.99122
18	32250000	32300000	25986	144	22228	27960	0.00554145	0.44456	0.929399
18	32300000	32350000	28918	193	20198	29454	0.00667404	0.40396	0.981802
18	32350000	32400000	33098	149	14765	33298	0.00450178	0.2953	0.993994
18	32400000	32450000	32639	149	11019	32901	0.00456509	0.22038	0.992037
18	32450000	32500000	26792	141	20492	27000	0.00526277	0.40984	0.992296
18	32500000	32550000	31270	160	24834	31844	0.00511673	0.49668	0.981975
18	32550000	32600000	28866	176	20533	29121	0.00609714	0.41066	0.991243
18	32600000	32650000	30972	164	15366	31204	0.00529511	0.30732	0.992565
18	32650000	32700000	30094	120	21143	30336	0.00398751	0.42286	0.992023
18	32700000	32750000	29419	164	17405	29681	0.00557463	0.3481	0.991173
18	32750000	32800000	23710	102	29623	24109	0.00430198	0.59246	0.98345
18	32800000	32850000	23619	98	24526	25039	0.0041492	0.49052	0.943288
18	32850000	32900000	25221	86	39585	25423	0.00340986	0.7917	0.992054
18	32900000	32950000	23835	99	31191	24124	0.00415356	0.62382	0.98802
18	32950000	33000000	24882	126	30392	27558	0.0050639	0.60784	0.902896
18	33000000	33050000	28310	174	28330	28900	0.00614624	0.5666	0.979585
18	33050000	33100000	29452	121	23406	30179	0.00410838	0.46812	0.97591
18	33100000	33150000	26081	162	37702	26499	0.00621142	0.75404	0.984226
18	33150000	33200000	27425	174	26462	29662	0.00634458	0.52924	0.924584
18	33200000	33250000	26300	122	32062	26726	0.00463878	0.64124	0.98406
18	33250000	33300000	30758	123	21964	31477	0.00399896	0.43928	0.977158
18	33300000	33350000	17672	97	44143	18032	0.00548891	0.88286	0.980035
18	33350000	33400000	25326	191	31316	26169	0.00754166	0.62632	0.967786
18	33400000	33450000	14134	98	40708	15881	0.00693364	0.81416	0.889994
18	33450000	33500000	23499	174	34890	24981	0.00740457	0.6978	0.940675
18	33500000	33550000	25724	134	34237	26810	0.00520914	0.68474	0.959493
18	33550000	33600000	25839	100	24613	26224	0.00387012	0.49226	0.985319
18	33600000	33650000	24330	236	28848	24529	0.00969996	0.57696	0.991887
18	33650000	33700000	19781	139	37421	20017	0.00702695	0.74842	0.98821
18	33700000	33750000	26953	115	20813	27164	0.00426669	0.41626	0.992232
18	33750000	33800000	27764	135	21510	28608	0.00486241	0.4302	0.970498
18	33800000	33850000	16986	158	35919	18150	0.00930178	0.71838	0.935868
18	33850000	33900000	27357	146	23405	29458	0.00533684	0.4681	0.928678
18	33900000	33950000	32516	157	22771	32810	0.00482839	0.45542	0.991039
18	33950000	34000000	33246	185	11535	33607	0.00556458	0.2307	0.989258
18	34000000	34050000	31603	186	17945	33140	0.00588552	0.3589	0.953621
18	34050000	34100000	31072	153	15248	31498	0.00492405	0.30496	0.986475
18	34100000	34150000	31505	209	22487	31803	0.00663387	0.44974	0.99063
18	34150000	34200000	31555	176	21690	31898	0.00557756	0.4338	0.989247
18	34200000	34250000	32955	188	18003	33429	0.00570475	0.36006	0.985821
18	34250000	34300000	32412	161	19435	35184	0.0049673	0.3887	0.921214
18	34300000	34350000	30266	152	17242	31044	0.00502214	0.34484	0.974939
18	34350000	34400000	31783	158	14683	32042	0.00497121	0.29366	0.991917
18	34400000	34450000	27070	115	34682	27438	0.00424825	0.69364	0.986588
18	34450000	34500000	25517	92	28765	25672	0.00360544	0.5753	0.993962
18	34500000	34550000	24592	123	29978	24773	0.00500163	0.59956	0.992694
18	34550000	34600000	22990	98	36839	23413	0.00426272	0.73678	0.981933
18	34600000	34650000	23622	96	32361	23786	0.00406401	0.64722	0.993105
18	34650000	34700000	16329	59	41326	16450	0.0036132	0.82652	0.992644
18	34700000	34750000	27271	103	32321	27501	0.00377691	0.64642	0.991637
18	34750000	34800000	24509	96	27219	24671	0.00391693	0.54438	0.993434
18	34800000	34850000	32480	114	12378	33098	0.00350985	0.24756	0.981328
18	34850000	34900000	34247	154	11098	35009	0.00449674	0.22196	0.978234
18	34900000	34950000	32310	188	11812	32950	0.00581863	0.23624	0.980577
18	34950000	35000000	32797	134	10745	34672	0.00408574	0.2149	0.945922
18	35000000	35050000	36514	150	7405	37353	0.00410801	0.1481	0.977539
18	35050000	35100000	36522	168	10285	36934	0.00459997	0.2057	0.988845
18	35100000	35150000	34953	176	7916	36534	0.00503533	0.15832	0.956725
18	35150000	35200000	35663	168	14740	36286	0.00471076	0.2948	0.982831
18	35200000	35250000	32978	218	18104	33685	0.00661047	0.36208	0.979011
18	35250000	35300000	34605	197	17844	34844	0.00569282	0.35688	0.993141
18	35300000	35350000	33601	173	17750	34341	0.00514866	0.355	0.978451
18	35350000	35400000	25170	159	29025	26746	0.00631704	0.5805	0.941075
18	35400000	35450000	20942	142	32785	21216	0.00678063	0.6557	0.987085
18	35450000	35500000	31009	172	18413	31338	0.00554678	0.36826	0.989502
18	35500000	35550000	30401	136	23700	30657	0.00447354	0.474	0.99165
18	35550000	35600000	32161	174	20907	32411	0.00541028	0.41814	0.992287
18	35600000	35650000	32004	153	16293	32228	0.00478065	0.32586	0.99305
18	35650000	35700000	33867	194	18594	34819	0.00572829	0.37188	0.972659
18	35700000	35750000	30112	161	29330	30390	0.00534671	0.5866	0.990852
18	35750000	35800000	31187	145	29661	31451	0.00464937	0.59322	0.991606
18	35800000	35850000	31161	199	25733	31499	0.00638619	0.51466	0.98927
18	35850000	35900000	30786	180	24036	31084	0.00584681	0.48072	0.990413
18	35900000	35950000	32256	159	27963	32575	0.00492932	0.55926	0.990207
18	35950000	36000000	29572	227	27708	30041	0.00767618	0.55416	0.984388
18	36000000	36050000	36144	280	10948	36609	0.00774679	0.21896	0.987298
18	36050000	36100000	33037	218	17815	33377	0.00659866	0.3563	0.989813
18	36100000	36150000	32913	204	24799	33648	0.00619816	0.49598	0.978156
18	36150000	36200000	34117	204	12410	34681	0.00597942	0.2482	0.983737
18	36200000	36250000	34757	177	15694	35196	0.0050925	0.31388	0.987527
18	36250000	36300000	28651	149	22735	29383	0.00520052	0.4547	0.975088
18	36300000	36350000	31449	163	18902	31756	0.00518299	0.37804	0.990333
18	36350000	36400000	31651	164	26085	32402	0.00518151	0.5217	0.976822
18	36400000	36450000	31314	174	27126	31620	0.00555662	0.54252	0.990323
18	36450000	36500000	32140	181	18722	32393	0.00563161	0.37444	0.99219
18	36500000	36550000	30534	180	19726	30805	0.00589507	0.39452	0.991203
18	36550000	36600000	29407	169	24313	29676	0.00574693	0.48626	0.990935
18	36600000	36650000	34119	213	13697	34419	0.00624286	0.27394	0.991284
18	36650000	36700000	31807	211	22351	32511	0.00663376	0.44702	0.978346
18	36700000	36750000	24550	189	34469	24788	0.00769857	0.68938	0.990399
18	36750000	36800000	32689	178	17289	32975	0.00544526	0.34578	0.991327
18	36800000	36850000	25669	176	33840	25898	0.00685652	0.6768	0.991158
18	36850000	36900000	32241	159	15744	32568	0.00493161	0.31488	0.989959
18	36900000	36950000	31143	185	14834	31433	0.00594034	0.29668	0.990774
18	36950000	37000000	25353	154	28160	25755	0.00607423	0.5632	0.984391
18	37000000	37050000	24500	97	27638	26058	0.00395918	0.55276	0.94021
18	37050000	37100000	33045	144	15140	33443	0.00435769	0.3028	0.988099
18	37100000	37150000	29279	130	22736	29542	0.00444004	0.45472	0.991097
18	37150000	37200000	30260	116	15533	31901	0.00383344	0.31066	0.94856
18	37200000	37250000	32936	119	20317	33223	0.00361307	0.40634	0.991361
18	37250000	37300000	31232	111	23011	31823	0.00355405	0.46022	0.981429
18	37300000	37350000	30505	127	25132	30768	0.00416325	0.50264	0.991452
18	37350000	37400000	25969	136	20114	27423	0.00523701	0.40228	0.946979
18	37400000	37450000	32935	181	14462	33273	0.00549567	0.28924	0.989842
18	37450000	37500000	33880	158	19550	34261	0.00466352	0.391	0.988879
18	37500000	37550000	25321	137	28305	25539	0.00541053	0.5661	0.991464
18	37550000	37600000	30330	128	19810	30627	0.00422024	0.3962	0.990303
18	37600000	37650000	32481	182	14430	32895	0.00560328	0.2886	0.987415
18	37650000	37700000	29484	152	18414	29850	0.00515534	0.36828	0.987739
18	37700000	37750000	30955	208	22248	32132	0.00671943	0.44496	0.96337
18	37750000	37800000	27462	185	27050	27756	0.00673658	0.541	0.989408
18	37800000	37850000	30679	218	26689	31011	0.00710584	0.53378	0.989294
18	37850000	37900000	31775	187	25000	32113	0.00588513	0.5	0.989475
18	37900000	37950000	31140	203	24558	31417	0.00651895	0.49116	0.991183
18	37950000	38000000	33063	204	15505	33576	0.00617004	0.3101	0.984721
18	38000000	38050000	33579	203	15159	33909	0.00604545	0.30318	0.990268
18	38050000	38100000	31608	167	17467	31900	0.00528347	0.34934	0.990846
18	38100000	38150000	33036	243	18283	33353	0.00735561	0.36566	0.990496
18	38150000	38200000	31495	154	16366	31865	0.00488967	0.32732	0.988389
18	38200000	38250000	30877	210	15264	32060	0.00680118	0.30528	0.9631
18	38250000	38300000	31055	223	25085	31760	0.00718081	0.5017	0.977802
18	38300000	38350000	30379	237	24456	30829	0.00780144	0.48912	0.985403
18	38350000	38400000	29839	168	17795	30341	0.00563022	0.3559	0.983455
18	38400000	38450000	24555	114	25533	27231	0.00464264	0.51066	0.90173
18	38450000	38500000	30279	166	21107	30639	0.00548235	0.42214	0.98825
18	38500000	38550000	29041	143	22221	29608	0.00492407	0.44442	0.98085
18	38550000	38600000	26254	121	35699	29396	0.00460882	0.71398	0.893115
18	38600000	38650000	34579	215	14885	34970	0.00621765	0.2977	0.988819
18	38650000	38700000	28978	198	21412	29265	0.00683277	0.42824	0.990193
18	38700000	38750000	35466	211	18413	35936	0.00594936	0.36826	0.986921
18	38750000	38800000	32922	211	26153	33273	0.00640909	0.52306	0.989451
18	38800000	38850000	31430	156	25381	31762	0.00496341	0.50762	0.989547
18	38850000	38900000	27007	219	30644	27324	0.00810901	0.61288	0.988398
18	38900000	38950000	26755	162	17922	26977	0.00605494	0.35844	0.991771
18	38950000	39000000	32043	194	15198	32353	0.00605436	0.30396	0.990418
18	39000000	39050000	29973	205	23838	30441	0.00683949	0.47676	0.984626
18	39050000	39100000	33658	159	22182	33973	0.00472399	0.44364	0.990728
18	39100000	39150000	34212	186	15624	34754	0.00543669	0.31248	0.984405
18	39150000	39200000	31996	128	17504	32334	0.0040005	0.35008	0.989547
18	39200000	39250000	31278	128	20218	31537	0.00409233	0.40436	0.991787
18	39250000	39300000	35389	170	16067	35926	0.00480375	0.32134	0.985053
18	39300000	39350000	33960	202	15299	34217	0.00594817	0.30598	0.992489
18	39350000	39400000	28898	171	20217	29163	0.00591736	0.40434	0.990913
18	39400000	39450000	32147	162	16502	32380	0.00503935	0.33004	0.992804
18	39450000	39500000	33150	194	21022	33586	0.00585219	0.42044	0.987018
18	39500000	39550000	31278	162	18685	31568	0.00517936	0.3737	0.990813
18	39550000	39600000	32893	156	17262	33160	0.00474265	0.34524	0.991948
18	39600000	39650000	31720	165	17759	31959	0.00520177	0.35518	0.992522
18	39650000	39700000	29025	139	23876	29298	0.00478898	0.47752	0.990682
18	39700000	39750000	25442	173	29945	25658	0.00679978	0.5989	0.991582
18	39750000	39800000	28430	164	24399	28967	0.00576855	0.48798	0.981462
18	39800000	39850000	26915	204	28107	27328	0.00757942	0.56214	0.984887
18	39850000	39900000	32547	212	16245	32923	0.00651366	0.3249	0.988579
18	39900000	39950000	29501	207	23529	29760	0.00701671	0.47058	0.991297
18	39950000	40000000	28115	191	26457	28345	0.00679353	0.52914	0.991886
18	40000000	40050000	22857	114	28725	23447	0.00498753	0.5745	0.974837
18	40050000	40100000	30945	163	20981	31424	0.00526741	0.41962	0.984757
18	40100000	40150000	27476	205	24069	27760	0.00746106	0.48138	0.989769
18	40150000	40200000	29502	229	25184	29753	0.00776219	0.50368	0.991564
18	40200000	40250000	28018	136	25202	28259	0.00485402	0.50404	0.991472
18	40250000	40300000	30023	198	24292	30368	0.00659494	0.48584	0.988639
18	40300000	40350000	24793	138	26776	25263	0.00556609	0.53552	0.981396
18	40350000	40400000	32303	166	19240	32542	0.00513884	0.3848	0.992656
18	40400000	40450000	32739	248	21246	33099	0.00757506	0.42492	0.989124
18	40450000	40500000	31500	240	23515	32487	0.00761905	0.4703	0.969619
18	40500000	40550000	32146	237	15768	32481	0.00737261	0.31536	0.989686
18	40550000	40600000	30047	194	27685	30307	0.00645655	0.5537	0.991421
18	40600000	40650000	31528	167	21971	31808	0.00529688	0.43942	0.991197
18	40650000	40700000	30670	212	18702	31188	0.00691229	0.37404	0.983391
18	40700000	40750000	30167	198	20759	30503	0.00656346	0.41518	0.988985
18	40750000	40800000	31087	212	22266	31926	0.00681957	0.44532	0.97372
18	40800000	40850000	24747	179	25835	25024	0.0072332	0.5167	0.988931
18	40850000	40900000	28526	187	22369	28777	0.00655542	0.44738	0.991278
18	40900000	40950000	28785	237	25654	29107	0.00823345	0.51308	0.988937
18	40950000	41000000	27575	213	26874	28480	0.00772439	0.53748	0.968223
18	41000000	41050000	29031	184	24362	29607	0.00633805	0.48724	0.980545
18	41050000	41100000	24963	203	33106	25262	0.00813204	0.66212	0.988164
18	41100000	41150000	27763	221	24127	28063	0.00796023	0.48254	0.98931
18	41150000	41200000	28447	180	30375	28826	0.00632756	0.6075	0.986852
18	41200000	41250000	28594	191	27395	28936	0.00667972	0.5479	0.988181
18	41250000	41300000	25503	208	36035	26214	0.0081559	0.7207	0.972877
18	41300000	41350000	24337	184	32763	24820	0.0075605	0.65526	0.98054
18	41350000	41400000	31000	250	26230	31298	0.00806452	0.5246	0.990479
18	41400000	41450000	28643	190	25246	28925	0.00663338	0.50492	0.990251
18	41450000	41500000	29650	194	26514	30010	0.006543	0.53028	0.988004
18	41500000	41550000	31732	183	22804	32079	0.00576705	0.45608	0.989183
18	41550000	41600000	24200	193	33504	24459	0.00797521	0.67008	0.989411
18	41600000	41650000	27944	224	22807	28972	0.00801603	0.45614	0.964517
18	41650000	41700000	27171	232	37720	27489	0.00853852	0.7544	0.988432
18	41700000	41750000	28770	161	22691	29147	0.00559611	0.45382	0.987066
18	41750000	41800000	30436	211	25757	31239	0.00693258	0.51514	0.974295
18	41800000	41850000	26939	198	25388	27222	0.00734994	0.50776	0.989604
18	41850000	41900000	23542	124	30227	24361	0.00526718	0.60454	0.966381
18	41900000	41950000	12436	104	41232	12622	0.00836282	0.82464	0.985264
18	41950000	42000000	22254	116	32116	23028	0.00521255	0.64232	0.966389
18	42000000	42050000	25192	144	29211	25450	0.0057161	0.58422	0.989862
18	42050000	42100000	30597	188	20804	30864	0.00614439	0.41608	0.991349
18	42100000	42150000	32905	190	19198	33597	0.0057742	0.38396	0.979403
18	42150000	42200000	30406	180	21016	31026	0.00591988	0.42032	0.980017
18	42200000	42250000	34446	215	21522	34698	0.00624165	0.43044	0.992737
18	42250000	42300000	32318	148	13164	32639	0.00457949	0.26328	0.990165
18	42300000	42350000	35079	144	11672	35657	0.00410502	0.23344	0.98379
18	42350000	42400000	35274	203	10430	35759	0.00575495	0.2086	0.986437
18	42400000	42450000	35992	155	10488	37402	0.00430651	0.20976	0.962301
18	42450000	42500000	33963	151	12843	34969	0.00444601	0.25686	0.971232
18	42500000	42550000	30386	135	17240	31246	0.00444284	0.3448	0.972476
18	42550000	42600000	32936	180	20513	33257	0.00546514	0.41026	0.990348
18	42600000	42650000	32809	165	15956	33148	0.00502911	0.31912	0.989773
18	42650000	42700000	32903	204	23573	33205	0.00620004	0.47146	0.990905
18	42700000	42750000	31419	186	20836	31795	0.00591998	0.41672	0.988174
18	42750000	42800000	34357	233	18365	34620	0.00678173	0.3673	0.992403
18	42800000	42850000	30742	168	18561	31020	0.00546484	0.37122	0.991038
18	42850000	42900000	34253	212	14492	34568	0.00618924	0.28984	0.990888
18	42900000	42950000	32885	206	13873	33159	0.00626425	0.27746	0.991737
18	42950000	43000000	31030	200	22426	31771	0.00644538	0.44852	0.976677
18	43000000	43050000	35452	239	12916	35752	0.00674151	0.25832	0.991609
18	43050000	43100000	31055	170	21088	31309	0.00547416	0.42176	0.991887
18	43100000	43150000	31923	151	18666	32211	0.00473013	0.37332	0.991059
18	43150000	43200000	33536	199	18889	33871	0.00593392	0.37778	0.99011
18	43200000	43250000	33475	236	17471	34053	0.00705004	0.34942	0.983026
18	43250000	43300000	24001	157	24805	24966	0.00654139	0.4961	0.961347
18	43300000	43350000	30353	187	17898	31241	0.00616084	0.35796	0.971576
18	43350000	43400000	19431	90	35042	19875	0.00463177	0.70084	0.97766
18	43400000	43450000	31904	194	18274	32361	0.00608074	0.36548	0.985878
18	43450000	43500000	28846	151	18054	29634	0.00523469	0.36108	0.973409
18	43500000	43550000	27521	177	21547	27827	0.00643145	0.43094	0.989003
18	43550000	43600000	24700	154	27947	24967	0.00623482	0.55894	0.989306
18	43600000	43650000	22717	103	27248	23034	0.00453405	0.54496	0.986238
18	43650000	43700000	17727	100	29914	17951	0.00564111	0.59828	0.987522
18	43700000	43750000	19386	77	32453	20273	0.00397194	0.64906	0.956247
18	43750000	43800000	6975	32	26336	20134	0.00458781	0.52672	0.346429
18	43800000	43850000	27574	129	14668	28374	0.00467832	0.29336	0.971805
18	43850000	43900000	32891	228	25174	33414	0.00693199	0.50348	0.984348
18	43900000	43950000	34173	215	15153	34495	0.00629152	0.30306	0.990665
18	43950000	44000000	28939	210	17777	35001	0.00725664	0.35554	0.826805
18	44000000	44050000	31720	184	23028	32102	0.00580076	0.46056	0.9881
18	44050000	44100000	34490	166	19620	34870	0.00481299	0.3924	0.989102
18	44100000	44150000	33380	142	19428	34154	0.00425404	0.38856	0.977338
18	44150000	44200000	32936	136	25241	33343	0.00412922	0.50482	0.987794
18	44200000	44250000	33555	176	19921	34251	0.00524512	0.39842	0.979679
18	44250000	44300000	32520	189	21335	32769	0.00581181	0.4267	0.992401
18	44300000	44350000	26082	153	25304	27391	0.00586611	0.50608	0.952211
18	44350000	44400000	24488	123	28233	26096	0.00502287	0.56466	0.938381
18	44400000	44450000	29547	119	21388	29701	0.00402748	0.42776	0.994815
18	44450000	44500000	22072	118	33371	22402	0.00534614	0.66742	0.985269
18	44500000	44550000	13131	72	34701	14317	0.00548321	0.69402	0.917161
18	44550000	44600000	24550	135	18227	24959	0.00549898	0.36454	0.983613
18	44600000	44650000	31269	135	22037	31507	0.00431738	0.44074	0.992446
18	44650000	44700000	26453	78	28210	26724	0.00294863	0.5642	0.989859
18	44700000	44750000	27949	132	23639	28134	0.00472289	0.47278	0.993424
18	44750000	44800000	32053	151	10825	32532	0.00471095	0.2165	0.985276
18	44800000	44850000	33808	206	22075	34105	0.00609323	0.4415	0.991292
18	44850000	44900000	23096	149	29210	23577	0.00645133	0.5842	0.979599
18	44900000	44950000	32320	218	17507	32645	0.00674505	0.35014	0.990044
18	44950000	45000000	32993	233	20588	33387	0.0070621	0.41176	0.988199
18	45000000	45050000	34029	184	19837	34302	0.00540715	0.39674	0.992041
18	45050000	45100000	32303	158	22383	32979	0.00489119	0.44766	0.979502
18	45100000	45150000	31656	187	18600	35741	0.00590725	0.372	0.885705
18	45150000	45200000	24423	122	27211	24882	0.00499529	0.54422	0.981553
18	45200000	45250000	30726	120	20163	33665	0.00390549	0.40326	0.912699
18	45250000	45300000	25426	123	27434	29663	0.00483757	0.54868	0.857162
18	45300000	45350000	28268	165	31039	30424	0.00583699	0.62078	0.929135
18	45350000	45400000	29103	115	18290	29362	0.00395148	0.3658	0.991179
18	45400000	45450000	30672	116	28763	30913	0.00378195	0.57526	0.992204
18	45450000	45500000	27923	116	24883	28335	0.00415428	0.49766	0.98546
18	45500000	45550000	30557	164	23942	30817	0.00536702	0.47884	0.991563
18	45550000	45600000	32759	182	15635	34278	0.00555573	0.3127	0.955686
18	45600000	45650000	32209	206	17875	32426	0.00639573	0.3575	0.993308
18	45650000	45700000	32901	174	16021	33333	0.00528859	0.32042	0.98704
18	45700000	45750000	28544	189	23296	31532	0.00662136	0.46592	0.905239
18	45750000	45800000	25109	156	33677	25739	0.00621291	0.67354	0.975524
18	45800000	45850000	30314	204	21718	30850	0.00672956	0.43436	0.982626
18	45850000	45900000	34415	181	19021	34642	0.00525933	0.38042	0.993447
18	45900000	45950000	29286	127	19479	31267	0.00433654	0.38958	0.936642
18	45950000	46000000	29640	159	28722	29919	0.00536437	0.57444	0.990675
18	46000000	46050000	24747	201	34770	25027	0.0081222	0.6954	0.988812
18	46050000	46100000	30740	156	19905	31023	0.00507482	0.3981	0.990878
18	46100000	46150000	28664	181	17989	33781	0.00631454	0.35978	0.848524
18	46150000	46200000	26235	209	22021	28438	0.00796646	0.44042	0.922533
18	46200000	46250000	33982	214	16002	34328	0.00629745	0.32004	0.989921
18	46250000	46300000	35368	183	14981	35855	0.00517417	0.29962	0.986418
18	46300000	46350000	33681	187	18041	35223	0.00555209	0.36082	0.956222
18	46350000	46400000	30674	207	14507	31496	0.00674839	0.29014	0.973901
18	46400000	46450000	28921	134	22192	30177	0.00463331	0.44384	0.958379
18	46450000	46500000	25832	121	14336	26034	0.00468411	0.28672	0.992241
18	46500000	46550000	26057	139	20658	27016	0.00533446	0.41316	0.964503
18	46550000	46600000	31510	120	17850	32383	0.00380831	0.357	0.973041
18	46600000	46650000	25302	160	30225	27656	0.00632361	0.6045	0.914883
18	46650000	46700000	30223	149	25670	30455	0.00493002	0.5134	0.992382
18	46700000	46750000	24299	93	26060	24480	0.00382732	0.5212	0.992606
18	46750000	46800000	28694	103	24306	28906	0.0035896	0.48612	0.992666
18	46800000	46850000	26602	111	27982	26769	0.00417262	0.55964	0.993761
18	46850000	46900000	28436	129	24190	28693	0.0045365	0.4838	0.991043
18	46900000	46950000	22673	83	30177	22913	0.00366074	0.60354	0.989526
18	46950000	47000000	19719	92	35448	20107	0.00466555	0.70896	0.980703
18	47000000	47050000	19565	120	27831	19980	0.0061334	0.55662	0.979229
18	47050000	47100000	21494	121	33183	21826	0.00562948	0.66366	0.984789
18	47100000	47150000	26013	208	25529	28061	0.007996	0.51058	0.927016
18	47150000	47200000	29048	174	23261	29718	0.00599009	0.46522	0.977455
18	47200000	47250000	23639	143	28442	23860	0.00604933	0.56884	0.990738
18	47250000	47300000	28300	182	25343	28758	0.0064311	0.50686	0.984074
18	47300000	47350000	20388	88	27878	22085	0.00431626	0.55756	0.923161
18	47350000	47400000	31021	200	12889	32823	0.00644725	0.25778	0.945099
18	47400000	47450000	32568	260	15603	33776	0.0079833	0.31206	0.964235
18	47450000	47500000	30983	291	14506	32087	0.00939225	0.29012	0.965594
18	47500000	47550000	35844	237	12712	36230	0.00661199	0.25424	0.989346
18	47550000	47600000	29266	212	18612	31547	0.0072439	0.37224	0.927695
18	47600000	47650000	27043	205	17048	31798	0.00758052	0.34096	0.850462
18	47650000	47700000	31725	152	16326	32200	0.00479117	0.32652	0.985248
18	47700000	47750000	30206	132	23057	30461	0.00436999	0.46114	0.991629
18	47750000	47800000	23725	91	31470	24041	0.00383562	0.6294	0.986856
18	47800000	47850000	27591	109	24047	27781	0.00395056	0.48094	0.993161
18	47850000	47900000	17609	137	37568	19359	0.00778011	0.75136	0.909603
18	47900000	47950000	21503	148	34186	21989	0.00688276	0.68372	0.977898
18	47950000	48000000	28360	181	29062	28659	0.00638223	0.58124	0.989567
18	48000000	48050000	26876	171	30397	27132	0.00636255	0.60794	0.990565
18	48050000	48100000	29430	174	23539	30421	0.00591233	0.47078	0.967424
18	48100000	48150000	32556	181	23902	32811	0.00555965	0.47804	0.992228
18	48150000	48200000	34974	153	14938	35214	0.00437468	0.29876	0.993185
18	48200000	48250000	30937	170	22431	31199	0.00549504	0.44862	0.991602
18	48250000	48300000	27034	129	26735	27616	0.00477177	0.5347	0.978925
18	48300000	48350000	24674	125	25636	24932	0.00506606	0.51272	0.989652
18	48350000	48400000	18040	111	25015	23479	0.00615299	0.5003	0.768346
18	48400000	48450000	24633	143	25418	25283	0.00580522	0.50836	0.974291
18	48450000	48500000	22833	96	30242	23102	0.00420444	0.60484	0.988356
18	48500000	48550000	23345	93	34005	23576	0.00398372	0.6801	0.990202
18	48550000	48600000	26871	108	21261	27282	0.0040192	0.42522	0.984935
18	48600000	48650000	20616	84	33344	21026	0.00407451	0.66688	0.9805
18	48650000	48700000	23184	91	26158	23712	0.00392512	0.52316	0.977733
18	48700000	48750000	26054	83	21428	29375	0.00318569	0.42856	0.886945
18	48750000	48800000	24580	151	33866	24819	0.00614321	0.67732	0.99037
18	48800000	48850000	24811	164	30589	25084	0.00660997	0.61178	0.989117
18	48850000	48900000	29341	199	26738	29577	0.00678232	0.53476	0.992021
18	48900000	48950000	26569	199	29687	26802	0.00748993	0.59374	0.991307
18	48950000	49000000	29628	183	22812	30119	0.00617659	0.45624	0.983698
18	49000000	49050000	33771	214	22616	34065	0.0063368	0.45232	0.991369
18	49050000	49100000	27310	192	30148	27602	0.00703039	0.60296	0.989421
18	49100000	49150000	31333	185	19402	32020	0.00590432	0.38804	0.978545
18	49150000	49200000	28686	178	24865	28979	0.00620512	0.4973	0.989889
18	49200000	49250000	21028	113	35834	21305	0.00537379	0.71668	0.986998
18	49250000	49300000	29744	192	24295	30346	0.00645508	0.4859	0.980162
18	49300000	49350000	31768	211	25829	32103	0.0066419	0.51658	0.989565
18	49350000	49400000	25778	196	25947	26025	0.00760338	0.51894	0.990509
18	49400000	49450000	30047	212	25502	30366	0.00705561	0.51004	0.989495
18	49450000	49500000	27376	138	29827	27657	0.00504091	0.59654	0.98984
18	49500000	49550000	32120	204	22165	32431	0.00635118	0.4433	0.99041
18	49550000	49600000	31975	205	27581	32261	0.00641126	0.55162	0.991135
18	49600000	49650000	30944	182	28876	31254	0.00588159	0.57752	0.990081
18	49650000	49700000	26547	197	30374	27817	0.0074208	0.60748	0.954344
18	49700000	49750000	32777	215	21677	33166	0.00655948	0.43354	0.988271
18	49750000	49800000	31879	200	25247	32220	0.00627372	0.50494	0.989417
18	49800000	49850000	28162	195	25025	29065	0.00692422	0.5005	0.968932
18	49850000	49900000	32760	144	17502	33025	0.0043956	0.35004	0.991976
18	49900000	49950000	31811	187	13770	32138	0.00587847	0.2754	0.989825
18	49950000	50000000	33293	186	15544	33581	0.00558676	0.31088	0.991424
18	50000000	50050000	34556	235	18448	34884	0.00680056	0.36896	0.990597
18	50050000	50100000	33164	238	14447	33478	0.00717646	0.28894	0.990621
18	50100000	50150000	32810	197	16233	33146	0.00600427	0.32466	0.989863
18	50150000	50200000	27549	153	22810	28138	0.00555374	0.4562	0.979067
18	50200000	50250000	34594	245	17092	34963	0.00708215	0.34184	0.989446
18	50250000	50300000	33133	231	16936	33429	0.0069719	0.33872	0.991145
18	50300000	50350000	26481	203	30420	26796	0.00766587	0.6084	0.988245
18	50350000	50400000	28319	187	26411	28929	0.00660334	0.52822	0.978914
18	50400000	50450000	30053	242	20023	30550	0.00805244	0.40046	0.983732
18	50450000	50500000	31895	223	16661	32578	0.00699169	0.33322	0.979035
18	50500000	50550000	33153	239	13327	33634	0.007209	0.26654	0.985699
18	50550000	50600000	29475	219	19598	29779	0.00743003	0.39196	0.989791
18	50600000	50650000	32031	206	17069	32369	0.00643127	0.34138	0.989558
18	50650000	50700000	32458	216	18515	32843	0.00665475	0.3703	0.988278
18	50700000	50750000	28960	189	17199	29241	0.00652624	0.34398	0.99039
18	50750000	50800000	29788	200	20425	30061	0.00671411	0.4085	0.990918
18	50800000	50850000	26671	192	22586	27067	0.00719883	0.45172	0.98537
18	50850000	50900000	27911	228	25756	28371	0.00816882	0.51512	0.983786
18	50900000	50950000	32786	142	11737	33063	0.00433112	0.23474	0.991622
18	50950000	51000000	27802	201	21311	28406	0.0072297	0.42622	0.978737
18	51000000	51050000	24815	153	22939	25263	0.00616563	0.45878	0.982267
18	51050000	51100000	30832	171	20824	31126	0.00554619	0.41648	0.990555
18	51100000	51150000	31709	231	21424	32015	0.007285	0.42848	0.990442
18	51150000	51200000	23147	173	29951	25039	0.00747397	0.59902	0.924438
18	51200000	51250000	25589	182	26019	26095	0.00711243	0.52038	0.980609
18	51250000	51300000	29213	209	25299	29508	0.00715435	0.50598	0.990003
18	51300000	51350000	24614	146	30613	24826	0.00593158	0.61226	0.991461
18	51350000	51400000	24255	152	30070	24570	0.00626675	0.6014	0.987179
18	51400000	51450000	26786	170	28168	27710	0.0063466	0.56336	0.966655
18	51450000	51500000	30320	185	27248	30625	0.00610158	0.54496	0.990041
18	51500000	51550000	25287	194	31004	25568	0.00767193	0.62008	0.98901
18	51550000	51600000	26661	177	22018	31501	0.00663891	0.44036	0.846354
18	51600000	51650000	26732	205	25704	27114	0.00766871	0.51408	0.985911
18	51650000	51700000	28026	144	21903	29379	0.00513809	0.43806	0.953947
18	51700000	51750000	27969	132	21109	28182	0.00471951	0.42218	0.992442
18	51750000	51800000	24329	140	25511	24660	0.00575445	0.51022	0.986577
18	51800000	51850000	23843	151	29970	24068	0.0063331	0.5994	0.990651
18	51850000	51900000	27075	222	29247	27495	0.00819945	0.58494	0.984724
18	51900000	51950000	25640	152	25405	26282	0.00592824	0.5081	0.975573
18	51950000	52000000	28615	178	23279	28941	0.00622051	0.46558	0.988736
18	52000000	52050000	28880	162	26557	29984	0.00560942	0.53114	0.96318
18	52050000	52100000	4924	35	4721	4956	0.00710804	0.09442	0.993543
18	52100000	52150000	0	0	0	0		0	
18	52150000	52200000	0	0	0	0		0	
18	52200000	52250000	18723	105	25158	19022	0.00560808	0.50316	0.984281
18	52250000	52300000	28547	165	25307	28805	0.00577994	0.50614	0.991043
18	52300000	52350000	25152	163	26092	25360	0.0064806	0.52184	0.991798
18	52350000	52400000	29617	187	22952	29922	0.00631394	0.45904	0.989807
18	52400000	52450000	29920	138	19967	31311	0.0046123	0.39934	0.955575
18	52450000	52500000	28890	167	21248	30187	0.00578055	0.42496	0.957034
18	52500000	52550000	31103	165	16783	31474	0.00530495	0.33566	0.988212
18	52550000	52600000	30374	176	17534	30730	0.00579443	0.35068	0.988415
18	52600000	52650000	30899	166	22474	31167	0.00537234	0.44948	0.991401
18	52650000	52700000	31013	148	18721	31263	0.00477219	0.37442	0.992003
18	52700000	52750000	31182	179	20604	31548	0.00574049	0.41208	0.988399
18	52750000	52800000	35038	172	15532	35308	0.00490896	0.31064	0.992353
18	52800000	52850000	29808	186	21846	30061	0.00623994	0.43692	0.991584
18	52850000	52900000	30332	133	24411	30650	0.00438481	0.48822	0.989625
18	52900000	52950000	34619	194	7632	34829	0.00560386	0.15264	0.993971
18	52950000	53000000	30931	119	6740	32965	0.00384727	0.1348	0.938298
18	53000000	53050000	32834	168	10950	33083	0.00511665	0.219	0.992473
18	53050000	53100000	33243	115	8630	33463	0.00345937	0.1726	0.993426
18	53100000	53150000	33290	137	11717	33532	0.00411535	0.23434	0.992783
18	53150000	53200000	34479	139	10302	34744	0.00403144	0.20604	0.992373
18	53200000	53250000	32658	103	17058	32875	0.0031539	0.34116	0.993399
18	53250000	53300000	29412	112	21961	29595	0.00380797	0.43922	0.993817
18	53300000	53350000	27044	153	27769	27231	0.00565745	0.55538	0.993133
18	53350000	53400000	24859	104	31236	25092	0.0041836	0.62472	0.990714
18	53400000	53450000	31991	168	18002	32277	0.00525148	0.36004	0.991139
18	53450000	53500000	27554	140	27299	27741	0.00508093	0.54598	0.993259
18	53500000	53550000	32859	136	15383	33087	0.0041389	0.30766	0.993109
18	53550000	53600000	28494	179	17547	28733	0.00628202	0.35094	0.991682
18	53600000	53650000	28906	157	25844	29188	0.0054314	0.51688	0.990338
18	53650000	53700000	27317	165	24326	27549	0.00604019	0.48652	0.991579
18	53700000	53750000	31773	129	22720	32071	0.00406005	0.4544	0.990708
18	53750000	53800000	33580	170	14995	33792	0.00506254	0.2999	0.993726
18	53800000	53850000	30478	178	21455	30778	0.00584028	0.4291	0.990253
18	53850000	53900000	32630	139	19845	34038	0.00425988	0.3969	0.958634
18	53900000	53950000	28986	155	23114	29278	0.00534741	0.46228	0.990027
18	53950000	54000000	34496	147	15240	35053	0.00426136	0.3048	0.98411
18	54000000	54050000	28334	193	23097	28822	0.0068116	0.46194	0.983068
18	54050000	54100000	25197	143	27526	25381	0.00567528	0.55052	0.99275
18	54100000	54150000	29416	151	25012	29662	0.00513326	0.50024	0.991707
18	54150000	54200000	27787	161	21169	28527	0.00579408	0.42338	0.97406
18	54200000	54250000	28187	173	24724	28412	0.00613758	0.49448	0.992081
18	54250000	54300000	26446	174	23603	26667	0.00657944	0.47206	0.991713
18	54300000	54350000	25965	145	28629	26172	0.00558444	0.57258	0.992091
18	54350000	54400000	28365	156	19346	28619	0.00549974	0.38692	0.991125
18	54400000	54450000	33195	218	21034	33653	0.00656725	0.42068	0.986391
18	54450000	54500000	30727	245	17511	31019	0.00797344	0.35022	0.990586
18	54500000	54550000	30134	182	19300	30410	0.00603969	0.386	0.990924
18	54550000	54600000	23262	137	19818	31294	0.00588943	0.39636	0.743337
18	54600000	54650000	34397	207	16949	34703	0.00601797	0.33898	0.991182
18	54650000	54700000	32854	196	8103	33111	0.00596579	0.16206	0.992238
18	54700000	54750000	27368	220	26443	28181	0.00803859	0.52886	0.971151
18	54750000	54800000	28481	166	21780	29186	0.00582845	0.4356	0.975845
18	54800000	54850000	31924	177	19081	32266	0.00554442	0.38162	0.989401
18	54850000	54900000	28111	159	25194	30047	0.00565615	0.50388	0.935568
18	54900000	54950000	28996	168	21252	29430	0.0057939	0.42504	0.985253
18	54950000	55000000	27275	193	27698	28485	0.00707608	0.55396	0.957522
18	55000000	55050000	33575	188	16528	33830	0.0055994	0.33056	0.992462
18	55050000	55100000	24602	157	30063	24800	0.00638159	0.60126	0.992016
18	55100000	55150000	31910	165	12834	32263	0.00517079	0.25668	0.989059
18	55150000	55200000	27974	186	23041	28314	0.00664903	0.46082	0.987992
18	55200000	55250000	25908	202	15593	29679	0.00779682	0.31186	0.87294
18	55250000	55300000	22371	166	26326	22850	0.00742032	0.52652	0.979037
18	55300000	55350000	18653	108	27904	18896	0.00578995	0.55808	0.98714
18	55350000	55400000	17383	80	30999	18639	0.0046022	0.61998	0.932614
18	55400000	55450000	23348	148	25681	23729	0.00633887	0.51362	0.983944
18	55450000	55500000	23738	158	29398	23987	0.00665599	0.58796	0.989619
18	55500000	55550000	23214	160	30783	24090	0.00689239	0.61566	0.963636
18	55550000	55600000	24759	164	27876	27899	0.00662385	0.55752	0.887451
18	55600000	55650000	28441	211	29147	28753	0.00741887	0.58294	0.989149
18	55650000	55700000	27831	165	23768	28271	0.00592864	0.47536	0.984436
18	55700000	55750000	25839	131	23859	26299	0.00506986	0.47718	0.982509
18	55750000	55800000	28045	167	23028	28295	0.00595472	0.46056	0.991165
18	55800000	55850000	29939	200	14222	30215	0.00668025	0.28444	0.990865
18	55850000	55900000	30783	183	14780	31397	0.00594484	0.2956	0.980444
18	55900000	55950000	30330	166	12323	30600	0.00547313	0.24646	0.991176
18	55950000	56000000	31790	192	11892	32056	0.00603964	0.23784	0.991702
18	56000000	56050000	33372	211	9303	33714	0.00632267	0.18606	0.989856
18	56050000	56100000	32473	177	14019	32768	0.00545068	0.28038	0.990997
18	56100000	56150000	26154	188	21259	26686	0.00718819	0.42518	0.980064
18	56150000	56200000	29889	193	19294	30185	0.00645723	0.38588	0.990194
18	56200000	56250000	29525	172	19958	31533	0.00582557	0.39916	0.936321
18	56250000	56300000	27687	141	23076	28366	0.00509264	0.46152	0.976063
18	56300000	56350000	22587	122	29038	23246	0.00540134	0.58076	0.971651
18	56350000	56400000	26738	113	22775	26994	0.00422619	0.4555	0.990516
18	56400000	56450000	25482	141	25028	26302	0.00553332	0.50056	0.968824
18	56450000	56500000	19182	116	30958	19509	0.00604734	0.61916	0.983239
18	56500000	56550000	22755	122	22848	23472	0.00536146	0.45696	0.969453
18	56550000	56600000	22907	237	18537	26988	0.0103462	0.37074	0.848785
18	56600000	56650000	27362	351	16378	28202	0.012828	0.32756	0.970215
18	56650000	56700000	24194	160	25220	24450	0.00661321	0.5044	0.98953
18	56700000	56750000	17582	141	24171	30319	0.00801957	0.48342	0.5799
18	56750000	56800000	26861	199	28309	28112	0.00740851	0.56618	0.955499
18	56800000	56850000	26920	184	22299	27881	0.00683507	0.44598	0.965532
18	56850000	56900000	28915	158	25600	29658	0.00546429	0.512	0.974948
18	56900000	56950000	23226	133	27284	23955	0.00572634	0.54568	0.969568
18	56950000	57000000	31837	175	21192	32096	0.00549675	0.42384	0.99193
18	57000000	57050000	25889	158	25511	26630	0.00610298	0.51022	0.972174
18	57050000	57100000	25437	164	25813	25655	0.0064473	0.51626	0.991503
18	57100000	57150000	30165	237	21802	30524	0.00785679	0.43604	0.988239
18	57150000	57200000	27606	262	20255	28154	0.00949069	0.4051	0.980536
18	57200000	57250000	29980	231	18913	30287	0.00770514	0.37826	0.989864
18	57250000	57300000	30844	215	20909	31138	0.00697056	0.41818	0.990558
18	57300000	57350000	27230	166	24463	28015	0.00609622	0.48926	0.971979
18	57350000	57400000	29130	177	19147	29367	0.00607621	0.38294	0.99193
18	57400000	57450000	22754	108	32181	23526	0.00474642	0.64362	0.967185
18	57450000	57500000	24559	172	24517	24798	0.00700354	0.49034	0.990362
18	57500000	57550000	21146	131	26467	21865	0.00619503	0.52934	0.967116
18	57550000	57600000	22493	137	21014	25578	0.00609078	0.42028	0.879389
18	57600000	57650000	22745	208	23747	24704	0.00914487	0.47494	0.920701
18	57650000	57700000	18339	146	31261	18585	0.00796118	0.62522	0.986764
18	57700000	57750000	25623	138	30628	27663	0.00538579	0.61256	0.926255
18	57750000	57800000	28718	214	18536	29186	0.00745177	0.37072	0.983965
18	57800000	57850000	27333	219	23166	28027	0.00801229	0.46332	0.975238
18	57850000	57900000	30351	197	19112	30714	0.00649073	0.38224	0.988181
18	57900000	57950000	25660	207	27225	25925	0.00806703	0.5445	0.989778
18	57950000	58000000	27200	201	29245	27463	0.00738971	0.5849	0.990423
18	58000000	58050000	26647	193	25362	26991	0.00724284	0.50724	0.987255
18	58050000	58100000	28241	199	24445	28549	0.00704649	0.4889	0.989212
18	58100000	58150000	25345	170	32031	25613	0.00670744	0.64062	0.989537
18	58150000	58200000	30235	274	23025	30782	0.00906234	0.4605	0.98223
18	58200000	58250000	28298	205	25362	28890	0.00724433	0.50724	0.979508
18	58250000	58300000	26420	224	19430	31548	0.00847843	0.3886	0.837454
18	58300000	58350000	11056	99	23379	30192	0.00895441	0.46758	0.36619
18	58350000	58400000	27492	192	24794	27820	0.00698385	0.49588	0.98821
18	58400000	58450000	28921	184	25558	30171	0.00636216	0.51116	0.958569
18	58450000	58500000	24192	183	31976	25076	0.00756448	0.63952	0.964747
18	58500000	58550000	30577	200	23042	30889	0.00654086	0.46084	0.989899
18	58550000	58600000	30624	192	21452	30974	0.00626959	0.42904	0.9887
18	58600000	58650000	29911	135	20735	30227	0.00451339	0.4147	0.989546
18	58650000	58700000	30249	184	23458	30492	0.00608285	0.46916	0.992031
18	58700000	58750000	28317	164	24766	28665	0.00579157	0.49532	0.98786
18	58750000	58800000	30064	181	24630	30698	0.00602049	0.4926	0.979347
18	58800000	58850000	26995	142	27010	27250	0.00526023	0.5402	0.990642
18	58850000	58900000	33217	229	20250	33564	0.00689406	0.405	0.989662
18	58900000	58950000	29379	179	24253	29710	0.00609279	0.48506	0.988859
18	58950000	59000000	29419	217	19857	29708	0.00737619	0.39714	0.990272
18	59000000	59050000	34074	192	13669	34387	0.00563479	0.27338	0.990898
18	59050000	59100000	31237	157	22239	31487	0.00502609	0.44478	0.99206
18	59100000	59150000	33652	223	15799	33976	0.00662665	0.31598	0.990464
18	59150000	59200000	25256	181	23406	26310	0.00716661	0.46812	0.959939
18	59200000	59250000	25516	169	23825	25971	0.0066233	0.4765	0.98248
18	59250000	59300000	24163	335	28598	27090	0.0138642	0.57196	0.891953
18	59300000	59350000	26073	180	25115	29525	0.00690369	0.5023	0.883082
18	59350000	59400000	23878	158	34164	24104	0.00661697	0.68328	0.990624
18	59400000	59450000	30625	179	22614	31044	0.0058449	0.45228	0.986503
18	59450000	59500000	30399	207	17495	30687	0.00680943	0.3499	0.990615
18	59500000	59550000	26816	183	19135	31531	0.00682428	0.3827	0.850465
18	59550000	59600000	29515	174	19977	30337	0.00589531	0.39954	0.972904
18	59600000	59650000	27742	193	24275	28545	0.00695696	0.4855	0.971869
18	59650000	59700000	29382	178	30812	29712	0.00605813	0.61624	0.988893
18	59700000	59750000	24170	98	27918	25480	0.00405461	0.55836	0.948587
18	59750000	59800000	29146	239	17433	29846	0.0082001	0.34866	0.976546
18	59800000	59850000	28794	192	26106	29025	0.00666806	0.52212	0.992041
18	59850000	59900000	29090	116	21857	29307	0.00398762	0.43714	0.992596
18	59900000	59950000	30835	158	16371	31098	0.00512405	0.32742	0.991543
18	59950000	60000000	31100	141	25234	31325	0.00453376	0.50468	0.992817
18	60000000	60050000	29035	168	19914	29352	0.00578612	0.39828	0.9892
18	60050000	60100000	28387	183	23382	29075	0.00644661	0.46764	0.976337
18	60100000	60150000	16675	101	31165	22652	0.00605697	0.6233	0.736138
18	60150000	60200000	26781	135	22936	27574	0.00504089	0.45872	0.971241
18	60200000	60250000	29793	139	14000	30067	0.00466553	0.28	0.990887
18	60250000	60300000	26679	173	25528	27395	0.0064845	0.51056	0.973864
18	60300000	60350000	20392	129	32640	22433	0.00632601	0.6528	0.909018
18	60350000	60400000	23204	129	23133	23437	0.00555939	0.46266	0.990058
18	60400000	60450000	29814	104	21272	30116	0.00348829	0.42544	0.989972
18	60450000	60500000	27479	110	22160	27647	0.00400306	0.4432	0.993923
18	60500000	60550000	25547	138	25302	25793	0.00540181	0.50604	0.990463
18	60550000	60600000	20988	115	26711	23522	0.00547932	0.53422	0.892271
18	60600000	60650000	29304	135	19463	29508	0.00460688	0.38926	0.993087
18	60650000	60700000	26701	165	27204	28236	0.00617954	0.54408	0.945637
18	60700000	60750000	27360	170	27318	27595	0.00621345	0.54636	0.991484
18	60750000	60800000	31818	201	17076	32473	0.00631718	0.34152	0.979829
18	60800000	60850000	28888	158	11384	29086	0.0054694	0.22768	0.993193
18	60850000	60900000	25918	148	22200	29335	0.00571032	0.444	0.883518
18	60900000	60950000	29186	139	20380	29496	0.00476256	0.4076	0.98949
18	60950000	61000000	29831	182	12269	30035	0.00610104	0.24538	0.993208
18	61000000	61050000	24181	131	28873	24412	0.00541748	0.57746	0.990537
18	61050000	61100000	28082	222	21781	28470	0.00790542	0.43562	0.986372
18	61100000	61150000	24909	169	23911	25140	0.0067847	0.47822	0.990811
18	61150000	61200000	29452	200	24751	29775	0.00679071	0.49502	0.989152
18	61200000	61250000	29898	213	22382	30200	0.00712422	0.44764	0.99
18	61250000	61300000	27054	174	29810	27370	0.00643158	0.5962	0.988455
18	61300000	61350000	13223	158	24900	13470	0.0119489	0.498	0.981663
18	61350000	61400000	26761	245	29595	27076	0.00915511	0.5919	0.988366
18	61400000	61450000	29674	202	21539	29929	0.00680731	0.43078	0.99148
18	61450000	61500000	30979	254	21163	31281	0.0081991	0.42326	0.990346
18	61500000	61550000	25256	164	28708	25752	0.00649351	0.57416	0.980739
18	61550000	61600000	32387	233	18733	32726	0.00719424	0.37466	0.989641
18	61600000	61650000	27437	177	23666	27690	0.00645114	0.47332	0.990863
18	61650000	61700000	33074	248	27477	33409	0.00749834	0.54954	0.989973
18	61700000	61750000	26997	198	27956	27230	0.00733415	0.55912	0.991443
18	61750000	61800000	33071	198	14791	33385	0.00598712	0.29582	0.990595
18	61800000	61850000	30238	193	18743	30517	0.0063827	0.37486	0.990858
18	61850000	61900000	28635	208	25200	28959	0.00726384	0.504	0.988812
18	61900000	61950000	30558	203	22656	31135	0.0066431	0.45312	0.981468
18	61950000	62000000	26299	180	27888	26772	0.00684437	0.55776	0.982332
18	62000000	62050000	28853	274	20410	29149	0.00949641	0.4082	0.989845
18	62050000	62100000	28705	164	21165	29093	0.00571329	0.4233	0.986663
18	62100000	62150000	27810	179	31209	28227	0.00643653	0.62418	0.985227
18	62150000	62200000	28532	189	26415	28840	0.00662414	0.5283	0.98932
18	62200000	62250000	21319	148	36085	21586	0.00694216	0.7217	0.987631
18	62250000	62300000	28340	196	23504	29738	0.00691602	0.47008	0.952989
18	62300000	62350000	30124	225	22135	31198	0.00746913	0.4427	0.965575
18	62350000	62400000	26417	179	23704	26785	0.00677594	0.47408	0.986261
18	62400000	62450000	29932	197	21704	30239	0.00658158	0.43408	0.989848
18	62450000	62500000	28746	230	28981	29125	0.00800111	0.57962	0.986987
18	62500000	62550000	28716	237	30315	29042	0.00825324	0.6063	0.988775
18	62550000	62600000	30394	236	19788	30652	0.00776469	0.39576	0.991583
18	62600000	62650000	33042	246	19517	33759	0.00744507	0.39034	0.978761
18	62650000	62700000	31066	200	24614	31414	0.00643791	0.49228	0.988922
18	62700000	62750000	29985	293	23800	30597	0.00977155	0.476	0.979998
18	62750000	62800000	32026	181	20223	32408	0.00565166	0.40446	0.988213
18	62800000	62850000	24421	187	30562	25756	0.00765734	0.61124	0.948167
18	62850000	62900000	29474	215	14316	32797	0.00729456	0.28632	0.89868
18	62900000	62950000	30015	232	16622	30765	0.00772947	0.33244	0.975622
18	62950000	63000000	30423	235	21319	31136	0.00772442	0.42638	0.9771
18	63000000	63050000	32455	250	20801	32838	0.00770297	0.41602	0.988337
18	63050000	63100000	27849	206	24627	28166	0.00739703	0.49254	0.988745
18	63100000	63150000	31151	233	20060	31841	0.0074797	0.4012	0.97833
18	63150000	63200000	31621	249	21906	32428	0.00787451	0.43812	0.975114
18	63200000	63250000	25844	261	29227	26510	0.0100991	0.58454	0.974877
18	63250000	63300000	27349	198	25918	29512	0.00723975	0.51836	0.926708
18	63300000	63350000	31227	216	25519	31510	0.00691709	0.51038	0.991019
18	63350000	63400000	29178	205	26253	29462	0.00702584	0.52506	0.99036
18	63400000	63450000	30394	159	12687	30662	0.0052313	0.25374	0.99126
18	63450000	63500000	33957	212	9777	34294	0.00624319	0.19554	0.990173
18	63500000	63550000	31521	164	13610	31754	0.00520288	0.2722	0.992662
18	63550000	63600000	29525	226	21162	30288	0.00765453	0.42324	0.974809
18	63600000	63650000	30815	207	25273	31752	0.00671751	0.50546	0.97049
18	63650000	63700000	24238	168	31906	28289	0.00693126	0.63812	0.856799
18	63700000	63750000	31643	249	17198	31952	0.00786904	0.34396	0.990329
18	63750000	63800000	30991	232	19470	32144	0.00748604	0.3894	0.96413
18	63800000	63850000	30989	216	28985	31357	0.00697022	0.5797	0.988264
18	63850000	63900000	30073	207	21807	30903	0.00688325	0.43614	0.973142
18	63900000	63950000	29253	245	28090	30427	0.00837521	0.5618	0.961416
18	63950000	64000000	27302	260	22953	27692	0.00952311	0.45906	0.985917
18	64000000	64050000	28181	311	30651	28495	0.0110358	0.61302	0.988981
18	64050000	64100000	29190	275	22668	29715	0.00942103	0.45336	0.982332
18	64100000	64150000	31019	260	29923	31761	0.00838196	0.59846	0.976638
18	64150000	64200000	30995	206	18040	32600	0.00664623	0.3608	0.950767
18	64200000	64250000	32362	181	21018	33100	0.00559298	0.42036	0.977704
18	64250000	64300000	26466	165	27085	27833	0.00623441	0.5417	0.950886
18	64300000	64350000	30705	212	21365	32027	0.00690441	0.4273	0.958722
18	64350000	64400000	25457	167	25255	25821	0.00656008	0.5051	0.985903
18	64400000	64450000	28233	180	22881	30254	0.00637552	0.45762	0.933199
18	64450000	64500000	30037	220	25045	30525	0.0073243	0.5009	0.984013
18	64500000	64550000	29186	200	23636	30311	0.0068526	0.47272	0.962885
18	64550000	64600000	29301	191	29085	29561	0.00651855	0.5817	0.991205
18	64600000	64650000	29591	195	25328	29892	0.00658984	0.50656	0.98993
18	64650000	64700000	27854	166	27527	29590	0.00595965	0.55054	0.941332
18	64700000	64750000	30920	229	24692	31572	0.00740621	0.49384	0.979349
18	64750000	64800000	24331	190	27492	24650	0.00780897	0.54984	0.987059
18	64800000	64850000	31176	229	19112	31894	0.00734539	0.38224	0.977488
18	64850000	64900000	30382	235	23552	30744	0.00773484	0.47104	0.988225
18	64900000	64950000	29335	235	20315	29668	0.00801091	0.4063	0.988776
18	64950000	65000000	25956	185	25116	29132	0.00712745	0.50232	0.890979
18	65000000	65050000	28568	237	26435	28994	0.008296	0.5287	0.985307
18	65050000	65100000	30500	247	24537	31114	0.00809836	0.49074	0.980266
18	65100000	65150000	25674	161	28035	25934	0.00627094	0.5607	0.989975
18	65150000	65200000	33117	214	19841	33397	0.00646194	0.39682	0.991616
18	65200000	65250000	31996	186	21340	32431	0.00581323	0.4268	0.986587
18	65250000	65300000	28274	223	23065	28632	0.0078871	0.4613	0.987497
18	65300000	65350000	31211	220	20099	31590	0.0070488	0.40198	0.988003
18	65350000	65400000	24806	168	25306	27930	0.00677256	0.50612	0.888149
18	65400000	65450000	26653	182	26302	26979	0.0068285	0.52604	0.987917
18	65450000	65500000	33413	319	18109	33824	0.00954718	0.36218	0.987849
18	65500000	65550000	28306	256	29373	29043	0.00904402	0.58746	0.974624
18	65550000	65600000	27942	226	23917	28303	0.00808818	0.47834	0.987245
18	65600000	65650000	31690	272	21873	32338	0.00858315	0.43746	0.979962
18	65650000	65700000	28007	197	18630	31805	0.00703396	0.3726	0.880585
18	65700000	65750000	30545	263	23720	31665	0.00861025	0.4744	0.96463
18	65750000	65800000	30882	268	23952	31932	0.00867819	0.47904	0.967118
18	65800000	65850000	24090	196	27353	27974	0.00813616	0.54706	0.861157
18	65850000	65900000	30115	238	20554	30473	0.00790304	0.41108	0.988252
18	65900000	65950000	27001	195	24961	27366	0.00722195	0.49922	0.986662
18	65950000	66000000	29947	254	19949	30308	0.00848165	0.39898	0.988089
18	66000000	66050000	27080	198	28295	27409	0.00731167	0.5659	0.987997
18	66050000	66100000	29307	226	22020	30263	0.00771147	0.4404	0.96841
18	66100000	66150000	29535	202	23642	29834	0.00683934	0.47284	0.989978
18	66150000	66200000	28650	207	23448	29625	0.00722513	0.46896	0.967089
18	66200000	66250000	23441	204	26538	23747	0.0087027	0.53076	0.987114
18	66250000	66300000	27968	220	24637	28740	0.00786613	0.49274	0.973138
18	66300000	66350000	28228	209	27125	28600	0.007404	0.5425	0.986993
18	66350000	66400000	30601	192	21702	30958	0.0062743	0.43404	0.988468
18	66400000	66450000	30369	201	23762	30638	0.00661859	0.47524	0.99122
18	66450000	66500000	26669	149	23077	27940	0.00558701	0.46154	0.95451
18	66500000	66550000	29273	174	20608	29692	0.00594404	0.41216	0.985888
18	66550000	66600000	31622	305	19039	32081	0.00964518	0.38078	0.985692
18	66600000	66650000	30361	214	20215	30709	0.00704852	0.4043	0.988668
18	66650000	66700000	30414	211	19437	30766	0.00693759	0.38874	0.988559
18	66700000	66750000	27164	229	23363	27406	0.00843028	0.46726	0.99117
18	66750000	66800000	27250	199	14939	27887	0.00730275	0.29878	0.977158
18	66800000	66850000	32162	190	22797	32553	0.00590759	0.45594	0.987989
18	66850000	66900000	32908	219	14879	33304	0.00665492	0.29758	0.98811
18	66900000	66950000	27598	199	20621	30004	0.00721067	0.41242	0.919811
18	66950000	67000000	29125	176	29484	29546	0.00604292	0.58968	0.985751
18	67000000	67050000	30480	194	25952	30946	0.00636483	0.51904	0.984942
18	67050000	67100000	31624	191	18856	31944	0.00603972	0.37712	0.989982
18	67100000	67150000	22624	131	25323	22976	0.00579031	0.50646	0.98468
18	67150000	67200000	31564	215	16579	31868	0.00681156	0.33158	0.990461
18	67200000	67250000	25828	212	22635	26072	0.00820815	0.4527	0.990641
18	67250000	67300000	27884	221	21350	30625	0.00792569	0.427	0.910498
18	67300000	67350000	33052	199	21880	33388	0.00602082	0.4376	0.989937
18	67350000	67400000	31774	205	17497	32218	0.00645182	0.34994	0.986219
18	67400000	67450000	28356	198	20127	28820	0.00698265	0.40254	0.9839
18	67450000	67500000	29590	190	20117	29878	0.00642109	0.40234	0.990361
18	67500000	67550000	27816	156	19292	28251	0.00560828	0.38584	0.984602
18	67550000	67600000	29941	210	18009	30919	0.00701379	0.36018	0.968369
18	67600000	67650000	24711	161	25304	25611	0.00651532	0.50608	0.964859
18	67650000	67700000	27977	126	25735	28989	0.0045037	0.5147	0.96509
18	67700000	67750000	27916	142	23800	28194	0.00508669	0.476	0.99014
18	67750000	67800000	21369	88	31578	21567	0.00411812	0.63156	0.990819
18	67800000	67850000	27841	123	22667	28041	0.00441794	0.45334	0.992868
18	67850000	67900000	27982	147	27012	28238	0.00525338	0.54024	0.990934
18	67900000	67950000	23792	157	30792	24022	0.00659886	0.61584	0.990425
18	67950000	68000000	23577	145	26030	24921	0.00615006	0.5206	0.94607
18	68000000	68050000	23830	158	28121	24991	0.0066303	0.56242	0.953543
18	68050000	68100000	23934	168	24146	24270	0.0070193	0.48292	0.986156
18	68100000	68150000	23013	146	27500	24768	0.00634424	0.55	0.929142
18	68150000	68200000	29943	191	21997	30255	0.00637879	0.43994	0.989688
18	68200000	68250000	23234	137	25661	23549	0.00589653	0.51322	0.986624
18	68250000	68300000	25493	166	29637	27715	0.00651159	0.59274	0.919827
18	68300000	68350000	28513	169	20734	29566	0.00592712	0.41468	0.964385
18	68350000	68400000	25653	156	24100	25906	0.00608116	0.482	0.990234
18	68400000	68450000	21400	123	27507	23966	0.00574766	0.55014	0.892932
18	68450000	68500000	28262	201	24896	28580	0.00711202	0.49792	0.988873
18	68500000	68550000	25063	237	32345	25436	0.00945617	0.6469	0.985336
18	68550000	68600000	24206	220	27849	24520	0.00908866	0.55698	0.987194
18	68600000	68650000	28710	228	26978	29295	0.00794148	0.53956	0.980031
18	68650000	68700000	25407	204	30583	26084	0.00802928	0.61166	0.974045
18	68700000	68750000	30987	252	19871	32613	0.00813244	0.39742	0.950143
18	68750000	68800000	22954	216	35535	23194	0.00941012	0.7107	0.989652
18	68800000	68850000	32104	223	20469	32750	0.00694617	0.40938	0.980275
18	68850000	68900000	31441	184	15756	31819	0.00585223	0.31512	0.98812
18	68900000	68950000	30178	214	17356	30539	0.00709126	0.34712	0.988179
18	68950000	69000000	28268	169	27364	28639	0.00597849	0.54728	0.987046
18	69000000	69050000	31019	179	21718	31360	0.00577066	0.43436	0.989126
18	69050000	69100000	28958	145	20221	29271	0.00500725	0.40442	0.989307
18	69100000	69150000	27542	197	23356	27996	0.00715271	0.46712	0.983783
18	69150000	69200000	30273	200	21502	30730	0.00660655	0.43004	0.985129
18	69200000	69250000	26290	199	27441	27357	0.00756942	0.54882	0.960997
18	69250000	69300000	29365	213	22296	29773	0.00725353	0.44592	0.986296
18	69300000	69350000	26708	209	28650	27010	0.00782537	0.573	0.988819
18	69350000	69400000	28880	264	27739	29267	0.00914127	0.55478	0.986777
18	69400000	69450000	27601	202	25444	27914	0.00731858	0.50888	0.988787
18	69450000	69500000	28064	207	32818	28980	0.007376	0.65636	0.968392
18	69500000	69550000	28357	199	23359	29261	0.00701767	0.46718	0.969106
18	69550000	69600000	27929	200	32608	28337	0.00716102	0.65216	0.985602
18	69600000	69650000	30341	179	21047	32518	0.00589961	0.42094	0.933052
18	69650000	69700000	25434	162	29689	28444	0.00636943	0.59378	0.894178
18	69700000	69750000	29919	222	23420	30254	0.00742003	0.4684	0.988927
18	69750000	69800000	31139	292	25136	31507	0.00937731	0.50272	0.98832
18	69800000	69850000	30065	193	24879	30344	0.00641942	0.49758	0.990805
18	69850000	69900000	32005	223	25202	32344	0.00696766	0.50404	0.989519
18	69900000	69950000	29109	215	28282	29437	0.00738603	0.56564	0.988858
18	69950000	70000000	29396	251	24815	29716	0.00853858	0.4963	0.989231
18	70000000	70050000	30758	263	24665	31105	0.00855062	0.4933	0.988844
18	70050000	70100000	26501	201	28611	28033	0.00758462	0.57222	0.94535
18	70100000	70150000	30661	299	19993	31097	0.0097518	0.39986	0.985979
18	70150000	70200000	28375	220	23561	28702	0.0077533	0.47122	0.988607
18	70200000	70250000	30672	246	16642	31940	0.00802034	0.33284	0.960301
18	70250000	70300000	13145	101	24238	27974	0.00768353	0.48476	0.469901
18	70300000	70350000	21365	202	19504	32092	0.00945472	0.39008	0.665742
18	70350000	70400000	26798	191	26378	27616	0.0071274	0.52756	0.970379
18	70400000	70450000	31459	217	20481	31850	0.00689787	0.40962	0.987724
18	70450000	70500000	32492	258	21122	32863	0.00794042	0.42244	0.988711
18	70500000	70550000	32447	263	14077	32799	0.00810553	0.28154	0.989268
18	70550000	70600000	27628	206	31514	28286	0.0074562	0.63028	0.976738
18	70600000	70650000	26676	211	25490	26957	0.00790973	0.5098	0.989576
18	70650000	70700000	25956	202	24379	26301	0.0077824	0.48758	0.986883
18	70700000	70750000	31139	238	25459	31448	0.00764315	0.50918	0.990174
18	70750000	70800000	29603	211	27455	30168	0.00712766	0.5491	0.981272
18	70800000	70850000	30582	251	25901	31032	0.00820744	0.51802	0.985499
18	70850000	70900000	30292	238	17438	31114	0.00785686	0.34876	0.973581
18	70900000	70950000	30745	195	21441	31113	0.00634249	0.42882	0.988172
18	70950000	71000000	27764	200	25977	28337	0.00720357	0.51954	0.979779
18	71000000	71050000	28837	236	26894	29147	0.00818393	0.53788	0.989364
18	71050000	71100000	30527	221	26032	30919	0.00723949	0.52064	0.987322
18	71100000	71150000	23336	126	23836	26398	0.00539938	0.47672	0.884006
18	71150000	71200000	29176	192	26303	29504	0.00658075	0.52606	0.988883
18	71200000	71250000	31771	231	25667	32093	0.00727078	0.51334	0.989967
18	71250000	71300000	28984	212	29739	31499	0.00731438	0.59478	0.920156
18	71300000	71350000	31424	248	19841	31800	0.00789206	0.39682	0.988176
18	71350000	71400000	32371	266	22661	32845	0.00821723	0.45322	0.985569
18	71400000	71450000	33963	247	20298	34348	0.00727262	0.40596	0.988791
18	71450000	71500000	30188	231	21965	30534	0.00765205	0.4393	0.988668
18	71500000	71550000	32440	230	16289	32825	0.00709001	0.32578	0.988271
18	71550000	71600000	32741	220	14385	33093	0.0067194	0.2877	0.989363
18	71600000	71650000	32280	227	18629	32863	0.00703222	0.37258	0.98226
18	71650000	71700000	24550	185	30397	24815	0.00753564	0.60794	0.989321
18	71700000	71750000	27525	208	25567	28606	0.00755677	0.51134	0.962211
18	71750000	71800000	21225	168	32823	23776	0.00791519	0.65646	0.892707
18	71800000	71850000	30874	207	16583	32801	0.00670467	0.33166	0.941252
18	71850000	71900000	27643	186	23429	28901	0.00672865	0.46858	0.956472
18	71900000	71950000	29207	162	18589	29745	0.00554662	0.37178	0.981913
18	71950000	72000000	26220	188	27274	26462	0.0071701	0.54548	0.990855
18	72000000	72050000	30950	169	22887	31259	0.00546042	0.45774	0.990115
18	72050000	72100000	30377	238	20875	30699	0.00783488	0.4175	0.989511
18	72100000	72150000	32019	275	19126	32433	0.00858865	0.38252	0.987235
18	72150000	72200000	29162	235	16756	29477	0.00805843	0.33512	0.989314
18	72200000	72250000	26781	233	22940	27277	0.0087002	0.4588	0.981816
18	72250000	72300000	19093	130	14532	19449	0.00680878	0.29064	0.981696
18	72300000	72350000	10916	64	4839	11013	0.00586295	0.09678	0.991192
18	72350000	72400000	32550	185	13197	33683	0.00568356	0.26394	0.966363
18	72400000	72450000	31990	193	15989	32282	0.00603314	0.31978	0.990955
18	72450000	72500000	28699	173	25187	28988	0.00602808	0.50374	0.99003
18	72500000	72550000	30533	221	18673	31011	0.00723807	0.37346	0.984586
18	72550000	72600000	34524	185	10355	34836	0.00535859	0.2071	0.991044
18	72600000	72650000	33372	234	13356	33839	0.00701187	0.26712	0.986199
18	72650000	72700000	31247	290	12911	31539	0.00928089	0.25822	0.990742
18	72700000	72750000	31900	246	13847	32995	0.0077116	0.27694	0.966813
18	72750000	72800000	33898	202	10311	34319	0.00595905	0.20622	0.987733
18	72800000	72850000	28291	203	18528	30293	0.00717543	0.37056	0.933912
18	72850000	72900000	29454	207	24654	31359	0.00702791	0.49308	0.939252
18	72900000	72950000	32129	152	5745	32362	0.00473093	0.1149	0.9928
18	72950000	73000000	36325	215	8241	36680	0.00591879	0.16482	0.990322
18	73000000	73050000	31655	242	18425	32560	0.00764492	0.3685	0.972205
18	73050000	73100000	33201	164	15908	33812	0.00493961	0.31816	0.981929
18	73100000	73150000	36158	260	12290	36518	0.00719066	0.2458	0.990142
18	73150000	73200000	31039	203	21838	31598	0.00654016	0.43676	0.982309
18	73200000	73250000	32445	237	16222	32845	0.00730467	0.32444	0.987822
18	73250000	73300000	35195	258	18062	35561	0.00733059	0.36124	0.989708
18	73300000	73350000	30329	230	20493	30629	0.0075835	0.40986	0.990205
18	73350000	73400000	35198	293	15753	35578	0.00832434	0.31506	0.989319
18	73400000	73450000	29491	209	18587	30090	0.00708691	0.37174	0.980093
18	73450000	73500000	32066	265	20617	32473	0.00826421	0.41234	0.987467
18	73500000	73550000	36239	251	17301	36643	0.00692624	0.34602	0.988975
18	73550000	73600000	24737	208	27177	24996	0.00840846	0.54354	0.989638
18	73600000	73650000	33442	185	12602	34419	0.00553197	0.25204	0.971615
18	73650000	73700000	29843	205	21472	31148	0.00686928	0.42944	0.958103
18	73700000	73750000	29588	180	26224	30053	0.00608355	0.52448	0.984527
18	73750000	73800000	28937	244	17882	32579	0.00843211	0.35764	0.88821
18	73800000	73850000	31180	217	27367	31604	0.00695959	0.54734	0.986584
18	73850000	73900000	33717	227	15806	34019	0.00673251	0.31612	0.991123
18	73900000	73950000	32350	172	21291	33221	0.00531685	0.42582	0.973782
18	73950000	74000000	30846	157	20426	31311	0.0050898	0.40852	0.985149
18	74000000	74050000	27355	207	29414	27854	0.00756717	0.58828	0.982085
18	74050000	74100000	32207	256	10887	32822	0.00794858	0.21774	0.981263
18	74100000	74150000	30720	256	9863	31184	0.00833333	0.19726	0.985121
18	74150000	74200000	33922	248	9831	34424	0.00731089	0.19662	0.985417
18	74200000	74250000	23967	158	15532	27056	0.0065924	0.31064	0.885829
18	74250000	74300000	27931	239	22385	28330	0.0085568	0.4477	0.985916
18	74300000	74350000	24313	170	23426	26660	0.00699214	0.46852	0.911965
18	74350000	74400000	22828	170	29410	23264	0.00744699	0.5882	0.981259
18	74400000	74450000	24751	190	24498	25855	0.00767646	0.48996	0.9573
18	74450000	74500000	21742	188	31068	22358	0.00864686	0.62136	0.972448
18	74500000	74550000	19002	133	33954	19677	0.00699926	0.67908	0.965696
18	74550000	74600000	28219	128	18407	28569	0.00453595	0.36814	0.987749
18	74600000	74650000	30532	150	13867	30940	0.00491288	0.27734	0.986813
18	74650000	74700000	27243	152	17355	27550	0.00557941	0.3471	0.988857
18	74700000	74750000	29382	231	12432	30419	0.00786196	0.24864	0.965909
18	74750000	74800000	31444	225	14407	31924	0.00715558	0.28814	0.984964
18	74800000	74850000	30553	226	13556	32292	0.00739698	0.27112	0.946148
18	74850000	74900000	27441	255	22055	28792	0.00929266	0.4411	0.953077
18	74900000	74950000	29478	244	22754	29877	0.00827736	0.45508	0.986645
18	74950000	75000000	26210	256	21026	26494	0.00976726	0.42052	0.989281
18	75000000	75050000	24987	222	25268	25312	0.00888462	0.50536	0.98716
18	75050000	75100000	27237	167	24682	27570	0.00613137	0.49364	0.987922
18	75100000	75150000	21416	169	32825	23549	0.0078913	0.6565	0.909423
18	75150000	75200000	29190	169	25717	29456	0.00578965	0.51434	0.99097
18	75200000	75250000	25255	164	21627	25719	0.00649376	0.43254	0.981959
18	75250000	75300000	21283	145	25690	26028	0.00681295	0.5138	0.817696
18	75300000	75350000	29010	239	18981	29360	0.00823854	0.37962	0.988079
18	75350000	75400000	26880	239	22531	27562	0.00889137	0.45062	0.975256
18	75400000	75450000	23663	172	23211	31614	0.00726873	0.46422	0.748498
18	75450000	75500000	34741	237	8323	35180	0.00682191	0.16646	0.987521
18	75500000	75550000	31617	222	20664	31979	0.00702154	0.41328	0.98868
18	75550000	75600000	29088	256	21624	31721	0.00880088	0.43248	0.916995
18	75600000	75650000	30577	341	18106	31881	0.0111522	0.36212	0.959098
18	75650000	75700000	31116	249	15174	31960	0.00800231	0.30348	0.973592
18	75700000	75750000	14773	115	2905	14917	0.00778447	0.0581	0.990347
18	75750000	75800000	17485	155	9264	17738	0.00886474	0.18528	0.985737
18	75800000	75850000	33526	323	10459	34048	0.00963431	0.20918	0.984669
18	75850000	75900000	32917	385	15741	33423	0.0116961	0.31482	0.984861
18	75900000	75950000	30824	274	23544	31424	0.00888918	0.47088	0.980906
18	75950000	76000000	32288	276	15914	33029	0.00854807	0.31828	0.977565
18	76000000	76050000	29690	239	26921	29999	0.00804985	0.53842	0.9897
18	76050000	76100000	33607	328	12715	34035	0.00975987	0.2543	0.987425
18	76100000	76150000	26954	279	21719	27767	0.010351	0.43438	0.970721
18	76150000	76200000	30474	303	12332	31454	0.0099429	0.24664	0.968843
18	76200000	76250000	27517	214	22150	27886	0.00777701	0.443	0.986768
18	76250000	76300000	27617	250	13986	28989	0.0090524	0.27972	0.952672
18	76300000	76350000	28830	255	17694	30182	0.00884495	0.35388	0.955205
18	76350000	76400000	28825	278	12698	31112	0.00964441	0.25396	0.926491
18	76400000	76450000	27552	230	9896	30441	0.00834785	0.19792	0.905095
18	76450000	76500000	29848	282	14649	31741	0.00944787	0.29298	0.940361
18	76500000	76550000	30644	257	13519	31922	0.00838663	0.27038	0.959965
18	76550000	76600000	28368	238	10330	29443	0.00838973	0.2066	0.963489
18	76600000	76650000	25781	221	22141	26325	0.0085722	0.44282	0.979335
18	76650000	76700000	27469	207	14201	27867	0.00753577	0.28402	0.985718
18	76700000	76750000	27979	246	11087	28902	0.00879231	0.22174	0.968064
18	76750000	76800000	24459	171	12980	24766	0.00699129	0.2596	0.987604
18	76800000	76850000	21669	147	30028	23873	0.00678388	0.60056	0.907678
18	76850000	76900000	27788	132	26398	28015	0.00475025	0.52796	0.991897
18	76900000	76950000	27081	122	26608	27332	0.004505	0.53216	0.990817
18	76950000	77000000	27933	129	17911	29314	0.00461819	0.35822	0.952889
18	77000000	77050000	27661	134	21349	27979	0.00484437	0.42698	0.988634
18	77050000	77100000	29642	207	13187	29944	0.00698333	0.26374	0.989915
18	77100000	77150000	28139	184	14934	28923	0.00653897	0.29868	0.972894
18	77150000	77200000	22534	186	9975	26820	0.00825419	0.1995	0.840194
18	77200000	77250000	26551	235	2701	30293	0.00885089	0.05402	0.876473
18	77250000	77300000	27612	298	17135	28523	0.0107924	0.3427	0.968061
18	77300000	77350000	25563	229	11020	28115	0.00895826	0.2204	0.90923
18	77350000	77400000	22935	160	16388	26830	0.00697624	0.32776	0.854827
18	77400000	77450000	23828	168	27654	25566	0.00705053	0.55308	0.932019
18	77450000	77500000	25978	241	10415	28541	0.00927708	0.2083	0.910199
18	77500000	77550000	24106	251	15842	25351	0.0104123	0.31684	0.95089
18	77550000	77600000	23953	161	20730	25645	0.0067215	0.4146	0.934022
18	77600000	77650000	26623	208	23454	27565	0.00781279	0.46908	0.965826
18	77650000	77700000	23814	162	25635	26218	0.00680272	0.5127	0.908307
18	77700000	77750000	23926	188	23039	24473	0.00785756	0.46078	0.977649
18	77750000	77800000	14084	94	42939	15840	0.00667424	0.85878	0.889141
18	77800000	77850000	22798	124	26297	24077	0.00543907	0.52594	0.946879
18	77850000	77900000	25844	122	28512	26884	0.00472063	0.57024	0.961315
18	77900000	77950000	29860	173	12671	30201	0.0057937	0.25342	0.988709
18	77950000	78000000	24103	126	27020	24802	0.00522757	0.5404	0.971817
18	78000000	78050000	8	0	6761	9272	0	0.13522	0.000862813
18	78050000	78100000	0	0	0	0		0	
