chrom	start	end	anc_valid_bp	hum_sub	repeat_bp	mask_bp	sub_rate	repeat_frac	anc_cov
14	0	50000	0	0	0	0		0	
14	50000	100000	0	0	0	0		0	
14	100000	150000	0	0	0	0		0	
14	150000	200000	0	0	0	0		0	
14	200000	250000	0	0	0	0		0	
14	250000	300000	0	0	0	0		0	
14	300000	350000	0	0	0	0		0	
14	350000	400000	0	0	0	0		0	
14	400000	450000	0	0	0	0		0	
14	450000	500000	0	0	0	0		0	
14	500000	550000	0	0	0	0		0	
14	550000	600000	0	0	0	0		0	
14	600000	650000	0	0	0	0		0	
14	650000	700000	0	0	0	0		0	
14	700000	750000	0	0	0	0		0	
14	750000	800000	0	0	0	0		0	
14	800000	850000	0	0	0	0		0	
14	850000	900000	0	0	0	0		0	
14	900000	950000	0	0	0	0		0	
14	950000	1000000	0	0	0	0		0	
14	1000000	1050000	0	0	0	0		0	
14	1050000	1100000	0	0	0	0		0	
14	1100000	1150000	0	0	0	0		0	
14	1150000	1200000	0	0	0	0		0	
14	1200000	1250000	0	0	0	0		0	
14	1250000	1300000	0	0	0	0		0	
14	1300000	1350000	0	0	0	0		0	
14	1350000	1400000	0	0	0	0		0	
14	1400000	1450000	0	0	0	0		0	
14	1450000	1500000	0	0	0	0		0	
14	1500000	1550000	0	0	0	0		0	
14	1550000	1600000	0	0	0	0		0	
14	1600000	1650000	0	0	0	0		0	
14	1650000	1700000	0	0	0	0		0	
14	1700000	1750000	0	0	0	0		0	
14	1750000	1800000	0	0	0	0		0	
14	1800000	1850000	0	0	0	0		0	
14	1850000	1900000	0	0	0	0		0	
14	1900000	1950000	0	0	0	0		0	
14	1950000	2000000	0	0	0	0		0	
14	2000000	2050000	0	0	0	0		0	
14	2050000	2100000	0	0	0	0		0	
14	2100000	2150000	0	0	0	0		0	
14	2150000	2200000	0	0	0	0		0	
14	2200000	2250000	0	0	0	0		0	
14	2250000	2300000	0	0	0	0		0	
14	2300000	2350000	0	0	0	0		0	
14	2350000	2400000	0	0	0	0		0	
14	2400000	2450000	0	0	0	0		0	
14	2450000	2500000	0	0	0	0		0	
14	2500000	2550000	0	0	0	0		0	
14	2550000	2600000	0	0	0	0		0	
14	2600000	2650000	0	0	0	0		0	
14	2650000	2700000	0	0	0	0		0	
14	2700000	2750000	0	0	0	0		0	
14	2750000	2800000	0	0	0	0		0	
14	2800000	2850000	0	0	0	0		0	
14	2850000	2900000	0	0	0	0		0	
14	2900000	2950000	0	0	0	0		0	
14	2950000	3000000	0	0	0	0		0	
14	3000000	3050000	0	0	0	0		0	
14	3050000	3100000	0	0	0	0		0	
14	3100000	3150000	0	0	0	0		0	
14	3150000	3200000	0	0	0	0		0	
14	3200000	3250000	0	0	0	0		0	
14	3250000	3300000	0	0	0	0		0	
14	3300000	3350000	0	0	0	0		0	
14	3350000	3400000	0	0	0	0		0	
14	3400000	3450000	0	0	0	0		0	
14	3450000	3500000	0	0	0	0		0	
14	3500000	3550000	0	0	0	0		0	
14	3550000	3600000	0	0	0	0		0	
14	3600000	3650000	0	0	0	0		0	
14	3650000	3700000	0	0	0	0		0	
14	3700000	3750000	0	0	0	0		0	
14	3750000	3800000	0	0	0	0		0	
14	3800000	3850000	0	0	0	0		0	
14	3850000	3900000	0	0	0	0		0	
14	3900000	3950000	0	0	0	0		0	
14	3950000	4000000	0	0	0	0		0	
14	4000000	4050000	0	0	0	0		0	
14	4050000	4100000	0	0	0	0		0	
14	4100000	4150000	0	0	0	0		0	
14	4150000	4200000	0	0	0	0		0	
14	4200000	4250000	0	0	0	0		0	
14	4250000	4300000	0	0	0	0		0	
14	4300000	4350000	0	0	0	0		0	
14	4350000	4400000	0	0	0	0		0	
14	4400000	4450000	0	0	0	0		0	
14	4450000	4500000	0	0	0	0		0	
14	4500000	4550000	0	0	0	0		0	
14	4550000	4600000	0	0	0	0		0	
14	4600000	4650000	0	0	0	0		0	
14	4650000	4700000	0	0	0	0		0	
14	4700000	4750000	0	0	0	0		0	
14	4750000	4800000	0	0	0	0		0	
14	4800000	4850000	0	0	0	0		0	
14	4850000	4900000	0	0	0	0		0	
14	4900000	4950000	0	0	0	0		0	
14	4950000	5000000	0	0	0	0		0	
14	5000000	5050000	0	0	0	0		0	
14	5050000	5100000	0	0	0	0		0	
14	5100000	5150000	0	0	0	0		0	
14	5150000	5200000	0	0	0	0		0	
14	5200000	5250000	0	0	0	0		0	
14	5250000	5300000	0	0	0	0		0	
14	5300000	5350000	0	0	0	0		0	
14	5350000	5400000	0	0	0	0		0	
14	5400000	5450000	0	0	0	0		0	
14	5450000	5500000	0	0	0	0		0	
14	5500000	5550000	0	0	0	0		0	
14	5550000	5600000	0	0	0	0		0	
14	5600000	5650000	0	0	0	0		0	
14	5650000	5700000	0	0	0	0		0	
14	5700000	5750000	0	0	0	0		0	
14	5750000	5800000	0	0	0	0		0	
14	5800000	5850000	0	0	0	0		0	
14	5850000	5900000	0	0	0	0		0	
14	5900000	5950000	0	0	0	0		0	
14	5950000	6000000	0	0	0	0		0	
14	6000000	6050000	0	0	0	0		0	
14	6050000	6100000	0	0	0	0		0	
14	6100000	6150000	0	0	0	0		0	
14	6150000	6200000	0	0	0	0		0	
14	6200000	6250000	0	0	0	0		0	
14	6250000	6300000	0	0	0	0		0	
14	6300000	6350000	0	0	0	0		0	
14	6350000	6400000	0	0	0	0		0	
14	6400000	6450000	0	0	0	0		0	
14	6450000	6500000	0	0	0	0		0	
14	6500000	6550000	0	0	0	0		0	
14	6550000	6600000	0	0	0	0		0	
14	6600000	6650000	0	0	0	0		0	
14	6650000	6700000	0	0	0	0		0	
14	6700000	6750000	0	0	0	0		0	
14	6750000	6800000	0	0	0	0		0	
14	6800000	6850000	0	0	0	0		0	
14	6850000	6900000	0	0	0	0		0	
14	6900000	6950000	0	0	0	0		0	
14	6950000	7000000	0	0	0	0		0	
14	7000000	7050000	0	0	0	0		0	
14	7050000	7100000	0	0	0	0		0	
14	7100000	7150000	0	0	0	0		0	
14	7150000	7200000	0	0	0	0		0	
14	7200000	7250000	0	0	0	0		0	
14	7250000	7300000	0	0	0	0		0	
14	7300000	7350000	0	0	0	0		0	
14	7350000	7400000	0	0	0	0		0	
14	7400000	7450000	0	0	0	0		0	
14	7450000	7500000	0	0	0	0		0	
14	7500000	7550000	0	0	0	0		0	
14	7550000	7600000	0	0	0	0		0	
14	7600000	7650000	0	0	0	0		0	
14	7650000	7700000	0	0	0	0		0	
14	7700000	7750000	0	0	0	0		0	
14	7750000	7800000	0	0	0	0		0	
14	7800000	7850000	0	0	0	0		0	
14	7850000	7900000	0	0	0	0		0	
14	7900000	7950000	0	0	0	0		0	
14	7950000	8000000	0	0	0	0		0	
14	8000000	8050000	0	0	0	0		0	
14	8050000	8100000	0	0	0	0		0	
14	8100000	8150000	0	0	0	0		0	
14	8150000	8200000	0	0	0	0		0	
14	8200000	8250000	0	0	0	0		0	
14	8250000	8300000	0	0	0	0		0	
14	8300000	8350000	0	0	0	0		0	
14	8350000	8400000	0	0	0	0		0	
14	8400000	8450000	0	0	0	0		0	
14	8450000	8500000	0	0	0	0		0	
14	8500000	8550000	0	0	0	0		0	
14	8550000	8600000	0	0	0	0		0	
14	8600000	8650000	0	0	0	0		0	
14	8650000	8700000	0	0	0	0		0	
14	8700000	8750000	0	0	0	0		0	
14	8750000	8800000	0	0	0	0		0	
14	8800000	8850000	0	0	0	0		0	
14	8850000	8900000	0	0	0	0		0	
14	8900000	8950000	0	0	0	0		0	
14	8950000	9000000	0	0	0	0		0	
14	9000000	9050000	0	0	0	0		0	
14	9050000	9100000	0	0	0	0		0	
14	9100000	9150000	0	0	0	0		0	
14	9150000	9200000	0	0	0	0		0	
14	9200000	9250000	0	0	0	0		0	
14	9250000	9300000	0	0	0	0		0	
14	9300000	9350000	0	0	0	0		0	
14	9350000	9400000	0	0	0	0		0	
14	9400000	9450000	0	0	0	0		0	
14	9450000	9500000	0	0	0	0		0	
14	9500000	9550000	0	0	0	0		0	
14	9550000	9600000	0	0	0	0		0	
14	9600000	9650000	0	0	0	0		0	
14	9650000	9700000	0	0	0	0		0	
14	9700000	9750000	0	0	0	0		0	
14	9750000	9800000	0	0	0	0		0	
14	9800000	9850000	0	0	0	0		0	
14	9850000	9900000	0	0	0	0		0	
14	9900000	9950000	0	0	0	0		0	
14	9950000	10000000	0	0	0	0		0	
14	10000000	10050000	0	0	0	0		0	
14	10050000	10100000	0	0	0	0		0	
14	10100000	10150000	0	0	0	0		0	
14	10150000	10200000	0	0	0	0		0	
14	10200000	10250000	0	0	0	0		0	
14	10250000	10300000	0	0	0	0		0	
14	10300000	10350000	0	0	0	0		0	
14	10350000	10400000	0	0	0	0		0	
14	10400000	10450000	0	0	0	0		0	
14	10450000	10500000	0	0	0	0		0	
14	10500000	10550000	0	0	0	0		0	
14	10550000	10600000	0	0	0	0		0	
14	10600000	10650000	0	0	0	0		0	
14	10650000	10700000	0	0	0	0		0	
14	10700000	10750000	0	0	0	0		0	
14	10750000	10800000	0	0	0	0		0	
14	10800000	10850000	0	0	0	0		0	
14	10850000	10900000	0	0	0	0		0	
14	10900000	10950000	0	0	0	0		0	
14	10950000	11000000	0	0	0	0		0	
14	11000000	11050000	0	0	0	0		0	
14	11050000	11100000	0	0	0	0		0	
14	11100000	11150000	0	0	0	0		0	
14	11150000	11200000	0	0	0	0		0	
14	11200000	11250000	0	0	0	0		0	
14	11250000	11300000	0	0	0	0		0	
14	11300000	11350000	0	0	0	0		0	
14	11350000	11400000	0	0	0	0		0	
14	11400000	11450000	0	0	0	0		0	
14	11450000	11500000	0	0	0	0		0	
14	11500000	11550000	0	0	0	0		0	
14	11550000	11600000	0	0	0	0		0	
14	11600000	11650000	0	0	0	0		0	
14	11650000	11700000	0	0	0	0		0	
14	11700000	11750000	0	0	0	0		0	
14	11750000	11800000	0	0	0	0		0	
14	11800000	11850000	0	0	0	0		0	
14	11850000	11900000	0	0	0	0		0	
14	11900000	11950000	0	0	0	0		0	
14	11950000	12000000	0	0	0	0		0	
14	12000000	12050000	0	0	0	0		0	
14	12050000	12100000	0	0	0	0		0	
14	12100000	12150000	0	0	0	0		0	
14	12150000	12200000	0	0	0	0		0	
14	12200000	12250000	0	0	0	0		0	
14	12250000	12300000	0	0	0	0		0	
14	12300000	12350000	0	0	0	0		0	
14	12350000	12400000	0	0	0	0		0	
14	12400000	12450000	0	0	0	0		0	
14	12450000	12500000	0	0	0	0		0	
14	12500000	12550000	0	0	0	0		0	
14	12550000	12600000	0	0	0	0		0	
14	12600000	12650000	0	0	0	0		0	
14	12650000	12700000	0	0	0	0		0	
14	12700000	12750000	0	0	0	0		0	
14	12750000	12800000	0	0	0	0		0	
14	12800000	12850000	0	0	0	0		0	
14	12850000	12900000	0	0	0	0		0	
14	12900000	12950000	0	0	0	0		0	
14	12950000	13000000	0	0	0	0		0	
14	13000000	13050000	0	0	0	0		0	
14	13050000	13100000	0	0	0	0		0	
14	13100000	13150000	0	0	0	0		0	
14	13150000	13200000	0	0	0	0		0	
14	13200000	13250000	0	0	0	0		0	
14	13250000	13300000	0	0	0	0		0	
14	13300000	13350000	0	0	0	0		0	
14	13350000	13400000	0	0	0	0		0	
14	13400000	13450000	0	0	0	0		0	
14	13450000	13500000	0	0	0	0		0	
14	13500000	13550000	0	0	0	0		0	
14	13550000	13600000	0	0	0	0		0	
14	13600000	13650000	0	0	0	0		0	
14	13650000	13700000	0	0	0	0		0	
14	13700000	13750000	0	0	0	0		0	
14	13750000	13800000	0	0	0	0		0	
14	13800000	13850000	0	0	0	0		0	
14	13850000	13900000	0	0	0	0		0	
14	13900000	13950000	0	0	0	0		0	
14	13950000	14000000	0	0	0	0		0	
14	14000000	14050000	0	0	0	0		0	
14	14050000	14100000	0	0	0	0		0	
14	14100000	14150000	0	0	0	0		0	
14	14150000	14200000	0	0	0	0		0	
14	14200000	14250000	0	0	0	0		0	
14	14250000	14300000	0	0	0	0		0	
14	14300000	14350000	0	0	0	0		0	
14	14350000	14400000	0	0	0	0		0	
14	14400000	14450000	0	0	0	0		0	
14	14450000	14500000	0	0	0	0		0	
14	14500000	14550000	0	0	0	0		0	
14	14550000	14600000	0	0	0	0		0	
14	14600000	14650000	0	0	0	0		0	
14	14650000	14700000	0	0	0	0		0	
14	14700000	14750000	0	0	0	0		0	
14	14750000	14800000	0	0	0	0		0	
14	14800000	14850000	0	0	0	0		0	
14	14850000	14900000	0	0	0	0		0	
14	14900000	14950000	0	0	0	0		0	
14	14950000	15000000	0	0	0	0		0	
14	15000000	15050000	0	0	0	0		0	
14	15050000	15100000	0	0	0	0		0	
14	15100000	15150000	0	0	0	0		0	
14	15150000	15200000	0	0	0	0		0	
14	15200000	15250000	0	0	0	0		0	
14	15250000	15300000	0	0	0	0		0	
14	15300000	15350000	0	0	0	0		0	
14	15350000	15400000	0	0	0	0		0	
14	15400000	15450000	0	0	0	0		0	
14	15450000	15500000	0	0	0	0		0	
14	15500000	15550000	0	0	0	0		0	
14	15550000	15600000	0	0	0	0		0	
14	15600000	15650000	0	0	0	0		0	
14	15650000	15700000	0	0	0	0		0	
14	15700000	15750000	0	0	0	0		0	
14	15750000	15800000	0	0	0	0		0	
14	15800000	15850000	0	0	0	0		0	
14	15850000	15900000	0	0	0	0		0	
14	15900000	15950000	0	0	0	0		0	
14	15950000	16000000	0	0	0	0		0	
14	16000000	16050000	0	0	0	0		0	
14	16050000	16100000	0	0	0	0		0	
14	16100000	16150000	0	0	0	0		0	
14	16150000	16200000	0	0	0	0		0	
14	16200000	16250000	0	0	0	0		0	
14	16250000	16300000	0	0	0	0		0	
14	16300000	16350000	0	0	0	0		0	
14	16350000	16400000	0	0	0	0		0	
14	16400000	16450000	0	0	0	0		0	
14	16450000	16500000	0	0	0	0		0	
14	16500000	16550000	0	0	0	0		0	
14	16550000	16600000	0	0	0	0		0	
14	16600000	16650000	0	0	0	0		0	
14	16650000	16700000	0	0	0	0		0	
14	16700000	16750000	0	0	0	0		0	
14	16750000	16800000	0	0	0	0		0	
14	16800000	16850000	0	0	0	0		0	
14	16850000	16900000	0	0	0	0		0	
14	16900000	16950000	0	0	0	0		0	
14	16950000	17000000	0	0	0	0		0	
14	17000000	17050000	0	0	0	0		0	
14	17050000	17100000	0	0	0	0		0	
14	17100000	17150000	0	0	0	0		0	
14	17150000	17200000	0	0	0	0		0	
14	17200000	17250000	0	0	0	0		0	
14	17250000	17300000	0	0	0	0		0	
14	17300000	17350000	0	0	0	0		0	
14	17350000	17400000	0	0	0	0		0	
14	17400000	17450000	0	0	0	0		0	
14	17450000	17500000	0	0	0	0		0	
14	17500000	17550000	0	0	0	0		0	
14	17550000	17600000	0	0	0	0		0	
14	17600000	17650000	0	0	0	0		0	
14	17650000	17700000	0	0	0	0		0	
14	17700000	17750000	0	0	0	0		0	
14	17750000	17800000	0	0	0	0		0	
14	17800000	17850000	0	0	0	0		0	
14	17850000	17900000	0	0	0	0		0	
14	17900000	17950000	0	0	0	0		0	
14	17950000	18000000	0	0	0	0		0	
14	18000000	18050000	0	0	0	0		0	
14	18050000	18100000	0	0	0	0		0	
14	18100000	18150000	0	0	0	0		0	
14	18150000	18200000	0	0	0	0		0	
14	18200000	18250000	0	0	0	0		0	
14	18250000	18300000	0	0	0	0		0	
14	18300000	18350000	0	0	0	0		0	
14	18350000	18400000	0	0	0	0		0	
14	18400000	18450000	0	0	0	0		0	
14	18450000	18500000	0	0	0	0		0	
14	18500000	18550000	0	0	0	0		0	
14	18550000	18600000	0	0	0	0		0	
14	18600000	18650000	0	0	0	0		0	
14	18650000	18700000	0	0	0	0		0	
14	18700000	18750000	0	0	0	0		0	
14	18750000	18800000	0	0	0	0		0	
14	18800000	18850000	0	0	0	0		0	
14	18850000	18900000	0	0	0	0		0	
14	18900000	18950000	0	0	0	0		0	
14	18950000	19000000	0	0	0	0		0	
14	19000000	19050000	0	0	49993	0		0.99986	
14	19050000	19100000	1	1	33532	5	1	0.67064	0.2
14	19100000	19150000	41	2	33933	44	0.0487805	0.67866	0.931818
14	19150000	19200000	0	0	29151	0		0.58302	
14	19200000	19250000	0	0	49971	0		0.99942	
14	19250000	19300000	0	0	50000	0		1	
14	19300000	19350000	0	0	39355	0		0.7871	
14	19350000	19400000	0	0	22825	0		0.4565	
14	19400000	19450000	0	0	17672	0		0.35344	
14	19450000	19500000	0	0	23946	0		0.47892	
14	19500000	19550000	0	0	35547	0		0.71094	
14	19550000	19600000	0	0	16978	0		0.33956	
14	19600000	19650000	0	0	18156	0		0.36312	
14	19650000	19700000	0	0	25764	0		0.51528	
14	19700000	19750000	0	0	20962	0		0.41924	
14	19750000	19800000	0	0	23822	0		0.47644	
14	19800000	19850000	0	0	20082	0		0.40164	
14	19850000	19900000	0	0	20055	0		0.4011	
14	19900000	19950000	0	0	23863	0		0.47726	
14	19950000	20000000	0	0	20922	0		0.41844	
14	20000000	20050000	0	0	25462	0		0.50924	
14	20050000	20100000	0	0	23783	0		0.47566	
14	20100000	20150000	0	0	23122	0		0.46244	
14	20150000	20200000	0	0	25259	539		0.50518	0
14	20200000	20250000	1256	48	23289	3085	0.0382166	0.46578	0.407131
14	20250000	20300000	1886	74	32424	4059	0.0392365	0.64848	0.464646
14	20300000	20350000	2364	10	24154	14763	0.00423012	0.48308	0.16013
14	20350000	20400000	26404	233	32650	27512	0.00882442	0.653	0.959727
14	20400000	20450000	11126	109	24876	11327	0.00979687	0.49752	0.982255
14	20450000	20500000	22179	181	33318	23694	0.00816087	0.66636	0.93606
14	20500000	20550000	25303	176	30064	25982	0.0069557	0.60128	0.973867
14	20550000	20600000	20199	188	31106	20827	0.00930739	0.62212	0.969847
14	20600000	20650000	10840	91	32018	21995	0.00839483	0.64036	0.492839
14	20650000	20700000	9532	94	22147	26572	0.00986152	0.44294	0.358723
14	20700000	20750000	14479	91	39248	15899	0.00628496	0.78496	0.910686
14	20750000	20800000	22436	117	24586	23134	0.00521483	0.49172	0.969828
14	20800000	20850000	25031	100	23584	25477	0.00399505	0.47168	0.982494
14	20850000	20900000	26342	161	22199	26783	0.00611191	0.44398	0.983534
14	20900000	20950000	27622	161	16658	27861	0.00582869	0.33316	0.991422
14	20950000	21000000	21700	175	27184	24663	0.00806452	0.54368	0.879861
14	21000000	21050000	21617	150	30993	22737	0.00693898	0.61986	0.950741
14	21050000	21100000	26050	133	23690	26471	0.00510557	0.4738	0.984096
14	21100000	21150000	24349	193	24365	24682	0.0079264	0.4873	0.986508
14	21150000	21200000	22547	197	27708	23240	0.0087373	0.55416	0.970181
14	21200000	21250000	23461	151	27365	24198	0.00643621	0.5473	0.969543
14	21250000	21300000	20945	159	33736	21200	0.00759131	0.67472	0.987972
14	21300000	21350000	16671	137	32231	18658	0.00821786	0.64462	0.893504
14	21350000	21400000	682	15	26666	3017	0.0219941	0.53332	0.226052
14	21400000	21450000	11020	98	27297	12545	0.00889292	0.54594	0.878438
14	21450000	21500000	26461	194	15894	27078	0.00733154	0.31788	0.977214
14	21500000	21550000	31341	199	13830	33360	0.00634951	0.2766	0.939478
14	21550000	21600000	25073	120	22867	25577	0.00478602	0.45734	0.980295
14	21600000	21650000	14597	109	38971	17374	0.00746729	0.77942	0.840163
14	21650000	21700000	21561	99	29482	21923	0.00459162	0.58964	0.983488
14	21700000	21750000	19653	100	23876	20840	0.00508828	0.47752	0.943042
14	21750000	21800000	16611	137	29416	18479	0.00824755	0.58832	0.898912
14	21800000	21850000	20987	106	24517	21512	0.00505075	0.49034	0.975595
14	21850000	21900000	26713	111	17597	26839	0.00415528	0.35194	0.995305
14	21900000	21950000	21734	116	22004	22506	0.00533726	0.44008	0.965698
14	21950000	22000000	22965	96	19575	23444	0.00418027	0.3915	0.979568
14	22000000	22050000	15951	98	28294	17048	0.00614382	0.56588	0.935652
14	22050000	22100000	12802	116	28336	19642	0.00906108	0.56672	0.651767
14	22100000	22150000	24586	186	23752	24973	0.00756528	0.47504	0.984503
14	22150000	22200000	25875	217	29686	26731	0.00838647	0.59372	0.967977
14	22200000	22250000	23145	153	27857	23427	0.0066105	0.55714	0.987963
14	22250000	22300000	24909	200	25760	25217	0.00802923	0.5152	0.987786
14	22300000	22350000	29202	202	21684	29651	0.00691733	0.43368	0.984857
14	22350000	22400000	10138	92	23113	26800	0.00907477	0.46226	0.378284
14	22400000	22450000	0	0	31776	23258		0.63552	0
14	22450000	22500000	27897	243	25087	31482	0.00871061	0.50174	0.886125
14	22500000	22550000	28301	217	28766	29042	0.00766757	0.57532	0.974485
14	22550000	22600000	29199	256	24464	29939	0.00876742	0.48928	0.975283
14	22600000	22650000	33406	206	21208	33828	0.00616656	0.42416	0.987525
14	22650000	22700000	26935	187	24547	27359	0.00694264	0.49094	0.984502
14	22700000	22750000	21122	153	29891	21368	0.00724363	0.59782	0.988487
14	22750000	22800000	29732	223	21836	30836	0.00750034	0.43672	0.964198
14	22800000	22850000	22428	145	31369	23038	0.00646513	0.62738	0.973522
14	22850000	22900000	36033	285	10853	36410	0.00790942	0.21706	0.989646
14	22900000	22950000	35282	246	12926	35695	0.00697239	0.25852	0.98843
14	22950000	23000000	34955	279	6258	35697	0.00798169	0.12516	0.979214
14	23000000	23050000	29847	223	16294	30147	0.00747144	0.32588	0.990049
14	23050000	23100000	23652	134	26250	24963	0.00566548	0.525	0.947482
14	23100000	23150000	15912	112	34250	18739	0.00703871	0.685	0.849138
14	23150000	23200000	13755	104	37247	14293	0.00756089	0.74494	0.962359
14	23200000	23250000	21834	131	32841	22260	0.00599982	0.65682	0.980863
14	23250000	23300000	20422	113	29979	20817	0.00553325	0.59958	0.981025
14	23300000	23350000	20658	97	20932	24557	0.00469552	0.41864	0.841227
14	23350000	23400000	23766	100	19382	24050	0.00420769	0.38764	0.988191
14	23400000	23450000	19169	81	25136	19584	0.00422557	0.50272	0.978809
14	23450000	23500000	19367	81	20827	22403	0.00418237	0.41654	0.864482
14	23500000	23550000	28832	129	12705	29020	0.0044742	0.2541	0.993522
14	23550000	23600000	28663	149	15459	28891	0.00519834	0.30918	0.992108
14	23600000	23650000	27159	154	19393	28081	0.00567031	0.38786	0.967166
14	23650000	23700000	14620	96	41852	14835	0.00656635	0.83704	0.985507
14	23700000	23750000	20077	75	29288	20818	0.00373562	0.58576	0.964406
14	23750000	23800000	23338	131	20107	23553	0.00561316	0.40214	0.990872
14	23800000	23850000	27520	199	23077	28086	0.0072311	0.46154	0.979848
14	23850000	23900000	27009	174	7013	29922	0.0064423	0.14026	0.902647
14	23900000	23950000	26572	226	27500	26965	0.00850519	0.55	0.985426
14	23950000	24000000	28435	186	15703	29960	0.00654123	0.31406	0.949099
14	24000000	24050000	29254	132	10865	30498	0.0045122	0.2173	0.95921
14	24050000	24100000	19286	153	39478	19610	0.00793322	0.78956	0.983478
14	24100000	24150000	28709	177	24322	31133	0.00616531	0.48644	0.92214
14	24150000	24200000	22319	209	37186	24521	0.00936422	0.74372	0.910199
14	24200000	24250000	21144	204	29722	21431	0.00964813	0.59444	0.986608
14	24250000	24300000	20275	122	32062	23047	0.00601726	0.64124	0.879724
14	24300000	24350000	24049	182	38430	24313	0.00756788	0.7686	0.989142
14	24350000	24400000	23721	171	32098	24651	0.0072088	0.64196	0.962273
14	24400000	24450000	7016	46	30605	7413	0.00655644	0.6121	0.946445
14	24450000	24500000	287	7	36002	331	0.0243902	0.72004	0.867069
14	24500000	24550000	22877	103	12211	23143	0.00450234	0.24422	0.988506
14	24550000	24600000	15981	75	21651	24787	0.00469307	0.43302	0.644733
14	24600000	24650000	20092	96	15919	26328	0.00477802	0.31838	0.763142
14	24650000	24700000	24552	90	22246	24746	0.00366569	0.44492	0.99216
14	24700000	24750000	31338	184	13583	32073	0.00587147	0.27166	0.977084
14	24750000	24800000	31824	173	13317	32181	0.00543615	0.26634	0.988906
14	24800000	24850000	28983	149	20003	29693	0.00514094	0.40006	0.976089
14	24850000	24900000	31386	163	20741	33123	0.0051934	0.41482	0.947559
14	24900000	24950000	23661	117	30890	23891	0.00494485	0.6178	0.990373
14	24950000	25000000	18186	192	31999	20803	0.0105576	0.63998	0.874201
14	25000000	25050000	20359	146	37795	20629	0.00717128	0.7559	0.986912
14	25050000	25100000	16164	157	36626	16848	0.00971294	0.73252	0.959402
14	25100000	25150000	27726	172	28878	28007	0.00620356	0.57756	0.989967
14	25150000	25200000	28838	186	24417	29289	0.00644982	0.48834	0.984602
14	25200000	25250000	21171	197	32583	22193	0.00930518	0.65166	0.953949
14	25250000	25300000	32511	189	14472	34440	0.00581342	0.28944	0.94399
14	25300000	25350000	33763	175	14441	34641	0.00518319	0.28882	0.974654
14	25350000	25400000	34477	243	15888	34858	0.00704818	0.31776	0.98907
14	25400000	25450000	32247	251	16939	32549	0.00778367	0.33878	0.990722
14	25450000	25500000	27928	138	19959	32286	0.00494128	0.39918	0.865019
14	25500000	25550000	30878	225	21234	31904	0.00728674	0.42468	0.967841
14	25550000	25600000	25780	169	23668	27192	0.00655547	0.47336	0.948073
14	25600000	25650000	21815	148	31002	23044	0.00678432	0.62004	0.946667
14	25650000	25700000	22621	150	29601	22885	0.00663101	0.59202	0.988464
14	25700000	25750000	28116	195	24282	28411	0.00693555	0.48564	0.989617
14	25750000	25800000	20393	128	37805	20588	0.00627666	0.7561	0.990528
14	25800000	25850000	22366	191	32162	22579	0.00853975	0.64324	0.990566
14	25850000	25900000	25515	168	22721	25923	0.00658436	0.45442	0.984261
14	25900000	25950000	29131	177	24545	29410	0.006076	0.4909	0.990513
14	25950000	26000000	32829	205	19431	33090	0.00624448	0.38862	0.992112
14	26000000	26050000	30036	159	24912	30490	0.00529365	0.49824	0.98511
14	26050000	26100000	23567	190	30647	23824	0.00806212	0.61294	0.989213
14	26100000	26150000	30355	179	22432	30681	0.00589689	0.44864	0.989375
14	26150000	26200000	25937	165	33255	27788	0.00636157	0.6651	0.933389
14	26200000	26250000	22673	199	28691	22952	0.00877696	0.57382	0.987844
14	26250000	26300000	30418	171	21379	30740	0.00562167	0.42758	0.989525
14	26300000	26350000	29845	178	17954	30098	0.00596415	0.35908	0.991594
14	26350000	26400000	33689	224	18207	34115	0.00664905	0.36414	0.987513
14	26400000	26450000	29821	205	28365	30090	0.00687435	0.5673	0.99106
14	26450000	26500000	26202	233	28698	26471	0.00889245	0.57396	0.989838
14	26500000	26550000	34276	188	17667	34566	0.00548489	0.35334	0.99161
14	26550000	26600000	28113	189	26044	28409	0.00672287	0.52088	0.989581
14	26600000	26650000	31011	199	20661	31801	0.00641708	0.41322	0.975158
14	26650000	26700000	32535	211	18547	33050	0.00648532	0.37094	0.984418
14	26700000	26750000	29950	178	21709	30771	0.00594324	0.43418	0.973319
14	26750000	26800000	25091	194	30458	25480	0.00773186	0.60916	0.984733
14	26800000	26850000	29862	185	25412	30145	0.00619516	0.50824	0.990612
14	26850000	26900000	33858	191	13783	34160	0.00564121	0.27566	0.991159
14	26900000	26950000	32161	154	12605	32473	0.00478841	0.2521	0.990392
14	26950000	27000000	29844	185	19849	30083	0.0061989	0.39698	0.992055
14	27000000	27050000	31132	149	21494	31552	0.00478607	0.42988	0.986689
14	27050000	27100000	29978	140	19554	30466	0.00467009	0.39108	0.983982
14	27100000	27150000	20386	134	28208	20555	0.00657314	0.56416	0.991778
14	27150000	27200000	30311	163	21367	30591	0.00537759	0.42734	0.990847
14	27200000	27250000	28152	185	24024	28376	0.00657147	0.48048	0.992106
14	27250000	27300000	33170	181	14141	33646	0.00545674	0.28282	0.985853
14	27300000	27350000	33001	174	14893	33244	0.00527257	0.29786	0.99269
14	27350000	27400000	30476	158	24357	31634	0.00518441	0.48714	0.963394
14	27400000	27450000	31909	167	17799	32496	0.00523363	0.35598	0.981936
14	27450000	27500000	32625	207	21570	32909	0.00634483	0.4314	0.99137
14	27500000	27550000	28477	188	23489	28971	0.00660182	0.46978	0.982948
14	27550000	27600000	28267	149	24704	28642	0.00527116	0.49408	0.986907
14	27600000	27650000	27089	184	30380	27476	0.00679242	0.6076	0.985915
14	27650000	27700000	27977	188	22231	28368	0.00671981	0.44462	0.986217
14	27700000	27750000	28801	226	21543	30066	0.00784695	0.43086	0.957926
14	27750000	27800000	17183	154	31622	27468	0.00896235	0.63244	0.625564
14	27800000	27850000	25713	161	27495	26011	0.00626142	0.5499	0.988543
14	27850000	27900000	32547	191	18508	33118	0.00586844	0.37016	0.982759
14	27900000	27950000	30003	212	27312	30365	0.00706596	0.54624	0.988078
14	27950000	28000000	22408	188	36621	23954	0.00838986	0.73242	0.93546
14	28000000	28050000	24770	123	28834	27825	0.00496568	0.57668	0.890207
14	28050000	28100000	27772	170	33874	28526	0.00612127	0.67748	0.973568
14	28100000	28150000	24693	110	30726	25034	0.0044547	0.61452	0.986379
14	28150000	28200000	31979	183	17992	32285	0.00572251	0.35984	0.990522
14	28200000	28250000	9260	57	29925	9710	0.00615551	0.5985	0.953656
14	28250000	28300000	955	24	17854	1079	0.0251309	0.35708	0.885079
14	28300000	28350000	11626	104	29417	11913	0.00894547	0.58834	0.975909
14	28350000	28400000	25837	168	32231	26726	0.0065023	0.64462	0.966737
14	28400000	28450000	25245	170	31176	25666	0.00673401	0.62352	0.983597
14	28450000	28500000	31183	176	23817	31467	0.0056441	0.47634	0.990975
14	28500000	28550000	27148	194	29406	27354	0.00714601	0.58812	0.992469
14	28550000	28600000	31412	242	26907	31736	0.00770406	0.53814	0.989791
14	28600000	28650000	24073	141	22275	25520	0.00585718	0.4455	0.943299
14	28650000	28700000	22391	165	33808	22594	0.00736903	0.67616	0.991015
14	28700000	28750000	23634	148	35609	24049	0.00626216	0.71218	0.982744
14	28750000	28800000	23829	197	30527	24083	0.00826724	0.61054	0.989453
14	28800000	28850000	29506	200	22465	29840	0.00677828	0.4493	0.988807
14	28850000	28900000	23461	177	34263	23854	0.00754444	0.68526	0.983525
14	28900000	28950000	27389	222	33176	27942	0.00810544	0.66352	0.980209
14	28950000	29000000	23547	180	27949	24012	0.00764429	0.55898	0.980635
14	29000000	29050000	24939	175	29688	25259	0.00701712	0.59376	0.987331
14	29050000	29100000	30826	206	22105	31108	0.00668267	0.4421	0.990935
14	29100000	29150000	25937	143	29211	26263	0.00551336	0.58422	0.987587
14	29150000	29200000	26324	166	31914	26562	0.00630603	0.63828	0.99104
14	29200000	29250000	32934	171	11738	33227	0.0051922	0.23476	0.991182
14	29250000	29300000	28189	151	25253	29382	0.0053567	0.50506	0.959397
14	29300000	29350000	27041	130	22766	27321	0.00480751	0.45532	0.989751
14	29350000	29400000	29751	114	22512	30177	0.0038318	0.45024	0.985883
14	29400000	29450000	26552	123	25970	26819	0.00463242	0.5194	0.990044
14	29450000	29500000	21300	135	30181	21471	0.00633803	0.60362	0.992036
14	29500000	29550000	32387	154	20775	33055	0.00475499	0.4155	0.979791
14	29550000	29600000	31277	144	20174	31510	0.00460402	0.40348	0.992606
14	29600000	29650000	26649	146	25830	27004	0.00547863	0.5166	0.986854
14	29650000	29700000	33561	165	14694	33860	0.00491642	0.29388	0.99117
14	29700000	29750000	29813	173	22895	30151	0.00580284	0.4579	0.98879
14	29750000	29800000	26866	257	30606	27689	0.00956599	0.61212	0.970277
14	29800000	29850000	31768	159	18859	32411	0.00500504	0.37718	0.980161
14	29850000	29900000	27881	125	20464	28425	0.00448334	0.40928	0.980862
14	29900000	29950000	30580	205	18513	31888	0.00670373	0.37026	0.958981
14	29950000	30000000	27508	155	21559	27780	0.00563472	0.43118	0.990209
14	30000000	30050000	29557	189	21276	29812	0.00639442	0.42552	0.991446
14	30050000	30100000	30623	178	17867	30912	0.00581262	0.35734	0.990651
14	30100000	30150000	30789	186	17408	31033	0.00604112	0.34816	0.992137
14	30150000	30200000	32255	232	20954	32543	0.00719268	0.41908	0.99115
14	30200000	30250000	26737	159	27546	27255	0.00594682	0.55092	0.980994
14	30250000	30300000	29463	141	22055	29652	0.00478566	0.4411	0.993626
14	30300000	30350000	25097	170	27778	25362	0.00677372	0.55556	0.989551
14	30350000	30400000	28685	168	18884	28922	0.00585672	0.37768	0.991806
14	30400000	30450000	20615	101	32463	20799	0.00489935	0.64926	0.991153
14	30450000	30500000	31749	170	23437	32034	0.0053545	0.46874	0.991103
14	30500000	30550000	21751	148	30674	22487	0.00680428	0.61348	0.96727
14	30550000	30600000	21116	100	30863	21439	0.00473575	0.61726	0.984934
14	30600000	30650000	29295	184	24185	29526	0.00628094	0.4837	0.992176
14	30650000	30700000	33911	148	15875	34155	0.00436437	0.3175	0.992856
14	30700000	30750000	32402	122	14966	32763	0.0037652	0.29932	0.988981
14	30750000	30800000	30103	168	19896	31566	0.00558084	0.39792	0.953653
14	30800000	30850000	26307	141	21474	27020	0.00535979	0.42948	0.973612
14	30850000	30900000	28958	132	27335	29246	0.00455833	0.5467	0.990152
14	30900000	30950000	27950	153	24292	28219	0.00547406	0.48584	0.990467
14	30950000	31000000	30667	172	26999	31466	0.00560863	0.53998	0.974608
14	31000000	31050000	25734	124	32766	25944	0.00481853	0.65532	0.991906
14	31050000	31100000	27768	147	18586	27958	0.00529386	0.37172	0.993204
14	31100000	31150000	26684	113	23863	26851	0.00423475	0.47726	0.99378
14	31150000	31200000	25115	84	23054	25319	0.00334461	0.46108	0.991943
14	31200000	31250000	30130	170	25886	30438	0.00564222	0.51772	0.989881
14	31250000	31300000	25752	174	37184	25968	0.00675676	0.74368	0.991682
14	31300000	31350000	25179	131	28530	25749	0.00520275	0.5706	0.977863
14	31350000	31400000	28788	104	16112	29507	0.00361262	0.32224	0.975633
14	31400000	31450000	20512	89	32023	20671	0.00433892	0.64046	0.992308
14	31450000	31500000	18286	91	29639	19571	0.00497648	0.59278	0.934342
14	31500000	31550000	17781	92	30377	17980	0.00517406	0.60754	0.988932
14	31550000	31600000	23466	111	20151	23611	0.00473025	0.40302	0.993859
14	31600000	31650000	22274	88	25414	22415	0.00395079	0.50828	0.99371
14	31650000	31700000	18488	67	32443	18970	0.00362397	0.64886	0.974591
14	31700000	31750000	13396	96	37505	13549	0.00716632	0.7501	0.988708
14	31750000	31800000	21389	119	25865	21562	0.00556361	0.5173	0.991977
14	31800000	31850000	21907	127	27693	22108	0.00579723	0.55386	0.990908
14	31850000	31900000	24961	105	23420	25185	0.00420656	0.4684	0.991106
14	31900000	31950000	22657	127	27876	22931	0.00560533	0.55752	0.988051
14	31950000	32000000	21836	133	30706	22033	0.00609086	0.61412	0.991059
14	32000000	32050000	27814	132	29666	28029	0.00474581	0.59332	0.992329
14	32050000	32100000	19975	86	32904	20439	0.00430538	0.65808	0.977298
14	32100000	32150000	15703	74	38836	15838	0.00471248	0.77672	0.991476
14	32150000	32200000	21294	109	33362	21647	0.00511881	0.66724	0.983693
14	32200000	32250000	22012	105	33639	24347	0.00477013	0.67278	0.904095
14	32250000	32300000	18005	90	34096	18311	0.00499861	0.68192	0.983289
14	32300000	32350000	25501	147	29088	25775	0.00576448	0.58176	0.98937
14	32350000	32400000	30327	192	29990	30693	0.00633099	0.5998	0.988075
14	32400000	32450000	28978	153	26082	29295	0.00527987	0.52164	0.989179
14	32450000	32500000	30609	201	23580	30888	0.0065667	0.4716	0.990967
14	32500000	32550000	29769	149	15549	30513	0.00500521	0.31098	0.975617
14	32550000	32600000	26015	107	23965	26876	0.00411301	0.4793	0.967964
14	32600000	32650000	21820	107	31939	22173	0.00490376	0.63878	0.98408
14	32650000	32700000	26609	135	22713	27502	0.00507347	0.45426	0.96753
14	32700000	32750000	18669	119	34116	19305	0.0063742	0.68232	0.967055
14	32750000	32800000	26943	150	24366	27283	0.00556731	0.48732	0.987538
14	32800000	32850000	30506	177	22598	30812	0.00580214	0.45196	0.990069
14	32850000	32900000	27795	193	23712	28347	0.00694369	0.47424	0.980527
14	32900000	32950000	27394	169	20625	27594	0.00616923	0.4125	0.992752
14	32950000	33000000	23178	128	28973	23357	0.00552248	0.57946	0.992336
14	33000000	33050000	30763	190	18031	30962	0.00617625	0.36062	0.993573
14	33050000	33100000	29182	215	18535	29454	0.00736756	0.3707	0.990765
14	33100000	33150000	34022	193	11328	34282	0.0056728	0.22656	0.992416
14	33150000	33200000	32390	197	13721	32662	0.00608212	0.27442	0.991672
14	33200000	33250000	27785	161	24080	28048	0.00579449	0.4816	0.990623
14	33250000	33300000	24325	152	24022	24530	0.00624872	0.48044	0.991643
14	33300000	33350000	18542	121	34975	18914	0.00652573	0.6995	0.980332
14	33350000	33400000	29830	214	23100	30099	0.00717399	0.462	0.991063
14	33400000	33450000	29663	172	13551	30586	0.00579847	0.27102	0.969823
14	33450000	33500000	30464	160	18385	30700	0.0052521	0.3677	0.992313
14	33500000	33550000	33391	178	12953	34002	0.00533078	0.25906	0.98203
14	33550000	33600000	27624	157	18012	27860	0.00568346	0.36024	0.991529
14	33600000	33650000	31417	214	18143	31884	0.0068116	0.36286	0.985353
14	33650000	33700000	34053	219	12081	34342	0.00643115	0.24162	0.991585
14	33700000	33750000	34017	217	11100	34351	0.00637916	0.222	0.990277
14	33750000	33800000	34580	212	10772	34890	0.00613071	0.21544	0.991115
14	33800000	33850000	35438	283	12787	35836	0.00798578	0.25574	0.988894
14	33850000	33900000	35087	218	8217	35541	0.00621313	0.16434	0.987226
14	33900000	33950000	34102	251	14918	34429	0.00736027	0.29836	0.990502
14	33950000	34000000	34059	260	10562	34461	0.00763381	0.21124	0.988335
14	34000000	34050000	34297	270	8589	34922	0.00787241	0.17178	0.982103
14	34050000	34100000	34634	218	13152	34926	0.00629439	0.26304	0.991639
14	34100000	34150000	32532	261	11810	32978	0.00802287	0.2362	0.986476
14	34150000	34200000	35179	307	10109	35555	0.0087268	0.20218	0.989425
14	34200000	34250000	33828	193	11683	34124	0.00570533	0.23366	0.991326
14	34250000	34300000	27258	165	19832	27470	0.00605327	0.39664	0.992282
14	34300000	34350000	22286	164	31658	24299	0.00735888	0.63316	0.917157
14	34350000	34400000	13060	96	30504	27352	0.00735069	0.61008	0.477479
14	34400000	34450000	27142	178	20880	27367	0.0065581	0.4176	0.991778
14	34450000	34500000	24633	180	23919	28622	0.00730727	0.47838	0.860632
14	34500000	34550000	29652	195	23788	29915	0.00657628	0.47576	0.991208
14	34550000	34600000	32854	203	17919	33149	0.00617885	0.35838	0.991101
14	34600000	34650000	25994	204	24624	26337	0.00784796	0.49248	0.986976
14	34650000	34700000	29474	185	20864	29788	0.00627672	0.41728	0.989459
14	34700000	34750000	31606	206	22271	32218	0.00651775	0.44542	0.981004
14	34750000	34800000	18570	110	33119	22144	0.00592353	0.66238	0.838602
14	34800000	34850000	17931	115	32544	22120	0.00641347	0.65088	0.810624
14	34850000	34900000	16684	130	39249	17271	0.0077919	0.78498	0.966012
14	34900000	34950000	16297	100	29374	16865	0.0061361	0.58748	0.966321
14	34950000	35000000	13113	71	37959	13344	0.00541447	0.75918	0.982689
14	35000000	35050000	6474	43	31704	9427	0.00664195	0.63408	0.686751
14	35050000	35100000	2760	13	32513	15104	0.00471014	0.65026	0.182733
14	35100000	35150000	862	7	36543	14926	0.00812065	0.73086	0.0577516
14	35150000	35200000	20392	119	28298	20586	0.00583562	0.56596	0.990576
14	35200000	35250000	19649	71	27966	19860	0.00361342	0.55932	0.989376
14	35250000	35300000	20816	73	26628	21174	0.00350692	0.53256	0.983092
14	35300000	35350000	20445	77	24423	20811	0.0037662	0.48846	0.982413
14	35350000	35400000	17535	109	30812	17675	0.00621614	0.61624	0.992079
14	35400000	35450000	15988	85	30292	16902	0.00531649	0.60584	0.945924
14	35450000	35500000	22183	95	27787	22607	0.00428256	0.55574	0.981245
14	35500000	35550000	15061	68	33917	15706	0.00451497	0.67834	0.958933
14	35550000	35600000	17935	76	27017	19143	0.00423752	0.54034	0.936896
14	35600000	35650000	18181	80	36322	18467	0.0044002	0.72644	0.984513
14	35650000	35700000	21501	104	28769	21832	0.00483698	0.57538	0.984839
14	35700000	35750000	23023	83	26369	23847	0.00360509	0.52738	0.965446
14	35750000	35800000	19441	73	28343	20334	0.00375495	0.56686	0.956083
14	35800000	35850000	23246	143	24007	23877	0.0061516	0.48014	0.973573
14	35850000	35900000	22798	172	21926	23682	0.00754452	0.43852	0.962672
14	35900000	35950000	20542	107	31159	20979	0.00520884	0.62318	0.97917
14	35950000	36000000	22973	90	30515	23390	0.00391764	0.6103	0.982172
14	36000000	36050000	30106	94	12080	30306	0.0031223	0.2416	0.993401
14	36050000	36100000	20102	116	36370	20364	0.00577057	0.7274	0.987134
14	36100000	36150000	22844	101	27188	23005	0.00442129	0.54376	0.993002
14	36150000	36200000	24918	83	22483	25079	0.00333093	0.44966	0.99358
14	36200000	36250000	22526	85	28826	22691	0.00377342	0.57652	0.992728
14	36250000	36300000	17644	74	34251	18144	0.00419406	0.68502	0.972443
14	36300000	36350000	20955	87	30831	21086	0.00415175	0.61662	0.993787
14	36350000	36400000	17214	170	39595	22299	0.00987568	0.7919	0.771963
14	36400000	36450000	27468	137	22268	27685	0.00498762	0.44536	0.992162
14	36450000	36500000	28461	145	20850	28705	0.00509469	0.417	0.9915
14	36500000	36550000	28077	121	20922	29193	0.00430958	0.41844	0.961772
14	36550000	36600000	27790	160	27432	28040	0.00575747	0.54864	0.991084
14	36600000	36650000	24276	148	31152	24842	0.00609656	0.62304	0.977216
14	36650000	36700000	28709	186	21487	29313	0.0064788	0.42974	0.979395
14	36700000	36750000	28133	168	21826	28347	0.00597163	0.43652	0.992451
14	36750000	36800000	32351	143	17458	32848	0.00442027	0.34916	0.98487
14	36800000	36850000	27737	98	23931	28412	0.00353319	0.47862	0.976242
14	36850000	36900000	26077	111	25787	26290	0.00425662	0.51574	0.991898
14	36900000	36950000	32021	179	15463	32276	0.00559008	0.30926	0.992099
14	36950000	37000000	33517	183	10064	33936	0.00545992	0.20128	0.987653
14	37000000	37050000	30380	145	24030	30649	0.00477288	0.4806	0.991223
14	37050000	37100000	30854	198	21627	31144	0.00641732	0.43254	0.990688
14	37100000	37150000	32654	139	7740	33123	0.00425675	0.1548	0.985841
14	37150000	37200000	28953	154	18808	29156	0.00531897	0.37616	0.993037
14	37200000	37250000	30187	166	19715	30586	0.00549906	0.3943	0.986955
14	37250000	37300000	32287	156	14219	33217	0.00483167	0.28438	0.972002
14	37300000	37350000	35537	193	13275	35765	0.00543096	0.2655	0.993625
14	37350000	37400000	26877	136	23873	27826	0.00506009	0.47746	0.965895
14	37400000	37450000	32876	167	11258	33522	0.00507969	0.22516	0.980729
14	37450000	37500000	28637	156	20861	29266	0.0054475	0.41722	0.978507
14	37500000	37550000	31647	167	20570	31888	0.00527696	0.4114	0.992442
14	37550000	37600000	30268	151	18719	30592	0.00498877	0.37438	0.989409
14	37600000	37650000	22824	126	26289	24116	0.0055205	0.52578	0.946426
14	37650000	37700000	15585	86	38442	15750	0.00551813	0.76884	0.989524
14	37700000	37750000	30363	132	14899	30569	0.0043474	0.29798	0.993261
14	37750000	37800000	25065	125	34264	25237	0.00498703	0.68528	0.993185
14	37800000	37850000	16803	79	38927	17059	0.00470154	0.77854	0.984993
14	37850000	37900000	29367	121	21766	29624	0.00412027	0.43532	0.991325
14	37900000	37950000	22719	134	31740	23033	0.00589815	0.6348	0.986367
14	37950000	38000000	21322	124	28653	21502	0.00581559	0.57306	0.991629
14	38000000	38050000	31431	138	21308	31797	0.00439057	0.42616	0.988489
14	38050000	38100000	30174	136	14931	30525	0.00450719	0.29862	0.988501
14	38100000	38150000	23511	138	32316	23755	0.00586959	0.64632	0.989728
14	38150000	38200000	26993	123	30403	27340	0.00455674	0.60806	0.987308
14	38200000	38250000	18429	114	36878	19553	0.0061859	0.73756	0.942515
14	38250000	38300000	29146	168	22418	29880	0.00576408	0.44836	0.975435
14	38300000	38350000	31150	141	23305	31445	0.00452648	0.4661	0.990619
14	38350000	38400000	28997	153	23985	29237	0.00527641	0.4797	0.991791
14	38400000	38450000	23274	146	30227	23480	0.00627309	0.60454	0.991227
14	38450000	38500000	26728	190	27726	26999	0.00710865	0.55452	0.989963
14	38500000	38550000	28009	167	28887	28297	0.00596237	0.57774	0.989822
14	38550000	38600000	26213	201	30324	26584	0.00766795	0.60648	0.986044
14	38600000	38650000	32107	189	21312	32584	0.00588657	0.42624	0.985361
14	38650000	38700000	26802	197	23015	27433	0.0073502	0.4603	0.976999
14	38700000	38750000	27499	177	27602	27766	0.0064366	0.55204	0.990384
14	38750000	38800000	24330	164	32617	24902	0.00674065	0.65234	0.97703
14	38800000	38850000	19207	102	26984	20073	0.00531056	0.53968	0.956857
14	38850000	38900000	28606	175	23251	28851	0.0061176	0.46502	0.991508
14	38900000	38950000	21010	105	33519	21258	0.00499762	0.67038	0.988334
14	38950000	39000000	26469	143	34312	26704	0.00540255	0.68624	0.9912
14	39000000	39050000	24240	213	33255	24485	0.00878713	0.6651	0.989994
14	39050000	39100000	20173	163	39594	20480	0.00808011	0.79188	0.98501
14	39100000	39150000	20431	151	32174	20689	0.00739073	0.64348	0.98753
14	39150000	39200000	23228	142	30914	23742	0.00611331	0.61828	0.978351
14	39200000	39250000	28125	173	22735	28415	0.00615111	0.4547	0.989794
14	39250000	39300000	24204	139	29093	24346	0.00574285	0.58186	0.994167
14	39300000	39350000	29317	133	23850	29665	0.00453662	0.477	0.988269
14	39350000	39400000	23873	156	27445	24106	0.00653458	0.5489	0.990334
14	39400000	39450000	20262	124	31722	20440	0.00611983	0.63444	0.991292
14	39450000	39500000	22421	123	27486	22672	0.00548593	0.54972	0.988929
14	39500000	39550000	24473	111	25598	24960	0.00453561	0.51196	0.980489
14	39550000	39600000	19125	63	27147	19399	0.00329412	0.54294	0.985876
14	39600000	39650000	18973	107	26201	19306	0.00563959	0.52402	0.982751
14	39650000	39700000	16347	82	31626	17382	0.00501621	0.63252	0.940456
14	39700000	39750000	20336	82	28837	20482	0.00403226	0.57674	0.992872
14	39750000	39800000	21237	102	26709	21483	0.00480294	0.53418	0.988549
14	39800000	39850000	19366	105	34577	19545	0.00542187	0.69154	0.990842
14	39850000	39900000	24821	107	28461	25173	0.00431087	0.56922	0.986017
14	39900000	39950000	22113	100	34474	22283	0.00452223	0.68948	0.992371
14	39950000	40000000	15083	74	40068	17413	0.00490619	0.80136	0.866192
14	40000000	40050000	24223	117	35069	24521	0.00483012	0.70138	0.987847
14	40050000	40100000	22508	105	28851	22709	0.00466501	0.57702	0.991149
14	40100000	40150000	23563	104	28784	23792	0.0044137	0.57568	0.990375
14	40150000	40200000	27702	118	26526	28042	0.00425962	0.53052	0.987875
14	40200000	40250000	25931	100	28067	26200	0.00385639	0.56134	0.989733
14	40250000	40300000	26848	193	26566	28378	0.00718862	0.53132	0.946085
14	40300000	40350000	32680	210	22164	33249	0.00642595	0.44328	0.982887
14	40350000	40400000	20722	175	30037	20956	0.00844513	0.60074	0.988834
14	40400000	40450000	23750	162	27622	23990	0.00682105	0.55244	0.989996
14	40450000	40500000	28727	168	21656	29045	0.00584816	0.43312	0.989051
14	40500000	40550000	33597	181	20770	33868	0.00538739	0.4154	0.991998
14	40550000	40600000	22270	123	31212	22448	0.00552313	0.62424	0.992071
14	40600000	40650000	20568	150	37838	20861	0.00729288	0.75676	0.985955
14	40650000	40700000	28710	237	28598	29050	0.00825496	0.57196	0.988296
14	40700000	40750000	22522	105	31941	25443	0.00466211	0.63882	0.885194
14	40750000	40800000	23898	115	32730	24310	0.00481212	0.6546	0.983052
14	40800000	40850000	9114	43	31135	22433	0.00471802	0.6227	0.406276
14	40850000	40900000	26063	142	25668	30074	0.00544834	0.51336	0.866629
14	40900000	40950000	26633	132	32502	28325	0.00495626	0.65004	0.940265
14	40950000	41000000	29525	125	21068	29823	0.0042337	0.42136	0.990008
14	41000000	41050000	14779	109	36812	25456	0.00737533	0.73624	0.58057
14	41050000	41100000	27834	130	21079	28231	0.00467055	0.42158	0.985937
14	41100000	41150000	15821	60	28683	30036	0.00379243	0.57366	0.526735
14	41150000	41200000	23081	106	36505	23289	0.00459252	0.7301	0.991069
14	41200000	41250000	27988	125	28473	28263	0.0044662	0.56946	0.99027
14	41250000	41300000	25721	116	26638	26417	0.00450993	0.53276	0.973653
14	41300000	41350000	20840	107	36534	26113	0.00513436	0.73068	0.79807
14	41350000	41400000	28462	160	25132	29389	0.00562153	0.50264	0.968458
14	41400000	41450000	26100	163	24958	26344	0.00624521	0.49916	0.990738
14	41450000	41500000	25797	199	31256	26120	0.00771408	0.62512	0.987634
14	41500000	41550000	29445	194	23716	31425	0.00658855	0.47432	0.936993
14	41550000	41600000	23838	189	29203	26151	0.00792852	0.58406	0.911552
14	41600000	41650000	24988	174	26086	26948	0.00696334	0.52172	0.927267
14	41650000	41700000	21141	186	29518	21944	0.00879807	0.59036	0.963407
14	41700000	41750000	23847	151	30315	26316	0.00633203	0.6063	0.906179
14	41750000	41800000	25859	170	26301	26929	0.00657411	0.52602	0.960266
14	41800000	41850000	23918	135	24317	25912	0.00564428	0.48634	0.923047
14	41850000	41900000	29537	211	25712	30012	0.00714358	0.51424	0.984173
14	41900000	41950000	33566	211	22764	33965	0.00628612	0.45528	0.988253
14	41950000	42000000	24834	176	27629	25252	0.00708706	0.55258	0.983447
14	42000000	42050000	29639	189	28928	29945	0.00637673	0.57856	0.989781
14	42050000	42100000	30028	151	14007	30337	0.00502864	0.28014	0.989814
14	42100000	42150000	30142	175	21116	30468	0.00580585	0.42232	0.9893
14	42150000	42200000	27024	152	31369	27273	0.00562463	0.62738	0.99087
14	42200000	42250000	24814	164	33446	25074	0.00660917	0.66892	0.989631
14	42250000	42300000	28860	193	30585	29118	0.00668746	0.6117	0.99114
14	42300000	42350000	31479	183	21792	32154	0.0058134	0.43584	0.979007
14	42350000	42400000	29105	139	19611	29655	0.00477581	0.39222	0.981453
14	42400000	42450000	26491	142	24471	26723	0.00536031	0.48942	0.991318
14	42450000	42500000	31221	184	20237	31920	0.00589347	0.40474	0.978102
14	42500000	42550000	22043	112	31281	24218	0.00508098	0.62562	0.910191
14	42550000	42600000	25311	182	33175	25602	0.00719055	0.6635	0.988634
14	42600000	42650000	24383	154	34668	24681	0.00631588	0.69336	0.987926
14	42650000	42700000	28714	173	23046	29014	0.00602494	0.46092	0.98966
14	42700000	42750000	22645	109	37771	22872	0.00481342	0.75542	0.990075
14	42750000	42800000	20917	206	39583	21195	0.00984845	0.79166	0.986884
14	42800000	42850000	30216	209	23884	30480	0.00691687	0.47768	0.991339
14	42850000	42900000	30123	154	22737	30413	0.00511237	0.45474	0.990465
14	42900000	42950000	27434	174	26434	28403	0.00634249	0.52868	0.965884
14	42950000	43000000	27858	180	28969	28242	0.00646134	0.57938	0.986403
14	43000000	43050000	26346	151	30688	26615	0.00573142	0.61376	0.989893
14	43050000	43100000	29293	151	23386	30569	0.00515482	0.46772	0.958258
14	43100000	43150000	24486	139	32137	24744	0.00567671	0.64274	0.989573
14	43150000	43200000	29346	158	19166	29601	0.00538404	0.38332	0.991385
14	43200000	43250000	25364	165	29208	25794	0.00650528	0.58416	0.983329
14	43250000	43300000	21891	134	35422	22108	0.00612124	0.70844	0.990185
14	43300000	43350000	27431	142	30268	27677	0.00517662	0.60536	0.991112
14	43350000	43400000	25137	143	32239	25376	0.00568883	0.64478	0.990582
14	43400000	43450000	17254	127	30233	21873	0.00736061	0.60466	0.788826
14	43450000	43500000	27412	190	30248	28309	0.00693127	0.60496	0.968314
14	43500000	43550000	27861	143	24174	28115	0.00513262	0.48348	0.990966
14	43550000	43600000	27327	166	28004	27627	0.00607458	0.56008	0.989141
14	43600000	43650000	31026	225	21794	31448	0.00725198	0.43588	0.986581
14	43650000	43700000	25794	180	31391	26039	0.00697837	0.62782	0.990591
14	43700000	43750000	13446	102	26881	23738	0.0075859	0.53762	0.566434
14	43750000	43800000	12533	93	31296	25682	0.00742041	0.62592	0.488007
14	43800000	43850000	21836	193	36462	23017	0.00883862	0.72924	0.94869
14	43850000	43900000	23847	143	30927	26073	0.00599656	0.61854	0.914624
14	43900000	43950000	23134	123	33282	24285	0.00531685	0.66564	0.952604
14	43950000	44000000	23191	147	30087	23820	0.00633867	0.60174	0.973594
14	44000000	44050000	24637	205	26756	25020	0.00832082	0.53512	0.984692
14	44050000	44100000	24512	147	31747	24781	0.00599706	0.63494	0.989145
14	44100000	44150000	22107	144	38064	22344	0.00651377	0.76128	0.989393
14	44150000	44200000	26722	155	24469	27072	0.00580046	0.48938	0.987072
14	44200000	44250000	27481	227	22911	28791	0.00826025	0.45822	0.9545
14	44250000	44300000	24984	119	28904	25225	0.00476305	0.57808	0.990446
14	44300000	44350000	29504	160	27812	29798	0.00542299	0.55624	0.990134
14	44350000	44400000	29103	155	25578	29387	0.00532591	0.51156	0.990336
14	44400000	44450000	27226	155	28846	27518	0.00569309	0.57692	0.989389
14	44450000	44500000	24782	123	28661	25062	0.00496328	0.57322	0.988828
14	44500000	44550000	29533	165	23026	29844	0.00558697	0.46052	0.989579
14	44550000	44600000	25936	190	31045	26221	0.00732572	0.6209	0.989131
14	44600000	44650000	31177	160	24371	31747	0.00513199	0.48742	0.982046
14	44650000	44700000	26726	158	24544	27096	0.00591185	0.49088	0.986345
14	44700000	44750000	27322	112	34120	27565	0.00409926	0.6824	0.991184
14	44750000	44800000	25343	113	26255	25660	0.00445882	0.5251	0.987646
14	44800000	44850000	27717	138	25308	28466	0.00497889	0.50616	0.973688
14	44850000	44900000	20618	110	32061	21430	0.00533514	0.64122	0.962109
14	44900000	44950000	22831	128	30581	23781	0.00560641	0.61162	0.960052
14	44950000	45000000	24790	78	31538	25103	0.00314643	0.63076	0.987531
14	45000000	45050000	21227	112	33622	21459	0.0052763	0.67244	0.989189
14	45050000	45100000	28043	123	25179	28670	0.00438612	0.50358	0.97813
14	45100000	45150000	21501	83	30435	21691	0.00386029	0.6087	0.991241
14	45150000	45200000	20527	116	34066	20716	0.00565109	0.68132	0.990877
14	45200000	45250000	27382	115	23751	29189	0.00419984	0.47502	0.938093
14	45250000	45300000	27426	123	23620	27911	0.0044848	0.4724	0.982623
14	45300000	45350000	19025	137	29582	19208	0.00720105	0.59164	0.990473
14	45350000	45400000	22502	105	25048	22810	0.00466625	0.50096	0.986497
14	45400000	45450000	26641	93	29743	26880	0.00349086	0.59486	0.991109
14	45450000	45500000	23218	97	23637	24127	0.00417779	0.47274	0.962324
14	45500000	45550000	21583	82	35400	22113	0.00379929	0.708	0.976032
14	45550000	45600000	25777	102	19631	25943	0.00395702	0.39262	0.993601
14	45600000	45650000	24359	99	24845	24607	0.00406421	0.4969	0.989922
14	45650000	45700000	28076	116	23100	28382	0.00413164	0.462	0.989219
14	45700000	45750000	25250	103	31214	25725	0.00407921	0.62428	0.981535
14	45750000	45800000	20312	75	32859	20584	0.0036924	0.65718	0.986786
14	45800000	45850000	27377	107	29260	27840	0.00390839	0.5852	0.983369
14	45850000	45900000	17088	83	37510	17382	0.00485721	0.7502	0.983086
14	45900000	45950000	23027	151	30214	23369	0.00655752	0.60428	0.985365
14	45950000	46000000	15587	139	39254	18162	0.00891769	0.78508	0.85822
14	46000000	46050000	18786	112	36038	20115	0.00596189	0.72076	0.93393
14	46050000	46100000	23256	123	29630	23798	0.00528896	0.5926	0.977225
14	46100000	46150000	24155	106	30307	25049	0.00438833	0.60614	0.96431
14	46150000	46200000	26344	172	28361	26830	0.006529	0.56722	0.981886
14	46200000	46250000	20201	119	34225	22808	0.0058908	0.6845	0.885698
14	46250000	46300000	15863	100	37095	17797	0.00630398	0.7419	0.89133
14	46300000	46350000	19878	121	34847	20401	0.00608713	0.69694	0.974364
14	46350000	46400000	24390	219	33014	24903	0.00897909	0.66028	0.9794
14	46400000	46450000	28654	194	30962	29646	0.00677043	0.61924	0.966538
14	46450000	46500000	20782	158	31457	22071	0.00760273	0.62914	0.941598
14	46500000	46550000	28055	241	32209	29132	0.00859027	0.64418	0.96303
14	46550000	46600000	25511	264	33010	25848	0.0103485	0.6602	0.986962
14	46600000	46650000	25038	196	32020	25498	0.0078281	0.6404	0.981959
14	46650000	46700000	24461	165	32802	25087	0.00674543	0.65604	0.975047
14	46700000	46750000	28246	174	21473	28840	0.00616016	0.42946	0.979404
14	46750000	46800000	29461	124	29616	29777	0.00420895	0.59232	0.989388
14	46800000	46850000	28057	226	29183	28377	0.00805503	0.58366	0.988723
14	46850000	46900000	28609	190	23417	28914	0.00664127	0.46834	0.989451
14	46900000	46950000	24970	189	31201	25354	0.00756908	0.62402	0.984854
14	46950000	47000000	24892	185	27622	25732	0.00743211	0.55244	0.967356
14	47000000	47050000	23756	143	32387	24286	0.00601953	0.64774	0.978177
14	47050000	47100000	25316	180	27943	25676	0.00711013	0.55886	0.985979
14	47100000	47150000	27213	186	26086	27926	0.00683497	0.52172	0.974468
14	47150000	47200000	30323	168	25461	30629	0.00554035	0.50922	0.990009
14	47200000	47250000	28408	215	26457	29385	0.00756829	0.52914	0.966752
14	47250000	47300000	27325	203	26727	27618	0.00742909	0.53454	0.989391
14	47300000	47350000	32035	192	15659	32287	0.00599344	0.31318	0.992195
14	47350000	47400000	31559	192	15822	31933	0.00608384	0.31644	0.988288
14	47400000	47450000	27280	178	26959	27534	0.00652493	0.53918	0.990775
14	47450000	47500000	32337	181	16824	32686	0.0055973	0.33648	0.989323
14	47500000	47550000	33063	187	12233	33419	0.00565587	0.24466	0.989347
14	47550000	47600000	27222	159	23263	27512	0.00584086	0.46526	0.989459
14	47600000	47650000	23151	106	25672	25472	0.00457864	0.51344	0.90888
14	47650000	47700000	31355	202	17973	31646	0.00644235	0.35946	0.990805
14	47700000	47750000	29578	147	19774	29805	0.00496991	0.39548	0.992384
14	47750000	47800000	32007	169	17121	32268	0.00528009	0.34242	0.991911
14	47800000	47850000	29403	150	22319	29699	0.00510152	0.44638	0.990033
14	47850000	47900000	29969	164	18552	30251	0.00547232	0.37104	0.990678
14	47900000	47950000	28715	132	15158	29429	0.0045969	0.30316	0.975738
14	47950000	48000000	30457	158	17299	30750	0.00518764	0.34598	0.990472
14	48000000	48050000	29958	161	22746	30210	0.00537419	0.45492	0.991658
14	48050000	48100000	29817	145	21044	30124	0.004863	0.42088	0.989809
14	48100000	48150000	32729	195	17838	33306	0.00595802	0.35676	0.982676
14	48150000	48200000	28187	172	31311	28458	0.0061021	0.62622	0.990477
14	48200000	48250000	28850	169	27830	30620	0.00585789	0.5566	0.942195
14	48250000	48300000	21489	118	34589	21692	0.00549118	0.69178	0.990642
14	48300000	48350000	26140	169	27375	26443	0.00646519	0.5475	0.988541
14	48350000	48400000	24127	157	33187	24359	0.00650723	0.66374	0.990476
14	48400000	48450000	23921	201	28827	24159	0.00840266	0.57654	0.990149
14	48450000	48500000	27033	253	23415	32171	0.00935893	0.4683	0.840291
14	48500000	48550000	22903	226	34627	26352	0.0098677	0.69254	0.869118
14	48550000	48600000	24373	155	26026	28939	0.0063595	0.52052	0.84222
14	48600000	48650000	28424	206	27926	28666	0.0072474	0.55852	0.991558
14	48650000	48700000	24256	157	25260	24887	0.00647263	0.5052	0.974645
14	48700000	48750000	22342	147	32772	23382	0.00657954	0.65544	0.955521
14	48750000	48800000	27457	205	23858	28540	0.00746622	0.47716	0.962053
14	48800000	48850000	23835	182	26242	25309	0.00763583	0.52484	0.94176
14	48850000	48900000	23774	176	28938	24148	0.00740305	0.57876	0.984512
14	48900000	48950000	26408	203	30080	27434	0.00768706	0.6016	0.962601
14	48950000	49000000	23103	196	29320	27037	0.00848375	0.5864	0.854496
14	49000000	49050000	18275	175	41019	18539	0.00957592	0.82038	0.98576
14	49050000	49100000	23636	129	23317	23879	0.00545778	0.46634	0.989824
14	49100000	49150000	25658	202	29602	26078	0.00787279	0.59204	0.983894
14	49150000	49200000	28834	171	23206	29094	0.0059305	0.46412	0.991063
14	49200000	49250000	26785	227	27562	27293	0.00847489	0.55124	0.981387
14	49250000	49300000	25035	175	35022	25330	0.00699021	0.70044	0.988354
14	49300000	49350000	31133	145	22616	31518	0.00465744	0.45232	0.987785
14	49350000	49400000	29104	199	27718	29483	0.00683755	0.55436	0.987145
14	49400000	49450000	31643	252	23918	31944	0.00796385	0.47836	0.990577
14	49450000	49500000	33617	211	16645	33930	0.00627659	0.3329	0.990775
14	49500000	49550000	25813	191	29606	26388	0.00739937	0.59212	0.97821
14	49550000	49600000	24785	154	27192	25077	0.00621344	0.54384	0.988356
14	49600000	49650000	23129	183	31462	23370	0.00791214	0.62924	0.989688
14	49650000	49700000	33379	235	19935	33663	0.00704035	0.3987	0.991563
14	49700000	49750000	19626	194	34787	19981	0.00988485	0.69574	0.982233
14	49750000	49800000	31505	238	18923	31938	0.00755436	0.37846	0.986442
14	49800000	49850000	23536	156	30603	23768	0.00662814	0.61206	0.990239
14	49850000	49900000	22354	117	29931	23029	0.00523396	0.59862	0.970689
14	49900000	49950000	29776	178	22522	30045	0.00597797	0.45044	0.991047
14	49950000	50000000	26466	176	26451	27379	0.00665004	0.52902	0.966653
14	50000000	50050000	19973	177	33651	20623	0.00886196	0.67302	0.968482
14	50050000	50100000	18237	83	23549	18357	0.00455119	0.47098	0.993463
14	50100000	50150000	22904	93	24869	23095	0.00406043	0.49738	0.99173
14	50150000	50200000	19148	80	33137	19363	0.00417798	0.66274	0.988896
14	50200000	50250000	21615	90	25832	21756	0.00416378	0.51664	0.993519
14	50250000	50300000	20644	88	31885	21009	0.00426274	0.6377	0.982626
14	50300000	50350000	16538	74	32465	16738	0.00447454	0.6493	0.988051
14	50350000	50400000	16963	73	28367	17623	0.00430348	0.56734	0.962549
14	50400000	50450000	25449	136	23992	25804	0.00534402	0.47984	0.986242
14	50450000	50500000	28188	191	22371	28430	0.00677593	0.44742	0.991488
14	50500000	50550000	23919	149	27020	24219	0.00622936	0.5404	0.987613
14	50550000	50600000	26697	121	23107	26898	0.00453234	0.46214	0.992527
14	50600000	50650000	22912	134	26921	23300	0.00584846	0.53842	0.983348
14	50650000	50700000	21120	115	32863	21636	0.00544508	0.65726	0.976151
14	50700000	50750000	18919	83	31725	19293	0.00438712	0.6345	0.980615
14	50750000	50800000	20890	96	28606	21075	0.0045955	0.57212	0.991222
14	50800000	50850000	25063	134	30002	25610	0.00534653	0.60004	0.978641
14	50850000	50900000	23055	105	28664	23280	0.00455433	0.57328	0.990335
14	50900000	50950000	29926	112	23180	30976	0.00374256	0.4636	0.966103
14	50950000	51000000	26160	137	23119	26383	0.005237	0.46238	0.991548
14	51000000	51050000	23013	122	38374	24530	0.00530135	0.76748	0.938157
14	51050000	51100000	29325	160	21023	29597	0.0054561	0.42046	0.99081
14	51100000	51150000	21381	163	26270	21844	0.00762359	0.5254	0.978804
14	51150000	51200000	19543	158	32183	21622	0.00808474	0.64366	0.903848
14	51200000	51250000	28328	152	17609	28588	0.00536572	0.35218	0.990905
14	51250000	51300000	30065	153	12004	30483	0.00508897	0.24008	0.986287
14	51300000	51350000	28109	202	20872	28647	0.00718631	0.41744	0.98122
14	51350000	51400000	28115	150	21181	28341	0.00533523	0.42362	0.992026
14	51400000	51450000	25713	175	22417	26831	0.0068059	0.44834	0.958332
14	51450000	51500000	32921	201	12303	33182	0.00610553	0.24606	0.992134
14	51500000	51550000	29681	165	24808	30320	0.00555911	0.49616	0.978925
14	51550000	51600000	27288	135	21847	27896	0.00494723	0.43694	0.978205
14	51600000	51650000	25255	153	32771	25667	0.00605821	0.65542	0.983948
14	51650000	51700000	25472	125	27376	25756	0.00490735	0.54752	0.988973
14	51700000	51750000	26757	132	27068	28017	0.00493329	0.54136	0.955027
14	51750000	51800000	30096	134	24940	31087	0.00445242	0.4988	0.968122
14	51800000	51850000	27229	129	26292	28519	0.0047376	0.52584	0.954767
14	51850000	51900000	26034	158	26759	26596	0.00606899	0.53518	0.978869
14	51900000	51950000	29810	234	26185	30530	0.00784971	0.5237	0.976417
14	51950000	52000000	30501	158	22487	30783	0.00518016	0.44974	0.990839
14	52000000	52050000	31345	199	17883	31732	0.0063487	0.35766	0.987804
14	52050000	52100000	31053	162	19050	31309	0.00521689	0.381	0.991823
14	52100000	52150000	28960	137	18986	29273	0.00473066	0.37972	0.989308
14	52150000	52200000	31330	170	11613	31631	0.00542611	0.23226	0.990484
14	52200000	52250000	10211	71	34712	10345	0.00695329	0.69424	0.987047
14	52250000	52300000	25101	152	29275	25328	0.00605554	0.5855	0.991038
14	52300000	52350000	31192	166	17497	31789	0.00532188	0.34994	0.98122
14	52350000	52400000	21793	139	19006	30046	0.00637819	0.38012	0.725321
14	52400000	52450000	225	1	21351	34061	0.00444444	0.42702	0.0066058
14	52450000	52500000	247	0	12230	34499	0	0.2446	0.00715963
14	52500000	52550000	24877	103	18631	32888	0.00414037	0.37262	0.756416
14	52550000	52600000	21909	138	25798	27857	0.00629878	0.51596	0.786481
14	52600000	52650000	6368	52	37969	13064	0.00816583	0.75938	0.487446
14	52650000	52700000	21037	136	34381	21204	0.0064648	0.68762	0.992124
14	52700000	52750000	28963	178	22719	29214	0.00614577	0.45438	0.991408
14	52750000	52800000	30953	118	23797	31195	0.00381223	0.47594	0.992242
14	52800000	52850000	25866	162	27518	26084	0.00626305	0.55036	0.991642
14	52850000	52900000	27008	180	27744	27248	0.00666469	0.55488	0.991192
14	52900000	52950000	19810	107	33010	19993	0.00540131	0.6602	0.990847
14	52950000	53000000	23468	103	31848	23639	0.00438896	0.63696	0.992766
14	53000000	53050000	24581	85	28688	24797	0.00345796	0.57376	0.991289
14	53050000	53100000	21688	84	36029	21851	0.00387311	0.72058	0.99254
14	53100000	53150000	24516	120	23517	24764	0.00489476	0.47034	0.989985
14	53150000	53200000	21416	86	23072	22062	0.00401569	0.46144	0.970719
14	53200000	53250000	24596	95	22693	25140	0.00386242	0.45386	0.978361
14	53250000	53300000	20909	93	29721	21927	0.00444785	0.59442	0.953573
14	53300000	53350000	25721	138	19648	26928	0.00536527	0.39296	0.955177
14	53350000	53400000	23643	125	27053	26722	0.00528698	0.54106	0.884777
14	53400000	53450000	22925	124	29805	23301	0.00540894	0.5961	0.983863
14	53450000	53500000	24636	129	34673	24873	0.00523624	0.69346	0.990472
14	53500000	53550000	29046	107	19848	29305	0.00368381	0.39696	0.991162
14	53550000	53600000	17927	63	33313	18145	0.00351425	0.66626	0.987986
14	53600000	53650000	21185	80	27936	21355	0.00377626	0.55872	0.992039
14	53650000	53700000	13655	69	37325	19290	0.00505309	0.7465	0.70788
14	53700000	53750000	18530	117	39806	18778	0.00631409	0.79612	0.986793
14	53750000	53800000	19247	135	31193	19407	0.00701408	0.62386	0.991756
14	53800000	53850000	28889	176	25570	29177	0.00609228	0.5114	0.990129
14	53850000	53900000	24920	165	26577	25362	0.00662119	0.53154	0.982572
14	53900000	53950000	29289	189	21594	30788	0.00645293	0.43188	0.951312
14	53950000	54000000	32275	158	20557	32526	0.00489543	0.41114	0.992283
14	54000000	54050000	30030	161	20402	30229	0.00536131	0.40804	0.993417
14	54050000	54100000	33934	190	19616	34199	0.0055991	0.39232	0.992251
14	54100000	54150000	31139	189	28655	31397	0.00606956	0.5731	0.991783
14	54150000	54200000	27029	192	25872	30073	0.00710348	0.51744	0.89878
14	54200000	54250000	28961	190	23587	29501	0.00656055	0.47174	0.981696
14	54250000	54300000	26574	115	29027	26810	0.00432754	0.58054	0.991197
14	54300000	54350000	29853	153	23500	30258	0.00512511	0.47	0.986615
14	54350000	54400000	29692	196	19344	30616	0.0066011	0.38688	0.96982
14	54400000	54450000	32987	149	11955	33224	0.00451693	0.2391	0.992867
14	54450000	54500000	21236	143	34995	21413	0.00673385	0.6999	0.991734
14	54500000	54550000	24997	117	30912	25306	0.00468056	0.61824	0.987789
14	54550000	54600000	30200	155	23268	30616	0.00513245	0.46536	0.986412
14	54600000	54650000	27106	128	23892	28141	0.0047222	0.47784	0.963221
14	54650000	54700000	30129	121	18895	30373	0.00401606	0.3779	0.991967
14	54700000	54750000	25391	164	26883	25968	0.00645898	0.53766	0.97778
14	54750000	54800000	32975	148	15848	33545	0.00448825	0.31696	0.983008
14	54800000	54850000	25335	126	29242	26292	0.00497336	0.58484	0.963601
14	54850000	54900000	22560	165	26162	23389	0.00731383	0.52324	0.964556
14	54900000	54950000	24546	120	24424	24735	0.00488878	0.48848	0.992359
14	54950000	55000000	21847	94	32524	22055	0.00430265	0.65048	0.990569
14	55000000	55050000	28562	172	24188	29013	0.00602199	0.48376	0.984455
14	55050000	55100000	29591	169	19697	29813	0.0057112	0.39394	0.992554
14	55100000	55150000	32122	156	14011	32586	0.00485648	0.28022	0.985761
14	55150000	55200000	32149	176	15785	32386	0.00547451	0.3157	0.992682
14	55200000	55250000	31584	184	8674	33235	0.00582573	0.17348	0.950323
14	55250000	55300000	22063	132	22630	26905	0.00598287	0.4526	0.820033
14	55300000	55350000	21514	120	27223	21686	0.00557776	0.54446	0.992069
14	55350000	55400000	22785	75	27221	22983	0.00329164	0.54442	0.991385
14	55400000	55450000	18208	79	32732	18342	0.00433875	0.65464	0.992694
14	55450000	55500000	22406	72	30887	22779	0.00321342	0.61774	0.983625
14	55500000	55550000	23772	87	22884	24118	0.00365977	0.45768	0.985654
14	55550000	55600000	20688	96	24703	23043	0.00464037	0.49406	0.8978
14	55600000	55650000	25169	99	22532	25524	0.00393341	0.45064	0.986092
14	55650000	55700000	14011	67	31817	22251	0.00478196	0.63634	0.62968
14	55700000	55750000	5623	44	26492	23815	0.007825	0.52984	0.236112
14	55750000	55800000	22700	160	25612	23201	0.00704846	0.51224	0.978406
14	55800000	55850000	26815	171	20106	27272	0.00637703	0.40212	0.983243
14	55850000	55900000	27671	188	19292	27984	0.00679412	0.38584	0.988815
14	55900000	55950000	24202	146	30747	24758	0.00603256	0.61494	0.977543
14	55950000	56000000	17285	122	37028	17626	0.00705814	0.74056	0.980654
14	56000000	56050000	24473	142	28635	26393	0.00580231	0.5727	0.927253
14	56050000	56100000	27541	160	23188	27761	0.00580952	0.46376	0.992075
14	56100000	56150000	32115	159	11392	32368	0.00495096	0.22784	0.992184
14	56150000	56200000	32930	204	23898	33476	0.00619496	0.47796	0.98369
14	56200000	56250000	29702	206	21342	30275	0.00693556	0.42684	0.981073
14	56250000	56300000	25780	180	30010	26119	0.00698216	0.6002	0.987021
14	56300000	56350000	26333	161	31207	26598	0.006114	0.62414	0.990037
14	56350000	56400000	31879	189	21284	32159	0.00592867	0.42568	0.991293
14	56400000	56450000	32988	182	22134	33259	0.00551716	0.44268	0.991852
14	56450000	56500000	20173	121	31542	20408	0.00599812	0.63084	0.988485
14	56500000	56550000	26034	168	21016	33102	0.0064531	0.42032	0.786478
14	56550000	56600000	30551	178	17430	30851	0.00582632	0.3486	0.990276
14	56600000	56650000	29305	152	21564	29557	0.00518683	0.43128	0.991474
14	56650000	56700000	31455	175	16418	31919	0.0055635	0.32836	0.985463
14	56700000	56750000	31735	220	24795	32012	0.00693241	0.4959	0.991347
14	56750000	56800000	32601	124	16496	33114	0.00380356	0.32992	0.984508
14	56800000	56850000	24954	192	24801	25191	0.00769416	0.49602	0.990592
14	56850000	56900000	23813	180	33171	24014	0.0075589	0.66342	0.99163
14	56900000	56950000	18686	154	36541	18869	0.00824146	0.73082	0.990302
14	56950000	57000000	30451	201	21976	30770	0.00660077	0.43952	0.989633
14	57000000	57050000	29939	203	22827	30229	0.00678045	0.45654	0.990407
14	57050000	57100000	29387	131	17603	29640	0.00445775	0.35206	0.991464
14	57100000	57150000	22687	157	28121	23078	0.00692026	0.56242	0.983057
14	57150000	57200000	28514	179	20626	28875	0.00627762	0.41252	0.987498
14	57200000	57250000	29403	176	16911	31217	0.00598578	0.33822	0.941891
14	57250000	57300000	32057	143	7814	32255	0.0044608	0.15628	0.993861
14	57300000	57350000	9121	39	25364	27273	0.00427585	0.50728	0.334433
14	57350000	57400000	28877	126	19638	29226	0.00436333	0.39276	0.988059
14	57400000	57450000	28915	121	20126	29142	0.00418468	0.40252	0.992211
14	57450000	57500000	28652	137	25079	29057	0.00478152	0.50158	0.986062
14	57500000	57550000	30401	194	19342	30648	0.00638137	0.38684	0.991941
14	57550000	57600000	16951	92	31394	18945	0.00542741	0.62788	0.894748
14	57600000	57650000	31425	190	21622	31933	0.00604614	0.43244	0.984092
14	57650000	57700000	26932	120	24926	27160	0.00445567	0.49852	0.991605
14	57700000	57750000	27226	85	21534	27445	0.00312202	0.43068	0.99202
14	57750000	57800000	26843	168	20994	27067	0.00625861	0.41988	0.991724
14	57800000	57850000	19227	121	27478	19411	0.00629323	0.54956	0.990521
14	57850000	57900000	29758	134	16481	29930	0.00450299	0.32962	0.994253
14	57900000	57950000	25026	130	31837	25296	0.0051946	0.63674	0.989326
14	57950000	58000000	23813	202	29483	24483	0.00848276	0.58966	0.972634
14	58000000	58050000	25771	188	23332	27679	0.00729502	0.46664	0.931067
14	58050000	58100000	24266	185	23549	24674	0.00762384	0.47098	0.983464
14	58100000	58150000	24336	199	30156	24715	0.00817719	0.60312	0.984665
14	58150000	58200000	21462	107	32386	21718	0.00498556	0.64772	0.988213
14	58200000	58250000	23811	183	30957	24064	0.00768552	0.61914	0.989486
14	58250000	58300000	23075	174	30984	23311	0.00754063	0.61968	0.989876
14	58300000	58350000	31908	196	22596	32291	0.00614266	0.45192	0.988139
14	58350000	58400000	28511	398	25867	29287	0.0139595	0.51734	0.973504
14	58400000	58450000	26536	161	28591	26876	0.00606723	0.57182	0.987349
14	58450000	58500000	27854	178	22925	29225	0.00639046	0.4585	0.953088
14	58500000	58550000	24786	161	27453	25270	0.0064956	0.54906	0.980847
14	58550000	58600000	27260	164	23654	27946	0.00601614	0.47308	0.975453
14	58600000	58650000	24684	119	21621	24963	0.00482094	0.43242	0.988823
14	58650000	58700000	20611	94	29791	23065	0.00456067	0.59582	0.893605
14	58700000	58750000	22636	105	24136	22976	0.00463863	0.48272	0.985202
14	58750000	58800000	23355	119	20944	23564	0.00509527	0.41888	0.991131
14	58800000	58850000	25738	81	23014	25913	0.0031471	0.46028	0.993247
14	58850000	58900000	21133	85	30771	21386	0.00402215	0.61542	0.98817
14	58900000	58950000	25429	140	25096	25715	0.00550553	0.50192	0.988878
14	58950000	59000000	24134	89	26511	24531	0.00368774	0.53022	0.983816
14	59000000	59050000	26390	130	22609	26593	0.00492611	0.45218	0.992366
14	59050000	59100000	23154	131	28077	25356	0.00565777	0.56154	0.913157
14	59100000	59150000	30745	132	17247	30953	0.00429338	0.34494	0.99328
14	59150000	59200000	27242	137	21378	29460	0.005029	0.42756	0.924711
14	59200000	59250000	30468	164	20094	30858	0.0053827	0.40188	0.987361
14	59250000	59300000	29138	142	17216	29395	0.00487336	0.34432	0.991257
14	59300000	59350000	28679	168	24532	28942	0.00585794	0.49064	0.990913
14	59350000	59400000	23968	140	31772	24171	0.00584112	0.63544	0.991602
14	59400000	59450000	29150	178	28326	31265	0.00610635	0.56652	0.932352
14	59450000	59500000	29109	220	29052	29622	0.0075578	0.58104	0.982682
14	59500000	59550000	27656	198	28829	28168	0.00715939	0.57658	0.981823
14	59550000	59600000	26280	181	27885	26521	0.00688737	0.5577	0.990913
14	59600000	59650000	27828	129	24012	28518	0.00463562	0.48024	0.975805
14	59650000	59700000	22146	92	18829	30509	0.00415425	0.37658	0.725884
14	59700000	59750000	30408	148	18715	30602	0.00486714	0.3743	0.993661
14	59750000	59800000	32873	121	14602	33075	0.00368083	0.29204	0.993893
14	59800000	59850000	30113	103	14573	32455	0.00342045	0.29146	0.927839
14	59850000	59900000	19829	146	35992	20040	0.00736295	0.71984	0.989471
14	59900000	59950000	22820	135	26461	29478	0.00591586	0.52922	0.774137
14	59950000	60000000	26424	129	26236	26687	0.00488193	0.52472	0.990145
14	60000000	60050000	26434	131	25232	26820	0.00495574	0.50464	0.985608
14	60050000	60100000	29596	180	20610	29853	0.0060819	0.4122	0.991391
14	60100000	60150000	18726	116	37935	18933	0.0061946	0.7587	0.989067
14	60150000	60200000	30093	216	25303	30317	0.00717775	0.50606	0.992611
14	60200000	60250000	26972	183	23395	29154	0.00678481	0.4679	0.925156
14	60250000	60300000	31355	245	25939	31638	0.00781375	0.51878	0.991055
14	60300000	60350000	26173	147	27552	26951	0.00561647	0.55104	0.971133
14	60350000	60400000	27798	167	26426	29160	0.00600763	0.52852	0.953292
14	60400000	60450000	22375	129	29236	22631	0.00576536	0.58472	0.988688
14	60450000	60500000	28115	141	27909	28387	0.00501512	0.55818	0.990418
14	60500000	60550000	16607	83	35530	16700	0.00499789	0.7106	0.994431
14	60550000	60600000	26500	170	25736	27405	0.00641509	0.51472	0.966977
14	60600000	60650000	27325	139	26451	28448	0.00508692	0.52902	0.960524
14	60650000	60700000	29013	205	28735	29389	0.0070658	0.5747	0.987206
14	60700000	60750000	30372	157	20738	30592	0.00516923	0.41476	0.992809
14	60750000	60800000	30252	132	15861	30473	0.00436335	0.31722	0.992748
14	60800000	60850000	25246	111	29223	25452	0.00439674	0.58446	0.991906
14	60850000	60900000	12696	62	40206	12817	0.00488343	0.80412	0.990559
14	60900000	60950000	23789	106	30455	24100	0.00445584	0.6091	0.987095
14	60950000	61000000	28563	127	19694	29077	0.00444631	0.39388	0.982323
14	61000000	61050000	25167	133	32204	26236	0.0052847	0.64408	0.959254
14	61050000	61100000	26551	133	28766	26768	0.00500923	0.57532	0.991893
14	61100000	61150000	25215	92	17203	25760	0.00364862	0.34406	0.978843
14	61150000	61200000	20375	109	27319	21885	0.00534969	0.54638	0.931003
14	61200000	61250000	26293	111	26940	26665	0.00422166	0.5388	0.986049
14	61250000	61300000	25277	121	23390	27633	0.00478696	0.4678	0.91474
14	61300000	61350000	23295	127	32006	23460	0.00545181	0.64012	0.992967
14	61350000	61400000	20199	114	34144	21174	0.00564384	0.68288	0.953953
14	61400000	61450000	25767	119	23669	25956	0.00461831	0.47338	0.992718
14	61450000	61500000	25410	103	26775	25590	0.00405352	0.5355	0.992966
14	61500000	61550000	25190	136	23978	25469	0.00539897	0.47956	0.989046
14	61550000	61600000	24677	160	27141	24986	0.00648377	0.54282	0.987633
14	61600000	61650000	15508	104	27838	24582	0.00670622	0.55676	0.630868
14	61650000	61700000	30668	207	19664	31475	0.00674971	0.39328	0.974361
14	61700000	61750000	26605	153	23143	26960	0.0057508	0.46286	0.986832
14	61750000	61800000	26905	157	26858	27239	0.00583535	0.53716	0.987738
14	61800000	61850000	31274	160	17113	31834	0.00511607	0.34226	0.982409
14	61850000	61900000	29590	143	21749	30333	0.00483271	0.43498	0.975505
14	61900000	61950000	31562	182	14198	31973	0.00576643	0.28396	0.987145
14	61950000	62000000	31754	283	17025	32217	0.00891226	0.3405	0.985629
14	62000000	62050000	33499	213	15561	33778	0.0063584	0.31122	0.99174
14	62050000	62100000	32625	199	24191	32963	0.00609962	0.48382	0.989746
14	62100000	62150000	28166	157	27156	28403	0.0055741	0.54312	0.991656
14	62150000	62200000	26291	101	21330	26514	0.00384162	0.4266	0.991589
14	62200000	62250000	24503	102	23851	24870	0.00416276	0.47702	0.985243
14	62250000	62300000	26154	117	25555	26375	0.0044735	0.5111	0.991621
14	62300000	62350000	23479	187	33713	24232	0.00796456	0.67426	0.968925
14	62350000	62400000	30045	172	23499	30261	0.00572475	0.46998	0.992862
14	62400000	62450000	27183	148	25232	27399	0.00544458	0.50464	0.992117
14	62450000	62500000	33531	157	22531	33766	0.00468223	0.45062	0.99304
14	62500000	62550000	26865	178	27801	27458	0.00662572	0.55602	0.978403
14	62550000	62600000	34545	165	13785	34833	0.00477638	0.2757	0.991732
14	62600000	62650000	27863	196	26109	28817	0.00703442	0.52218	0.966895
14	62650000	62700000	22911	180	38537	23238	0.00785649	0.77074	0.985928
14	62700000	62750000	31329	197	22005	31630	0.0062881	0.4401	0.990484
14	62750000	62800000	25312	177	27551	25924	0.00699273	0.55102	0.976393
14	62800000	62850000	27663	193	33760	28958	0.00697683	0.6752	0.95528
14	62850000	62900000	28316	173	30985	29273	0.00610962	0.6197	0.967308
14	62900000	62950000	29541	174	31172	30679	0.00589012	0.62344	0.962906
14	62950000	63000000	23170	175	31458	23508	0.00755287	0.62916	0.985622
14	63000000	63050000	21968	158	32447	22259	0.00719228	0.64894	0.986927
14	63050000	63100000	31033	187	31634	31386	0.00602584	0.63268	0.988753
14	63100000	63150000	26588	177	25869	27018	0.00665714	0.51738	0.984085
14	63150000	63200000	21617	123	18215	32957	0.00568997	0.3643	0.655915
14	63200000	63250000	23569	159	28408	25113	0.00674615	0.56816	0.938518
14	63250000	63300000	22926	157	30540	23221	0.00684812	0.6108	0.987296
14	63300000	63350000	27290	191	21731	28546	0.0069989	0.43462	0.956001
14	63350000	63400000	28754	170	24685	29043	0.00591222	0.4937	0.990049
14	63400000	63450000	30715	207	26184	31317	0.00673938	0.52368	0.980777
14	63450000	63500000	30177	184	23046	31069	0.00609736	0.46092	0.97129
14	63500000	63550000	25611	134	25498	26184	0.00523213	0.50996	0.978116
14	63550000	63600000	23677	146	30639	24494	0.00616632	0.61278	0.966645
14	63600000	63650000	21896	134	36979	22324	0.00611984	0.73958	0.980828
14	63650000	63700000	28926	170	22928	29254	0.00587707	0.45856	0.988788
14	63700000	63750000	28275	174	18728	28489	0.00615385	0.37456	0.992488
14	63750000	63800000	26948	170	21586	27811	0.00630845	0.43172	0.968969
14	63800000	63850000	22821	122	27408	24557	0.00534595	0.54816	0.929307
14	63850000	63900000	28625	122	23885	28991	0.00426201	0.4777	0.987375
14	63900000	63950000	26734	129	22210	27817	0.00482532	0.4442	0.961067
14	63950000	64000000	22884	113	24653	23262	0.00493795	0.49306	0.98375
14	64000000	64050000	17231	112	29931	17982	0.00649991	0.59862	0.958236
14	64050000	64100000	17647	104	34984	17993	0.00589335	0.69968	0.98077
14	64100000	64150000	17894	130	31162	18120	0.00726501	0.62324	0.987528
14	64150000	64200000	20842	138	28623	21230	0.00662125	0.57246	0.981724
14	64200000	64250000	14677	90	33034	15178	0.00613204	0.66068	0.966992
14	64250000	64300000	11553	63	43162	11704	0.00545313	0.86324	0.987098
14	64300000	64350000	18131	147	28707	21014	0.00810766	0.57414	0.862806
14	64350000	64400000	22702	155	28271	24132	0.00682759	0.56542	0.940743
14	64400000	64450000	23929	157	28621	25307	0.00656108	0.57242	0.945549
14	64450000	64500000	29829	171	17962	30109	0.00573268	0.35924	0.9907
14	64500000	64550000	25181	95	25149	25544	0.00377269	0.50298	0.985789
14	64550000	64600000	27947	145	22927	28167	0.00518839	0.45854	0.992189
14	64600000	64650000	28158	166	20983	28391	0.00589531	0.41966	0.991793
14	64650000	64700000	33797	206	9340	34094	0.00609522	0.1868	0.991289
14	64700000	64750000	25864	136	24670	26082	0.00525827	0.4934	0.991642
14	64750000	64800000	19214	127	31454	20019	0.00660976	0.62908	0.959788
14	64800000	64850000	16735	88	33460	17069	0.00525844	0.6692	0.980432
14	64850000	64900000	20952	95	25100	21450	0.00453417	0.502	0.976783
14	64900000	64950000	27442	97	15784	27865	0.00353473	0.31568	0.98482
14	64950000	65000000	25475	79	17847	26598	0.00310108	0.35694	0.957779
14	65000000	65050000	23319	91	21848	24339	0.0039024	0.43696	0.958092
14	65050000	65100000	24385	107	24784	24555	0.00438794	0.49568	0.993077
14	65100000	65150000	22481	100	29155	22875	0.0044482	0.5831	0.982776
14	65150000	65200000	31004	134	18792	31811	0.00432202	0.37584	0.974631
14	65200000	65250000	31895	184	13778	32438	0.00576893	0.27556	0.98326
14	65250000	65300000	33308	152	13581	34640	0.00456347	0.27162	0.961547
14	65300000	65350000	30472	139	18528	31085	0.00456156	0.37056	0.98028
14	65350000	65400000	24662	95	23204	25625	0.00385208	0.46408	0.96242
14	65400000	65450000	29269	134	18725	29663	0.00457822	0.3745	0.986717
14	65450000	65500000	26069	112	23479	26241	0.00429629	0.46958	0.993445
14	65500000	65550000	27145	111	23540	27728	0.00408915	0.4708	0.978974
14	65550000	65600000	24362	124	25793	24934	0.00508989	0.51586	0.977059
14	65600000	65650000	23014	133	29686	24479	0.00577909	0.59372	0.940153
14	65650000	65700000	5567	37	28806	5612	0.00664631	0.57612	0.991981
14	65700000	65750000	9246	60	30632	10213	0.00648929	0.61264	0.905317
14	65750000	65800000	23693	110	31331	23945	0.00464272	0.62662	0.989476
14	65800000	65850000	24568	116	28813	25260	0.00472159	0.57626	0.972605
14	65850000	65900000	21106	122	27617	21257	0.00578035	0.55234	0.992896
14	65900000	65950000	26009	110	28576	26207	0.00422931	0.57152	0.992445
14	65950000	66000000	21992	109	27230	22196	0.00495635	0.5446	0.990809
14	66000000	66050000	29300	132	28305	29566	0.00450512	0.5661	0.991003
14	66050000	66100000	25812	99	25582	26845	0.00383543	0.51164	0.96152
14	66100000	66150000	26293	113	25711	26461	0.00429772	0.51422	0.993651
14	66150000	66200000	19568	75	30662	22265	0.00383279	0.61324	0.878868
14	66200000	66250000	31813	122	19836	32093	0.00383491	0.39672	0.991275
14	66250000	66300000	31145	222	19185	32961	0.00712795	0.3837	0.944905
14	66300000	66350000	20166	118	22691	26936	0.00585143	0.45382	0.748663
14	66350000	66400000	25139	146	28477	25398	0.00580771	0.56954	0.989802
14	66400000	66450000	31558	191	18983	32538	0.00605235	0.37966	0.969881
14	66450000	66500000	27577	174	26174	28192	0.00630961	0.52348	0.978185
14	66500000	66550000	32719	183	21527	32994	0.00559308	0.43054	0.991665
14	66550000	66600000	33642	191	24030	33886	0.00567743	0.4806	0.992799
14	66600000	66650000	27256	152	30044	27490	0.00557675	0.60088	0.991488
14	66650000	66700000	20302	106	37596	20443	0.00522116	0.75192	0.993103
14	66700000	66750000	28394	101	23311	29788	0.00355709	0.46622	0.953203
14	66750000	66800000	25201	103	30239	26325	0.00408714	0.60478	0.957303
14	66800000	66850000	26774	92	27265	26984	0.00343617	0.5453	0.992218
14	66850000	66900000	32451	113	23470	32706	0.00348217	0.4694	0.992203
14	66900000	66950000	26887	101	28877	27099	0.00375646	0.57754	0.992177
14	66950000	67000000	26679	106	21554	26857	0.00397316	0.43108	0.993372
14	67000000	67050000	23883	129	36943	24058	0.00540133	0.73886	0.992726
14	67050000	67100000	18538	81	39467	18682	0.0043694	0.78934	0.992292
14	67100000	67150000	22777	113	40651	23603	0.00496115	0.81302	0.965004
14	67150000	67200000	15666	67	39238	15767	0.00427678	0.78476	0.993594
14	67200000	67250000	25908	113	26683	26113	0.00436159	0.53366	0.99215
14	67250000	67300000	21427	101	37593	21854	0.00471368	0.75186	0.980461
14	67300000	67350000	21900	103	30410	22994	0.0047032	0.6082	0.952422
14	67350000	67400000	21201	92	39513	21847	0.00433942	0.79026	0.970431
14	67400000	67450000	24195	97	33894	24426	0.00400909	0.67788	0.990543
14	67450000	67500000	31185	98	13578	31410	0.00314254	0.27156	0.992837
14	67500000	67550000	17009	88	35042	17140	0.00517373	0.70084	0.992357
14	67550000	67600000	26200	87	22221	26371	0.00332061	0.44442	0.993516
14	67600000	67650000	25726	106	26629	25949	0.00412035	0.53258	0.991406
14	67650000	67700000	23235	108	26737	24190	0.00464816	0.53474	0.960521
14	67700000	67750000	22614	80	26658	22894	0.00353763	0.53316	0.98777
14	67750000	67800000	24842	77	22414	25070	0.00309959	0.44828	0.990905
14	67800000	67850000	25167	83	25385	25350	0.00329797	0.5077	0.992781
14	67850000	67900000	25592	136	21417	26985	0.00531416	0.42834	0.948379
14	67900000	67950000	24347	115	26658	26150	0.00472337	0.53316	0.931052
14	67950000	68000000	26010	138	20478	28864	0.00530565	0.40956	0.901123
14	68000000	68050000	29586	135	19266	30271	0.00456297	0.38532	0.977371
14	68050000	68100000	21926	134	26957	22632	0.00611147	0.53914	0.968805
14	68100000	68150000	26786	89	19606	27391	0.00332263	0.39212	0.977912
14	68150000	68200000	22530	96	29904	23025	0.00426099	0.59808	0.978502
14	68200000	68250000	31077	139	18658	31278	0.00447276	0.37316	0.993574
14	68250000	68300000	24148	64	20116	25288	0.00265032	0.40232	0.954919
14	68300000	68350000	19553	77	39000	20958	0.00393801	0.78	0.932961
14	68350000	68400000	23517	103	32381	23643	0.00437981	0.64762	0.994671
14	68400000	68450000	29162	117	20348	29446	0.00401207	0.40696	0.990355
14	68450000	68500000	24325	84	33739	24567	0.00345324	0.67478	0.990149
14	68500000	68550000	24993	101	26318	25199	0.00404113	0.52636	0.991825
14	68550000	68600000	27226	130	23655	27431	0.00477485	0.4731	0.992527
14	68600000	68650000	31457	158	17438	31818	0.00502273	0.34876	0.988654
14	68650000	68700000	28454	147	24764	28665	0.00516623	0.49528	0.992639
14	68700000	68750000	33357	143	17819	33588	0.00428696	0.35638	0.993123
14	68750000	68800000	32286	120	11288	32653	0.00371678	0.22576	0.988761
14	68800000	68850000	29411	133	20308	29738	0.00452212	0.40616	0.989004
14	68850000	68900000	29526	111	18263	29763	0.0037594	0.36526	0.992037
14	68900000	68950000	29408	139	21115	29772	0.00472661	0.4223	0.987774
14	68950000	69000000	33418	165	16400	35403	0.00493746	0.328	0.943931
14	69000000	69050000	33685	127	18643	33954	0.00377022	0.37286	0.992078
14	69050000	69100000	31045	168	14405	34689	0.0054115	0.2881	0.894952
14	69100000	69150000	32037	132	19952	33400	0.00412024	0.39904	0.959192
14	69150000	69200000	30813	199	18460	31060	0.00645831	0.3692	0.992048
14	69200000	69250000	30617	176	19724	33174	0.00574844	0.39448	0.922922
14	69250000	69300000	23268	96	20426	26546	0.00412584	0.40852	0.876516
14	69300000	69350000	10956	62	28583	22590	0.005659	0.57166	0.484993
14	69350000	69400000	24426	150	16671	31091	0.006141	0.33342	0.785629
14	69400000	69450000	31822	154	17390	32085	0.00483942	0.3478	0.991803
14	69450000	69500000	24935	125	32814	25171	0.00501303	0.65628	0.990624
14	69500000	69550000	29107	102	15995	29305	0.00350431	0.3199	0.993243
14	69550000	69600000	28726	112	21513	28910	0.00389891	0.43026	0.993635
14	69600000	69650000	21268	92	31727	21445	0.00432575	0.63454	0.991746
14	69650000	69700000	21595	113	36664	21791	0.00523269	0.73328	0.991005
14	69700000	69750000	31181	188	15754	32073	0.00602931	0.31508	0.972188
14	69750000	69800000	30206	168	22313	30938	0.00556181	0.44626	0.97634
14	69800000	69850000	31474	174	20477	31822	0.00552837	0.40954	0.989064
14	69850000	69900000	19608	95	32315	19941	0.00484496	0.6463	0.983301
14	69900000	69950000	23272	99	28885	23439	0.00425404	0.5777	0.992875
14	69950000	70000000	27810	171	23759	28596	0.00614887	0.47518	0.972514
14	70000000	70050000	28135	175	22359	28544	0.00622001	0.44718	0.985671
14	70050000	70100000	26111	133	23177	26593	0.00509364	0.46354	0.981875
14	70100000	70150000	30534	123	17175	30755	0.0040283	0.3435	0.992814
14	70150000	70200000	28131	148	20612	29019	0.0052611	0.41224	0.969399
14	70200000	70250000	21528	89	25756	21879	0.00413415	0.51512	0.983957
14	70250000	70300000	22787	121	32330	23002	0.00531005	0.6466	0.990653
14	70300000	70350000	30382	142	24554	30870	0.00467382	0.49108	0.984192
14	70350000	70400000	28063	171	23963	31508	0.00609343	0.47926	0.890663
14	70400000	70450000	33304	165	17138	33639	0.00495436	0.34276	0.990041
14	70450000	70500000	35491	149	14602	36102	0.00419825	0.29204	0.983076
14	70500000	70550000	32828	153	15102	35059	0.00466066	0.30204	0.936364
14	70550000	70600000	34199	250	19221	34760	0.00731016	0.38442	0.983861
14	70600000	70650000	33455	228	17271	35261	0.00681512	0.34542	0.948782
14	70650000	70700000	20462	165	31331	20762	0.00806373	0.62662	0.985551
14	70700000	70750000	16961	120	32926	17180	0.00707505	0.65852	0.987253
14	70750000	70800000	15704	88	36895	16125	0.00560367	0.7379	0.973891
14	70800000	70850000	24130	117	25987	24751	0.00484874	0.51974	0.97491
14	70850000	70900000	19802	124	35489	19969	0.00626199	0.70978	0.991637
14	70900000	70950000	12482	101	35126	12694	0.00809165	0.70252	0.983299
14	70950000	71000000	16599	58	41968	16748	0.00349419	0.83936	0.991103
14	71000000	71050000	15834	98	44396	16266	0.00618921	0.88792	0.973442
14	71050000	71100000	27152	130	26062	27331	0.00478786	0.52124	0.993451
14	71100000	71150000	30451	148	23811	30694	0.00486027	0.47622	0.992083
14	71150000	71200000	29602	169	21925	31140	0.00570907	0.4385	0.95061
14	71200000	71250000	28104	111	23339	28289	0.00394962	0.46678	0.99346
14	71250000	71300000	27422	146	19521	27722	0.00532419	0.39042	0.989178
14	71300000	71350000	19793	157	38350	20162	0.0079321	0.767	0.981698
14	71350000	71400000	26597	133	20786	28156	0.00500056	0.41572	0.94463
14	71400000	71450000	23034	102	27299	23266	0.00442824	0.54598	0.990028
14	71450000	71500000	29559	130	18787	29770	0.00439798	0.37574	0.992912
14	71500000	71550000	21114	113	30475	21452	0.0053519	0.6095	0.984244
14	71550000	71600000	21241	88	29085	23412	0.00414293	0.5817	0.90727
14	71600000	71650000	24259	135	31883	24977	0.00556494	0.63766	0.971254
14	71650000	71700000	27803	154	28874	28450	0.00553897	0.57748	0.977258
14	71700000	71750000	25089	132	29253	25291	0.00526127	0.58506	0.992013
14	71750000	71800000	27633	99	23582	27916	0.00358267	0.47164	0.989862
14	71800000	71850000	25006	110	27052	25351	0.00439894	0.54104	0.986391
14	71850000	71900000	27929	128	23809	28150	0.00458305	0.47618	0.992149
14	71900000	71950000	23871	96	25840	24075	0.00402162	0.5168	0.991526
14	71950000	72000000	26262	112	26885	26661	0.00426472	0.5377	0.985034
14	72000000	72050000	26279	112	23986	26536	0.00426196	0.47972	0.990315
14	72050000	72100000	29680	127	22273	29955	0.00427898	0.44546	0.99082
14	72100000	72150000	26639	114	27175	26812	0.00427944	0.5435	0.993548
14	72150000	72200000	32226	140	12511	32440	0.00434432	0.25022	0.993403
14	72200000	72250000	28931	171	22539	29242	0.00591061	0.45078	0.989365
14	72250000	72300000	21164	176	37732	21368	0.00831601	0.75464	0.990453
14	72300000	72350000	15887	117	38220	16151	0.00736451	0.7644	0.983654
14	72350000	72400000	27570	215	25384	27994	0.00779833	0.50768	0.984854
14	72400000	72450000	23635	131	31446	23850	0.00554263	0.62892	0.990985
14	72450000	72500000	31216	182	25730	31462	0.00583034	0.5146	0.992181
14	72500000	72550000	25765	171	29346	27031	0.00663691	0.58692	0.953165
14	72550000	72600000	33594	192	18519	33938	0.00571531	0.37038	0.989864
14	72600000	72650000	32217	203	18425	32584	0.00630102	0.3685	0.988737
14	72650000	72700000	31271	203	22272	31836	0.00649164	0.44544	0.982253
14	72700000	72750000	7911	62	25061	30436	0.00783719	0.50122	0.259922
14	72750000	72800000	27826	184	28615	28081	0.00661252	0.5723	0.990919
14	72800000	72850000	26424	191	28590	28135	0.00722828	0.5718	0.939186
14	72850000	72900000	24285	151	27722	24549	0.00621783	0.55444	0.989246
14	72900000	72950000	31291	189	20233	31723	0.00604008	0.40466	0.986382
14	72950000	73000000	32494	150	19176	32932	0.00461624	0.38352	0.9867
14	73000000	73050000	34095	196	12060	34621	0.00574864	0.2412	0.984807
14	73050000	73100000	34016	223	20748	35456	0.00655574	0.41496	0.959386
14	73100000	73150000	34759	149	11762	35487	0.00428666	0.23524	0.979485
14	73150000	73200000	32679	161	21262	32972	0.00492671	0.42524	0.991114
14	73200000	73250000	28397	164	27797	28776	0.00577526	0.55594	0.986829
14	73250000	73300000	29860	212	23282	30190	0.0070998	0.46564	0.989069
14	73300000	73350000	26532	154	23551	26743	0.00580431	0.47102	0.99211
14	73350000	73400000	24600	132	22957	25224	0.00536585	0.45914	0.975262
14	73400000	73450000	18514	72	19387	22447	0.00388895	0.38774	0.824787
14	73450000	73500000	17346	73	28634	18920	0.00420846	0.57268	0.916808
14	73500000	73550000	12927	46	34850	13858	0.00355844	0.697	0.932819
14	73550000	73600000	20115	84	23297	20856	0.00417599	0.46594	0.964471
14	73600000	73650000	18236	81	31385	21725	0.00444176	0.6277	0.839402
14	73650000	73700000	22560	108	25311	23037	0.00478723	0.50622	0.979294
14	73700000	73750000	28702	193	14820	29909	0.00672427	0.2964	0.959644
14	73750000	73800000	23488	143	27300	24068	0.00608822	0.546	0.975902
14	73800000	73850000	21739	128	34052	22602	0.00588804	0.68104	0.961818
14	73850000	73900000	17648	119	33790	17980	0.00674297	0.6758	0.981535
14	73900000	73950000	19636	103	27212	20176	0.00524547	0.54424	0.973236
14	73950000	74000000	18559	100	25885	19026	0.00538822	0.5177	0.975455
14	74000000	74050000	1560	16	33178	1632	0.0102564	0.66356	0.955882
14	74050000	74100000	13749	74	37104	14317	0.00538221	0.74208	0.960327
14	74100000	74150000	18396	76	33792	18718	0.00413133	0.67584	0.982797
14	74150000	74200000	22007	89	25223	22290	0.00404417	0.50446	0.987304
14	74200000	74250000	27449	120	18660	28308	0.00437174	0.3732	0.969655
14	74250000	74300000	22634	130	28949	23046	0.00574357	0.57898	0.982123
14	74300000	74350000	17983	84	31718	18402	0.00467108	0.63436	0.977231
14	74350000	74400000	22278	64	26901	22504	0.00287279	0.53802	0.989957
14	74400000	74450000	24542	94	22830	24819	0.00383017	0.4566	0.988839
14	74450000	74500000	17490	82	30882	17749	0.00468839	0.61764	0.985408
14	74500000	74550000	18706	64	29154	19051	0.00342136	0.58308	0.981891
14	74550000	74600000	19918	73	31985	20218	0.00366503	0.6397	0.985162
14	74600000	74650000	23754	89	24524	23968	0.00374674	0.49048	0.991071
14	74650000	74700000	25028	114	18093	29328	0.0045549	0.36186	0.853382
14	74700000	74750000	21291	108	20982	26155	0.00507257	0.41964	0.814032
14	74750000	74800000	19712	91	29583	21702	0.00461648	0.59166	0.908303
14	74800000	74850000	18037	85	32266	20102	0.00471254	0.64532	0.897274
14	74850000	74900000	29784	138	23266	30619	0.00463336	0.46532	0.972729
14	74900000	74950000	26689	110	27409	27405	0.00412155	0.54818	0.973873
14	74950000	75000000	32298	164	10823	32705	0.00507771	0.21646	0.987555
14	75000000	75050000	30867	135	20439	32910	0.0043736	0.40878	0.937922
14	75050000	75100000	30458	145	21565	30951	0.00476065	0.4313	0.984072
14	75100000	75150000	30054	116	18325	30394	0.00385972	0.3665	0.988814
14	75150000	75200000	21727	103	27242	21893	0.00474065	0.54484	0.992418
14	75200000	75250000	18042	68	33020	18194	0.00376898	0.6604	0.991646
14	75250000	75300000	28448	114	23468	28712	0.00400731	0.46936	0.990805
14	75300000	75350000	28091	137	20291	28300	0.00487701	0.40582	0.992615
14	75350000	75400000	27784	155	18688	28007	0.00557875	0.37376	0.992038
14	75400000	75450000	31424	144	18423	32122	0.00458248	0.36846	0.97827
14	75450000	75500000	21609	101	27199	26132	0.00467398	0.54398	0.826917
14	75500000	75550000	26847	102	21324	27103	0.00379931	0.42648	0.990555
14	75550000	75600000	24103	128	20921	24370	0.00531054	0.41842	0.989044
14	75600000	75650000	21810	110	26962	22122	0.00504356	0.53924	0.985896
14	75650000	75700000	21237	149	32635	22288	0.00701606	0.6527	0.952845
14	75700000	75750000	24286	115	19623	24936	0.00473524	0.39246	0.973933
14	75750000	75800000	23961	96	28403	24994	0.00400651	0.56806	0.95867
14	75800000	75850000	28786	134	26968	29005	0.00465504	0.53936	0.99245
14	75850000	75900000	26974	144	26986	27207	0.00533847	0.53972	0.991436
14	75900000	75950000	31411	179	19526	32724	0.00569864	0.39052	0.959877
14	75950000	76000000	28900	155	24301	29261	0.00536332	0.48602	0.987663
14	76000000	76050000	26192	173	25439	27053	0.00660507	0.50878	0.968174
14	76050000	76100000	22635	136	28998	25714	0.00600839	0.57996	0.88026
14	76100000	76150000	28665	138	21325	29085	0.00481423	0.4265	0.98556
14	76150000	76200000	31042	130	18309	31242	0.00418787	0.36618	0.993598
14	76200000	76250000	30275	136	21372	31167	0.00449216	0.42744	0.97138
14	76250000	76300000	26357	131	25612	26561	0.00497022	0.51224	0.99232
14	76300000	76350000	29252	141	22875	29506	0.00482018	0.4575	0.991392
14	76350000	76400000	26257	141	25281	26641	0.00537	0.50562	0.985586
14	76400000	76450000	30066	163	22264	30369	0.00542141	0.44528	0.990023
14	76450000	76500000	28135	124	29204	28321	0.00440732	0.58408	0.993432
14	76500000	76550000	30470	139	15598	32836	0.00456186	0.31196	0.927945
14	76550000	76600000	32556	181	21014	33561	0.00555965	0.42028	0.970055
14	76600000	76650000	31370	154	22020	31641	0.00490915	0.4404	0.991435
14	76650000	76700000	30139	161	25060	30831	0.00534192	0.5012	0.977555
14	76700000	76750000	27818	144	25297	29145	0.0051765	0.50594	0.954469
14	76750000	76800000	29958	226	23946	30543	0.00754389	0.47892	0.980847
14	76800000	76850000	32161	188	16476	32769	0.00584559	0.32952	0.981446
14	76850000	76900000	26169	158	21847	29203	0.00603768	0.43694	0.896107
14	76900000	76950000	24344	147	23732	27800	0.00603845	0.47464	0.875683
14	76950000	77000000	29762	205	22202	30082	0.00688798	0.44404	0.989362
14	77000000	77050000	24601	177	29882	25366	0.00719483	0.59764	0.969842
14	77050000	77100000	27971	179	28289	28338	0.00639949	0.56578	0.987049
14	77100000	77150000	28044	215	26310	28370	0.00766652	0.5262	0.988509
14	77150000	77200000	23504	155	31170	24505	0.00659462	0.6234	0.959151
14	77200000	77250000	23433	139	25575	23622	0.00593181	0.5115	0.991999
14	77250000	77300000	26726	119	25104	28464	0.00445259	0.50208	0.93894
14	77300000	77350000	26128	172	26597	27010	0.00658298	0.53194	0.967345
14	77350000	77400000	25987	204	24559	26189	0.00785008	0.49118	0.992287
14	77400000	77450000	20985	143	27656	21256	0.00681439	0.55312	0.987251
14	77450000	77500000	25297	100	21917	25540	0.00395304	0.43834	0.990486
14	77500000	77550000	26395	126	22134	26600	0.00477363	0.44268	0.992293
14	77550000	77600000	29504	139	18419	29885	0.00471123	0.36838	0.987251
14	77600000	77650000	25732	149	24811	26705	0.00579046	0.49622	0.963565
14	77650000	77700000	30878	169	23240	32257	0.00547315	0.4648	0.95725
14	77700000	77750000	32555	221	13372	33331	0.00678851	0.26744	0.976718
14	77750000	77800000	30762	183	18937	30984	0.0059489	0.37874	0.992835
14	77800000	77850000	27142	137	24244	27501	0.00504753	0.48488	0.986946
14	77850000	77900000	19106	105	33652	20784	0.00549566	0.67304	0.919265
14	77900000	77950000	25958	148	20605	26597	0.00570152	0.4121	0.975975
14	77950000	78000000	20890	117	25661	22892	0.00560077	0.51322	0.912546
14	78000000	78050000	19189	111	28004	21491	0.00578456	0.56008	0.892885
14	78050000	78100000	16451	108	27613	21378	0.00656495	0.55226	0.769529
14	78100000	78150000	19338	103	28792	21107	0.0053263	0.57584	0.916189
14	78150000	78200000	21176	89	27230	22042	0.00420287	0.5446	0.960711
14	78200000	78250000	19438	105	31189	19780	0.00540179	0.62378	0.98271
14	78250000	78300000	17883	87	33498	18196	0.00486496	0.66996	0.982798
14	78300000	78350000	27896	161	25897	28605	0.00577144	0.51794	0.975214
14	78350000	78400000	30328	181	23023	30599	0.00596808	0.46046	0.991144
14	78400000	78450000	27577	173	28604	27825	0.00627334	0.57208	0.991087
14	78450000	78500000	25860	140	31593	26116	0.00541377	0.63186	0.990198
14	78500000	78550000	25952	207	31745	26662	0.00797626	0.6349	0.97337
14	78550000	78600000	29693	210	26245	30363	0.00707237	0.5249	0.977934
14	78600000	78650000	33544	177	14534	33891	0.00527665	0.29068	0.989761
14	78650000	78700000	31897	169	20907	32918	0.0052983	0.41814	0.968984
14	78700000	78750000	34330	189	15953	34618	0.00550539	0.31906	0.991681
14	78750000	78800000	32787	182	13688	35378	0.00555098	0.27376	0.926762
14	78800000	78850000	33422	136	21191	33692	0.00406918	0.42382	0.991986
14	78850000	78900000	34104	185	21203	34476	0.00542458	0.42406	0.98921
14	78900000	78950000	33053	183	17903	33375	0.00553656	0.35806	0.990352
14	78950000	79000000	35147	222	14419	35479	0.00631633	0.28838	0.990642
14	79000000	79050000	29222	199	24445	29505	0.00680994	0.4889	0.990408
14	79050000	79100000	33558	219	15014	33905	0.00652601	0.30028	0.989766
14	79100000	79150000	32891	212	17742	33170	0.00644553	0.35484	0.991589
14	79150000	79200000	33371	178	16389	33658	0.00533397	0.32778	0.991473
14	79200000	79250000	32241	185	20903	32593	0.00573804	0.41806	0.9892
14	79250000	79300000	31431	163	18867	31722	0.00518596	0.37734	0.990827
14	79300000	79350000	31613	177	18765	31930	0.00559896	0.3753	0.990072
14	79350000	79400000	30998	185	22168	31584	0.00596813	0.44336	0.981446
14	79400000	79450000	34175	197	14753	34483	0.00576445	0.29506	0.991068
14	79450000	79500000	32126	201	14945	32629	0.00625661	0.2989	0.984584
14	79500000	79550000	32274	191	17387	32673	0.00591808	0.34774	0.987788
14	79550000	79600000	31230	205	17234	31518	0.0065642	0.34468	0.990862
14	79600000	79650000	33917	189	11792	34221	0.00557243	0.23584	0.991117
14	79650000	79700000	31171	164	17340	31495	0.0052613	0.3468	0.989713
14	79700000	79750000	30056	151	15720	31931	0.00502396	0.3144	0.94128
14	79750000	79800000	28710	190	19946	28985	0.0066179	0.39892	0.990512
14	79800000	79850000	29835	199	14274	30140	0.00667002	0.28548	0.989881
14	79850000	79900000	30959	213	18505	31339	0.00688007	0.3701	0.987875
14	79900000	79950000	31856	191	14815	32441	0.00599573	0.2963	0.981967
14	79950000	80000000	31804	233	19669	32112	0.00732612	0.39338	0.990409
14	80000000	80050000	30310	218	19790	30736	0.00719235	0.3958	0.98614
14	80050000	80100000	31456	213	16937	31864	0.00677136	0.33874	0.987196
14	80100000	80150000	35294	201	13031	35645	0.00569502	0.26062	0.990153
14	80150000	80200000	34384	191	12221	34690	0.00555491	0.24442	0.991179
14	80200000	80250000	20253	115	20411	20640	0.00567817	0.40822	0.98125
14	80250000	80300000	30983	226	14200	31287	0.00729432	0.284	0.990284
14	80300000	80350000	32040	160	15115	32354	0.00499376	0.3023	0.990295
14	80350000	80400000	31346	171	27111	31776	0.00545524	0.54222	0.986468
14	80400000	80450000	24833	207	30463	25087	0.00833568	0.60926	0.989875
14	80450000	80500000	26593	202	22350	28558	0.00759598	0.447	0.931193
14	80500000	80550000	24652	159	33604	25898	0.00644978	0.67208	0.951888
14	80550000	80600000	27419	191	23720	27666	0.00696597	0.4744	0.991072
14	80600000	80650000	34082	199	19601	34380	0.00583886	0.39202	0.991332
14	80650000	80700000	26725	139	19418	27017	0.00520112	0.38836	0.989192
14	80700000	80750000	28071	142	30515	28315	0.0050586	0.6103	0.991383
14	80750000	80800000	29061	186	25350	29324	0.00640033	0.507	0.991031
14	80800000	80850000	28251	161	21794	28605	0.00569891	0.43588	0.987625
14	80850000	80900000	31132	177	23646	31718	0.00568547	0.47292	0.981525
14	80900000	80950000	18072	145	34046	18350	0.00802346	0.68092	0.98485
14	80950000	81000000	26654	193	22114	26929	0.00724094	0.44228	0.989788
14	81000000	81050000	31639	173	17564	31935	0.00546794	0.35128	0.990731
14	81050000	81100000	25618	132	28955	25839	0.00515263	0.5791	0.991447
14	81100000	81150000	26840	190	25469	27302	0.00707899	0.50938	0.983078
14	81150000	81200000	30598	170	21011	30836	0.00555592	0.42022	0.992282
14	81200000	81250000	31361	184	18360	31630	0.00586716	0.3672	0.991495
14	81250000	81300000	26475	172	24840	26766	0.00649669	0.4968	0.989128
14	81300000	81350000	27852	106	28036	28093	0.00380583	0.56072	0.991421
14	81350000	81400000	23035	141	32372	23251	0.00612112	0.64744	0.99071
14	81400000	81450000	30344	158	27702	30809	0.00520696	0.55404	0.984907
14	81450000	81500000	26017	143	26512	26227	0.00549641	0.53024	0.991993
14	81500000	81550000	23369	160	33984	23689	0.00684668	0.67968	0.986492
14	81550000	81600000	27806	167	26795	28449	0.0060059	0.5359	0.977398
14	81600000	81650000	29539	148	23099	29730	0.00501033	0.46198	0.993576
14	81650000	81700000	25518	92	24481	25751	0.0036053	0.48962	0.990952
14	81700000	81750000	25257	134	25457	25980	0.00530546	0.50914	0.972171
14	81750000	81800000	30147	144	21064	30742	0.00477659	0.42128	0.980645
14	81800000	81850000	25603	171	33810	25978	0.0066789	0.6762	0.985565
14	81850000	81900000	30430	196	20535	30663	0.00644101	0.4107	0.992401
14	81900000	81950000	25984	160	23239	27196	0.00615764	0.46478	0.955435
14	81950000	82000000	28283	111	23316	28749	0.00392462	0.46632	0.983791
14	82000000	82050000	21967	141	30583	22160	0.00641872	0.61166	0.991291
14	82050000	82100000	28156	196	22729	28423	0.00696122	0.45458	0.990606
14	82100000	82150000	25835	180	25736	26083	0.00696729	0.51472	0.990492
14	82150000	82200000	31558	177	18741	31809	0.00560872	0.37482	0.992109
14	82200000	82250000	31339	125	22014	31971	0.00398864	0.44028	0.980232
14	82250000	82300000	28934	159	24128	29148	0.00549527	0.48256	0.992658
14	82300000	82350000	17977	109	35284	18710	0.0060633	0.70568	0.960823
14	82350000	82400000	24065	120	30813	24335	0.00498649	0.61626	0.988905
14	82400000	82450000	31314	188	22239	32713	0.0060037	0.44478	0.957234
14	82450000	82500000	29725	189	26636	30000	0.00635828	0.53272	0.990833
14	82500000	82550000	29421	168	26643	30686	0.00571021	0.53286	0.958776
14	82550000	82600000	34269	240	17020	34576	0.00700341	0.3404	0.991121
14	82600000	82650000	30257	188	25570	30598	0.00621344	0.5114	0.988855
14	82650000	82700000	29559	207	28381	29851	0.00700294	0.56762	0.990218
14	82700000	82750000	29507	236	24252	30076	0.0079981	0.48504	0.981081
14	82750000	82800000	27179	140	29325	27448	0.00515104	0.5865	0.9902
14	82800000	82850000	23913	145	35196	24200	0.00606365	0.70392	0.98814
14	82850000	82900000	29146	239	23868	30272	0.0082001	0.47736	0.962804
14	82900000	82950000	26901	178	28690	27966	0.00661685	0.5738	0.961918
14	82950000	83000000	30976	196	18758	32134	0.00632748	0.37516	0.963963
14	83000000	83050000	31308	210	25301	31657	0.00670755	0.50602	0.988976
14	83050000	83100000	31281	168	22711	32204	0.00537067	0.45422	0.971339
14	83100000	83150000	31718	178	21019	32029	0.00561196	0.42038	0.99029
14	83150000	83200000	28211	186	21490	28647	0.00659317	0.4298	0.98478
14	83200000	83250000	28384	209	18187	28667	0.0073633	0.36374	0.990128
14	83250000	83300000	30495	203	17868	30869	0.00665683	0.35736	0.987884
14	83300000	83350000	32648	239	20432	33004	0.00732051	0.40864	0.989213
14	83350000	83400000	31175	219	23511	31526	0.00702486	0.47022	0.988866
14	83400000	83450000	30387	202	20961	30719	0.00664758	0.41922	0.989192
14	83450000	83500000	28387	216	23127	28723	0.00760912	0.46254	0.988302
14	83500000	83550000	29491	221	31255	30265	0.00749381	0.6251	0.974426
14	83550000	83600000	30944	198	20517	31524	0.00639866	0.41034	0.981601
14	83600000	83650000	25100	179	24450	30062	0.00713147	0.489	0.834941
14	83650000	83700000	25030	216	31912	25284	0.00862964	0.63824	0.989954
14	83700000	83750000	31059	272	24600	31483	0.00875753	0.492	0.986532
14	83750000	83800000	31029	189	22738	32325	0.00609108	0.45476	0.959907
14	83800000	83850000	30914	227	26352	31288	0.00734295	0.52704	0.988047
14	83850000	83900000	30674	200	21718	31620	0.00652018	0.43436	0.970082
14	83900000	83950000	28806	176	23410	29405	0.00610984	0.4682	0.979629
14	83950000	84000000	31281	198	23981	31756	0.00632972	0.47962	0.985042
14	84000000	84050000	30295	255	20751	30782	0.00841723	0.41502	0.984179
14	84050000	84100000	26918	158	24283	27197	0.00586968	0.48566	0.989742
14	84100000	84150000	26972	188	22483	27934	0.00697019	0.44966	0.965562
14	84150000	84200000	29869	208	30354	30509	0.00696374	0.60708	0.979023
14	84200000	84250000	34226	212	17876	34687	0.00619412	0.35752	0.98671
14	84250000	84300000	31255	189	18432	31741	0.00604703	0.36864	0.984689
14	84300000	84350000	33274	155	19567	33584	0.00465829	0.39134	0.990769
14	84350000	84400000	28318	187	26097	29216	0.00660357	0.52194	0.969263
14	84400000	84450000	23941	174	29916	24923	0.00726787	0.59832	0.960599
14	84450000	84500000	26060	187	20928	30940	0.00717575	0.41856	0.842275
14	84500000	84550000	32584	214	20057	33050	0.00656764	0.40114	0.9859
14	84550000	84600000	24132	164	24992	24422	0.00679596	0.49984	0.988125
14	84600000	84650000	29559	242	17237	29846	0.00818702	0.34474	0.990384
14	84650000	84700000	30960	179	25227	31257	0.00578165	0.50454	0.990498
14	84700000	84750000	29705	193	19624	31091	0.00649722	0.39248	0.955421
14	84750000	84800000	29103	208	25404	29590	0.00714703	0.50808	0.983542
14	84800000	84850000	26656	170	28288	27369	0.00637755	0.56576	0.973949
14	84850000	84900000	29629	189	27381	29933	0.00637889	0.54762	0.989844
14	84900000	84950000	32615	143	11540	33336	0.00438449	0.2308	0.978372
14	84950000	85000000	22955	113	29354	23313	0.00492267	0.58708	0.984644
14	85000000	85050000	30632	168	21057	30897	0.00548446	0.42114	0.991423
14	85050000	85100000	27720	171	28635	27974	0.00616883	0.5727	0.99092
14	85100000	85150000	23215	141	29088	24020	0.00607366	0.58176	0.966486
14	85150000	85200000	27051	178	26673	27430	0.00658016	0.53346	0.986183
14	85200000	85250000	31074	201	22959	31474	0.00646843	0.45918	0.987291
14	85250000	85300000	32378	224	17604	32646	0.00691828	0.35208	0.991791
14	85300000	85350000	32625	228	23935	32903	0.00698851	0.4787	0.991551
14	85350000	85400000	27912	191	27079	28497	0.00684293	0.54158	0.979472
14	85400000	85450000	30011	212	18149	30321	0.00706408	0.36298	0.989776
14	85450000	85500000	28212	230	26686	28525	0.00815256	0.53372	0.989027
14	85500000	85550000	27473	203	25943	27956	0.00738907	0.51886	0.982723
14	85550000	85600000	29585	212	22966	31318	0.00716579	0.45932	0.944664
14	85600000	85650000	27812	154	23349	28214	0.00553718	0.46698	0.985752
14	85650000	85700000	26906	202	24587	27166	0.00750762	0.49174	0.990429
14	85700000	85750000	30582	217	18503	30864	0.00709568	0.37006	0.990863
14	85750000	85800000	32916	230	20661	33414	0.00698748	0.41322	0.985096
14	85800000	85850000	28292	183	21852	28572	0.00646826	0.43704	0.9902
14	85850000	85900000	32505	183	14094	32829	0.0056299	0.28188	0.990131
14	85900000	85950000	31416	183	18562	31740	0.00582506	0.37124	0.989792
14	85950000	86000000	29799	158	20181	30480	0.00530219	0.40362	0.977657
14	86000000	86050000	33012	219	9822	33318	0.00663395	0.19644	0.990816
14	86050000	86100000	31377	193	13157	31724	0.006151	0.26314	0.989062
14	86100000	86150000	31513	203	18579	31804	0.00644179	0.37158	0.99085
14	86150000	86200000	30482	156	25657	31078	0.00511777	0.51314	0.980822
14	86200000	86250000	27749	130	26817	28094	0.00468485	0.53634	0.98772
14	86250000	86300000	28267	202	23198	28511	0.00714614	0.46396	0.991442
14	86300000	86350000	30940	205	16751	31264	0.00662573	0.33502	0.989637
14	86350000	86400000	21241	127	32597	21527	0.005979	0.65194	0.986714
14	86400000	86450000	26976	192	27352	27310	0.00711744	0.54704	0.98777
14	86450000	86500000	29913	229	25876	32206	0.00765553	0.51752	0.928802
14	86500000	86550000	24482	199	26657	24866	0.00812842	0.53314	0.984557
14	86550000	86600000	21215	157	29295	21485	0.00740042	0.5859	0.987433
14	86600000	86650000	26931	215	29017	27386	0.00798336	0.58034	0.983386
14	86650000	86700000	28532	163	24223	28865	0.00571288	0.48446	0.988464
14	86700000	86750000	21734	132	35820	22003	0.00607343	0.7164	0.987774
14	86750000	86800000	27012	190	20563	27289	0.00703391	0.41126	0.989849
14	86800000	86850000	26920	220	26909	27172	0.00817236	0.53818	0.990726
14	86850000	86900000	27855	213	22147	28391	0.00764674	0.44294	0.981121
14	86900000	86950000	27915	235	18446	28878	0.00841841	0.36892	0.966653
14	86950000	87000000	33021	192	27431	33351	0.00581448	0.54862	0.990105
14	87000000	87050000	28707	200	21732	28979	0.00696694	0.43464	0.990614
14	87050000	87100000	25805	204	29114	26357	0.00790544	0.58228	0.979057
14	87100000	87150000	29222	201	27489	29576	0.00687838	0.54978	0.988031
14	87150000	87200000	30399	286	21263	30756	0.0094082	0.42526	0.988393
14	87200000	87250000	18954	162	37671	19326	0.00854701	0.75342	0.980751
14	87250000	87300000	27730	189	26398	28026	0.00681572	0.52796	0.989438
14	87300000	87350000	28323	174	19862	28574	0.00614342	0.39724	0.991216
14	87350000	87400000	29356	186	26527	29661	0.00633601	0.53054	0.989717
14	87400000	87450000	25775	121	26979	26081	0.00469447	0.53958	0.988267
14	87450000	87500000	30568	200	20530	30837	0.00654279	0.4106	0.991277
14	87500000	87550000	31895	206	18212	32198	0.00645869	0.36424	0.990589
14	87550000	87600000	28240	174	25712	28871	0.00616147	0.51424	0.978144
14	87600000	87650000	30668	178	22001	30959	0.0058041	0.44002	0.9906
14	87650000	87700000	31074	182	20026	31386	0.00585699	0.40052	0.990059
14	87700000	87750000	24188	151	29613	25374	0.00624277	0.59226	0.953259
14	87750000	87800000	31554	215	20752	32179	0.00681372	0.41504	0.980577
14	87800000	87850000	28790	173	23044	29059	0.00600903	0.46088	0.990743
14	87850000	87900000	24888	152	28641	25867	0.00610736	0.57282	0.962153
14	87900000	87950000	30150	177	21253	32391	0.00587065	0.42506	0.930814
14	87950000	88000000	32260	223	21837	33277	0.00691259	0.43674	0.969438
14	88000000	88050000	29304	207	24549	29564	0.00706388	0.49098	0.991206
14	88050000	88100000	28918	161	25657	29168	0.00556747	0.51314	0.991429
14	88100000	88150000	28634	160	24876	28903	0.00558776	0.49752	0.990693
14	88150000	88200000	33685	196	21475	34083	0.00581861	0.4295	0.988323
14	88200000	88250000	26411	120	27139	26627	0.00454356	0.54278	0.991888
14	88250000	88300000	30024	179	31281	30287	0.0059619	0.62562	0.991316
14	88300000	88350000	32003	184	21718	32291	0.00574946	0.43436	0.991081
14	88350000	88400000	27077	158	31122	28605	0.00583521	0.62244	0.946583
14	88400000	88450000	29214	160	21055	29479	0.00547683	0.4211	0.991011
14	88450000	88500000	30497	143	23142	31207	0.00468899	0.46284	0.977249
14	88500000	88550000	27830	164	33062	28193	0.00589292	0.66124	0.987124
14	88550000	88600000	27078	223	31677	27347	0.00823547	0.63354	0.990163
14	88600000	88650000	30771	225	17760	31059	0.00731208	0.3552	0.990727
14	88650000	88700000	30968	180	16802	31256	0.00581245	0.33604	0.990786
14	88700000	88750000	28903	143	22784	30807	0.00494758	0.45568	0.938196
14	88750000	88800000	32123	160	22474	32948	0.00498085	0.44948	0.974961
14	88800000	88850000	21091	142	33476	21307	0.00673273	0.66952	0.989862
14	88850000	88900000	23083	109	31839	23287	0.00472209	0.63678	0.99124
14	88900000	88950000	19235	82	27259	19714	0.00426306	0.54518	0.975703
14	88950000	89000000	23474	94	27353	24001	0.00400443	0.54706	0.978043
14	89000000	89050000	26398	120	20686	26569	0.0045458	0.41372	0.993564
14	89050000	89100000	29414	104	17576	29780	0.00353573	0.35152	0.98771
14	89100000	89150000	20295	82	28955	20494	0.0040404	0.5791	0.99029
14	89150000	89200000	25384	95	26881	25669	0.00374251	0.53762	0.988897
14	89200000	89250000	24399	87	36897	25040	0.00356572	0.73794	0.974401
14	89250000	89300000	25061	118	25554	25285	0.00470851	0.51108	0.991141
14	89300000	89350000	29909	168	19606	30137	0.00561704	0.39212	0.992435
14	89350000	89400000	27521	155	30086	27923	0.00563206	0.60172	0.985603
14	89400000	89450000	29972	174	27636	30537	0.00580542	0.55272	0.981498
14	89450000	89500000	31318	181	23457	32289	0.00577942	0.46914	0.969928
14	89500000	89550000	24870	159	31504	25506	0.00639324	0.63008	0.975065
14	89550000	89600000	26926	166	27238	27179	0.00616504	0.54476	0.990691
14	89600000	89650000	29486	225	18668	29775	0.00763074	0.37336	0.990294
14	89650000	89700000	32747	219	13320	33058	0.00668764	0.2664	0.990592
14	89700000	89750000	33097	232	14645	33468	0.0070097	0.2929	0.988915
14	89750000	89800000	26214	189	20302	26543	0.00720989	0.40604	0.987605
14	89800000	89850000	24929	137	22348	25358	0.00549561	0.44696	0.983082
14	89850000	89900000	24373	135	20532	26191	0.00553892	0.41064	0.930587
14	89900000	89950000	25132	148	23583	25681	0.00588891	0.47166	0.978622
14	89950000	90000000	24046	148	26369	25058	0.00615487	0.52738	0.959614
14	90000000	90050000	28544	156	19899	28802	0.00546525	0.39798	0.991042
14	90050000	90100000	28079	161	26606	28739	0.00573382	0.53212	0.977035
14	90100000	90150000	26145	142	26497	26360	0.00543125	0.52994	0.991844
14	90150000	90200000	25274	179	28081	25479	0.00708238	0.56162	0.991954
14	90200000	90250000	23970	180	30443	24317	0.00750939	0.60886	0.98573
14	90250000	90300000	30226	148	26239	30436	0.00489645	0.52478	0.9931
14	90300000	90350000	30275	159	24806	30575	0.00525186	0.49612	0.990188
14	90350000	90400000	27906	136	23119	28092	0.0048735	0.46238	0.993379
14	90400000	90450000	29310	201	22066	29593	0.00685773	0.44132	0.990437
14	90450000	90500000	28832	135	20722	29201	0.0046823	0.41444	0.987363
14	90500000	90550000	28434	172	25575	28730	0.0060491	0.5115	0.989697
14	90550000	90600000	18228	157	30252	22918	0.00861312	0.60504	0.795357
14	90600000	90650000	25011	203	30210	25290	0.00811643	0.6042	0.988968
14	90650000	90700000	17813	110	37043	17986	0.00617527	0.74086	0.990381
14	90700000	90750000	20732	142	26303	22064	0.00684932	0.52606	0.93963
14	90750000	90800000	28161	152	22274	28410	0.00539754	0.44548	0.991235
14	90800000	90850000	21321	111	23371	21688	0.00520613	0.46742	0.983078
14	90850000	90900000	25171	145	18729	25717	0.0057606	0.37458	0.978769
14	90900000	90950000	24349	168	32405	25280	0.00689967	0.6481	0.963172
14	90950000	91000000	24294	181	22878	28357	0.0074504	0.45756	0.85672
14	91000000	91050000	34274	228	14479	35178	0.00665227	0.28958	0.974302
14	91050000	91100000	32734	215	13458	33086	0.00656809	0.26916	0.989361
14	91100000	91150000	32247	161	15876	32582	0.00499271	0.31752	0.989718
14	91150000	91200000	28967	152	21840	29248	0.00524735	0.4368	0.990393
14	91200000	91250000	26134	132	29659	26360	0.00505089	0.59318	0.991426
14	91250000	91300000	25797	171	26384	26029	0.00662868	0.52768	0.991087
14	91300000	91350000	25277	110	26384	25698	0.00435178	0.52768	0.983617
14	91350000	91400000	29200	133	24018	29489	0.00455479	0.48036	0.9902
14	91400000	91450000	26528	117	29728	26761	0.00441043	0.59456	0.991293
14	91450000	91500000	25645	86	28909	25906	0.00335348	0.57818	0.989925
14	91500000	91550000	22366	92	32554	22690	0.00411339	0.65108	0.985721
14	91550000	91600000	19936	113	30675	21208	0.00566814	0.6135	0.940023
14	91600000	91650000	19724	113	30413	20886	0.00572906	0.60826	0.944365
14	91650000	91700000	21731	165	30997	23569	0.00759284	0.61994	0.922016
14	91700000	91750000	25364	157	23224	27711	0.00618988	0.46448	0.915304
14	91750000	91800000	30104	182	14136	30559	0.00604571	0.28272	0.985111
14	91800000	91850000	31653	242	13357	31965	0.0076454	0.26714	0.990239
14	91850000	91900000	24963	157	20575	25190	0.00628931	0.4115	0.990988
14	91900000	91950000	17537	75	29135	18044	0.00427667	0.5827	0.971902
14	91950000	92000000	20496	102	29577	21148	0.00497658	0.59154	0.96917
14	92000000	92050000	15652	161	38365	15999	0.0102862	0.7673	0.978311
14	92050000	92100000	19893	144	33294	20120	0.00723873	0.66588	0.988718
14	92100000	92150000	18672	99	35723	18815	0.00530206	0.71446	0.9924
14	92150000	92200000	26854	143	30108	28451	0.00532509	0.60216	0.943868
14	92200000	92250000	24021	104	33643	25062	0.00432954	0.67286	0.958463
14	92250000	92300000	26200	129	32231	26438	0.00492366	0.64462	0.990998
14	92300000	92350000	29916	161	21692	30151	0.00538174	0.43384	0.992206
14	92350000	92400000	30584	189	20004	30825	0.0061797	0.40008	0.992182
14	92400000	92450000	26115	130	20406	26480	0.00497798	0.40812	0.986216
14	92450000	92500000	6628	44	20711	25542	0.0066385	0.41422	0.259494
14	92500000	92550000	14020	77	33063	16824	0.00549215	0.66126	0.833333
14	92550000	92600000	19708	104	27628	20356	0.00527704	0.55256	0.968167
14	92600000	92650000	23826	131	27336	24159	0.0054982	0.54672	0.986216
14	92650000	92700000	19694	133	35459	20654	0.00675333	0.70918	0.95352
14	92700000	92750000	28819	191	28879	29158	0.00662757	0.57758	0.988374
14	92750000	92800000	33300	233	19738	33549	0.006997	0.39476	0.992578
14	92800000	92850000	30569	239	23445	31782	0.00781838	0.4689	0.961834
14	92850000	92900000	27539	188	22923	29276	0.00682668	0.45846	0.940668
14	92900000	92950000	31783	208	23035	32159	0.00654438	0.4607	0.988308
14	92950000	93000000	28922	190	17252	30410	0.00656939	0.34504	0.951069
14	93000000	93050000	27252	207	29179	27528	0.00759577	0.58358	0.989974
14	93050000	93100000	22435	176	32552	22871	0.00784489	0.65104	0.980937
14	93100000	93150000	26900	187	23334	28342	0.00695167	0.46668	0.949121
14	93150000	93200000	25595	179	25072	26138	0.00699355	0.50144	0.979226
14	93200000	93250000	16015	105	34544	16644	0.00655635	0.69088	0.962209
14	93250000	93300000	24093	138	29967	24306	0.0057278	0.59934	0.991237
14	93300000	93350000	19684	130	33019	19931	0.00660435	0.66038	0.987607
14	93350000	93400000	29754	261	23444	29991	0.00877193	0.46888	0.992098
14	93400000	93450000	32421	249	17252	33172	0.00768021	0.34504	0.97736
14	93450000	93500000	36042	245	15043	36367	0.00679762	0.30086	0.991063
14	93500000	93550000	32030	227	15965	33103	0.00708711	0.3193	0.967586
14	93550000	93600000	25104	170	22794	25484	0.00677183	0.45588	0.985089
14	93600000	93650000	15395	129	33931	16774	0.00837934	0.67862	0.917789
14	93650000	93700000	19147	114	23899	20810	0.00595394	0.47798	0.920086
14	93700000	93750000	26775	141	20661	27190	0.00526611	0.41322	0.984737
14	93750000	93800000	24348	104	24230	24758	0.0042714	0.4846	0.98344
14	93800000	93850000	20369	97	35691	21099	0.00476214	0.71382	0.965401
14	93850000	93900000	18963	115	39059	19079	0.00606444	0.78118	0.99392
14	93900000	93950000	31427	167	27477	31648	0.0053139	0.54954	0.993017
14	93950000	94000000	27830	157	32569	28036	0.00564139	0.65138	0.992652
14	94000000	94050000	24306	153	37006	24535	0.00629474	0.74012	0.990666
14	94050000	94100000	28897	173	18254	29654	0.00598678	0.36508	0.974472
14	94100000	94150000	30499	165	22602	30855	0.00541001	0.45204	0.988462
14	94150000	94200000	30573	175	16905	33444	0.005724	0.3381	0.914155
14	94200000	94250000	32587	204	21018	33957	0.00626017	0.42036	0.959655
14	94250000	94300000	31154	239	26918	32048	0.00767157	0.53836	0.972104
14	94300000	94350000	30228	224	29948	30571	0.00741035	0.59896	0.98878
14	94350000	94400000	32383	234	20853	32856	0.00722601	0.41706	0.985604
14	94400000	94450000	34577	226	15927	35496	0.00653614	0.31854	0.97411
14	94450000	94500000	30777	239	22107	32107	0.00776554	0.44214	0.958576
14	94500000	94550000	27407	153	26876	27627	0.00558252	0.53752	0.992037
14	94550000	94600000	26619	168	30151	27965	0.00631128	0.60302	0.951868
14	94600000	94650000	24325	137	29879	24581	0.00563207	0.59758	0.989585
14	94650000	94700000	29009	101	29871	29421	0.00348168	0.59742	0.985996
14	94700000	94750000	30973	161	20742	31375	0.00519808	0.41484	0.987187
14	94750000	94800000	28759	212	26901	29043	0.00737161	0.53802	0.990221
14	94800000	94850000	25043	176	23248	29752	0.00702791	0.46496	0.841725
14	94850000	94900000	28138	194	29345	28961	0.00689459	0.5869	0.971582
14	94900000	94950000	28688	177	25300	29680	0.00616983	0.506	0.966577
14	94950000	95000000	30659	211	20897	31717	0.00688216	0.41794	0.966642
14	95000000	95050000	30116	218	25948	31149	0.00723868	0.51896	0.966837
14	95050000	95100000	30957	244	20367	31368	0.0078819	0.40734	0.986897
14	95100000	95150000	27254	227	24741	29007	0.00832905	0.49482	0.939566
14	95150000	95200000	24123	186	24853	25329	0.00771048	0.49706	0.952387
14	95200000	95250000	25422	172	20590	27043	0.00676579	0.4118	0.940058
14	95250000	95300000	22836	205	31632	24110	0.00897705	0.63264	0.947159
14	95300000	95350000	29411	213	27115	29840	0.00724219	0.5423	0.985623
14	95350000	95400000	30558	186	22645	31052	0.00608679	0.4529	0.984091
14	95400000	95450000	27929	192	24873	29305	0.00687457	0.49746	0.953046
14	95450000	95500000	27571	249	27904	28786	0.00903123	0.55808	0.957792
14	95500000	95550000	30674	234	21648	33388	0.00762861	0.43296	0.918713
14	95550000	95600000	31411	132	9841	31662	0.00420235	0.19682	0.992073
14	95600000	95650000	26359	133	23936	26795	0.00504571	0.47872	0.983728
14	95650000	95700000	31406	176	17431	31706	0.00560402	0.34862	0.990538
14	95700000	95750000	25437	195	28526	27598	0.007666	0.57052	0.921697
14	95750000	95800000	31037	183	21943	32645	0.00589619	0.43886	0.950743
14	95800000	95850000	28565	190	28300	29618	0.0066515	0.566	0.964447
14	95850000	95900000	25728	155	21175	31581	0.00602456	0.4235	0.814667
14	95900000	95950000	32873	282	20519	33378	0.00857847	0.41038	0.98487
14	95950000	96000000	30621	201	19924	31339	0.00656412	0.39848	0.977089
14	96000000	96050000	27656	178	26685	27949	0.00643622	0.5337	0.989517
14	96050000	96100000	28714	223	32334	29387	0.00776625	0.64668	0.977099
14	96100000	96150000	30046	177	26948	30387	0.00589097	0.53896	0.988778
14	96150000	96200000	26747	158	26999	28005	0.0059072	0.53998	0.955079
14	96200000	96250000	31484	203	26704	31891	0.00644772	0.53408	0.987238
14	96250000	96300000	33771	241	25802	34140	0.0071363	0.51604	0.989192
14	96300000	96350000	31604	192	17990	32288	0.00607518	0.3598	0.978816
14	96350000	96400000	33436	229	22276	34070	0.00684891	0.44552	0.981391
14	96400000	96450000	25751	209	31534	26181	0.00811619	0.63068	0.983576
14	96450000	96500000	24804	149	34920	25245	0.0060071	0.6984	0.982531
14	96500000	96550000	30381	253	26438	31017	0.00832757	0.52876	0.979495
14	96550000	96600000	30668	271	25383	31868	0.00883657	0.50766	0.962345
14	96600000	96650000	29065	239	31313	29524	0.00822295	0.62626	0.984453
14	96650000	96700000	30154	254	23847	30882	0.00842343	0.47694	0.976426
14	96700000	96750000	32191	203	20945	32866	0.00630611	0.4189	0.979462
14	96750000	96800000	32778	148	12367	33065	0.00451522	0.24734	0.99132
14	96800000	96850000	25538	130	27576	25764	0.00509045	0.55152	0.991228
14	96850000	96900000	20910	123	27827	21303	0.00588235	0.55654	0.981552
14	96900000	96950000	21299	130	27577	21475	0.00610357	0.55154	0.991804
14	96950000	97000000	22856	93	26715	23079	0.00406895	0.5343	0.990338
14	97000000	97050000	31672	102	10525	31878	0.00322051	0.2105	0.993538
14	97050000	97100000	27263	170	20621	33883	0.00623556	0.41242	0.804622
14	97100000	97150000	28507	160	32506	29483	0.00561266	0.65012	0.966896
14	97150000	97200000	31116	196	21598	32093	0.00629901	0.43196	0.969557
14	97200000	97250000	28551	176	25545	29010	0.00616441	0.5109	0.984178
14	97250000	97300000	31134	159	26919	31715	0.00510696	0.53838	0.981681
14	97300000	97350000	33086	124	16637	33331	0.00374781	0.33274	0.992649
14	97350000	97400000	30384	192	25673	30708	0.00631912	0.51346	0.989449
14	97400000	97450000	32192	217	22618	32598	0.00674081	0.45236	0.987545
14	97450000	97500000	32773	247	22886	34081	0.00753669	0.45772	0.961621
14	97500000	97550000	33173	192	20807	33461	0.00578784	0.41614	0.991393
14	97550000	97600000	32062	199	21846	32489	0.00620672	0.43692	0.986857
14	97600000	97650000	30602	189	20018	31114	0.00617607	0.40036	0.983544
14	97650000	97700000	26603	144	21331	28103	0.00541292	0.42662	0.946625
14	97700000	97750000	32138	200	25021	32496	0.00622316	0.50042	0.988983
14	97750000	97800000	31247	236	20705	31570	0.00755273	0.4141	0.989769
14	97800000	97850000	32361	237	18439	33479	0.00732363	0.36878	0.966606
14	97850000	97900000	31897	224	14737	32278	0.0070226	0.29474	0.988196
14	97900000	97950000	32613	187	20420	32964	0.00573391	0.4084	0.989352
14	97950000	98000000	28511	202	20626	32283	0.00708498	0.41252	0.883158
14	98000000	98050000	34398	261	15727	34781	0.00758765	0.31454	0.988988
14	98050000	98100000	32765	235	25240	33121	0.00717229	0.5048	0.989252
14	98100000	98150000	28919	228	20276	29501	0.00788409	0.40552	0.980272
14	98150000	98200000	31852	233	21685	32173	0.00731508	0.4337	0.990023
14	98200000	98250000	30067	251	27192	30435	0.00834802	0.54384	0.987909
14	98250000	98300000	28673	255	25724	28982	0.00889338	0.51448	0.989338
14	98300000	98350000	6084	47	17023	30699	0.00772518	0.34046	0.198182
14	98350000	98400000	9082	62	15576	32158	0.00682669	0.31152	0.282418
14	98400000	98450000	34395	219	14549	34938	0.0063672	0.29098	0.984458
14	98450000	98500000	30952	234	16665	31214	0.00756009	0.3333	0.991606
14	98500000	98550000	33387	274	21773	33746	0.00820679	0.43546	0.989362
14	98550000	98600000	28858	205	23257	29208	0.00710375	0.46514	0.988017
14	98600000	98650000	34106	241	10363	34383	0.00706621	0.20726	0.991944
14	98650000	98700000	35802	253	11852	36459	0.00706664	0.23704	0.98198
14	98700000	98750000	32825	241	20524	33410	0.00734196	0.41048	0.98249
14	98750000	98800000	30014	200	27731	30512	0.00666356	0.55462	0.983679
14	98800000	98850000	32324	224	20333	32669	0.00692984	0.40666	0.98944
14	98850000	98900000	33199	159	22190	33899	0.0047893	0.4438	0.97935
14	98900000	98950000	29256	199	25220	29632	0.00680202	0.5044	0.987311
14	98950000	99000000	33583	208	20531	33998	0.00619361	0.41062	0.987793
14	99000000	99050000	33264	219	19420	34182	0.00658369	0.3884	0.973144
14	99050000	99100000	31859	263	20905	32161	0.00825512	0.4181	0.99061
14	99100000	99150000	28715	175	34759	29502	0.00609438	0.69518	0.973324
14	99150000	99200000	31552	200	18819	32574	0.00633874	0.37638	0.968625
14	99200000	99250000	28054	155	21063	32504	0.00552506	0.42126	0.863094
14	99250000	99300000	34303	204	19215	34620	0.005947	0.3843	0.990843
14	99300000	99350000	32721	250	23660	33233	0.00764035	0.4732	0.984594
14	99350000	99400000	33351	188	20686	33720	0.00563701	0.41372	0.989057
14	99400000	99450000	32229	247	22060	32535	0.00766391	0.4412	0.990595
14	99450000	99500000	27284	174	27859	27586	0.00637736	0.55718	0.989052
14	99500000	99550000	32084	239	23242	32684	0.0074492	0.46484	0.981642
14	99550000	99600000	30500	221	29019	30916	0.0072459	0.58038	0.986544
14	99600000	99650000	31257	209	19228	31710	0.0066865	0.38456	0.985714
14	99650000	99700000	33036	234	10357	33384	0.00708318	0.20714	0.989576
14	99700000	99750000	32661	150	6129	32846	0.00459263	0.12258	0.994368
14	99750000	99800000	27942	159	32699	28192	0.00569036	0.65398	0.991132
14	99800000	99850000	27857	147	24779	28165	0.00527695	0.49558	0.989064
14	99850000	99900000	34051	165	9563	34374	0.00484567	0.19126	0.990603
14	99900000	99950000	30769	116	13449	31360	0.00377003	0.26898	0.981154
14	99950000	100000000	31821	167	12933	32705	0.00524811	0.25866	0.97297
14	100000000	100050000	32427	228	13809	32798	0.00703118	0.27618	0.988688
14	100050000	100100000	31238	249	17515	31619	0.00797106	0.3503	0.98795
14	100100000	100150000	26077	275	23488	28253	0.0105457	0.46976	0.922982
14	100150000	100200000	26610	243	29644	26975	0.00913191	0.59288	0.986469
14	100200000	100250000	30474	219	20538	30795	0.00718645	0.41076	0.989576
14	100250000	100300000	28075	151	24274	28281	0.00537845	0.48548	0.992716
14	100300000	100350000	28126	158	26676	28352	0.00561758	0.53352	0.992029
14	100350000	100400000	27416	172	21154	27770	0.00627371	0.42308	0.987252
14	100400000	100450000	24317	155	25520	24691	0.00637414	0.5104	0.984853
14	100450000	100500000	21044	89	31139	23557	0.00422923	0.62278	0.893323
14	100500000	100550000	28353	138	25859	28609	0.00486721	0.51718	0.991052
14	100550000	100600000	34036	222	20420	34376	0.00652251	0.4084	0.990109
14	100600000	100650000	27273	177	20696	27532	0.00648994	0.41392	0.990593
14	100650000	100700000	18804	87	33329	19027	0.00462668	0.66658	0.98828
14	100700000	100750000	21756	84	21536	22050	0.003861	0.43072	0.986667
14	100750000	100800000	25118	153	16732	27141	0.00609125	0.33464	0.925463
14	100800000	100850000	23608	125	23598	24565	0.00529482	0.47196	0.961042
14	100850000	100900000	32429	135	18363	32870	0.00416294	0.36726	0.986584
14	100900000	100950000	29037	164	23693	31812	0.00564797	0.47386	0.912769
14	100950000	101000000	25787	161	29226	27949	0.00624346	0.58452	0.922645
14	101000000	101050000	14262	120	14337	35351	0.00841397	0.28674	0.40344
14	101050000	101100000	28930	205	26477	29450	0.00708607	0.52954	0.982343
14	101100000	101150000	34364	226	18869	34819	0.00657665	0.37738	0.986932
14	101150000	101200000	32914	217	13080	33362	0.00659294	0.2616	0.986572
14	101200000	101250000	26309	164	30031	27904	0.00623361	0.60062	0.94284
14	101250000	101300000	28466	145	17257	30248	0.0050938	0.34514	0.941087
14	101300000	101350000	30192	192	5651	33339	0.0063593	0.11302	0.905606
14	101350000	101400000	31044	165	14846	31831	0.00531504	0.29692	0.975276
14	101400000	101450000	31817	166	7195	34254	0.00521734	0.1439	0.928855
14	101450000	101500000	33281	237	13342	33592	0.00712118	0.26684	0.990742
14	101500000	101550000	33042	218	10694	33407	0.00659766	0.21388	0.989074
14	101550000	101600000	29380	226	23527	30918	0.00769231	0.47054	0.950256
14	101600000	101650000	26104	187	36272	27144	0.00716365	0.72544	0.961686
14	101650000	101700000	30036	229	20383	31050	0.00762418	0.40766	0.967343
14	101700000	101750000	23865	164	32257	27713	0.00687199	0.64514	0.861148
14	101750000	101800000	20898	186	36747	21194	0.00890037	0.73494	0.986034
14	101800000	101850000	32088	232	24375	32435	0.00723012	0.4875	0.989302
14	101850000	101900000	30356	187	31778	30693	0.00616023	0.63556	0.98902
14	101900000	101950000	30656	208	14069	30959	0.00678497	0.28138	0.990213
14	101950000	102000000	32714	231	22560	34576	0.0070612	0.4512	0.946148
14	102000000	102050000	30422	202	17285	31950	0.00663993	0.3457	0.952175
14	102050000	102100000	27864	165	29172	31317	0.00592162	0.58344	0.88974
14	102100000	102150000	19546	116	43445	19725	0.00593472	0.8689	0.990925
14	102150000	102200000	14904	81	38607	18853	0.00543478	0.77214	0.790537
14	102200000	102250000	21627	116	27881	22283	0.00536367	0.55762	0.970561
14	102250000	102300000	26640	172	22379	27136	0.00645646	0.44758	0.981722
14	102300000	102350000	29389	165	22236	29682	0.00561435	0.44472	0.990129
14	102350000	102400000	26150	156	15893	27045	0.00596558	0.31786	0.966907
14	102400000	102450000	20911	128	26362	22018	0.00612118	0.52724	0.949723
14	102450000	102500000	25531	120	19774	26594	0.00470017	0.39548	0.960029
14	102500000	102550000	8907	64	26010	19666	0.00718536	0.5202	0.452914
14	102550000	102600000	17532	87	33730	18215	0.00496235	0.6746	0.962503
14	102600000	102650000	19010	90	30778	19662	0.00473435	0.61556	0.96684
14	102650000	102700000	32291	181	10648	32659	0.00560528	0.21296	0.988732
14	102700000	102750000	15298	82	36410	17687	0.00536018	0.7282	0.864929
14	102750000	102800000	16709	123	31490	17289	0.0073613	0.6298	0.966453
14	102800000	102850000	19699	111	28604	20281	0.0056348	0.57208	0.971303
14	102850000	102900000	17016	108	33036	21897	0.00634697	0.66072	0.777093
14	102900000	102950000	22517	113	25201	24181	0.00501843	0.50402	0.931186
14	102950000	103000000	22642	148	22220	22873	0.00653653	0.4444	0.989901
14	103000000	103050000	17556	85	34195	17761	0.00484165	0.6839	0.988458
14	103050000	103100000	16475	88	34311	17478	0.00534143	0.68622	0.942614
14	103100000	103150000	19424	108	31834	20073	0.00556013	0.63668	0.967668
14	103150000	103200000	27403	142	18259	27712	0.00518191	0.36518	0.98885
14	103200000	103250000	23583	161	23334	24293	0.00682695	0.46668	0.970773
14	103250000	103300000	23788	133	26617	24040	0.00559105	0.53234	0.989517
14	103300000	103350000	19771	109	30421	21086	0.00551313	0.60842	0.937636
14	103350000	103400000	28517	143	11332	30304	0.00501455	0.22664	0.941031
14	103400000	103450000	26996	143	17409	27622	0.00529708	0.34818	0.977337
14	103450000	103500000	27680	196	22664	28030	0.00708092	0.45328	0.987513
14	103500000	103550000	11819	62	29003	21156	0.00524579	0.58006	0.558659
14	103550000	103600000	22977	154	13061	29436	0.00670235	0.26122	0.780575
14	103600000	103650000	19254	169	34914	21104	0.0087774	0.69828	0.912339
14	103650000	103700000	22994	164	27098	23184	0.0071323	0.54196	0.991805
14	103700000	103750000	15074	123	36031	15259	0.00815975	0.72062	0.987876
14	103750000	103800000	21321	136	27741	21621	0.00637869	0.55482	0.986125
14	103800000	103850000	767	6	31698	18336	0.00782269	0.63396	0.0418303
14	103850000	103900000	20459	77	29715	22170	0.00376362	0.5943	0.922824
14	103900000	103950000	23911	107	25122	24238	0.00447493	0.50244	0.986509
14	103950000	104000000	25243	145	16138	26594	0.00574417	0.32276	0.949199
14	104000000	104050000	23199	191	15358	26184	0.00823311	0.30716	0.885999
14	104050000	104100000	14099	118	34777	14753	0.00836939	0.69554	0.95567
14	104100000	104150000	19397	123	28591	19933	0.00634119	0.57182	0.97311
14	104150000	104200000	30524	202	10071	32149	0.00661774	0.20142	0.949454
14	104200000	104250000	25768	143	20399	26003	0.00554952	0.40798	0.990963
14	104250000	104300000	16198	76	35511	17542	0.00469194	0.71022	0.923384
14	104300000	104350000	18084	108	27982	20956	0.00597213	0.55964	0.862951
14	104350000	104400000	23864	159	22313	24529	0.00666276	0.44626	0.972889
14	104400000	104450000	21543	109	26471	21925	0.00505965	0.52942	0.982577
14	104450000	104500000	26479	152	25428	26990	0.0057404	0.50856	0.981067
14	104500000	104550000	25908	154	32637	27059	0.00594411	0.65274	0.957463
14	104550000	104600000	30168	237	15236	30681	0.00785601	0.30472	0.98328
14	104600000	104650000	27956	178	3307	32843	0.00636715	0.06614	0.851201
14	104650000	104700000	22648	166	11213	30090	0.00732957	0.22426	0.752675
14	104700000	104750000	28618	251	26127	29303	0.0087707	0.52254	0.976624
14	104750000	104800000	31490	310	15385	31831	0.0098444	0.3077	0.989287
14	104800000	104850000	34259	299	21516	34677	0.00872763	0.43032	0.987946
14	104850000	104900000	27246	275	23617	28108	0.0100932	0.47234	0.969333
14	104900000	104950000	20476	249	24869	21375	0.0121606	0.49738	0.957942
14	104950000	105000000	21781	262	31960	22437	0.0120288	0.6392	0.970763
14	105000000	105050000	30513	308	13239	33119	0.0100941	0.26478	0.921314
14	105050000	105100000	28462	255	24411	30827	0.00895931	0.48822	0.923282
14	105100000	105150000	25540	193	21928	26421	0.00755677	0.43856	0.966655
14	105150000	105200000	29578	222	6937	31375	0.00750558	0.13874	0.942725
14	105200000	105250000	28182	250	13414	29855	0.00887091	0.26828	0.943962
14	105250000	105300000	21482	154	19461	25715	0.00716879	0.38922	0.835388
14	105300000	105350000	17374	112	22066	21791	0.00644641	0.44132	0.797302
14	105350000	105400000	20678	125	23884	24706	0.00604507	0.47768	0.836963
14	105400000	105450000	21826	133	9787	23192	0.00609365	0.19574	0.9411
14	105450000	105500000	21412	183	23364	24167	0.00854661	0.46728	0.886002
14	105500000	105550000	20050	217	27647	22281	0.0108229	0.55294	0.89987
14	105550000	105600000	24476	150	30518	25451	0.00612845	0.61036	0.961691
14	105600000	105650000	24781	194	7757	29342	0.00782858	0.15514	0.844557
14	105650000	105700000	24752	203	10397	27113	0.00820136	0.20794	0.91292
14	105700000	105750000	17289	148	18335	18582	0.00856036	0.3667	0.930417
14	105750000	105800000	21860	164	24075	22979	0.00750229	0.4815	0.951303
14	105800000	105850000	25719	231	18624	26961	0.00898169	0.37248	0.953933
14	105850000	105900000	25142	168	20408	26770	0.00668205	0.40816	0.939186
14	105900000	105950000	26548	217	8894	27618	0.00817387	0.17788	0.961257
14	105950000	106000000	15690	135	20147	23195	0.00860421	0.40294	0.676439
14	106000000	106050000	0	0	24763	8410		0.49526	0
14	106050000	106100000	0	0	15830	880		0.3166	0
14	106100000	106150000	0	0	19687	264		0.39374	0
14	106150000	106200000	0	0	21215	652		0.4243	0
14	106200000	106250000	2026	17	18655	2666	0.00839092	0.3731	0.75994
14	106250000	106300000	20582	214	40235	21247	0.0103974	0.8047	0.968701
14	106300000	106350000	12700	132	19307	24776	0.0103937	0.38614	0.512593
14	106350000	106400000	0	0	5835	8983		0.1167	0
14	106400000	106450000	0	0	28981	7636		0.57962	0
14	106450000	106500000	0	0	24858	8540		0.49716	0
14	106500000	106550000	0	0	29616	13926		0.59232	0
14	106550000	106600000	0	0	27935	1708		0.5587	0
14	106600000	106650000	340	33	25702	1661	0.0970588	0.51404	0.204696
14	106650000	106700000	0	0	33392	13910		0.66784	0
14	106700000	106750000	5529	108	29389	12170	0.0195334	0.58778	0.454314
14	106750000	106800000	0	0	22431	10700		0.44862	0
14	106800000	106850000	4882	75	20764	5467	0.0153626	0.41528	0.892994
14	106850000	106900000	3026	45	29485	3179	0.0148711	0.5897	0.951872
14	106900000	106950000	6083	120	28835	6146	0.0197271	0.5767	0.989749
14	106950000	107000000	16658	192	26123	18153	0.011526	0.52246	0.917644
14	107000000	107050000	5988	96	29121	20634	0.0160321	0.58242	0.290201
14	107050000	107100000	0	0	16268	10312		0.32536	0
14	107100000	107150000	0	0	21699	16015		0.43398	0
14	107150000	107200000	0	0	28704	6328		0.57408	0
14	107200000	107250000	0	0	30888	23611		0.61776	0
14	107250000	107300000	0	0	22894	11827		0.45788	0
14	107300000	107350000	0	0	0	0		0	
